model,ticker,year,full_pooled_ic,year_full_ic,year_loo_ic,loo_pooled_ic,delta_pooled_ic,abs_delta_pooled_ic,sign,status
baseline_equal_weight,AEFES,2023,0.149672565,0.0948686092,0.1025828282,0.1522439713,0.0025714063,0.0025714063,positive,complete
baseline_equal_weight,AGESA,2023,0.149672565,0.0948686092,0.1026802016,0.1522764291,0.0026038641,0.0026038641,positive,complete
baseline_equal_weight,AGHOL,2023,0.149672565,0.0948686092,0.083862801,0.1460039623,-0.0036686028,0.0036686028,negative,complete
baseline_equal_weight,AKBNK,2023,0.149672565,0.0948686092,0.080844227,0.1449977709,-0.0046747941,0.0046747941,negative,complete
baseline_equal_weight,AKENR,2023,0.149672565,0.0948686092,0.0771683829,0.1437724896,-0.0059000754,0.0059000754,negative,complete
baseline_equal_weight,AKSA,2023,0.149672565,0.0948686092,0.0928698362,0.1490063073,-0.0006662577,0.0006662577,negative,complete
baseline_equal_weight,AKSEN,2023,0.149672565,0.0948686092,0.1065994791,0.153582855,0.00391029,0.00391029,positive,complete
baseline_equal_weight,ALARK,2023,0.149672565,0.0948686092,0.0970082037,0.1503857632,0.0007131982,0.0007131982,positive,complete
baseline_equal_weight,ALBRK,2023,0.149672565,0.0948686092,0.0884636919,0.1475375926,-0.0021349724,0.0021349724,negative,complete
baseline_equal_weight,ANHYT,2023,0.149672565,0.0948686092,0.1053579688,0.1531690182,0.0034964532,0.0034964532,positive,complete
baseline_equal_weight,ARCLK,2023,0.149672565,0.0948686092,0.1019742448,0.1520411102,0.0023685452,0.0023685452,positive,complete
baseline_equal_weight,ASELS,2023,0.149672565,0.0948686092,0.09523114,0.1497934086,0.0001208436,0.0001208436,positive,complete
baseline_equal_weight,ASTOR,2023,0.149672565,0.0948686092,0.1003900949,0.1515130602,0.0018404952,0.0018404952,positive,complete
baseline_equal_weight,BERA,2023,0.149672565,0.0948686092,0.0742471823,0.142798756,-0.006873809,0.006873809,negative,complete
baseline_equal_weight,BIMAS,2023,0.149672565,0.0948686092,0.0838141143,0.1459877334,-0.0036848316,0.0036848316,negative,complete
baseline_equal_weight,BRSAN,2023,0.149672565,0.0948686092,0.0969108304,0.1503533054,0.0006807404,0.0006807404,positive,complete
baseline_equal_weight,BTCIM,2023,0.149672565,0.0948686092,0.1274373768,0.1605288209,0.0108562559,0.0108562559,positive,complete
baseline_equal_weight,CANTE,2023,0.149672565,0.0948686092,0.0747827357,0.1429772738,-0.0066952912,0.0066952912,negative,complete
baseline_equal_weight,CCOLA,2023,0.149672565,0.0948686092,0.0842522944,0.1461337934,-0.0035387716,0.0035387716,negative,complete
baseline_equal_weight,CEMTS,2023,0.149672565,0.0948686092,0.0747827357,0.1429772738,-0.0066952912,0.0066952912,negative,complete
baseline_equal_weight,CIMSA,2023,0.149672565,0.0948686092,0.1026558583,0.1522683147,0.0025957497,0.0025957497,positive,complete
baseline_equal_weight,DEVA,2023,0.149672565,0.0948686092,0.0852990579,0.1464827146,-0.0031898504,0.0031898504,negative,complete
baseline_equal_weight,DOAS,2023,0.149672565,0.0948686092,0.0926994328,0.1489495062,-0.0007230588,0.0007230588,negative,complete
baseline_equal_weight,DOHOL,2023,0.149672565,0.0948686092,0.0874899584,0.1472130147,-0.0024595503,0.0024595503,negative,complete
baseline_equal_weight,DSTKF,2023,0.149672565,0.0948686092,0.0909572235,0.1483687697,-0.0013037953,0.0013037953,negative,complete
baseline_equal_weight,EGEEN,2023,0.149672565,0.0948686092,0.1016821247,0.1519437368,0.0022711718,0.0022711718,positive,complete
baseline_equal_weight,EKGYO,2023,0.149672565,0.0948686092,0.0927724628,0.1489738495,-0.0006987155,0.0006987155,negative,complete
baseline_equal_weight,ENJSA,2023,0.149672565,0.0948686092,0.0944034665,0.1495175174,-0.0001550476,0.0001550476,negative,complete
baseline_equal_weight,ENKAI,2023,0.149672565,0.0948686092,0.1026558583,0.1522683147,0.0025957497,0.0025957497,positive,complete
baseline_equal_weight,EREGL,2023,0.149672565,0.0948686092,0.1100318898,0.1547269919,0.0050544269,0.0050544269,positive,complete
baseline_equal_weight,FROTO,2023,0.149672565,0.0948686092,0.0937705397,0.1493065418,-0.0003660232,0.0003660232,negative,complete
baseline_equal_weight,GARAN,2023,0.149672565,0.0948686092,0.080844227,0.1449977709,-0.0046747941,0.0046747941,negative,complete
baseline_equal_weight,GUBRF,2023,0.149672565,0.0948686092,0.1036295918,0.1525928925,0.0029203275,0.0029203275,positive,complete
baseline_equal_weight,HALKB,2023,0.149672565,0.0948686092,0.0972516371,0.1504669076,0.0007943426,0.0007943426,positive,complete
baseline_equal_weight,HEKTS,2023,0.149672565,0.0948686092,0.1067942258,0.1536477705,0.0039752055,0.0039752055,positive,complete
baseline_equal_weight,ISCTR,2023,0.149672565,0.0948686092,0.0771440396,0.1437643751,-0.0059081899,0.0059081899,negative,complete
baseline_equal_weight,ISGYO,2023,0.149672565,0.0948686092,0.0985661774,0.1509050877,0.0012325227,0.0012325227,positive,complete
baseline_equal_weight,KCHOL,2023,0.149672565,0.0948686092,0.0827916941,0.1456469266,-0.0040256384,0.0040256384,negative,complete
baseline_equal_weight,KONTR,2023,0.149672565,0.0948686092,0.0956206334,0.1499232397,0.0002506747,0.0002506747,positive,complete
baseline_equal_weight,KRDMD,2023,0.149672565,0.0948686092,0.0915309526,0.1485600128,-0.0011125522,0.0011125522,negative,complete
baseline_equal_weight,KRVGD,2023,0.149672565,0.0948686092,0.0669198374,0.1403563077,-0.0093162573,0.0093162573,negative,complete
baseline_equal_weight,KUYAS,2023,0.149672565,0.0948686092,0.1053092821,0.1531527893,0.0034802243,0.0034802243,positive,complete
baseline_equal_weight,LOGO,2023,0.149672565,0.0948686092,0.0834246209,0.1458579022,-0.0038146628,0.0038146628,negative,complete
baseline_equal_weight,MAVI,2023,0.149672565,0.0948686092,0.1021933348,0.1521141402,0.0024415752,0.0024415752,positive,complete
baseline_equal_weight,MGROS,2023,0.149672565,0.0948686092,0.0878064218,0.1473185025,-0.0023540625,0.0023540625,negative,complete
baseline_equal_weight,MIATK,2023,0.149672565,0.0948686092,0.1263906132,0.1601798997,0.0105073347,0.0105073347,positive,complete
baseline_equal_weight,MPARK,2023,0.149672565,0.0948686092,0.1004649578,0.1515380145,0.0018654495,0.0018654495,positive,complete
baseline_equal_weight,NETAS,2023,0.149672565,0.0948686092,0.0770223229,0.1437238029,-0.0059487621,0.0059487621,negative,complete
baseline_equal_weight,NTGAZ,2023,0.149672565,0.0948686092,0.0893157088,0.1478215982,-0.0018509668,0.0018509668,negative,complete
baseline_equal_weight,ODAS,2023,0.149672565,0.0948686092,0.0946468999,0.1495986619,-7.39031e-05,7.39031e-05,negative,complete
baseline_equal_weight,OTKAR,2023,0.149672565,0.0948686092,0.1039217119,0.1526902659,0.0030177009,0.0030177009,positive,complete
baseline_equal_weight,OYAKC,2023,0.149672565,0.0948686092,0.1098614864,0.1546701907,0.0049976257,0.0049976257,positive,complete
baseline_equal_weight,PASEU,2023,0.149672565,0.0948686092,0.1064758184,0.1535416347,0.0038690697,0.0038690697,positive,complete
baseline_equal_weight,PETKM,2023,0.149672565,0.0948686092,0.0978358772,0.1506616543,0.0009890893,0.0009890893,positive,complete
baseline_equal_weight,PGSUS,2023,0.149672565,0.0948686092,0.0974950705,0.1505480521,0.0008754871,0.0008754871,positive,complete
baseline_equal_weight,PRKME,2023,0.149672565,0.0948686092,0.0700357847,0.1413949568,-0.0082776082,0.0082776082,negative,complete
baseline_equal_weight,SAHOL,2023,0.149672565,0.0948686092,0.0959370968,0.1500287275,0.0003561625,0.0003561625,positive,complete
baseline_equal_weight,SASA,2023,0.149672565,0.0948686092,0.1084982595,0.1542157818,0.0045432168,0.0045432168,positive,complete
baseline_equal_weight,SELEC,2023,0.149672565,0.0948686092,0.0991017308,0.1510836055,0.0014110405,0.0014110405,positive,complete
baseline_equal_weight,SISE,2023,0.149672565,0.0948686092,0.1123201636,0.1554897498,0.0058171848,0.0058171848,positive,complete
baseline_equal_weight,SKBNK,2023,0.149672565,0.0948686092,0.0963022469,0.1501504442,0.0004778792,0.0004778792,positive,complete
baseline_equal_weight,SMRTG,2023,0.149672565,0.0948686092,0.0891939921,0.147781026,-0.001891539,0.001891539,negative,complete
baseline_equal_weight,SOKM,2023,0.149672565,0.0948686092,0.1041164586,0.1527551815,0.0030826164,0.0030826164,positive,complete
baseline_equal_weight,TAVHL,2023,0.149672565,0.0948686092,0.1019742448,0.1520411102,0.0023685452,0.0023685452,positive,complete
baseline_equal_weight,TBORG,2023,0.149672565,0.0948686092,0.1099588598,0.1547026485,0.0050300835,0.0050300835,positive,complete
baseline_equal_weight,TCELL,2023,0.149672565,0.0948686092,0.0954015434,0.1498502097,0.0001776447,0.0001776447,positive,complete
baseline_equal_weight,THYAO,2023,0.149672565,0.0948686092,0.090192069,0.1481137183,-0.0015588468,0.0015588468,negative,complete
baseline_equal_weight,TOASO,2023,0.149672565,0.0948686092,0.0974950705,0.1505480521,0.0008754871,0.0008754871,positive,complete
baseline_equal_weight,TRALT,2023,0.149672565,0.0948686092,0.1013169746,0.1518220201,0.0021494551,0.0021494551,positive,complete
baseline_equal_weight,TRMET,2023,0.149672565,0.0948686092,0.0984931474,0.1508807444,0.0012081794,0.0012081794,positive,complete
baseline_equal_weight,TSKB,2023,0.149672565,0.0948686092,0.0986635507,0.1509375455,0.0012649805,0.0012649805,positive,complete
baseline_equal_weight,TTKOM,2023,0.149672565,0.0948686092,0.1147301541,0.15629308,0.006620515,0.006620515,positive,complete
baseline_equal_weight,TUPRS,2023,0.149672565,0.0948686092,0.0893643955,0.1478378271,-0.0018347379,0.0018347379,negative,complete
baseline_equal_weight,TURSG,2023,0.149672565,0.0948686092,0.1006353612,0.1515948157,0.0019222506,0.0019222506,positive,complete
baseline_equal_weight,ULKER,2023,0.149672565,0.0948686092,0.0986878941,0.15094566,0.001273095,0.001273095,positive,complete
baseline_equal_weight,ULUSE,2023,0.149672565,0.0948686092,0.0641203535,0.1394231464,-0.0102494186,0.0102494186,negative,complete
baseline_equal_weight,VAKBN,2023,0.149672565,0.0948686092,0.0991747609,0.1511079489,0.0014353839,0.0014353839,positive,complete
baseline_equal_weight,VESTL,2023,0.149672565,0.0948686092,0.0863701648,0.1468397502,-0.0028328148,0.0028328148,negative,complete
baseline_equal_weight,YKBNK,2023,0.149672565,0.0948686092,0.0800165535,0.1447218798,-0.0049506852,0.0049506852,negative,complete
baseline_equal_weight,ZOREN,2023,0.149672565,0.0948686092,0.0975194138,0.1505561665,0.0008836015,0.0008836015,positive,complete
baseline_equal_weight,AEFES,2024,0.149672565,0.2117909048,0.2127312561,0.1499860154,0.0003134504,0.0003134504,positive,complete
baseline_equal_weight,AGESA,2024,0.149672565,0.2117909048,0.2192064265,0.1521444056,0.0024718406,0.0024718406,positive,complete
baseline_equal_weight,AGHOL,2024,0.149672565,0.2117909048,0.204600779,0.1472758564,-0.0023967086,0.0023967086,negative,complete
baseline_equal_weight,AKBNK,2024,0.149672565,0.2117909048,0.1940116845,0.1437461582,-0.0059264068,0.0059264068,negative,complete
baseline_equal_weight,AKENR,2024,0.149672565,0.2117909048,0.2458373905,0.1610213936,0.0113488285,0.0113488285,positive,complete
baseline_equal_weight,AKSA,2024,0.149672565,0.2117909048,0.2212268744,0.1528178882,0.0031453232,0.0031453232,positive,complete
baseline_equal_weight,AKSEN,2024,0.149672565,0.2117909048,0.2107108082,0.1493125328,-0.0003600322,0.0003600322,negative,complete
baseline_equal_weight,ALARK,2024,0.149672565,0.2117909048,0.2061587147,0.1477951683,-0.0018773967,0.0018773967,negative,complete
baseline_equal_weight,ALBRK,2024,0.149672565,0.2117909048,0.2227361246,0.1533209716,0.0036484066,0.0036484066,positive,complete
baseline_equal_weight,ANHYT,2024,0.149672565,0.2117909048,0.2103213242,0.1491827048,-0.0004898602,0.0004898602,negative,complete
baseline_equal_weight,ARCLK,2024,0.149672565,0.2117909048,0.2260954236,0.1544407379,0.0047681729,0.0047681729,positive,complete
baseline_equal_weight,ASELS,2024,0.149672565,0.2117909048,0.2036027264,0.1469431722,-0.0027293928,0.0027293928,negative,complete
baseline_equal_weight,ASTOR,2024,0.149672565,0.2117909048,0.2138510224,0.1503592709,0.0006867059,0.0006867059,positive,complete
baseline_equal_weight,BERA,2024,0.149672565,0.2117909048,0.2087633885,0.1486633929,-0.0010091721,0.0010091721,negative,complete
baseline_equal_weight,BIMAS,2024,0.149672565,0.2117909048,0.2010954236,0.1461074046,-0.0035651604,0.0035651604,negative,complete
baseline_equal_weight,BRSAN,2024,0.149672565,0.2117909048,0.2394839338,0.1589035747,0.0092310097,0.0092310097,positive,complete
baseline_equal_weight,BTCIM,2024,0.149672565,0.2117909048,0.2053554041,0.1475273981,-0.0021451669,0.0021451669,negative,complete
baseline_equal_weight,CANTE,2024,0.149672565,0.2117909048,0.186489776,0.1412388554,-0.0084337096,0.0084337096,negative,complete
baseline_equal_weight,CCOLA,2024,0.149672565,0.2117909048,0.2193768257,0.1522012053,0.0025286403,0.0025286403,positive,complete
baseline_equal_weight,CEMTS,2024,0.149672565,0.2117909048,0.1906523856,0.1426263919,-0.0070461731,0.0070461731,negative,complete
baseline_equal_weight,CIMSA,2024,0.149672565,0.2117909048,0.2106621227,0.1492963043,-0.0003762607,0.0003762607,negative,complete
baseline_equal_weight,DEVA,2024,0.149672565,0.2117909048,0.2063291139,0.147851968,-0.001820597,0.001820597,negative,complete
baseline_equal_weight,DOAS,2024,0.149672565,0.2117909048,0.2264118793,0.1545462232,0.0048736581,0.0048736581,positive,complete
baseline_equal_weight,DOHOL,2024,0.149672565,0.2117909048,0.2113924051,0.1495397318,-0.0001328333,0.0001328333,negative,complete
baseline_equal_weight,DSTKF,2024,0.149672565,0.2117909048,0.2125365141,0.1499211014,0.0002485364,0.0002485364,positive,complete
baseline_equal_weight,EGEEN,2024,0.149672565,0.2117909048,0.1996348588,0.1456205497,-0.0040520153,0.0040520153,negative,complete
baseline_equal_weight,EKGYO,2024,0.149672565,0.2117909048,0.2272395326,0.1548221076,0.0051495426,0.0051495426,positive,complete
baseline_equal_weight,ENJSA,2024,0.149672565,0.2117909048,0.2132911392,0.1501726431,0.0005000781,0.0005000781,positive,complete
baseline_equal_weight,ENKAI,2024,0.149672565,0.2117909048,0.2124634859,0.1498967587,0.0002241937,0.0002241937,positive,complete
baseline_equal_weight,EREGL,2024,0.149672565,0.2117909048,0.2184761441,0.1519009781,0.0022284131,0.0022284131,positive,complete
baseline_equal_weight,FROTO,2024,0.149672565,0.2117909048,0.2137049659,0.1503105854,0.0006380204,0.0006380204,positive,complete
baseline_equal_weight,GARAN,2024,0.149672565,0.2117909048,0.1879746835,0.1417338246,-0.0079387404,0.0079387404,negative,complete
baseline_equal_weight,GUBRF,2024,0.149672565,0.2117909048,0.2302336904,0.1558201602,0.0061475952,0.0061475952,positive,complete
baseline_equal_weight,HALKB,2024,0.149672565,0.2117909048,0.2121713729,0.1497993877,0.0001268227,0.0001268227,positive,complete
baseline_equal_weight,HEKTS,2024,0.149672565,0.2117909048,0.1863437196,0.1411901699,-0.0084823951,0.0084823951,negative,complete
baseline_equal_weight,ISCTR,2024,0.149672565,0.2117909048,0.2104186952,0.1492151618,-0.0004574032,0.0004574032,negative,complete
baseline_equal_weight,ISGYO,2024,0.149672565,0.2117909048,0.2108325219,0.149353104,-0.000319461,0.000319461,negative,complete
baseline_equal_weight,KCHOL,2024,0.149672565,0.2117909048,0.2169668939,0.1513978947,0.0017253297,0.0017253297,positive,complete
baseline_equal_weight,KONTR,2024,0.149672565,0.2117909048,0.2104673807,0.1492313903,-0.0004411747,0.0004411747,negative,complete
baseline_equal_weight,KRDMD,2024,0.149672565,0.2117909048,0.2039678676,0.1470648859,-0.0026076791,0.0026076791,negative,complete
baseline_equal_weight,KRVGD,2024,0.149672565,0.2117909048,0.1922590068,0.1431619323,-0.0065106327,0.0065106327,negative,complete
baseline_equal_weight,KUYAS,2024,0.149672565,0.2117909048,0.2186222006,0.1519496636,0.0022770986,0.0022770986,positive,complete
baseline_equal_weight,LOGO,2024,0.149672565,0.2117909048,0.220496592,0.1525744607,0.0029018957,0.0029018957,positive,complete
baseline_equal_weight,MAVI,2024,0.149672565,0.2117909048,0.2166017527,0.151276181,0.0016036159,0.0016036159,positive,complete
baseline_equal_weight,MGROS,2024,0.149672565,0.2117909048,0.210540409,0.1492557331,-0.000416832,0.000416832,negative,complete
baseline_equal_weight,MIATK,2024,0.149672565,0.2117909048,0.2073028238,0.148176538,-0.001496027,0.001496027,negative,complete
baseline_equal_weight,MPARK,2024,0.149672565,0.2117909048,0.2101022395,0.1491096766,-0.0005628884,0.0005628884,negative,complete
baseline_equal_weight,NETAS,2024,0.149672565,0.2117909048,0.2270447907,0.1547571936,0.0050846286,0.0050846286,positive,complete
baseline_equal_weight,NTGAZ,2024,0.149672565,0.2117909048,0.1878773126,0.1417013676,-0.0079711974,0.0079711974,negative,complete
baseline_equal_weight,ODAS,2024,0.149672565,0.2117909048,0.1959591042,0.1443952981,-0.0052772669,0.0052772669,negative,complete
baseline_equal_weight,OTKAR,2024,0.149672565,0.2117909048,0.2128042843,0.1500103582,0.0003377932,0.0003377932,positive,complete
baseline_equal_weight,OYAKC,2024,0.149672565,0.2117909048,0.2130963973,0.1501077292,0.0004351641,0.0004351641,positive,complete
baseline_equal_weight,PASEU,2024,0.149672565,0.2117909048,0.2422346641,0.1598204848,0.0101479197,0.0101479197,positive,complete
baseline_equal_weight,PETKM,2024,0.149672565,0.2117909048,0.2009980526,0.1460749476,-0.0035976174,0.0035976174,negative,complete
baseline_equal_weight,PGSUS,2024,0.149672565,0.2117909048,0.2036027264,0.1469431722,-0.0027293928,0.0027293928,negative,complete
baseline_equal_weight,PRKME,2024,0.149672565,0.2117909048,0.2073028238,0.148176538,-0.001496027,0.001496027,negative,complete
baseline_equal_weight,SAHOL,2024,0.149672565,0.2117909048,0.2076192795,0.1482820232,-0.0013905418,0.0013905418,negative,complete
baseline_equal_weight,SASA,2024,0.149672565,0.2117909048,0.2136319377,0.1502862426,0.0006136776,0.0006136776,positive,complete
baseline_equal_weight,SELEC,2024,0.149672565,0.2117909048,0.2101752678,0.1491340193,-0.0005385457,0.0005385457,negative,complete
baseline_equal_weight,SISE,2024,0.149672565,0.2117909048,0.2390457644,0.1587575182,0.0090849532,0.0090849532,positive,complete
baseline_equal_weight,SKBNK,2024,0.149672565,0.2117909048,0.2096640701,0.1489636201,-0.0007089449,0.0007089449,negative,complete
baseline_equal_weight,SMRTG,2024,0.149672565,0.2117909048,0.1945228822,0.1439165575,-0.0057560075,0.0057560075,negative,complete
baseline_equal_weight,SOKM,2024,0.149672565,0.2117909048,0.2160662123,0.1510976675,0.0014251025,0.0014251025,positive,complete
baseline_equal_weight,TAVHL,2024,0.149672565,0.2117909048,0.2010710808,0.1460992903,-0.0035732747,0.0035732747,negative,complete
baseline_equal_weight,TBORG,2024,0.149672565,0.2117909048,0.2217137293,0.1529801732,0.0033076082,0.0033076082,positive,complete
baseline_equal_weight,TCELL,2024,0.149672565,0.2117909048,0.2007789679,0.1460019194,-0.0036706457,0.0036706457,negative,complete
baseline_equal_weight,THYAO,2024,0.149672565,0.2117909048,0.2216163583,0.1529477162,0.0032751512,0.0032751512,positive,complete
baseline_equal_weight,TOASO,2024,0.149672565,0.2117909048,0.2268257059,0.1546841654,0.0050116004,0.0050116004,positive,complete
baseline_equal_weight,TRALT,2024,0.149672565,0.2117909048,0.2089581305,0.1487283069,-0.0009442581,0.0009442581,negative,complete
baseline_equal_weight,TRMET,2024,0.149672565,0.2117909048,0.2311830574,0.1561366159,0.0064640509,0.0064640509,positive,complete
baseline_equal_weight,TSKB,2024,0.149672565,0.2117909048,0.2138510224,0.1503592709,0.0006867059,0.0006867059,positive,complete
baseline_equal_weight,TTKOM,2024,0.149672565,0.2117909048,0.2037000974,0.1469756292,-0.0026969358,0.0026969358,negative,complete
baseline_equal_weight,TUPRS,2024,0.149672565,0.2117909048,0.2243670886,0.1538646263,0.0041920613,0.0041920613,positive,complete
baseline_equal_weight,TURSG,2024,0.149672565,0.2117909048,0.2080817916,0.1484361939,-0.0012363711,0.0012363711,negative,complete
baseline_equal_weight,ULKER,2024,0.149672565,0.2117909048,0.2120496592,0.1497588165,8.62515e-05,8.62515e-05,positive,complete
baseline_equal_weight,ULUSE,2024,0.149672565,0.2117909048,0.2073028238,0.148176538,-0.001496027,0.001496027,negative,complete
baseline_equal_weight,VAKBN,2024,0.149672565,0.2117909048,0.2099074976,0.1490447626,-0.0006278024,0.0006278024,negative,complete
baseline_equal_weight,VESTL,2024,0.149672565,0.2117909048,0.2168695229,0.1513654377,0.0016928727,0.0016928727,positive,complete
baseline_equal_weight,YKBNK,2024,0.149672565,0.2117909048,0.2010954236,0.1461074046,-0.0035651604,0.0035651604,negative,complete
baseline_equal_weight,ZOREN,2024,0.149672565,0.2117909048,0.2096397274,0.1489555059,-0.0007170592,0.0007170592,negative,complete
baseline_equal_weight,AEFES,2025,0.149672565,0.142358181,0.1466893866,0.1511163002,0.0014437352,0.0014437352,positive,complete
baseline_equal_weight,AGESA,2025,0.149672565,0.142358181,0.1356621227,0.1474405456,-0.0022320194,0.0022320194,negative,complete
baseline_equal_weight,AGHOL,2025,0.149672565,0.142358181,0.1571324245,0.1545973129,0.0049247479,0.0049247479,positive,complete
baseline_equal_weight,AKBNK,2025,0.149672565,0.142358181,0.144157741,0.1502724184,0.0005998533,0.0005998533,positive,complete
baseline_equal_weight,AKENR,2025,0.149672565,0.142358181,0.1215920156,0.1427505099,-0.0069220551,0.0069220551,negative,complete
baseline_equal_weight,AKSA,2025,0.149672565,0.142358181,0.135053554,0.1472376894,-0.0024348756,0.0024348756,negative,complete
baseline_equal_weight,AKSEN,2025,0.149672565,0.142358181,0.1523125609,0.1529906916,0.0033181266,0.0033181266,positive,complete
baseline_equal_weight,ALARK,2025,0.149672565,0.142358181,0.1481256086,0.1515950409,0.0019224759,0.0019224759,positive,complete
baseline_equal_weight,ALBRK,2025,0.149672565,0.142358181,0.1411635833,0.1492743658,-0.0003981992,0.0003981992,negative,complete
baseline_equal_weight,ANHYT,2025,0.149672565,0.142358181,0.1487098345,0.1517897828,0.0021172178,0.0021172178,positive,complete
baseline_equal_weight,ARCLK,2025,0.149672565,0.142358181,0.1653115871,0.1573237004,0.0076511354,0.0076511354,positive,complete
baseline_equal_weight,ASELS,2025,0.149672565,0.142358181,0.1125121714,0.1397238951,-0.0099486699,0.0099486699,negative,complete
baseline_equal_weight,ASTOR,2025,0.149672565,0.142358181,0.1409201558,0.1491932233,-0.0004793417,0.0004793417,negative,complete
baseline_equal_weight,BERA,2025,0.149672565,0.142358181,0.1481256086,0.1515950409,0.0019224759,0.0019224759,positive,complete
baseline_equal_weight,BIMAS,2025,0.149672565,0.142358181,0.1460564752,0.1509053297,0.0012327647,0.0012327647,positive,complete
baseline_equal_weight,BRSAN,2025,0.149672565,0.142358181,0.1497809153,0.1521468098,0.0024742448,0.0024742448,positive,complete
baseline_equal_weight,BTCIM,2025,0.149672565,0.142358181,0.1202775073,0.1423123405,-0.0073602246,0.0073602246,negative,complete
baseline_equal_weight,CANTE,2025,0.149672565,0.142358181,0.1610516066,0.1559037069,0.0062311419,0.0062311419,positive,complete
baseline_equal_weight,CCOLA,2025,0.149672565,0.142358181,0.1458860759,0.15084853,0.001175965,0.001175965,positive,complete
baseline_equal_weight,CEMTS,2025,0.149672565,0.142358181,0.1611976631,0.1559523924,0.0062798274,0.0062798274,positive,complete
baseline_equal_weight,CIMSA,2025,0.149672565,0.142358181,0.1391187926,0.1485927689,-0.0010797961,0.0010797961,negative,complete
baseline_equal_weight,DEVA,2025,0.149672565,0.142358181,0.1285783836,0.1450792992,-0.0045932658,0.0045932658,negative,complete
baseline_equal_weight,DOAS,2025,0.149672565,0.142358181,0.1473466407,0.1513353849,0.0016628199,0.0016628199,positive,complete
baseline_equal_weight,DOHOL,2025,0.149672565,0.142358181,0.1460808179,0.150913444,0.001240879,0.001240879,positive,complete
baseline_equal_weight,DSTKF,2025,0.149672565,0.142358181,0.1430136319,0.1498910487,0.0002184837,0.0002184837,positive,complete
baseline_equal_weight,EKGYO,2025,0.149672565,0.142358181,0.1334469328,0.146702149,-0.0029704161,0.0029704161,negative,complete
baseline_equal_weight,ENJSA,2025,0.149672565,0.142358181,0.1431110029,0.1499235057,0.0002509407,0.0002509407,positive,complete
baseline_equal_weight,ENKAI,2025,0.149672565,0.142358181,0.1300146056,0.1455580399,-0.0041145251,0.0041145251,negative,complete
baseline_equal_weight,EREGL,2025,0.149672565,0.142358181,0.1519474197,0.1528689779,0.0031964129,0.0031964129,positive,complete
baseline_equal_weight,FROTO,2025,0.149672565,0.142358181,0.1456426485,0.1507673875,0.0010948225,0.0010948225,positive,complete
baseline_equal_weight,GARAN,2025,0.149672565,0.142358181,0.1379746835,0.1482113992,-0.0014611658,0.0014611658,negative,complete
baseline_equal_weight,GUBRF,2025,0.149672565,0.142358181,0.1483446933,0.1516680691,0.0019955041,0.0019955041,positive,complete
baseline_equal_weight,HALKB,2025,0.149672565,0.142358181,0.1378529698,0.148170828,-0.0015017371,0.0015017371,negative,complete
baseline_equal_weight,HEKTS,2025,0.149672565,0.142358181,0.1164556962,0.1410384034,-0.0086341616,0.0086341616,negative,complete
baseline_equal_weight,ISCTR,2025,0.149672565,0.142358181,0.1456669912,0.1507755018,0.0011029368,0.0011029368,positive,complete
baseline_equal_weight,ISGYO,2025,0.149672565,0.142358181,0.1464946446,0.1510513862,0.0013788212,0.0013788212,positive,complete
baseline_equal_weight,KCHOL,2025,0.149672565,0.142358181,0.15,0.152219838,0.002547273,0.002547273,positive,complete
baseline_equal_weight,KONTR,2025,0.149672565,0.142358181,0.1229552093,0.1432049078,-0.0064676572,0.0064676572,negative,complete
baseline_equal_weight,KRDMD,2025,0.149672565,0.142358181,0.1280185005,0.1448926715,-0.0047798935,0.0047798935,negative,complete
baseline_equal_weight,KRVGD,2025,0.149672565,0.142358181,0.1582765336,0.1549786826,0.0053061175,0.0053061175,positive,complete
baseline_equal_weight,KUYAS,2025,0.149672565,0.142358181,0.167916261,0.158191925,0.00851936,0.00851936,positive,complete
baseline_equal_weight,LOGO,2025,0.149672565,0.142358181,0.1537244401,0.1534613181,0.0037887531,0.0037887531,positive,complete
baseline_equal_weight,MAVI,2025,0.149672565,0.142358181,0.1424537488,0.1497044209,3.18559e-05,3.18559e-05,positive,complete
baseline_equal_weight,MGROS,2025,0.149672565,0.142358181,0.1449610516,0.1505401886,0.0008676235,0.0008676235,positive,complete
baseline_equal_weight,MIATK,2025,0.149672565,0.142358181,0.1298685492,0.1455093544,-0.0041632106,0.0041632106,negative,complete
baseline_equal_weight,MPARK,2025,0.149672565,0.142358181,0.145496592,0.150718702,0.001046137,0.001046137,positive,complete
baseline_equal_weight,NETAS,2025,0.149672565,0.142358181,0.1189143135,0.1418579425,-0.0078146225,0.0078146225,negative,complete
baseline_equal_weight,NTGAZ,2025,0.149672565,0.142358181,0.1739289192,0.1601961444,0.0105235794,0.0105235794,positive,complete
baseline_equal_weight,ODAS,2025,0.149672565,0.142358181,0.1176971762,0.1414522301,-0.0082203349,0.0082203349,negative,complete
baseline_equal_weight,OTKAR,2025,0.149672565,0.142358181,0.1379990263,0.1482195134,-0.0014530516,0.0014530516,negative,complete
baseline_equal_weight,OYAKC,2025,0.149672565,0.142358181,0.1431110029,0.1499235057,0.0002509407,0.0002509407,positive,complete
baseline_equal_weight,PASEU,2025,0.149672565,0.142358181,0.1725900682,0.1597498607,0.0100772957,0.0100772957,positive,complete
baseline_equal_weight,PETKM,2025,0.149672565,0.142358181,0.1229065239,0.1431886793,-0.0064838857,0.0064838857,negative,complete
baseline_equal_weight,PGSUS,2025,0.149672565,0.142358181,0.1610272639,0.1558955926,0.0062230276,0.0062230276,positive,complete
baseline_equal_weight,PRKME,2025,0.149672565,0.142358181,0.1198636806,0.1421743982,-0.0074981668,0.0074981668,negative,complete
baseline_equal_weight,RGYAS,2025,0.149672565,0.142358181,0.1445959104,0.1504184748,0.0007459098,0.0007459098,positive,complete
baseline_equal_weight,SAHOL,2025,0.149672565,0.142358181,0.1403846154,0.1490147098,-0.0006578552,0.0006578552,negative,complete
baseline_equal_weight,SASA,2025,0.149672565,0.142358181,0.1439386563,0.1501993901,0.0005268251,0.0005268251,positive,complete
baseline_equal_weight,SELEC,2025,0.149672565,0.142358181,0.1455209348,0.1507268163,0.0010542513,0.0010542513,positive,complete
baseline_equal_weight,SISE,2025,0.149672565,0.142358181,0.1486368062,0.1517654401,0.0020928751,0.0020928751,positive,complete
baseline_equal_weight,SKBNK,2025,0.149672565,0.142358181,0.1522638754,0.1529744631,0.0033018981,0.0033018981,positive,complete
baseline_equal_weight,SMRTG,2025,0.149672565,0.142358181,0.1172103213,0.1412899451,-0.0083826199,0.0083826199,negative,complete
baseline_equal_weight,SOKM,2025,0.149672565,0.142358181,0.1547468354,0.1538021165,0.0041295515,0.0041295515,positive,complete
baseline_equal_weight,TAVHL,2025,0.149672565,0.142358181,0.1464459591,0.1510351577,0.0013625927,0.0013625927,positive,complete
baseline_equal_weight,TBORG,2025,0.149672565,0.142358181,0.1391674781,0.1486089974,-0.0010635676,0.0010635676,negative,complete
baseline_equal_weight,TCELL,2025,0.149672565,0.142358181,0.1476874391,0.1514489844,0.0017764194,0.0017764194,positive,complete
baseline_equal_weight,THYAO,2025,0.149672565,0.142358181,0.1529941577,0.1532178906,0.0035453256,0.0035453256,positive,complete
baseline_equal_weight,TOASO,2025,0.149672565,0.142358181,0.141285297,0.149314937,-0.000357628,0.000357628,negative,complete
baseline_equal_weight,TRALT,2025,0.149672565,0.142358181,0.1554040896,0.1540212012,0.0043486362,0.0043486362,positive,complete
baseline_equal_weight,TRMET,2025,0.149672565,0.142358181,0.1597857838,0.155481766,0.005809201,0.005809201,positive,complete
baseline_equal_weight,TSKB,2025,0.149672565,0.142358181,0.1461781889,0.150945901,0.001273336,0.001273336,positive,complete
baseline_equal_weight,TTKOM,2025,0.149672565,0.142358181,0.1300876339,0.1455823826,-0.0040901824,0.0040901824,negative,complete
baseline_equal_weight,TUPRS,2025,0.149672565,0.142358181,0.1356621227,0.1474405456,-0.0022320194,0.0022320194,negative,complete
baseline_equal_weight,TURSG,2025,0.149672565,0.142358181,0.1450584226,0.1505726455,0.0009000805,0.0009000805,positive,complete
baseline_equal_weight,ULKER,2025,0.149672565,0.142358181,0.1457400195,0.1507998445,0.0011272795,0.0011272795,positive,complete
baseline_equal_weight,ULUSE,2025,0.149672565,0.142358181,0.1278967868,0.1448521003,-0.0048204647,0.0048204647,negative,complete
baseline_equal_weight,VAKBN,2025,0.149672565,0.142358181,0.1261684518,0.1442759886,-0.0053965764,0.0053965764,negative,complete
baseline_equal_weight,VESTL,2025,0.149672565,0.142358181,0.1407010711,0.149120195,-0.00055237,0.00055237,negative,complete
baseline_equal_weight,YKBNK,2025,0.149672565,0.142358181,0.1399707887,0.1488767676,-0.0007957974,0.0007957974,negative,complete
baseline_equal_weight,ZOREN,2025,0.149672565,0.142358181,0.1246105161,0.1437566767,-0.0059158883,0.0059158883,negative,complete
baseline_rank_score,AEFES,2023,0.149672565,0.0948686092,0.1025828282,0.1522439713,0.0025714063,0.0025714063,positive,complete
baseline_rank_score,AGESA,2023,0.149672565,0.0948686092,0.1026802016,0.1522764291,0.0026038641,0.0026038641,positive,complete
baseline_rank_score,AGHOL,2023,0.149672565,0.0948686092,0.083862801,0.1460039623,-0.0036686028,0.0036686028,negative,complete
baseline_rank_score,AKBNK,2023,0.149672565,0.0948686092,0.080844227,0.1449977709,-0.0046747941,0.0046747941,negative,complete
baseline_rank_score,AKENR,2023,0.149672565,0.0948686092,0.0771683829,0.1437724896,-0.0059000754,0.0059000754,negative,complete
baseline_rank_score,AKSA,2023,0.149672565,0.0948686092,0.0928698362,0.1490063073,-0.0006662577,0.0006662577,negative,complete
baseline_rank_score,AKSEN,2023,0.149672565,0.0948686092,0.1065994791,0.153582855,0.00391029,0.00391029,positive,complete
baseline_rank_score,ALARK,2023,0.149672565,0.0948686092,0.0970082037,0.1503857632,0.0007131982,0.0007131982,positive,complete
baseline_rank_score,ALBRK,2023,0.149672565,0.0948686092,0.0884636919,0.1475375926,-0.0021349724,0.0021349724,negative,complete
baseline_rank_score,ANHYT,2023,0.149672565,0.0948686092,0.1053579688,0.1531690182,0.0034964532,0.0034964532,positive,complete
baseline_rank_score,ARCLK,2023,0.149672565,0.0948686092,0.1019742448,0.1520411102,0.0023685452,0.0023685452,positive,complete
baseline_rank_score,ASELS,2023,0.149672565,0.0948686092,0.09523114,0.1497934086,0.0001208436,0.0001208436,positive,complete
baseline_rank_score,ASTOR,2023,0.149672565,0.0948686092,0.1003900949,0.1515130602,0.0018404952,0.0018404952,positive,complete
baseline_rank_score,BERA,2023,0.149672565,0.0948686092,0.0742471823,0.142798756,-0.006873809,0.006873809,negative,complete
baseline_rank_score,BIMAS,2023,0.149672565,0.0948686092,0.0838141143,0.1459877334,-0.0036848316,0.0036848316,negative,complete
baseline_rank_score,BRSAN,2023,0.149672565,0.0948686092,0.0969108304,0.1503533054,0.0006807404,0.0006807404,positive,complete
baseline_rank_score,BTCIM,2023,0.149672565,0.0948686092,0.1274373768,0.1605288209,0.0108562559,0.0108562559,positive,complete
baseline_rank_score,CANTE,2023,0.149672565,0.0948686092,0.0747827357,0.1429772738,-0.0066952912,0.0066952912,negative,complete
baseline_rank_score,CCOLA,2023,0.149672565,0.0948686092,0.0842522944,0.1461337934,-0.0035387716,0.0035387716,negative,complete
baseline_rank_score,CEMTS,2023,0.149672565,0.0948686092,0.0747827357,0.1429772738,-0.0066952912,0.0066952912,negative,complete
baseline_rank_score,CIMSA,2023,0.149672565,0.0948686092,0.1026558583,0.1522683147,0.0025957497,0.0025957497,positive,complete
baseline_rank_score,DEVA,2023,0.149672565,0.0948686092,0.0852990579,0.1464827146,-0.0031898504,0.0031898504,negative,complete
baseline_rank_score,DOAS,2023,0.149672565,0.0948686092,0.0926994328,0.1489495062,-0.0007230588,0.0007230588,negative,complete
baseline_rank_score,DOHOL,2023,0.149672565,0.0948686092,0.0874899584,0.1472130147,-0.0024595503,0.0024595503,negative,complete
baseline_rank_score,DSTKF,2023,0.149672565,0.0948686092,0.0909572235,0.1483687697,-0.0013037953,0.0013037953,negative,complete
baseline_rank_score,EGEEN,2023,0.149672565,0.0948686092,0.1016821247,0.1519437368,0.0022711718,0.0022711718,positive,complete
baseline_rank_score,EKGYO,2023,0.149672565,0.0948686092,0.0927724628,0.1489738495,-0.0006987155,0.0006987155,negative,complete
baseline_rank_score,ENJSA,2023,0.149672565,0.0948686092,0.0944034665,0.1495175174,-0.0001550476,0.0001550476,negative,complete
baseline_rank_score,ENKAI,2023,0.149672565,0.0948686092,0.1026558583,0.1522683147,0.0025957497,0.0025957497,positive,complete
baseline_rank_score,EREGL,2023,0.149672565,0.0948686092,0.1100318898,0.1547269919,0.0050544269,0.0050544269,positive,complete
baseline_rank_score,FROTO,2023,0.149672565,0.0948686092,0.0937705397,0.1493065418,-0.0003660232,0.0003660232,negative,complete
baseline_rank_score,GARAN,2023,0.149672565,0.0948686092,0.080844227,0.1449977709,-0.0046747941,0.0046747941,negative,complete
baseline_rank_score,GUBRF,2023,0.149672565,0.0948686092,0.1036295918,0.1525928925,0.0029203275,0.0029203275,positive,complete
baseline_rank_score,HALKB,2023,0.149672565,0.0948686092,0.0972516371,0.1504669076,0.0007943426,0.0007943426,positive,complete
baseline_rank_score,HEKTS,2023,0.149672565,0.0948686092,0.1067942258,0.1536477705,0.0039752055,0.0039752055,positive,complete
baseline_rank_score,ISCTR,2023,0.149672565,0.0948686092,0.0771440396,0.1437643751,-0.0059081899,0.0059081899,negative,complete
baseline_rank_score,ISGYO,2023,0.149672565,0.0948686092,0.0985661774,0.1509050877,0.0012325227,0.0012325227,positive,complete
baseline_rank_score,KCHOL,2023,0.149672565,0.0948686092,0.0827916941,0.1456469266,-0.0040256384,0.0040256384,negative,complete
baseline_rank_score,KONTR,2023,0.149672565,0.0948686092,0.0956206334,0.1499232397,0.0002506747,0.0002506747,positive,complete
baseline_rank_score,KRDMD,2023,0.149672565,0.0948686092,0.0915309526,0.1485600128,-0.0011125522,0.0011125522,negative,complete
baseline_rank_score,KRVGD,2023,0.149672565,0.0948686092,0.0669198374,0.1403563077,-0.0093162573,0.0093162573,negative,complete
baseline_rank_score,KUYAS,2023,0.149672565,0.0948686092,0.1053092821,0.1531527893,0.0034802243,0.0034802243,positive,complete
baseline_rank_score,LOGO,2023,0.149672565,0.0948686092,0.0834246209,0.1458579022,-0.0038146628,0.0038146628,negative,complete
baseline_rank_score,MAVI,2023,0.149672565,0.0948686092,0.1021933348,0.1521141402,0.0024415752,0.0024415752,positive,complete
baseline_rank_score,MGROS,2023,0.149672565,0.0948686092,0.0878064218,0.1473185025,-0.0023540625,0.0023540625,negative,complete
baseline_rank_score,MIATK,2023,0.149672565,0.0948686092,0.1263906132,0.1601798997,0.0105073347,0.0105073347,positive,complete
baseline_rank_score,MPARK,2023,0.149672565,0.0948686092,0.1004649578,0.1515380145,0.0018654495,0.0018654495,positive,complete
baseline_rank_score,NETAS,2023,0.149672565,0.0948686092,0.0770223229,0.1437238029,-0.0059487621,0.0059487621,negative,complete
baseline_rank_score,NTGAZ,2023,0.149672565,0.0948686092,0.0893157088,0.1478215982,-0.0018509668,0.0018509668,negative,complete
baseline_rank_score,ODAS,2023,0.149672565,0.0948686092,0.0946468999,0.1495986619,-7.39031e-05,7.39031e-05,negative,complete
baseline_rank_score,OTKAR,2023,0.149672565,0.0948686092,0.1039217119,0.1526902659,0.0030177009,0.0030177009,positive,complete
baseline_rank_score,OYAKC,2023,0.149672565,0.0948686092,0.1098614864,0.1546701907,0.0049976257,0.0049976257,positive,complete
baseline_rank_score,PASEU,2023,0.149672565,0.0948686092,0.1064758184,0.1535416347,0.0038690697,0.0038690697,positive,complete
baseline_rank_score,PETKM,2023,0.149672565,0.0948686092,0.0978358772,0.1506616543,0.0009890893,0.0009890893,positive,complete
baseline_rank_score,PGSUS,2023,0.149672565,0.0948686092,0.0974950705,0.1505480521,0.0008754871,0.0008754871,positive,complete
baseline_rank_score,PRKME,2023,0.149672565,0.0948686092,0.0700357847,0.1413949568,-0.0082776082,0.0082776082,negative,complete
baseline_rank_score,SAHOL,2023,0.149672565,0.0948686092,0.0959370968,0.1500287275,0.0003561625,0.0003561625,positive,complete
baseline_rank_score,SASA,2023,0.149672565,0.0948686092,0.1084982595,0.1542157818,0.0045432168,0.0045432168,positive,complete
baseline_rank_score,SELEC,2023,0.149672565,0.0948686092,0.0991017308,0.1510836055,0.0014110405,0.0014110405,positive,complete
baseline_rank_score,SISE,2023,0.149672565,0.0948686092,0.1123201636,0.1554897498,0.0058171848,0.0058171848,positive,complete
baseline_rank_score,SKBNK,2023,0.149672565,0.0948686092,0.0963022469,0.1501504442,0.0004778792,0.0004778792,positive,complete
baseline_rank_score,SMRTG,2023,0.149672565,0.0948686092,0.0891939921,0.147781026,-0.001891539,0.001891539,negative,complete
baseline_rank_score,SOKM,2023,0.149672565,0.0948686092,0.1041164586,0.1527551815,0.0030826164,0.0030826164,positive,complete
baseline_rank_score,TAVHL,2023,0.149672565,0.0948686092,0.1019742448,0.1520411102,0.0023685452,0.0023685452,positive,complete
baseline_rank_score,TBORG,2023,0.149672565,0.0948686092,0.1099588598,0.1547026485,0.0050300835,0.0050300835,positive,complete
baseline_rank_score,TCELL,2023,0.149672565,0.0948686092,0.0954015434,0.1498502097,0.0001776447,0.0001776447,positive,complete
baseline_rank_score,THYAO,2023,0.149672565,0.0948686092,0.090192069,0.1481137183,-0.0015588468,0.0015588468,negative,complete
baseline_rank_score,TOASO,2023,0.149672565,0.0948686092,0.0974950705,0.1505480521,0.0008754871,0.0008754871,positive,complete
baseline_rank_score,TRALT,2023,0.149672565,0.0948686092,0.1013169746,0.1518220201,0.0021494551,0.0021494551,positive,complete
baseline_rank_score,TRMET,2023,0.149672565,0.0948686092,0.0984931474,0.1508807444,0.0012081794,0.0012081794,positive,complete
baseline_rank_score,TSKB,2023,0.149672565,0.0948686092,0.0986635507,0.1509375455,0.0012649805,0.0012649805,positive,complete
baseline_rank_score,TTKOM,2023,0.149672565,0.0948686092,0.1147301541,0.15629308,0.006620515,0.006620515,positive,complete
baseline_rank_score,TUPRS,2023,0.149672565,0.0948686092,0.0893643955,0.1478378271,-0.0018347379,0.0018347379,negative,complete
baseline_rank_score,TURSG,2023,0.149672565,0.0948686092,0.1006353612,0.1515948157,0.0019222506,0.0019222506,positive,complete
baseline_rank_score,ULKER,2023,0.149672565,0.0948686092,0.0986878941,0.15094566,0.001273095,0.001273095,positive,complete
baseline_rank_score,ULUSE,2023,0.149672565,0.0948686092,0.0641203535,0.1394231464,-0.0102494186,0.0102494186,negative,complete
baseline_rank_score,VAKBN,2023,0.149672565,0.0948686092,0.0991747609,0.1511079489,0.0014353839,0.0014353839,positive,complete
baseline_rank_score,VESTL,2023,0.149672565,0.0948686092,0.0863701648,0.1468397502,-0.0028328148,0.0028328148,negative,complete
baseline_rank_score,YKBNK,2023,0.149672565,0.0948686092,0.0800165535,0.1447218798,-0.0049506852,0.0049506852,negative,complete
baseline_rank_score,ZOREN,2023,0.149672565,0.0948686092,0.0975194138,0.1505561665,0.0008836015,0.0008836015,positive,complete
baseline_rank_score,AEFES,2024,0.149672565,0.2117909048,0.2127312561,0.1499860154,0.0003134504,0.0003134504,positive,complete
baseline_rank_score,AGESA,2024,0.149672565,0.2117909048,0.2192064265,0.1521444056,0.0024718406,0.0024718406,positive,complete
baseline_rank_score,AGHOL,2024,0.149672565,0.2117909048,0.204600779,0.1472758564,-0.0023967086,0.0023967086,negative,complete
baseline_rank_score,AKBNK,2024,0.149672565,0.2117909048,0.1940116845,0.1437461582,-0.0059264068,0.0059264068,negative,complete
baseline_rank_score,AKENR,2024,0.149672565,0.2117909048,0.2458373905,0.1610213936,0.0113488285,0.0113488285,positive,complete
baseline_rank_score,AKSA,2024,0.149672565,0.2117909048,0.2212268744,0.1528178882,0.0031453232,0.0031453232,positive,complete
baseline_rank_score,AKSEN,2024,0.149672565,0.2117909048,0.2107108082,0.1493125328,-0.0003600322,0.0003600322,negative,complete
baseline_rank_score,ALARK,2024,0.149672565,0.2117909048,0.2061587147,0.1477951683,-0.0018773967,0.0018773967,negative,complete
baseline_rank_score,ALBRK,2024,0.149672565,0.2117909048,0.2227361246,0.1533209716,0.0036484066,0.0036484066,positive,complete
baseline_rank_score,ANHYT,2024,0.149672565,0.2117909048,0.2103213242,0.1491827048,-0.0004898602,0.0004898602,negative,complete
baseline_rank_score,ARCLK,2024,0.149672565,0.2117909048,0.2260954236,0.1544407379,0.0047681729,0.0047681729,positive,complete
baseline_rank_score,ASELS,2024,0.149672565,0.2117909048,0.2036027264,0.1469431722,-0.0027293928,0.0027293928,negative,complete
baseline_rank_score,ASTOR,2024,0.149672565,0.2117909048,0.2138510224,0.1503592709,0.0006867059,0.0006867059,positive,complete
baseline_rank_score,BERA,2024,0.149672565,0.2117909048,0.2087633885,0.1486633929,-0.0010091721,0.0010091721,negative,complete
baseline_rank_score,BIMAS,2024,0.149672565,0.2117909048,0.2010954236,0.1461074046,-0.0035651604,0.0035651604,negative,complete
baseline_rank_score,BRSAN,2024,0.149672565,0.2117909048,0.2394839338,0.1589035747,0.0092310097,0.0092310097,positive,complete
baseline_rank_score,BTCIM,2024,0.149672565,0.2117909048,0.2053554041,0.1475273981,-0.0021451669,0.0021451669,negative,complete
baseline_rank_score,CANTE,2024,0.149672565,0.2117909048,0.186489776,0.1412388554,-0.0084337096,0.0084337096,negative,complete
baseline_rank_score,CCOLA,2024,0.149672565,0.2117909048,0.2193768257,0.1522012053,0.0025286403,0.0025286403,positive,complete
baseline_rank_score,CEMTS,2024,0.149672565,0.2117909048,0.1906523856,0.1426263919,-0.0070461731,0.0070461731,negative,complete
baseline_rank_score,CIMSA,2024,0.149672565,0.2117909048,0.2106621227,0.1492963043,-0.0003762607,0.0003762607,negative,complete
baseline_rank_score,DEVA,2024,0.149672565,0.2117909048,0.2063291139,0.147851968,-0.001820597,0.001820597,negative,complete
baseline_rank_score,DOAS,2024,0.149672565,0.2117909048,0.2264118793,0.1545462232,0.0048736581,0.0048736581,positive,complete
baseline_rank_score,DOHOL,2024,0.149672565,0.2117909048,0.2113924051,0.1495397318,-0.0001328333,0.0001328333,negative,complete
baseline_rank_score,DSTKF,2024,0.149672565,0.2117909048,0.2125365141,0.1499211014,0.0002485364,0.0002485364,positive,complete
baseline_rank_score,EGEEN,2024,0.149672565,0.2117909048,0.1996348588,0.1456205497,-0.0040520153,0.0040520153,negative,complete
baseline_rank_score,EKGYO,2024,0.149672565,0.2117909048,0.2272395326,0.1548221076,0.0051495426,0.0051495426,positive,complete
baseline_rank_score,ENJSA,2024,0.149672565,0.2117909048,0.2132911392,0.1501726431,0.0005000781,0.0005000781,positive,complete
baseline_rank_score,ENKAI,2024,0.149672565,0.2117909048,0.2124634859,0.1498967587,0.0002241937,0.0002241937,positive,complete
baseline_rank_score,EREGL,2024,0.149672565,0.2117909048,0.2184761441,0.1519009781,0.0022284131,0.0022284131,positive,complete
baseline_rank_score,FROTO,2024,0.149672565,0.2117909048,0.2137049659,0.1503105854,0.0006380204,0.0006380204,positive,complete
baseline_rank_score,GARAN,2024,0.149672565,0.2117909048,0.1879746835,0.1417338246,-0.0079387404,0.0079387404,negative,complete
baseline_rank_score,GUBRF,2024,0.149672565,0.2117909048,0.2302336904,0.1558201602,0.0061475952,0.0061475952,positive,complete
baseline_rank_score,HALKB,2024,0.149672565,0.2117909048,0.2121713729,0.1497993877,0.0001268227,0.0001268227,positive,complete
baseline_rank_score,HEKTS,2024,0.149672565,0.2117909048,0.1863437196,0.1411901699,-0.0084823951,0.0084823951,negative,complete
baseline_rank_score,ISCTR,2024,0.149672565,0.2117909048,0.2104186952,0.1492151618,-0.0004574032,0.0004574032,negative,complete
baseline_rank_score,ISGYO,2024,0.149672565,0.2117909048,0.2108325219,0.149353104,-0.000319461,0.000319461,negative,complete
baseline_rank_score,KCHOL,2024,0.149672565,0.2117909048,0.2169668939,0.1513978947,0.0017253297,0.0017253297,positive,complete
baseline_rank_score,KONTR,2024,0.149672565,0.2117909048,0.2104673807,0.1492313903,-0.0004411747,0.0004411747,negative,complete
baseline_rank_score,KRDMD,2024,0.149672565,0.2117909048,0.2039678676,0.1470648859,-0.0026076791,0.0026076791,negative,complete
baseline_rank_score,KRVGD,2024,0.149672565,0.2117909048,0.1922590068,0.1431619323,-0.0065106327,0.0065106327,negative,complete
baseline_rank_score,KUYAS,2024,0.149672565,0.2117909048,0.2186222006,0.1519496636,0.0022770986,0.0022770986,positive,complete
baseline_rank_score,LOGO,2024,0.149672565,0.2117909048,0.220496592,0.1525744607,0.0029018957,0.0029018957,positive,complete
baseline_rank_score,MAVI,2024,0.149672565,0.2117909048,0.2166017527,0.151276181,0.0016036159,0.0016036159,positive,complete
baseline_rank_score,MGROS,2024,0.149672565,0.2117909048,0.210540409,0.1492557331,-0.000416832,0.000416832,negative,complete
baseline_rank_score,MIATK,2024,0.149672565,0.2117909048,0.2073028238,0.148176538,-0.001496027,0.001496027,negative,complete
baseline_rank_score,MPARK,2024,0.149672565,0.2117909048,0.2101022395,0.1491096766,-0.0005628884,0.0005628884,negative,complete
baseline_rank_score,NETAS,2024,0.149672565,0.2117909048,0.2270447907,0.1547571936,0.0050846286,0.0050846286,positive,complete
baseline_rank_score,NTGAZ,2024,0.149672565,0.2117909048,0.1878773126,0.1417013676,-0.0079711974,0.0079711974,negative,complete
baseline_rank_score,ODAS,2024,0.149672565,0.2117909048,0.1959591042,0.1443952981,-0.0052772669,0.0052772669,negative,complete
baseline_rank_score,OTKAR,2024,0.149672565,0.2117909048,0.2128042843,0.1500103582,0.0003377932,0.0003377932,positive,complete
baseline_rank_score,OYAKC,2024,0.149672565,0.2117909048,0.2130963973,0.1501077292,0.0004351641,0.0004351641,positive,complete
baseline_rank_score,PASEU,2024,0.149672565,0.2117909048,0.2422346641,0.1598204848,0.0101479197,0.0101479197,positive,complete
baseline_rank_score,PETKM,2024,0.149672565,0.2117909048,0.2009980526,0.1460749476,-0.0035976174,0.0035976174,negative,complete
baseline_rank_score,PGSUS,2024,0.149672565,0.2117909048,0.2036027264,0.1469431722,-0.0027293928,0.0027293928,negative,complete
baseline_rank_score,PRKME,2024,0.149672565,0.2117909048,0.2073028238,0.148176538,-0.001496027,0.001496027,negative,complete
baseline_rank_score,SAHOL,2024,0.149672565,0.2117909048,0.2076192795,0.1482820232,-0.0013905418,0.0013905418,negative,complete
baseline_rank_score,SASA,2024,0.149672565,0.2117909048,0.2136319377,0.1502862426,0.0006136776,0.0006136776,positive,complete
baseline_rank_score,SELEC,2024,0.149672565,0.2117909048,0.2101752678,0.1491340193,-0.0005385457,0.0005385457,negative,complete
baseline_rank_score,SISE,2024,0.149672565,0.2117909048,0.2390457644,0.1587575182,0.0090849532,0.0090849532,positive,complete
baseline_rank_score,SKBNK,2024,0.149672565,0.2117909048,0.2096640701,0.1489636201,-0.0007089449,0.0007089449,negative,complete
baseline_rank_score,SMRTG,2024,0.149672565,0.2117909048,0.1945228822,0.1439165575,-0.0057560075,0.0057560075,negative,complete
baseline_rank_score,SOKM,2024,0.149672565,0.2117909048,0.2160662123,0.1510976675,0.0014251025,0.0014251025,positive,complete
baseline_rank_score,TAVHL,2024,0.149672565,0.2117909048,0.2010710808,0.1460992903,-0.0035732747,0.0035732747,negative,complete
baseline_rank_score,TBORG,2024,0.149672565,0.2117909048,0.2217137293,0.1529801732,0.0033076082,0.0033076082,positive,complete
baseline_rank_score,TCELL,2024,0.149672565,0.2117909048,0.2007789679,0.1460019194,-0.0036706457,0.0036706457,negative,complete
baseline_rank_score,THYAO,2024,0.149672565,0.2117909048,0.2216163583,0.1529477162,0.0032751512,0.0032751512,positive,complete
baseline_rank_score,TOASO,2024,0.149672565,0.2117909048,0.2268257059,0.1546841654,0.0050116004,0.0050116004,positive,complete
baseline_rank_score,TRALT,2024,0.149672565,0.2117909048,0.2089581305,0.1487283069,-0.0009442581,0.0009442581,negative,complete
baseline_rank_score,TRMET,2024,0.149672565,0.2117909048,0.2311830574,0.1561366159,0.0064640509,0.0064640509,positive,complete
baseline_rank_score,TSKB,2024,0.149672565,0.2117909048,0.2138510224,0.1503592709,0.0006867059,0.0006867059,positive,complete
baseline_rank_score,TTKOM,2024,0.149672565,0.2117909048,0.2037000974,0.1469756292,-0.0026969358,0.0026969358,negative,complete
baseline_rank_score,TUPRS,2024,0.149672565,0.2117909048,0.2243670886,0.1538646263,0.0041920613,0.0041920613,positive,complete
baseline_rank_score,TURSG,2024,0.149672565,0.2117909048,0.2080817916,0.1484361939,-0.0012363711,0.0012363711,negative,complete
baseline_rank_score,ULKER,2024,0.149672565,0.2117909048,0.2120496592,0.1497588165,8.62515e-05,8.62515e-05,positive,complete
baseline_rank_score,ULUSE,2024,0.149672565,0.2117909048,0.2073028238,0.148176538,-0.001496027,0.001496027,negative,complete
baseline_rank_score,VAKBN,2024,0.149672565,0.2117909048,0.2099074976,0.1490447626,-0.0006278024,0.0006278024,negative,complete
baseline_rank_score,VESTL,2024,0.149672565,0.2117909048,0.2168695229,0.1513654377,0.0016928727,0.0016928727,positive,complete
baseline_rank_score,YKBNK,2024,0.149672565,0.2117909048,0.2010954236,0.1461074046,-0.0035651604,0.0035651604,negative,complete
baseline_rank_score,ZOREN,2024,0.149672565,0.2117909048,0.2096397274,0.1489555059,-0.0007170592,0.0007170592,negative,complete
baseline_rank_score,AEFES,2025,0.149672565,0.142358181,0.1466893866,0.1511163002,0.0014437352,0.0014437352,positive,complete
baseline_rank_score,AGESA,2025,0.149672565,0.142358181,0.1356621227,0.1474405456,-0.0022320194,0.0022320194,negative,complete
baseline_rank_score,AGHOL,2025,0.149672565,0.142358181,0.1571324245,0.1545973129,0.0049247479,0.0049247479,positive,complete
baseline_rank_score,AKBNK,2025,0.149672565,0.142358181,0.144157741,0.1502724184,0.0005998533,0.0005998533,positive,complete
baseline_rank_score,AKENR,2025,0.149672565,0.142358181,0.1215920156,0.1427505099,-0.0069220551,0.0069220551,negative,complete
baseline_rank_score,AKSA,2025,0.149672565,0.142358181,0.135053554,0.1472376894,-0.0024348756,0.0024348756,negative,complete
baseline_rank_score,AKSEN,2025,0.149672565,0.142358181,0.1523125609,0.1529906916,0.0033181266,0.0033181266,positive,complete
baseline_rank_score,ALARK,2025,0.149672565,0.142358181,0.1481256086,0.1515950409,0.0019224759,0.0019224759,positive,complete
baseline_rank_score,ALBRK,2025,0.149672565,0.142358181,0.1411635833,0.1492743658,-0.0003981992,0.0003981992,negative,complete
baseline_rank_score,ANHYT,2025,0.149672565,0.142358181,0.1487098345,0.1517897828,0.0021172178,0.0021172178,positive,complete
baseline_rank_score,ARCLK,2025,0.149672565,0.142358181,0.1653115871,0.1573237004,0.0076511354,0.0076511354,positive,complete
baseline_rank_score,ASELS,2025,0.149672565,0.142358181,0.1125121714,0.1397238951,-0.0099486699,0.0099486699,negative,complete
baseline_rank_score,ASTOR,2025,0.149672565,0.142358181,0.1409201558,0.1491932233,-0.0004793417,0.0004793417,negative,complete
baseline_rank_score,BERA,2025,0.149672565,0.142358181,0.1481256086,0.1515950409,0.0019224759,0.0019224759,positive,complete
baseline_rank_score,BIMAS,2025,0.149672565,0.142358181,0.1460564752,0.1509053297,0.0012327647,0.0012327647,positive,complete
baseline_rank_score,BRSAN,2025,0.149672565,0.142358181,0.1497809153,0.1521468098,0.0024742448,0.0024742448,positive,complete
baseline_rank_score,BTCIM,2025,0.149672565,0.142358181,0.1202775073,0.1423123405,-0.0073602246,0.0073602246,negative,complete
baseline_rank_score,CANTE,2025,0.149672565,0.142358181,0.1610516066,0.1559037069,0.0062311419,0.0062311419,positive,complete
baseline_rank_score,CCOLA,2025,0.149672565,0.142358181,0.1458860759,0.15084853,0.001175965,0.001175965,positive,complete
baseline_rank_score,CEMTS,2025,0.149672565,0.142358181,0.1611976631,0.1559523924,0.0062798274,0.0062798274,positive,complete
baseline_rank_score,CIMSA,2025,0.149672565,0.142358181,0.1391187926,0.1485927689,-0.0010797961,0.0010797961,negative,complete
baseline_rank_score,DEVA,2025,0.149672565,0.142358181,0.1285783836,0.1450792992,-0.0045932658,0.0045932658,negative,complete
baseline_rank_score,DOAS,2025,0.149672565,0.142358181,0.1473466407,0.1513353849,0.0016628199,0.0016628199,positive,complete
baseline_rank_score,DOHOL,2025,0.149672565,0.142358181,0.1460808179,0.150913444,0.001240879,0.001240879,positive,complete
baseline_rank_score,DSTKF,2025,0.149672565,0.142358181,0.1430136319,0.1498910487,0.0002184837,0.0002184837,positive,complete
baseline_rank_score,EKGYO,2025,0.149672565,0.142358181,0.1334469328,0.146702149,-0.0029704161,0.0029704161,negative,complete
baseline_rank_score,ENJSA,2025,0.149672565,0.142358181,0.1431110029,0.1499235057,0.0002509407,0.0002509407,positive,complete
baseline_rank_score,ENKAI,2025,0.149672565,0.142358181,0.1300146056,0.1455580399,-0.0041145251,0.0041145251,negative,complete
baseline_rank_score,EREGL,2025,0.149672565,0.142358181,0.1519474197,0.1528689779,0.0031964129,0.0031964129,positive,complete
baseline_rank_score,FROTO,2025,0.149672565,0.142358181,0.1456426485,0.1507673875,0.0010948225,0.0010948225,positive,complete
baseline_rank_score,GARAN,2025,0.149672565,0.142358181,0.1379746835,0.1482113992,-0.0014611658,0.0014611658,negative,complete
baseline_rank_score,GUBRF,2025,0.149672565,0.142358181,0.1483446933,0.1516680691,0.0019955041,0.0019955041,positive,complete
baseline_rank_score,HALKB,2025,0.149672565,0.142358181,0.1378529698,0.148170828,-0.0015017371,0.0015017371,negative,complete
baseline_rank_score,HEKTS,2025,0.149672565,0.142358181,0.1164556962,0.1410384034,-0.0086341616,0.0086341616,negative,complete
baseline_rank_score,ISCTR,2025,0.149672565,0.142358181,0.1456669912,0.1507755018,0.0011029368,0.0011029368,positive,complete
baseline_rank_score,ISGYO,2025,0.149672565,0.142358181,0.1464946446,0.1510513862,0.0013788212,0.0013788212,positive,complete
baseline_rank_score,KCHOL,2025,0.149672565,0.142358181,0.15,0.152219838,0.002547273,0.002547273,positive,complete
baseline_rank_score,KONTR,2025,0.149672565,0.142358181,0.1229552093,0.1432049078,-0.0064676572,0.0064676572,negative,complete
baseline_rank_score,KRDMD,2025,0.149672565,0.142358181,0.1280185005,0.1448926715,-0.0047798935,0.0047798935,negative,complete
baseline_rank_score,KRVGD,2025,0.149672565,0.142358181,0.1582765336,0.1549786826,0.0053061175,0.0053061175,positive,complete
baseline_rank_score,KUYAS,2025,0.149672565,0.142358181,0.167916261,0.158191925,0.00851936,0.00851936,positive,complete
baseline_rank_score,LOGO,2025,0.149672565,0.142358181,0.1537244401,0.1534613181,0.0037887531,0.0037887531,positive,complete
baseline_rank_score,MAVI,2025,0.149672565,0.142358181,0.1424537488,0.1497044209,3.18559e-05,3.18559e-05,positive,complete
baseline_rank_score,MGROS,2025,0.149672565,0.142358181,0.1449610516,0.1505401886,0.0008676235,0.0008676235,positive,complete
baseline_rank_score,MIATK,2025,0.149672565,0.142358181,0.1298685492,0.1455093544,-0.0041632106,0.0041632106,negative,complete
baseline_rank_score,MPARK,2025,0.149672565,0.142358181,0.145496592,0.150718702,0.001046137,0.001046137,positive,complete
baseline_rank_score,NETAS,2025,0.149672565,0.142358181,0.1189143135,0.1418579425,-0.0078146225,0.0078146225,negative,complete
baseline_rank_score,NTGAZ,2025,0.149672565,0.142358181,0.1739289192,0.1601961444,0.0105235794,0.0105235794,positive,complete
baseline_rank_score,ODAS,2025,0.149672565,0.142358181,0.1176971762,0.1414522301,-0.0082203349,0.0082203349,negative,complete
baseline_rank_score,OTKAR,2025,0.149672565,0.142358181,0.1379990263,0.1482195134,-0.0014530516,0.0014530516,negative,complete
baseline_rank_score,OYAKC,2025,0.149672565,0.142358181,0.1431110029,0.1499235057,0.0002509407,0.0002509407,positive,complete
baseline_rank_score,PASEU,2025,0.149672565,0.142358181,0.1725900682,0.1597498607,0.0100772957,0.0100772957,positive,complete
baseline_rank_score,PETKM,2025,0.149672565,0.142358181,0.1229065239,0.1431886793,-0.0064838857,0.0064838857,negative,complete
baseline_rank_score,PGSUS,2025,0.149672565,0.142358181,0.1610272639,0.1558955926,0.0062230276,0.0062230276,positive,complete
baseline_rank_score,PRKME,2025,0.149672565,0.142358181,0.1198636806,0.1421743982,-0.0074981668,0.0074981668,negative,complete
baseline_rank_score,RGYAS,2025,0.149672565,0.142358181,0.1445959104,0.1504184748,0.0007459098,0.0007459098,positive,complete
baseline_rank_score,SAHOL,2025,0.149672565,0.142358181,0.1403846154,0.1490147098,-0.0006578552,0.0006578552,negative,complete
baseline_rank_score,SASA,2025,0.149672565,0.142358181,0.1439386563,0.1501993901,0.0005268251,0.0005268251,positive,complete
baseline_rank_score,SELEC,2025,0.149672565,0.142358181,0.1455209348,0.1507268163,0.0010542513,0.0010542513,positive,complete
baseline_rank_score,SISE,2025,0.149672565,0.142358181,0.1486368062,0.1517654401,0.0020928751,0.0020928751,positive,complete
baseline_rank_score,SKBNK,2025,0.149672565,0.142358181,0.1522638754,0.1529744631,0.0033018981,0.0033018981,positive,complete
baseline_rank_score,SMRTG,2025,0.149672565,0.142358181,0.1172103213,0.1412899451,-0.0083826199,0.0083826199,negative,complete
baseline_rank_score,SOKM,2025,0.149672565,0.142358181,0.1547468354,0.1538021165,0.0041295515,0.0041295515,positive,complete
baseline_rank_score,TAVHL,2025,0.149672565,0.142358181,0.1464459591,0.1510351577,0.0013625927,0.0013625927,positive,complete
baseline_rank_score,TBORG,2025,0.149672565,0.142358181,0.1391674781,0.1486089974,-0.0010635676,0.0010635676,negative,complete
baseline_rank_score,TCELL,2025,0.149672565,0.142358181,0.1476874391,0.1514489844,0.0017764194,0.0017764194,positive,complete
baseline_rank_score,THYAO,2025,0.149672565,0.142358181,0.1529941577,0.1532178906,0.0035453256,0.0035453256,positive,complete
baseline_rank_score,TOASO,2025,0.149672565,0.142358181,0.141285297,0.149314937,-0.000357628,0.000357628,negative,complete
baseline_rank_score,TRALT,2025,0.149672565,0.142358181,0.1554040896,0.1540212012,0.0043486362,0.0043486362,positive,complete
baseline_rank_score,TRMET,2025,0.149672565,0.142358181,0.1597857838,0.155481766,0.005809201,0.005809201,positive,complete
baseline_rank_score,TSKB,2025,0.149672565,0.142358181,0.1461781889,0.150945901,0.001273336,0.001273336,positive,complete
baseline_rank_score,TTKOM,2025,0.149672565,0.142358181,0.1300876339,0.1455823826,-0.0040901824,0.0040901824,negative,complete
baseline_rank_score,TUPRS,2025,0.149672565,0.142358181,0.1356621227,0.1474405456,-0.0022320194,0.0022320194,negative,complete
baseline_rank_score,TURSG,2025,0.149672565,0.142358181,0.1450584226,0.1505726455,0.0009000805,0.0009000805,positive,complete
baseline_rank_score,ULKER,2025,0.149672565,0.142358181,0.1457400195,0.1507998445,0.0011272795,0.0011272795,positive,complete
baseline_rank_score,ULUSE,2025,0.149672565,0.142358181,0.1278967868,0.1448521003,-0.0048204647,0.0048204647,negative,complete
baseline_rank_score,VAKBN,2025,0.149672565,0.142358181,0.1261684518,0.1442759886,-0.0053965764,0.0053965764,negative,complete
baseline_rank_score,VESTL,2025,0.149672565,0.142358181,0.1407010711,0.149120195,-0.00055237,0.00055237,negative,complete
baseline_rank_score,YKBNK,2025,0.149672565,0.142358181,0.1399707887,0.1488767676,-0.0007957974,0.0007957974,negative,complete
baseline_rank_score,ZOREN,2025,0.149672565,0.142358181,0.1246105161,0.1437566767,-0.0059158883,0.0059158883,negative,complete
elasticnet,AEFES,2023,-0.0198241823,-0.0988537003,-0.0820370506,-0.0142186324,0.0056055499,0.0056055499,positive,complete
elasticnet,AGESA,2023,-0.0198241823,-0.0988537003,-0.0986635507,-0.0197607991,6.33832e-05,6.33832e-05,positive,complete
elasticnet,AGHOL,2023,-0.0198241823,-0.0988537003,-0.0833759342,-0.014664927,0.0051592554,0.0051592554,positive,complete
elasticnet,AKBNK,2023,-0.0198241823,-0.0988537003,-0.0951337667,-0.0185842045,0.0012399779,0.0012399779,positive,complete
elasticnet,AKENR,2023,-0.0198241823,-0.0988537003,-0.0922612527,-0.0176266998,0.0021974825,0.0021974825,positive,complete
elasticnet,AKSA,2023,-0.0198241823,-0.0988537003,-0.1018768714,-0.020831906,-0.0010077237,0.0010077237,negative,complete
elasticnet,AKSEN,2023,-0.0198241823,-0.0988537003,-0.1151926776,-0.0252705081,-0.0054463258,0.0054463258,negative,complete
elasticnet,ALARK,2023,-0.0198241823,-0.0988537003,-0.0960831569,-0.0189006679,0.0009235145,0.0009235145,positive,complete
elasticnet,ALBRK,2023,-0.0198241823,-0.0988537003,-0.096813457,-0.0191441012,0.0006800811,0.0006800811,positive,complete
elasticnet,ANHYT,2023,-0.0198241823,-0.0988537003,-0.0969838604,-0.0192009024,0.00062328,0.00062328,positive,complete
elasticnet,ARCLK,2023,-0.0198241823,-0.0988537003,-0.1106891599,-0.0237693355,-0.0039451532,0.0039451532,negative,complete
elasticnet,ASELS,2023,-0.0198241823,-0.0988537003,-0.0991260742,-0.0199149736,-9.07913e-05,9.07913e-05,negative,complete
elasticnet,ASTOR,2023,-0.0198241823,-0.0988537003,-0.1084841071,-0.0230343179,-0.0032101356,0.0032101356,negative,complete
elasticnet,BERA,2023,-0.0198241823,-0.0988537003,-0.0929672096,-0.0178620187,0.0019621636,0.0019621636,positive,complete
elasticnet,BIMAS,2023,-0.0198241823,-0.0988537003,-0.072932642,-0.0111838296,0.0086403528,0.0086403528,positive,complete
elasticnet,BRSAN,2023,-0.0198241823,-0.0988537003,-0.0939165998,-0.0181784821,0.0016457002,0.0016457002,positive,complete
elasticnet,BTCIM,2023,-0.0198241823,-0.0988537003,-0.1299934273,-0.0302040913,-0.010379909,0.010379909,negative,complete
elasticnet,CANTE,2023,-0.0198241823,-0.0988537003,-0.0685995278,-0.0097394582,0.0100847242,0.0100847242,positive,complete
elasticnet,CCOLA,2023,-0.0198241823,-0.0988537003,-0.0766328294,-0.0124172254,0.007406957,0.007406957,positive,complete
elasticnet,CEMTS,2023,-0.0198241823,-0.0988537003,-0.0835706809,-0.0147298425,0.0050943398,0.0050943398,positive,complete
elasticnet,CIMSA,2023,-0.0198241823,-0.0988537003,-0.1200856886,-0.0269015118,-0.0070773294,0.0070773294,negative,complete
elasticnet,DEVA,2023,-0.0198241823,-0.0988537003,-0.1031670684,-0.0212619717,-0.0014377894,0.0014377894,negative,complete
elasticnet,DOAS,2023,-0.0198241823,-0.0988537003,-0.0994912243,-0.0200366903,-0.000212508,0.000212508,negative,complete
elasticnet,DOHOL,2023,-0.0198241823,-0.0988537003,-0.0949146766,-0.0185111744,0.0013130079,0.0013130079,positive,complete
elasticnet,DSTKF,2023,-0.0198241823,-0.0988537003,-0.1061471893,-0.0222553453,-0.002431163,0.002431163,negative,complete
elasticnet,EGEEN,2023,-0.0198241823,-0.0988537003,-0.1104944132,-0.02370442,-0.0038802376,0.0038802376,negative,complete
elasticnet,EKGYO,2023,-0.0198241823,-0.0988537003,-0.088609752,-0.0164095329,0.0034146494,0.0034146494,positive,complete
elasticnet,ENJSA,2023,-0.0198241823,-0.0988537003,-0.099685971,-0.0201016059,-0.0002774236,0.0002774236,negative,complete
elasticnet,ENKAI,2023,-0.0198241823,-0.0988537003,-0.115874291,-0.0254977126,-0.0056735302,0.0056735302,negative,complete
elasticnet,EREGL,2023,-0.0198241823,-0.0988537003,-0.1193797318,-0.0266661928,-0.0068420105,0.0068420105,negative,complete
elasticnet,FROTO,2023,-0.0198241823,-0.0988537003,-0.0977871906,-0.0194686791,0.0003555032,0.0003555032,positive,complete
elasticnet,GARAN,2023,-0.0198241823,-0.0988537003,-0.0913118625,-0.0173102364,0.0025139459,0.0025139459,positive,complete
elasticnet,GUBRF,2023,-0.0198241823,-0.0988537003,-0.1159960077,-0.0255382848,-0.0057141025,0.0057141025,negative,complete
elasticnet,HALKB,2023,-0.0198241823,-0.0988537003,-0.0987609241,-0.0197932569,3.09254e-05,3.09254e-05,positive,complete
elasticnet,HEKTS,2023,-0.0198241823,-0.0988537003,-0.0718858785,-0.0108349084,0.008989274,0.008989274,positive,complete
elasticnet,ISCTR,2023,-0.0198241823,-0.0988537003,-0.1103240099,-0.0236476189,-0.0038234365,0.0038234365,negative,complete
elasticnet,ISGYO,2023,-0.0198241823,-0.0988537003,-0.1091555296,-0.0232581254,-0.0034339431,0.0034339431,negative,complete
elasticnet,KCHOL,2023,-0.0198241823,-0.0988537003,-0.0864918815,-0.0157035761,0.0041206063,0.0041206063,positive,complete
elasticnet,KONTR,2023,-0.0198241823,-0.0988537003,-0.1004649578,-0.0203612682,-0.0005370858,0.0005370858,negative,complete
elasticnet,KRDMD,2023,-0.0198241823,-0.0988537003,-0.1017794981,-0.0207994483,-0.0009752659,0.0009752659,negative,complete
elasticnet,KRVGD,2023,-0.0198241823,-0.0988537003,-0.0892913654,-0.0166367374,0.003187445,0.003187445,positive,complete
elasticnet,KUYAS,2023,-0.0198241823,-0.0988537003,-0.1262932399,-0.0289706955,-0.0091465132,0.0091465132,negative,complete
elasticnet,LOGO,2023,-0.0198241823,-0.0988537003,-0.0947442733,-0.0184543733,0.001369809,0.001369809,positive,complete
elasticnet,MAVI,2023,-0.0198241823,-0.0988537003,-0.1125879403,-0.0244022623,-0.00457808,0.00457808,negative,complete
elasticnet,MGROS,2023,-0.0198241823,-0.0988537003,-0.0967891137,-0.0191359868,0.0006881955,0.0006881955,positive,complete
elasticnet,MIATK,2023,-0.0198241823,-0.0988537003,-0.1386596558,-0.0330928342,-0.0132686518,0.0132686518,negative,complete
elasticnet,MPARK,2023,-0.0198241823,-0.0988537003,-0.0992477909,-0.0199555459,-0.0001313635,0.0001313635,negative,complete
elasticnet,NETAS,2023,-0.0198241823,-0.0988537003,-0.0939652864,-0.018194711,0.0016294713,0.0016294713,positive,complete
elasticnet,NTGAZ,2023,-0.0198241823,-0.0988537003,-0.0948903333,-0.01850306,0.0013211223,0.0013211223,positive,complete
elasticnet,ODAS,2023,-0.0198241823,-0.0988537003,-0.083862801,-0.0148272159,0.0049969664,0.0049969664,positive,complete
elasticnet,OTKAR,2023,-0.0198241823,-0.0988537003,-0.0980549673,-0.019557938,0.0002662443,0.0002662443,positive,complete
elasticnet,OYAKC,2023,-0.0198241823,-0.0988537003,-0.1078653327,-0.0228280598,-0.0030038775,0.0030038775,negative,complete
elasticnet,PASEU,2023,-0.0198241823,-0.0988537003,-0.11035851,-0.0236591189,-0.0038349366,0.0038349366,negative,complete
elasticnet,PETKM,2023,-0.0198241823,-0.0988537003,-0.1074514959,-0.0226901142,-0.0028659319,0.0028659319,negative,complete
elasticnet,PGSUS,2023,-0.0198241823,-0.0988537003,-0.1015847514,-0.0207345327,-0.0009103504,0.0009103504,negative,complete
elasticnet,PRKME,2023,-0.0198241823,-0.0988537003,-0.0785316098,-0.0130501522,0.0067740302,0.0067740302,positive,complete
elasticnet,SAHOL,2023,-0.0198241823,-0.0988537003,-0.1007814212,-0.020466756,-0.0006425736,0.0006425736,negative,complete
elasticnet,SASA,2023,-0.0198241823,-0.0988537003,-0.0811606904,-0.0139265124,0.00589767,0.00589767,positive,complete
elasticnet,SELEC,2023,-0.0198241823,-0.0988537003,-0.0969351737,-0.0191846735,0.0006395089,0.0006395089,positive,complete
elasticnet,SISE,2023,-0.0198241823,-0.0988537003,-0.1102509799,-0.0236232755,-0.0037990932,0.0037990932,negative,complete
elasticnet,SKBNK,2023,-0.0198241823,-0.0988537003,-0.1026071716,-0.0210753394,-0.0012511571,0.0012511571,negative,complete
elasticnet,SMRTG,2023,-0.0198241823,-0.0988537003,-0.096594367,-0.0190710712,0.0007531111,0.0007531111,positive,complete
elasticnet,SOKM,2023,-0.0198241823,-0.0988537003,-0.0858832981,-0.0155007149,0.0043234674,0.0043234674,positive,complete
elasticnet,TAVHL,2023,-0.0198241823,-0.0988537003,-0.098468804,-0.0196958836,0.0001282988,0.0001282988,positive,complete
elasticnet,TBORG,2023,-0.0198241823,-0.0988537003,-0.0931862996,-0.0179350488,0.0018891336,0.0018891336,positive,complete
elasticnet,TCELL,2023,-0.0198241823,-0.0988537003,-0.099832031,-0.0201502926,-0.0003261102,0.0003261102,negative,complete
elasticnet,THYAO,2023,-0.0198241823,-0.0988537003,-0.1112490567,-0.0239559678,-0.0041317855,0.0041317855,negative,complete
elasticnet,TOASO,2023,-0.0198241823,-0.0988537003,-0.101487378,-0.0207020749,-0.0008778926,0.0008778926,negative,complete
elasticnet,TRALT,2023,-0.0198241823,-0.0988537003,-0.0847635045,-0.0151274504,0.0046967319,0.0046967319,positive,complete
elasticnet,TRMET,2023,-0.0198241823,-0.0988537003,-0.107816646,-0.0228118309,-0.0029876486,0.0029876486,negative,complete
elasticnet,TSKB,2023,-0.0198241823,-0.0988537003,-0.1008301079,-0.0204829849,-0.0006588025,0.0006588025,negative,complete
elasticnet,TTKOM,2023,-0.0198241823,-0.0988537003,-0.1082061394,-0.022941662,-0.0031174797,0.0031174797,negative,complete
elasticnet,TUPRS,2023,-0.0198241823,-0.0988537003,-0.0741254656,-0.0115814374,0.0082427449,0.0082427449,positive,complete
elasticnet,TURSG,2023,-0.0198241823,-0.0988537003,-0.0976411305,-0.0194199924,0.0004041899,0.0004041899,positive,complete
elasticnet,ULKER,2023,-0.0198241823,-0.0988537003,-0.090484189,-0.0170343452,0.0027898371,0.0027898371,positive,complete
elasticnet,ULUSE,2023,-0.0198241823,-0.0988537003,-0.0828160374,-0.0144782947,0.0053458876,0.0053458876,positive,complete
elasticnet,VAKBN,2023,-0.0198241823,-0.0988537003,-0.0958153801,-0.0188114089,0.0010127734,0.0010127734,positive,complete
elasticnet,VESTL,2023,-0.0198241823,-0.0988537003,-0.1178461014,-0.0261549827,-0.0063308004,0.0063308004,negative,complete
elasticnet,YKBNK,2023,-0.0198241823,-0.0988537003,-0.1042625186,-0.0216271218,-0.0018029394,0.0018029394,negative,complete
elasticnet,ZOREN,2023,-0.0198241823,-0.0988537003,-0.0928454929,-0.0178214465,0.0020027358,0.0020027358,positive,complete
elasticnet,AEFES,2024,-0.0198241823,0.0573370839,0.0541869523,-0.0208742262,-0.0010500439,0.0010500439,negative,complete
elasticnet,AGESA,2024,-0.0198241823,0.0573370839,0.0389727361,-0.0259456316,-0.0061214493,0.0061214493,negative,complete
elasticnet,AGHOL,2024,-0.0198241823,0.0573370839,0.065895813,-0.0169712726,0.0028529097,0.0028529097,positive,complete
elasticnet,AKBNK,2024,-0.0198241823,0.0573370839,0.052969815,-0.0212799386,-0.0014557563,0.0014557563,negative,complete
elasticnet,AKENR,2024,-0.0198241823,0.0573370839,0.0414313535,-0.0251260925,-0.0053019102,0.0053019102,negative,complete
elasticnet,AKSA,2024,-0.0198241823,0.0573370839,0.0532862707,-0.0211744534,-0.0013502711,0.0013502711,negative,complete
elasticnet,AKSEN,2024,-0.0198241823,0.0573370839,0.0561830574,-0.0202088578,-0.0003846755,0.0003846755,negative,complete
elasticnet,ALARK,2024,-0.0198241823,0.0573370839,0.0567672833,-0.0200141159,-0.0001899335,0.0001899335,negative,complete
elasticnet,ALBRK,2024,-0.0198241823,0.0573370839,0.0478578384,-0.0229839309,-0.0031597485,0.0031597485,negative,complete
elasticnet,ANHYT,2024,-0.0198241823,0.0573370839,0.0403359299,-0.0254912337,-0.0056670513,0.0056670513,negative,complete
elasticnet,ARCLK,2024,-0.0198241823,0.0573370839,0.0470058423,-0.0232679296,-0.0034437472,0.0034437472,negative,complete
elasticnet,ASELS,2024,-0.0198241823,0.0573370839,0.0728091529,-0.014666826,0.0051573563,0.0051573563,positive,complete
elasticnet,ASTOR,2024,-0.0198241823,0.0573370839,0.0563534567,-0.0201520581,-0.0003278757,0.0003278757,negative,complete
elasticnet,BERA,2024,-0.0198241823,0.0573370839,0.0576436222,-0.0197220029,0.0001021794,0.0001021794,positive,complete
elasticnet,BIMAS,2024,-0.0198241823,0.0573370839,0.0802580331,-0.0121838659,0.0076403164,0.0076403164,positive,complete
elasticnet,BRSAN,2024,-0.0198241823,0.0573370839,0.0298198637,-0.0289965891,-0.0091724067,0.0091724067,negative,complete
elasticnet,BTCIM,2024,-0.0198241823,0.0573370839,0.0707400195,-0.0153565371,0.0044676452,0.0044676452,positive,complete
elasticnet,CANTE,2024,-0.0198241823,0.0573370839,0.0921859786,-0.0082078841,0.0116162982,0.0116162982,positive,complete
elasticnet,CCOLA,2024,-0.0198241823,0.0573370839,0.0537731256,-0.0210121684,-0.0011879861,0.0011879861,negative,complete
elasticnet,CEMTS,2024,-0.0198241823,0.0573370839,0.0550632911,-0.0205821133,-0.0007579309,0.0007579309,negative,complete
elasticnet,CIMSA,2024,-0.0198241823,0.0573370839,0.0491723466,-0.0225457614,-0.0027215791,0.0027215791,negative,complete
elasticnet,DEVA,2024,-0.0198241823,0.0573370839,0.0652142162,-0.0171984716,0.0026257107,0.0026257107,positive,complete
elasticnet,DOAS,2024,-0.0198241823,0.0573370839,0.0400681597,-0.0255804904,-0.0057563081,0.0057563081,negative,complete
elasticnet,DOHOL,2024,-0.0198241823,0.0573370839,0.0562804284,-0.0201764008,-0.0003522185,0.0003522185,negative,complete
elasticnet,DSTKF,2024,-0.0198241823,0.0573370839,0.0585199611,-0.01942989,0.0003942924,0.0003942924,positive,complete
elasticnet,EGEEN,2024,-0.0198241823,0.0573370839,0.0655550146,-0.0170848721,0.0027393102,0.0027393102,positive,complete
elasticnet,EKGYO,2024,-0.0198241823,0.0573370839,0.0665530672,-0.0167521879,0.0030719944,0.0030719944,positive,complete
elasticnet,ENJSA,2024,-0.0198241823,0.0573370839,0.0574975657,-0.0197706884,5.34939e-05,5.34939e-05,positive,complete
elasticnet,ENKAI,2024,-0.0198241823,0.0573370839,0.061781889,-0.0183425806,0.0014816017,0.0014816017,positive,complete
elasticnet,EREGL,2024,-0.0198241823,0.0573370839,0.0509493671,-0.0219534213,-0.0021292389,0.0021292389,negative,complete
elasticnet,FROTO,2024,-0.0198241823,0.0573370839,0.0560856865,-0.0202413148,-0.0004171325,0.0004171325,negative,complete
elasticnet,GARAN,2024,-0.0198241823,0.0573370839,0.0525073028,-0.0214341094,-0.001609927,0.001609927,negative,complete
elasticnet,GUBRF,2024,-0.0198241823,0.0573370839,0.0787974684,-0.0126707209,0.0071534615,0.0071534615,positive,complete
elasticnet,HALKB,2024,-0.0198241823,0.0573370839,0.0561830574,-0.0202088578,-0.0003846755,0.0003846755,negative,complete
elasticnet,HEKTS,2024,-0.0198241823,0.0573370839,0.0402142162,-0.0255318049,-0.0057076226,0.0057076226,negative,complete
elasticnet,ISCTR,2024,-0.0198241823,0.0573370839,0.0575949367,-0.0197382314,8.59509e-05,8.59509e-05,positive,complete
elasticnet,ISGYO,2024,-0.0198241823,0.0573370839,0.0686465433,-0.0160543625,0.0037698198,0.0037698198,positive,complete
elasticnet,KCHOL,2024,-0.0198241823,0.0573370839,0.0562804284,-0.0201764008,-0.0003522185,0.0003522185,negative,complete
elasticnet,KONTR,2024,-0.0198241823,0.0573370839,0.0966163583,-0.0067310909,0.0130930915,0.0130930915,positive,complete
elasticnet,KRDMD,2024,-0.0198241823,0.0573370839,0.0554527751,-0.0204522853,-0.0006281029,0.0006281029,negative,complete
elasticnet,KRVGD,2024,-0.0198241823,0.0573370839,0.0556231743,-0.0203954855,-0.0005713032,0.0005713032,negative,complete
elasticnet,KUYAS,2024,-0.0198241823,0.0573370839,0.0490749757,-0.0225782184,-0.0027540361,0.0027540361,negative,complete
elasticnet,LOGO,2024,-0.0198241823,0.0573370839,0.0536757546,-0.0210446254,-0.0012204431,0.0012204431,negative,complete
elasticnet,MAVI,2024,-0.0198241823,0.0573370839,0.0523612463,-0.0214827949,-0.0016586125,0.0016586125,negative,complete
elasticnet,MGROS,2024,-0.0198241823,0.0573370839,0.0685248296,-0.0160949338,0.0037292486,0.0037292486,positive,complete
elasticnet,MIATK,2024,-0.0198241823,0.0573370839,0.0731742941,-0.0145451123,0.00527907,0.00527907,positive,complete
elasticnet,MPARK,2024,-0.0198241823,0.0573370839,0.0480038948,-0.0229352454,-0.003111063,0.003111063,negative,complete
elasticnet,NETAS,2024,-0.0198241823,0.0573370839,0.0519961052,-0.0216045086,-0.0017803263,0.0017803263,negative,complete
elasticnet,NTGAZ,2024,-0.0198241823,0.0573370839,0.060248296,-0.0188537783,0.000970404,0.000970404,positive,complete
elasticnet,ODAS,2024,-0.0198241823,0.0573370839,0.0549415774,-0.0206226845,-0.0007985022,0.0007985022,negative,complete
elasticnet,OTKAR,2024,-0.0198241823,0.0573370839,0.0499513145,-0.0222861055,-0.0024619231,0.0024619231,negative,complete
elasticnet,OYAKC,2024,-0.0198241823,0.0573370839,0.0528237585,-0.0213286241,-0.0015044418,0.0015044418,negative,complete
elasticnet,PASEU,2024,-0.0198241823,0.0573370839,0.0326436222,-0.0280553362,-0.0082311539,0.0082311539,negative,complete
elasticnet,PETKM,2024,-0.0198241823,0.0573370839,0.0817672833,-0.0116807825,0.0081433998,0.0081433998,positive,complete
elasticnet,PGSUS,2024,-0.0198241823,0.0573370839,0.0511197663,-0.0218966215,-0.0020724392,0.0020724392,negative,complete
elasticnet,PRKME,2024,-0.0198241823,0.0573370839,0.0605647517,-0.0187482931,0.0010758893,0.0010758893,positive,complete
elasticnet,SAHOL,2024,-0.0198241823,0.0573370839,0.0623904576,-0.0181397244,0.0016844579,0.0016844579,positive,complete
elasticnet,SASA,2024,-0.0198241823,0.0573370839,0.0886319377,-0.0093925644,0.0104316179,0.0104316179,positive,complete
elasticnet,SELEC,2024,-0.0198241823,0.0573370839,0.0559883155,-0.0202737718,-0.0004495895,0.0004495895,negative,complete
elasticnet,SISE,2024,-0.0198241823,0.0573370839,0.036976631,-0.026611,-0.0067868177,0.0067868177,negative,complete
elasticnet,SKBNK,2024,-0.0198241823,0.0573370839,0.0633885102,-0.0178070402,0.0020171421,0.0020171421,positive,complete
elasticnet,SMRTG,2024,-0.0198241823,0.0573370839,0.0893135346,-0.0091653654,0.0106588169,0.0106588169,positive,complete
elasticnet,SOKM,2024,-0.0198241823,0.0573370839,0.0476874391,-0.0230407306,-0.0032165483,0.0032165483,negative,complete
elasticnet,TAVHL,2024,-0.0198241823,0.0573370839,0.0374634859,-0.026448715,-0.0066245327,0.0066245327,negative,complete
elasticnet,TBORG,2024,-0.0198241823,0.0573370839,0.0632667965,-0.0178476115,0.0019765709,0.0019765709,positive,complete
elasticnet,TCELL,2024,-0.0198241823,0.0573370839,0.0775073028,-0.013100776,0.0067234063,0.0067234063,positive,complete
elasticnet,THYAO,2024,-0.0198241823,0.0573370839,0.0707400195,-0.0153565371,0.0044676452,0.0044676452,positive,complete
elasticnet,TOASO,2024,-0.0198241823,0.0573370839,0.0493184031,-0.0224970759,-0.0026728936,0.0026728936,negative,complete
elasticnet,TRALT,2024,-0.0198241823,0.0573370839,0.0468597858,-0.023316615,-0.0034924327,0.0034924327,negative,complete
elasticnet,TRMET,2024,-0.0198241823,0.0573370839,0.0616358325,-0.0183912661,0.0014329162,0.0014329162,positive,complete
elasticnet,TSKB,2024,-0.0198241823,0.0573370839,0.0430866602,-0.0245743236,-0.0047501412,0.0047501412,negative,complete
elasticnet,TTKOM,2024,-0.0198241823,0.0573370839,0.0608081792,-0.0186671506,0.0011570317,0.0011570317,positive,complete
elasticnet,TUPRS,2024,-0.0198241823,0.0573370839,0.0421129503,-0.0248988935,-0.0050747112,0.0050747112,negative,complete
elasticnet,TURSG,2024,-0.0198241823,0.0573370839,0.0408714703,-0.0253127202,-0.0054885379,0.0054885379,negative,complete
elasticnet,ULKER,2024,-0.0198241823,0.0573370839,0.0559639727,-0.0202818861,-0.0004577037,0.0004577037,negative,complete
elasticnet,ULUSE,2024,-0.0198241823,0.0573370839,0.0552823759,-0.020509085,-0.0006849027,0.0006849027,negative,complete
elasticnet,VAKBN,2024,-0.0198241823,0.0573370839,0.0488315482,-0.0226593609,-0.0028351786,0.0028351786,negative,complete
elasticnet,VESTL,2024,-0.0198241823,0.0573370839,0.0622200584,-0.0181965242,0.0016276582,0.0016276582,positive,complete
elasticnet,YKBNK,2024,-0.0198241823,0.0573370839,0.0532862707,-0.0211744534,-0.0013502711,0.0013502711,negative,complete
elasticnet,ZOREN,2024,-0.0198241823,0.0573370839,0.0625851996,-0.0180748104,0.0017493719,0.0017493719,positive,complete
elasticnet,AEFES,2025,-0.0198241823,-0.0179559306,-0.0052336904,-0.0155834356,0.0042407468,0.0042407468,positive,complete
elasticnet,AGESA,2025,-0.0198241823,-0.0179559306,-0.0316942551,-0.0244036238,-0.0045794415,0.0045794415,negative,complete
elasticnet,AGHOL,2025,-0.0198241823,-0.0179559306,-0.0294303797,-0.0236489987,-0.0038248164,0.0038248164,negative,complete
elasticnet,AKBNK,2025,-0.0198241823,-0.0179559306,-0.0225413827,-0.0213526664,-0.001528484,0.001528484,negative,complete
elasticnet,AKENR,2025,-0.0198241823,-0.0179559306,-0.0173320351,-0.0196162171,0.0002079652,0.0002079652,positive,complete
elasticnet,AKSA,2025,-0.0198241823,-0.0179559306,-0.0228334956,-0.0214500373,-0.001625855,0.001625855,negative,complete
elasticnet,AKSEN,2025,-0.0198241823,-0.0179559306,-0.0333495618,-0.0249553927,-0.0051312104,0.0051312104,negative,complete
elasticnet,ALARK,2025,-0.0198241823,-0.0179559306,-0.0254625122,-0.0223263762,-0.0025021939,0.0025021939,negative,complete
elasticnet,ALBRK,2025,-0.0198241823,-0.0179559306,-0.0333252191,-0.0249472785,-0.0051230962,0.0051230962,negative,complete
elasticnet,ANHYT,2025,-0.0198241823,-0.0179559306,-0.0170399221,-0.0195188462,0.0003053362,0.0003053362,positive,complete
elasticnet,ARCLK,2025,-0.0198241823,-0.0179559306,-0.0373661149,-0.0262942438,-0.0064700614,0.0064700614,negative,complete
elasticnet,ASELS,2025,-0.0198241823,-0.0179559306,0.0173320351,-0.0080615271,0.0117626552,0.0117626552,positive,complete
elasticnet,ASTOR,2025,-0.0198241823,-0.0179559306,-0.0217137293,-0.0210767819,-0.0012525996,0.0012525996,negative,complete
elasticnet,BERA,2025,-0.0198241823,-0.0179559306,-0.0159688413,-0.0191618192,0.0006623631,0.0006623631,positive,complete
elasticnet,BIMAS,2025,-0.0198241823,-0.0179559306,-0.019255112,-0.0202572428,-0.0004330605,0.0004330605,negative,complete
elasticnet,BRSAN,2025,-0.0198241823,-0.0179559306,-0.0003164557,-0.0139443574,0.005879825,0.005879825,positive,complete
elasticnet,BTCIM,2025,-0.0198241823,-0.0179559306,0.0084469328,-0.0110232279,0.0088009545,0.0088009545,positive,complete
elasticnet,CANTE,2025,-0.0198241823,-0.0179559306,-0.0306231743,-0.0240465969,-0.0042224146,0.0042224146,negative,complete
elasticnet,CCOLA,2025,-0.0198241823,-0.0179559306,-0.0197663096,-0.020427642,-0.0006034597,0.0006034597,negative,complete
elasticnet,CEMTS,2025,-0.0198241823,-0.0179559306,-0.013315482,-0.0182773661,0.0015468162,0.0015468162,positive,complete
elasticnet,CIMSA,2025,-0.0198241823,-0.0179559306,-0.0067916261,-0.0161027475,0.0037214348,0.0037214348,positive,complete
elasticnet,DEVA,2025,-0.0198241823,-0.0179559306,-0.019352483,-0.0202896998,-0.0004655174,0.0004655174,negative,complete
elasticnet,DOAS,2025,-0.0198241823,-0.0179559306,-0.0165287244,-0.0193484469,0.0004757354,0.0004757354,positive,complete
elasticnet,DOHOL,2025,-0.0198241823,-0.0179559306,-0.0241480039,-0.0218882068,-0.0020640244,0.0020640244,negative,complete
elasticnet,DSTKF,2025,-0.0198241823,-0.0179559306,-0.0319133398,-0.0244766521,-0.0046524697,0.0046524697,negative,complete
elasticnet,EKGYO,2025,-0.0198241823,-0.0179559306,-0.0385589094,-0.0266918419,-0.0068676596,0.0068676596,negative,complete
elasticnet,ENJSA,2025,-0.0198241823,-0.0179559306,-0.0048928919,-0.0154698361,0.0043543462,0.0043543462,positive,complete
elasticnet,ENKAI,2025,-0.0198241823,-0.0179559306,0.0020691334,-0.013149161,0.0066750213,0.0066750213,positive,complete
elasticnet,EREGL,2025,-0.0198241823,-0.0179559306,-0.0222736125,-0.0212634096,-0.0014392273,0.0014392273,negative,complete
elasticnet,FROTO,2025,-0.0198241823,-0.0179559306,-0.0211781889,-0.0208982684,-0.0010740861,0.0010740861,negative,complete
elasticnet,GARAN,2025,-0.0198241823,-0.0179559306,-0.0223953262,-0.0213039809,-0.0014797985,0.0014797985,negative,complete
elasticnet,GUBRF,2025,-0.0198241823,-0.0179559306,-0.0150194742,-0.0188453635,0.0009788188,0.0009788188,positive,complete
elasticnet,HALKB,2025,-0.0198241823,-0.0179559306,-0.0428919182,-0.0281361782,-0.0083119959,0.0083119959,negative,complete
elasticnet,HEKTS,2025,-0.0198241823,-0.0179559306,-0.0216163583,-0.0210443249,-0.0012201426,0.0012201426,negative,complete
elasticnet,ISCTR,2025,-0.0198241823,-0.0179559306,-0.0213972736,-0.0209712967,-0.0011471143,0.0011471143,negative,complete
elasticnet,ISGYO,2025,-0.0198241823,-0.0179559306,-0.0261684518,-0.0225616894,-0.0027375071,0.0027375071,negative,complete
elasticnet,KCHOL,2025,-0.0198241823,-0.0179559306,-0.0223466407,-0.0212877524,-0.00146357,0.00146357,negative,complete
elasticnet,KONTR,2025,-0.0198241823,-0.0179559306,-0.0053797468,-0.0156321211,0.0041920613,0.0041920613,positive,complete
elasticnet,KRDMD,2025,-0.0198241823,-0.0179559306,0.0054527751,-0.0120212804,0.0078029019,0.0078029019,positive,complete
elasticnet,KRVGD,2025,-0.0198241823,-0.0179559306,-0.0128773126,-0.0181313096,0.0016928727,0.0016928727,positive,complete
elasticnet,KUYAS,2025,-0.0198241823,-0.0179559306,-0.0428919182,-0.0281361782,-0.0083119959,0.0083119959,negative,complete
elasticnet,LOGO,2025,-0.0198241823,-0.0179559306,-0.0390701071,-0.0268622412,-0.0070380588,0.0070380588,negative,complete
elasticnet,MAVI,2025,-0.0198241823,-0.0179559306,-0.017721519,-0.0197460451,7.81372e-05,7.81372e-05,positive,complete
elasticnet,MGROS,2025,-0.0198241823,-0.0179559306,-0.0166017527,-0.0193727897,0.0004513926,0.0004513926,positive,complete
elasticnet,MIATK,2025,-0.0198241823,-0.0179559306,-0.0133398247,-0.0182854804,0.001538702,0.001538702,positive,complete
elasticnet,MPARK,2025,-0.0198241823,-0.0179559306,-0.0168695229,-0.0194620464,0.0003621359,0.0003621359,positive,complete
elasticnet,NETAS,2025,-0.0198241823,-0.0179559306,-0.0195715677,-0.020362728,-0.0005385457,0.0005385457,negative,complete
elasticnet,NTGAZ,2025,-0.0198241823,-0.0179559306,-0.0331791626,-0.024898593,-0.0050744107,0.0050744107,negative,complete
elasticnet,ODAS,2025,-0.0198241823,-0.0179559306,-0.0206183057,-0.0207116407,-0.0008874584,0.0008874584,negative,complete
elasticnet,OTKAR,2025,-0.0198241823,-0.0179559306,-0.0192794547,-0.020265357,-0.0004411747,0.0004411747,negative,complete
elasticnet,OYAKC,2025,-0.0198241823,-0.0179559306,-0.0198393379,-0.0204519848,-0.0006278024,0.0006278024,negative,complete
elasticnet,PASEU,2025,-0.0198241823,-0.0179559306,-0.0464703019,-0.0293289727,-0.0095047904,0.0095047904,negative,complete
elasticnet,PETKM,2025,-0.0198241823,-0.0179559306,0.0052823759,-0.0120780802,0.0077461022,0.0077461022,positive,complete
elasticnet,PGSUS,2025,-0.0198241823,-0.0179559306,-0.0286027264,-0.0233731143,-0.0035489319,0.0035489319,negative,complete
elasticnet,PRKME,2025,-0.0198241823,-0.0179559306,0.010248296,-0.0104227735,0.0094014089,0.0094014089,positive,complete
elasticnet,RGYAS,2025,-0.0198241823,-0.0179559306,-0.0215676728,-0.0210280964,-0.0012039141,0.0012039141,negative,complete
elasticnet,SAHOL,2025,-0.0198241823,-0.0179559306,-0.0171859786,-0.0195675317,0.0002566507,0.0002566507,positive,complete
elasticnet,SASA,2025,-0.0198241823,-0.0179559306,0.0176971762,-0.0079398134,0.011884369,0.011884369,positive,complete
elasticnet,SELEC,2025,-0.0198241823,-0.0179559306,-0.0172833496,-0.0195999886,0.0002241937,0.0002241937,positive,complete
elasticnet,SISE,2025,-0.0198241823,-0.0179559306,-0.0130963973,-0.0182043379,0.0016198444,0.0016198444,positive,complete
elasticnet,SKBNK,2025,-0.0198241823,-0.0179559306,-0.0358568647,-0.0257911603,-0.005966978,0.005966978,negative,complete
elasticnet,SMRTG,2025,-0.0198241823,-0.0179559306,-0.011587147,-0.0177012545,0.0021229279,0.0021229279,positive,complete
elasticnet,SOKM,2025,-0.0198241823,-0.0179559306,-0.0104186952,-0.0173117705,0.0025124118,0.0025124118,positive,complete
elasticnet,TAVHL,2025,-0.0198241823,-0.0179559306,-0.0174780915,-0.0196649026,0.0001592797,0.0001592797,positive,complete
elasticnet,TBORG,2025,-0.0198241823,-0.0179559306,-0.0120009737,-0.0178391967,0.0019849856,0.0019849856,positive,complete
elasticnet,TCELL,2025,-0.0198241823,-0.0179559306,-0.0199123661,-0.0204763275,-0.0006521452,0.0006521452,negative,complete
elasticnet,THYAO,2025,-0.0198241823,-0.0179559306,0.0009250243,-0.0135305307,0.0062936517,0.0062936517,positive,complete
elasticnet,TOASO,2025,-0.0198241823,-0.0179559306,-0.0112706913,-0.0175957692,0.0022284131,0.0022284131,positive,complete
elasticnet,TRALT,2025,-0.0198241823,-0.0179559306,-0.0255355404,-0.0223507189,-0.0025265366,0.0025265366,negative,complete
elasticnet,TRMET,2025,-0.0198241823,-0.0179559306,-0.0463972736,-0.02930463,-0.0094804477,0.0094804477,negative,complete
elasticnet,TSKB,2025,-0.0198241823,-0.0179559306,-0.0008763389,-0.0141309851,0.0056931973,0.0056931973,positive,complete
elasticnet,TTKOM,2025,-0.0198241823,-0.0179559306,-0.018962999,-0.0201598718,-0.0003356895,0.0003356895,negative,complete
elasticnet,TUPRS,2025,-0.0198241823,-0.0179559306,0.0020691334,-0.013149161,0.0066750213,0.0066750213,positive,complete
elasticnet,TURSG,2025,-0.0198241823,-0.0179559306,-0.0063777994,-0.0159648053,0.0038593771,0.0038593771,positive,complete
elasticnet,ULKER,2025,-0.0198241823,-0.0179559306,-0.0169182084,-0.0194782749,0.0003459074,0.0003459074,positive,complete
elasticnet,ULUSE,2025,-0.0198241823,-0.0179559306,-0.0185004869,-0.0200057011,-0.0001815187,0.0001815187,negative,complete
elasticnet,VAKBN,2025,-0.0198241823,-0.0179559306,-0.0365384615,-0.0260183593,-0.006194177,0.006194177,negative,complete
elasticnet,VESTL,2025,-0.0198241823,-0.0179559306,-0.0132667965,-0.0182611376,0.0015630447,0.0015630447,positive,complete
elasticnet,YKBNK,2025,-0.0198241823,-0.0179559306,-0.0225413827,-0.0213526664,-0.001528484,0.001528484,negative,complete
elasticnet,ZOREN,2025,-0.0198241823,-0.0179559306,-0.0057935735,-0.0157700633,0.004054119,0.004054119,positive,complete
gradient_boosting,AEFES,2023,-0.1052534007,-0.1004172821,-0.1010906347,-0.1054778516,-0.0002244509,0.0002244509,negative,complete
gradient_boosting,AGESA,2023,-0.1052534007,-0.1004172821,-0.104961414,-0.1067681113,-0.0015147106,0.0015147106,negative,complete
gradient_boosting,AGHOL,2023,-0.1052534007,-0.1004172821,-0.0932638703,-0.1028689301,0.0023844706,0.0023844706,positive,complete
gradient_boosting,AKBNK,2023,-0.1052534007,-0.1004172821,-0.1024411323,-0.1059280175,-0.0006746167,0.0006746167,negative,complete
gradient_boosting,AKENR,2023,-0.1052534007,-0.1004172821,-0.098084086,-0.1044756687,0.000777732,0.000777732,positive,complete
gradient_boosting,AKSA,2023,-0.1052534007,-0.1004172821,-0.1008958785,-0.1054129329,-0.0001595321,0.0001595321,negative,complete
gradient_boosting,AKSEN,2023,-0.1052534007,-0.1004172821,-0.1298415172,-0.1150614791,-0.0098080784,0.0098080784,negative,complete
gradient_boosting,ALARK,2023,-0.1052534007,-0.1004172821,-0.0942619958,-0.1032016386,0.0020517621,0.0020517621,positive,complete
gradient_boosting,ALBRK,2023,-0.1052534007,-0.1004172821,-0.097499224,-0.1042807147,0.000972686,0.000972686,positive,complete
gradient_boosting,ANHYT,2023,-0.1052534007,-0.1004172821,-0.1047051592,-0.1066826931,-0.0014292924,0.0014292924,negative,complete
gradient_boosting,ARCLK,2023,-0.1052534007,-0.1004172821,-0.1111570952,-0.1088333384,-0.0035799377,0.0035799377,negative,complete
gradient_boosting,ASELS,2023,-0.1052534007,-0.1004172821,-0.1030138521,-0.106118924,-0.0008655233,0.0008655233,negative,complete
gradient_boosting,ASTOR,2023,-0.1052534007,-0.1004172821,-0.0968042311,-0.1040490504,0.0012043503,0.0012043503,positive,complete
gradient_boosting,BERA,2023,-0.1052534007,-0.1004172821,-0.1215522069,-0.1122983756,-0.0070449749,0.0070449749,negative,complete
gradient_boosting,BIMAS,2023,-0.1052534007,-0.1004172821,-0.0895269859,-0.101623302,0.0036300987,0.0036300987,positive,complete
gradient_boosting,BRSAN,2023,-0.1052534007,-0.1004172821,-0.08599703,-0.10044665,0.0048067507,0.0048067507,positive,complete
gradient_boosting,BTCIM,2023,-0.1052534007,-0.1004172821,-0.1309613653,-0.1154347618,-0.0101813611,0.0101813611,negative,complete
gradient_boosting,CANTE,2023,-0.1052534007,-0.1004172821,-0.0667405117,-0.0940278106,0.0112255901,0.0112255901,positive,complete
gradient_boosting,CCOLA,2023,-0.1052534007,-0.1004172821,-0.0831974098,-0.0995134433,0.0057399574,0.0057399574,positive,complete
gradient_boosting,CEMTS,2023,-0.1052534007,-0.1004172821,-0.1242301045,-0.1131910082,-0.0079376075,0.0079376075,negative,complete
gradient_boosting,CIMSA,2023,-0.1052534007,-0.1004172821,-0.1020644156,-0.1058024452,-0.0005490445,0.0005490445,negative,complete
gradient_boosting,DEVA,2023,-0.1052534007,-0.1004172821,-0.0954305329,-0.103591151,0.0016622497,0.0016622497,positive,complete
gradient_boosting,DOAS,2023,-0.1052534007,-0.1004172821,-0.1030138521,-0.106118924,-0.0008655233,0.0008655233,negative,complete
gradient_boosting,DOHOL,2023,-0.1052534007,-0.1004172821,-0.1036461789,-0.1063296996,-0.0010762989,0.0010762989,negative,complete
gradient_boosting,DSTKF,2023,-0.1052534007,-0.1004172821,-0.1005532193,-0.1052987131,-4.53124e-05,4.53124e-05,negative,complete
gradient_boosting,EGEEN,2023,-0.1052534007,-0.1004172821,-0.1079801349,-0.1077743517,-0.0025209509,0.0025209509,negative,complete
gradient_boosting,EKGYO,2023,-0.1052534007,-0.1004172821,-0.1032566689,-0.106199863,-0.0009464623,0.0009464623,negative,complete
gradient_boosting,ENJSA,2023,-0.1052534007,-0.1004172821,-0.1025026171,-0.1059485124,-0.0006951117,0.0006951117,negative,complete
gradient_boosting,ENKAI,2023,-0.1052534007,-0.1004172821,-0.1180344232,-0.1111257811,-0.0058723804,0.0058723804,negative,complete
gradient_boosting,EREGL,2023,-0.1052534007,-0.1004172821,-0.1206636318,-0.1120021839,-0.0067487832,0.0067487832,negative,complete
gradient_boosting,FROTO,2023,-0.1052534007,-0.1004172821,-0.1010419456,-0.1054616219,-0.0002082212,0.0002082212,negative,complete
gradient_boosting,GARAN,2023,-0.1052534007,-0.1004172821,-0.1024411323,-0.1059280175,-0.0006746167,0.0006746167,negative,complete
gradient_boosting,GUBRF,2023,-0.1052534007,-0.1004172821,-0.0814202595,-0.0989210599,0.0063323408,0.0063323408,positive,complete
gradient_boosting,HALKB,2023,-0.1052534007,-0.1004172821,-0.0930569419,-0.102799954,0.0024534467,0.0024534467,positive,complete
gradient_boosting,HEKTS,2023,-0.1052534007,-0.1004172821,-0.0667405117,-0.0940278106,0.0112255901,0.0112255901,positive,complete
gradient_boosting,ISCTR,2023,-0.1052534007,-0.1004172821,-0.0932621675,-0.1028683625,0.0023850382,0.0023850382,positive,complete
gradient_boosting,ISGYO,2023,-0.1052534007,-0.1004172821,-0.1072741437,-0.1075390213,-0.0022856205,0.0022856205,negative,complete
gradient_boosting,KCHOL,2023,-0.1052534007,-0.1004172821,-0.087530735,-0.100957885,0.0042955157,0.0042955157,positive,complete
gradient_boosting,KONTR,2023,-0.1052534007,-0.1004172821,-0.0999951311,-0.1051126837,0.000140717,0.000140717,positive,complete
gradient_boosting,KRDMD,2023,-0.1052534007,-0.1004172821,-0.1048640359,-0.106735652,-0.0014822513,0.0014822513,negative,complete
gradient_boosting,KRVGD,2023,-0.1052534007,-0.1004172821,-0.0918026402,-0.1023818534,0.0028715473,0.0028715473,positive,complete
gradient_boosting,KUYAS,2023,-0.1052534007,-0.1004172821,-0.1238040753,-0.1130489985,-0.0077955977,0.0077955977,negative,complete
gradient_boosting,LOGO,2023,-0.1052534007,-0.1004172821,-0.0909024515,-0.1020817905,0.0031716102,0.0031716102,positive,complete
gradient_boosting,MAVI,2023,-0.1052534007,-0.1004172821,-0.1095503567,-0.1082977589,-0.0030443582,0.0030443582,negative,complete
gradient_boosting,MGROS,2023,-0.1052534007,-0.1004172821,-0.0893809188,-0.101574613,0.0036787878,0.0036787878,positive,complete
gradient_boosting,MIATK,2023,-0.1052534007,-0.1004172821,-0.0902086326,-0.1018505176,0.0034028832,0.0034028832,positive,complete
gradient_boosting,MPARK,2023,-0.1052534007,-0.1004172821,-0.1003116099,-0.1052181767,3.5224e-05,3.5224e-05,positive,complete
gradient_boosting,NETAS,2023,-0.1052534007,-0.1004172821,-0.0881150036,-0.1011526412,0.0041007595,0.0041007595,positive,complete
gradient_boosting,NTGAZ,2023,-0.1052534007,-0.1004172821,-0.0964895197,-0.1039441466,0.0013092541,0.0013092541,positive,complete
gradient_boosting,ODAS,2023,-0.1052534007,-0.1004172821,-0.092460501,-0.1026011404,0.0026522603,0.0026522603,positive,complete
gradient_boosting,OTKAR,2023,-0.1052534007,-0.1004172821,-0.0935681769,-0.1029703656,0.0022830351,0.0022830351,positive,complete
gradient_boosting,OYAKC,2023,-0.1052534007,-0.1004172821,-0.1219052025,-0.1124160408,-0.0071626401,0.0071626401,negative,complete
gradient_boosting,PASEU,2023,-0.1052534007,-0.1004172821,-0.1104247434,-0.1085892212,-0.0033358205,0.0033358205,negative,complete
gradient_boosting,PETKM,2023,-0.1052534007,-0.1004172821,-0.0995569297,-0.1049666166,0.0002867841,0.0002867841,positive,complete
gradient_boosting,PGSUS,2023,-0.1052534007,-0.1004172821,-0.0980232247,-0.1044553816,0.0007980191,0.0007980191,positive,complete
gradient_boosting,PRKME,2023,-0.1052534007,-0.1004172821,-0.0805803735,-0.0986410978,0.0066123029,0.0066123029,positive,complete
gradient_boosting,SAHOL,2023,-0.1052534007,-0.1004172821,-0.1008453482,-0.1053960894,-0.0001426887,0.0001426887,negative,complete
gradient_boosting,SASA,2023,-0.1052534007,-0.1004172821,-0.0869342942,-0.1007590714,0.0044943293,0.0044943293,positive,complete
gradient_boosting,SELEC,2023,-0.1052534007,-0.1004172821,-0.1007254668,-0.105356129,-0.0001027283,0.0001027283,negative,complete
gradient_boosting,SISE,2023,-0.1052534007,-0.1004172821,-0.1066168416,-0.1073199206,-0.0020665198,0.0020665198,negative,complete
gradient_boosting,SKBNK,2023,-0.1052534007,-0.1004172821,-0.1012610464,-0.1055346555,-0.0002812548,0.0002812548,negative,complete
gradient_boosting,SMRTG,2023,-0.1052534007,-0.1004172821,-0.0953696716,-0.1035708639,0.0016825368,0.0016825368,positive,complete
gradient_boosting,SOKM,2023,-0.1052534007,-0.1004172821,-0.1128490396,-0.1093973199,-0.0041439192,0.0041439192,negative,complete
gradient_boosting,TAVHL,2023,-0.1052534007,-0.1004172821,-0.1131776907,-0.1095068703,-0.0042534695,0.0042534695,negative,complete
gradient_boosting,TBORG,2023,-0.1052534007,-0.1004172821,-0.1046808148,-0.1066745783,-0.0014211776,0.0014211776,negative,complete
gradient_boosting,TCELL,2023,-0.1052534007,-0.1004172821,-0.1007741559,-0.1053723587,-0.0001189579,0.0001189579,negative,complete
gradient_boosting,THYAO,2023,-0.1052534007,-0.1004172821,-0.1111205785,-0.1088211662,-0.0035677655,0.0035677655,negative,complete
gradient_boosting,TOASO,2023,-0.1052534007,-0.1004172821,-0.1056674051,-0.1070034417,-0.001750041,0.001750041,negative,complete
gradient_boosting,TRALT,2023,-0.1052534007,-0.1004172821,-0.0826861748,-0.0993430316,0.0059103691,0.0059103691,positive,complete
gradient_boosting,TRMET,2023,-0.1052534007,-0.1004172821,-0.0879324196,-0.1010917799,0.0041616208,0.0041616208,positive,complete
gradient_boosting,TSKB,2023,-0.1052534007,-0.1004172821,-0.1037928768,-0.106378599,-0.0011251983,0.0011251983,negative,complete
gradient_boosting,TTKOM,2023,-0.1052534007,-0.1004172821,-0.1201767413,-0.1118398871,-0.0065864864,0.0065864864,negative,complete
gradient_boosting,TUPRS,2023,-0.1052534007,-0.1004172821,-0.0985101152,-0.1046176784,0.0006357223,0.0006357223,positive,complete
gradient_boosting,TURSG,2023,-0.1052534007,-0.1004172821,-0.1309613653,-0.1154347618,-0.0101813611,0.0101813611,negative,complete
gradient_boosting,ULKER,2023,-0.1052534007,-0.1004172821,-0.0956983227,-0.1036804143,0.0015729865,0.0015729865,positive,complete
gradient_boosting,ULUSE,2023,-0.1052534007,-0.1004172821,-0.0759183972,-0.0970871058,0.008166295,0.008166295,positive,complete
gradient_boosting,VAKBN,2023,-0.1052534007,-0.1004172821,-0.1014436303,-0.1055955168,-0.0003421161,0.0003421161,negative,complete
gradient_boosting,VESTL,2023,-0.1052534007,-0.1004172821,-0.0855101395,-0.1002843532,0.0049690475,0.0049690475,positive,complete
gradient_boosting,YKBNK,2023,-0.1052534007,-0.1004172821,-0.0944550274,-0.1032659825,0.0019874182,0.0019874182,positive,complete
gradient_boosting,ZOREN,2023,-0.1052534007,-0.1004172821,-0.1030625411,-0.1061351537,-0.000881753,0.000881753,negative,complete
gradient_boosting,AEFES,2024,-0.1052534007,-0.1158820668,-0.1207772686,-0.1068851346,-0.0016317339,0.0016317339,negative,complete
gradient_boosting,AGESA,2024,-0.1052534007,-0.1158820668,-0.1321324245,-0.1106701866,-0.0054167859,0.0054167859,negative,complete
gradient_boosting,AGHOL,2024,-0.1052534007,-0.1158820668,-0.1160060614,-0.1052947322,-4.13315e-05,4.13315e-05,negative,complete
gradient_boosting,AKBNK,2024,-0.1052534007,-0.1158820668,-0.1274228787,-0.109100338,-0.0038469373,0.0038469373,negative,complete
gradient_boosting,AKENR,2024,-0.1052534007,-0.1158820668,-0.0916631674,-0.0971804342,0.0080729665,0.0080729665,positive,complete
gradient_boosting,AKSA,2024,-0.1052534007,-0.1158820668,-0.1160060614,-0.1052947322,-4.13315e-05,4.13315e-05,negative,complete
gradient_boosting,AKSEN,2024,-0.1052534007,-0.1158820668,-0.1167120053,-0.1055300469,-0.0002766462,0.0002766462,negative,complete
gradient_boosting,ALARK,2024,-0.1052534007,-0.1158820668,-0.0973350617,-0.0990710657,0.006182335,0.006182335,positive,complete
gradient_boosting,ALBRK,2024,-0.1052534007,-0.1158820668,-0.1212641265,-0.1070474206,-0.0017940199,0.0017940199,negative,complete
gradient_boosting,ANHYT,2024,-0.1052534007,-0.1158820668,-0.1321324245,-0.1106701866,-0.0054167859,0.0054167859,negative,complete
gradient_boosting,ARCLK,2024,-0.1052534007,-0.1158820668,-0.1258162477,-0.1085647943,-0.0033113936,0.0033113936,negative,complete
gradient_boosting,ASELS,2024,-0.1052534007,-0.1158820668,-0.1068774761,-0.1022518705,0.0030015302,0.0030015302,positive,complete
gradient_boosting,ASTOR,2024,-0.1052534007,-0.1158820668,-0.1184160079,-0.1060980477,-0.000844647,0.000844647,negative,complete
gradient_boosting,BERA,2024,-0.1052534007,-0.1158820668,-0.1188298371,-0.1062359908,-0.0009825901,0.0009825901,negative,complete
gradient_boosting,BIMAS,2024,-0.1052534007,-0.1158820668,-0.1081919924,-0.1026900426,0.0025633581,0.0025633581,positive,complete
gradient_boosting,BRSAN,2024,-0.1052534007,-0.1158820668,-0.084165556,-0.0946812305,0.0105721703,0.0105721703,positive,complete
gradient_boosting,BTCIM,2024,-0.1052534007,-0.1158820668,-0.1053925596,-0.1017568983,0.0034965024,0.0034965024,positive,complete
gradient_boosting,CANTE,2024,-0.1052534007,-0.1158820668,-0.0848471571,-0.0949084308,0.0103449699,0.0103449699,positive,complete
gradient_boosting,CCOLA,2024,-0.1052534007,-0.1158820668,-0.1220917849,-0.1073233067,-0.002069906,0.002069906,negative,complete
gradient_boosting,CEMTS,2024,-0.1052534007,-0.1158820668,-0.1453392487,-0.1150724613,-0.0098190606,0.0098190606,negative,complete
gradient_boosting,CIMSA,2024,-0.1052534007,-0.1158820668,-0.1293946531,-0.1097575961,-0.0045041954,0.0045041954,negative,complete
gradient_boosting,DEVA,2024,-0.1052534007,-0.1158820668,-0.1010595245,-0.1003125533,0.0049408475,0.0049408475,positive,complete
gradient_boosting,DOAS,2024,-0.1052534007,-0.1158820668,-0.0947547149,-0.0982109501,0.0070424506,0.0070424506,positive,complete
gradient_boosting,DOHOL,2024,-0.1052534007,-0.1158820668,-0.1182699505,-0.106049362,-0.0007959612,0.0007959612,negative,complete
gradient_boosting,DSTKF,2024,-0.1052534007,-0.1158820668,-0.1197061813,-0.1065281055,-0.0012747048,0.0012747048,negative,complete
gradient_boosting,EGEEN,2024,-0.1052534007,-0.1158820668,-0.1112348542,-0.1037043298,0.0015490709,0.0015490709,positive,complete
gradient_boosting,EKGYO,2024,-0.1052534007,-0.1158820668,-0.0996476366,-0.099841924,0.0054114767,0.0054114767,positive,complete
gradient_boosting,ENJSA,2024,-0.1052534007,-0.1158820668,-0.1162251474,-0.1053677609,-0.0001143602,0.0001143602,negative,complete
gradient_boosting,ENKAI,2024,-0.1052534007,-0.1158820668,-0.1190002373,-0.1062927909,-0.0010393902,0.0010393902,negative,complete
gradient_boosting,EREGL,2024,-0.1052534007,-0.1158820668,-0.125280704,-0.1083862798,-0.0031328791,0.0031328791,negative,complete
gradient_boosting,FROTO,2024,-0.1052534007,-0.1158820668,-0.1172962348,-0.10572479,-0.0004713893,0.0004713893,negative,complete
gradient_boosting,GARAN,2024,-0.1052534007,-0.1158820668,-0.1331921446,-0.1110234266,-0.0057700259,0.0057700259,negative,complete
gradient_boosting,GUBRF,2024,-0.1052534007,-0.1158820668,-0.100475295,-0.1001178101,0.0051355906,0.0051355906,positive,complete
gradient_boosting,HALKB,2024,-0.1052534007,-0.1158820668,-0.1200226389,-0.1066335914,-0.0013801907,0.0013801907,negative,complete
gradient_boosting,HEKTS,2024,-0.1052534007,-0.1158820668,-0.1242826453,-0.1080535936,-0.0028001928,0.0028001928,negative,complete
gradient_boosting,ISCTR,2024,-0.1052534007,-0.1158820668,-0.1201930392,-0.1066903915,-0.0014369908,0.0014369908,negative,complete
gradient_boosting,ISGYO,2024,-0.1052534007,-0.1158820668,-0.1157382895,-0.105205475,4.79258e-05,4.79258e-05,positive,complete
gradient_boosting,KCHOL,2024,-0.1052534007,-0.1158820668,-0.1183186363,-0.1060655905,-0.0008121898,0.0008121898,negative,complete
gradient_boosting,KONTR,2024,-0.1052534007,-0.1158820668,-0.0829484113,-0.0942755155,0.0109778852,0.0109778852,positive,complete
gradient_boosting,KRDMD,2024,-0.1052534007,-0.1158820668,-0.117247549,-0.1057085614,-0.0004551607,0.0004551607,negative,complete
gradient_boosting,KRVGD,2024,-0.1052534007,-0.1158820668,-0.123674073,-0.1078507361,-0.0025973354,0.0025973354,negative,complete
gradient_boosting,KUYAS,2024,-0.1052534007,-0.1158820668,-0.1264004771,-0.1087595375,-0.0035061368,0.0035061368,negative,complete
gradient_boosting,LOGO,2024,-0.1052534007,-0.1158820668,-0.119535781,-0.1064713054,-0.0012179047,0.0012179047,negative,complete
gradient_boosting,MAVI,2024,-0.1052534007,-0.1158820668,-0.1217753273,-0.1072178209,-0.0019644201,0.0019644201,negative,complete
gradient_boosting,MGROS,2024,-0.1052534007,-0.1158820668,-0.1080946208,-0.1026575854,0.0025958153,0.0025958153,positive,complete
gradient_boosting,MIATK,2024,-0.1052534007,-0.1158820668,-0.1028608986,-0.1009130113,0.0043403894,0.0043403894,positive,complete
gradient_boosting,MPARK,2024,-0.1052534007,-0.1158820668,-0.1308552267,-0.110244454,-0.0049910533,0.0049910533,negative,complete
gradient_boosting,NETAS,2024,-0.1052534007,-0.1158820668,-0.1110157681,-0.1036313011,0.0016220996,0.0016220996,positive,complete
gradient_boosting,NTGAZ,2024,-0.1052534007,-0.1158820668,-0.0998910656,-0.099923067,0.0053303338,0.0053303338,positive,complete
gradient_boosting,ODAS,2024,-0.1052534007,-0.1158820668,-0.1522526306,-0.117376922,-0.0121235212,0.0121235212,negative,complete
gradient_boosting,OTKAR,2024,-0.1052534007,-0.1158820668,-0.1112835399,-0.1037205584,0.0015328423,0.0015328423,positive,complete
gradient_boosting,OYAKC,2024,-0.1052534007,-0.1158820668,-0.1034451281,-0.1011077545,0.0041456462,0.0041456462,positive,complete
gradient_boosting,PASEU,2024,-0.1052534007,-0.1158820668,-0.0885472769,-0.0961418041,0.0091115966,0.0091115966,positive,complete
gradient_boosting,PETKM,2024,-0.1052534007,-0.1158820668,-0.1235523585,-0.1078101646,-0.0025567639,0.0025567639,negative,complete
gradient_boosting,PGSUS,2024,-0.1052534007,-0.1158820668,-0.1223838996,-0.1074206783,-0.0021672776,0.0021672776,negative,complete
gradient_boosting,PRKME,2024,-0.1052534007,-0.1158820668,-0.1182699505,-0.106049362,-0.0007959612,0.0007959612,negative,complete
gradient_boosting,SAHOL,2024,-0.1052534007,-0.1158820668,-0.115397489,-0.1050918748,0.0001615259,0.0001615259,positive,complete
gradient_boosting,SASA,2024,-0.1052534007,-0.1158820668,-0.1184160079,-0.1060980477,-0.000844647,0.000844647,negative,complete
gradient_boosting,SELEC,2024,-0.1052534007,-0.1158820668,-0.1162981761,-0.1053921038,-0.0001387031,0.0001387031,negative,complete
gradient_boosting,SISE,2024,-0.1052534007,-0.1158820668,-0.1236010443,-0.1078263932,-0.0025729925,0.0025729925,negative,complete
gradient_boosting,SKBNK,2024,-0.1052534007,-0.1158820668,-0.1164442335,-0.1054407896,-0.0001873889,0.0001873889,negative,complete
gradient_boosting,SMRTG,2024,-0.1052534007,-0.1158820668,-0.0937809992,-0.0978863782,0.0073670226,0.0073670226,positive,complete
gradient_boosting,SOKM,2024,-0.1052534007,-0.1158820668,-0.1248668748,-0.1082483367,-0.002994936,0.002994936,negative,complete
gradient_boosting,TAVHL,2024,-0.1052534007,-0.1158820668,-0.1187324655,-0.1062035336,-0.0009501329,0.0009501329,negative,complete
gradient_boosting,TBORG,2024,-0.1052534007,-0.1158820668,-0.1199252673,-0.1066011342,-0.0013477335,0.0013477335,negative,complete
gradient_boosting,TCELL,2024,-0.1052534007,-0.1158820668,-0.1021792976,-0.100685811,0.0045675897,0.0045675897,positive,complete
gradient_boosting,THYAO,2024,-0.1052534007,-0.1158820668,-0.1061958751,-0.1020246701,0.0032287306,0.0032287306,positive,complete
gradient_boosting,TOASO,2024,-0.1052534007,-0.1158820668,-0.1200226389,-0.1066335914,-0.0013801907,0.0013801907,negative,complete
gradient_boosting,TRALT,2024,-0.1052534007,-0.1158820668,-0.1080215921,-0.1026332425,0.0026201582,0.0026201582,positive,complete
gradient_boosting,TRMET,2024,-0.1052534007,-0.1158820668,-0.1329000298,-0.110926055,-0.0056726543,0.0056726543,negative,complete
gradient_boosting,TSKB,2024,-0.1052534007,-0.1158820668,-0.1198035528,-0.1065605627,-0.001307162,0.001307162,negative,complete
gradient_boosting,TTKOM,2024,-0.1052534007,-0.1158820668,-0.1030799847,-0.10098604,0.0042673607,0.0042673607,positive,complete
gradient_boosting,TUPRS,2024,-0.1052534007,-0.1158820668,-0.132169743,-0.1106826261,-0.0054292254,0.0054292254,negative,complete
gradient_boosting,TURSG,2024,-0.1052534007,-0.1158820668,-0.1265952203,-0.1088244519,-0.0035710512,0.0035710512,negative,complete
gradient_boosting,ULKER,2024,-0.1052534007,-0.1158820668,-0.120923326,-0.1069338204,-0.0016804197,0.0016804197,negative,complete
gradient_boosting,ULUSE,2024,-0.1052534007,-0.1158820668,-0.1251346466,-0.108337594,-0.0030841933,0.0030841933,negative,complete
gradient_boosting,VAKBN,2024,-0.1052534007,-0.1158820668,-0.1223595567,-0.107412564,-0.0021591633,0.0021591633,negative,complete
gradient_boosting,VESTL,2024,-0.1052534007,-0.1158820668,-0.1115999976,-0.1038260443,0.0014273564,0.0014273564,positive,complete
gradient_boosting,YKBNK,2024,-0.1052534007,-0.1158820668,-0.1237471017,-0.107875079,-0.0026216783,0.0026216783,negative,complete
gradient_boosting,ZOREN,2024,-0.1052534007,-0.1158820668,-0.1273255071,-0.1090678808,-0.0038144801,0.0038144801,negative,complete
gradient_boosting,AEFES,2025,-0.1052534007,-0.0994608533,-0.0990749757,-0.1051247748,0.0001286259,0.0001286259,positive,complete
gradient_boosting,AGESA,2025,-0.1052534007,-0.0994608533,-0.1162609542,-0.1108534344,-0.0056000337,0.0056000337,negative,complete
gradient_boosting,AGHOL,2025,-0.1052534007,-0.0994608533,-0.108617332,-0.1083055603,-0.0030521596,0.0030521596,negative,complete
gradient_boosting,AKBNK,2025,-0.1052534007,-0.0994608533,-0.1051850049,-0.1071614513,-0.0019080505,0.0019080505,negative,complete
gradient_boosting,AKENR,2025,-0.1052534007,-0.0994608533,-0.0771665044,-0.0978219511,0.0074314496,0.0074314496,positive,complete
gradient_boosting,AKSA,2025,-0.1052534007,-0.0994608533,-0.1045277507,-0.1069423665,-0.0016889658,0.0016889658,negative,complete
gradient_boosting,AKSEN,2025,-0.1052534007,-0.0994608533,-0.1055014606,-0.1072669365,-0.0020135358,0.0020135358,negative,complete
gradient_boosting,ALARK,2025,-0.1052534007,-0.0994608533,-0.1064508277,-0.1075833922,-0.0023299915,0.0023299915,negative,complete
gradient_boosting,ALBRK,2025,-0.1052534007,-0.0994608533,-0.1131694255,-0.1098229248,-0.0045695241,0.0045695241,negative,complete
gradient_boosting,ANHYT,2025,-0.1052534007,-0.0994608533,-0.0972979552,-0.1045324347,0.000720966,0.000720966,positive,complete
gradient_boosting,ARCLK,2025,-0.1052534007,-0.0994608533,-0.1205452775,-0.1122815421,-0.0070281414,0.0070281414,negative,complete
gradient_boosting,ASELS,2025,-0.1052534007,-0.0994608533,-0.0833739046,-0.0998910845,0.0053623162,0.0053623162,positive,complete
gradient_boosting,ASTOR,2025,-0.1052534007,-0.0994608533,-0.1069863681,-0.1077619057,-0.0025085049,0.0025085049,negative,complete
gradient_boosting,BERA,2025,-0.1052534007,-0.0994608533,-0.0977848101,-0.1046947197,0.000558681,0.000558681,positive,complete
gradient_boosting,BIMAS,2025,-0.1052534007,-0.0994608533,-0.1012171373,-0.1058388287,-0.000585428,0.000585428,negative,complete
gradient_boosting,BRSAN,2025,-0.1052534007,-0.0994608533,-0.0899951315,-0.1020981601,0.0031552406,0.0031552406,positive,complete
gradient_boosting,BTCIM,2025,-0.1052534007,-0.0994608533,-0.0938899708,-0.1033964399,0.0018569608,0.0018569608,positive,complete
gradient_boosting,CANTE,2025,-0.1052534007,-0.0994608533,-0.0923076923,-0.1028690137,0.002384387,0.002384387,positive,complete
gradient_boosting,CCOLA,2025,-0.1052534007,-0.0994608533,-0.1048685492,-0.107055966,-0.0018025653,0.0018025653,negative,complete
gradient_boosting,CEMTS,2025,-0.1052534007,-0.0994608533,-0.1124148004,-0.1095713831,-0.0043179824,0.0043179824,negative,complete
gradient_boosting,CIMSA,2025,-0.1052534007,-0.0994608533,-0.0949367089,-0.1037453526,0.0015080481,0.0015080481,positive,complete
gradient_boosting,DEVA,2025,-0.1052534007,-0.0994608533,-0.0960808179,-0.1041267223,0.0011266784,0.0011266784,positive,complete
gradient_boosting,DOAS,2025,-0.1052534007,-0.0994608533,-0.1021665044,-0.1061552844,-0.0009018837,0.0009018837,negative,complete
gradient_boosting,DOHOL,2025,-0.1052534007,-0.0994608533,-0.1024829601,-0.1062607697,-0.0010073689,0.0010073689,negative,complete
gradient_boosting,DSTKF,2025,-0.1052534007,-0.0994608533,-0.086976631,-0.1010919933,0.0041614074,0.0041614074,positive,complete
gradient_boosting,EKGYO,2025,-0.1052534007,-0.0994608533,-0.104600779,-0.1069667093,-0.0017133086,0.0017133086,negative,complete
gradient_boosting,ENJSA,2025,-0.1052534007,-0.0994608533,-0.0805258033,-0.0989417174,0.0063116833,0.0063116833,positive,complete
gradient_boosting,ENKAI,2025,-0.1052534007,-0.0994608533,-0.1041139241,-0.1068044243,-0.0015510236,0.0015510236,negative,complete
gradient_boosting,EREGL,2025,-0.1052534007,-0.0994608533,-0.1005842259,-0.1056278583,-0.0003744575,0.0003744575,negative,complete
gradient_boosting,FROTO,2025,-0.1052534007,-0.0994608533,-0.1023125609,-0.1062039699,-0.0009505692,0.0009505692,negative,complete
gradient_boosting,GARAN,2025,-0.1052534007,-0.0994608533,-0.1052580331,-0.107185794,-0.0019323933,0.0019323933,negative,complete
gradient_boosting,GUBRF,2025,-0.1052534007,-0.0994608533,-0.0990506329,-0.1051166606,0.0001367401,0.0001367401,positive,complete
gradient_boosting,HALKB,2025,-0.1052534007,-0.0994608533,-0.114654333,-0.110317894,-0.0050644933,0.0050644933,negative,complete
gradient_boosting,HEKTS,2025,-0.1052534007,-0.0994608533,-0.075,-0.097099783,0.0081536178,0.0081536178,positive,complete
gradient_boosting,ISCTR,2025,-0.1052534007,-0.0994608533,-0.1009250243,-0.1057414577,-0.000488057,0.000488057,negative,complete
gradient_boosting,ISGYO,2025,-0.1052534007,-0.0994608533,-0.1049415774,-0.1070803088,-0.0018269081,0.0018269081,negative,complete
gradient_boosting,KCHOL,2025,-0.1052534007,-0.0994608533,-0.104600779,-0.1069667093,-0.0017133086,0.0017133086,negative,complete
gradient_boosting,KONTR,2025,-0.1052534007,-0.0994608533,-0.078067186,-0.0981221783,0.0071312224,0.0071312224,positive,complete
gradient_boosting,KRDMD,2025,-0.1052534007,-0.0994608533,-0.0874878286,-0.1012623925,0.0039910082,0.0039910082,positive,complete
gradient_boosting,KRVGD,2025,-0.1052534007,-0.0994608533,-0.0969571568,-0.1044188352,0.0008345655,0.0008345655,positive,complete
gradient_boosting,KUYAS,2025,-0.1052534007,-0.0994608533,-0.1361976631,-0.117499004,-0.0122456033,0.0122456033,negative,complete
gradient_boosting,LOGO,2025,-0.1052534007,-0.0994608533,-0.117526777,-0.1112753753,-0.0060219746,0.0060219746,negative,complete
gradient_boosting,MAVI,2025,-0.1052534007,-0.0994608533,-0.0994644596,-0.1052546028,-1.2021e-06,1.2021e-06,negative,complete
gradient_boosting,MGROS,2025,-0.1052534007,-0.0994608533,-0.0888753651,-0.1017249047,0.003528496,0.003528496,positive,complete
gradient_boosting,MIATK,2025,-0.1052534007,-0.0994608533,-0.1151898734,-0.1104964074,-0.0052430067,0.0052430067,negative,complete
gradient_boosting,MPARK,2025,-0.1052534007,-0.0994608533,-0.0993184031,-0.1052059173,4.74834e-05,4.74834e-05,positive,complete
gradient_boosting,NETAS,2025,-0.1052534007,-0.0994608533,-0.0790408958,-0.0984467482,0.0068066525,0.0068066525,positive,complete
gradient_boosting,NTGAZ,2025,-0.1052534007,-0.0994608533,-0.0714216164,-0.0959069884,0.0093464123,0.0093464123,positive,complete
gradient_boosting,ODAS,2025,-0.1052534007,-0.0994608533,-0.086976631,-0.1010919933,0.0041614074,0.0041614074,positive,complete
gradient_boosting,OTKAR,2025,-0.1052534007,-0.0994608533,-0.0989532619,-0.1050842036,0.0001691971,0.0001691971,positive,complete
gradient_boosting,OYAKC,2025,-0.1052534007,-0.0994608533,-0.1050876339,-0.1071289943,-0.0018755935,0.0018755935,negative,complete
gradient_boosting,PASEU,2025,-0.1052534007,-0.0994608533,-0.0751217137,-0.0971403542,0.0081130465,0.0081130465,positive,complete
gradient_boosting,PETKM,2025,-0.1052534007,-0.0994608533,-0.0804527751,-0.0989173747,0.0063360261,0.0063360261,positive,complete
gradient_boosting,PGSUS,2025,-0.1052534007,-0.0994608533,-0.0829600779,-0.0997531423,0.0055002585,0.0055002585,positive,complete
gradient_boosting,PRKME,2025,-0.1052534007,-0.0994608533,-0.0758276534,-0.0973756674,0.0078777333,0.0078777333,positive,complete
gradient_boosting,RGYAS,2025,-0.1052534007,-0.0994608533,-0.1009737098,-0.1057576862,-0.0005042855,0.0005042855,negative,complete
gradient_boosting,SAHOL,2025,-0.1052534007,-0.0994608533,-0.092721519,-0.103006956,0.0022464448,0.0022464448,positive,complete
gradient_boosting,SASA,2025,-0.1052534007,-0.0994608533,-0.1060613437,-0.1074535642,-0.0022001635,0.0022001635,negative,complete
gradient_boosting,SELEC,2025,-0.1052534007,-0.0994608533,-0.1,-0.1054331163,-0.0001797156,0.0001797156,negative,complete
gradient_boosting,SISE,2025,-0.1052534007,-0.0994608533,-0.1052336904,-0.1071776797,-0.001924279,0.001924279,negative,complete
gradient_boosting,SKBNK,2025,-0.1052534007,-0.0994608533,-0.122322298,-0.1128738823,-0.0076204816,0.0076204816,negative,complete
gradient_boosting,SMRTG,2025,-0.1052534007,-0.0994608533,-0.1375608569,-0.1179534019,-0.0127000012,0.0127000012,negative,complete
gradient_boosting,SOKM,2025,-0.1052534007,-0.0994608533,-0.103067186,-0.1064555116,-0.0012021109,0.0012021109,negative,complete
gradient_boosting,TAVHL,2025,-0.1052534007,-0.0994608533,-0.1004138267,-0.1055710585,-0.0003176578,0.0003176578,negative,complete
gradient_boosting,TBORG,2025,-0.1052534007,-0.0994608533,-0.0936708861,-0.1033234117,0.0019299891,0.0019299891,positive,complete
gradient_boosting,TCELL,2025,-0.1052534007,-0.0994608533,-0.1017526777,-0.1060173422,-0.0007639415,0.0007639415,negative,complete
gradient_boosting,THYAO,2025,-0.1052534007,-0.0994608533,-0.0828627069,-0.0997206853,0.0055327154,0.0055327154,positive,complete
gradient_boosting,TOASO,2025,-0.1052534007,-0.0994608533,-0.0893135346,-0.1018709612,0.0033824396,0.0033824396,positive,complete
gradient_boosting,TRALT,2025,-0.1052534007,-0.0994608533,-0.1228334956,-0.1130442815,-0.0077908808,0.0077908808,negative,complete
gradient_boosting,TRMET,2025,-0.1052534007,-0.0994608533,-0.1216163583,-0.1126385691,-0.0073851684,0.0073851684,negative,complete
gradient_boosting,TSKB,2025,-0.1052534007,-0.0994608533,-0.09875852,-0.1050192896,0.0002341111,0.0002341111,positive,complete
gradient_boosting,TTKOM,2025,-0.1052534007,-0.0994608533,-0.0931353457,-0.1031448982,0.0021085025,0.0021085025,positive,complete
gradient_boosting,TUPRS,2025,-0.1052534007,-0.0994608533,-0.0932814021,-0.1031935837,0.002059817,0.002059817,positive,complete
gradient_boosting,TURSG,2025,-0.1052534007,-0.0994608533,-0.0841285297,-0.1001426262,0.0051107745,0.0051107745,positive,complete
gradient_boosting,ULKER,2025,-0.1052534007,-0.0994608533,-0.0995861733,-0.1052951741,-4.17734e-05,4.17734e-05,negative,complete
gradient_boosting,ULUSE,2025,-0.1052534007,-0.0994608533,-0.0847614411,-0.1003535967,0.0048998041,0.0048998041,positive,complete
gradient_boosting,VAKBN,2025,-0.1052534007,-0.0994608533,-0.1119522882,-0.1094172124,-0.0041638117,0.0041638117,negative,complete
gradient_boosting,VESTL,2025,-0.1052534007,-0.0994608533,-0.1079844206,-0.1080945898,-0.0028411891,0.0028411891,negative,complete
gradient_boosting,YKBNK,2025,-0.1052534007,-0.0994608533,-0.104308666,-0.1068693383,-0.0016159376,0.0016159376,negative,complete
gradient_boosting,ZOREN,2025,-0.1052534007,-0.0994608533,-0.1064751704,-0.1075915064,-0.0023381057,0.0023381057,negative,complete
lasso,AEFES,2023,0.0895453259,0.0108066293,0.0185739672,0.0921344385,0.0025891126,0.0025891126,positive,complete
lasso,AGESA,2023,0.0895453259,0.0108066293,0.0052581611,0.0876958365,-0.0018494894,0.0018494894,negative,complete
lasso,AGHOL,2023,0.0895453259,0.0108066293,0.0232965749,0.0937086411,0.0041633152,0.0041633152,positive,complete
lasso,AKBNK,2023,0.0895453259,0.0108066293,0.001728377,0.0865192418,-0.0030260841,0.0030260841,negative,complete
lasso,AKENR,2023,0.0895453259,0.0108066293,-0.0074977482,0.0834438667,-0.0061014592,0.0061014592,negative,complete
lasso,AKSA,2023,0.0895453259,0.0108066293,0.0081063317,0.0886452267,-0.0009000992,0.0009000992,negative,complete
lasso,AKSEN,2023,0.0895453259,0.0108066293,-0.0184035639,0.0798085948,-0.0097367311,0.0097367311,negative,complete
lasso,ALARK,2023,0.0895453259,0.0108066293,0.0082523917,0.0886939134,-0.0008514125,0.0008514125,negative,complete
lasso,ALBRK,2023,0.0895453259,0.0108066293,0.0105650089,0.0894647857,-8.05401e-05,8.05401e-05,negative,complete
lasso,ANHYT,2023,0.0895453259,0.0108066293,0.001655347,0.0864948985,-0.0030504274,0.0030504274,negative,complete
lasso,ARCLK,2023,0.0895453259,0.0108066293,-0.0004868668,0.0857808272,-0.0037644987,0.0037644987,negative,complete
lasso,ASELS,2023,0.0895453259,0.0108066293,0.0109788456,0.0896027313,5.74054e-05,5.74054e-05,positive,complete
lasso,ASTOR,2023,0.0895453259,0.0108066293,0.0026777183,0.0868356889,-0.002709637,0.002709637,negative,complete
lasso,BERA,2023,0.0895453259,0.0108066293,0.0205214343,0.0927835942,0.0032382683,0.0032382683,positive,complete
lasso,BIMAS,2023,0.0895453259,0.0108066293,0.0374643979,0.0984312487,0.0088859229,0.0088859229,positive,complete
lasso,BRSAN,2023,0.0895453259,0.0108066293,0.0301127097,0.095980686,0.0064353601,0.0064353601,positive,complete
lasso,BTCIM,2023,0.0895453259,0.0108066293,-0.0093965286,0.0828109399,-0.006734386,0.006734386,negative,complete
lasso,CANTE,2023,0.0895453259,0.0108066293,0.0496847538,0.1025047007,0.0129593748,0.0129593748,positive,complete
lasso,CCOLA,2023,0.0895453259,0.0108066293,0.0326200735,0.096816474,0.0072711481,0.0072711481,positive,complete
lasso,CEMTS,2023,0.0895453259,0.0108066293,0.0149468098,0.090925386,0.0013800602,0.0013800602,positive,complete
lasso,CIMSA,2023,0.0895453259,0.0108066293,0.0073516882,0.0883936788,-0.001151647,0.001151647,negative,complete
lasso,DEVA,2023,0.0895453259,0.0108066293,0.001436257,0.0864218684,-0.0031234575,0.0031234575,negative,complete
lasso,DOAS,2023,0.0895453259,0.0108066293,0.0055259378,0.0877850954,-0.0017602305,0.0017602305,negative,complete
lasso,DOHOL,2023,0.0895453259,0.0108066293,0.0173081136,0.0917124873,0.0021671614,0.0021671614,positive,complete
lasso,DSTKF,2023,0.0895453259,0.0108066293,0.0132303629,0.0903532371,0.0008079112,0.0008079112,positive,complete
lasso,EGEEN,2023,0.0895453259,0.0108066293,0.020497091,0.0927754798,0.0032301539,0.0032301539,positive,complete
lasso,EKGYO,2023,0.0895453259,0.0108066293,0.022298498,0.0933759488,0.0038306229,0.0038306229,positive,complete
lasso,ENJSA,2023,0.0895453259,0.0108066293,0.0099807688,0.089270039,-0.0002752869,0.0002752869,negative,complete
lasso,ENKAI,2023,0.0895453259,0.0108066293,0.0055259378,0.0877850954,-0.0017602305,0.0017602305,negative,complete
lasso,EREGL,2023,0.0895453259,0.0108066293,-0.0059397746,0.0839631913,-0.0055821346,0.0055821346,negative,complete
lasso,FROTO,2023,0.0895453259,0.0108066293,0.0116117724,0.0898137069,0.000268381,0.000268381,positive,complete
lasso,GARAN,2023,0.0895453259,0.0108066293,0.008057645,0.0886289978,-0.0009163281,0.0009163281,negative,complete
lasso,GUBRF,2023,0.0895453259,0.0108066293,0.0097860221,0.0892051235,-0.0003402024,0.0003402024,negative,complete
lasso,HALKB,2023,0.0895453259,0.0108066293,0.0121473259,0.0899922247,0.0004468989,0.0004468989,positive,complete
lasso,HEKTS,2023,0.0895453259,0.0108066293,0.0426982156,0.1001758547,0.0106305288,0.0106305288,positive,complete
lasso,ISCTR,2023,0.0895453259,0.0108066293,-0.0060371479,0.0839307335,-0.0056145924,0.0056145924,negative,complete
lasso,ISGYO,2023,0.0895453259,0.0108066293,0.004600891,0.0874767464,-0.0020685795,0.0020685795,negative,complete
lasso,KCHOL,2023,0.0895453259,0.0108066293,0.0232478882,0.0936924122,0.0041470863,0.0041470863,positive,complete
lasso,KONTR,2023,0.0895453259,0.0108066293,0.0119769225,0.0899354236,0.0003900977,0.0003900977,positive,complete
lasso,KRDMD,2023,0.0895453259,0.0108066293,0.0088853185,0.088904889,-0.0006404369,0.0006404369,negative,complete
lasso,KRVGD,2023,0.0895453259,0.0108066293,0.0180871005,0.0919721496,0.0024268237,0.0024268237,positive,complete
lasso,KUYAS,2023,0.0895453259,0.0108066293,-0.0099320821,0.0826324221,-0.0069129038,0.0069129038,negative,complete
lasso,LOGO,2023,0.0895453259,0.0108066293,0.0068891648,0.0882395044,-0.0013058215,0.0013058215,negative,complete
lasso,MAVI,2023,0.0895453259,0.0108066293,-0.0012901969,0.0855130505,-0.0040322754,0.0040322754,negative,complete
lasso,MGROS,2023,0.0895453259,0.0108066293,0.0040653375,0.0872982286,-0.0022470973,0.0022470973,negative,complete
lasso,MIATK,2023,0.0895453259,0.0108066293,-0.023953845,0.0779585011,-0.0115868248,0.0115868248,negative,complete
lasso,MPARK,2023,0.0895453259,0.0108066293,0.0191095207,0.0923129563,0.0027676305,0.0027676305,positive,complete
lasso,NETAS,2023,0.0895453259,0.0108066293,-0.0002677767,0.0858538572,-0.0036914687,0.0036914687,negative,complete
lasso,NTGAZ,2023,0.0895453259,0.0108066293,0.0164560968,0.0914284817,0.0018831558,0.0018831558,positive,complete
lasso,ODAS,2023,0.0895453259,0.0108066293,0.0208865844,0.0929053109,0.003359985,0.003359985,positive,complete
lasso,OTKAR,2023,0.0895453259,0.0108066293,0.0308186665,0.0962160049,0.0066706791,0.0066706791,positive,complete
lasso,OYAKC,2023,0.0895453259,0.0108066293,-0.0082767351,0.0831842044,-0.0063611215,0.0063611215,negative,complete
lasso,PASEU,2023,0.0895453259,0.0108066293,0.0084469842,0.0887587775,-0.0007865484,0.0007865484,negative,complete
lasso,PETKM,2023,0.0895453259,0.0108066293,-0.004966041,0.0842877691,-0.0052575568,0.0052575568,negative,complete
lasso,PGSUS,2023,0.0895453259,0.0108066293,0.0114170257,0.0897487914,0.0002034655,0.0002034655,positive,complete
lasso,PRKME,2023,0.0895453259,0.0108066293,0.0307943231,0.0962078905,0.0066625646,0.0066625646,positive,complete
lasso,SAHOL,2023,0.0895453259,0.0108066293,0.0111979357,0.0896757613,0.0001304355,0.0001304355,positive,complete
lasso,SASA,2023,0.0895453259,0.0108066293,0.0346405706,0.097489973,0.0079446471,0.0079446471,positive,complete
lasso,SELEC,2023,0.0895453259,0.0108066293,0.0133158061,0.0903817182,0.0008363923,0.0008363923,positive,complete
lasso,SISE,2023,0.0895453259,0.0108066293,0.0059397746,0.087923041,-0.0016222849,0.0016222849,negative,complete
lasso,SKBNK,2023,0.0895453259,0.0108066293,0.0069135081,0.0882476188,-0.0012977071,0.0012977071,negative,complete
lasso,SMRTG,2023,0.0895453259,0.0108066293,0.0141434796,0.0906576093,0.0011122834,0.0011122834,positive,complete
lasso,SOKM,2023,0.0895453259,0.0108066293,0.0243433385,0.0940575623,0.0045122364,0.0045122364,positive,complete
lasso,TAVHL,2023,0.0895453259,0.0108066293,0.0082523917,0.0886939134,-0.0008514125,0.0008514125,negative,complete
lasso,TBORG,2023,0.0895453259,0.0108066293,0.0156040799,0.0911444761,0.0015991502,0.0015991502,positive,complete
lasso,TCELL,2023,0.0895453259,0.0108066293,0.0108814723,0.0895702735,2.49477e-05,2.49477e-05,positive,complete
lasso,THYAO,2023,0.0895453259,0.0108066293,0.0042357409,0.0873550297,-0.0021902961,0.0021902961,negative,complete
lasso,TOASO,2023,0.0895453259,0.0108066293,0.0105406655,0.0894566713,-8.86546e-05,8.86546e-05,negative,complete
lasso,TRALT,2023,0.0895453259,0.0108066293,0.018987804,0.0922723841,0.0027270582,0.0027270582,positive,complete
lasso,TRMET,2023,0.0895453259,0.0108066293,0.0111979357,0.0896757613,0.0001304355,0.0001304355,positive,complete
lasso,TSKB,2023,0.0895453259,0.0108066293,0.0078142116,0.0885478533,-0.0009974726,0.0009974726,negative,complete
lasso,TTKOM,2023,0.0895453259,0.0108066293,0.0050147277,0.087614692,-0.0019306339,0.0019306339,negative,complete
lasso,TUPRS,2023,0.0895453259,0.0108066293,0.0411645853,0.0996646446,0.0101193187,0.0101193187,positive,complete
lasso,TURSG,2023,0.0895453259,0.0108066293,-0.0150928698,0.0809121595,-0.0086331664,0.0086331664,negative,complete
lasso,ULKER,2023,0.0895453259,0.0108066293,0.0211787045,0.0930026843,0.0034573584,0.0034573584,positive,complete
lasso,ULUSE,2023,0.0895453259,0.0108066293,0.0007546435,0.0861946639,-0.0033506619,0.0033506619,negative,complete
lasso,VAKBN,2023,0.0895453259,0.0108066293,0.0139000463,0.0905764649,0.001031139,0.001031139,positive,complete
lasso,VESTL,2023,0.0895453259,0.0108066293,0.0123907593,0.0900733692,0.0005280433,0.0005280433,positive,complete
lasso,YKBNK,2023,0.0895453259,0.0108066293,-0.0012901969,0.0855130505,-0.0040322754,0.0040322754,negative,complete
lasso,ZOREN,2023,0.0895453259,0.0108066293,0.0054285645,0.0877526376,-0.0017926883,0.0017926883,negative,complete
lasso,AEFES,2024,0.0895453259,0.1386779184,0.1349318403,0.0882966332,-0.0012486927,0.0012486927,negative,complete
lasso,AGESA,2024,0.0895453259,0.1386779184,0.1233203505,0.0844261366,-0.0051191893,0.0051191893,negative,complete
lasso,AGHOL,2024,0.0895453259,0.1386779184,0.1389970789,0.0896517127,0.0001063868,0.0001063868,positive,complete
lasso,AKBNK,2024,0.0895453259,0.1386779184,0.135345667,0.0884345754,-0.0011107505,0.0011107505,negative,complete
lasso,AKENR,2024,0.0895453259,0.1386779184,0.1640701071,0.0980093888,0.0084640629,0.0084640629,positive,complete
lasso,AKSA,2024,0.0895453259,0.1386779184,0.1378286271,0.0892622288,-0.0002830971,0.0002830971,negative,complete
lasso,AKSEN,2024,0.0895453259,0.1386779184,0.1376825706,0.0892135433,-0.0003317826,0.0003317826,negative,complete
lasso,ALARK,2024,0.0895453259,0.1386779184,0.1337390458,0.087899035,-0.0016462909,0.0016462909,negative,complete
lasso,ALBRK,2024,0.0895453259,0.1386779184,0.1462268744,0.0920616445,0.0025163187,0.0025163187,positive,complete
lasso,ANHYT,2024,0.0895453259,0.1386779184,0.1388753651,0.0896111415,6.58156e-05,6.58156e-05,positive,complete
lasso,ARCLK,2024,0.0895453259,0.1386779184,0.138218111,0.0893920567,-0.0001532691,0.0001532691,negative,complete
lasso,ASELS,2024,0.0895453259,0.1386779184,0.1465189873,0.0921590155,0.0026136896,0.0026136896,positive,complete
lasso,ASTOR,2024,0.0895453259,0.1386779184,0.1525559883,0.0941713492,0.0046260233,0.0046260233,positive,complete
lasso,BERA,2024,0.0895453259,0.1386779184,0.1327409932,0.0875663508,-0.0019789751,0.0019789751,negative,complete
lasso,BIMAS,2024,0.0895453259,0.1386779184,0.1544303797,0.0947961463,0.0052508204,0.0052508204,positive,complete
lasso,BRSAN,2024,0.0895453259,0.1386779184,0.1395326193,0.0898302262,0.0002849003,0.0002849003,positive,complete
lasso,BTCIM,2024,0.0895453259,0.1386779184,0.1525073028,0.0941551207,0.0046097948,0.0046097948,positive,complete
lasso,CANTE,2024,0.0895453259,0.1386779184,0.1716407011,0.1005329201,0.0109875942,0.0109875942,positive,complete
lasso,CCOLA,2024,0.0895453259,0.1386779184,0.1320593963,0.0873391518,-0.002206174,0.002206174,negative,complete
lasso,CEMTS,2024,0.0895453259,0.1386779184,0.1177702045,0.0825760879,-0.006969238,0.006969238,negative,complete
lasso,CIMSA,2024,0.0895453259,0.1386779184,0.1329600779,0.087639379,-0.0019059468,0.0019059468,negative,complete
lasso,DEVA,2024,0.0895453259,0.1386779184,0.1444011685,0.0914530759,0.00190775,0.00190775,positive,complete
lasso,DOAS,2024,0.0895453259,0.1386779184,0.1499756573,0.0933112388,0.0037659129,0.0037659129,positive,complete
lasso,DOHOL,2024,0.0895453259,0.1386779184,0.1360759494,0.0886780029,-0.000867323,0.000867323,negative,complete
lasso,DSTKF,2024,0.0895453259,0.1386779184,0.1370496592,0.0890025728,-0.0005427531,0.0005427531,negative,complete
lasso,EGEEN,2024,0.0895453259,0.1386779184,0.1304040896,0.0867873829,-0.0027579429,0.0027579429,negative,complete
lasso,EKGYO,2024,0.0895453259,0.1386779184,0.1495861733,0.0931814109,0.003636085,0.003636085,positive,complete
lasso,ENJSA,2024,0.0895453259,0.1386779184,0.1391918208,0.0897166267,0.0001713008,0.0001713008,positive,complete
lasso,ENKAI,2024,0.0895453259,0.1386779184,0.1371957157,0.0890512583,-0.0004940676,0.0004940676,negative,complete
lasso,EREGL,2024,0.0895453259,0.1386779184,0.1406037001,0.0901872531,0.0006419272,0.0006419272,positive,complete
lasso,FROTO,2024,0.0895453259,0.1386779184,0.1432814021,0.0910798205,0.0015344946,0.0015344946,positive,complete
lasso,GARAN,2024,0.0895453259,0.1386779184,0.1234420643,0.0844667078,-0.0050786181,0.0050786181,negative,complete
lasso,GUBRF,2024,0.0895453259,0.1386779184,0.1486124635,0.0928568409,0.003311515,0.003311515,positive,complete
lasso,HALKB,2024,0.0895453259,0.1386779184,0.1365384615,0.0888321736,-0.0007131523,0.0007131523,negative,complete
lasso,HEKTS,2024,0.0895453259,0.1386779184,0.107278481,0.0790788467,-0.0104664791,0.0104664791,negative,complete
lasso,ISCTR,2024,0.0895453259,0.1386779184,0.1399951315,0.0899843969,0.000439071,0.000439071,positive,complete
lasso,ISGYO,2024,0.0895453259,0.1386779184,0.1381450828,0.089367714,-0.0001776119,0.0001776119,negative,complete
lasso,KCHOL,2024,0.0895453259,0.1386779184,0.1448636806,0.0916072466,0.0020619207,0.0020619207,positive,complete
lasso,KONTR,2024,0.0895453259,0.1386779184,0.180647517,0.1035351921,0.0139898662,0.0139898662,positive,complete
lasso,KRDMD,2024,0.0895453259,0.1386779184,0.1450827653,0.0916802749,0.002134949,0.002134949,positive,complete
lasso,KRVGD,2024,0.0895453259,0.1386779184,0.1186952288,0.0828844294,-0.0066608965,0.0066608965,negative,complete
lasso,KUYAS,2024,0.0895453259,0.1386779184,0.13218111,0.0873797231,-0.0021656028,0.0021656028,negative,complete
lasso,LOGO,2024,0.0895453259,0.1386779184,0.1378042843,0.0892541145,-0.0002912114,0.0002912114,negative,complete
lasso,MAVI,2024,0.0895453259,0.1386779184,0.1384858812,0.0894813135,-6.40124e-05,6.40124e-05,negative,complete
lasso,MGROS,2024,0.0895453259,0.1386779184,0.1506572541,0.0935384378,0.0039931119,0.0039931119,positive,complete
lasso,MIATK,2024,0.0895453259,0.1386779184,0.1551363194,0.0950314595,0.0054861337,0.0054861337,positive,complete
lasso,MPARK,2024,0.0895453259,0.1386779184,0.1226874391,0.0842151661,-0.0053301598,0.0053301598,negative,complete
lasso,NETAS,2024,0.0895453259,0.1386779184,0.1335686465,0.0878422353,-0.0017030906,0.0017030906,negative,complete
lasso,NTGAZ,2024,0.0895453259,0.1386779184,0.1227361246,0.0842313946,-0.0053139313,0.0053139313,negative,complete
lasso,ODAS,2024,0.0895453259,0.1386779184,0.1088851022,0.0796143872,-0.0099309387,0.0099309387,negative,complete
lasso,OTKAR,2024,0.0895453259,0.1386779184,0.1366601753,0.0888727448,-0.0006725811,0.0006725811,negative,complete
lasso,OYAKC,2024,0.0895453259,0.1386779184,0.1449610516,0.0916397036,0.0020943777,0.0020943777,positive,complete
lasso,PASEU,2024,0.0895453259,0.1386779184,0.134104187,0.0880207487,-0.0015245772,0.0015245772,negative,complete
lasso,PETKM,2024,0.0895453259,0.1386779184,0.1486368062,0.0928649552,0.0033196293,0.0033196293,positive,complete
lasso,PGSUS,2024,0.0895453259,0.1386779184,0.1323028238,0.0874202943,-0.0021250316,0.0021250316,negative,complete
lasso,PRKME,2024,0.0895453259,0.1386779184,0.1335443038,0.087834121,-0.0017112049,0.0017112049,negative,complete
lasso,SAHOL,2024,0.0895453259,0.1386779184,0.1321324245,0.0873634946,-0.0021818313,0.0021818313,negative,complete
lasso,SASA,2024,0.0895453259,0.1386779184,0.1403602726,0.0901061106,0.0005607847,0.0005607847,positive,complete
lasso,SELEC,2024,0.0895453259,0.1386779184,0.1354186952,0.0884589182,-0.0010864077,0.0010864077,negative,complete
lasso,SISE,2024,0.0895453259,0.1386779184,0.1503894839,0.0934491811,0.0039038552,0.0039038552,positive,complete
lasso,SKBNK,2024,0.0895453259,0.1386779184,0.1284566699,0.086138243,-0.0034070828,0.0034070828,negative,complete
lasso,SMRTG,2024,0.0895453259,0.1386779184,0.1764605648,0.1021395413,0.0125942154,0.0125942154,positive,complete
lasso,SOKM,2024,0.0895453259,0.1386779184,0.1431596884,0.0910392492,0.0014939233,0.0014939233,positive,complete
lasso,TAVHL,2024,0.0895453259,0.1386779184,0.1215189873,0.0838256822,-0.0057196437,0.0057196437,negative,complete
lasso,TBORG,2024,0.0895453259,0.1386779184,0.1443768257,0.0914449616,0.0018996358,0.0018996358,positive,complete
lasso,TCELL,2024,0.0895453259,0.1386779184,0.1462999026,0.0920859873,0.0025406614,0.0025406614,positive,complete
lasso,THYAO,2024,0.0895453259,0.1386779184,0.1437439143,0.0912339912,0.0016886653,0.0016886653,positive,complete
lasso,TOASO,2024,0.0895453259,0.1386779184,0.145788705,0.0919155881,0.0023702622,0.0023702622,positive,complete
lasso,TRALT,2024,0.0895453259,0.1386779184,0.124707887,0.0848886488,-0.0046566771,0.0046566771,negative,complete
lasso,TRMET,2024,0.0895453259,0.1386779184,0.149902629,0.0932868961,0.0037415702,0.0037415702,positive,complete
lasso,TSKB,2024,0.0895453259,0.1386779184,0.1247809153,0.0849129915,-0.0046323344,0.0046323344,negative,complete
lasso,TTKOM,2024,0.0895453259,0.1386779184,0.1544303797,0.0947961463,0.0052508204,0.0052508204,positive,complete
lasso,TUPRS,2024,0.0895453259,0.1386779184,0.1235394352,0.0844991648,-0.0050461611,0.0050461611,negative,complete
lasso,TURSG,2024,0.0895453259,0.1386779184,0.1238072055,0.0845884216,-0.0049569043,0.0049569043,negative,complete
lasso,ULKER,2024,0.0895453259,0.1386779184,0.1377799416,0.0892460003,-0.0002993256,0.0002993256,negative,complete
lasso,ULUSE,2024,0.0895453259,0.1386779184,0.1322297955,0.0873959516,-0.0021493743,0.0021493743,negative,complete
lasso,VAKBN,2024,0.0895453259,0.1386779184,0.1281888997,0.0860489863,-0.0034963396,0.0034963396,negative,complete
lasso,VESTL,2024,0.0895453259,0.1386779184,0.1422103213,0.0907227935,0.0011774676,0.0011774676,positive,complete
lasso,YKBNK,2024,0.0895453259,0.1386779184,0.1333739046,0.0877773213,-0.0017680046,0.0017680046,negative,complete
lasso,ZOREN,2024,0.0895453259,0.1386779184,0.1241966894,0.0847182495,-0.0048270763,0.0048270763,negative,complete
lasso,AEFES,2025,0.0895453259,0.1191514299,0.1330331061,0.0941725513,0.0046272254,0.0046272254,positive,complete
lasso,AGESA,2025,0.0895453259,0.1191514299,0.1258033106,0.0917626195,0.0022172936,0.0022172936,positive,complete
lasso,AGHOL,2025,0.0895453259,0.1191514299,0.110345667,0.0866100716,-0.0029352543,0.0029352543,negative,complete
lasso,AKBNK,2025,0.0895453259,0.1191514299,0.1181353457,0.0892066311,-0.0003386947,0.0003386947,negative,complete
lasso,AKENR,2025,0.0895453259,0.1191514299,0.1014605648,0.0836483708,-0.0058969551,0.0058969551,negative,complete
lasso,AKSA,2025,0.0895453259,0.1191514299,0.1108325219,0.0867723566,-0.0027729693,0.0027729693,negative,complete
lasso,AKSEN,2025,0.0895453259,0.1191514299,0.1097370983,0.0864072154,-0.0031381105,0.0031381105,negative,complete
lasso,ALARK,2025,0.0895453259,0.1191514299,0.1148977605,0.0881274361,-0.0014178898,0.0014178898,negative,complete
lasso,ALBRK,2025,0.0895453259,0.1191514299,0.1190360273,0.0895068583,-3.84675e-05,3.84675e-05,negative,complete
lasso,ANHYT,2025,0.0895453259,0.1191514299,0.1180379747,0.0891741741,-0.0003711517,0.0003711517,negative,complete
lasso,ARCLK,2025,0.0895453259,0.1191514299,0.1010710808,0.0835185429,-0.006026783,0.006026783,negative,complete
lasso,ASELS,2025,0.0895453259,0.1191514299,0.1263145083,0.0919330187,0.0023876928,0.0023876928,positive,complete
lasso,ASTOR,2025,0.0895453259,0.1191514299,0.1237828627,0.0910891368,0.0015438109,0.0015438109,positive,complete
lasso,BERA,2025,0.0895453259,0.1191514299,0.1223466407,0.0906103961,0.0010650703,0.0010650703,positive,complete
lasso,BIMAS,2025,0.0895453259,0.1191514299,0.1204235638,0.0899693705,0.0004240446,0.0004240446,positive,complete
lasso,BRSAN,2025,0.0895453259,0.1191514299,0.1395813048,0.0963552842,0.0068099583,0.0068099583,positive,complete
lasso,BTCIM,2025,0.0895453259,0.1191514299,0.1347614411,0.0947486629,0.0052033371,0.0052033371,positive,complete
lasso,CANTE,2025,0.0895453259,0.1191514299,0.1081791626,0.0858879035,-0.0036574224,0.0036574224,negative,complete
lasso,CCOLA,2025,0.0895453259,0.1191514299,0.1201314508,0.0898719995,0.0003266736,0.0003266736,positive,complete
lasso,CEMTS,2025,0.0895453259,0.1191514299,0.1300876339,0.0931907272,0.0036454013,0.0036454013,positive,complete
lasso,CIMSA,2025,0.0895453259,0.1191514299,0.1240749757,0.0911865078,0.0016411819,0.0016411819,positive,complete
lasso,DEVA,2025,0.0895453259,0.1191514299,0.1343962999,0.0946269492,0.0050816233,0.0050816233,positive,complete
lasso,DOAS,2025,0.0895453259,0.1191514299,0.1181353457,0.0892066311,-0.0003386947,0.0003386947,negative,complete
lasso,DOHOL,2025,0.0895453259,0.1191514299,0.1121713729,0.0872186402,-0.0023266857,0.0023266857,negative,complete
lasso,DSTKF,2025,0.0895453259,0.1191514299,0.1366601753,0.0953815743,0.0058362485,0.0058362485,positive,complete
lasso,EKGYO,2025,0.0895453259,0.1191514299,0.0962999026,0.0819281501,-0.0076171758,0.0076171758,negative,complete
lasso,ENJSA,2025,0.0895453259,0.1191514299,0.1117575463,0.087080698,-0.0024646279,0.0024646279,negative,complete
lasso,ENKAI,2025,0.0895453259,0.1191514299,0.0961295034,0.0818713504,-0.0076739755,0.0076739755,negative,complete
lasso,EREGL,2025,0.0895453259,0.1191514299,0.1302580331,0.093247527,0.0037022011,0.0037022011,positive,complete
lasso,FROTO,2025,0.0895453259,0.1191514299,0.1193768257,0.0896204578,7.51319e-05,7.51319e-05,positive,complete
lasso,GARAN,2025,0.0895453259,0.1191514299,0.1176971762,0.0890605747,-0.0004847512,0.0004847512,negative,complete
lasso,GUBRF,2025,0.0895453259,0.1191514299,0.110248296,0.0865776146,-0.0029677113,0.0029677113,negative,complete
lasso,HALKB,2025,0.0895453259,0.1191514299,0.0981256086,0.0825367188,-0.0070086071,0.0070086071,negative,complete
lasso,HEKTS,2025,0.0895453259,0.1191514299,0.0987341772,0.082739575,-0.0068057509,0.0068057509,negative,complete
lasso,ISCTR,2025,0.0895453259,0.1191514299,0.1183057449,0.0892634309,-0.000281895,0.000281895,negative,complete
lasso,ISGYO,2025,0.0895453259,0.1191514299,0.115993184,0.0884925773,-0.0010527486,0.0010527486,negative,complete
lasso,KCHOL,2025,0.0895453259,0.1191514299,0.1169912366,0.0888252615,-0.0007200644,0.0007200644,negative,complete
lasso,KONTR,2025,0.0895453259,0.1191514299,0.1059639727,0.0851495068,-0.0043958191,0.0043958191,negative,complete
lasso,KRDMD,2025,0.0895453259,0.1191514299,0.1440360273,0.0978401917,0.0082948658,0.0082948658,positive,complete
lasso,KRVGD,2025,0.0895453259,0.1191514299,0.1246105161,0.0913650213,0.0018196954,0.0018196954,positive,complete
lasso,KUYAS,2025,0.0895453259,0.1191514299,0.1123417722,0.08727544,-0.0022698859,0.0022698859,negative,complete
lasso,LOGO,2025,0.0895453259,0.1191514299,0.1011927945,0.0835591141,-0.0059862118,0.0059862118,negative,complete
lasso,MAVI,2025,0.0895453259,0.1191514299,0.117721519,0.0890686889,-0.000476637,0.000476637,negative,complete
lasso,MGROS,2025,0.0895453259,0.1191514299,0.1225170399,0.0906671959,0.00112187,0.00112187,positive,complete
lasso,MIATK,2025,0.0895453259,0.1191514299,0.1185248296,0.0893364591,-0.0002088668,0.0002088668,negative,complete
lasso,MPARK,2025,0.0895453259,0.1191514299,0.1210564752,0.090180341,0.0006350151,0.0006350151,positive,complete
lasso,NETAS,2025,0.0895453259,0.1191514299,0.1124878286,0.0873241255,-0.0022212004,0.0022212004,negative,complete
lasso,NTGAZ,2025,0.0895453259,0.1191514299,0.1353700097,0.0949515192,0.0054061933,0.0054061933,positive,complete
lasso,ODAS,2025,0.0895453259,0.1191514299,0.1066699124,0.08538482,-0.0041605058,0.0041605058,negative,complete
lasso,OTKAR,2025,0.0895453259,0.1191514299,0.1184761441,0.0893202306,-0.0002250953,0.0002250953,negative,complete
lasso,OYAKC,2025,0.0895453259,0.1191514299,0.1173076923,0.0889307467,-0.0006145792,0.0006145792,negative,complete
lasso,PASEU,2025,0.0895453259,0.1191514299,0.0931840312,0.0808895263,-0.0086557996,0.0086557996,negative,complete
lasso,PETKM,2025,0.0895453259,0.1191514299,0.1305744888,0.0933530122,0.0038076863,0.0038076863,positive,complete
lasso,PGSUS,2025,0.0895453259,0.1191514299,0.1040408958,0.0845084812,-0.0050368447,0.0050368447,negative,complete
lasso,PRKME,2025,0.0895453259,0.1191514299,0.1435248296,0.0976697924,0.0081244666,0.0081244666,positive,complete
lasso,RGYAS,2025,0.0895453259,0.1191514299,0.117916261,0.0891336029,-0.000411723,0.000411723,negative,complete
lasso,SAHOL,2025,0.0895453259,0.1191514299,0.1298685492,0.093117699,0.0035723731,0.0035723731,positive,complete
lasso,SASA,2025,0.0895453259,0.1191514299,0.1561100292,0.101864859,0.0123195331,0.0123195331,positive,complete
lasso,SELEC,2025,0.0895453259,0.1191514299,0.1177458617,0.0890768032,-0.0004685227,0.0004685227,negative,complete
lasso,SISE,2025,0.0895453259,0.1191514299,0.1383641675,0.0959495717,0.0064042459,0.0064042459,positive,complete
lasso,SKBNK,2025,0.0895453259,0.1191514299,0.1170399221,0.0888414899,-0.0007038359,0.0007038359,negative,complete
lasso,SMRTG,2025,0.0895453259,0.1191514299,0.1268257059,0.0921034179,0.002558092,0.002558092,positive,complete
lasso,SOKM,2025,0.0895453259,0.1191514299,0.1236124635,0.0910323371,0.0014870112,0.0014870112,positive,complete
lasso,TAVHL,2025,0.0895453259,0.1191514299,0.1231256086,0.0908700521,0.0013247262,0.0013247262,positive,complete
lasso,TBORG,2025,0.0895453259,0.1191514299,0.1217380721,0.0904075399,0.000862214,0.000862214,positive,complete
lasso,TCELL,2025,0.0895453259,0.1191514299,0.1208373905,0.0901073127,0.0005619868,0.0005619868,positive,complete
lasso,THYAO,2025,0.0895453259,0.1191514299,0.1403602726,0.0966149401,0.0070696142,0.0070696142,positive,complete
lasso,TOASO,2025,0.0895453259,0.1191514299,0.1113193768,0.0869346415,-0.0026106844,0.0026106844,negative,complete
lasso,TRALT,2025,0.0895453259,0.1191514299,0.0936465433,0.081043697,-0.0085016289,0.0085016289,negative,complete
lasso,TRMET,2025,0.0895453259,0.1191514299,0.0919182084,0.0804675854,-0.0090777405,0.0090777405,negative,complete
lasso,TSKB,2025,0.0895453259,0.1191514299,0.1187439143,0.0894094874,-0.0001358385,0.0001358385,negative,complete
lasso,TTKOM,2025,0.0895453259,0.1191514299,0.1008033106,0.0834292861,-0.0061160398,0.0061160398,negative,complete
lasso,TUPRS,2025,0.0895453259,0.1191514299,0.1231742941,0.0908862806,0.0013409547,0.0013409547,positive,complete
lasso,TURSG,2025,0.0895453259,0.1191514299,0.1441333982,0.0978726487,0.0083273228,0.0083273228,positive,complete
lasso,ULKER,2025,0.0895453259,0.1191514299,0.1169912366,0.0888252615,-0.0007200644,0.0007200644,negative,complete
lasso,ULUSE,2025,0.0895453259,0.1191514299,0.1136806232,0.0877217236,-0.0018236022,0.0018236022,negative,complete
lasso,VAKBN,2025,0.0895453259,0.1191514299,0.1035053554,0.0843299677,-0.0052153582,0.0052153582,negative,complete
lasso,VESTL,2025,0.0895453259,0.1191514299,0.1489289192,0.0994711556,0.0099258298,0.0099258298,positive,complete
lasso,YKBNK,2025,0.0895453259,0.1191514299,0.1186952288,0.0893932589,-0.000152067,0.000152067,negative,complete
lasso,ZOREN,2025,0.0895453259,0.1191514299,0.1384858812,0.095990143,0.0064448171,0.0064448171,positive,complete
linear_regression,AEFES,2023,0.0458661966,-0.0441641858,-0.0435745758,0.0460627332,0.0001965366,0.0001965366,positive,complete
linear_regression,AGESA,2023,0.0458661966,-0.0441641858,-0.0482728402,0.0444966451,-0.0013695515,0.0013695515,negative,complete
linear_regression,AGHOL,2023,0.0458661966,-0.0441641858,-0.0390467149,0.0475720202,0.0017058236,0.0017058236,positive,complete
linear_regression,AKBNK,2023,0.0458661966,-0.0441641858,-0.0321088634,0.0498846373,0.0040184408,0.0040184408,positive,complete
linear_regression,AKENR,2023,0.0458661966,-0.0441641858,-0.0645341902,0.0390761951,-0.0067900015,0.0067900015,negative,complete
linear_regression,AKSA,2023,0.0458661966,-0.0441641858,-0.0438423526,0.0459734743,0.0001072777,0.0001072777,positive,complete
linear_regression,AKSEN,2023,0.0458661966,-0.0441641858,-0.0742228389,0.0358466455,-0.0100195511,0.0100195511,negative,complete
linear_regression,ALARK,2023,0.0458661966,-0.0441641858,-0.0492465737,0.0441720672,-0.0016941293,0.0016941293,negative,complete
linear_regression,ALBRK,2023,0.0458661966,-0.0441641858,-0.0455707296,0.0453973486,-0.0004688479,0.0004688479,negative,complete
linear_regression,ANHYT,2023,0.0458661966,-0.0441641858,-0.0518999976,0.0432875926,-0.0025786039,0.0025786039,negative,complete
linear_regression,ARCLK,2023,0.0458661966,-0.0441641858,-0.052070401,0.0432307915,-0.0026354051,0.0026354051,negative,complete
linear_regression,ASELS,2023,0.0458661966,-0.0441641858,-0.0458628496,0.0452999753,-0.0005662213,0.0005662213,negative,complete
linear_regression,ASTOR,2023,0.0458661966,-0.0441641858,-0.0531283662,0.0428781364,-0.0029880601,0.0029880601,negative,complete
linear_regression,BERA,2023,0.0458661966,-0.0441641858,-0.0250006086,0.0522540556,0.0063878591,0.0063878591,positive,complete
linear_regression,BIMAS,2023,0.0458661966,-0.0441641858,-0.0276053458,0.0513858099,0.0055196133,0.0055196133,positive,complete
linear_regression,BRSAN,2023,0.0458661966,-0.0441641858,-0.0372453078,0.0481724892,0.0023062926,0.0023062926,positive,complete
linear_regression,BTCIM,2023,0.0458661966,-0.0441641858,-0.0658243872,0.0386461294,-0.0072200671,0.0072200671,negative,complete
linear_regression,CANTE,2023,0.0458661966,-0.0441641858,-0.0074003749,0.0581208002,0.0122546036,0.0122546036,positive,complete
linear_regression,CCOLA,2023,0.0458661966,-0.0441641858,-0.0361985443,0.0485214104,0.0026552138,0.0026552138,positive,complete
linear_regression,CEMTS,2023,0.0458661966,-0.0441641858,-0.0428442757,0.0463061666,0.00043997,0.00043997,positive,complete
linear_regression,CIMSA,2023,0.0458661966,-0.0441641858,-0.0384137881,0.0477829958,0.0019167992,0.0019167992,positive,complete
linear_regression,DEVA,2023,0.0458661966,-0.0441641858,-0.0526302977,0.0430441592,-0.0028220373,0.0028220373,negative,complete
linear_regression,DOAS,2023,0.0458661966,-0.0441641858,-0.0479076901,0.0446183618,-0.0012478348,0.0012478348,negative,complete
linear_regression,DOHOL,2023,0.0458661966,-0.0441641858,-0.0357116775,0.0486836993,0.0028175028,0.0028175028,positive,complete
linear_regression,DSTKF,2023,0.0458661966,-0.0441641858,-0.0442066955,0.0458520266,-1.41699e-05,1.41699e-05,negative,complete
linear_regression,EGEEN,2023,0.0458661966,-0.0441641858,-0.0335694637,0.0493977706,0.003531574,0.003531574,positive,complete
linear_regression,EKGYO,2023,0.0458661966,-0.0441641858,-0.0275079725,0.0514182677,0.0055520711,0.0055520711,positive,complete
linear_regression,ENJSA,2023,0.0458661966,-0.0441641858,-0.0446213394,0.045713812,-0.0001523845,0.0001523845,negative,complete
linear_regression,ENKAI,2023,0.0458661966,-0.0441641858,-0.042649529,0.0463710822,0.0005048856,0.0005048856,positive,complete
linear_regression,EREGL,2023,0.0458661966,-0.0441641858,-0.055600185,0.0420541968,-0.0038119998,0.0038119998,negative,complete
linear_regression,FROTO,2023,0.0458661966,-0.0441641858,-0.0456194163,0.0453811197,-0.0004850768,0.0004850768,negative,complete
linear_regression,GARAN,2023,0.0458661966,-0.0441641858,-0.0262177755,0.0518483333,0.0059821368,0.0059821368,positive,complete
linear_regression,GUBRF,2023,0.0458661966,-0.0441641858,-0.0407264052,0.0470121234,0.0011459268,0.0011459268,positive,complete
linear_regression,HALKB,2023,0.0458661966,-0.0441641858,-0.0614669296,0.0400986153,-0.0057675813,0.0057675813,negative,complete
linear_regression,HEKTS,2023,0.0458661966,-0.0441641858,-0.0152389299,0.0555079485,0.009641752,0.009641752,positive,complete
linear_regression,ISCTR,2023,0.0458661966,-0.0441641858,-0.0296988729,0.0506879675,0.004821771,0.004821771,positive,complete
linear_regression,ISGYO,2023,0.0458661966,-0.0441641858,-0.0507315173,0.043677086,-0.0021891105,0.0021891105,negative,complete
linear_regression,KCHOL,2023,0.0458661966,-0.0441641858,-0.028481706,0.0510936898,0.0052274933,0.0052274933,positive,complete
linear_regression,KONTR,2023,0.0458661966,-0.0441641858,-0.0437206359,0.0460140465,0.00014785,0.00014785,positive,complete
linear_regression,KRDMD,2023,0.0458661966,-0.0441641858,-0.0476399134,0.0447076207,-0.0011585759,0.0011585759,negative,complete
linear_regression,KRVGD,2023,0.0458661966,-0.0441641858,-0.0341780472,0.0491949094,0.0033287129,0.0033287129,positive,complete
linear_regression,KUYAS,2023,0.0458661966,-0.0441641858,-0.0659704472,0.0385974427,-0.0072687538,0.0072687538,negative,complete
linear_regression,LOGO,2023,0.0458661966,-0.0441641858,-0.0495630371,0.0440665794,-0.0017996171,0.0017996171,negative,complete
linear_regression,MAVI,2023,0.0458661966,-0.0441641858,-0.0538961513,0.042622208,-0.0032439885,0.0032439885,negative,complete
linear_regression,MGROS,2023,0.0458661966,-0.0441641858,-0.0480294068,0.0445777896,-0.001288407,0.001288407,negative,complete
linear_regression,MIATK,2023,0.0458661966,-0.0441641858,-0.0812824071,0.0334934561,-0.0123727404,0.0123727404,negative,complete
linear_regression,MPARK,2023,0.0458661966,-0.0441641858,-0.0366367244,0.0483753504,0.0025091538,0.0025091538,positive,complete
linear_regression,NETAS,2023,0.0458661966,-0.0441641858,-0.055673215,0.0420298535,-0.0038363431,0.0038363431,negative,complete
linear_regression,NTGAZ,2023,0.0458661966,-0.0441641858,-0.0402882251,0.0471581834,0.0012919869,0.0012919869,positive,complete
linear_regression,ODAS,2023,0.0458661966,-0.0441641858,-0.030137053,0.0505419075,0.0046757109,0.0046757109,positive,complete
linear_regression,OTKAR,2023,0.0458661966,-0.0441641858,-0.0240755617,0.0525624046,0.006696208,0.006696208,positive,complete
linear_regression,OYAKC,2023,0.0458661966,-0.0441641858,-0.0656052971,0.0387191594,-0.0071470371,0.0071470371,negative,complete
linear_regression,PASEU,2023,0.0458661966,-0.0441641858,-0.0422836069,0.0464930562,0.0006268596,0.0006268596,positive,complete
linear_regression,PETKM,2023,0.0458661966,-0.0441641858,-0.0627814699,0.0396604352,-0.0062057614,0.0062057614,negative,complete
linear_regression,PGSUS,2023,0.0458661966,-0.0441641858,-0.042868619,0.0462980521,0.0004318556,0.0004318556,positive,complete
linear_regression,PRKME,2023,0.0458661966,-0.0441641858,-0.036247231,0.0485051815,0.0026389849,0.0026389849,positive,complete
linear_regression,SAHOL,2023,0.0458661966,-0.0441641858,-0.0447430561,0.0456732398,-0.0001929568,0.0001929568,negative,complete
linear_regression,SASA,2023,0.0458661966,-0.0441641858,-0.0222011247,0.0531872169,0.0073210204,0.0073210204,positive,complete
linear_regression,SELEC,2023,0.0458661966,-0.0441641858,-0.0415540787,0.0467362322,0.0008700357,0.0008700357,positive,complete
linear_regression,SISE,2023,0.0458661966,-0.0441641858,-0.0447673994,0.0456651253,-0.0002010712,0.0002010712,negative,complete
linear_regression,SKBNK,2023,0.0458661966,-0.0441641858,-0.0483945568,0.0444560729,-0.0014101237,0.0014101237,negative,complete
linear_regression,SMRTG,2023,0.0458661966,-0.0441641858,-0.040994182,0.0469228645,0.0010566679,0.0010566679,positive,complete
linear_regression,SOKM,2023,0.0458661966,-0.0441641858,-0.0369288444,0.048277977,0.0024117804,0.0024117804,positive,complete
linear_regression,TAVHL,2023,0.0458661966,-0.0441641858,-0.0440614426,0.0459004443,3.42477e-05,3.42477e-05,positive,complete
linear_regression,TBORG,2023,0.0458661966,-0.0441641858,-0.0481754668,0.0445291029,-0.0013370937,0.0013370937,negative,complete
linear_regression,TCELL,2023,0.0458661966,-0.0441641858,-0.0453272962,0.0454784931,-0.0003877035,0.0003877035,negative,complete
linear_regression,THYAO,2023,0.0458661966,-0.0441641858,-0.0488083936,0.0443181273,-0.0015480693,0.0015480693,negative,complete
linear_regression,TOASO,2023,0.0458661966,-0.0441641858,-0.0437206359,0.0460140465,0.00014785,0.00014785,positive,complete
linear_regression,TRALT,2023,0.0458661966,-0.0441641858,-0.0353952141,0.0487891871,0.0029229906,0.0029229906,positive,complete
linear_regression,TRMET,2023,0.0458661966,-0.0441641858,-0.0345431973,0.0490731927,0.0032069962,0.0032069962,positive,complete
linear_regression,TSKB,2023,0.0458661966,-0.0441641858,-0.0480537501,0.0445696751,-0.0012965214,0.0012965214,negative,complete
linear_regression,TTKOM,2023,0.0458661966,-0.0441641858,-0.0541882714,0.0425248347,-0.0033413619,0.0033413619,negative,complete
linear_regression,TUPRS,2023,0.0458661966,-0.0441641858,-0.0174298303,0.0547776484,0.0089114518,0.0089114518,positive,complete
linear_regression,TURSG,2023,0.0458661966,-0.0441641858,-0.0721049685,0.0365526023,-0.0093135942,0.0093135942,negative,complete
linear_regression,ULKER,2023,0.0458661966,-0.0441641858,-0.039557925,0.0474016168,0.0015354203,0.0015354203,positive,complete
linear_regression,ULUSE,2023,0.0458661966,-0.0441641858,-0.0629518732,0.0396036341,-0.0062625625,0.0062625625,negative,complete
linear_regression,VAKBN,2023,0.0458661966,-0.0441641858,-0.0554297817,0.0421109979,-0.0037551986,0.0037551986,negative,complete
linear_regression,VESTL,2023,0.0458661966,-0.0441641858,-0.0384137881,0.0477829958,0.0019167992,0.0019167992,positive,complete
linear_regression,YKBNK,2023,0.0458661966,-0.0441641858,-0.036612381,0.0483834648,0.0025172682,0.0025172682,positive,complete
linear_regression,ZOREN,2023,0.0458661966,-0.0441641858,-0.0607366294,0.0403420487,-0.0055241479,0.0055241479,negative,complete
linear_regression,AEFES,2024,0.0458661966,0.0811533052,0.0785053554,0.0449835466,-0.0008826499,0.0008826499,negative,complete
linear_regression,AGESA,2024,0.0458661966,0.0811533052,0.0813047712,0.0459166852,5.04887e-05,5.04887e-05,positive,complete
linear_regression,AGHOL,2024,0.0458661966,0.0811533052,0.0838364167,0.0467605671,0.0008943705,0.0008943705,positive,complete
linear_regression,AKBNK,2024,0.0458661966,0.0811533052,0.0747809153,0.0437420666,-0.00212413,0.00212413,negative,complete
linear_regression,AKENR,2024,0.0458661966,0.0811533052,0.1056231743,0.0540228196,0.008156623,0.008156623,positive,complete
linear_regression,AKSA,2024,0.0458661966,0.0811533052,0.0758519961,0.0440990935,-0.001767103,0.001767103,negative,complete
linear_regression,AKSEN,2024,0.0458661966,0.0811533052,0.0790165531,0.0451539458,-0.0007122507,0.0007122507,negative,complete
linear_regression,ALARK,2024,0.0458661966,0.0811533052,0.0773369036,0.0445940627,-0.0012721339,0.0012721339,negative,complete
linear_regression,ALBRK,2024,0.0458661966,0.0811533052,0.0905063291,0.0489838712,0.0031176746,0.0031176746,positive,complete
linear_regression,ANHYT,2024,0.0458661966,0.0811533052,0.0841528724,0.0468660523,0.0009998557,0.0009998557,positive,complete
linear_regression,ARCLK,2024,0.0458661966,0.0811533052,0.0844693281,0.0469715375,0.001105341,0.001105341,positive,complete
linear_regression,ASELS,2024,0.0458661966,0.0811533052,0.0866114898,0.0476855914,0.0018193949,0.0018193949,positive,complete
linear_regression,ASTOR,2024,0.0458661966,0.0811533052,0.0947663096,0.0504038647,0.0045376681,0.0045376681,positive,complete
linear_regression,BERA,2024,0.0458661966,0.0811533052,0.0740993184,0.0435148676,-0.0023513289,0.0023513289,negative,complete
linear_regression,BIMAS,2024,0.0458661966,0.0811533052,0.0970788705,0.0511747183,0.0053085218,0.0053085218,positive,complete
linear_regression,BRSAN,2024,0.0458661966,0.0811533052,0.0817185979,0.0460546274,0.0001884309,0.0001884309,positive,complete
linear_regression,BTCIM,2024,0.0458661966,0.0811533052,0.0939143135,0.050119866,0.0042536694,0.0042536694,positive,complete
linear_regression,CANTE,2024,0.0458661966,0.0811533052,0.1172103213,0.0578852019,0.0120190054,0.0120190054,positive,complete
linear_regression,CCOLA,2024,0.0458661966,0.0811533052,0.0735881207,0.0433444684,-0.0025217282,0.0025217282,negative,complete
linear_regression,CEMTS,2024,0.0458661966,0.0811533052,0.0597614411,0.0387355752,-0.0071306214,0.0071306214,negative,complete
linear_regression,CIMSA,2024,0.0458661966,0.0811533052,0.0736854917,0.0433769254,-0.0024892712,0.0024892712,negative,complete
linear_regression,DEVA,2024,0.0458661966,0.0811533052,0.0870253165,0.0478235336,0.0019573371,0.0019573371,positive,complete
linear_regression,DOAS,2024,0.0458661966,0.0811533052,0.0990019474,0.051815744,0.0059495474,0.0059495474,positive,complete
linear_regression,DOHOL,2024,0.0458661966,0.0811533052,0.0779941577,0.0448131474,-0.0010530492,0.0010530492,negative,complete
linear_regression,DSTKF,2024,0.0458661966,0.0811533052,0.0790165531,0.0451539458,-0.0007122507,0.0007122507,negative,complete
linear_regression,EGEEN,2024,0.0458661966,0.0811533052,0.0709834469,0.0424762438,-0.0033899528,0.0033899528,negative,complete
linear_regression,EKGYO,2024,0.0458661966,0.0811533052,0.0919425511,0.0494626119,0.0035964153,0.0035964153,positive,complete
linear_regression,ENJSA,2024,0.0458661966,0.0811533052,0.0822297955,0.0462250267,0.0003588301,0.0003588301,positive,complete
linear_regression,ENKAI,2024,0.0458661966,0.0811533052,0.0788948393,0.0451133746,-0.000752822,0.000752822,negative,complete
linear_regression,EREGL,2024,0.0458661966,0.0811533052,0.0817185979,0.0460546274,0.0001884309,0.0001884309,positive,complete
linear_regression,FROTO,2024,0.0458661966,0.0811533052,0.085345667,0.0472636505,0.0013974539,0.0013974539,positive,complete
linear_regression,GARAN,2024,0.0458661966,0.0811533052,0.0634858812,0.0399770552,-0.0058891413,0.0058891413,negative,complete
linear_regression,GUBRF,2024,0.0458661966,0.0811533052,0.0810856865,0.045843657,-2.25396e-05,2.25396e-05,negative,complete
linear_regression,HALKB,2024,0.0458661966,0.0811533052,0.079600779,0.0453486878,-0.0005175087,0.0005175087,negative,complete
linear_regression,HEKTS,2024,0.0458661966,0.0811533052,0.0463972736,0.0342808527,-0.0115853439,0.0115853439,negative,complete
linear_regression,ISCTR,2024,0.0458661966,0.0811533052,0.0808909445,0.045778743,-8.74536e-05,8.74536e-05,negative,complete
linear_regression,ISGYO,2024,0.0458661966,0.0811533052,0.0810613437,0.0458355427,-3.06538e-05,3.06538e-05,negative,complete
linear_regression,KCHOL,2024,0.0458661966,0.0811533052,0.0856377799,0.0473610215,0.0014948249,0.0014948249,positive,complete
linear_regression,KONTR,2024,0.0458661966,0.0811533052,0.1208617332,0.0591023392,0.0132361427,0.0132361427,positive,complete
linear_regression,KRDMD,2024,0.0458661966,0.0811533052,0.0855160662,0.0473204502,0.0014542537,0.0014542537,positive,complete
linear_regression,KRVGD,2024,0.0458661966,0.0811533052,0.0598344693,0.0387599179,-0.0071062786,0.0071062786,negative,complete
linear_regression,KUYAS,2024,0.0458661966,0.0811533052,0.0757789679,0.0440747508,-0.0017914458,0.0017914458,negative,complete
linear_regression,LOGO,2024,0.0458661966,0.0811533052,0.0821324245,0.0461925697,0.0003263731,0.0003263731,positive,complete
linear_regression,MAVI,2024,0.0458661966,0.0811533052,0.0825219085,0.0463223976,0.0004562011,0.0004562011,positive,complete
linear_regression,MGROS,2024,0.0458661966,0.0811533052,0.0914556962,0.0493003269,0.0034341303,0.0034341303,positive,complete
linear_regression,MIATK,2024,0.0458661966,0.0811533052,0.0954479065,0.0506310637,0.0047648671,0.0047648671,positive,complete
linear_regression,MPARK,2024,0.0458661966,0.0811533052,0.0624878286,0.039644371,-0.0062218255,0.0062218255,negative,complete
linear_regression,NETAS,2024,0.0458661966,0.0811533052,0.0757789679,0.0440747508,-0.0017914458,0.0017914458,negative,complete
linear_regression,NTGAZ,2024,0.0458661966,0.0811533052,0.0626095424,0.0396849423,-0.0061812543,0.0061812543,negative,complete
linear_regression,ODAS,2024,0.0458661966,0.0811533052,0.0491480039,0.0351977628,-0.0106684338,0.0106684338,negative,complete
linear_regression,OTKAR,2024,0.0458661966,0.0811533052,0.0776533593,0.0446995479,-0.0011666486,0.0011666486,negative,complete
linear_regression,OYAKC,2024,0.0458661966,0.0811533052,0.085443038,0.0472961075,0.0014299109,0.0014299109,positive,complete
linear_regression,PASEU,2024,0.0458661966,0.0811533052,0.0802093476,0.045551544,-0.0003146525,0.0003146525,negative,complete
linear_regression,PETKM,2024,0.0458661966,0.0811533052,0.0964703019,0.0509718621,0.0051056655,0.0051056655,positive,complete
linear_regression,PGSUS,2024,0.0458661966,0.0811533052,0.073661149,0.0433688111,-0.0024973854,0.0024973854,negative,complete
linear_regression,PRKME,2024,0.0458661966,0.0811533052,0.0740993184,0.0435148676,-0.0023513289,0.0023513289,negative,complete
linear_regression,SAHOL,2024,0.0458661966,0.0811533052,0.0757302824,0.0440585223,-0.0018076743,0.0018076743,negative,complete
linear_regression,SASA,2024,0.0458661966,0.0811533052,0.0902872444,0.048910843,0.0030446464,0.0030446464,positive,complete
linear_regression,SELEC,2024,0.0458661966,0.0811533052,0.0785296981,0.0449916609,-0.0008745357,0.0008745357,negative,complete
linear_regression,SISE,2024,0.0458661966,0.0811533052,0.0964459591,0.0509637479,0.0050975513,0.0050975513,positive,complete
linear_regression,SKBNK,2024,0.0458661966,0.0811533052,0.0716163583,0.0426872143,-0.0031789823,0.0031789823,negative,complete
linear_regression,SMRTG,2024,0.0458661966,0.0811533052,0.1172103213,0.0578852019,0.0120190054,0.0120190054,positive,complete
linear_regression,SOKM,2024,0.0458661966,0.0811533052,0.0954722493,0.0506391779,0.0047729814,0.0047729814,positive,complete
linear_regression,TAVHL,2024,0.0458661966,0.0811533052,0.0624878286,0.039644371,-0.0062218255,0.0062218255,negative,complete
linear_regression,TBORG,2024,0.0458661966,0.0811533052,0.0863437196,0.0475963347,0.0017301381,0.0017301381,positive,complete
linear_regression,TCELL,2024,0.0458661966,0.0811533052,0.088510224,0.0483185028,0.0024523062,0.0024523062,positive,complete
linear_regression,THYAO,2024,0.0458661966,0.0811533052,0.0866358325,0.0476937057,0.0018275091,0.0018275091,positive,complete
linear_regression,TOASO,2024,0.0458661966,0.0811533052,0.0881937683,0.0482130176,0.002346821,0.002346821,positive,complete
linear_regression,TRALT,2024,0.0458661966,0.0811533052,0.0674780915,0.041307792,-0.0045584046,0.0045584046,negative,complete
linear_regression,TRMET,2024,0.0458661966,0.0811533052,0.0931110029,0.0498520958,0.0039858992,0.0039858992,positive,complete
linear_regression,TSKB,2024,0.0458661966,0.0811533052,0.0655063291,0.0406505379,-0.0052156587,0.0052156587,negative,complete
linear_regression,TTKOM,2024,0.0458661966,0.0811533052,0.0944741967,0.0503064937,0.0044402972,0.0044402972,positive,complete
linear_regression,TUPRS,2024,0.0458661966,0.0811533052,0.0651655307,0.0405369384,-0.0053292582,0.0053292582,negative,complete
linear_regression,TURSG,2024,0.0458661966,0.0811533052,0.0657497566,0.0407316803,-0.0051345162,0.0051345162,negative,complete
linear_regression,ULKER,2024,0.0458661966,0.0811533052,0.0775559883,0.0446670909,-0.0011991056,0.0011991056,negative,complete
linear_regression,ULUSE,2024,0.0458661966,0.0811533052,0.0742210321,0.0435554389,-0.0023107577,0.0023107577,negative,complete
linear_regression,VAKBN,2024,0.0458661966,0.0811533052,0.0759493671,0.0441315505,-0.001734646,0.001734646,negative,complete
linear_regression,VESTL,2024,0.0458661966,0.0811533052,0.082375852,0.0462737122,0.0004075156,0.0004075156,positive,complete
linear_regression,YKBNK,2024,0.0458661966,0.0811533052,0.0768500487,0.0444317777,-0.0014344188,0.0014344188,negative,complete
linear_regression,ZOREN,2024,0.0458661966,0.0811533052,0.0639483934,0.0401312259,-0.0057349706,0.0057349706,negative,complete
linear_regression,AEFES,2025,0.0458661966,0.1006094702,0.0979065239,0.0449652144,-0.0009009821,0.0009009821,negative,complete
linear_regression,AGESA,2025,0.0458661966,0.1006094702,0.1120253165,0.0496714786,0.0038052821,0.0038052821,positive,complete
linear_regression,AGHOL,2025,0.0458661966,0.1006094702,0.095593963,0.0441943608,-0.0016718357,0.0016718357,negative,complete
linear_regression,AKBNK,2025,0.0458661966,0.1006094702,0.0991236611,0.0453709269,-0.0004952697,0.0004952697,negative,complete
linear_regression,AKENR,2025,0.0458661966,0.1006094702,0.0833495618,0.0401128938,-0.0057533028,0.0057533028,negative,complete
linear_regression,AKSA,2025,0.0458661966,0.1006094702,0.0917721519,0.0429204238,-0.0029457728,0.0029457728,negative,complete
linear_regression,AKSEN,2025,0.0458661966,0.1006094702,0.0914313535,0.0428068243,-0.0030593723,0.0030593723,negative,complete
linear_regression,ALARK,2025,0.0458661966,0.1006094702,0.0981742941,0.0450544712,-0.0008117254,0.0008117254,negative,complete
linear_regression,ALBRK,2025,0.0458661966,0.1006094702,0.1103213242,0.0491034812,0.0032372847,0.0032372847,positive,complete
linear_regression,ANHYT,2025,0.0458661966,0.1006094702,0.0988072055,0.0452654416,-0.0006007549,0.0006007549,negative,complete
linear_regression,ARCLK,2025,0.0458661966,0.1006094702,0.0749756573,0.0373215922,-0.0085446043,0.0085446043,negative,complete
linear_regression,ASELS,2025,0.0458661966,0.1006094702,0.0958130477,0.0442673891,-0.0015988075,0.0015988075,negative,complete
linear_regression,ASTOR,2025,0.0458661966,0.1006094702,0.1111733204,0.0493874799,0.0035212834,0.0035212834,positive,complete
linear_regression,BERA,2025,0.0458661966,0.1006094702,0.1040895813,0.0470262336,0.001160037,0.001160037,positive,complete
linear_regression,BIMAS,2025,0.0458661966,0.1006094702,0.1017770204,0.04625538,0.0003891834,0.0003891834,positive,complete
linear_regression,BRSAN,2025,0.0458661966,0.1006094702,0.1213485881,0.0527792359,0.0069130393,0.0069130393,positive,complete
linear_regression,BTCIM,2025,0.0458661966,0.1006094702,0.1218841285,0.0529577493,0.0070915528,0.0070915528,positive,complete
linear_regression,CANTE,2025,0.0458661966,0.1006094702,0.089849075,0.0422793981,-0.0035867984,0.0035867984,negative,complete
linear_regression,CCOLA,2025,0.0458661966,0.1006094702,0.101533593,0.0461742375,0.0003080409,0.0003080409,positive,complete
linear_regression,CEMTS,2025,0.0458661966,0.1006094702,0.1083252191,0.0484381128,0.0025719163,0.0025719163,positive,complete
linear_regression,CIMSA,2025,0.0458661966,0.1006094702,0.1025316456,0.0465069217,0.0006407251,0.0006407251,positive,complete
linear_regression,DEVA,2025,0.0458661966,0.1006094702,0.1143865628,0.0504585607,0.0045923642,0.0045923642,positive,complete
linear_regression,DOAS,2025,0.0458661966,0.1006094702,0.0967380721,0.0445757305,-0.0012904661,0.0012904661,negative,complete
linear_regression,DOHOL,2025,0.0458661966,0.1006094702,0.0963972736,0.044462131,-0.0014040655,0.0014040655,negative,complete
linear_regression,DSTKF,2025,0.0458661966,0.1006094702,0.1209347614,0.0526412936,0.0067750971,0.0067750971,positive,complete
linear_regression,EKGYO,2025,0.0458661966,0.1006094702,0.0821567673,0.0397152956,-0.006150901,0.006150901,negative,complete
linear_regression,ENJSA,2025,0.0458661966,0.1006094702,0.088510224,0.0418331145,-0.0040330821,0.0040330821,negative,complete
linear_regression,ENKAI,2025,0.0458661966,0.1006094702,0.0738072055,0.0369321083,-0.0089340883,0.0089340883,negative,complete
linear_regression,EREGL,2025,0.0458661966,0.1006094702,0.1132911392,0.0500934196,0.004227223,0.004227223,positive,complete
linear_regression,FROTO,2025,0.0458661966,0.1006094702,0.1001703992,0.0457198396,-0.000146357,0.000146357,negative,complete
linear_regression,GARAN,2025,0.0458661966,0.1006094702,0.0993184031,0.0454358409,-0.0004303557,0.0004303557,negative,complete
linear_regression,GUBRF,2025,0.0458661966,0.1006094702,0.0923563778,0.0431151657,-0.0027510308,0.0027510308,negative,complete
linear_regression,HALKB,2025,0.0458661966,0.1006094702,0.0947663096,0.0439184764,-0.0019477202,0.0019477202,negative,complete
linear_regression,HEKTS,2025,0.0458661966,0.1006094702,0.0768013632,0.0379301609,-0.0079360357,0.0079360357,negative,complete
linear_regression,ISCTR,2025,0.0458661966,0.1006094702,0.0991723466,0.0453871554,-0.0004790412,0.0004790412,negative,complete
linear_regression,ISGYO,2025,0.0458661966,0.1006094702,0.0988802337,0.0452897844,-0.0005764122,0.0005764122,negative,complete
linear_regression,KCHOL,2025,0.0458661966,0.1006094702,0.0987098345,0.0452329846,-0.0006332119,0.0006332119,negative,complete
linear_regression,KONTR,2025,0.0458661966,0.1006094702,0.079211295,0.0387334715,-0.0071327251,0.0071327251,negative,complete
linear_regression,KRDMD,2025,0.0458661966,0.1006094702,0.1270691334,0.0546860843,0.0088198877,0.0088198877,positive,complete
linear_regression,KRVGD,2025,0.0458661966,0.1006094702,0.1004625122,0.0458172105,-4.8986e-05,4.8986e-05,negative,complete
linear_regression,KUYAS,2025,0.0458661966,0.1006094702,0.0975657254,0.044851615,-0.0010145816,0.0010145816,negative,complete
linear_regression,LOGO,2025,0.0458661966,0.1006094702,0.0887779942,0.0419223712,-0.0039438254,0.0039438254,negative,complete
linear_regression,MAVI,2025,0.0458661966,0.1006094702,0.1001703992,0.0457198396,-0.000146357,0.000146357,negative,complete
linear_regression,MGROS,2025,0.0458661966,0.1006094702,0.103164557,0.0467178921,0.0008516956,0.0008516956,positive,complete
linear_regression,MIATK,2025,0.0458661966,0.1006094702,0.0980282376,0.0450057857,-0.0008604109,0.0008604109,negative,complete
linear_regression,MPARK,2025,0.0458661966,0.1006094702,0.1024829601,0.0464906932,0.0006244966,0.0006244966,positive,complete
linear_regression,NETAS,2025,0.0458661966,0.1006094702,0.1008763389,0.0459551528,8.89562e-05,8.89562e-05,positive,complete
linear_regression,NTGAZ,2025,0.0458661966,0.1006094702,0.1259737098,0.0543209431,0.0084547465,0.0084547465,positive,complete
linear_regression,ODAS,2025,0.0458661966,0.1006094702,0.0917234664,0.0429041953,-0.0029620013,0.0029620013,negative,complete
linear_regression,OTKAR,2025,0.0458661966,0.1006094702,0.0993670886,0.0454520693,-0.0004141272,0.0004141272,negative,complete
linear_regression,OYAKC,2025,0.0458661966,0.1006094702,0.1035540409,0.0468477201,0.0009815236,0.0009815236,positive,complete
linear_regression,PASEU,2025,0.0458661966,0.1006094702,0.0908471276,0.0426120823,-0.0032541142,0.0032541142,negative,complete
linear_regression,PETKM,2025,0.0458661966,0.1006094702,0.119157741,0.0520489535,0.0061827569,0.0061827569,positive,complete
linear_regression,PGSUS,2025,0.0458661966,0.1006094702,0.0857838364,0.0409243186,-0.0049418779,0.0049418779,negative,complete
linear_regression,PRKME,2025,0.0458661966,0.1006094702,0.1265579357,0.0545156851,0.0086494885,0.0086494885,positive,complete
linear_regression,RGYAS,2025,0.0458661966,0.1006094702,0.1001217137,0.0457036111,-0.0001625855,0.0001625855,negative,complete
linear_regression,SAHOL,2025,0.0458661966,0.1006094702,0.1018013632,0.0462634942,0.0003972977,0.0003972977,positive,complete
linear_regression,SASA,2025,0.0458661966,0.1006094702,0.1316212269,0.0562034488,0.0103372522,0.0103372522,positive,complete
linear_regression,SELEC,2025,0.0458661966,0.1006094702,0.0990019474,0.0453303556,-0.0005358409,0.0005358409,negative,complete
linear_regression,SISE,2025,0.0458661966,0.1006094702,0.1170642648,0.0513511281,0.0054849315,0.0054849315,positive,complete
linear_regression,SKBNK,2025,0.0458661966,0.1006094702,0.1078140214,0.0482677136,0.0024015171,0.0024015171,positive,complete
linear_regression,SMRTG,2025,0.0458661966,0.1006094702,0.1024099318,0.0464663504,0.0006001539,0.0006001539,positive,complete
linear_regression,SOKM,2025,0.0458661966,0.1006094702,0.0945715677,0.0438535624,-0.0020126342,0.0020126342,negative,complete
linear_regression,TAVHL,2025,0.0458661966,0.1006094702,0.1040165531,0.0470018908,0.0011356943,0.0011356943,positive,complete
linear_regression,TBORG,2025,0.0458661966,0.1006094702,0.1005111977,0.045833439,-3.27575e-05,3.27575e-05,negative,complete
linear_regression,TCELL,2025,0.0458661966,0.1006094702,0.1085686465,0.0485192553,0.0026530588,0.0026530588,positive,complete
linear_regression,THYAO,2025,0.0458661966,0.1006094702,0.1181110029,0.0517000408,0.0058338442,0.0058338442,positive,complete
linear_regression,TOASO,2025,0.0458661966,0.1006094702,0.0948149951,0.0439347049,-0.0019314917,0.0019314917,negative,complete
linear_regression,TRALT,2025,0.0458661966,0.1006094702,0.0722492697,0.0364127964,-0.0094534002,0.0094534002,negative,complete
linear_regression,TRMET,2025,0.0458661966,0.1006094702,0.0749756573,0.0373215922,-0.0085446043,0.0085446043,negative,complete
linear_regression,TSKB,2025,0.0458661966,0.1006094702,0.0934518014,0.0434803069,-0.0023858896,0.0023858896,negative,complete
linear_regression,TTKOM,2025,0.0458661966,0.1006094702,0.0802580331,0.0390823842,-0.0067838124,0.0067838124,negative,complete
linear_regression,TUPRS,2025,0.0458661966,0.1006094702,0.0931353457,0.0433748217,-0.0024913749,0.0024913749,negative,complete
linear_regression,TURSG,2025,0.0458661966,0.1006094702,0.1259006816,0.0542966003,0.0084304038,0.0084304038,positive,complete
linear_regression,ULKER,2025,0.0458661966,0.1006094702,0.0953748783,0.0441213326,-0.001744864,0.001744864,negative,complete
linear_regression,ULUSE,2025,0.0458661966,0.1006094702,0.0984177215,0.0451356137,-0.0007305829,0.0007305829,negative,complete
linear_regression,VAKBN,2025,0.0458661966,0.1006094702,0.0931353457,0.0433748217,-0.0024913749,0.0024913749,negative,complete
linear_regression,VESTL,2025,0.0458661966,0.1006094702,0.1337390458,0.0569093884,0.0110431918,0.0110431918,positive,complete
linear_regression,YKBNK,2025,0.0458661966,0.1006094702,0.1040895813,0.0470262336,0.001160037,0.001160037,positive,complete
linear_regression,ZOREN,2025,0.0458661966,0.1006094702,0.1032132425,0.0467341206,0.0008679241,0.0008679241,positive,complete
random_forest,AEFES,2023,-0.1532838069,-0.14664049,-0.1371146883,-0.1501085397,0.0031752672,0.0031752672,positive,complete
random_forest,AGESA,2023,-0.1532838069,-0.14664049,-0.1477153777,-0.1536421028,-0.0003582959,0.0003582959,negative,complete
random_forest,AGHOL,2023,-0.1532838069,-0.14664049,-0.1344612482,-0.1492240596,0.0040597472,0.0040597472,positive,complete
random_forest,AKBNK,2023,-0.1532838069,-0.14664049,-0.1480692572,-0.1537600626,-0.0004762558,0.0004762558,negative,complete
random_forest,AKENR,2023,-0.1532838069,-0.14664049,-0.1414721724,-0.1515610344,0.0017227725,0.0017227725,positive,complete
random_forest,AKSA,2023,-0.1532838069,-0.14664049,-0.1528649241,-0.1553586183,-0.0020748114,0.0020748114,negative,complete
random_forest,AKSEN,2023,-0.1532838069,-0.14664049,-0.1719258741,-0.1617122683,-0.0084284614,0.0084284614,negative,complete
random_forest,ALARK,2023,-0.1532838069,-0.14664049,-0.1399872197,-0.1510660501,0.0022177568,0.0022177568,positive,complete
random_forest,ALBRK,2023,-0.1532838069,-0.14664049,-0.1454158172,-0.1528755826,0.0004082243,0.0004082243,positive,complete
random_forest,ANHYT,2023,-0.1532838069,-0.14664049,-0.1497115315,-0.1543074874,-0.0010236805,0.0010236805,negative,complete
random_forest,ARCLK,2023,-0.1532838069,-0.14664049,-0.1504305754,-0.1545471687,-0.0012633618,0.0012633618,negative,complete
random_forest,ASELS,2023,-0.1532838069,-0.14664049,-0.149456836,-0.1542225889,-0.000938782,0.000938782,negative,complete
random_forest,ASTOR,2023,-0.1532838069,-0.14664049,-0.1381589357,-0.1504566221,0.0028271847,0.0028271847,positive,complete
random_forest,BERA,2023,-0.1532838069,-0.14664049,-0.1362626662,-0.1498245323,0.0034592746,0.0034592746,positive,complete
random_forest,BIMAS,2023,-0.1532838069,-0.14664049,-0.1297386118,-0.1476498475,0.0056339594,0.0056339594,positive,complete
random_forest,BRSAN,2023,-0.1532838069,-0.14664049,-0.1604357484,-0.1578822264,-0.0045984195,0.0045984195,negative,complete
random_forest,BTCIM,2023,-0.1532838069,-0.14664049,-0.1722666829,-0.1618258712,-0.0085420643,0.0085420643,negative,complete
random_forest,CANTE,2023,-0.1532838069,-0.14664049,-0.1147430241,-0.1426513183,0.0106324886,0.0106324886,positive,complete
random_forest,CCOLA,2023,-0.1532838069,-0.14664049,-0.1269391109,-0.1467166805,0.0065671264,0.0065671264,positive,complete
random_forest,CEMTS,2023,-0.1532838069,-0.14664049,-0.1395490369,-0.1509199892,0.0023638177,0.0023638177,positive,complete
random_forest,CIMSA,2023,-0.1532838069,-0.14664049,-0.1622858534,-0.158498928,-0.0052151212,0.0052151212,negative,complete
random_forest,DEVA,2023,-0.1532838069,-0.14664049,-0.1435170252,-0.152242652,0.0010411549,0.0010411549,positive,complete
random_forest,DOAS,2023,-0.1532838069,-0.14664049,-0.1518181542,-0.155009695,-0.0017258881,0.0017258881,negative,complete
random_forest,DOHOL,2023,-0.1532838069,-0.14664049,-0.1445637952,-0.1525915753,0.0006922316,0.0006922316,positive,complete
random_forest,DSTKF,2023,-0.1532838069,-0.14664049,-0.1433196607,-0.1521768638,0.0011069431,0.0011069431,positive,complete
random_forest,EGEEN,2023,-0.1532838069,-0.14664049,-0.1567477102,-0.1566528803,-0.0033690734,0.0033690734,negative,complete
random_forest,EKGYO,2023,-0.1532838069,-0.14664049,-0.1547880595,-0.1559996634,-0.0027158565,0.0027158565,negative,complete
random_forest,ENJSA,2023,-0.1532838069,-0.14664049,-0.1488969358,-0.1540359555,-0.0007521486,0.0007521486,negative,complete
random_forest,ENKAI,2023,-0.1532838069,-0.14664049,-0.1630891885,-0.1587667064,-0.0054828995,0.0054828995,negative,complete
random_forest,EREGL,2023,-0.1532838069,-0.14664049,-0.1675440465,-0.1602516591,-0.0069678522,0.0069678522,negative,complete
random_forest,FROTO,2023,-0.1532838069,-0.14664049,-0.1471685482,-0.1534598263,-0.0001760194,0.0001760194,negative,complete
random_forest,GARAN,2023,-0.1532838069,-0.14664049,-0.1471442048,-0.1534517118,-0.0001679049,0.0001679049,negative,complete
random_forest,GUBRF,2023,-0.1532838069,-0.14664049,-0.1400602502,-0.1510903936,0.0021934133,0.0021934133,positive,complete
random_forest,HALKB,2023,-0.1532838069,-0.14664049,-0.1492864316,-0.1541657874,-0.0008819805,0.0008819805,negative,complete
random_forest,HEKTS,2023,-0.1532838069,-0.14664049,-0.1159115114,-0.143040814,0.0102429928,0.0102429928,positive,complete
random_forest,ISCTR,2023,-0.1532838069,-0.14664049,-0.1481909747,-0.1538006351,-0.0005168282,0.0005168282,negative,complete
random_forest,ISGYO,2023,-0.1532838069,-0.14664049,-0.1528405806,-0.1553505038,-0.0020666969,0.0020666969,negative,complete
random_forest,KCHOL,2023,-0.1532838069,-0.14664049,-0.1427015184,-0.1519708164,0.0013129905,0.0013129905,positive,complete
random_forest,KONTR,2023,-0.1532838069,-0.14664049,-0.1469981438,-0.1534030248,-0.000119218,0.000119218,negative,complete
random_forest,KRDMD,2023,-0.1532838069,-0.14664049,-0.1474606701,-0.1535572003,-0.0002733934,0.0002733934,negative,complete
random_forest,KRVGD,2023,-0.1532838069,-0.14664049,-0.1364330706,-0.1498813338,0.0034024731,0.0034024731,positive,complete
random_forest,KUYAS,2023,-0.1532838069,-0.14664049,-0.1721449655,-0.1617852987,-0.0085014918,0.0085014918,negative,complete
random_forest,LOGO,2023,-0.1532838069,-0.14664049,-0.1392082281,-0.1508063863,0.0024774206,0.0024774206,positive,complete
random_forest,MAVI,2023,-0.1532838069,-0.14664049,-0.1571493777,-0.1567867695,-0.0035029626,0.0035029626,negative,complete
random_forest,MGROS,2023,-0.1532838069,-0.14664049,-0.1393056021,-0.1508388443,0.0024449626,0.0024449626,positive,complete
random_forest,MIATK,2023,-0.1532838069,-0.14664049,-0.175772145,-0.1629943586,-0.0097105517,0.0097105517,negative,complete
random_forest,MPARK,2023,-0.1532838069,-0.14664049,-0.1446489974,-0.152619976,0.0006638309,0.0006638309,positive,complete
random_forest,NETAS,2023,-0.1532838069,-0.14664049,-0.1333171044,-0.1488426783,0.0044411285,0.0044411285,positive,complete
random_forest,NTGAZ,2023,-0.1532838069,-0.14664049,-0.1410339896,-0.1514149734,0.0018688334,0.0018688334,positive,complete
random_forest,ODAS,2023,-0.1532838069,-0.14664049,-0.1280102243,-0.1470737183,0.0062100886,0.0062100886,positive,complete
random_forest,OTKAR,2023,-0.1532838069,-0.14664049,-0.146706022,-0.1533056509,-2.1844e-05,2.1844e-05,negative,complete
random_forest,OYAKC,2023,-0.1532838069,-0.14664049,-0.1679578858,-0.1603896055,-0.0071057986,0.0071057986,negative,complete
random_forest,PASEU,2023,-0.1532838069,-0.14664049,-0.1555155248,-0.1562421518,-0.0029583449,0.0029583449,negative,complete
random_forest,PETKM,2023,-0.1532838069,-0.14664049,-0.1480936007,-0.1537681771,-0.0004843703,0.0004843703,negative,complete
random_forest,PGSUS,2023,-0.1532838069,-0.14664049,-0.1439795515,-0.1523968274,0.0008869795,0.0008869795,positive,complete
random_forest,PRKME,2023,-0.1532838069,-0.14664049,-0.1242369839,-0.1458159715,0.0074678354,0.0074678354,positive,complete
random_forest,SAHOL,2023,-0.1532838069,-0.14664049,-0.1472659222,-0.1534922843,-0.0002084774,0.0002084774,negative,complete
random_forest,SASA,2023,-0.1532838069,-0.14664049,-0.133901348,-0.1490374262,0.0042463806,0.0042463806,positive,complete
random_forest,SELEC,2023,-0.1532838069,-0.14664049,-0.1461948088,-0.1531352465,0.0001485604,0.0001485604,positive,complete
random_forest,SISE,2023,-0.1532838069,-0.14664049,-0.1618233272,-0.1583447526,-0.0050609457,0.0050609457,negative,complete
random_forest,SKBNK,2023,-0.1532838069,-0.14664049,-0.148458753,-0.1538898946,-0.0006060877,0.0006060877,negative,complete
random_forest,SMRTG,2023,-0.1532838069,-0.14664049,-0.1423485379,-0.1518531562,0.0014306507,0.0014306507,positive,complete
random_forest,SOKM,2023,-0.1532838069,-0.14664049,-0.1426893467,-0.1519667591,0.0013170478,0.0013170478,positive,complete
random_forest,TAVHL,2023,-0.1532838069,-0.14664049,-0.1565164471,-0.1565757926,-0.0032919857,0.0032919857,negative,complete
random_forest,TBORG,2023,-0.1532838069,-0.14664049,-0.1437848036,-0.1523319114,0.0009518955,0.0009518955,positive,complete
random_forest,TCELL,2023,-0.1532838069,-0.14664049,-0.1490186532,-0.154076528,-0.0007927211,0.0007927211,negative,complete
random_forest,THYAO,2023,-0.1532838069,-0.14664049,-0.1585613,-0.1572574102,-0.0039736033,0.0039736033,negative,complete
random_forest,TOASO,2023,-0.1532838069,-0.14664049,-0.1516477498,-0.1549528935,-0.0016690866,0.0016690866,negative,complete
random_forest,TRALT,2023,-0.1532838069,-0.14664049,-0.1210723306,-0.1447610871,0.0085227198,0.0085227198,positive,complete
random_forest,TRMET,2023,-0.1532838069,-0.14664049,-0.1395733804,-0.1509281037,0.0023557032,0.0023557032,positive,complete
random_forest,TSKB,2023,-0.1532838069,-0.14664049,-0.1486291574,-0.153946696,-0.0006628892,0.0006628892,negative,complete
random_forest,TTKOM,2023,-0.1532838069,-0.14664049,-0.1675440465,-0.1602516591,-0.0069678522,0.0069678522,negative,complete
random_forest,TUPRS,2023,-0.1532838069,-0.14664049,-0.1361896358,-0.1498001888,0.0034836181,0.0034836181,positive,complete
random_forest,TURSG,2023,-0.1532838069,-0.14664049,-0.1608495877,-0.1580201728,-0.0047363659,0.0047363659,negative,complete
random_forest,ULKER,2023,-0.1532838069,-0.14664049,-0.1466329915,-0.1532813074,2.4995e-06,2.4995e-06,positive,complete
random_forest,ULUSE,2023,-0.1532838069,-0.14664049,-0.1205367739,-0.1445825682,0.0087012387,0.0087012387,positive,complete
random_forest,VAKBN,2023,-0.1532838069,-0.14664049,-0.1506983538,-0.1546364282,-0.0013526213,0.0013526213,negative,complete
random_forest,VESTL,2023,-0.1532838069,-0.14664049,-0.1438578341,-0.1523562549,0.000927552,0.000927552,positive,complete
random_forest,YKBNK,2023,-0.1532838069,-0.14664049,-0.1471685482,-0.1534598263,-0.0001760194,0.0001760194,negative,complete
random_forest,ZOREN,2023,-0.1532838069,-0.14664049,-0.1498219883,-0.1543443063,-0.0010604994,0.0010604994,negative,complete
random_forest,AEFES,2024,-0.1532838069,-0.1726920575,-0.1757800376,-0.1543131336,-0.0010293267,0.0010293267,negative,complete
random_forest,AGESA,2024,-0.1532838069,-0.1726920575,-0.1943780086,-0.1605124573,-0.0072286504,0.0072286504,negative,complete
random_forest,AGHOL,2024,-0.1532838069,-0.1726920575,-0.1660915658,-0.151083643,0.0022001639,0.0022001639,positive,complete
random_forest,AKBNK,2024,-0.1532838069,-0.1726920575,-0.1805014606,-0.1558869412,-0.0026031344,0.0026031344,negative,complete
random_forest,AKENR,2024,-0.1532838069,-0.1726920575,-0.1599084707,-0.1490226113,0.0042611956,0.0042611956,positive,complete
random_forest,AKSA,2024,-0.1532838069,-0.1726920575,-0.1787742136,-0.1553111922,-0.0020273854,0.0020273854,negative,complete
random_forest,AKSEN,2024,-0.1532838069,-0.1726920575,-0.1723476896,-0.1531690176,0.0001147893,0.0001147893,positive,complete
random_forest,ALARK,2024,-0.1532838069,-0.1726920575,-0.1553563495,-0.1475052376,0.0057785693,0.0057785693,positive,complete
random_forest,ALBRK,2024,-0.1532838069,-0.1726920575,-0.1804782162,-0.1558791931,-0.0025953862,0.0025953862,negative,complete
random_forest,ANHYT,2024,-0.1532838069,-0.1726920575,-0.1843487363,-0.1571693665,-0.0038855596,0.0038855596,negative,complete
random_forest,ARCLK,2024,-0.1532838069,-0.1726920575,-0.1789932996,-0.1553842209,-0.002100414,0.002100414,negative,complete
random_forest,ASELS,2024,-0.1532838069,-0.1726920575,-0.1628783038,-0.1500125556,0.0032712512,0.0032712512,positive,complete
random_forest,ASTOR,2024,-0.1532838069,-0.1726920575,-0.1698890573,-0.1523494735,0.0009343334,0.0009343334,positive,complete
random_forest,BERA,2024,-0.1532838069,-0.1726920575,-0.1756583231,-0.1542725621,-0.0009887552,0.0009887552,negative,complete
random_forest,BIMAS,2024,-0.1532838069,-0.1726920575,-0.1571090379,-0.148089467,0.0051943399,0.0051943399,positive,complete
random_forest,BRSAN,2024,-0.1532838069,-0.1726920575,-0.1516075439,-0.1462556357,0.0070281712,0.0070281712,positive,complete
random_forest,BTCIM,2024,-0.1532838069,-0.1726920575,-0.1624401317,-0.1498664983,0.0034173086,0.0034173086,positive,complete
random_forest,CANTE,2024,-0.1532838069,-0.1726920575,-0.1874889696,-0.1582161109,-0.004932304,0.004932304,negative,complete
random_forest,CCOLA,2024,-0.1532838069,-0.1726920575,-0.1766807247,-0.1546133626,-0.0013295557,0.0013295557,negative,complete
random_forest,CEMTS,2024,-0.1532838069,-0.1726920575,-0.1872455407,-0.1581349679,-0.0048511611,0.0048511611,negative,complete
random_forest,CIMSA,2024,-0.1532838069,-0.1726920575,-0.181890104,-0.1563498224,-0.0030660155,0.0030660155,negative,complete
random_forest,DEVA,2024,-0.1532838069,-0.1726920575,-0.1598110991,-0.1489901541,0.0042936528,0.0042936528,positive,complete
random_forest,DOAS,2024,-0.1532838069,-0.1726920575,-0.1754392371,-0.1541995334,-0.0009157265,0.0009157265,negative,complete
random_forest,DOHOL,2024,-0.1532838069,-0.1726920575,-0.1706923728,-0.1526172453,0.0006665616,0.0006665616,positive,complete
random_forest,DSTKF,2024,-0.1532838069,-0.1726920575,-0.174319464,-0.1538262757,-0.0005424688,0.0005424688,negative,complete
random_forest,EGEEN,2024,-0.1532838069,-0.1726920575,-0.1534819467,-0.1468804366,0.0064033703,0.0064033703,positive,complete
random_forest,EKGYO,2024,-0.1532838069,-0.1726920575,-0.149404512,-0.1455212917,0.0077625152,0.0077625152,positive,complete
random_forest,ENJSA,2024,-0.1532838069,-0.1726920575,-0.1716660885,-0.1529418172,0.0003419897,0.0003419897,positive,complete
random_forest,ENKAI,2024,-0.1532838069,-0.1726920575,-0.1718608317,-0.1530067316,0.0002770753,0.0002770753,positive,complete
random_forest,EREGL,2024,-0.1532838069,-0.1726920575,-0.1830098771,-0.1567230801,-0.0034392732,0.0034392732,negative,complete
random_forest,FROTO,2024,-0.1532838069,-0.1726920575,-0.1725424327,-0.1532339319,4.98749e-05,4.98749e-05,positive,complete
random_forest,GARAN,2024,-0.1532838069,-0.1726920575,-0.1812804284,-0.1561465972,-0.0028627903,0.0028627903,negative,complete
random_forest,GUBRF,2024,-0.1532838069,-0.1726920575,-0.1711183734,-0.1527592455,0.0005245614,0.0005245614,positive,complete
random_forest,HALKB,2024,-0.1532838069,-0.1726920575,-0.1730779764,-0.1534124465,-0.0001286396,0.0001286396,negative,complete
random_forest,HEKTS,2024,-0.1532838069,-0.1726920575,-0.1714956883,-0.1528850171,0.0003987897,0.0003987897,positive,complete
random_forest,ISCTR,2024,-0.1532838069,-0.1726920575,-0.1764372958,-0.1545322196,-0.0012484127,0.0012484127,negative,complete
random_forest,ISGYO,2024,-0.1532838069,-0.1726920575,-0.1624401317,-0.1498664983,0.0034173086,0.0034173086,positive,complete
random_forest,KCHOL,2024,-0.1532838069,-0.1726920575,-0.1747089503,-0.1539561045,-0.0006722976,0.0006722976,negative,complete
random_forest,KONTR,2024,-0.1532838069,-0.1726920575,-0.1416756431,-0.1429450021,0.0103388048,0.0103388048,positive,complete
random_forest,KRDMD,2024,-0.1532838069,-0.1726920575,-0.1673087105,-0.1514893579,0.001794449,0.001794449,positive,complete
random_forest,KRVGD,2024,-0.1532838069,-0.1726920575,-0.1856875955,-0.1576156529,-0.004331846,0.004331846,negative,complete
random_forest,KUYAS,2024,-0.1532838069,-0.1726920575,-0.1863448536,-0.1578347389,-0.004550932,0.004550932,negative,complete
random_forest,LOGO,2024,-0.1532838069,-0.1726920575,-0.1821091901,-0.1564228511,-0.0031390442,0.0031390442,negative,complete
random_forest,MAVI,2024,-0.1532838069,-0.1726920575,-0.1767294105,-0.1546295912,-0.0013457843,0.0013457843,negative,complete
random_forest,MGROS,2024,-0.1532838069,-0.1726920575,-0.1864178823,-0.1578590818,-0.0045752749,0.0045752749,negative,complete
random_forest,MIATK,2024,-0.1532838069,-0.1726920575,-0.1613447015,-0.1495013549,0.003782452,0.003782452,positive,complete
random_forest,MPARK,2024,-0.1532838069,-0.1726920575,-0.1746115787,-0.1539236473,-0.0006398404,0.0006398404,negative,complete
random_forest,NETAS,2024,-0.1532838069,-0.1726920575,-0.1734431198,-0.153534161,-0.0002503541,0.0002503541,negative,complete
random_forest,NTGAZ,2024,-0.1532838069,-0.1726920575,-0.1481021671,-0.1450871768,0.0081966301,0.0081966301,positive,complete
random_forest,ODAS,2024,-0.1532838069,-0.1726920575,-0.199124873,-0.1620947454,-0.0088109385,0.0088109385,negative,complete
random_forest,OTKAR,2024,-0.1532838069,-0.1726920575,-0.1610769296,-0.1494120976,0.0038717093,0.0038717093,positive,complete
random_forest,OYAKC,2024,-0.1532838069,-0.1726920575,-0.1817440466,-0.1563011366,-0.0030173297,0.0030173297,negative,complete
random_forest,PASEU,2024,-0.1532838069,-0.1726920575,-0.1465685648,-0.144575976,0.0087078309,0.0087078309,positive,complete
random_forest,PETKM,2024,-0.1532838069,-0.1726920575,-0.1740273492,-0.1537289041,-0.0004450972,0.0004450972,negative,complete
random_forest,PGSUS,2024,-0.1532838069,-0.1726920575,-0.1747089503,-0.1539561045,-0.0006722976,0.0006722976,negative,complete
random_forest,PRKME,2024,-0.1532838069,-0.1726920575,-0.1732727195,-0.1534773609,-0.000193554,0.000193554,negative,complete
random_forest,SAHOL,2024,-0.1532838069,-0.1726920575,-0.1769484965,-0.1547026199,-0.001418813,0.001418813,negative,complete
random_forest,SASA,2024,-0.1532838069,-0.1726920575,-0.1754392371,-0.1541995334,-0.0009157265,0.0009157265,negative,complete
random_forest,SELEC,2024,-0.1532838069,-0.1726920575,-0.1678199113,-0.1516597581,0.0016240487,0.0016240487,positive,complete
random_forest,SISE,2024,-0.1532838069,-0.1726920575,-0.1940858939,-0.1604150857,-0.0071312788,0.0071312788,negative,complete
random_forest,SKBNK,2024,-0.1532838069,-0.1726920575,-0.1634381904,-0.1501991845,0.0030846224,0.0030846224,positive,complete
random_forest,SMRTG,2024,-0.1532838069,-0.1726920575,-0.155258978,-0.1474727804,0.0058110265,0.0058110265,positive,complete
random_forest,SOKM,2024,-0.1532838069,-0.1726920575,-0.1741734066,-0.1537775899,-0.000493783,0.000493783,negative,complete
random_forest,TAVHL,2024,-0.1532838069,-0.1726920575,-0.1746115787,-0.1539236473,-0.0006398404,0.0006398404,negative,complete
random_forest,TBORG,2024,-0.1532838069,-0.1726920575,-0.1963619545,-0.1611737725,-0.0078899657,0.0078899657,negative,complete
random_forest,TCELL,2024,-0.1532838069,-0.1726920575,-0.1553563495,-0.1475052376,0.0057785693,0.0057785693,positive,complete
random_forest,THYAO,2024,-0.1532838069,-0.1726920575,-0.163973734,-0.1503776991,0.0029061078,0.0029061078,positive,complete
random_forest,TOASO,2024,-0.1532838069,-0.1726920575,-0.1842270218,-0.157128795,-0.0038449881,0.0038449881,negative,complete
random_forest,TRALT,2024,-0.1532838069,-0.1726920575,-0.1610769296,-0.1494120976,0.0038717093,0.0038717093,positive,complete
random_forest,TRMET,2024,-0.1532838069,-0.1726920575,-0.1709358017,-0.1526983883,0.0005854186,0.0005854186,positive,complete
random_forest,TSKB,2024,-0.1532838069,-0.1726920575,-0.1691952848,-0.152118216,0.0011655909,0.0011655909,positive,complete
random_forest,TTKOM,2024,-0.1532838069,-0.1726920575,-0.1608335007,-0.1493309546,0.0039528523,0.0039528523,positive,complete
random_forest,TUPRS,2024,-0.1532838069,-0.1726920575,-0.1851277089,-0.157429024,-0.0041452171,0.0041452171,negative,complete
random_forest,TURSG,2024,-0.1532838069,-0.1726920575,-0.1916150902,-0.1595914844,-0.0063076776,0.0063076776,negative,complete
random_forest,ULKER,2024,-0.1532838069,-0.1726920575,-0.1742951211,-0.1538181614,-0.0005343545,0.0005343545,negative,complete
random_forest,ULUSE,2024,-0.1532838069,-0.1726920575,-0.1729806048,-0.1533799893,-9.61824e-05,9.61824e-05,negative,complete
random_forest,VAKBN,2024,-0.1532838069,-0.1726920575,-0.1829125056,-0.1566906229,-0.003406816,0.003406816,negative,complete
random_forest,VESTL,2024,-0.1532838069,-0.1726920575,-0.1672600247,-0.1514731293,0.0018106776,0.0018106776,positive,complete
random_forest,YKBNK,2024,-0.1532838069,-0.1726920575,-0.1800887299,-0.1557493643,-0.0024655574,0.0024655574,negative,complete
random_forest,ZOREN,2024,-0.1532838069,-0.1726920575,-0.188316628,-0.1584919971,-0.0052081902,0.0052081902,negative,complete
random_forest,AEFES,2025,-0.1532838069,-0.1405188732,-0.1497939983,-0.1563755152,-0.0030917084,0.0030917084,negative,complete
random_forest,AGESA,2025,-0.1532838069,-0.1405188732,-0.153980976,-0.1577711745,-0.0044873676,0.0044873676,negative,complete
random_forest,AGHOL,2025,-0.1532838069,-0.1405188732,-0.1575350386,-0.158955862,-0.0056720551,0.0056720551,negative,complete
random_forest,AKBNK,2025,-0.1532838069,-0.1405188732,-0.1420886076,-0.1538070517,-0.0005232448,0.0005232448,negative,complete
random_forest,AKENR,2025,-0.1532838069,-0.1405188732,-0.1184890366,-0.145940528,0.0073432789,0.0073432789,positive,complete
random_forest,AKSA,2025,-0.1532838069,-0.1405188732,-0.1399351262,-0.1530892246,0.0001945823,0.0001945823,positive,complete
random_forest,AKSEN,2025,-0.1532838069,-0.1405188732,-0.1346040324,-0.1513121933,0.0019716136,0.0019716136,positive,complete
random_forest,ALARK,2025,-0.1532838069,-0.1405188732,-0.1470310798,-0.1554545424,-0.0021707355,0.0021707355,negative,complete
random_forest,ALBRK,2025,-0.1532838069,-0.1405188732,-0.1415174143,-0.1536166539,-0.000332847,0.000332847,negative,complete
random_forest,ANHYT,2025,-0.1532838069,-0.1405188732,-0.1365027781,-0.1519451085,0.0013386983,0.0013386983,positive,complete
random_forest,ARCLK,2025,-0.1532838069,-0.1405188732,-0.1350178616,-0.1514501364,0.0018336705,0.0018336705,positive,complete
random_forest,ASELS,2025,-0.1532838069,-0.1405188732,-0.1230411578,-0.1474579017,0.0058259051,0.0058259051,positive,complete
random_forest,ASTOR,2025,-0.1532838069,-0.1405188732,-0.1510598288,-0.1567974587,-0.0035136519,0.0035136519,negative,complete
random_forest,BERA,2025,-0.1532838069,-0.1405188732,-0.1436230746,-0.1543185407,-0.0010347338,0.0010347338,negative,complete
random_forest,BIMAS,2025,-0.1532838069,-0.1405188732,-0.1427589019,-0.1540304831,-0.0007466762,0.0007466762,negative,complete
random_forest,BRSAN,2025,-0.1532838069,-0.1405188732,-0.1486498822,-0.1559941432,-0.0027103364,0.0027103364,negative,complete
random_forest,BTCIM,2025,-0.1532838069,-0.1405188732,-0.1258892763,-0.1484072746,0.0048765323,0.0048765323,positive,complete
random_forest,CANTE,2025,-0.1532838069,-0.1405188732,-0.1388153531,-0.1527159668,0.00056784,0.00056784,positive,complete
random_forest,CCOLA,2025,-0.1532838069,-0.1405188732,-0.1455583347,-0.1549636274,-0.0016798205,0.0016798205,negative,complete
random_forest,CEMTS,2025,-0.1532838069,-0.1405188732,-0.1515466866,-0.1569597447,-0.0036759378,0.0036759378,negative,complete
random_forest,CIMSA,2025,-0.1532838069,-0.1405188732,-0.1385475812,-0.1526267096,0.0006570973,0.0006570973,positive,complete
random_forest,DEVA,2025,-0.1532838069,-0.1405188732,-0.1343362606,-0.151222936,0.0020608709,0.0020608709,positive,complete
random_forest,DOAS,2025,-0.1532838069,-0.1405188732,-0.1410427279,-0.1534584251,-0.0001746182,0.0001746182,negative,complete
random_forest,DOHOL,2025,-0.1532838069,-0.1405188732,-0.1408114704,-0.1533813393,-9.75324e-05,9.75324e-05,negative,complete
random_forest,DSTKF,2025,-0.1532838069,-0.1405188732,-0.1290295097,-0.149454019,0.0038297878,0.0038297878,positive,complete
random_forest,EKGYO,2025,-0.1532838069,-0.1405188732,-0.1416878146,-0.153673454,-0.0003896471,0.0003896471,negative,complete
random_forest,ENJSA,2025,-0.1532838069,-0.1405188732,-0.1223595567,-0.1472307014,0.0060531055,0.0060531055,positive,complete
random_forest,ENKAI,2025,-0.1532838069,-0.1405188732,-0.1282505371,-0.1491943615,0.0040894454,0.0040894454,positive,complete
random_forest,EREGL,2025,-0.1532838069,-0.1405188732,-0.1437569605,-0.1543631693,-0.0010793625,0.0010793625,negative,complete
random_forest,FROTO,2025,-0.1532838069,-0.1405188732,-0.1436352461,-0.1543225978,-0.001038791,0.001038791,negative,complete
random_forest,GARAN,2025,-0.1532838069,-0.1405188732,-0.1479439383,-0.1557588286,-0.0024750217,0.0024750217,negative,complete
random_forest,GUBRF,2025,-0.1532838069,-0.1405188732,-0.1467511365,-0.155361228,-0.0020774211,0.0020774211,negative,complete
random_forest,HALKB,2025,-0.1532838069,-0.1405188732,-0.1366488355,-0.1519937943,0.0012900126,0.0012900126,positive,complete
random_forest,HEKTS,2025,-0.1532838069,-0.1405188732,-0.1163955477,-0.1452426984,0.0080411085,0.0080411085,positive,complete
random_forest,ISCTR,2025,-0.1532838069,-0.1405188732,-0.1409818706,-0.1534381394,-0.0001543325,0.0001543325,negative,complete
random_forest,ISGYO,2025,-0.1532838069,-0.1405188732,-0.1478830811,-0.1557385428,-0.002454736,0.002454736,negative,complete
random_forest,KCHOL,2025,-0.1532838069,-0.1405188732,-0.1480656528,-0.1557994001,-0.0025155932,0.0025155932,negative,complete
random_forest,KONTR,2025,-0.1532838069,-0.1405188732,-0.1169310914,-0.1454212129,0.0078625939,0.0078625939,positive,complete
random_forest,KRDMD,2025,-0.1532838069,-0.1405188732,-0.1355047195,-0.1516124223,0.0016713846,0.0016713846,positive,complete
random_forest,KRVGD,2025,-0.1532838069,-0.1405188732,-0.1481873673,-0.1558399716,-0.0025561647,0.0025561647,negative,complete
random_forest,KUYAS,2025,-0.1532838069,-0.1405188732,-0.1786159848,-0.1659828441,-0.0126990372,0.0126990372,negative,complete
random_forest,LOGO,2025,-0.1532838069,-0.1405188732,-0.1598232706,-0.159718606,-0.0064347991,0.0064347991,negative,complete
random_forest,MAVI,2025,-0.1532838069,-0.1405188732,-0.1394969541,-0.1529431672,0.0003406397,0.0003406397,positive,complete
random_forest,MGROS,2025,-0.1532838069,-0.1405188732,-0.1320236856,-0.1504520777,0.0028317292,0.0028317292,positive,complete
random_forest,MIATK,2025,-0.1532838069,-0.1405188732,-0.1589225835,-0.159418377,-0.0061345701,0.0061345701,negative,complete
random_forest,MPARK,2025,-0.1532838069,-0.1405188732,-0.143197074,-0.1541765405,-0.0008927336,0.0008927336,negative,complete
random_forest,NETAS,2025,-0.1532838069,-0.1405188732,-0.1182456076,-0.145859385,0.0074244218,0.0074244218,positive,complete
random_forest,NTGAZ,2025,-0.1532838069,-0.1405188732,-0.1131335999,-0.1441553825,0.0091284244,0.0091284244,positive,complete
random_forest,ODAS,2025,-0.1532838069,-0.1405188732,-0.1265221916,-0.1486182464,0.0046655605,0.0046655605,positive,complete
random_forest,OTKAR,2025,-0.1532838069,-0.1405188732,-0.1364540923,-0.1519288799,0.0013549269,0.0013549269,positive,complete
random_forest,OYAKC,2025,-0.1532838069,-0.1405188732,-0.1419799293,-0.1537708256,-0.0004870187,0.0004870187,negative,complete
random_forest,PASEU,2025,-0.1532838069,-0.1405188732,-0.1135474291,-0.1442933255,0.0089904814,0.0089904814,positive,complete
random_forest,PETKM,2025,-0.1532838069,-0.1405188732,-0.1210693833,-0.1468006436,0.0064831633,0.0064831633,positive,complete
random_forest,PGSUS,2025,-0.1532838069,-0.1405188732,-0.1487229109,-0.1560184861,-0.0027346792,0.0027346792,negative,complete
random_forest,PRKME,2025,-0.1532838069,-0.1405188732,-0.1171745203,-0.1455023559,0.007781451,0.007781451,positive,complete
random_forest,RGYAS,2025,-0.1532838069,-0.1405188732,-0.1439760466,-0.154436198,-0.0011523911,0.0011523911,negative,complete
random_forest,SAHOL,2025,-0.1532838069,-0.1405188732,-0.139983812,-0.1531054531,0.0001783537,0.0001783537,positive,complete
random_forest,SASA,2025,-0.1532838069,-0.1405188732,-0.1532263463,-0.1575196313,-0.0042358244,0.0042358244,negative,complete
random_forest,SELEC,2025,-0.1532838069,-0.1405188732,-0.1420286151,-0.1537870542,-0.0005032473,0.0005032473,negative,complete
random_forest,SISE,2025,-0.1532838069,-0.1405188732,-0.1373547794,-0.152229109,0.0010546979,0.0010546979,positive,complete
random_forest,SKBNK,2025,-0.1532838069,-0.1405188732,-0.15468692,-0.1580064891,-0.0047226823,0.0047226823,negative,complete
random_forest,SMRTG,2025,-0.1532838069,-0.1405188732,-0.1819509612,-0.1670945029,-0.013810696,0.013810696,negative,complete
random_forest,SOKM,2025,-0.1532838069,-0.1405188732,-0.148941997,-0.1560915148,-0.0028077079,0.0028077079,negative,complete
random_forest,TAVHL,2025,-0.1532838069,-0.1405188732,-0.1426128445,-0.1539817973,-0.0006979905,0.0006979905,negative,complete
random_forest,TBORG,2025,-0.1532838069,-0.1405188732,-0.1405436985,-0.153292082,-8.2751e-06,8.2751e-06,negative,complete
random_forest,TCELL,2025,-0.1532838069,-0.1405188732,-0.1421990153,-0.1538438543,-0.0005600474,0.0005600474,negative,complete
random_forest,THYAO,2025,-0.1532838069,-0.1405188732,-0.1256945332,-0.1483423602,0.0049414467,0.0049414467,positive,complete
random_forest,TOASO,2025,-0.1532838069,-0.1405188732,-0.1301492828,-0.1498272768,0.0034565301,0.0034565301,positive,complete
random_forest,TRALT,2025,-0.1532838069,-0.1405188732,-0.168927513,-0.1627533535,-0.0094695466,0.0094695466,negative,complete
random_forest,TRMET,2025,-0.1532838069,-0.1405188732,-0.1601153853,-0.1598159776,-0.0065321707,0.0065321707,negative,complete
random_forest,TSKB,2025,-0.1532838069,-0.1405188732,-0.1370383218,-0.1521236231,0.0011601838,0.0011601838,positive,complete
random_forest,TTKOM,2025,-0.1532838069,-0.1405188732,-0.1287130521,-0.1493485332,0.0039352737,0.0039352737,positive,complete
random_forest,TUPRS,2025,-0.1532838069,-0.1405188732,-0.1322914575,-0.150541335,0.0027424719,0.0027424719,positive,complete
random_forest,TURSG,2025,-0.1532838069,-0.1405188732,-0.1534697753,-0.1576007742,-0.0043169674,0.0043169674,negative,complete
random_forest,ULKER,2025,-0.1532838069,-0.1405188732,-0.1476518236,-0.155661457,-0.0023776501,0.0023776501,negative,complete
random_forest,ULUSE,2025,-0.1532838069,-0.1405188732,-0.1267412776,-0.148691275,0.0045925318,0.0045925318,positive,complete
random_forest,VAKBN,2025,-0.1532838069,-0.1405188732,-0.1393508967,-0.1528944814,0.0003893255,0.0003893255,positive,complete
random_forest,VESTL,2025,-0.1532838069,-0.1405188732,-0.1552954923,-0.1582093466,-0.0049255397,0.0049255397,negative,complete
random_forest,YKBNK,2025,-0.1532838069,-0.1405188732,-0.1408714703,-0.1534013393,-0.0001175324,0.0001175324,negative,complete
random_forest,ZOREN,2025,-0.1532838069,-0.1405188732,-0.1407140988,-0.1533488821,-6.50752e-05,6.50752e-05,negative,complete
ridge,AEFES,2023,0.0926550373,-0.0083218078,0.0074977482,0.0979282227,0.0052731854,0.0052731854,positive,complete
ridge,AGESA,2023,0.0926550373,-0.0083218078,-0.0084714818,0.092605146,-4.98913e-05,4.98913e-05,negative,complete
ridge,AGHOL,2023,0.0926550373,-0.0083218078,0.0101755155,0.0988208118,0.0061657744,0.0061657744,positive,complete
ridge,AKBNK,2023,0.0926550373,-0.0083218078,-0.0142165097,0.0906901367,-0.0019649006,0.0019649006,negative,complete
ridge,AKENR,2023,0.0926550373,-0.0083218078,-0.0131940894,0.0910309435,-0.0016240939,0.0016240939,negative,complete
ridge,AKSA,2023,0.0926550373,-0.0083218078,-0.009566932,0.0922399959,-0.0004150414,0.0004150414,negative,complete
ridge,AKSEN,2023,0.0926550373,-0.0083218078,-0.0294554395,0.0856104934,-0.0070445439,0.0070445439,negative,complete
ridge,ALARK,2023,0.0926550373,-0.0083218078,-0.0082280484,0.0926862905,3.12531e-05,3.12531e-05,positive,complete
ridge,ALBRK,2023,0.0926550373,-0.0083218078,-0.0094695587,0.0922724537,-0.0003825836,0.0003825836,negative,complete
ridge,ANHYT,2023,0.0926550373,-0.0083218078,-0.0062805813,0.0933354462,0.0006804088,0.0006804088,positive,complete
ridge,ARCLK,2023,0.0926550373,-0.0083218078,-0.0202780009,0.0886696396,-0.0039853977,0.0039853977,negative,complete
ridge,ASELS,2023,0.0926550373,-0.0083218078,-0.0083010784,0.0926619471,6.9098e-06,6.9098e-06,positive,complete
ridge,ASTOR,2023,0.0926550373,-0.0083218078,-0.0175755695,0.0895704501,-0.0030845872,0.0030845872,negative,complete
ridge,BERA,2023,0.0926550373,-0.0083218078,-0.0067674481,0.0931731572,0.0005181199,0.0005181199,positive,complete
ridge,BIMAS,2023,0.0926550373,-0.0083218078,0.0191095207,0.1017988135,0.0091437762,0.0091437762,positive,complete
ridge,BRSAN,2023,0.0926550373,-0.0083218078,0.0010467636,0.0957778945,0.0031228571,0.0031228571,positive,complete
ridge,BTCIM,2023,0.0926550373,-0.0083218078,-0.0337885538,0.084166122,-0.0084889153,0.0084889153,negative,complete
ridge,CANTE,2023,0.0926550373,-0.0083218078,0.0254144453,0.1039004551,0.0112454177,0.0112454177,positive,complete
ridge,CCOLA,2023,0.0926550373,-0.0083218078,0.0156040799,0.1006303333,0.0079752959,0.0079752959,positive,complete
ridge,CEMTS,2023,0.0926550373,-0.0083218078,0.0073273449,0.0978714216,0.0052163842,0.0052163842,positive,complete
ridge,CIMSA,2023,0.0926550373,-0.0083218078,-0.0249275786,0.0871197804,-0.0055352569,0.0055352569,negative,complete
ridge,DEVA,2023,0.0926550373,-0.0083218078,-0.0135348962,0.0909173412,-0.0017376961,0.0017376961,negative,complete
ridge,DOAS,2023,0.0926550373,-0.0083218078,-0.0131697461,0.0910390579,-0.0016159794,0.0016159794,negative,complete
ridge,DOHOL,2023,0.0926550373,-0.0083218078,-0.0055015945,0.0935951084,0.0009400711,0.0009400711,positive,complete
ridge,DSTKF,2023,0.0926550373,-0.0083218078,-0.0143744789,0.0906374803,-0.002017557,0.002017557,negative,complete
ridge,EGEEN,2023,0.0926550373,-0.0083218078,-0.0175028603,0.0895946865,-0.0030603508,0.0030603508,negative,complete
ridge,EKGYO,2023,0.0926550373,-0.0083218078,0.004893011,0.097059977,0.0044049396,0.0044049396,positive,complete
ridge,ENJSA,2023,0.0926550373,-0.0083218078,-0.0088122885,0.0924915438,-0.0001634936,0.0001634936,negative,complete
ridge,ENKAI,2023,0.0926550373,-0.0083218078,-0.0196450741,0.0888806152,-0.0037744221,0.0037744221,negative,complete
ridge,EREGL,2023,0.0926550373,-0.0083218078,-0.0260960588,0.086730287,-0.0059247503,0.0059247503,negative,complete
ridge,FROTO,2023,0.0926550373,-0.0083218078,-0.0061345213,0.0933841328,0.0007290955,0.0007290955,positive,complete
ridge,GARAN,2023,0.0926550373,-0.0083218078,-0.0066700747,0.093205615,0.0005505777,0.0005505777,positive,complete
ridge,GUBRF,2023,0.0926550373,-0.0083218078,-0.014167823,0.0907063656,-0.0019486717,0.0019486717,negative,complete
ridge,HALKB,2023,0.0926550373,-0.0083218078,-0.0053068478,0.093660024,0.0010049867,0.0010049867,positive,complete
ridge,HEKTS,2023,0.0926550373,-0.0083218078,0.0223958714,0.1028942637,0.0102392264,0.0102392264,positive,complete
ridge,ISCTR,2023,0.0926550373,-0.0083218078,-0.0251223253,0.0870548648,-0.0056001725,0.0056001725,negative,complete
ridge,ISGYO,2023,0.0926550373,-0.0083218078,-0.0163587234,0.0899760655,-0.0026789719,0.0026789719,negative,complete
ridge,KCHOL,2023,0.0926550373,-0.0083218078,0.006329268,0.0975387293,0.0048836919,0.0048836919,positive,complete
ridge,KONTR,2023,0.0926550373,-0.0083218078,-0.0086418852,0.0925483449,-0.0001066924,0.0001066924,negative,complete
ridge,KRDMD,2023,0.0926550373,-0.0083218078,-0.0108571289,0.0918099303,-0.000845107,0.000845107,negative,complete
ridge,KRVGD,2023,0.0926550373,-0.0083218078,-0.0069621948,0.0931082417,0.0004532043,0.0004532043,positive,complete
ridge,KUYAS,2023,0.0926550373,-0.0083218078,-0.0334964337,0.0842634954,-0.008391542,0.008391542,negative,complete
ridge,LOGO,2023,0.0926550373,-0.0083218078,-0.0073516882,0.0929784105,0.0003233732,0.0003233732,positive,complete
ridge,MAVI,2023,0.0926550373,-0.0083218078,-0.0214464812,0.0882801462,-0.0043748911,0.0043748911,negative,complete
ridge,MGROS,2023,0.0926550373,-0.0083218078,-0.018987804,0.0890997053,-0.0035553321,0.0035553321,negative,complete
ridge,MIATK,2023,0.0926550373,-0.0083218078,-0.0446213394,0.0805551935,-0.0120998439,0.0120998439,negative,complete
ridge,MPARK,2023,0.0926550373,-0.0083218078,-0.0070108815,0.0930920128,0.0004369755,0.0004369755,positive,complete
ridge,NETAS,2023,0.0926550373,-0.0083218078,-0.0123907593,0.0912987202,-0.0013563171,0.0013563171,negative,complete
ridge,NTGAZ,2023,0.0926550373,-0.0083218078,-0.0029698873,0.0944390108,0.0017839735,0.0017839735,positive,complete
ridge,ODAS,2023,0.0926550373,-0.0083218078,0.0069135081,0.097733476,0.0050784386,0.0050784386,positive,complete
ridge,OTKAR,2023,0.0926550373,-0.0083218078,-0.0025317072,0.0945850709,0.0019300335,0.0019300335,positive,complete
ridge,OYAKC,2023,0.0926550373,-0.0083218078,-0.0223958714,0.0879636828,-0.0046913545,0.0046913545,negative,complete
ridge,PASEU,2023,0.0926550373,-0.0083218078,-0.0152873374,0.0903331941,-0.0023218432,0.0023218432,negative,complete
ridge,PETKM,2023,0.0926550373,-0.0083218078,-0.0139487329,0.0907793956,-0.0018756417,0.0018756417,negative,complete
ridge,PGSUS,2023,0.0926550373,-0.0083218078,-0.009639962,0.0922156526,-0.0004393847,0.0004393847,negative,complete
ridge,PRKME,2023,0.0926550373,-0.0083218078,0.0151415565,0.1004761588,0.0078211214,0.0078211214,positive,complete
ridge,SAHOL,2023,0.0926550373,-0.0083218078,-0.0124881326,0.0912662624,-0.0013887749,0.0013887749,negative,complete
ridge,SASA,2023,0.0926550373,-0.0083218078,0.0151415565,0.1004761588,0.0078211214,0.0078211214,positive,complete
ridge,SELEC,2023,0.0926550373,-0.0083218078,-0.0037975608,0.0941631197,0.0015080823,0.0015080823,positive,complete
ridge,SISE,2023,0.0926550373,-0.0083218078,-0.0191825507,0.0890347897,-0.0036202476,0.0036202476,negative,complete
ridge,SKBNK,2023,0.0926550373,-0.0083218078,-0.0119525792,0.0914447802,-0.0012102571,0.0012102571,negative,complete
ridge,SMRTG,2023,0.0926550373,-0.0083218078,-0.003018574,0.094422782,0.0017677446,0.0017677446,positive,complete
ridge,SOKM,2023,0.0926550373,-0.0083218078,0.0059641179,0.0974170126,0.0047619752,0.0047619752,positive,complete
ridge,TAVHL,2023,0.0926550373,-0.0083218078,-0.0103215755,0.0919884481,-0.0006665892,0.0006665892,negative,complete
ridge,TBORG,2023,0.0926550373,-0.0083218078,0.0010711069,0.0957860089,0.0031309716,0.0031309716,positive,complete
ridge,TCELL,2023,0.0926550373,-0.0083218078,-0.0073516882,0.0929784105,0.0003233732,0.0003233732,positive,complete
ridge,THYAO,2023,0.0926550373,-0.0083218078,-0.0183792205,0.0893025664,-0.0033524709,0.0033524709,negative,complete
ridge,TOASO,2023,0.0926550373,-0.0083218078,-0.0095912754,0.0922318815,-0.0004231558,0.0004231558,negative,complete
ridge,TRALT,2023,0.0926550373,-0.0083218078,0.0073273449,0.0978714216,0.0052163842,0.0052163842,positive,complete
ridge,TRMET,2023,0.0926550373,-0.0083218078,-0.0116848025,0.0915340391,-0.0011209982,0.0011209982,negative,complete
ridge,TSKB,2023,0.0926550373,-0.0083218078,-0.0129749994,0.0911039735,-0.0015510639,0.0015510639,negative,complete
ridge,TTKOM,2023,0.0926550373,-0.0083218078,-0.0121473259,0.0913798646,-0.0012751727,0.0012751727,negative,complete
ridge,TUPRS,2023,0.0926550373,-0.0083218078,0.0191095207,0.1017988135,0.0091437762,0.0091437762,positive,complete
ridge,TURSG,2023,0.0926550373,-0.0083218078,-0.0230774849,0.0877364783,-0.004918559,0.004918559,negative,complete
ridge,ULKER,2023,0.0926550373,-0.0083218078,0.0018257504,0.0960375567,0.0033825194,0.0033825194,positive,complete
ridge,ULUSE,2023,0.0926550373,-0.0083218078,-0.0064996714,0.0932624162,0.0006073788,0.0006073788,positive,complete
ridge,VAKBN,2023,0.0926550373,-0.0083218078,-0.0055015945,0.0935951084,0.0009400711,0.0009400711,positive,complete
ridge,VESTL,2023,0.0926550373,-0.0083218078,-0.0210813311,0.0884018629,-0.0042531744,0.0042531744,negative,complete
ridge,YKBNK,2023,0.0926550373,-0.0083218078,-0.0215438545,0.0882476884,-0.0044073489,0.0044073489,negative,complete
ridge,ZOREN,2023,0.0926550373,-0.0083218078,-0.0058910879,0.0934652773,0.00081024,0.00081024,positive,complete
ridge,AEFES,2024,0.0926550373,0.2181434599,0.2166017527,0.0921411349,-0.0005139024,0.0005139024,negative,complete
ridge,AGESA,2024,0.0926550373,0.2181434599,0.2007546251,0.0868587591,-0.0057962783,0.0057962783,negative,complete
ridge,AGHOL,2024,0.0926550373,0.2181434599,0.2203505355,0.0933907292,0.0007356919,0.0007356919,positive,complete
ridge,AKBNK,2024,0.0926550373,0.2181434599,0.2172103213,0.0923439911,-0.0003110462,0.0003110462,negative,complete
ridge,AKENR,2024,0.0926550373,0.2181434599,0.2370253165,0.0989489895,0.0062939522,0.0062939522,positive,complete
ridge,AKSA,2024,0.0926550373,0.2181434599,0.2182327167,0.0926847896,2.97522e-05,2.97522e-05,positive,complete
ridge,AKSEN,2024,0.0926550373,0.2181434599,0.2186222006,0.0928146176,0.0001595802,0.0001595802,positive,complete
ridge,ALARK,2024,0.0926550373,0.2181434599,0.2095423564,0.0897880028,-0.0028670345,0.0028670345,negative,complete
ridge,ALBRK,2024,0.0926550373,0.2181434599,0.2133398247,0.0910538256,-0.0016012117,0.0016012117,negative,complete
ridge,ANHYT,2024,0.0926550373,0.2181434599,0.205647517,0.088489723,-0.0041653143,0.0041653143,negative,complete
ridge,ARCLK,2024,0.0926550373,0.2181434599,0.2145813048,0.0914676523,-0.001187385,0.001187385,negative,complete
ridge,ASELS,2024,0.0926550373,0.2181434599,0.2302580331,0.0966932284,0.0040381911,0.0040381911,positive,complete
ridge,ASTOR,2024,0.0926550373,0.2181434599,0.2297468354,0.0965228292,0.0038677918,0.0038677918,positive,complete
ridge,BERA,2024,0.0926550373,0.2181434599,0.213510224,0.0911106253,-0.001544412,0.001544412,negative,complete
ridge,BIMAS,2024,0.0926550373,0.2181434599,0.2359055501,0.0985757341,0.0059206967,0.0059206967,positive,complete
ridge,BRSAN,2024,0.0926550373,0.2181434599,0.207473223,0.0890982917,-0.0035567456,0.0035567456,negative,complete
ridge,BTCIM,2024,0.0926550373,0.2181434599,0.2334469328,0.097756195,0.0051011576,0.0051011576,positive,complete
ridge,CANTE,2024,0.0926550373,0.2181434599,0.2524586173,0.1040934231,0.0114383858,0.0114383858,positive,complete
ridge,CCOLA,2024,0.0926550373,0.2181434599,0.2142161636,0.0913459386,-0.0013090988,0.0013090988,negative,complete
ridge,CEMTS,2024,0.0926550373,0.2181434599,0.1992453749,0.0863556757,-0.0062993617,0.0062993617,negative,complete
ridge,CIMSA,2024,0.0926550373,0.2181434599,0.2115141188,0.090445257,-0.0022097804,0.0022097804,negative,complete
ridge,DEVA,2024,0.0926550373,0.2181434599,0.2251703992,0.0949973504,0.0023423131,0.0023423131,positive,complete
ridge,DOAS,2024,0.0926550373,0.2181434599,0.2143378773,0.0913865098,-0.0012685275,0.0012685275,negative,complete
ridge,DOHOL,2024,0.0926550373,0.2181434599,0.2161635833,0.0919950784,-0.0006599589,0.0006599589,negative,complete
ridge,DSTKF,2024,0.0926550373,0.2181434599,0.2163583252,0.0920599924,-0.0005950449,0.0005950449,negative,complete
ridge,EGEEN,2024,0.0926550373,0.2181434599,0.2180623174,0.0926279898,-2.70475e-05,2.70475e-05,negative,complete
ridge,EKGYO,2024,0.0926550373,0.2181434599,0.2334469328,0.097756195,0.0051011576,0.0051011576,positive,complete
ridge,ENJSA,2024,0.0926550373,0.2181434599,0.2171129503,0.0923115341,-0.0003435032,0.0003435032,negative,complete
ridge,ENKAI,2024,0.0926550373,0.2181434599,0.2175754625,0.0924657049,-0.0001893325,0.0001893325,negative,complete
ridge,EREGL,2024,0.0926550373,0.2181434599,0.2209104187,0.0935773569,0.0009223196,0.0009223196,positive,complete
ridge,FROTO,2024,0.0926550373,0.2181434599,0.2229308666,0.0942508396,0.0015958022,0.0015958022,positive,complete
ridge,GARAN,2024,0.0926550373,0.2181434599,0.2091528724,0.0896581748,-0.0029968625,0.0029968625,negative,complete
ridge,GUBRF,2024,0.0926550373,0.2181434599,0.236976631,0.098932761,0.0062777237,0.0062777237,positive,complete
ridge,HALKB,2024,0.0926550373,0.2181434599,0.2178432327,0.0925549616,-0.0001000757,0.0001000757,negative,complete
ridge,HEKTS,2024,0.0926550373,0.2181434599,0.1885832522,0.0828016348,-0.0098534026,0.0098534026,negative,complete
ridge,ISCTR,2024,0.0926550373,0.2181434599,0.2205209348,0.0934475289,0.0007924916,0.0007924916,positive,complete
ridge,ISGYO,2024,0.0926550373,0.2181434599,0.2196932814,0.0931716445,0.0005166072,0.0005166072,positive,complete
ridge,KCHOL,2024,0.0926550373,0.2181434599,0.2228821811,0.0942346111,0.0015795737,0.0015795737,positive,complete
ridge,KONTR,2024,0.0926550373,0.2181434599,0.2630963973,0.1076393498,0.0149843125,0.0149843125,positive,complete
ridge,KRDMD,2024,0.0926550373,0.2181434599,0.2228578384,0.0942264968,0.0015714595,0.0015714595,positive,complete
ridge,KRVGD,2024,0.0926550373,0.2181434599,0.2001703992,0.0866640171,-0.0059910202,0.0059910202,negative,complete
ridge,KUYAS,2024,0.0926550373,0.2181434599,0.2136075949,0.0911430823,-0.001511955,0.001511955,negative,complete
ridge,LOGO,2024,0.0926550373,0.2181434599,0.2161148978,0.0919788499,-0.0006761874,0.0006761874,negative,complete
ridge,MAVI,2024,0.0926550373,0.2181434599,0.217429406,0.0924170194,-0.000238018,0.000238018,negative,complete
ridge,MGROS,2024,0.0926550373,0.2181434599,0.2329600779,0.09759391,0.0049388727,0.0049388727,positive,complete
ridge,MIATK,2024,0.0926550373,0.2181434599,0.2359542356,0.0985919626,0.0059369252,0.0059369252,positive,complete
ridge,MPARK,2024,0.0926550373,0.2181434599,0.2055014606,0.0884410376,-0.0042139998,0.0042139998,negative,complete
ridge,NETAS,2024,0.0926550373,0.2181434599,0.2148003895,0.0915406805,-0.0011143568,0.0011143568,negative,complete
ridge,NTGAZ,2024,0.0926550373,0.2181434599,0.2054040896,0.0884085806,-0.0042464568,0.0042464568,negative,complete
ridge,ODAS,2024,0.0926550373,0.2181434599,0.1909688413,0.0835968311,-0.0090582062,0.0090582062,negative,complete
ridge,OTKAR,2024,0.0926550373,0.2181434599,0.214459591,0.091427081,-0.0012279563,0.0012279563,negative,complete
ridge,OYAKC,2024,0.0926550373,0.2181434599,0.2209104187,0.0935773569,0.0009223196,0.0009223196,positive,complete
ridge,PASEU,2024,0.0926550373,0.2181434599,0.2058909445,0.0885708655,-0.0040841718,0.0040841718,negative,complete
ridge,PETKM,2024,0.0926550373,0.2181434599,0.227872444,0.095898032,0.0032429947,0.0032429947,positive,complete
ridge,PGSUS,2024,0.0926550373,0.2181434599,0.2128529698,0.0908915406,-0.0017634967,0.0017634967,negative,complete
ridge,PRKME,2024,0.0926550373,0.2181434599,0.213510224,0.0911106253,-0.001544412,0.001544412,negative,complete
ridge,SAHOL,2024,0.0926550373,0.2181434599,0.2163096397,0.0920437639,-0.0006112734,0.0006112734,negative,complete
ridge,SASA,2024,0.0926550373,0.2181434599,0.2358812074,0.0985676198,0.0059125825,0.0059125825,positive,complete
ridge,SELEC,2024,0.0926550373,0.2181434599,0.2139970789,0.0912729103,-0.001382127,0.001382127,negative,complete
ridge,SISE,2024,0.0926550373,0.2181434599,0.216285297,0.0920356497,-0.0006193876,0.0006193876,negative,complete
ridge,SKBNK,2024,0.0926550373,0.2181434599,0.214654333,0.091491995,-0.0011630423,0.0011630423,negative,complete
ridge,SMRTG,2024,0.0926550373,0.2181434599,0.2544547225,0.1047587915,0.0121037542,0.0121037542,positive,complete
ridge,SOKM,2024,0.0926550373,0.2181434599,0.2209834469,0.0936016997,0.0009466623,0.0009466623,positive,complete
ridge,TAVHL,2024,0.0926550373,0.2181434599,0.2004868549,0.0867695023,-0.005885535,0.005885535,negative,complete
ridge,TBORG,2024,0.0926550373,0.2181434599,0.2242210321,0.0946808947,0.0020258574,0.0020258574,positive,complete
ridge,TCELL,2024,0.0926550373,0.2181434599,0.2280428432,0.0959548318,0.0032997944,0.0032997944,positive,complete
ridge,THYAO,2024,0.0926550373,0.2181434599,0.2297468354,0.0965228292,0.0038677918,0.0038677918,positive,complete
ridge,TOASO,2024,0.0926550373,0.2181434599,0.2203748783,0.0933988435,0.0007438061,0.0007438061,positive,complete
ridge,TRALT,2024,0.0926550373,0.2181434599,0.205744888,0.08852218,-0.0041328573,0.0041328573,negative,complete
ridge,TRMET,2024,0.0926550373,0.2181434599,0.2189873418,0.0929363313,0.000281294,0.000281294,positive,complete
ridge,TSKB,2024,0.0926550373,0.2181434599,0.1992697176,0.0863637899,-0.0062912474,0.0062912474,negative,complete
ridge,TTKOM,2024,0.0926550373,0.2181434599,0.2239045764,0.0945754095,0.0019203722,0.0019203722,positive,complete
ridge,TUPRS,2024,0.0926550373,0.2181434599,0.2051119766,0.0883112096,-0.0043438278,0.0043438278,negative,complete
ridge,TURSG,2024,0.0926550373,0.2181434599,0.1988315482,0.0862177334,-0.0064373039,0.0064373039,negative,complete
ridge,ULKER,2024,0.0926550373,0.2181434599,0.2184518014,0.0927578178,0.0001027805,0.0001027805,positive,complete
ridge,ULUSE,2024,0.0926550373,0.2181434599,0.2142161636,0.0913459386,-0.0013090988,0.0013090988,negative,complete
ridge,VAKBN,2024,0.0926550373,0.2181434599,0.2103943525,0.0900720015,-0.0025830358,0.0025830358,negative,complete
ridge,VESTL,2024,0.0926550373,0.2181434599,0.2229795521,0.0942670681,0.0016120307,0.0016120307,positive,complete
ridge,YKBNK,2024,0.0926550373,0.2181434599,0.2173807205,0.0924007909,-0.0002542465,0.0002542465,negative,complete
ridge,ZOREN,2024,0.0926550373,0.2181434599,0.2065481986,0.0887899502,-0.0038650871,0.0038650871,negative,complete
ridge,AEFES,2025,0.0926550373,0.0681434599,0.0906280428,0.1001498983,0.007494861,0.007494861,positive,complete
ridge,AGESA,2025,0.0926550373,0.0681434599,0.0663339825,0.0920518782,-0.0006031591,0.0006031591,negative,complete
ridge,AGHOL,2025,0.0926550373,0.0681434599,0.0582278481,0.0893498334,-0.0033052039,0.0033052039,negative,complete
ridge,AKBNK,2025,0.0926550373,0.0681434599,0.0647030185,0.0915082235,-0.0011468138,0.0011468138,negative,complete
ridge,AKENR,2025,0.0926550373,0.0681434599,0.0510223953,0.0869480158,-0.0057070215,0.0057070215,negative,complete
ridge,AKSA,2025,0.0926550373,0.0681434599,0.0626338851,0.0908185124,-0.0018365249,0.0018365249,negative,complete
ridge,AKSEN,2025,0.0926550373,0.0681434599,0.0562560857,0.0886925793,-0.0039624581,0.0039624581,negative,complete
ridge,ALARK,2025,0.0926550373,0.0681434599,0.0636075949,0.0911430823,-0.001511955,0.001511955,negative,complete
ridge,ALBRK,2025,0.0926550373,0.0681434599,0.0630720545,0.0909645689,-0.0016904685,0.0016904685,negative,complete
ridge,ANHYT,2025,0.0926550373,0.0681434599,0.0685491723,0.0927902748,0.0001352375,0.0001352375,positive,complete
ridge,ARCLK,2025,0.0926550373,0.0681434599,0.0636806232,0.0911674251,-0.0014876122,0.0014876122,negative,complete
ridge,ASELS,2025,0.0926550373,0.0681434599,0.0873174294,0.0990463605,0.0063913232,0.0063913232,positive,complete
ridge,ASTOR,2025,0.0926550373,0.0681434599,0.0684518014,0.0927578178,0.0001027805,0.0001027805,positive,complete
ridge,BERA,2025,0.0926550373,0.0681434599,0.070788705,0.0935367857,0.0008817484,0.0008817484,positive,complete
ridge,BIMAS,2025,0.0926550373,0.0681434599,0.0674780915,0.0924332479,-0.0002217895,0.0002217895,negative,complete
ridge,BRSAN,2025,0.0926550373,0.0681434599,0.0874148004,0.0990788175,0.0064237802,0.0064237802,positive,complete
ridge,BTCIM,2025,0.0926550373,0.0681434599,0.0859055501,0.0985757341,0.0059206967,0.0059206967,positive,complete
ridge,CANTE,2025,0.0926550373,0.0681434599,0.055842259,0.088554637,-0.0041004003,0.0041004003,negative,complete
ridge,CCOLA,2025,0.0926550373,0.0681434599,0.067429406,0.0924170194,-0.000238018,0.000238018,negative,complete
ridge,CEMTS,2025,0.0926550373,0.0681434599,0.0762901655,0.0953706059,0.0027155685,0.0027155685,positive,complete
ridge,CIMSA,2025,0.0926550373,0.0681434599,0.0746592016,0.0948269512,0.0021719139,0.0021719139,positive,complete
ridge,DEVA,2025,0.0926550373,0.0681434599,0.0802336904,0.0966851141,0.0040300768,0.0040300768,positive,complete
ridge,DOAS,2025,0.0926550373,0.0681434599,0.0646786758,0.0915001093,-0.0011549281,0.0011549281,negative,complete
ridge,DOHOL,2025,0.0926550373,0.0681434599,0.0628286271,0.0908834264,-0.0017716109,0.0017716109,negative,complete
ridge,DSTKF,2025,0.0926550373,0.0681434599,0.073563778,0.09446181,0.0018067727,0.0018067727,positive,complete
ridge,EKGYO,2025,0.0926550373,0.0681434599,0.046835443,0.085552365,-0.0071026723,0.0071026723,negative,complete
ridge,ENJSA,2025,0.0926550373,0.0681434599,0.0684031159,0.0927415893,8.6552e-05,8.6552e-05,positive,complete
ridge,ENKAI,2025,0.0926550373,0.0681434599,0.0546494645,0.0881570388,-0.0044979985,0.0044979985,negative,complete
ridge,EREGL,2025,0.0926550373,0.0681434599,0.0758763389,0.0952326636,0.0025776263,0.0025776263,positive,complete
ridge,FROTO,2025,0.0926550373,0.0681434599,0.0667234664,0.0921817062,-0.0004733312,0.0004733312,negative,complete
ridge,GARAN,2025,0.0926550373,0.0681434599,0.0652629017,0.0916948512,-0.0009601861,0.0009601861,negative,complete
ridge,GUBRF,2025,0.0926550373,0.0681434599,0.0581548199,0.0893254907,-0.0033295467,0.0033295467,negative,complete
ridge,HALKB,2025,0.0926550373,0.0681434599,0.0435248296,0.0844488272,-0.0082062101,0.0082062101,negative,complete
ridge,HEKTS,2025,0.0926550373,0.0681434599,0.0462512171,0.0853576231,-0.0072974143,0.0072974143,negative,complete
ridge,ISCTR,2025,0.0926550373,0.0681434599,0.0651168452,0.0916461658,-0.0010088716,0.0010088716,negative,complete
ridge,ISGYO,2025,0.0926550373,0.0681434599,0.0655063291,0.0917759937,-0.0008790436,0.0008790436,negative,complete
ridge,KCHOL,2025,0.0926550373,0.0681434599,0.0659444985,0.0919220502,-0.0007329871,0.0007329871,negative,complete
ridge,KONTR,2025,0.0926550373,0.0681434599,0.0613680623,0.0903965715,-0.0022584659,0.0022584659,negative,complete
ridge,KRDMD,2025,0.0926550373,0.0681434599,0.0918938656,0.1005718392,0.0079168019,0.0079168019,positive,complete
ridge,KRVGD,2025,0.0926550373,0.0681434599,0.0751217137,0.0949811219,0.0023260846,0.0023260846,positive,complete
ridge,KUYAS,2025,0.0926550373,0.0681434599,0.0662122687,0.0920113069,-0.0006437304,0.0006437304,negative,complete
ridge,LOGO,2025,0.0926550373,0.0681434599,0.0475657254,0.0857957925,-0.0068592448,0.0068592448,negative,complete
ridge,MAVI,2025,0.0926550373,0.0681434599,0.0657984421,0.0918733647,-0.0007816726,0.0007816726,negative,complete
ridge,MGROS,2025,0.0926550373,0.0681434599,0.0750243427,0.0949486649,0.0022936276,0.0022936276,positive,complete
ridge,MIATK,2025,0.0926550373,0.0681434599,0.0626582278,0.0908266266,-0.0018284107,0.0018284107,negative,complete
ridge,MPARK,2025,0.0926550373,0.0681434599,0.0682083739,0.0926766753,2.1638e-05,2.1638e-05,positive,complete
ridge,NETAS,2025,0.0926550373,0.0681434599,0.0600048685,0.0899421735,-0.0027128638,0.0027128638,negative,complete
ridge,NTGAZ,2025,0.0926550373,0.0681434599,0.0760467381,0.0952894634,0.0026344261,0.0026344261,positive,complete
ridge,ODAS,2025,0.0926550373,0.0681434599,0.0606621227,0.0901612583,-0.0024937791,0.0024937791,negative,complete
ridge,OTKAR,2025,0.0926550373,0.0681434599,0.0668451801,0.0922222774,-0.0004327599,0.0004327599,negative,complete
ridge,OYAKC,2025,0.0926550373,0.0681434599,0.0668451801,0.0922222774,-0.0004327599,0.0004327599,negative,complete
ridge,PASEU,2025,0.0926550373,0.0681434599,0.0437682571,0.0845299697,-0.0081250676,0.0081250676,negative,complete
ridge,PETKM,2025,0.0926550373,0.0681434599,0.0830087634,0.0976101385,0.0049551012,0.0049551012,positive,complete
ridge,PGSUS,2025,0.0926550373,0.0681434599,0.0512171373,0.0870129298,-0.0056421075,0.0056421075,negative,complete
ridge,PRKME,2025,0.0926550373,0.0681434599,0.0927458617,0.1008558379,0.0082008006,0.0082008006,positive,complete
ridge,RGYAS,2025,0.0926550373,0.0681434599,0.066187926,0.0920031927,-0.0006518446,0.0006518446,negative,complete
ridge,SAHOL,2025,0.0926550373,0.0681434599,0.0797224927,0.0965147149,0.0038596776,0.0038596776,positive,complete
ridge,SASA,2025,0.0926550373,0.0681434599,0.1031158715,0.1043125079,0.0116574705,0.0116574705,positive,complete
ridge,SELEC,2025,0.0926550373,0.0681434599,0.0671616358,0.0923277626,-0.0003272747,0.0003272747,negative,complete
ridge,SISE,2025,0.0926550373,0.0681434599,0.0902142162,0.1000119561,0.0073569187,0.0073569187,positive,complete
ridge,SKBNK,2025,0.0926550373,0.0681434599,0.0647030185,0.0915082235,-0.0011468138,0.0011468138,negative,complete
ridge,SMRTG,2025,0.0926550373,0.0681434599,0.0688169426,0.0928795315,0.0002244942,0.0002244942,positive,complete
ridge,SOKM,2025,0.0926550373,0.0681434599,0.0780915287,0.0959710603,0.0033160229,0.0033160229,positive,complete
ridge,TAVHL,2025,0.0926550373,0.0681434599,0.0707643622,0.0935286714,0.0008736341,0.0008736341,positive,complete
ridge,TBORG,2025,0.0926550373,0.0681434599,0.0685978578,0.0928065033,0.000151466,0.000151466,positive,complete
ridge,TCELL,2025,0.0926550373,0.0681434599,0.0673320351,0.0923845624,-0.000270475,0.000270475,negative,complete
ridge,THYAO,2025,0.0926550373,0.0681434599,0.088315482,0.0993790447,0.0067240074,0.0067240074,positive,complete
ridge,TOASO,2025,0.0926550373,0.0681434599,0.0628529698,0.0908915406,-0.0017634967,0.0017634967,negative,complete
ridge,TRALT,2025,0.0926550373,0.0681434599,0.0456669912,0.0851628811,-0.0074921562,0.0074921562,negative,complete
ridge,TRMET,2025,0.0926550373,0.0681434599,0.039946446,0.0832560327,-0.0093990047,0.0093990047,negative,complete
ridge,TSKB,2025,0.0926550373,0.0681434599,0.0766553067,0.0954923196,0.0028372823,0.0028372823,positive,complete
ridge,TTKOM,2025,0.0926550373,0.0681434599,0.0496348588,0.0864855036,-0.0061695337,0.0061695337,negative,complete
ridge,TUPRS,2025,0.0926550373,0.0681434599,0.0805988315,0.0968068279,0.0041517905,0.0041517905,positive,complete
ridge,TURSG,2025,0.0926550373,0.0681434599,0.0920886076,0.1006367532,0.0079817159,0.0079817159,positive,complete
ridge,ULKER,2025,0.0926550373,0.0681434599,0.0659444985,0.0919220502,-0.0007329871,0.0007329871,negative,complete
ridge,ULUSE,2025,0.0926550373,0.0681434599,0.0610516066,0.0902910862,-0.0023639511,0.0023639511,negative,complete
ridge,VAKBN,2025,0.0926550373,0.0681434599,0.0502434275,0.0866883598,-0.0059666775,0.0059666775,negative,complete
ridge,VESTL,2025,0.0926550373,0.0681434599,0.0905793574,0.1001336698,0.0074786325,0.0074786325,positive,complete
ridge,YKBNK,2025,0.0926550373,0.0681434599,0.0655793574,0.0918003365,-0.0008547009,0.0008547009,negative,complete
ridge,ZOREN,2025,0.0926550373,0.0681434599,0.0879259981,0.0992492167,0.0065941794,0.0065941794,positive,complete
robust_rank_aggregation,AEFES,2023,0.1277566152,0.0879058453,0.0922665479,0.1292101827,0.0014535675,0.0014535675,positive,complete
robust_rank_aggregation,AGESA,2023,0.1277566152,0.0879058453,0.0924048093,0.1292562698,0.0014996547,0.0014996547,positive,complete
robust_rank_aggregation,AGHOL,2023,0.1277566152,0.0879058453,0.082080523,0.125814841,-0.0019417741,0.0019417741,negative,complete
robust_rank_aggregation,AKBNK,2023,0.1277566152,0.0879058453,0.0922665479,0.1292101827,0.0014535675,0.0014535675,positive,complete
robust_rank_aggregation,AKENR,2023,0.1277566152,0.0879058453,0.0716828412,0.1223489471,-0.005407668,0.005407668,negative,complete
robust_rank_aggregation,AKSA,2023,0.1277566152,0.0879058453,0.0863509287,0.1272383096,-0.0005183055,0.0005183055,negative,complete
robust_rank_aggregation,AKSEN,2023,0.1277566152,0.0879058453,0.0984476973,0.1312705658,0.0035139507,0.0035139507,positive,complete
robust_rank_aggregation,ALARK,2023,0.1277566152,0.0879058453,0.0875242747,0.127629425,-0.0001271902,0.0001271902,negative,complete
robust_rank_aggregation,ALBRK,2023,0.1277566152,0.0879058453,0.0806370801,0.1253336934,-0.0024229217,0.0024229217,negative,complete
robust_rank_aggregation,ANHYT,2023,0.1277566152,0.0879058453,0.0984232321,0.1312624108,0.0035057956,0.0035057956,positive,complete
robust_rank_aggregation,ARCLK,2023,0.1277566152,0.0879058453,0.0956831372,0.1303490458,0.0025924306,0.0025924306,positive,complete
robust_rank_aggregation,ASELS,2023,0.1277566152,0.0879058453,0.0882946669,0.1278862224,0.0001296072,0.0001296072,positive,complete
robust_rank_aggregation,ASTOR,2023,0.1277566152,0.0879058453,0.0963786338,0.130580878,0.0028242628,0.0028242628,positive,complete
robust_rank_aggregation,BERA,2023,0.1277566152,0.0879058453,0.0711690734,0.1221776912,-0.005578924,0.005578924,negative,complete
robust_rank_aggregation,BIMAS,2023,0.1277566152,0.0879058453,0.0765758679,0.123979956,-0.0037766591,0.0037766591,negative,complete
robust_rank_aggregation,BRSAN,2023,0.1277566152,0.0879058453,0.0917287643,0.1290309215,0.0012743063,0.0012743063,positive,complete
robust_rank_aggregation,BTCIM,2023,0.1277566152,0.0879058453,0.116894408,0.1374194694,0.0096628542,0.0096628542,positive,complete
robust_rank_aggregation,CANTE,2023,0.1277566152,0.0879058453,0.0583493434,0.1179044479,-0.0098521673,0.0098521673,negative,complete
robust_rank_aggregation,CCOLA,2023,0.1277566152,0.0879058453,0.074765448,0.1233764827,-0.0043801324,0.0043801324,negative,complete
robust_rank_aggregation,CEMTS,2023,0.1277566152,0.0879058453,0.0659090697,0.1204243566,-0.0073322585,0.0073322585,negative,complete
robust_rank_aggregation,CIMSA,2023,0.1277566152,0.0879058453,0.0925965515,0.1293201839,0.0015635687,0.0015635687,positive,complete
robust_rank_aggregation,DEVA,2023,0.1277566152,0.0879058453,0.0768449844,0.1240696615,-0.0036869536,0.0036869536,negative,complete
robust_rank_aggregation,DOAS,2023,0.1277566152,0.0879058453,0.0880989458,0.127820982,6.43668e-05,6.43668e-05,positive,complete
robust_rank_aggregation,DOHOL,2023,0.1277566152,0.0879058453,0.0816890808,0.1256843603,-0.0020722548,0.0020722548,negative,complete
robust_rank_aggregation,DSTKF,2023,0.1277566152,0.0879058453,0.0828618944,0.1260752982,-0.001681317,0.001681317,negative,complete
robust_rank_aggregation,EGEEN,2023,0.1277566152,0.0879058453,0.0912643149,0.128876105,0.0011194899,0.0011194899,positive,complete
robust_rank_aggregation,EKGYO,2023,0.1277566152,0.0879058453,0.0913283434,0.1288974479,0.0011408327,0.0011408327,positive,complete
robust_rank_aggregation,ENJSA,2023,0.1277566152,0.0879058453,0.0882457366,0.1278699123,0.0001132971,0.0001132971,positive,complete
robust_rank_aggregation,ENKAI,2023,0.1277566152,0.0879058453,0.0997198842,0.1316946281,0.003938013,0.003938013,positive,complete
robust_rank_aggregation,EREGL,2023,0.1277566152,0.0879058453,0.1001357915,0.1318332639,0.0040766487,0.0040766487,positive,complete
robust_rank_aggregation,FROTO,2023,0.1277566152,0.0879058453,0.0863374562,0.1272338188,-0.0005227964,0.0005227964,negative,complete
robust_rank_aggregation,GARAN,2023,0.1277566152,0.0879058453,0.0922665479,0.1292101827,0.0014535675,0.0014535675,positive,complete
robust_rank_aggregation,GUBRF,2023,0.1277566152,0.0879058453,0.0884165065,0.1279268356,0.0001702204,0.0001702204,positive,complete
robust_rank_aggregation,HALKB,2023,0.1277566152,0.0879058453,0.0848109122,0.1267249708,-0.0010316444,0.0010316444,negative,complete
robust_rank_aggregation,HEKTS,2023,0.1277566152,0.0879058453,0.1005761639,0.1319800547,0.0042234395,0.0042234395,positive,complete
robust_rank_aggregation,ISCTR,2023,0.1277566152,0.0879058453,0.0708999569,0.1220879857,-0.0056686295,0.0056686295,negative,complete
robust_rank_aggregation,ISGYO,2023,0.1277566152,0.0879058453,0.0921846231,0.1291828744,0.0014262593,0.0014262593,positive,complete
robust_rank_aggregation,KCHOL,2023,0.1277566152,0.0879058453,0.0780927062,0.1244855688,-0.0032710464,0.0032710464,negative,complete
robust_rank_aggregation,KONTR,2023,0.1277566152,0.0879058453,0.0892732722,0.1282124241,0.000455809,0.000455809,positive,complete
robust_rank_aggregation,KRDMD,2023,0.1277566152,0.0879058453,0.0873653841,0.1275764614,-0.0001801537,0.0001801537,negative,complete
robust_rank_aggregation,KRVGD,2023,0.1277566152,0.0879058453,0.058814181,0.1180593937,-0.0096972214,0.0096972214,negative,complete
robust_rank_aggregation,KUYAS,2023,0.1277566152,0.0879058453,0.1072306802,0.1341982268,0.0064416116,0.0064416116,positive,complete
robust_rank_aggregation,LOGO,2023,0.1277566152,0.0879058453,0.0762822863,0.1238820955,-0.0038745197,0.0038745197,negative,complete
robust_rank_aggregation,MAVI,2023,0.1277566152,0.0879058453,0.1011143968,0.1321594657,0.0044028505,0.0044028505,positive,complete
robust_rank_aggregation,MGROS,2023,0.1277566152,0.0879058453,0.0802701031,0.1252113678,-0.0025452474,0.0025452474,negative,complete
robust_rank_aggregation,MIATK,2023,0.1277566152,0.0879058453,0.1207354339,0.1386998114,0.0109431962,0.0109431962,positive,complete
robust_rank_aggregation,MPARK,2023,0.1277566152,0.0879058453,0.0930409028,0.129468301,0.0017116858,0.0017116858,positive,complete
robust_rank_aggregation,NETAS,2023,0.1277566152,0.0879058453,0.0682332574,0.1211990859,-0.0065575293,0.0065575293,negative,complete
robust_rank_aggregation,NTGAZ,2023,0.1277566152,0.0879058453,0.0806370801,0.1253336934,-0.0024229217,0.0024229217,negative,complete
robust_rank_aggregation,ODAS,2023,0.1277566152,0.0879058453,0.0756951231,0.1236863744,-0.0040702407,0.0040702407,negative,complete
robust_rank_aggregation,OTKAR,2023,0.1277566152,0.0879058453,0.1009920712,0.1321186905,0.0043620753,0.0043620753,positive,complete
robust_rank_aggregation,OYAKC,2023,0.1277566152,0.0879058453,0.1100441706,0.1351360569,0.0073794417,0.0073794417,positive,complete
robust_rank_aggregation,PASEU,2023,0.1277566152,0.0879058453,0.1005498629,0.1319712877,0.0042146725,0.0042146725,positive,complete
robust_rank_aggregation,PETKM,2023,0.1277566152,0.0879058453,0.0952916951,0.1302185651,0.0024619499,0.0024619499,positive,complete
robust_rank_aggregation,PGSUS,2023,0.1277566152,0.0879058453,0.0916708553,0.1290116185,0.0012550033,0.0012550033,positive,complete
robust_rank_aggregation,PRKME,2023,0.1277566152,0.0879058453,0.0610405081,0.1188015028,-0.0089551124,0.0089551124,negative,complete
robust_rank_aggregation,SAHOL,2023,0.1277566152,0.0879058453,0.0902029473,0.1285223158,0.0007657007,0.0007657007,positive,complete
robust_rank_aggregation,SASA,2023,0.1277566152,0.0879058453,0.1047107715,0.1333582572,0.005601642,0.005601642,positive,complete
robust_rank_aggregation,SELEC,2023,0.1277566152,0.0879058453,0.0913132043,0.1288924015,0.0011357863,0.0011357863,positive,complete
robust_rank_aggregation,SISE,2023,0.1277566152,0.0879058453,0.1045395155,0.1333011719,0.0055445567,0.0055445567,positive,complete
robust_rank_aggregation,SKBNK,2023,0.1277566152,0.0879058453,0.0900420795,0.1284686932,0.0007120781,0.0007120781,positive,complete
robust_rank_aggregation,SMRTG,2023,0.1277566152,0.0879058453,0.0801722425,0.1251787476,-0.0025778676,0.0025778676,negative,complete
robust_rank_aggregation,SOKM,2023,0.1277566152,0.0879058453,0.0922787703,0.1292142568,0.0014576416,0.0014576416,positive,complete
robust_rank_aggregation,TAVHL,2023,0.1277566152,0.0879058453,0.0949981135,0.1301207045,0.0023640894,0.0023640894,positive,complete
robust_rank_aggregation,TBORG,2023,0.1277566152,0.0879058453,0.1035609102,0.1329749701,0.005218355,0.005218355,positive,complete
robust_rank_aggregation,TCELL,2023,0.1277566152,0.0879058453,0.0886371787,0.128000393,0.0002437778,0.0002437778,positive,complete
robust_rank_aggregation,THYAO,2023,0.1277566152,0.0879058453,0.0838909428,0.1264183143,-0.0013383008,0.0013383008,negative,complete
robust_rank_aggregation,TOASO,2023,0.1277566152,0.0879058453,0.0906677848,0.1286772617,0.0009206465,0.0009206465,positive,complete
robust_rank_aggregation,TRALT,2023,0.1277566152,0.0879058453,0.0874753853,0.1276131285,-0.0001434867,0.0001434867,negative,complete
robust_rank_aggregation,TRMET,2023,0.1277566152,0.0879058453,0.073468796,0.1229442654,-0.0048123498,0.0048123498,negative,complete
robust_rank_aggregation,TSKB,2023,0.1277566152,0.0879058453,0.0904475986,0.1286038663,0.0008472511,0.0008472511,positive,complete
robust_rank_aggregation,TTKOM,2023,0.1277566152,0.0879058453,0.1023376535,0.1325672179,0.0048106027,0.0048106027,positive,complete
robust_rank_aggregation,TUPRS,2023,0.1277566152,0.0879058453,0.0922665479,0.1292101827,0.0014535675,0.0014535675,positive,complete
robust_rank_aggregation,TURSG,2023,0.1277566152,0.0879058453,0.0924987726,0.1292875909,0.0015309758,0.0015309758,positive,complete
robust_rank_aggregation,ULKER,2023,0.1277566152,0.0879058453,0.0847472225,0.1267037409,-0.0010528743,0.0010528743,negative,complete
robust_rank_aggregation,ULUSE,2023,0.1277566152,0.0879058453,0.0550220853,0.1167953618,-0.0109612533,0.0109612533,negative,complete
robust_rank_aggregation,VAKBN,2023,0.1277566152,0.0879058453,0.0919155066,0.1290931689,0.0013365538,0.0013365538,positive,complete
robust_rank_aggregation,VESTL,2023,0.1277566152,0.0879058453,0.0753281461,0.1235640488,-0.0041925664,0.0041925664,negative,complete
robust_rank_aggregation,YKBNK,2023,0.1277566152,0.0879058453,0.0746431224,0.1233357075,-0.0044209077,0.0044209077,negative,complete
robust_rank_aggregation,ZOREN,2023,0.1277566152,0.0879058453,0.0936036008,0.129655867,0.0018992518,0.0018992518,positive,complete
robust_rank_aggregation,AEFES,2024,0.1277566152,0.1954290527,0.1958984472,0.12791308,0.0001564648,0.0001564648,positive,complete
robust_rank_aggregation,AGESA,2024,0.1277566152,0.1954290527,0.2049983592,0.130946384,0.0031897688,0.0031897688,positive,complete
robust_rank_aggregation,AGHOL,2024,0.1277566152,0.1954290527,0.1896894976,0.1258434301,-0.001913185,0.001913185,negative,complete
robust_rank_aggregation,AKBNK,2024,0.1277566152,0.1954290527,0.1784403418,0.1220937115,-0.0056629036,0.0056629036,negative,complete
robust_rank_aggregation,AKENR,2024,0.1277566152,0.1954290527,0.2252022544,0.1376810157,0.0099244006,0.0099244006,positive,complete
robust_rank_aggregation,AKSA,2024,0.1277566152,0.1954290527,0.2020586991,0.1299664973,0.0022098821,0.0022098821,positive,complete
robust_rank_aggregation,AKSEN,2024,0.1277566152,0.1954290527,0.1962137872,0.1280181933,0.0002615782,0.0002615782,positive,complete
robust_rank_aggregation,ALARK,2024,0.1277566152,0.1954290527,0.1873398362,0.1250602097,-0.0026964055,0.0026964055,negative,complete
robust_rank_aggregation,ALBRK,2024,0.1277566152,0.1954290527,0.2043231396,0.1307213108,0.0029646956,0.0029646956,positive,complete
robust_rank_aggregation,ANHYT,2024,0.1277566152,0.1954290527,0.2049983592,0.130946384,0.0031897688,0.0031897688,positive,complete
robust_rank_aggregation,ARCLK,2024,0.1277566152,0.1954290527,0.2117738791,0.1332048906,0.0054482755,0.0054482755,positive,complete
robust_rank_aggregation,ASELS,2024,0.1277566152,0.1954290527,0.1902008228,0.1260138719,-0.0017427433,0.0017427433,negative,complete
robust_rank_aggregation,ASTOR,2024,0.1277566152,0.1954290527,0.1959958425,0.1279455451,0.0001889299,0.0001889299,positive,complete
robust_rank_aggregation,BERA,2024,0.1277566152,0.1954290527,0.1899816834,0.1259408254,-0.0018157898,0.0018157898,negative,complete
robust_rank_aggregation,BIMAS,2024,0.1277566152,0.1954290527,0.1862319648,0.1246909192,-0.003065696,0.003065696,negative,complete
robust_rank_aggregation,BRSAN,2024,0.1277566152,0.1954290527,0.2102764265,0.1327057398,0.0049491246,0.0049491246,positive,complete
robust_rank_aggregation,BTCIM,2024,0.1277566152,0.1954290527,0.18798508,0.1252752909,-0.0024813242,0.0024813242,negative,complete
robust_rank_aggregation,CANTE,2024,0.1277566152,0.1954290527,0.1712817882,0.119707527,-0.0080490882,0.0080490882,negative,complete
robust_rank_aggregation,CCOLA,2024,0.1277566152,0.1954290527,0.2020343503,0.129958381,0.0022017659,0.0022017659,positive,complete
robust_rank_aggregation,CEMTS,2024,0.1277566152,0.1954290527,0.1760419829,0.1212942586,-0.0064623566,0.0064623566,negative,complete
robust_rank_aggregation,CIMSA,2024,0.1277566152,0.1954290527,0.2011821415,0.1296743114,0.0019176963,0.0019176963,positive,complete
robust_rank_aggregation,DEVA,2024,0.1277566152,0.1954290527,0.1823118045,0.1233841991,-0.0043724161,0.0043724161,negative,complete
robust_rank_aggregation,DOAS,2024,0.1277566152,0.1954290527,0.2084015672,0.1320807867,0.0043241715,0.0043241715,positive,complete
robust_rank_aggregation,DOHOL,2024,0.1277566152,0.1954290527,0.196190633,0.1280104753,0.0002538601,0.0002538601,positive,complete
robust_rank_aggregation,DSTKF,2024,0.1277566152,0.1954290527,0.1957523542,0.1278643823,0.0001077672,0.0001077672,positive,complete
robust_rank_aggregation,EGEEN,2024,0.1277566152,0.1954290527,0.1847832099,0.1242080009,-0.0035486143,0.0035486143,negative,complete
robust_rank_aggregation,EKGYO,2024,0.1277566152,0.1954290527,0.2039027622,0.130581185,0.0028245698,0.0028245698,positive,complete
robust_rank_aggregation,ENJSA,2024,0.1277566152,0.1954290527,0.1963854236,0.1280754055,0.0003187903,0.0003187903,positive,complete
robust_rank_aggregation,ENKAI,2024,0.1277566152,0.1954290527,0.1950705872,0.1276371267,-0.0001194885,0.0001194885,negative,complete
robust_rank_aggregation,EREGL,2024,0.1277566152,0.1954290527,0.200573421,0.1294714046,0.0017147894,0.0017147894,positive,complete
robust_rank_aggregation,FROTO,2024,0.1277566152,0.1954290527,0.1986011664,0.1288139864,0.0010573712,0.0010573712,positive,complete
robust_rank_aggregation,GARAN,2024,0.1277566152,0.1954290527,0.1719026831,0.119914492,-0.0078421232,0.0078421232,negative,complete
robust_rank_aggregation,GUBRF,2024,0.1277566152,0.1954290527,0.2120417161,0.1332941696,0.0055375545,0.0055375545,positive,complete
robust_rank_aggregation,HALKB,2024,0.1277566152,0.1954290527,0.1956857853,0.1278421927,8.55775e-05,8.55775e-05,positive,complete
robust_rank_aggregation,HEKTS,2024,0.1277566152,0.1954290527,0.1738992865,0.1205800264,-0.0071765887,0.0071765887,negative,complete
robust_rank_aggregation,ISCTR,2024,0.1277566152,0.1954290527,0.195508866,0.1277832196,2.66044e-05,2.66044e-05,positive,complete
robust_rank_aggregation,ISGYO,2024,0.1277566152,0.1954290527,0.1905660552,0.126135616,-0.0016209992,0.0016209992,negative,complete
robust_rank_aggregation,KCHOL,2024,0.1277566152,0.1954290527,0.1998673051,0.1292360327,0.0014794175,0.0014794175,positive,complete
robust_rank_aggregation,KONTR,2024,0.1277566152,0.1954290527,0.1829813971,0.1236073966,-0.0041492185,0.0041492185,negative,complete
robust_rank_aggregation,KRDMD,2024,0.1277566152,0.1954290527,0.1903103925,0.1260503951,-0.0017062201,0.0017062201,negative,complete
robust_rank_aggregation,KRVGD,2024,0.1277566152,0.1954290527,0.1773811681,0.1217406536,-0.0060159615,0.0060159615,negative,complete
robust_rank_aggregation,KUYAS,2024,0.1277566152,0.1954290527,0.20658758,0.1314761243,0.0037195091,0.0037195091,positive,complete
robust_rank_aggregation,LOGO,2024,0.1277566152,0.1954290527,0.2052483948,0.1310297292,0.003273114,0.003273114,positive,complete
robust_rank_aggregation,MAVI,2024,0.1277566152,0.1954290527,0.200573421,0.1294714046,0.0017147894,0.0017147894,positive,complete
robust_rank_aggregation,MGROS,2024,0.1277566152,0.1954290527,0.1897381952,0.1258596627,-0.0018969525,0.0018969525,negative,complete
robust_rank_aggregation,MIATK,2024,0.1277566152,0.1954290527,0.1865484995,0.1247964308,-0.0029601844,0.0029601844,negative,complete
robust_rank_aggregation,MPARK,2024,0.1277566152,0.1954290527,0.1914547872,0.12643186,-0.0013247552,0.0013247552,negative,complete
robust_rank_aggregation,NETAS,2024,0.1277566152,0.1954290527,0.2119443208,0.1332617046,0.0055050894,0.0055050894,positive,complete
robust_rank_aggregation,NTGAZ,2024,0.1277566152,0.1954290527,0.1709287302,0.119589841,-0.0081667742,0.0081667742,negative,complete
robust_rank_aggregation,ODAS,2024,0.1277566152,0.1954290527,0.1781592456,0.1220000128,-0.0057566024,0.0057566024,negative,complete
robust_rank_aggregation,OTKAR,2024,0.1277566152,0.1954290527,0.1963477049,0.1280628326,0.0003062174,0.0003062174,positive,complete
robust_rank_aggregation,OYAKC,2024,0.1277566152,0.1954290527,0.2017178156,0.1298528695,0.0020962543,0.0020962543,positive,complete
robust_rank_aggregation,PASEU,2024,0.1277566152,0.1954290527,0.2325312498,0.1401240142,0.012367399,0.012367399,positive,complete
robust_rank_aggregation,PETKM,2024,0.1277566152,0.1954290527,0.199684689,0.1291751606,0.0014185454,0.0014185454,positive,complete
robust_rank_aggregation,PGSUS,2024,0.1277566152,0.1954290527,0.1866945925,0.1248451284,-0.0029114867,0.0029114867,negative,complete
robust_rank_aggregation,PRKME,2024,0.1277566152,0.1954290527,0.1915156592,0.1264521507,-0.0013044645,0.0013044645,negative,complete
robust_rank_aggregation,SAHOL,2024,0.1277566152,0.1954290527,0.1946896243,0.127510139,-0.0002464761,0.0002464761,negative,complete
robust_rank_aggregation,SASA,2024,0.1277566152,0.1954290527,0.200098619,0.1293131373,0.0015565221,0.0015565221,positive,complete
robust_rank_aggregation,SELEC,2024,0.1277566152,0.1954290527,0.1939713471,0.1272707133,-0.0004859019,0.0004859019,negative,complete
robust_rank_aggregation,SISE,2024,0.1277566152,0.1954290527,0.2186037237,0.1354815055,0.0077248903,0.0077248903,positive,complete
robust_rank_aggregation,SKBNK,2024,0.1277566152,0.1954290527,0.1936284977,0.1271564302,-0.000600185,0.000600185,negative,complete
robust_rank_aggregation,SMRTG,2024,0.1277566152,0.1954290527,0.1779157589,0.1219188506,-0.0058377646,0.0058377646,negative,complete
robust_rank_aggregation,SOKM,2024,0.1277566152,0.1954290527,0.2024324082,0.130091067,0.0023344518,0.0023344518,positive,complete
robust_rank_aggregation,TAVHL,2024,0.1277566152,0.1954290527,0.1826161648,0.1234856525,-0.0042709626,0.0042709626,negative,complete
robust_rank_aggregation,TBORG,2024,0.1277566152,0.1954290527,0.2096433572,0.1324947167,0.0047381015,0.0047381015,positive,complete
robust_rank_aggregation,TCELL,2024,0.1277566152,0.1954290527,0.1875954989,0.1251454306,-0.0026111846,0.0026111846,negative,complete
robust_rank_aggregation,THYAO,2024,0.1277566152,0.1954290527,0.2058814642,0.1312407523,0.0034841372,0.0034841372,positive,complete
robust_rank_aggregation,TOASO,2024,0.1277566152,0.1954290527,0.2111164609,0.1329857512,0.0052291361,0.0052291361,positive,complete
robust_rank_aggregation,TRALT,2024,0.1277566152,0.1954290527,0.1869624295,0.1249344074,-0.0028222077,0.0028222077,negative,complete
robust_rank_aggregation,TRMET,2024,0.1277566152,0.1954290527,0.2172280152,0.135022936,0.0072663208,0.0072663208,positive,complete
robust_rank_aggregation,TSKB,2024,0.1277566152,0.1954290527,0.1931226815,0.1269878248,-0.0007687904,0.0007687904,negative,complete
robust_rank_aggregation,TTKOM,2024,0.1277566152,0.1954290527,0.1864511042,0.1247639657,-0.0029926495,0.0029926495,negative,complete
robust_rank_aggregation,TUPRS,2024,0.1277566152,0.1954290527,0.2046761975,0.1308389968,0.0030823816,0.0030823816,positive,complete
robust_rank_aggregation,TURSG,2024,0.1277566152,0.1954290527,0.1902495205,0.1260301044,-0.0017265107,0.0017265107,negative,complete
robust_rank_aggregation,ULKER,2024,0.1277566152,0.1954290527,0.1950462384,0.1276290104,-0.0001276048,0.0001276048,negative,complete
robust_rank_aggregation,ULUSE,2024,0.1277566152,0.1954290527,0.1899329858,0.1259245929,-0.0018320223,0.0018320223,negative,complete
robust_rank_aggregation,VAKBN,2024,0.1277566152,0.1954290527,0.199209887,0.1290168933,0.0012602781,0.0012602781,positive,complete
robust_rank_aggregation,VESTL,2024,0.1277566152,0.1954290527,0.1979924459,0.1286110796,0.0008544644,0.0008544644,positive,complete
robust_rank_aggregation,YKBNK,2024,0.1277566152,0.1954290527,0.1864754531,0.124772082,-0.0029845332,0.0029845332,negative,complete
robust_rank_aggregation,ZOREN,2024,0.1277566152,0.1954290527,0.1923624746,0.1267344225,-0.0010221927,0.0010221927,negative,complete
robust_rank_aggregation,AEFES,2025,0.1277566152,0.0999349475,0.1102056468,0.1311801816,0.0034235664,0.0034235664,positive,complete
robust_rank_aggregation,AGESA,2025,0.1277566152,0.0999349475,0.0948914883,0.1260754621,-0.0016811531,0.0016811531,negative,complete
robust_rank_aggregation,AGHOL,2025,0.1277566152,0.0999349475,0.1102056468,0.1311801816,0.0034235664,0.0034235664,positive,complete
robust_rank_aggregation,AKBNK,2025,0.1277566152,0.0999349475,0.1005410473,0.1279586484,0.0002020333,0.0002020333,positive,complete
robust_rank_aggregation,AKENR,2025,0.1277566152,0.0999349475,0.0782662148,0.1205337043,-0.0072229109,0.0072229109,negative,complete
robust_rank_aggregation,AKSA,2025,0.1277566152,0.0999349475,0.0868840189,0.1234063056,-0.0043503095,0.0043503095,negative,complete
robust_rank_aggregation,AKSEN,2025,0.1277566152,0.0999349475,0.1067366155,0.1300238378,0.0022672227,0.0022672227,positive,complete
robust_rank_aggregation,ALARK,2025,0.1277566152,0.0999349475,0.1031458638,0.1288269206,0.0010703054,0.0010703054,positive,complete
robust_rank_aggregation,ALBRK,2025,0.1277566152,0.0999349475,0.1007473588,0.1280274189,0.0002708038,0.0002708038,positive,complete
robust_rank_aggregation,ANHYT,2025,0.1277566152,0.0999349475,0.1026205923,0.1286518301,0.000895215,0.000895215,positive,complete
robust_rank_aggregation,ARCLK,2025,0.1277566152,0.0999349475,0.1242034923,0.1358461301,0.008089515,0.008089515,positive,complete
robust_rank_aggregation,ASELS,2025,0.1277566152,0.0999349475,0.07495542,0.119430106,-0.0083265092,0.0083265092,negative,complete
robust_rank_aggregation,ASTOR,2025,0.1277566152,0.0999349475,0.0984231124,0.1272526701,-0.000503945,0.000503945,negative,complete
robust_rank_aggregation,BERA,2025,0.1277566152,0.0999349475,0.1043630678,0.1292326553,0.0014760401,0.0014760401,positive,complete
robust_rank_aggregation,BIMAS,2025,0.1277566152,0.0999349475,0.102902423,0.1287457737,0.0009891585,0.0009891585,positive,complete
robust_rank_aggregation,BRSAN,2025,0.1277566152,0.0999349475,0.1054828954,0.1296059311,0.001849316,0.001849316,positive,complete
robust_rank_aggregation,BTCIM,2025,0.1277566152,0.0999349475,0.0782292225,0.1205213735,-0.0072352416,0.0072352416,negative,complete
robust_rank_aggregation,CANTE,2025,0.1277566152,0.0999349475,0.1167420321,0.1333589767,0.0056023615,0.0056023615,positive,complete
robust_rank_aggregation,CCOLA,2025,0.1277566152,0.0999349475,0.102293821,0.1285429063,0.0007862912,0.0007862912,positive,complete
robust_rank_aggregation,CEMTS,2025,0.1277566152,0.0999349475,0.1165229353,0.1332859445,0.0055293293,0.0055293293,positive,complete
robust_rank_aggregation,CIMSA,2025,0.1277566152,0.0999349475,0.0969624677,0.1267657886,-0.0009908266,0.0009908266,negative,complete
robust_rank_aggregation,DEVA,2025,0.1277566152,0.0999349475,0.0813213967,0.1215520983,-0.0062045169,0.0062045169,negative,complete
robust_rank_aggregation,DOAS,2025,0.1277566152,0.0999349475,0.1033893046,0.1289080675,0.0011514524,0.0011514524,positive,complete
robust_rank_aggregation,DOHOL,2025,0.1277566152,0.0999349475,0.1038268661,0.1290539214,0.0012973062,0.0012973062,positive,complete
robust_rank_aggregation,DSTKF,2025,0.1277566152,0.0999349475,0.0993360154,0.1275569711,-0.000199644,0.000199644,negative,complete
robust_rank_aggregation,EKGYO,2025,0.1277566152,0.0999349475,0.0894158031,0.1242502337,-0.0035063815,0.0035063815,negative,complete
robust_rank_aggregation,ENJSA,2025,0.1277566152,0.0999349475,0.1019530039,0.1284293006,0.0006726855,0.0006726855,positive,complete
robust_rank_aggregation,ENKAI,2025,0.1277566152,0.0999349475,0.0894766633,0.1242705204,-0.0034860947,0.0034860947,negative,complete
robust_rank_aggregation,EREGL,2025,0.1277566152,0.0999349475,0.1110820336,0.1314723106,0.0037156954,0.0037156954,positive,complete
robust_rank_aggregation,FROTO,2025,0.1277566152,0.0999349475,0.1023540583,0.1285629854,0.0008063703,0.0008063703,positive,complete
robust_rank_aggregation,GARAN,2025,0.1277566152,0.0999349475,0.0943211351,0.1258853444,-0.0018712708,0.0018712708,negative,complete
robust_rank_aggregation,GUBRF,2025,0.1277566152,0.0999349475,0.1043752398,0.1292367126,0.0014800974,0.0014800974,positive,complete
robust_rank_aggregation,HALKB,2025,0.1277566152,0.0999349475,0.1005404354,0.1279584445,0.0002018293,0.0002018293,positive,complete
robust_rank_aggregation,HEKTS,2025,0.1277566152,0.0999349475,0.0731296141,0.118821504,-0.0089351111,0.0089351111,negative,complete
robust_rank_aggregation,ISCTR,2025,0.1277566152,0.0999349475,0.1030971756,0.1288106912,0.0010540761,0.0010540761,positive,complete
robust_rank_aggregation,ISGYO,2025,0.1277566152,0.0999349475,0.104119627,0.1291515083,0.0013948932,0.0013948932,positive,complete
robust_rank_aggregation,KCHOL,2025,0.1277566152,0.0999349475,0.1028537348,0.1287295443,0.0009729291,0.0009729291,positive,complete
robust_rank_aggregation,KONTR,2025,0.1277566152,0.0999349475,0.0793130102,0.1208826361,-0.0068739791,0.0068739791,negative,complete
robust_rank_aggregation,KRDMD,2025,0.1277566152,0.0999349475,0.0853746859,0.1229031947,-0.0048534205,0.0048534205,negative,complete
robust_rank_aggregation,KRVGD,2025,0.1277566152,0.0999349475,0.1158413011,0.1330587331,0.0053021179,0.0053021179,positive,complete
robust_rank_aggregation,KUYAS,2025,0.1277566152,0.0999349475,0.127489943,0.1369416137,0.0091849985,0.0091849985,positive,complete
robust_rank_aggregation,LOGO,2025,0.1277566152,0.0999349475,0.1094753244,0.1309367408,0.0031801256,0.0031801256,positive,complete
robust_rank_aggregation,MAVI,2025,0.1277566152,0.0999349475,0.0984231124,0.1272526701,-0.000503945,0.000503945,negative,complete
robust_rank_aggregation,MGROS,2025,0.1277566152,0.0999349475,0.1028537348,0.1287295443,0.0009729291,0.0009729291,positive,complete
robust_rank_aggregation,MIATK,2025,0.1277566152,0.0999349475,0.0861050083,0.1231466354,-0.0046099797,0.0046099797,negative,complete
robust_rank_aggregation,MPARK,2025,0.1277566152,0.0999349475,0.1026589822,0.1286646267,0.0009080116,0.0009080116,positive,complete
robust_rank_aggregation,NETAS,2025,0.1277566152,0.0999349475,0.0733973989,0.1189107657,-0.0088458495,0.0088458495,negative,complete
robust_rank_aggregation,NTGAZ,2025,0.1277566152,0.0999349475,0.1325169954,0.1386172978,0.0108606826,0.0108606826,positive,complete
robust_rank_aggregation,ODAS,2025,0.1277566152,0.0999349475,0.0782296987,0.1205215322,-0.0072350829,0.0072350829,negative,complete
robust_rank_aggregation,OTKAR,2025,0.1277566152,0.0999349475,0.0948688768,0.126067925,-0.0016886902,0.0016886902,negative,complete
robust_rank_aggregation,OYAKC,2025,0.1277566152,0.0999349475,0.0991534348,0.1274961109,-0.0002605042,0.0002605042,negative,complete
robust_rank_aggregation,PASEU,2025,0.1277566152,0.0999349475,0.1361320912,0.1398223297,0.0120657146,0.0120657146,positive,complete
robust_rank_aggregation,PETKM,2025,0.1277566152,0.0999349475,0.0826481491,0.121994349,-0.0057622661,0.0057622661,negative,complete
robust_rank_aggregation,PGSUS,2025,0.1277566152,0.0999349475,0.1124453021,0.1319267334,0.0041701182,0.0041701182,positive,complete
robust_rank_aggregation,PRKME,2025,0.1277566152,0.0999349475,0.0782048786,0.1205132589,-0.0072433563,0.0072433563,negative,complete
robust_rank_aggregation,RGYAS,2025,0.1277566152,0.0999349475,0.1029267671,0.1287538884,0.0009972732,0.0009972732,positive,complete
robust_rank_aggregation,SAHOL,2025,0.1277566152,0.0999349475,0.104446365,0.129260421,0.0015038058,0.0015038058,positive,complete
robust_rank_aggregation,SASA,2025,0.1277566152,0.0999349475,0.1072600132,0.1301983037,0.0024416886,0.0024416886,positive,complete
robust_rank_aggregation,SELEC,2025,0.1277566152,0.0999349475,0.1026705294,0.1286684758,0.0009118606,0.0009118606,positive,complete
robust_rank_aggregation,SISE,2025,0.1277566152,0.0999349475,0.1143928284,0.1325759088,0.0048192936,0.0048192936,positive,complete
robust_rank_aggregation,SKBNK,2025,0.1277566152,0.0999349475,0.1075880034,0.1303076338,0.0025510187,0.0025510187,positive,complete
robust_rank_aggregation,SMRTG,2025,0.1277566152,0.0999349475,0.0793130102,0.1208826361,-0.0068739791,0.0068739791,negative,complete
robust_rank_aggregation,SOKM,2025,0.1277566152,0.0999349475,0.1063471102,0.1298940027,0.0021373876,0.0021373876,positive,complete
robust_rank_aggregation,TAVHL,2025,0.1277566152,0.0999349475,0.1021599286,0.1284982755,0.0007416604,0.0007416604,positive,complete
robust_rank_aggregation,TBORG,2025,0.1277566152,0.0999349475,0.0947593285,0.1260314088,-0.0017252063,0.0017252063,negative,complete
robust_rank_aggregation,TCELL,2025,0.1277566152,0.0999349475,0.105044702,0.1294598667,0.0017032515,0.0017032515,positive,complete
robust_rank_aggregation,THYAO,2025,0.1277566152,0.0999349475,0.113053904,0.1321296007,0.0043729855,0.0043729855,positive,complete
robust_rank_aggregation,TOASO,2025,0.1277566152,0.0999349475,0.0997742088,0.1277030356,-5.35796e-05,5.35796e-05,negative,complete
robust_rank_aggregation,TRALT,2025,0.1277566152,0.0999349475,0.1196876656,0.1343408546,0.0065842394,0.0065842394,positive,complete
robust_rank_aggregation,TRMET,2025,0.1277566152,0.0999349475,0.1227185035,0.1353511338,0.0075945187,0.0075945187,positive,complete
robust_rank_aggregation,TSKB,2025,0.1277566152,0.0999349475,0.1023181651,0.128551021,0.0007944059,0.0007944059,positive,complete
robust_rank_aggregation,TTKOM,2025,0.1277566152,0.0999349475,0.0844734409,0.1226027796,-0.0051538355,0.0051538355,negative,complete
robust_rank_aggregation,TUPRS,2025,0.1277566152,0.0999349475,0.0872856962,0.1235401981,-0.0042164171,0.0042164171,negative,complete
robust_rank_aggregation,TURSG,2025,0.1277566152,0.0999349475,0.1051170944,0.1294839975,0.0017273823,0.0017273823,positive,complete
robust_rank_aggregation,ULKER,2025,0.1277566152,0.0999349475,0.1028293908,0.1287214296,0.0009648144,0.0009648144,positive,complete
robust_rank_aggregation,ULUSE,2025,0.1277566152,0.0999349475,0.0841818261,0.1225055747,-0.0052510405,0.0052510405,negative,complete
robust_rank_aggregation,VAKBN,2025,0.1277566152,0.0999349475,0.086944879,0.1234265924,-0.0043300228,0.0043300228,negative,complete
robust_rank_aggregation,VESTL,2025,0.1277566152,0.0999349475,0.102902423,0.1287457737,0.0009891585,0.0009891585,positive,complete
robust_rank_aggregation,YKBNK,2025,0.1277566152,0.0999349475,0.0968407473,0.1267252151,-0.0010314001,0.0010314001,negative,complete
robust_rank_aggregation,ZOREN,2025,0.1277566152,0.0999349475,0.083256751,0.1221972164,-0.0055593988,0.0055593988,negative,complete
