window,feature_a,feature_b,correlation
test_2023,current_assets,current_assets,1
test_2023,current_assets,current_ratio,0.16408198866114254
test_2023,current_assets,ebitda,0.76593267553629052
test_2023,current_assets,ebitda_growth_pct,0.24066922371117641
test_2023,current_assets,ebitda_margin,-0.19927203751161132
test_2023,current_assets,enterprise_value,0.36197993894461411
test_2023,current_assets,equity,0.80061927605756666
test_2023,current_assets,ev_ebitda,-0.2631225468818143
test_2023,current_assets,financial_debt_ratio,-0.050204971652856534
test_2023,current_assets,gross_margin,-0.26785508121841139
test_2023,current_assets,gross_profit,0.79734548911911785
test_2023,current_assets,gross_profit_growth_pct,0.25433765654279172
test_2023,current_assets,leverage_ratio,0.054522459659834314
test_2023,current_assets,long_term_liabilities,0.71670300915830776
test_2023,current_assets,market_cap,0.68226777147841255
test_2023,current_assets,net_debt,0.29287396423898837
test_2023,current_assets,net_debt_to_ebitda,-0.034079376938634401
test_2023,current_assets,net_income,0.77916266899258635
test_2023,current_assets,net_income_growth_pct,-0.069939034890851057
test_2023,current_assets,net_margin,-0.19757970598285032
test_2023,current_assets,non_current_assets,0.6738682948102922
test_2023,current_assets,operating_income,0.78031399912778021
test_2023,current_assets,operating_income_growth_pct,0.24989258108600862
test_2023,current_assets,pb_ratio,0.19056343216767491
test_2023,current_assets,pe_ratio,-0.024317488006977719
test_2023,current_assets,price_adjclose_t,0.36023549934583537
test_2023,current_assets,price_drawdown_from_3y_high_pct,-0.055270043411570796
test_2023,current_assets,price_history_years_available,0.22516166600802995
test_2023,current_assets,revenue,0.80397524149983091
test_2023,current_assets,revenue_growth_pct,0.15087484513240412
test_2023,current_assets,roa,-0.072629742695159219
test_2023,current_assets,roe,0.0011077191452245978
test_2023,current_assets,short_term_liabilities,0.90701264718709118
test_2023,current_assets,total_assets,0.90146532926297451
test_2023,current_assets,working_capital,0.62264282599214993
test_2023,current_ratio,current_assets,0.16408198866114254
test_2023,current_ratio,current_ratio,1
test_2023,current_ratio,ebitda,0.16514189778853125
test_2023,current_ratio,ebitda_growth_pct,0.33410802795976169
test_2023,current_ratio,ebitda_margin,0.35344431211758065
test_2023,current_ratio,enterprise_value,-0.49037941561273446
test_2023,current_ratio,equity,0.065442651548190178
test_2023,current_ratio,ev_ebitda,-0.7327780200610553
test_2023,current_ratio,financial_debt_ratio,-0.62383776711731365
test_2023,current_ratio,gross_margin,0.22374541949067861
test_2023,current_ratio,gross_profit,0.079347667967063551
test_2023,current_ratio,gross_profit_growth_pct,0.4932732164091912
test_2023,current_ratio,leverage_ratio,-0.65001308329699092
test_2023,current_ratio,long_term_liabilities,-0.15132141299607502
test_2023,current_ratio,market_cap,0.20943741822939388
test_2023,current_ratio,net_debt,-0.55517662450937633
test_2023,current_ratio,net_debt_to_ebitda,-0.67992374551107637
test_2023,current_ratio,net_income,0.27521151330135202
test_2023,current_ratio,net_income_growth_pct,-0.009418622248805953
test_2023,current_ratio,net_margin,0.3520834682078553
test_2023,current_ratio,non_current_assets,-0.075481901439162655
test_2023,current_ratio,operating_income,0.16392498909725245
test_2023,current_ratio,operating_income_growth_pct,0.25417175923572582
test_2023,current_ratio,pb_ratio,0.045804490963027696
test_2023,current_ratio,pe_ratio,-0.083933711295246405
test_2023,current_ratio,price_adjclose_t,0.08083733100741386
test_2023,current_ratio,price_drawdown_from_3y_high_pct,-0.0014171806002966664
test_2023,current_ratio,price_history_years_available,-0.1501077773386866
test_2023,current_ratio,revenue,-0.0094735672177034946
test_2023,current_ratio,revenue_growth_pct,0.50868519812702029
test_2023,current_ratio,roa,0.2542520715220235
test_2023,current_ratio,roe,-0.032908853030963837
test_2023,current_ratio,short_term_liabilities,-0.15813344962930656
test_2023,current_ratio,total_assets,0.0031399912778020417
test_2023,current_ratio,working_capital,0.73808983863933708
test_2023,ebitda,current_assets,0.76593267553629052
test_2023,ebitda,current_ratio,0.16514189778853125
test_2023,ebitda,ebitda,1
test_2023,ebitda,ebitda_growth_pct,0.26358253515889835
test_2023,ebitda,ebitda_margin,0.044237673345285923
test_2023,ebitda,enterprise_value,0.38161639805641462
test_2023,ebitda,equity,0.64839414451296007
test_2023,ebitda,ev_ebitda,-0.36287862422250378
test_2023,ebitda,financial_debt_ratio,-0.1185504405972289
test_2023,ebitda,gross_margin,-0.017540645352666879
test_2023,ebitda,gross_profit,0.9036027901011604
test_2023,ebitda,gross_profit_growth_pct,0.28118352961947662
test_2023,ebitda,leverage_ratio,0.038177778018673468
test_2023,ebitda,long_term_liabilities,0.68899265448643376
test_2023,ebitda,market_cap,0.53065061456733109
test_2023,ebitda,net_debt,0.3276188095871837
test_2023,ebitda,net_debt_to_ebitda,0.021684599875129319
test_2023,ebitda,net_income,0.83501731235084209
test_2023,ebitda,net_income_growth_pct,-0.09315653518724995
test_2023,ebitda,net_margin,-0.18387359916942575
test_2023,ebitda,non_current_assets,0.63951812734536051
test_2023,ebitda,operating_income,0.96914330936354953
test_2023,ebitda,operating_income_growth_pct,0.29436885104283012
test_2023,ebitda,pb_ratio,0.13616444890275592
test_2023,ebitda,pe_ratio,-0.22086671122010579
test_2023,ebitda,price_adjclose_t,0.11093494871780427
test_2023,ebitda,price_drawdown_from_3y_high_pct,-0.019033242765271848
test_2023,ebitda,price_history_years_available,0.21017884676182605
test_2023,ebitda,revenue,0.85237241481597759
test_2023,ebitda,revenue_growth_pct,0.11472306195717136
test_2023,ebitda,roa,-0.0058315650875090021
test_2023,ebitda,roe,0.11571534911863438
test_2023,ebitda,short_term_liabilities,0.77457316202720716
test_2023,ebitda,total_assets,0.76814404688959415
test_2023,ebitda,working_capital,0.48164278710042663
test_2023,ebitda_growth_pct,current_assets,0.24066922371117641
test_2023,ebitda_growth_pct,current_ratio,0.33410802795976169
test_2023,ebitda_growth_pct,ebitda,0.26358253515889835
test_2023,ebitda_growth_pct,ebitda_growth_pct,1
test_2023,ebitda_growth_pct,ebitda_margin,0.25785675259368274
test_2023,ebitda_growth_pct,enterprise_value,-0.11091081695123488
test_2023,ebitda_growth_pct,equity,0.25088342958758159
test_2023,ebitda_growth_pct,ev_ebitda,-0.30523837637835333
test_2023,ebitda_growth_pct,financial_debt_ratio,-0.46030303497829805
test_2023,ebitda_growth_pct,gross_margin,0.21599870522142919
test_2023,ebitda_growth_pct,gross_profit,0.21444387791920447
test_2023,ebitda_growth_pct,gross_profit_growth_pct,0.90858367222003611
test_2023,ebitda_growth_pct,leverage_ratio,-0.43243777302988373
test_2023,ebitda_growth_pct,long_term_liabilities,0.016795141428240404
test_2023,ebitda_growth_pct,market_cap,0.54471106635283251
test_2023,ebitda_growth_pct,net_debt,-0.2356254409889669
test_2023,ebitda_growth_pct,net_debt_to_ebitda,-0.46014255105164187
test_2023,ebitda_growth_pct,net_income,0.31488488376654444
test_2023,ebitda_growth_pct,net_income_growth_pct,0.38865411791217885
test_2023,ebitda_growth_pct,net_margin,0.17889685709671146
test_2023,ebitda_growth_pct,non_current_assets,0.16655400261910783
test_2023,ebitda_growth_pct,operating_income,0.27672244462421658
test_2023,ebitda_growth_pct,operating_income_growth_pct,0.69224810861736463
test_2023,ebitda_growth_pct,pb_ratio,0.38961248823551037
test_2023,ebitda_growth_pct,pe_ratio,0.29726439607466981
test_2023,ebitda_growth_pct,price_adjclose_t,0.35844482545835371
test_2023,ebitda_growth_pct,price_drawdown_from_3y_high_pct,-0.21590127474772833
test_2023,ebitda_growth_pct,price_history_years_available,0.19540019230014122
test_2023,ebitda_growth_pct,revenue,0.1321210132573086
test_2023,ebitda_growth_pct,revenue_growth_pct,0.53613153226012089
test_2023,ebitda_growth_pct,roa,-0.049691085364520937
test_2023,ebitda_growth_pct,roe,-0.09230340727215737
test_2023,ebitda_growth_pct,short_term_liabilities,0.10954834057952122
test_2023,ebitda_growth_pct,total_assets,0.20565969463416051
test_2023,ebitda_growth_pct,working_capital,0.27014587598382922
test_2023,ebitda_margin,current_assets,-0.19927203751161132
test_2023,ebitda_margin,current_ratio,0.35344431211758065
test_2023,ebitda_margin,ebitda,0.044237673345285923
test_2023,ebitda_margin,ebitda_growth_pct,0.25785675259368274
test_2023,ebitda_margin,ebitda_margin,1
test_2023,ebitda_margin,enterprise_value,-0.10037532337983904
test_2023,ebitda_margin,equity,0.038666286088831263
test_2023,ebitda_margin,ev_ebitda,-0.19571290728617571
test_2023,ebitda_margin,financial_debt_ratio,-0.024242212981581968
test_2023,ebitda_margin,gross_margin,0.67980142994865622
test_2023,ebitda_margin,gross_profit,-0.21384232176898349
test_2023,ebitda_margin,gross_profit_growth_pct,0.31922002112249792
test_2023,ebitda_margin,leverage_ratio,-0.3722475111394592
test_2023,ebitda_margin,long_term_liabilities,0.020574040776200446
test_2023,ebitda_margin,market_cap,0.082243822954427767
test_2023,ebitda_margin,net_debt,-0.12826390017081346
test_2023,ebitda_margin,net_debt_to_ebitda,-0.21597250026689729
test_2023,ebitda_margin,net_income,0.14887283438059662
test_2023,ebitda_margin,net_income_growth_pct,0.44257891530308191
test_2023,ebitda_margin,net_margin,0.76925392276183358
test_2023,ebitda_margin,non_current_assets,0.073328550674047574
test_2023,ebitda_margin,operating_income,0.1023816958108445
test_2023,ebitda_margin,operating_income_growth_pct,0.037584003931647812
test_2023,ebitda_margin,pb_ratio,0.020911631103415665
test_2023,ebitda_margin,pe_ratio,-0.082941691626081837
test_2023,ebitda_margin,price_adjclose_t,-0.26956049778476593
test_2023,ebitda_margin,price_drawdown_from_3y_high_pct,0.39868569154064176
test_2023,ebitda_margin,price_history_years_available,-0.13511497291831673
test_2023,ebitda_margin,revenue,-0.40941113859334566
test_2023,ebitda_margin,revenue_growth_pct,0.2079358224385903
test_2023,ebitda_margin,roa,0.23444461856297458
test_2023,ebitda_margin,roe,-0.16728784395386742
test_2023,ebitda_margin,short_term_liabilities,-0.29180506169373827
test_2023,ebitda_margin,total_assets,-0.053003125612123808
test_2023,ebitda_margin,working_capital,0.17383908610901963
test_2023,enterprise_value,current_assets,0.36197993894461411
test_2023,enterprise_value,current_ratio,-0.49037941561273446
test_2023,enterprise_value,ebitda,0.38161639805641462
test_2023,enterprise_value,ebitda_growth_pct,-0.11091081695123488
test_2023,enterprise_value,ebitda_margin,-0.10037532337983904
test_2023,enterprise_value,enterprise_value,1
test_2023,enterprise_value,equity,0.4413781072830355
test_2023,enterprise_value,ev_ebitda,0.54009594417793294
test_2023,enterprise_value,financial_debt_ratio,0.68738770170082841
test_2023,enterprise_value,gross_margin,-0.069677825185457384
test_2023,enterprise_value,gross_profit,0.31619121008884887
test_2023,enterprise_value,gross_profit_growth_pct,-0.11020337729669125
test_2023,enterprise_value,leverage_ratio,0.43604884430876578
test_2023,enterprise_value,long_term_liabilities,0.70233754906236379
test_2023,enterprise_value,market_cap,0.38606192760575669
test_2023,enterprise_value,net_debt,0.96664631487134767
test_2023,enterprise_value,net_debt_to_ebitda,0.5231559914464895
test_2023,enterprise_value,net_income,0.33672045355429592
test_2023,enterprise_value,net_income_growth_pct,-0.076386622814468771
test_2023,enterprise_value,net_margin,-0.12193946533394862
test_2023,enterprise_value,non_current_assets,0.58626253815961615
test_2023,enterprise_value,operating_income,0.43455734845180993
test_2023,enterprise_value,operating_income_growth_pct,-0.096540719365388841
test_2023,enterprise_value,pb_ratio,0.25613176929330406
test_2023,enterprise_value,pe_ratio,0.13158307893589183
test_2023,enterprise_value,price_adjclose_t,0.32047099869167039
test_2023,enterprise_value,price_drawdown_from_3y_high_pct,0.20994518321538069
test_2023,enterprise_value,price_history_years_available,0.12008622187094929
test_2023,enterprise_value,revenue,0.35251527444844122
test_2023,enterprise_value,revenue_growth_pct,-0.27608993154392886
test_2023,enterprise_value,roa,-0.091242913214129931
test_2023,enterprise_value,roe,-0.035883122546881786
test_2023,enterprise_value,short_term_liabilities,0.53017880505887471
test_2023,enterprise_value,total_assets,0.49610117749672927
test_2023,enterprise_value,working_capital,-0.17778456170955081
test_2023,equity,current_assets,0.80061927605756666
test_2023,equity,current_ratio,0.065442651548190178
test_2023,equity,ebitda,0.64839414451296007
test_2023,equity,ebitda_growth_pct,0.25088342958758159
test_2023,equity,ebitda_margin,0.038666286088831263
test_2023,equity,enterprise_value,0.4413781072830355
test_2023,equity,equity,1
test_2023,equity,ev_ebitda,-0.24993458351504586
test_2023,equity,financial_debt_ratio,-0.016947230702136957
test_2023,equity,gross_margin,-0.15831586984391524
test_2023,equity,gross_profit,0.6280512727342451
test_2023,equity,gross_profit_growth_pct,0.21101352806916379
test_2023,equity,leverage_ratio,-0.15849105974705635
test_2023,equity,long_term_liabilities,0.79550806803314456
test_2023,equity,market_cap,0.67416484954208467
test_2023,equity,net_debt,0.37805494984736154
test_2023,equity,net_debt_to_ebitda,-0.1360423923333263
test_2023,equity,net_income,0.77441779328390781
test_2023,equity,net_income_growth_pct,-0.051997535070385431
test_2023,equity,net_margin,-0.013089399272710979
test_2023,equity,non_current_assets,0.89575228957697384
test_2023,equity,operating_income,0.68607937200174451
test_2023,equity,operating_income_growth_pct,0.25322278338322185
test_2023,equity,pb_ratio,0.042890730372293247
test_2023,equity,pe_ratio,-0.0038290449193196701
test_2023,equity,price_adjclose_t,0.257278674225905
test_2023,equity,price_drawdown_from_3y_high_pct,0.086043107875156011
test_2023,equity,price_history_years_available,0.21015088827416131
test_2023,equity,revenue,0.62742319092975651
test_2023,equity,revenue_growth_pct,-0.0053168869421642024
test_2023,equity,roa,-0.09400784997819453
test_2023,equity,roe,-0.17353685128652421
test_2023,equity,short_term_liabilities,0.77055385957261258
test_2023,equity,total_assets,0.90747492368076765
test_2023,equity,working_capital,0.47726995202791106
test_2023,ev_ebitda,current_assets,-0.2631225468818143
test_2023,ev_ebitda,current_ratio,-0.7327780200610553
test_2023,ev_ebitda,ebitda,-0.36287862422250378
test_2023,ev_ebitda,ebitda_growth_pct,-0.30523837637835333
test_2023,ev_ebitda,ebitda_margin,-0.19571290728617571
test_2023,ev_ebitda,enterprise_value,0.54009594417793294
test_2023,ev_ebitda,equity,-0.24993458351504586
test_2023,ev_ebitda,ev_ebitda,1
test_2023,ev_ebitda,financial_debt_ratio,0.77843872655909274
test_2023,ev_ebitda,gross_margin,-0.17219473305143485
test_2023,ev_ebitda,gross_profit,-0.36728392021231981
test_2023,ev_ebitda,gross_profit_growth_pct,-0.32492441318503767
test_2023,ev_ebitda,leverage_ratio,0.59553423462712596
test_2023,ev_ebitda,long_term_liabilities,0.074871347579590103
test_2023,ev_ebitda,market_cap,-0.092097688617531648
test_2023,ev_ebitda,net_debt,0.56274749236807675
test_2023,ev_ebitda,net_debt_to_ebitda,0.73420882171868329
test_2023,ev_ebitda,net_income,-0.38781508940252962
test_2023,ev_ebitda,net_income_growth_pct,0.087942616025574322
test_2023,ev_ebitda,net_margin,-0.055833855411520486
test_2023,ev_ebitda,non_current_assets,-0.073903183602267761
test_2023,ev_ebitda,operating_income,-0.33833406018316614
test_2023,ev_ebitda,operating_income_growth_pct,-0.23684855652080242
test_2023,ev_ebitda,pb_ratio,0.21170128220165563
test_2023,ev_ebitda,pe_ratio,0.22142171827300486
test_2023,ev_ebitda,price_adjclose_t,0.11986916703009161
test_2023,ev_ebitda,price_drawdown_from_3y_high_pct,0.10770572562254827
test_2023,ev_ebitda,price_history_years_available,0.030021555467737323
test_2023,ev_ebitda,revenue,-0.28450797239575565
test_2023,ev_ebitda,revenue_growth_pct,-0.20558774899008028
test_2023,ev_ebitda,roa,-0.094932402965547322
test_2023,ev_ebitda,roe,0.028329699084169237
test_2023,ev_ebitda,short_term_liabilities,-0.075019624945486266
test_2023,ev_ebitda,total_assets,-0.16998691670300911
test_2023,ev_ebitda,working_capital,-0.55651112080244247
test_2023,financial_debt_ratio,current_assets,-0.050204971652856534
test_2023,financial_debt_ratio,current_ratio,-0.62383776711731365
test_2023,financial_debt_ratio,ebitda,-0.1185504405972289
test_2023,financial_debt_ratio,ebitda_growth_pct,-0.46030303497829805
test_2023,financial_debt_ratio,ebitda_margin,-0.024242212981581968
test_2023,financial_debt_ratio,enterprise_value,0.68738770170082841
test_2023,financial_debt_ratio,equity,-0.016947230702136957
test_2023,financial_debt_ratio,ev_ebitda,0.77843872655909274
test_2023,financial_debt_ratio,financial_debt_ratio,1
test_2023,financial_debt_ratio,gross_margin,-0.027679216189478072
test_2023,financial_debt_ratio,gross_profit,-0.16730529067065869
test_2023,financial_debt_ratio,gross_profit_growth_pct,-0.4091315666329729
test_2023,financial_debt_ratio,leverage_ratio,0.69485390318360218
test_2023,financial_debt_ratio,long_term_liabilities,0.3689838639337113
test_2023,financial_debt_ratio,market_cap,-6.1055385957246595e-05
test_2023,financial_debt_ratio,net_debt,0.72915830789358882
test_2023,financial_debt_ratio,net_debt_to_ebitda,0.71372364011705169
test_2023,financial_debt_ratio,net_income,-0.11881378107283037
test_2023,financial_debt_ratio,net_income_growth_pct,-0.1079771430124413
test_2023,financial_debt_ratio,net_margin,0.065285614233234798
test_2023,financial_debt_ratio,non_current_assets,0.14129088530309633
test_2023,financial_debt_ratio,operating_income,-0.06920191888355863
test_2023,financial_debt_ratio,operating_income_growth_pct,-0.2719211224029312
test_2023,financial_debt_ratio,pb_ratio,0.17071670958108531
test_2023,financial_debt_ratio,pe_ratio,0.13458351504579155
test_2023,financial_debt_ratio,price_adjclose_t,0.080915830789358906
test_2023,financial_debt_ratio,price_drawdown_from_3y_high_pct,0.34943624515886884
test_2023,financial_debt_ratio,price_history_years_available,0.075053888669343302
test_2023,financial_debt_ratio,revenue,-0.12444743087270542
test_2023,financial_debt_ratio,revenue_growth_pct,-0.37542717527468278
test_2023,financial_debt_ratio,roa,-0.035691234191016101
test_2023,financial_debt_ratio,roe,-0.0062799825556039872
test_2023,financial_debt_ratio,short_term_liabilities,0.097714784125599599
test_2023,financial_debt_ratio,total_assets,0.064465765372873962
test_2023,financial_debt_ratio,working_capital,-0.38003488879197556
test_2023,gross_margin,current_assets,-0.26785508121841139
test_2023,gross_margin,current_ratio,0.22374541949067861
test_2023,gross_margin,ebitda,-0.017540645352666879
test_2023,gross_margin,ebitda_growth_pct,0.21599870522142919
test_2023,gross_margin,ebitda_margin,0.67980142994865622
test_2023,gross_margin,enterprise_value,-0.069677825185457384
test_2023,gross_margin,equity,-0.15831586984391524
test_2023,gross_margin,ev_ebitda,-0.17219473305143485
test_2023,gross_margin,financial_debt_ratio,-0.027679216189478072
test_2023,gross_margin,gross_margin,1
test_2023,gross_margin,gross_profit,-0.077923041018325825
test_2023,gross_margin,gross_profit_growth_pct,0.2230740429450363
test_2023,gross_margin,leverage_ratio,-0.28831135665627033
test_2023,gross_margin,long_term_liabilities,-0.10309701119928989
test_2023,gross_margin,market_cap,0.00012212701753946321
test_2023,gross_margin,net_debt,-0.088345812152202705
test_2023,gross_margin,net_debt_to_ebitda,-0.27015561125397775
test_2023,gross_margin,net_income,-0.034753859848370837
test_2023,gross_margin,net_income_growth_pct,0.23072042037830526
test_2023,gross_margin,net_margin,0.4238153193828274
test_2023,gross_margin,non_current_assets,-0.095782475184516019
test_2023,gross_margin,operating_income,0.0058315650875090117
test_2023,gross_margin,operating_income_growth_pct,0.0019707050638152895
test_2023,gross_margin,pb_ratio,0.115948636128535
test_2023,gross_margin,pe_ratio,0.06320073157666839
test_2023,gross_margin,price_adjclose_t,-0.094325674332438297
test_2023,gross_margin,price_drawdown_from_3y_high_pct,0.32295768309158129
test_2023,gross_margin,price_history_years_available,-0.13511497291831676
test_2023,gross_margin,revenue,-0.33378700831882879
test_2023,gross_margin,revenue_growth_pct,0.025645723458922805
test_2023,gross_margin,roa,-0.053932163281263358
test_2023,gross_margin,roe,-0.29764098846044501
test_2023,gross_margin,short_term_liabilities,-0.32247638981293292
test_2023,gross_margin,total_assets,-0.16713082350274522
test_2023,gross_margin,working_capital,-0.09286015012196476
test_2023,gross_profit,current_assets,0.79734548911911785
test_2023,gross_profit,current_ratio,0.079347667967063551
test_2023,gross_profit,ebitda,0.9036027901011604
test_2023,gross_profit,ebitda_growth_pct,0.21444387791920447
test_2023,gross_profit,ebitda_margin,-0.21384232176898349
test_2023,gross_profit,enterprise_value,0.31619121008884887
test_2023,gross_profit,equity,0.6280512727342451
test_2023,gross_profit,ev_ebitda,-0.36728392021231981
test_2023,gross_profit,financial_debt_ratio,-0.16730529067065869
test_2023,gross_profit,gross_margin,-0.077923041018325825
test_2023,gross_profit,gross_profit,1
test_2023,gross_profit,gross_profit_growth_pct,0.1752237959698266
test_2023,gross_profit,leverage_ratio,0.071771431200419511
test_2023,gross_profit,long_term_liabilities,0.64459948361084141
test_2023,gross_profit,market_cap,0.48002024243883101
test_2023,gross_profit,net_debt,0.28114947941342094
test_2023,gross_profit,net_debt_to_ebitda,0.0048915915126172991
test_2023,gross_profit,net_income,0.7391737736575561
test_2023,gross_profit,net_income_growth_pct,-0.1735625329470615
test_2023,gross_profit,net_margin,-0.39795584520958466
test_2023,gross_profit,non_current_assets,0.62255119526577163
test_2023,gross_profit,operating_income,0.84897032410472451
test_2023,gross_profit,operating_income_growth_pct,0.2761469694382771
test_2023,gross_profit,pb_ratio,0.10279570658294236
test_2023,gross_profit,pe_ratio,-0.17695332505627578
test_2023,gross_profit,price_adjclose_t,0.18647050906595766
test_2023,gross_profit,price_drawdown_from_3y_high_pct,-0.15651804954845913
test_2023,gross_profit,price_history_years_available,0.21017884676182602
test_2023,gross_profit,revenue,0.94777502955430792
test_2023,gross_profit,revenue_growth_pct,-0.015516556955840878
test_2023,gross_profit,roa,-0.15398908407966028
test_2023,gross_profit,roe,0.091045691575664264
test_2023,gross_profit,short_term_liabilities,0.83152796899257186
test_2023,gross_profit,total_assets,0.7834884343075873
test_2023,gross_profit,working_capital,0.41755227296739944
test_2023,gross_profit_growth_pct,current_assets,0.25433765654279172
test_2023,gross_profit_growth_pct,current_ratio,0.4932732164091912
test_2023,gross_profit_growth_pct,ebitda,0.28118352961947662
test_2023,gross_profit_growth_pct,ebitda_growth_pct,0.90858367222003611
test_2023,gross_profit_growth_pct,ebitda_margin,0.31922002112249792
test_2023,gross_profit_growth_pct,enterprise_value,-0.11020337729669125
test_2023,gross_profit_growth_pct,equity,0.21101352806916379
test_2023,gross_profit_growth_pct,ev_ebitda,-0.32492441318503767
test_2023,gross_profit_growth_pct,financial_debt_ratio,-0.4091315666329729
test_2023,gross_profit_growth_pct,gross_margin,0.2230740429450363
test_2023,gross_profit_growth_pct,gross_profit,0.1752237959698266
test_2023,gross_profit_growth_pct,gross_profit_growth_pct,1
test_2023,gross_profit_growth_pct,leverage_ratio,-0.37973788567782851
test_2023,gross_profit_growth_pct,long_term_liabilities,0.029267040523158355
test_2023,gross_profit_growth_pct,market_cap,0.60743738238903755
test_2023,gross_profit_growth_pct,net_debt,-0.25109304133707611
test_2023,gross_profit_growth_pct,net_debt_to_ebitda,-0.47137172591718052
test_2023,gross_profit_growth_pct,net_income,0.34173265534762154
test_2023,gross_profit_growth_pct,net_income_growth_pct,0.33180064848207519
test_2023,gross_profit_growth_pct,net_margin,0.24283694615449453
test_2023,gross_profit_growth_pct,non_current_assets,0.10910291561184557
test_2023,gross_profit_growth_pct,operating_income,0.29441716981070404
test_2023,gross_profit_growth_pct,operating_income_growth_pct,0.67454987664601518
test_2023,gross_profit_growth_pct,pb_ratio,0.50170592617812537
test_2023,gross_profit_growth_pct,pe_ratio,0.33825222692372459
test_2023,gross_profit_growth_pct,price_adjclose_t,0.43465616404536628
test_2023,gross_profit_growth_pct,price_drawdown_from_3y_high_pct,-0.13177073106668852
test_2023,gross_profit_growth_pct,price_history_years_available,0.19540019230014119
test_2023,gross_profit_growth_pct,revenue,0.10802119007282449
test_2023,gross_profit_growth_pct,revenue_growth_pct,0.73292200580968336
test_2023,gross_profit_growth_pct,roa,0.029402414778040148
test_2023,gross_profit_growth_pct,roe,0.011192394040712383
test_2023,gross_profit_growth_pct,short_term_liabilities,0.044437690892817024
test_2023,gross_profit_growth_pct,total_assets,0.15412140572721997
test_2023,gross_profit_growth_pct,working_capital,0.43447275376455868
test_2023,leverage_ratio,current_assets,0.054522459659834314
test_2023,leverage_ratio,current_ratio,-0.65001308329699092
test_2023,leverage_ratio,ebitda,0.038177778018673468
test_2023,leverage_ratio,ebitda_growth_pct,-0.43243777302988373
test_2023,leverage_ratio,ebitda_margin,-0.3722475111394592
test_2023,leverage_ratio,enterprise_value,0.43604884430876578
test_2023,leverage_ratio,equity,-0.15849105974705635
test_2023,leverage_ratio,ev_ebitda,0.59553423462712596
test_2023,leverage_ratio,financial_debt_ratio,0.69485390318360218
test_2023,leverage_ratio,gross_margin,-0.28831135665627033
test_2023,leverage_ratio,gross_profit,0.071771431200419511
test_2023,leverage_ratio,gross_profit_growth_pct,-0.37973788567782851
test_2023,leverage_ratio,leverage_ratio,1
test_2023,leverage_ratio,long_term_liabilities,0.20563453990405592
test_2023,leverage_ratio,market_cap,-0.14997819450501537
test_2023,leverage_ratio,net_debt,0.51237679895333632
test_2023,leverage_ratio,net_debt_to_ebitda,0.73782462439746255
test_2023,leverage_ratio,net_income,-0.18515481901439165
test_2023,leverage_ratio,net_income_growth_pct,-0.12391430325830222
test_2023,leverage_ratio,net_margin,-0.35546376958617976
test_2023,leverage_ratio,non_current_assets,-0.11003052769297869
test_2023,leverage_ratio,operating_income,0.021700828608809439
test_2023,leverage_ratio,operating_income_growth_pct,-0.18379377691506668
test_2023,leverage_ratio,pb_ratio,0.10947103225398597
test_2023,leverage_ratio,pe_ratio,0.06080244221543829
test_2023,leverage_ratio,price_adjclose_t,0.054906236371565678
test_2023,leverage_ratio,price_drawdown_from_3y_high_pct,-0.045147324838023035
test_2023,leverage_ratio,price_history_years_available,0.16511855507255535
test_2023,leverage_ratio,revenue,0.16036585906689896
test_2023,leverage_ratio,revenue_growth_pct,-0.15195654157346797
test_2023,leverage_ratio,roa,-0.073510684692542544
test_2023,leverage_ratio,roe,0.29786306149149588
test_2023,leverage_ratio,short_term_liabilities,0.22690798081116451
test_2023,leverage_ratio,total_assets,0.0037331007413868452
test_2023,leverage_ratio,working_capital,-0.37140863497601406
test_2023,long_term_liabilities,current_assets,0.71670300915830776
test_2023,long_term_liabilities,current_ratio,-0.15132141299607502
test_2023,long_term_liabilities,ebitda,0.68899265448643376
test_2023,long_term_liabilities,ebitda_growth_pct,0.016795141428240404
test_2023,long_term_liabilities,ebitda_margin,0.020574040776200446
test_2023,long_term_liabilities,enterprise_value,0.70233754906236379
test_2023,long_term_liabilities,equity,0.79550806803314456
test_2023,long_term_liabilities,ev_ebitda,0.074871347579590103
test_2023,long_term_liabilities,financial_debt_ratio,0.3689838639337113
test_2023,long_term_liabilities,gross_margin,-0.10309701119928989
test_2023,long_term_liabilities,gross_profit,0.64459948361084141
test_2023,long_term_liabilities,gross_profit_growth_pct,0.029267040523158355
test_2023,long_term_liabilities,leverage_ratio,0.20563453990405592
test_2023,long_term_liabilities,long_term_liabilities,1
test_2023,long_term_liabilities,market_cap,0.57609245529873543
test_2023,long_term_liabilities,net_debt,0.65809856083733098
test_2023,long_term_liabilities,net_debt_to_ebitda,0.26894934224713191
test_2023,long_term_liabilities,net_income,0.66455298735281298
test_2023,long_term_liabilities,net_income_growth_pct,-0.15871531427931404
test_2023,long_term_liabilities,net_margin,-0.14362573430559783
test_2023,long_term_liabilities,non_current_assets,0.90600959441779372
test_2023,long_term_liabilities,operating_income,0.6729437418229397
test_2023,long_term_liabilities,operating_income_growth_pct,0.094141919293781351
test_2023,long_term_liabilities,pb_ratio,0.12589364995475716
test_2023,long_term_liabilities,pe_ratio,0.0094897514173571795
test_2023,long_term_liabilities,price_adjclose_t,0.21378107283035333
test_2023,long_term_liabilities,price_drawdown_from_3y_high_pct,0.13726406385730772
test_2023,long_term_liabilities,price_history_years_available,0.22516166600802995
test_2023,long_term_liabilities,revenue,0.64166843518989436
test_2023,long_term_liabilities,revenue_growth_pct,-0.11482992824147331
test_2023,long_term_liabilities,roa,-0.25579590056694301
test_2023,long_term_liabilities,roe,-0.16360226777147843
test_2023,long_term_liabilities,short_term_liabilities,0.78957697339729616
test_2023,long_term_liabilities,total_assets,0.88984736153510713
test_2023,long_term_liabilities,working_capital,0.2697426951591802
test_2023,market_cap,current_assets,0.68226777147841255
test_2023,market_cap,current_ratio,0.20943741822939388
test_2023,market_cap,ebitda,0.53065061456733109
test_2023,market_cap,ebitda_growth_pct,0.54471106635283251
test_2023,market_cap,ebitda_margin,0.082243822954427767
test_2023,market_cap,enterprise_value,0.38606192760575669
test_2023,market_cap,equity,0.67416484954208467
test_2023,market_cap,ev_ebitda,-0.092097688617531648
test_2023,market_cap,financial_debt_ratio,-6.1055385957246595e-05
test_2023,market_cap,gross_margin,0.00012212701753946321
test_2023,market_cap,gross_profit,0.48002024243883101
test_2023,market_cap,gross_profit_growth_pct,0.60743738238903755
test_2023,market_cap,leverage_ratio,-0.14997819450501537
test_2023,market_cap,long_term_liabilities,0.57609245529873543
test_2023,market_cap,market_cap,1
test_2023,market_cap,net_debt,0.23860444832097691
test_2023,market_cap,net_debt_to_ebitda,-0.1865719246958249
test_2023,market_cap,net_income,0.66276493676406478
test_2023,market_cap,net_income_growth_pct,0.040273035434866197
test_2023,market_cap,net_margin,0.12661954711322862
test_2023,market_cap,non_current_assets,0.59720017444396001
test_2023,market_cap,operating_income,0.56292193632795451
test_2023,market_cap,operating_income_growth_pct,0.4980893071763387
test_2023,market_cap,pb_ratio,0.70450194690225021
test_2023,market_cap,pe_ratio,0.47378107283035342
test_2023,market_cap,price_adjclose_t,0.64249454862625399
test_2023,market_cap,price_drawdown_from_3y_high_pct,0.076730206787492067
test_2023,market_cap,price_history_years_available,0.22516166600802998
test_2023,market_cap,revenue,0.43553983797928209
test_2023,market_cap,revenue_growth_pct,0.3367826975818406
test_2023,market_cap,roa,-0.076764064544265195
test_2023,market_cap,roe,-0.092429132141299664
test_2023,market_cap,short_term_liabilities,0.51911905800261682
test_2023,market_cap,total_assets,0.66677714784125619
test_2023,market_cap,working_capital,0.46173571740078506
test_2023,net_debt,current_assets,0.29287396423898837
test_2023,net_debt,current_ratio,-0.55517662450937633
test_2023,net_debt,ebitda,0.3276188095871837
test_2023,net_debt,ebitda_growth_pct,-0.2356254409889669
test_2023,net_debt,ebitda_margin,-0.12826390017081346
test_2023,net_debt,enterprise_value,0.96664631487134767
test_2023,net_debt,equity,0.37805494984736154
test_2023,net_debt,ev_ebitda,0.56274749236807675
test_2023,net_debt,financial_debt_ratio,0.72915830789358882
test_2023,net_debt,gross_margin,-0.088345812152202705
test_2023,net_debt,gross_profit,0.28114947941342094
test_2023,net_debt,gross_profit_growth_pct,-0.25109304133707611
test_2023,net_debt,leverage_ratio,0.51237679895333632
test_2023,net_debt,long_term_liabilities,0.65809856083733098
test_2023,net_debt,market_cap,0.23860444832097691
test_2023,net_debt,net_debt,1
test_2023,net_debt,net_debt_to_ebitda,0.59409646791600712
test_2023,net_debt,net_income,0.26345399040558232
test_2023,net_debt,net_income_growth_pct,-0.097919970102699344
test_2023,net_debt,net_margin,-0.15247121971881267
test_2023,net_debt,non_current_assets,0.52917575228957692
test_2023,net_debt,operating_income,0.37986044483209774
test_2023,net_debt,operating_income_growth_pct,-0.22500832539812457
test_2023,net_debt,pb_ratio,0.15301168826702677
test_2023,net_debt,pe_ratio,0.047727867422590456
test_2023,net_debt,price_adjclose_t,0.2386131705189708
test_2023,net_debt,price_drawdown_from_3y_high_pct,0.22350962610393466
test_2023,net_debt,price_history_years_available,0.1050754441370806
test_2023,net_debt,revenue,0.31992480748219793
test_2023,net_debt,revenue_growth_pct,-0.36318394176635221
test_2023,net_debt,roa,-0.091208024422154352
test_2023,net_debt,roe,-0.022049716528565213
test_2023,net_debt,short_term_liabilities,0.48221543829044922
test_2023,net_debt,total_assets,0.43160924552987351
test_2023,net_debt,working_capital,-0.25040558220671622
test_2023,net_debt_to_ebitda,current_assets,-0.034079376938634401
test_2023,net_debt_to_ebitda,current_ratio,-0.67992374551107637
test_2023,net_debt_to_ebitda,ebitda,0.021684599875129319
test_2023,net_debt_to_ebitda,ebitda_growth_pct,-0.46014255105164187
test_2023,net_debt_to_ebitda,ebitda_margin,-0.21597250026689729
test_2023,net_debt_to_ebitda,enterprise_value,0.5231559914464895
test_2023,net_debt_to_ebitda,equity,-0.1360423923333263
test_2023,net_debt_to_ebitda,ev_ebitda,0.73420882171868329
test_2023,net_debt_to_ebitda,financial_debt_ratio,0.71372364011705169
test_2023,net_debt_to_ebitda,gross_margin,-0.27015561125397775
test_2023,net_debt_to_ebitda,gross_profit,0.0048915915126172991
test_2023,net_debt_to_ebitda,gross_profit_growth_pct,-0.47137172591718052
test_2023,net_debt_to_ebitda,leverage_ratio,0.73782462439746255
test_2023,net_debt_to_ebitda,long_term_liabilities,0.26894934224713191
test_2023,net_debt_to_ebitda,market_cap,-0.1865719246958249
test_2023,net_debt_to_ebitda,net_debt,0.59409646791600712
test_2023,net_debt_to_ebitda,net_debt_to_ebitda,1
test_2023,net_debt_to_ebitda,net_income,-0.14311678887876295
test_2023,net_debt_to_ebitda,net_income_growth_pct,0.058163354894167942
test_2023,net_debt_to_ebitda,net_margin,-0.21584584298665993
test_2023,net_debt_to_ebitda,non_current_assets,0.041869946961510397
test_2023,net_debt_to_ebitda,operating_income,-0.026122864280742068
test_2023,net_debt_to_ebitda,operating_income_growth_pct,-0.3709347934984456
test_2023,net_debt_to_ebitda,pb_ratio,0.021185677242076654
test_2023,net_debt_to_ebitda,pe_ratio,-0.088779309733782383
test_2023,net_debt_to_ebitda,price_adjclose_t,-0.21159432729172117
test_2023,net_debt_to_ebitda,price_drawdown_from_3y_high_pct,0.070548022171088617
test_2023,net_debt_to_ebitda,price_history_years_available,0.090184704138526695
test_2023,net_debt_to_ebitda,revenue,0.078121336951951295
test_2023,net_debt_to_ebitda,revenue_growth_pct,-0.29493239576386876
test_2023,net_debt_to_ebitda,roa,-0.079412284678250525
test_2023,net_debt_to_ebitda,roe,0.14334386827404857
test_2023,net_debt_to_ebitda,short_term_liabilities,0.20551558655638297
test_2023,net_debt_to_ebitda,total_assets,0.059734981694461856
test_2023,net_debt_to_ebitda,working_capital,-0.38070734001924011
test_2023,net_income,current_assets,0.77916266899258635
test_2023,net_income,current_ratio,0.27521151330135202
test_2023,net_income,ebitda,0.83501731235084209
test_2023,net_income,ebitda_growth_pct,0.31488488376654444
test_2023,net_income,ebitda_margin,0.14887283438059662
test_2023,net_income,enterprise_value,0.33672045355429592
test_2023,net_income,equity,0.77441779328390781
test_2023,net_income,ev_ebitda,-0.38781508940252962
test_2023,net_income,financial_debt_ratio,-0.11881378107283037
test_2023,net_income,gross_margin,-0.034753859848370837
test_2023,net_income,gross_profit,0.7391737736575561
test_2023,net_income,gross_profit_growth_pct,0.34173265534762154
test_2023,net_income,leverage_ratio,-0.18515481901439165
test_2023,net_income,long_term_liabilities,0.66455298735281298
test_2023,net_income,market_cap,0.66276493676406478
test_2023,net_income,net_debt,0.26345399040558232
test_2023,net_income,net_debt_to_ebitda,-0.14311678887876295
test_2023,net_income,net_income,1
test_2023,net_income,net_income_growth_pct,0.018500231648784636
test_2023,net_income,net_margin,0.14775624450595018
test_2023,net_income,non_current_assets,0.72480593109463587
test_2023,net_income,operating_income,0.85337985172263409
test_2023,net_income,operating_income_growth_pct,0.29766648580882821
test_2023,net_income,pb_ratio,0.19009670704311105
test_2023,net_income,pe_ratio,-0.22479720889664204
test_2023,net_income,price_adjclose_t,0.22268643698211957
test_2023,net_income,price_drawdown_from_3y_high_pct,0.18281629743827263
test_2023,net_income,price_history_years_available,0.22516166600802998
test_2023,net_income,revenue,0.68349257701796007
test_2023,net_income,revenue_growth_pct,0.16182702159817464
test_2023,net_income,roa,0.19402529437418237
test_2023,net_income,roe,0.08348015699956389
test_2023,net_income,short_term_liabilities,0.70738770170082854
test_2023,net_income,total_assets,0.79630178805058904
test_2023,net_income,working_capital,0.5950545137374621
test_2023,net_income_growth_pct,current_assets,-0.069939034890851057
test_2023,net_income_growth_pct,current_ratio,-0.009418622248805953
test_2023,net_income_growth_pct,ebitda,-0.09315653518724995
test_2023,net_income_growth_pct,ebitda_growth_pct,0.38865411791217885
test_2023,net_income_growth_pct,ebitda_margin,0.44257891530308191
test_2023,net_income_growth_pct,enterprise_value,-0.076386622814468771
test_2023,net_income_growth_pct,equity,-0.051997535070385431
test_2023,net_income_growth_pct,ev_ebitda,0.087942616025574322
test_2023,net_income_growth_pct,financial_debt_ratio,-0.1079771430124413
test_2023,net_income_growth_pct,gross_margin,0.23072042037830526
test_2023,net_income_growth_pct,gross_profit,-0.1735625329470615
test_2023,net_income_growth_pct,gross_profit_growth_pct,0.33180064848207519
test_2023,net_income_growth_pct,leverage_ratio,-0.12391430325830222
test_2023,net_income_growth_pct,long_term_liabilities,-0.15871531427931404
test_2023,net_income_growth_pct,market_cap,0.040273035434866197
test_2023,net_income_growth_pct,net_debt,-0.097919970102699344
test_2023,net_income_growth_pct,net_debt_to_ebitda,0.058163354894167942
test_2023,net_income_growth_pct,net_income,0.018500231648784636
test_2023,net_income_growth_pct,net_income_growth_pct,1
test_2023,net_income_growth_pct,net_margin,0.42874181033834868
test_2023,net_income_growth_pct,non_current_assets,-0.075189340325213697
test_2023,net_income_growth_pct,operating_income,-0.053354455224874447
test_2023,net_income_growth_pct,operating_income_growth_pct,-0.020008724029704085
test_2023,net_income_growth_pct,pb_ratio,0.044409771656671863
test_2023,net_income_growth_pct,pe_ratio,-0.019245207419876609
test_2023,net_income_growth_pct,price_adjclose_t,-0.23401994847386337
test_2023,net_income_growth_pct,price_drawdown_from_3y_high_pct,0.081313223037117133
test_2023,net_income_growth_pct,price_history_years_available,-0.045789022301845943
test_2023,net_income_growth_pct,revenue,-0.29832709604573882
test_2023,net_income_growth_pct,revenue_growth_pct,0.286255108957917
test_2023,net_income_growth_pct,roa,0.12197204499795526
test_2023,net_income_growth_pct,roe,-0.016841773682186943
test_2023,net_income_growth_pct,short_term_liabilities,-0.10873098754271289
test_2023,net_income_growth_pct,total_assets,-0.051500884556324115
test_2023,net_income_growth_pct,working_capital,-0.035315399053432492
test_2023,net_margin,current_assets,-0.19757970598285032
test_2023,net_margin,current_ratio,0.3520834682078553
test_2023,net_margin,ebitda,-0.18387359916942575
test_2023,net_margin,ebitda_growth_pct,0.17889685709671146
test_2023,net_margin,ebitda_margin,0.76925392276183358
test_2023,net_margin,enterprise_value,-0.12193946533394862
test_2023,net_margin,equity,-0.013089399272710979
test_2023,net_margin,ev_ebitda,-0.055833855411520486
test_2023,net_margin,financial_debt_ratio,0.065285614233234798
test_2023,net_margin,gross_margin,0.4238153193828274
test_2023,net_margin,gross_profit,-0.39795584520958466
test_2023,net_margin,gross_profit_growth_pct,0.24283694615449453
test_2023,net_margin,leverage_ratio,-0.35546376958617976
test_2023,net_margin,long_term_liabilities,-0.14362573430559783
test_2023,net_margin,market_cap,0.12661954711322862
test_2023,net_margin,net_debt,-0.15247121971881267
test_2023,net_margin,net_debt_to_ebitda,-0.21584584298665993
test_2023,net_margin,net_income,0.14775624450595018
test_2023,net_margin,net_income_growth_pct,0.42874181033834868
test_2023,net_margin,net_margin,1
test_2023,net_margin,non_current_assets,-0.055506729471682656
test_2023,net_margin,operating_income,-0.073018871451001013
test_2023,net_margin,operating_income_growth_pct,0.021884273289480571
test_2023,net_margin,pb_ratio,0.16098705889095558
test_2023,net_margin,pe_ratio,-0.045684227918152159
test_2023,net_margin,price_adjclose_t,-0.094063973580568033
test_2023,net_margin,price_drawdown_from_3y_high_pct,0.43816954621328019
test_2023,net_margin,price_history_years_available,-0.1801532972244223
test_2023,net_margin,revenue,-0.53445966873001516
test_2023,net_margin,revenue_growth_pct,0.2262485877184946
test_2023,net_margin,roa,0.57989833439011662
test_2023,net_margin,roe,0.026798156991514874
test_2023,net_margin,short_term_liabilities,-0.34684072981205433
test_2023,net_margin,total_assets,-0.15028601844069597
test_2023,net_margin,working_capital,0.19713917638386877
test_2023,non_current_assets,current_assets,0.6738682948102922
test_2023,non_current_assets,current_ratio,-0.075481901439162655
test_2023,non_current_assets,ebitda,0.63951812734536051
test_2023,non_current_assets,ebitda_growth_pct,0.16655400261910783
test_2023,non_current_assets,ebitda_margin,0.073328550674047574
test_2023,non_current_assets,enterprise_value,0.58626253815961615
test_2023,non_current_assets,equity,0.89575228957697384
test_2023,non_current_assets,ev_ebitda,-0.073903183602267761
test_2023,non_current_assets,financial_debt_ratio,0.14129088530309633
test_2023,non_current_assets,gross_margin,-0.095782475184516019
test_2023,non_current_assets,gross_profit,0.62255119526577163
test_2023,non_current_assets,gross_profit_growth_pct,0.10910291561184557
test_2023,non_current_assets,leverage_ratio,-0.11003052769297869
test_2023,non_current_assets,long_term_liabilities,0.90600959441779372
test_2023,non_current_assets,market_cap,0.59720017444396001
test_2023,non_current_assets,net_debt,0.52917575228957692
test_2023,non_current_assets,net_debt_to_ebitda,0.041869946961510397
test_2023,non_current_assets,net_income,0.72480593109463587
test_2023,non_current_assets,net_income_growth_pct,-0.075189340325213697
test_2023,non_current_assets,net_margin,-0.055506729471682656
test_2023,non_current_assets,non_current_assets,1
test_2023,non_current_assets,operating_income,0.63522023549934603
test_2023,non_current_assets,operating_income_growth_pct,0.15451611450262701
test_2023,non_current_assets,pb_ratio,0.047784801304634618
test_2023,non_current_assets,pe_ratio,-0.035935455734845134
test_2023,non_current_assets,price_adjclose_t,0.20355865678150897
test_2023,non_current_assets,price_drawdown_from_3y_high_pct,0.13989597068643012
test_2023,non_current_assets,price_history_years_available,0.21015088827416131
test_2023,non_current_assets,revenue,0.61162955055438573
test_2023,non_current_assets,revenue_growth_pct,-0.16409509478105019
test_2023,non_current_assets,roa,-0.23487134757959016
test_2023,non_current_assets,roe,-0.24117749672917582
test_2023,non_current_assets,short_term_liabilities,0.73929350196249477
test_2023,non_current_assets,total_assets,0.90401221107719154
test_2023,non_current_assets,working_capital,0.28907108591365027
test_2023,operating_income,current_assets,0.78031399912778021
test_2023,operating_income,current_ratio,0.16392498909725245
test_2023,operating_income,ebitda,0.96914330936354953
test_2023,operating_income,ebitda_growth_pct,0.27672244462421658
test_2023,operating_income,ebitda_margin,0.1023816958108445
test_2023,operating_income,enterprise_value,0.43455734845180993
test_2023,operating_income,equity,0.68607937200174451
test_2023,operating_income,ev_ebitda,-0.33833406018316614
test_2023,operating_income,financial_debt_ratio,-0.06920191888355863
test_2023,operating_income,gross_margin,0.0058315650875090117
test_2023,operating_income,gross_profit,0.84897032410472451
test_2023,operating_income,gross_profit_growth_pct,0.29441716981070404
test_2023,operating_income,leverage_ratio,0.021700828608809439
test_2023,operating_income,long_term_liabilities,0.6729437418229397
test_2023,operating_income,market_cap,0.56292193632795451
test_2023,operating_income,net_debt,0.37986044483209774
test_2023,operating_income,net_debt_to_ebitda,-0.026122864280742068
test_2023,operating_income,net_income,0.85337985172263409
test_2023,operating_income,net_income_growth_pct,-0.053354455224874447
test_2023,operating_income,net_margin,-0.073018871451001013
test_2023,operating_income,non_current_assets,0.63522023549934603
test_2023,operating_income,operating_income,1
test_2023,operating_income,operating_income_growth_pct,0.27229895538124299
test_2023,operating_income,pb_ratio,0.14567494378556664
test_2023,operating_income,pe_ratio,-0.20614042738770175
test_2023,operating_income,price_adjclose_t,0.1518447448757087
test_2023,operating_income,price_drawdown_from_3y_high_pct,0.033607425664178618
test_2023,operating_income,price_history_years_available,0.21015088827416126
test_2023,operating_income,revenue,0.79209402736492074
test_2023,operating_income,revenue_growth_pct,0.11853735555963534
test_2023,operating_income,roa,0.094976013955516844
test_2023,operating_income,roe,0.13559529001308324
test_2023,operating_income,short_term_liabilities,0.77160052333187978
test_2023,operating_income,total_assets,0.75839511556912309
test_2023,operating_income,working_capital,0.4922721325774097
test_2023,operating_income_growth_pct,current_assets,0.24989258108600862
test_2023,operating_income_growth_pct,current_ratio,0.25417175923572582
test_2023,operating_income_growth_pct,ebitda,0.29436885104283012
test_2023,operating_income_growth_pct,ebitda_growth_pct,0.69224810861736463
test_2023,operating_income_growth_pct,ebitda_margin,0.037584003931647812
test_2023,operating_income_growth_pct,enterprise_value,-0.096540719365388841
test_2023,operating_income_growth_pct,equity,0.25322278338322185
test_2023,operating_income_growth_pct,ev_ebitda,-0.23684855652080242
test_2023,operating_income_growth_pct,financial_debt_ratio,-0.2719211224029312
test_2023,operating_income_growth_pct,gross_margin,0.0019707050638152895
test_2023,operating_income_growth_pct,gross_profit,0.2761469694382771
test_2023,operating_income_growth_pct,gross_profit_growth_pct,0.67454987664601518
test_2023,operating_income_growth_pct,leverage_ratio,-0.18379377691506668
test_2023,operating_income_growth_pct,long_term_liabilities,0.094141919293781351
test_2023,operating_income_growth_pct,market_cap,0.4980893071763387
test_2023,operating_income_growth_pct,net_debt,-0.22500832539812457
test_2023,operating_income_growth_pct,net_debt_to_ebitda,-0.3709347934984456
test_2023,operating_income_growth_pct,net_income,0.29766648580882821
test_2023,operating_income_growth_pct,net_income_growth_pct,-0.020008724029704085
test_2023,operating_income_growth_pct,net_margin,0.021884273289480571
test_2023,operating_income_growth_pct,non_current_assets,0.15451611450262701
test_2023,operating_income_growth_pct,operating_income,0.27229895538124299
test_2023,operating_income_growth_pct,operating_income_growth_pct,1
test_2023,operating_income_growth_pct,pb_ratio,0.35283476528901003
test_2023,operating_income_growth_pct,pe_ratio,0.29744242206587568
test_2023,operating_income_growth_pct,price_adjclose_t,0.27525132470014468
test_2023,operating_income_growth_pct,price_drawdown_from_3y_high_pct,-0.27595001398326507
test_2023,operating_income_growth_pct,price_history_years_available,0.19658574008028978
test_2023,operating_income_growth_pct,revenue,0.27324254123943226
test_2023,operating_income_growth_pct,revenue_growth_pct,0.42271294069496085
test_2023,operating_income_growth_pct,roa,-0.027647708517629547
test_2023,operating_income_growth_pct,roe,0.053327170822658136
test_2023,operating_income_growth_pct,short_term_liabilities,0.15073778471950902
test_2023,operating_income_growth_pct,total_assets,0.18909661883160558
test_2023,operating_income_growth_pct,working_capital,0.37750786621418042
test_2023,pb_ratio,current_assets,0.19056343216767491
test_2023,pb_ratio,current_ratio,0.045804490963027696
test_2023,pb_ratio,ebitda,0.13616444890275592
test_2023,pb_ratio,ebitda_growth_pct,0.38961248823551037
test_2023,pb_ratio,ebitda_margin,0.020911631103415665
test_2023,pb_ratio,enterprise_value,0.25613176929330406
test_2023,pb_ratio,equity,0.042890730372293247
test_2023,pb_ratio,ev_ebitda,0.21170128220165563
test_2023,pb_ratio,financial_debt_ratio,0.17071670958108531
test_2023,pb_ratio,gross_margin,0.115948636128535
test_2023,pb_ratio,gross_profit,0.10279570658294236
test_2023,pb_ratio,gross_profit_growth_pct,0.50170592617812537
test_2023,pb_ratio,leverage_ratio,0.10947103225398597
test_2023,pb_ratio,long_term_liabilities,0.12589364995475716
test_2023,pb_ratio,market_cap,0.70450194690225021
test_2023,pb_ratio,net_debt,0.15301168826702677
test_2023,pb_ratio,net_debt_to_ebitda,0.021185677242076654
test_2023,pb_ratio,net_income,0.19009670704311105
test_2023,pb_ratio,net_income_growth_pct,0.044409771656671863
test_2023,pb_ratio,net_margin,0.16098705889095558
test_2023,pb_ratio,non_current_assets,0.047784801304634618
test_2023,pb_ratio,operating_income,0.14567494378556664
test_2023,pb_ratio,operating_income_growth_pct,0.35283476528901003
test_2023,pb_ratio,pb_ratio,1
test_2023,pb_ratio,pe_ratio,0.66752161413541367
test_2023,pb_ratio,price_adjclose_t,0.67167415916891526
test_2023,pb_ratio,price_drawdown_from_3y_high_pct,0.087679186626249156
test_2023,pb_ratio,price_history_years_available,0.12010874764721809
test_2023,pb_ratio,revenue,0.060414044713810684
test_2023,pb_ratio,revenue_growth_pct,0.33836183912122086
test_2023,pb_ratio,roa,-0.017739916650474585
test_2023,pb_ratio,roe,0.020911030347276961
test_2023,pb_ratio,short_term_liabilities,0.051099858264152816
test_2023,pb_ratio,total_assets,0.11750568346376566
test_2023,pb_ratio,working_capital,0.051710526651432547
test_2023,pe_ratio,current_assets,-0.024317488006977719
test_2023,pe_ratio,current_ratio,-0.083933711295246405
test_2023,pe_ratio,ebitda,-0.22086671122010579
test_2023,pe_ratio,ebitda_growth_pct,0.29726439607466981
test_2023,pe_ratio,ebitda_margin,-0.082941691626081837
test_2023,pe_ratio,enterprise_value,0.13158307893589183
test_2023,pe_ratio,equity,-0.0038290449193196701
test_2023,pe_ratio,ev_ebitda,0.22142171827300486
test_2023,pe_ratio,financial_debt_ratio,0.13458351504579155
test_2023,pe_ratio,gross_margin,0.06320073157666839
test_2023,pe_ratio,gross_profit,-0.17695332505627578
test_2023,pe_ratio,gross_profit_growth_pct,0.33825222692372459
test_2023,pe_ratio,leverage_ratio,0.06080244221543829
test_2023,pe_ratio,long_term_liabilities,0.0094897514173571795
test_2023,pe_ratio,market_cap,0.47378107283035342
test_2023,pe_ratio,net_debt,0.047727867422590456
test_2023,pe_ratio,net_debt_to_ebitda,-0.088779309733782383
test_2023,pe_ratio,net_income,-0.22479720889664204
test_2023,pe_ratio,net_income_growth_pct,-0.019245207419876609
test_2023,pe_ratio,net_margin,-0.045684227918152159
test_2023,pe_ratio,non_current_assets,-0.035935455734845134
test_2023,pe_ratio,operating_income,-0.20614042738770175
test_2023,pe_ratio,operating_income_growth_pct,0.29744242206587568
test_2023,pe_ratio,pb_ratio,0.66752161413541367
test_2023,pe_ratio,pe_ratio,1
test_2023,pe_ratio,price_adjclose_t,0.55221107719145257
test_2023,pe_ratio,price_drawdown_from_3y_high_pct,-0.11560144610991552
test_2023,pe_ratio,price_history_years_available,0.090064666403212007
test_2023,pe_ratio,revenue,-0.17897714420407246
test_2023,pe_ratio,revenue_growth_pct,0.22685093507953913
test_2023,pe_ratio,roa,-0.39158307893589189
test_2023,pe_ratio,roe,-0.3206018316615788
test_2023,pe_ratio,short_term_liabilities,-0.11633667684256428
test_2023,pe_ratio,total_assets,-0.048085477540340107
test_2023,pe_ratio,working_capital,-0.13462712603576102
test_2023,price_adjclose_t,current_assets,0.36023549934583537
test_2023,price_adjclose_t,current_ratio,0.08083733100741386
test_2023,price_adjclose_t,ebitda,0.11093494871780427
test_2023,price_adjclose_t,ebitda_growth_pct,0.35844482545835371
test_2023,price_adjclose_t,ebitda_margin,-0.26956049778476593
test_2023,price_adjclose_t,enterprise_value,0.32047099869167039
test_2023,price_adjclose_t,equity,0.257278674225905
test_2023,price_adjclose_t,ev_ebitda,0.11986916703009161
test_2023,price_adjclose_t,financial_debt_ratio,0.080915830789358906
test_2023,price_adjclose_t,gross_margin,-0.094325674332438297
test_2023,price_adjclose_t,gross_profit,0.18647050906595766
test_2023,price_adjclose_t,gross_profit_growth_pct,0.43465616404536628
test_2023,price_adjclose_t,leverage_ratio,0.054906236371565678
test_2023,price_adjclose_t,long_term_liabilities,0.21378107283035333
test_2023,price_adjclose_t,market_cap,0.64249454862625399
test_2023,price_adjclose_t,net_debt,0.2386131705189708
test_2023,price_adjclose_t,net_debt_to_ebitda,-0.21159432729172117
test_2023,price_adjclose_t,net_income,0.22268643698211957
test_2023,price_adjclose_t,net_income_growth_pct,-0.23401994847386337
test_2023,price_adjclose_t,net_margin,-0.094063973580568033
test_2023,price_adjclose_t,non_current_assets,0.20355865678150897
test_2023,price_adjclose_t,operating_income,0.1518447448757087
test_2023,price_adjclose_t,operating_income_growth_pct,0.27525132470014468
test_2023,price_adjclose_t,pb_ratio,0.67167415916891526
test_2023,price_adjclose_t,pe_ratio,0.55221107719145257
test_2023,price_adjclose_t,price_adjclose_t,1
test_2023,price_adjclose_t,price_drawdown_from_3y_high_pct,0.012754625402670134
test_2023,price_adjclose_t,price_history_years_available,0.13509699960481797
test_2023,price_adjclose_t,revenue,0.21716800726033936
test_2023,price_adjclose_t,revenue_growth_pct,0.3090598646003842
test_2023,price_adjclose_t,roa,-0.025695595290013157
test_2023,price_adjclose_t,roe,0.046934147405146114
test_2023,price_adjclose_t,short_term_liabilities,0.22973397296118631
test_2023,price_adjclose_t,total_assets,0.2484081988661142
test_2023,price_adjclose_t,working_capital,0.14307021369385087
test_2023,price_drawdown_from_3y_high_pct,current_assets,-0.055270043411570796
test_2023,price_drawdown_from_3y_high_pct,current_ratio,-0.0014171806002966664
test_2023,price_drawdown_from_3y_high_pct,ebitda,-0.019033242765271848
test_2023,price_drawdown_from_3y_high_pct,ebitda_growth_pct,-0.21590127474772833
test_2023,price_drawdown_from_3y_high_pct,ebitda_margin,0.39868569154064176
test_2023,price_drawdown_from_3y_high_pct,enterprise_value,0.20994518321538069
test_2023,price_drawdown_from_3y_high_pct,equity,0.086043107875156011
test_2023,price_drawdown_from_3y_high_pct,ev_ebitda,0.10770572562254827
test_2023,price_drawdown_from_3y_high_pct,financial_debt_ratio,0.34943624515886884
test_2023,price_drawdown_from_3y_high_pct,gross_margin,0.32295768309158129
test_2023,price_drawdown_from_3y_high_pct,gross_profit,-0.15651804954845913
test_2023,price_drawdown_from_3y_high_pct,gross_profit_growth_pct,-0.13177073106668852
test_2023,price_drawdown_from_3y_high_pct,leverage_ratio,-0.045147324838023035
test_2023,price_drawdown_from_3y_high_pct,long_term_liabilities,0.13726406385730772
test_2023,price_drawdown_from_3y_high_pct,market_cap,0.076730206787492067
test_2023,price_drawdown_from_3y_high_pct,net_debt,0.22350962610393466
test_2023,price_drawdown_from_3y_high_pct,net_debt_to_ebitda,0.070548022171088617
test_2023,price_drawdown_from_3y_high_pct,net_income,0.18281629743827263
test_2023,price_drawdown_from_3y_high_pct,net_income_growth_pct,0.081313223037117133
test_2023,price_drawdown_from_3y_high_pct,net_margin,0.43816954621328019
test_2023,price_drawdown_from_3y_high_pct,non_current_assets,0.13989597068643012
test_2023,price_drawdown_from_3y_high_pct,operating_income,0.033607425664178618
test_2023,price_drawdown_from_3y_high_pct,operating_income_growth_pct,-0.27595001398326507
test_2023,price_drawdown_from_3y_high_pct,pb_ratio,0.087679186626249156
test_2023,price_drawdown_from_3y_high_pct,pe_ratio,-0.11560144610991552
test_2023,price_drawdown_from_3y_high_pct,price_adjclose_t,0.012754625402670134
test_2023,price_drawdown_from_3y_high_pct,price_drawdown_from_3y_high_pct,1
test_2023,price_drawdown_from_3y_high_pct,price_history_years_available,-0.097557900037101797
test_2023,price_drawdown_from_3y_high_pct,revenue,-0.24176267938015542
test_2023,price_drawdown_from_3y_high_pct,revenue_growth_pct,-0.13343518066291662
test_2023,price_drawdown_from_3y_high_pct,roa,0.24577960696573967
test_2023,price_drawdown_from_3y_high_pct,roe,-0.094141282733994219
test_2023,price_drawdown_from_3y_high_pct,short_term_liabilities,-0.084625927274859333
test_2023,price_drawdown_from_3y_high_pct,total_assets,0.054257771554216051
test_2023,price_drawdown_from_3y_high_pct,working_capital,0.010932536059431562
test_2023,price_history_years_available,current_assets,0.22516166600802995
test_2023,price_history_years_available,current_ratio,-0.1501077773386866
test_2023,price_history_years_available,ebitda,0.21017884676182605
test_2023,price_history_years_available,ebitda_growth_pct,0.19540019230014122
test_2023,price_history_years_available,ebitda_margin,-0.13511497291831673
test_2023,price_history_years_available,enterprise_value,0.12008622187094929
test_2023,price_history_years_available,equity,0.21015088827416131
test_2023,price_history_years_available,ev_ebitda,0.030021555467737323
test_2023,price_history_years_available,financial_debt_ratio,0.075053888669343302
test_2023,price_history_years_available,gross_margin,-0.13511497291831676
test_2023,price_history_years_available,gross_profit,0.21017884676182602
test_2023,price_history_years_available,gross_profit_growth_pct,0.19540019230014119
test_2023,price_history_years_available,leverage_ratio,0.16511855507255535
test_2023,price_history_years_available,long_term_liabilities,0.22516166600802995
test_2023,price_history_years_available,market_cap,0.22516166600802998
test_2023,price_history_years_available,net_debt,0.1050754441370806
test_2023,price_history_years_available,net_debt_to_ebitda,0.090184704138526695
test_2023,price_history_years_available,net_income,0.22516166600802998
test_2023,price_history_years_available,net_income_growth_pct,-0.045789022301845943
test_2023,price_history_years_available,net_margin,-0.1801532972244223
test_2023,price_history_years_available,non_current_assets,0.21015088827416131
test_2023,price_history_years_available,operating_income,0.21015088827416126
test_2023,price_history_years_available,operating_income_growth_pct,0.19658574008028978
test_2023,price_history_years_available,pb_ratio,0.12010874764721809
test_2023,price_history_years_available,pe_ratio,0.090064666403212007
test_2023,price_history_years_available,price_adjclose_t,0.13509699960481797
test_2023,price_history_years_available,price_drawdown_from_3y_high_pct,-0.097557900037101797
test_2023,price_history_years_available,price_history_years_available,1
test_2023,price_history_years_available,revenue,0.21017884676182605
test_2023,price_history_years_available,revenue_growth_pct,0.1801532972244223
test_2023,price_history_years_available,roa,-0.15010777733868666
test_2023,price_history_years_available,roe,0.075053888669343302
test_2023,price_history_years_available,short_term_liabilities,0.22516166600802998
test_2023,price_history_years_available,total_assets,0.21015088827416134
test_2023,price_history_years_available,working_capital,0.090064666403211993
test_2023,revenue,current_assets,0.80397524149983091
test_2023,revenue,current_ratio,-0.0094735672177034946
test_2023,revenue,ebitda,0.85237241481597759
test_2023,revenue,ebitda_growth_pct,0.1321210132573086
test_2023,revenue,ebitda_margin,-0.40941113859334566
test_2023,revenue,enterprise_value,0.35251527444844122
test_2023,revenue,equity,0.62742319092975651
test_2023,revenue,ev_ebitda,-0.28450797239575565
test_2023,revenue,financial_debt_ratio,-0.12444743087270542
test_2023,revenue,gross_margin,-0.33378700831882879
test_2023,revenue,gross_profit,0.94777502955430792
test_2023,revenue,gross_profit_growth_pct,0.10802119007282449
test_2023,revenue,leverage_ratio,0.16036585906689896
test_2023,revenue,long_term_liabilities,0.64166843518989436
test_2023,revenue,market_cap,0.43553983797928209
test_2023,revenue,net_debt,0.31992480748219793
test_2023,revenue,net_debt_to_ebitda,0.078121336951951295
test_2023,revenue,net_income,0.68349257701796007
test_2023,revenue,net_income_growth_pct,-0.29832709604573882
test_2023,revenue,net_margin,-0.53445966873001516
test_2023,revenue,non_current_assets,0.61162955055438573
test_2023,revenue,operating_income,0.79209402736492074
test_2023,revenue,operating_income_growth_pct,0.27324254123943226
test_2023,revenue,pb_ratio,0.060414044713810684
test_2023,revenue,pe_ratio,-0.17897714420407246
test_2023,revenue,price_adjclose_t,0.21716800726033936
test_2023,revenue,price_drawdown_from_3y_high_pct,-0.24176267938015542
test_2023,revenue,price_history_years_available,0.21017884676182605
test_2023,revenue,revenue,1
test_2023,revenue,revenue_growth_pct,-0.036516474072910858
test_2023,revenue,roa,-0.15945862979374872
test_2023,revenue,roe,0.16554317227473228
test_2023,revenue,short_term_liabilities,0.86632544563292091
test_2023,revenue,total_assets,0.76674830954628603
test_2023,revenue,working_capital,0.38327819783079065
test_2023,revenue_growth_pct,current_assets,0.15087484513240412
test_2023,revenue_growth_pct,current_ratio,0.50868519812702029
test_2023,revenue_growth_pct,ebitda,0.11472306195717136
test_2023,revenue_growth_pct,ebitda_growth_pct,0.53613153226012089
test_2023,revenue_growth_pct,ebitda_margin,0.2079358224385903
test_2023,revenue_growth_pct,enterprise_value,-0.27608993154392886
test_2023,revenue_growth_pct,equity,-0.0053168869421642024
test_2023,revenue_growth_pct,ev_ebitda,-0.20558774899008028
test_2023,revenue_growth_pct,financial_debt_ratio,-0.37542717527468278
test_2023,revenue_growth_pct,gross_margin,0.025645723458922805
test_2023,revenue_growth_pct,gross_profit,-0.015516556955840878
test_2023,revenue_growth_pct,gross_profit_growth_pct,0.73292200580968336
test_2023,revenue_growth_pct,leverage_ratio,-0.15195654157346797
test_2023,revenue_growth_pct,long_term_liabilities,-0.11482992824147331
test_2023,revenue_growth_pct,market_cap,0.3367826975818406
test_2023,revenue_growth_pct,net_debt,-0.36318394176635221
test_2023,revenue_growth_pct,net_debt_to_ebitda,-0.29493239576386876
test_2023,revenue_growth_pct,net_income,0.16182702159817464
test_2023,revenue_growth_pct,net_income_growth_pct,0.286255108957917
test_2023,revenue_growth_pct,net_margin,0.2262485877184946
test_2023,revenue_growth_pct,non_current_assets,-0.16409509478105019
test_2023,revenue_growth_pct,operating_income,0.11853735555963534
test_2023,revenue_growth_pct,operating_income_growth_pct,0.42271294069496085
test_2023,revenue_growth_pct,pb_ratio,0.33836183912122086
test_2023,revenue_growth_pct,pe_ratio,0.22685093507953913
test_2023,revenue_growth_pct,price_adjclose_t,0.3090598646003842
test_2023,revenue_growth_pct,price_drawdown_from_3y_high_pct,-0.13343518066291662
test_2023,revenue_growth_pct,price_history_years_available,0.1801532972244223
test_2023,revenue_growth_pct,revenue,-0.036516474072910858
test_2023,revenue_growth_pct,revenue_growth_pct,1
test_2023,revenue_growth_pct,roa,0.20389541746131923
test_2023,revenue_growth_pct,roe,0.22319584791175109
test_2023,revenue_growth_pct,short_term_liabilities,-0.075553007064944777
test_2023,revenue_growth_pct,total_assets,-0.046268692930662408
test_2023,revenue_growth_pct,working_capital,0.47171560524614797
test_2023,roa,current_assets,-0.072629742695159219
test_2023,roa,current_ratio,0.2542520715220235
test_2023,roa,ebitda,-0.0058315650875090021
test_2023,roa,ebitda_growth_pct,-0.049691085364520937
test_2023,roa,ebitda_margin,0.23444461856297458
test_2023,roa,enterprise_value,-0.091242913214129931
test_2023,roa,equity,-0.09400784997819453
test_2023,roa,ev_ebitda,-0.094932402965547322
test_2023,roa,financial_debt_ratio,-0.035691234191016101
test_2023,roa,gross_margin,-0.053932163281263358
test_2023,roa,gross_profit,-0.15398908407966028
test_2023,roa,gross_profit_growth_pct,0.029402414778040148
test_2023,roa,leverage_ratio,-0.073510684692542544
test_2023,roa,long_term_liabilities,-0.25579590056694301
test_2023,roa,market_cap,-0.076764064544265195
test_2023,roa,net_debt,-0.091208024422154352
test_2023,roa,net_debt_to_ebitda,-0.079412284678250525
test_2023,roa,net_income,0.19402529437418237
test_2023,roa,net_income_growth_pct,0.12197204499795526
test_2023,roa,net_margin,0.57989833439011662
test_2023,roa,non_current_assets,-0.23487134757959016
test_2023,roa,operating_income,0.094976013955516844
test_2023,roa,operating_income_growth_pct,-0.027647708517629547
test_2023,roa,pb_ratio,-0.017739916650474585
test_2023,roa,pe_ratio,-0.39158307893589189
test_2023,roa,price_adjclose_t,-0.025695595290013157
test_2023,roa,price_drawdown_from_3y_high_pct,0.24577960696573967
test_2023,roa,price_history_years_available,-0.15010777733868666
test_2023,roa,revenue,-0.15945862979374872
test_2023,roa,revenue_growth_pct,0.20389541746131923
test_2023,roa,roa,1
test_2023,roa,roe,0.65603139991277826
test_2023,roa,short_term_liabilities,-0.14375926733536859
test_2023,roa,total_assets,-0.20792847797645009
test_2023,roa,working_capital,0.23021369385085041
test_2023,roe,current_assets,0.0011077191452245978
test_2023,roe,current_ratio,-0.032908853030963837
test_2023,roe,ebitda,0.11571534911863438
test_2023,roe,ebitda_growth_pct,-0.09230340727215737
test_2023,roe,ebitda_margin,-0.16728784395386742
test_2023,roe,enterprise_value,-0.035883122546881786
test_2023,roe,equity,-0.17353685128652421
test_2023,roe,ev_ebitda,0.028329699084169237
test_2023,roe,financial_debt_ratio,-0.0062799825556039872
test_2023,roe,gross_margin,-0.29764098846044501
test_2023,roe,gross_profit,0.091045691575664264
test_2023,roe,gross_profit_growth_pct,0.011192394040712383
test_2023,roe,leverage_ratio,0.29786306149149588
test_2023,roe,long_term_liabilities,-0.16360226777147843
test_2023,roe,market_cap,-0.092429132141299664
test_2023,roe,net_debt,-0.022049716528565213
test_2023,roe,net_debt_to_ebitda,0.14334386827404857
test_2023,roe,net_income,0.08348015699956389
test_2023,roe,net_income_growth_pct,-0.016841773682186943
test_2023,roe,net_margin,0.026798156991514874
test_2023,roe,non_current_assets,-0.24117749672917582
test_2023,roe,operating_income,0.13559529001308324
test_2023,roe,operating_income_growth_pct,0.053327170822658136
test_2023,roe,pb_ratio,0.020911030347276961
test_2023,roe,pe_ratio,-0.3206018316615788
test_2023,roe,price_adjclose_t,0.046934147405146114
test_2023,roe,price_drawdown_from_3y_high_pct,-0.094141282733994219
test_2023,roe,price_history_years_available,0.075053888669343302
test_2023,roe,revenue,0.16554317227473228
test_2023,roe,revenue_growth_pct,0.22319584791175109
test_2023,roe,roa,0.65603139991277826
test_2023,roe,roe,1
test_2023,roe,short_term_liabilities,0.058456170955080669
test_2023,roe,total_assets,-0.17190580026166596
test_2023,roe,working_capital,0.096022677714784122
test_2023,short_term_liabilities,current_assets,0.90701264718709118
test_2023,short_term_liabilities,current_ratio,-0.15813344962930656
test_2023,short_term_liabilities,ebitda,0.77457316202720716
test_2023,short_term_liabilities,ebitda_growth_pct,0.10954834057952122
test_2023,short_term_liabilities,ebitda_margin,-0.29180506169373827
test_2023,short_term_liabilities,enterprise_value,0.53017880505887471
test_2023,short_term_liabilities,equity,0.77055385957261258
test_2023,short_term_liabilities,ev_ebitda,-0.075019624945486266
test_2023,short_term_liabilities,financial_debt_ratio,0.097714784125599599
test_2023,short_term_liabilities,gross_margin,-0.32247638981293292
test_2023,short_term_liabilities,gross_profit,0.83152796899257186
test_2023,short_term_liabilities,gross_profit_growth_pct,0.044437690892817024
test_2023,short_term_liabilities,leverage_ratio,0.22690798081116451
test_2023,short_term_liabilities,long_term_liabilities,0.78957697339729616
test_2023,short_term_liabilities,market_cap,0.51911905800261682
test_2023,short_term_liabilities,net_debt,0.48221543829044922
test_2023,short_term_liabilities,net_debt_to_ebitda,0.20551558655638297
test_2023,short_term_liabilities,net_income,0.70738770170082854
test_2023,short_term_liabilities,net_income_growth_pct,-0.10873098754271289
test_2023,short_term_liabilities,net_margin,-0.34684072981205433
test_2023,short_term_liabilities,non_current_assets,0.73929350196249477
test_2023,short_term_liabilities,operating_income,0.77160052333187978
test_2023,short_term_liabilities,operating_income_growth_pct,0.15073778471950902
test_2023,short_term_liabilities,pb_ratio,0.051099858264152816
test_2023,short_term_liabilities,pe_ratio,-0.11633667684256428
test_2023,short_term_liabilities,price_adjclose_t,0.22973397296118631
test_2023,short_term_liabilities,price_drawdown_from_3y_high_pct,-0.084625927274859333
test_2023,short_term_liabilities,price_history_years_available,0.22516166600802998
test_2023,short_term_liabilities,revenue,0.86632544563292091
test_2023,short_term_liabilities,revenue_growth_pct,-0.075553007064944777
test_2023,short_term_liabilities,roa,-0.14375926733536859
test_2023,short_term_liabilities,roe,0.058456170955080669
test_2023,short_term_liabilities,short_term_liabilities,1
test_2023,short_term_liabilities,total_assets,0.9049716528565197
test_2023,short_term_liabilities,working_capital,0.37564762320104678
test_2023,total_assets,current_assets,0.90146532926297451
test_2023,total_assets,current_ratio,0.0031399912778020417
test_2023,total_assets,ebitda,0.76814404688959415
test_2023,total_assets,ebitda_growth_pct,0.20565969463416051
test_2023,total_assets,ebitda_margin,-0.053003125612123808
test_2023,total_assets,enterprise_value,0.49610117749672927
test_2023,total_assets,equity,0.90747492368076765
test_2023,total_assets,ev_ebitda,-0.16998691670300911
test_2023,total_assets,financial_debt_ratio,0.064465765372873962
test_2023,total_assets,gross_margin,-0.16713082350274522
test_2023,total_assets,gross_profit,0.7834884343075873
test_2023,total_assets,gross_profit_growth_pct,0.15412140572721997
test_2023,total_assets,leverage_ratio,0.0037331007413868452
test_2023,total_assets,long_term_liabilities,0.88984736153510713
test_2023,total_assets,market_cap,0.66677714784125619
test_2023,total_assets,net_debt,0.43160924552987351
test_2023,total_assets,net_debt_to_ebitda,0.059734981694461856
test_2023,total_assets,net_income,0.79630178805058904
test_2023,total_assets,net_income_growth_pct,-0.051500884556324115
test_2023,total_assets,net_margin,-0.15028601844069597
test_2023,total_assets,non_current_assets,0.90401221107719154
test_2023,total_assets,operating_income,0.75839511556912309
test_2023,total_assets,operating_income_growth_pct,0.18909661883160558
test_2023,total_assets,pb_ratio,0.11750568346376566
test_2023,total_assets,pe_ratio,-0.048085477540340107
test_2023,total_assets,price_adjclose_t,0.2484081988661142
test_2023,total_assets,price_drawdown_from_3y_high_pct,0.054257771554216051
test_2023,total_assets,price_history_years_available,0.21015088827416134
test_2023,total_assets,revenue,0.76674830954628603
test_2023,total_assets,revenue_growth_pct,-0.046268692930662408
test_2023,total_assets,roa,-0.20792847797645009
test_2023,total_assets,roe,-0.17190580026166596
test_2023,total_assets,short_term_liabilities,0.9049716528565197
test_2023,total_assets,total_assets,1
test_2023,total_assets,working_capital,0.44776275621456607
test_2023,working_capital,current_assets,0.62264282599214993
test_2023,working_capital,current_ratio,0.73808983863933708
test_2023,working_capital,ebitda,0.48164278710042663
test_2023,working_capital,ebitda_growth_pct,0.27014587598382922
test_2023,working_capital,ebitda_margin,0.17383908610901963
test_2023,working_capital,enterprise_value,-0.17778456170955081
test_2023,working_capital,equity,0.47726995202791106
test_2023,working_capital,ev_ebitda,-0.55651112080244247
test_2023,working_capital,financial_debt_ratio,-0.38003488879197556
test_2023,working_capital,gross_margin,-0.09286015012196476
test_2023,working_capital,gross_profit,0.41755227296739944
test_2023,working_capital,gross_profit_growth_pct,0.43447275376455868
test_2023,working_capital,leverage_ratio,-0.37140863497601406
test_2023,working_capital,long_term_liabilities,0.2697426951591802
test_2023,working_capital,market_cap,0.46173571740078506
test_2023,working_capital,net_debt,-0.25040558220671622
test_2023,working_capital,net_debt_to_ebitda,-0.38070734001924011
test_2023,working_capital,net_income,0.5950545137374621
test_2023,working_capital,net_income_growth_pct,-0.035315399053432492
test_2023,working_capital,net_margin,0.19713917638386877
test_2023,working_capital,non_current_assets,0.28907108591365027
test_2023,working_capital,operating_income,0.4922721325774097
test_2023,working_capital,operating_income_growth_pct,0.37750786621418042
test_2023,working_capital,pb_ratio,0.051710526651432547
test_2023,working_capital,pe_ratio,-0.13462712603576102
test_2023,working_capital,price_adjclose_t,0.14307021369385087
test_2023,working_capital,price_drawdown_from_3y_high_pct,0.010932536059431562
test_2023,working_capital,price_history_years_available,0.090064666403211993
test_2023,working_capital,revenue,0.38327819783079065
test_2023,working_capital,revenue_growth_pct,0.47171560524614797
test_2023,working_capital,roa,0.23021369385085041
test_2023,working_capital,roe,0.096022677714784122
test_2023,working_capital,short_term_liabilities,0.37564762320104678
test_2023,working_capital,total_assets,0.44776275621456607
test_2023,working_capital,working_capital,1
test_2024,current_assets,current_assets,1
test_2024,current_assets,current_ratio,0.14179981117530377
test_2024,current_assets,ebitda,0.80333363608231412
test_2024,current_assets,ebitda_growth_pct,0.26938970864771578
test_2024,current_assets,ebitda_margin,-0.28007793066651621
test_2024,current_assets,enterprise_value,0.34248579483936903
test_2024,current_assets,equity,0.80860323860339034
test_2024,current_assets,ev_ebitda,-0.22569644264666403
test_2024,current_assets,financial_debt_ratio,-0.041165429489567022
test_2024,current_assets,gross_margin,-0.32476213214430855
test_2024,current_assets,gross_profit,0.81671977149502106
test_2024,current_assets,gross_profit_growth_pct,0.28063609358409203
test_2024,current_assets,leverage_ratio,0.066686971095962805
test_2024,current_assets,long_term_liabilities,0.72092045543130856
test_2024,current_assets,market_cap,0.63070224597448266
test_2024,current_assets,net_debt,0.29003847952811157
test_2024,current_assets,net_debt_to_ebitda,-0.02860644230006083
test_2024,current_assets,net_income,0.71956903794683469
test_2024,current_assets,net_income_growth_pct,-0.090097299443145443
test_2024,current_assets,net_margin,-0.33979001857280666
test_2024,current_assets,non_current_assets,0.68918965621778938
test_2024,current_assets,operating_income,0.82005900771755968
test_2024,current_assets,operating_income_growth_pct,0.23943414262531432
test_2024,current_assets,pb_ratio,0.10015320950270934
test_2024,current_assets,pe_ratio,0.017432114057045839
test_2024,current_assets,price_adjclose_t,0.30739352625789296
test_2024,current_assets,price_drawdown_from_3y_high_pct,-0.044062382145965105
test_2024,current_assets,price_history_years_available,0.30091169602346851
test_2024,current_assets,revenue,0.8222733070286633
test_2024,current_assets,revenue_growth_pct,0.17488781499122674
test_2024,current_assets,roa,-0.19902571220691032
test_2024,current_assets,roe,-0.064339806497994825
test_2024,current_assets,short_term_liabilities,0.9117896120432043
test_2024,current_assets,total_assets,0.90546244727200298
test_2024,current_assets,working_capital,0.6196041177642464
test_2024,current_ratio,current_assets,0.14179981117530377
test_2024,current_ratio,current_ratio,1
test_2024,current_ratio,ebitda,0.1428413259037796
test_2024,current_ratio,ebitda_growth_pct,0.29236426513990765
test_2024,current_ratio,ebitda_margin,0.36667177483854807
test_2024,current_ratio,enterprise_value,-0.49498178881083754
test_2024,current_ratio,equity,0.049631835150843226
test_2024,current_ratio,ev_ebitda,-0.74112508769954344
test_2024,current_ratio,financial_debt_ratio,-0.65252007345107454
test_2024,current_ratio,gross_margin,0.22576878843938983
test_2024,current_ratio,gross_profit,0.029720050713597113
test_2024,current_ratio,gross_profit_growth_pct,0.43179576471772718
test_2024,current_ratio,leverage_ratio,-0.68170195580809179
test_2024,current_ratio,long_term_liabilities,-0.18216806264129368
test_2024,current_ratio,market_cap,0.11739714251067555
test_2024,current_ratio,net_debt,-0.56283955964002041
test_2024,current_ratio,net_debt_to_ebitda,-0.68722442510032811
test_2024,current_ratio,net_income,0.1896517353682515
test_2024,current_ratio,net_income_growth_pct,0.0051752122625108492
test_2024,current_ratio,net_margin,0.29064461295924521
test_2024,current_ratio,non_current_assets,-0.085123753800313548
test_2024,current_ratio,operating_income,0.14389251717178714
test_2024,current_ratio,operating_income_growth_pct,0.25357972563864128
test_2024,current_ratio,pb_ratio,-0.035211167807514168
test_2024,current_ratio,pe_ratio,-0.11205485444041195
test_2024,current_ratio,price_adjclose_t,-0.020487955929355334
test_2024,current_ratio,price_drawdown_from_3y_high_pct,-0.0011298046704093583
test_2024,current_ratio,price_history_years_available,-0.21368172779149786
test_2024,current_ratio,revenue,-0.034161081634518066
test_2024,current_ratio,revenue_growth_pct,0.43366192119674052
test_2024,current_ratio,roa,0.25002273691869276
test_2024,current_ratio,roe,-0.015068903690743285
test_2024,current_ratio,short_term_liabilities,-0.16737414574148338
test_2024,current_ratio,total_assets,-0.0088449861846151157
test_2024,current_ratio,working_capital,0.73037169448510619
test_2024,ebitda,current_assets,0.80333363608231412
test_2024,ebitda,current_ratio,0.1428413259037796
test_2024,ebitda,ebitda,1
test_2024,ebitda,ebitda_growth_pct,0.25578764136376936
test_2024,ebitda,ebitda_margin,-0.058082137905813486
test_2024,ebitda,enterprise_value,0.36319727155269527
test_2024,ebitda,equity,0.71839944218755702
test_2024,ebitda,ev_ebitda,-0.33545205188104554
test_2024,ebitda,financial_debt_ratio,-0.067243562218144912
test_2024,ebitda,gross_margin,-0.1469305371059873
test_2024,ebitda,gross_profit,0.89974948873212623
test_2024,ebitda,gross_profit_growth_pct,0.2562394868377168
test_2024,ebitda,leverage_ratio,0.040161189123905448
test_2024,ebitda,long_term_liabilities,0.73177622190642166
test_2024,ebitda,market_cap,0.47527489960370412
test_2024,ebitda,net_debt,0.33271649681186904
test_2024,ebitda,net_debt_to_ebitda,0.030731454680698194
test_2024,ebitda,net_income,0.80174088334735394
test_2024,ebitda,net_income_growth_pct,-0.14725775974518981
test_2024,ebitda,net_margin,-0.2894347914310485
test_2024,ebitda,non_current_assets,0.70934737526084335
test_2024,ebitda,operating_income,0.96354761918389942
test_2024,ebitda,operating_income_growth_pct,0.25262578719119677
test_2024,ebitda,pb_ratio,-0.0055729328262874118
test_2024,ebitda,pe_ratio,-0.19092630043666728
test_2024,ebitda,price_adjclose_t,0.091274636404368711
test_2024,ebitda,price_drawdown_from_3y_high_pct,-0.015173407596156407
test_2024,ebitda,price_history_years_available,0.26127006560369331
test_2024,ebitda,revenue,0.86341388093482208
test_2024,ebitda,revenue_growth_pct,0.11354200857727724
test_2024,ebitda,roa,-0.12948428626578912
test_2024,ebitda,roe,0.024145107533280124
test_2024,ebitda,short_term_liabilities,0.80456141930226754
test_2024,ebitda,total_assets,0.81673823383067123
test_2024,ebitda,working_capital,0.51892488543461079
test_2024,ebitda_growth_pct,current_assets,0.26938970864771578
test_2024,ebitda_growth_pct,current_ratio,0.29236426513990765
test_2024,ebitda_growth_pct,ebitda,0.25578764136376936
test_2024,ebitda_growth_pct,ebitda_growth_pct,1
test_2024,ebitda_growth_pct,ebitda_margin,0.12256758374950595
test_2024,ebitda_growth_pct,enterprise_value,-0.034016084288136003
test_2024,ebitda_growth_pct,equity,0.27575832789458948
test_2024,ebitda_growth_pct,ev_ebitda,-0.23658200941478039
test_2024,ebitda_growth_pct,financial_debt_ratio,-0.40907682709879151
test_2024,ebitda_growth_pct,gross_margin,0.10157970839096071
test_2024,ebitda_growth_pct,gross_profit,0.21352598563985509
test_2024,ebitda_growth_pct,gross_profit_growth_pct,0.90920149554430629
test_2024,ebitda_growth_pct,leverage_ratio,-0.36246897142228957
test_2024,ebitda_growth_pct,long_term_liabilities,0.07444973934683434
test_2024,ebitda_growth_pct,market_cap,0.52807611677886235
test_2024,ebitda_growth_pct,net_debt,-0.18411552568671596
test_2024,ebitda_growth_pct,net_debt_to_ebitda,-0.41821273274552057
test_2024,ebitda_growth_pct,net_income,0.23222454335704376
test_2024,ebitda_growth_pct,net_income_growth_pct,0.35013147415380624
test_2024,ebitda_growth_pct,net_margin,-0.011209236817036575
test_2024,ebitda_growth_pct,non_current_assets,0.19388033574248756
test_2024,ebitda_growth_pct,operating_income,0.2571183442763364
test_2024,ebitda_growth_pct,operating_income_growth_pct,0.66610108985483441
test_2024,ebitda_growth_pct,pb_ratio,0.32573653061640767
test_2024,ebitda_growth_pct,pe_ratio,0.32724198729739934
test_2024,ebitda_growth_pct,price_adjclose_t,0.34697337527031097
test_2024,ebitda_growth_pct,price_drawdown_from_3y_high_pct,-0.17208970915576072
test_2024,ebitda_growth_pct,price_history_years_available,0.25454604042033252
test_2024,ebitda_growth_pct,revenue,0.15780042971536026
test_2024,ebitda_growth_pct,revenue_growth_pct,0.56367836703579022
test_2024,ebitda_growth_pct,roa,-0.19662880770771518
test_2024,ebitda_growth_pct,roe,-0.2740089938159872
test_2024,ebitda_growth_pct,short_term_liabilities,0.14771784571120131
test_2024,ebitda_growth_pct,total_assets,0.23007075219177325
test_2024,ebitda_growth_pct,working_capital,0.27129205417635976
test_2024,ebitda_margin,current_assets,-0.28007793066651621
test_2024,ebitda_margin,current_ratio,0.36667177483854807
test_2024,ebitda_margin,ebitda,-0.058082137905813486
test_2024,ebitda_margin,ebitda_growth_pct,0.12256758374950595
test_2024,ebitda_margin,ebitda_margin,1
test_2024,ebitda_margin,enterprise_value,-0.11526185577570519
test_2024,ebitda_margin,equity,-0.053938011381336942
test_2024,ebitda_margin,ev_ebitda,-0.20496821151465586
test_2024,ebitda_margin,financial_debt_ratio,-0.016198918269482616
test_2024,ebitda_margin,gross_margin,0.71657962975543332
test_2024,ebitda_margin,gross_profit,-0.30397319744617801
test_2024,ebitda_margin,gross_profit_growth_pct,0.19302534019928241
test_2024,ebitda_margin,leverage_ratio,-0.36187201153184906
test_2024,ebitda_margin,long_term_liabilities,-0.054594620829518749
test_2024,ebitda_margin,market_cap,-0.019359615991030789
test_2024,ebitda_margin,net_debt,-0.14803102889909767
test_2024,ebitda_margin,net_debt_to_ebitda,-0.19156898412994217
test_2024,ebitda_margin,net_income,0.014337189336547061
test_2024,ebitda_margin,net_income_growth_pct,0.38493169376420738
test_2024,ebitda_margin,net_margin,0.73846392313829445
test_2024,ebitda_margin,non_current_assets,-0.020335672573531194
test_2024,ebitda_margin,operating_income,-0.012469244931081751
test_2024,ebitda_margin,operating_income_growth_pct,-0.020927768801128999
test_2024,ebitda_margin,pb_ratio,-0.0034017415891885944
test_2024,ebitda_margin,pe_ratio,-0.074275394834066172
test_2024,ebitda_margin,price_adjclose_t,-0.30123858269234843
test_2024,ebitda_margin,price_drawdown_from_3y_high_pct,0.31783446337055349
test_2024,ebitda_margin,price_history_years_available,-0.23940723544910872
test_2024,ebitda_margin,revenue,-0.48552585138510351
test_2024,ebitda_margin,revenue_growth_pct,0.14549156553801607
test_2024,ebitda_margin,roa,0.24298416386281602
test_2024,ebitda_margin,roe,-0.14109879544054268
test_2024,ebitda_margin,short_term_liabilities,-0.36946368063776736
test_2024,ebitda_margin,total_assets,-0.14332307916657866
test_2024,ebitda_margin,working_capital,0.1392323886606858
test_2024,enterprise_value,current_assets,0.34248579483936903
test_2024,enterprise_value,current_ratio,-0.49498178881083754
test_2024,enterprise_value,ebitda,0.36319727155269527
test_2024,enterprise_value,ebitda_growth_pct,-0.034016084288136003
test_2024,enterprise_value,ebitda_margin,-0.11526185577570519
test_2024,enterprise_value,enterprise_value,1
test_2024,enterprise_value,equity,0.41487295476002817
test_2024,enterprise_value,ev_ebitda,0.5861422161782921
test_2024,enterprise_value,financial_debt_ratio,0.69960911988635854
test_2024,enterprise_value,gross_margin,-0.097092123781885836
test_2024,enterprise_value,gross_profit,0.318692755704098
test_2024,enterprise_value,gross_profit_growth_pct,-0.032590983596729267
test_2024,enterprise_value,leverage_ratio,0.44546946323548514
test_2024,enterprise_value,long_term_liabilities,0.68876921810984748
test_2024,enterprise_value,market_cap,0.44147131683571395
test_2024,enterprise_value,net_debt,0.94469636469151419
test_2024,enterprise_value,net_debt_to_ebitda,0.54437758118341661
test_2024,enterprise_value,net_income,0.37149970550276751
test_2024,enterprise_value,net_income_growth_pct,-0.04626421561967986
test_2024,enterprise_value,net_margin,-0.11629773898839132
test_2024,enterprise_value,non_current_assets,0.55616484482594342
test_2024,enterprise_value,operating_income,0.40128078145706825
test_2024,enterprise_value,operating_income_growth_pct,-0.094951344603480786
test_2024,enterprise_value,pb_ratio,0.27277885129359397
test_2024,enterprise_value,pe_ratio,0.18289990991849359
test_2024,enterprise_value,price_adjclose_t,0.32865029319798017
test_2024,enterprise_value,price_drawdown_from_3y_high_pct,0.16737249188778694
test_2024,enterprise_value,price_history_years_available,0.16702320310044261
test_2024,enterprise_value,revenue,0.32496743764807717
test_2024,enterprise_value,revenue_growth_pct,-0.16554022075391928
test_2024,enterprise_value,roa,-0.15774854700262453
test_2024,enterprise_value,roe,-0.095888818633013115
test_2024,enterprise_value,short_term_liabilities,0.49786457025058228
test_2024,enterprise_value,total_assets,0.46682722540298488
test_2024,enterprise_value,working_capital,-0.18339594286753694
test_2024,equity,current_assets,0.80860323860339034
test_2024,equity,current_ratio,0.049631835150843226
test_2024,equity,ebitda,0.71839944218755702
test_2024,equity,ebitda_growth_pct,0.27575832789458948
test_2024,equity,ebitda_margin,-0.053938011381336942
test_2024,equity,enterprise_value,0.41487295476002817
test_2024,equity,equity,1
test_2024,equity,ev_ebitda,-0.20610865215545995
test_2024,equity,financial_debt_ratio,0.0011659058821491413
test_2024,equity,gross_margin,-0.21884264051317232
test_2024,equity,gross_profit,0.66453940574992454
test_2024,equity,gross_profit_growth_pct,0.22896084468145994
test_2024,equity,leverage_ratio,-0.12801482880182941
test_2024,equity,long_term_liabilities,0.79889910005110409
test_2024,equity,market_cap,0.63005913764280963
test_2024,equity,net_debt,0.37438369957817608
test_2024,equity,net_debt_to_ebitda,-0.1197384837027507
test_2024,equity,net_income,0.77575057816736115
test_2024,equity,net_income_growth_pct,-0.075370616878707969
test_2024,equity,net_margin,-0.12581330258089179
test_2024,equity,non_current_assets,0.90036981056898624
test_2024,equity,operating_income,0.76723196420992446
test_2024,equity,operating_income_growth_pct,0.23098942192359462
test_2024,equity,pb_ratio,-0.038037465476427737
test_2024,equity,pe_ratio,-0.0034080259157564727
test_2024,equity,price_adjclose_t,0.21601387168582348
test_2024,equity,price_drawdown_from_3y_high_pct,0.068595283560568418
test_2024,equity,price_history_years_available,0.2612400206247924
test_2024,equity,revenue,0.6535419825482075
test_2024,equity,revenue_growth_pct,0.027989236524362145
test_2024,equity,roa,-0.14829977652857057
test_2024,equity,roe,-0.16693231327576197
test_2024,equity,short_term_liabilities,0.78109033269525607
test_2024,equity,total_assets,0.91293605079211093
test_2024,equity,working_capital,0.47507847485080251
test_2024,ev_ebitda,current_assets,-0.22569644264666403
test_2024,ev_ebitda,current_ratio,-0.74112508769954344
test_2024,ev_ebitda,ebitda,-0.33545205188104554
test_2024,ev_ebitda,ebitda_growth_pct,-0.23658200941478039
test_2024,ev_ebitda,ebitda_margin,-0.20496821151465586
test_2024,ev_ebitda,enterprise_value,0.5861422161782921
test_2024,ev_ebitda,equity,-0.20610865215545995
test_2024,ev_ebitda,ev_ebitda,1
test_2024,ev_ebitda,financial_debt_ratio,0.75284889260378851
test_2024,ev_ebitda,gross_margin,-0.15445015019512182
test_2024,ev_ebitda,gross_profit,-0.30341161584088777
test_2024,ev_ebitda,gross_profit_growth_pct,-0.23506769901567709
test_2024,ev_ebitda,leverage_ratio,0.58568771600072778
test_2024,ev_ebitda,long_term_liabilities,0.10325005846636238
test_2024,ev_ebitda,market_cap,0.073015738278577047
test_2024,ev_ebitda,net_debt,0.56655505365912806
test_2024,ev_ebitda,net_debt_to_ebitda,0.70635449845297771
test_2024,ev_ebitda,net_income,-0.28095042485556659
test_2024,ev_ebitda,net_income_growth_pct,0.1263507567617419
test_2024,ev_ebitda,net_margin,-0.028602337664836022
test_2024,ev_ebitda,non_current_assets,-0.049893201444768796
test_2024,ev_ebitda,operating_income,-0.31162278802262433
test_2024,ev_ebitda,operating_income_growth_pct,-0.19735734553076001
test_2024,ev_ebitda,pb_ratio,0.34419085887939732
test_2024,ev_ebitda,pe_ratio,0.31831829087664903
test_2024,ev_ebitda,price_adjclose_t,0.20614986011381459
test_2024,ev_ebitda,price_drawdown_from_3y_high_pct,0.085865154951111508
test_2024,ev_ebitda,price_history_years_available,0.11202817690364933
test_2024,ev_ebitda,revenue,-0.24970713947008769
test_2024,ev_ebitda,revenue_growth_pct,-0.1537456144726953
test_2024,ev_ebitda,roa,-0.11392937263427776
test_2024,ev_ebitda,roe,-0.02145958025482669
test_2024,ev_ebitda,short_term_liabilities,-0.048288473031848987
test_2024,ev_ebitda,total_assets,-0.13824445002641814
test_2024,ev_ebitda,working_capital,-0.55455234255225183
test_2024,financial_debt_ratio,current_assets,-0.041165429489567022
test_2024,financial_debt_ratio,current_ratio,-0.65252007345107454
test_2024,financial_debt_ratio,ebitda,-0.067243562218144912
test_2024,financial_debt_ratio,ebitda_growth_pct,-0.40907682709879151
test_2024,financial_debt_ratio,ebitda_margin,-0.016198918269482616
test_2024,financial_debt_ratio,enterprise_value,0.69960911988635854
test_2024,financial_debt_ratio,equity,0.0011659058821491413
test_2024,financial_debt_ratio,ev_ebitda,0.75284889260378851
test_2024,financial_debt_ratio,financial_debt_ratio,1
test_2024,financial_debt_ratio,gross_margin,-0.038848879808887612
test_2024,financial_debt_ratio,gross_profit,-0.1085842292955317
test_2024,financial_debt_ratio,gross_profit_growth_pct,-0.36046341145419392
test_2024,financial_debt_ratio,leverage_ratio,0.71275887605997357
test_2024,financial_debt_ratio,long_term_liabilities,0.39200502810716231
test_2024,financial_debt_ratio,market_cap,0.05306814146261183
test_2024,financial_debt_ratio,net_debt,0.74528020545512796
test_2024,financial_debt_ratio,net_debt_to_ebitda,0.73607909718043052
test_2024,financial_debt_ratio,net_income,-0.023015326848619743
test_2024,financial_debt_ratio,net_income_growth_pct,-0.098008709389534251
test_2024,financial_debt_ratio,net_margin,0.083336958223164101
test_2024,financial_debt_ratio,non_current_assets,0.15995842392010462
test_2024,financial_debt_ratio,operating_income,-0.030096187993174584
test_2024,financial_debt_ratio,operating_income_growth_pct,-0.27936572744622534
test_2024,financial_debt_ratio,pb_ratio,0.21861801424987473
test_2024,financial_debt_ratio,pe_ratio,0.12828938250859673
test_2024,financial_debt_ratio,price_adjclose_t,0.13303613654277574
test_2024,financial_debt_ratio,price_drawdown_from_3y_high_pct,0.27857755158950831
test_2024,financial_debt_ratio,price_history_years_available,0.14606265522330536
test_2024,financial_debt_ratio,revenue,-0.082564182243103038
test_2024,financial_debt_ratio,revenue_growth_pct,-0.2942124133031398
test_2024,financial_debt_ratio,roa,-0.051429870681068177
test_2024,financial_debt_ratio,roe,-0.014588331846411007
test_2024,financial_debt_ratio,short_term_liabilities,0.10997291058544315
test_2024,financial_debt_ratio,total_assets,0.076295268122406876
test_2024,financial_debt_ratio,working_capital,-0.40548427471394793
test_2024,gross_margin,current_assets,-0.32476213214430855
test_2024,gross_margin,current_ratio,0.22576878843938983
test_2024,gross_margin,ebitda,-0.1469305371059873
test_2024,gross_margin,ebitda_growth_pct,0.10157970839096071
test_2024,gross_margin,ebitda_margin,0.71657962975543332
test_2024,gross_margin,enterprise_value,-0.097092123781885836
test_2024,gross_margin,equity,-0.21884264051317232
test_2024,gross_margin,ev_ebitda,-0.15445015019512182
test_2024,gross_margin,financial_debt_ratio,-0.038848879808887612
test_2024,gross_margin,gross_margin,1
test_2024,gross_margin,gross_profit,-0.16800549155752417
test_2024,gross_margin,gross_profit_growth_pct,0.12839415715403185
test_2024,gross_margin,leverage_ratio,-0.27843726248566086
test_2024,gross_margin,long_term_liabilities,-0.17241923287539507
test_2024,gross_margin,market_cap,-0.056811822815076615
test_2024,gross_margin,net_debt,-0.12083387530169633
test_2024,gross_margin,net_debt_to_ebitda,-0.23038927501515083
test_2024,gross_margin,net_income,-0.17302140821136983
test_2024,gross_margin,net_income_growth_pct,0.21891053334280666
test_2024,gross_margin,net_margin,0.43534759571463844
test_2024,gross_margin,non_current_assets,-0.17556690409266926
test_2024,gross_margin,operating_income,-0.11317902277729212
test_2024,gross_margin,operating_income_growth_pct,-0.053289060709465513
test_2024,gross_margin,pb_ratio,0.11693678668207541
test_2024,gross_margin,pe_ratio,0.085483754281216531
test_2024,gross_margin,price_adjclose_t,-0.14308993397661854
test_2024,gross_margin,price_drawdown_from_3y_high_pct,0.25746367144542043
test_2024,gross_margin,price_history_years_available,-0.19364321622701744
test_2024,gross_margin,revenue,-0.42662080506578981
test_2024,gross_margin,revenue_growth_pct,-0.027378309224976909
test_2024,gross_margin,roa,0.0026955551466594308
test_2024,gross_margin,roe,-0.23771004305592716
test_2024,gross_margin,short_term_liabilities,-0.37494761154175643
test_2024,gross_margin,total_assets,-0.2375405035900777
test_2024,gross_margin,working_capital,-0.10348101232651113
test_2024,gross_profit,current_assets,0.81671977149502106
test_2024,gross_profit,current_ratio,0.029720050713597113
test_2024,gross_profit,ebitda,0.89974948873212623
test_2024,gross_profit,ebitda_growth_pct,0.21352598563985509
test_2024,gross_profit,ebitda_margin,-0.30397319744617801
test_2024,gross_profit,enterprise_value,0.318692755704098
test_2024,gross_profit,equity,0.66453940574992454
test_2024,gross_profit,ev_ebitda,-0.30341161584088777
test_2024,gross_profit,financial_debt_ratio,-0.1085842292955317
test_2024,gross_profit,gross_margin,-0.16800549155752417
test_2024,gross_profit,gross_profit,1
test_2024,gross_profit,gross_profit_growth_pct,0.15848030104580987
test_2024,gross_profit,leverage_ratio,0.097326340978432124
test_2024,gross_profit,long_term_liabilities,0.67359476449484235
test_2024,gross_profit,market_cap,0.43188951531763353
test_2024,gross_profit,net_debt,0.30781211625017346
test_2024,gross_profit,net_debt_to_ebitda,0.03402495070307357
test_2024,gross_profit,net_income,0.68917646685109601
test_2024,gross_profit,net_income_growth_pct,-0.21794491393801621
test_2024,gross_profit,net_margin,-0.49603320067837881
test_2024,gross_profit,non_current_assets,0.66214021169675896
test_2024,gross_profit,operating_income,0.84721528361931908
test_2024,gross_profit,operating_income_growth_pct,0.21609596280458493
test_2024,gross_profit,pb_ratio,-0.0026559042713758534
test_2024,gross_profit,pe_ratio,-0.13487705329655941
test_2024,gross_profit,price_adjclose_t,0.17205041929636758
test_2024,gross_profit,price_drawdown_from_3y_high_pct,-0.12477706459392472
test_2024,gross_profit,price_history_years_available,0.274345499667148
test_2024,gross_profit,revenue,0.94402635169613514
test_2024,gross_profit,revenue_growth_pct,-0.017232235211346446
test_2024,gross_profit,roa,-0.26299304768116599
test_2024,gross_profit,roe,0.0035935934720579331
test_2024,gross_profit,short_term_liabilities,0.8539153897527535
test_2024,gross_profit,total_assets,0.80760839769889059
test_2024,gross_profit,working_capital,0.40692819929502982
test_2024,gross_profit_growth_pct,current_assets,0.28063609358409203
test_2024,gross_profit_growth_pct,current_ratio,0.43179576471772718
test_2024,gross_profit_growth_pct,ebitda,0.2562394868377168
test_2024,gross_profit_growth_pct,ebitda_growth_pct,0.90920149554430629
test_2024,gross_profit_growth_pct,ebitda_margin,0.19302534019928241
test_2024,gross_profit_growth_pct,enterprise_value,-0.032590983596729267
test_2024,gross_profit_growth_pct,equity,0.22896084468145994
test_2024,gross_profit_growth_pct,ev_ebitda,-0.23506769901567709
test_2024,gross_profit_growth_pct,financial_debt_ratio,-0.36046341145419392
test_2024,gross_profit_growth_pct,gross_margin,0.12839415715403185
test_2024,gross_profit_growth_pct,gross_profit,0.15848030104580987
test_2024,gross_profit_growth_pct,gross_profit_growth_pct,1
test_2024,gross_profit_growth_pct,leverage_ratio,-0.31068931572688319
test_2024,gross_profit_growth_pct,long_term_liabilities,0.07932631268301403
test_2024,gross_profit_growth_pct,market_cap,0.59208038575581878
test_2024,gross_profit_growth_pct,net_debt,-0.20357800546661003
test_2024,gross_profit_growth_pct,net_debt_to_ebitda,-0.42400402220809286
test_2024,gross_profit_growth_pct,net_income,0.23026136612978587
test_2024,gross_profit_growth_pct,net_income_growth_pct,0.30239953375271705
test_2024,gross_profit_growth_pct,net_margin,0.043933581544920636
test_2024,gross_profit_growth_pct,non_current_assets,0.12578952506188532
test_2024,gross_profit_growth_pct,operating_income,0.26128954306590091
test_2024,gross_profit_growth_pct,operating_income_growth_pct,0.65324496230272122
test_2024,gross_profit_growth_pct,pb_ratio,0.45379410810966303
test_2024,gross_profit_growth_pct,pe_ratio,0.39974862431110142
test_2024,gross_profit_growth_pct,price_adjclose_t,0.40844961673227365
test_2024,gross_profit_growth_pct,price_drawdown_from_3y_high_pct,-0.10503127788849242
test_2024,gross_profit_growth_pct,price_history_years_available,0.28072402049770234
test_2024,gross_profit_growth_pct,revenue,0.11370421415412096
test_2024,gross_profit_growth_pct,revenue_growth_pct,0.74336334904555501
test_2024,gross_profit_growth_pct,roa,-0.13405278289910749
test_2024,gross_profit_growth_pct,roe,-0.17958599220492419
test_2024,gross_profit_growth_pct,short_term_liabilities,0.082564299885128076
test_2024,gross_profit_growth_pct,total_assets,0.17683421416911974
test_2024,gross_profit_growth_pct,working_capital,0.42278357891888074
test_2024,leverage_ratio,current_assets,0.066686971095962805
test_2024,leverage_ratio,current_ratio,-0.68170195580809179
test_2024,leverage_ratio,ebitda,0.040161189123905448
test_2024,leverage_ratio,ebitda_growth_pct,-0.36246897142228957
test_2024,leverage_ratio,ebitda_margin,-0.36187201153184906
test_2024,leverage_ratio,enterprise_value,0.44546946323548514
test_2024,leverage_ratio,equity,-0.12801482880182941
test_2024,leverage_ratio,ev_ebitda,0.58568771600072778
test_2024,leverage_ratio,financial_debt_ratio,0.71275887605997357
test_2024,leverage_ratio,gross_margin,-0.27843726248566086
test_2024,leverage_ratio,gross_profit,0.097326340978432124
test_2024,leverage_ratio,gross_profit_growth_pct,-0.31068931572688319
test_2024,leverage_ratio,leverage_ratio,1
test_2024,leverage_ratio,long_term_liabilities,0.24360618357571617
test_2024,leverage_ratio,market_cap,-0.11005848801656119
test_2024,leverage_ratio,net_debt,0.5332016180024427
test_2024,leverage_ratio,net_debt_to_ebitda,0.74797947707478518
test_2024,leverage_ratio,net_income,-0.13643489445738888
test_2024,leverage_ratio,net_income_growth_pct,-0.11940691971615111
test_2024,leverage_ratio,net_margin,-0.32757226205549228
test_2024,leverage_ratio,non_current_assets,-0.074072333717334668
test_2024,leverage_ratio,operating_income,0.0061184615118102127
test_2024,leverage_ratio,operating_income_growth_pct,-0.1820286421367503
test_2024,leverage_ratio,pb_ratio,0.15435694864661031
test_2024,leverage_ratio,pe_ratio,0.095404673844314919
test_2024,leverage_ratio,price_adjclose_t,0.12076865943127391
test_2024,leverage_ratio,price_drawdown_from_3y_high_pct,-0.035992348785898257
test_2024,leverage_ratio,price_history_years_available,0.25335340319017402
test_2024,leverage_ratio,revenue,0.18225982020213186
test_2024,leverage_ratio,revenue_growth_pct,-0.077389227459606358
test_2024,leverage_ratio,roa,-0.14781851174957344
test_2024,leverage_ratio,roe,0.21257449047647922
test_2024,leverage_ratio,short_term_liabilities,0.23897779144398928
test_2024,leverage_ratio,total_assets,0.021861395743648829
test_2024,leverage_ratio,working_capital,-0.39293709019410838
test_2024,long_term_liabilities,current_assets,0.72092045543130856
test_2024,long_term_liabilities,current_ratio,-0.18216806264129368
test_2024,long_term_liabilities,ebitda,0.73177622190642166
test_2024,long_term_liabilities,ebitda_growth_pct,0.07444973934683434
test_2024,long_term_liabilities,ebitda_margin,-0.054594620829518749
test_2024,long_term_liabilities,enterprise_value,0.68876921810984748
test_2024,long_term_liabilities,equity,0.79889910005110409
test_2024,long_term_liabilities,ev_ebitda,0.10325005846636238
test_2024,long_term_liabilities,financial_debt_ratio,0.39200502810716231
test_2024,long_term_liabilities,gross_margin,-0.17241923287539507
test_2024,long_term_liabilities,gross_profit,0.67359476449484235
test_2024,long_term_liabilities,gross_profit_growth_pct,0.07932631268301403
test_2024,long_term_liabilities,leverage_ratio,0.24360618357571617
test_2024,long_term_liabilities,long_term_liabilities,1
test_2024,long_term_liabilities,market_cap,0.54470714848723711
test_2024,long_term_liabilities,net_debt,0.66589031277338429
test_2024,long_term_liabilities,net_debt_to_ebitda,0.29223797324387235
test_2024,long_term_liabilities,net_income,0.67888424526422464
test_2024,long_term_liabilities,net_income_growth_pct,-0.17282505846915897
test_2024,long_term_liabilities,net_margin,-0.21523184079398949
test_2024,long_term_liabilities,non_current_assets,0.9049400611514844
test_2024,long_term_liabilities,operating_income,0.71405927622974252
test_2024,long_term_liabilities,operating_income_growth_pct,0.063331889595389074
test_2024,long_term_liabilities,pb_ratio,0.069043707703181217
test_2024,long_term_liabilities,pe_ratio,0.028321603970515637
test_2024,long_term_liabilities,price_adjclose_t,0.1996964079999308
test_2024,long_term_liabilities,price_drawdown_from_3y_high_pct,0.10942965236250678
test_2024,long_term_liabilities,price_history_years_available,0.30744866124472792
test_2024,long_term_liabilities,revenue,0.65431183487394262
test_2024,long_term_liabilities,revenue_growth_pct,-0.029795145316373263
test_2024,long_term_liabilities,roa,-0.30873946522767243
test_2024,long_term_liabilities,roe,-0.19253118205992151
test_2024,long_term_liabilities,short_term_liabilities,0.78855206970922709
test_2024,long_term_liabilities,total_assets,0.88687248269828778
test_2024,long_term_liabilities,working_capital,0.24963633922616527
test_2024,market_cap,current_assets,0.63070224597448266
test_2024,market_cap,current_ratio,0.11739714251067555
test_2024,market_cap,ebitda,0.47527489960370412
test_2024,market_cap,ebitda_growth_pct,0.52807611677886235
test_2024,market_cap,ebitda_margin,-0.019359615991030789
test_2024,market_cap,enterprise_value,0.44147131683571395
test_2024,market_cap,equity,0.63005913764280963
test_2024,market_cap,ev_ebitda,0.073015738278577047
test_2024,market_cap,financial_debt_ratio,0.05306814146261183
test_2024,market_cap,gross_margin,-0.056811822815076615
test_2024,market_cap,gross_profit,0.43188951531763353
test_2024,market_cap,gross_profit_growth_pct,0.59208038575581878
test_2024,market_cap,leverage_ratio,-0.11005848801656119
test_2024,market_cap,long_term_liabilities,0.54470714848723711
test_2024,market_cap,market_cap,1
test_2024,market_cap,net_debt,0.25432891443123057
test_2024,market_cap,net_debt_to_ebitda,-0.12136090802950468
test_2024,market_cap,net_income,0.55094890906098692
test_2024,market_cap,net_income_growth_pct,0.060197210189612944
test_2024,market_cap,net_margin,-0.03903154323415528
test_2024,market_cap,non_current_assets,0.55653889961975211
test_2024,market_cap,operating_income,0.51502063646048957
test_2024,market_cap,operating_income_growth_pct,0.45789093048298263
test_2024,market_cap,pb_ratio,0.67747388585857438
test_2024,market_cap,pe_ratio,0.55544482074646406
test_2024,market_cap,price_adjclose_t,0.5928780824765485
test_2024,market_cap,price_drawdown_from_3y_high_pct,0.061170852869306895
test_2024,market_cap,price_history_years_available,0.28130080035969035
test_2024,market_cap,revenue,0.38546905299088063
test_2024,market_cap,revenue_growth_pct,0.32708961003969661
test_2024,market_cap,roa,-0.19385780547591625
test_2024,market_cap,roe,-0.20637179409446432
test_2024,market_cap,short_term_liabilities,0.48498880477431977
test_2024,market_cap,total_assets,0.61732468752977465
test_2024,market_cap,working_capital,0.3977256151960572
test_2024,net_debt,current_assets,0.29003847952811157
test_2024,net_debt,current_ratio,-0.56283955964002041
test_2024,net_debt,ebitda,0.33271649681186904
test_2024,net_debt,ebitda_growth_pct,-0.18411552568671596
test_2024,net_debt,ebitda_margin,-0.14803102889909767
test_2024,net_debt,enterprise_value,0.94469636469151419
test_2024,net_debt,equity,0.37438369957817608
test_2024,net_debt,ev_ebitda,0.56655505365912806
test_2024,net_debt,financial_debt_ratio,0.74528020545512796
test_2024,net_debt,gross_margin,-0.12083387530169633
test_2024,net_debt,gross_profit,0.30781211625017346
test_2024,net_debt,gross_profit_growth_pct,-0.20357800546661003
test_2024,net_debt,leverage_ratio,0.5332016180024427
test_2024,net_debt,long_term_liabilities,0.66589031277338429
test_2024,net_debt,market_cap,0.25432891443123057
test_2024,net_debt,net_debt,1
test_2024,net_debt,net_debt_to_ebitda,0.62164988099512686
test_2024,net_debt,net_income,0.33638415864739163
test_2024,net_debt,net_income_growth_pct,-0.096007840613515194
test_2024,net_debt,net_margin,-0.1251648035663768
test_2024,net_debt,non_current_assets,0.52244068912352426
test_2024,net_debt,operating_income,0.37894173718720492
test_2024,net_debt,operating_income_growth_pct,-0.23760551511900899
test_2024,net_debt,pb_ratio,0.12940174337259741
test_2024,net_debt,pe_ratio,0.049213670734770613
test_2024,net_debt,price_adjclose_t,0.23448025569289144
test_2024,net_debt,price_drawdown_from_3y_high_pct,0.1781863365902765
test_2024,net_debt,price_history_years_available,0.14696242336554469
test_2024,net_debt,revenue,0.32076108954272475
test_2024,net_debt,revenue_growth_pct,-0.26907205052395305
test_2024,net_debt,roa,-0.12496084919143188
test_2024,net_debt,roe,-0.049580947761387953
test_2024,net_debt,short_term_liabilities,0.47261860009874312
test_2024,net_debt,total_assets,0.42498611965249328
test_2024,net_debt,working_capital,-0.26097660479337553
test_2024,net_debt_to_ebitda,current_assets,-0.02860644230006083
test_2024,net_debt_to_ebitda,current_ratio,-0.68722442510032811
test_2024,net_debt_to_ebitda,ebitda,0.030731454680698194
test_2024,net_debt_to_ebitda,ebitda_growth_pct,-0.41821273274552057
test_2024,net_debt_to_ebitda,ebitda_margin,-0.19156898412994217
test_2024,net_debt_to_ebitda,enterprise_value,0.54437758118341661
test_2024,net_debt_to_ebitda,equity,-0.1197384837027507
test_2024,net_debt_to_ebitda,ev_ebitda,0.70635449845297771
test_2024,net_debt_to_ebitda,financial_debt_ratio,0.73607909718043052
test_2024,net_debt_to_ebitda,gross_margin,-0.23038927501515083
test_2024,net_debt_to_ebitda,gross_profit,0.03402495070307357
test_2024,net_debt_to_ebitda,gross_profit_growth_pct,-0.42400402220809286
test_2024,net_debt_to_ebitda,leverage_ratio,0.74797947707478518
test_2024,net_debt_to_ebitda,long_term_liabilities,0.29223797324387235
test_2024,net_debt_to_ebitda,market_cap,-0.12136090802950468
test_2024,net_debt_to_ebitda,net_debt,0.62164988099512686
test_2024,net_debt_to_ebitda,net_debt_to_ebitda,1
test_2024,net_debt_to_ebitda,net_income,-0.07063894560844873
test_2024,net_debt_to_ebitda,net_income_growth_pct,0.0603795894627671
test_2024,net_debt_to_ebitda,net_margin,-0.14008267756628665
test_2024,net_debt_to_ebitda,non_current_assets,0.05587289625681123
test_2024,net_debt_to_ebitda,operating_income,-0.024099270862859231
test_2024,net_debt_to_ebitda,operating_income_growth_pct,-0.36285091869160524
test_2024,net_debt_to_ebitda,pb_ratio,0.092003496345407304
test_2024,net_debt_to_ebitda,pe_ratio,-0.028549870554681941
test_2024,net_debt_to_ebitda,price_adjclose_t,-0.13341999015112349
test_2024,net_debt_to_ebitda,price_drawdown_from_3y_high_pct,0.056232130315685198
test_2024,net_debt_to_ebitda,price_history_years_available,0.14013680910710821
test_2024,net_debt_to_ebitda,revenue,0.090192356863344605
test_2024,net_debt_to_ebitda,revenue_growth_pct,-0.23162012029876522
test_2024,net_debt_to_ebitda,roa,-0.10308149205606541
test_2024,net_debt_to_ebitda,roe,0.10145246642773344
test_2024,net_debt_to_ebitda,short_term_liabilities,0.19772466712797077
test_2024,net_debt_to_ebitda,total_assets,0.060883988726953775
test_2024,net_debt_to_ebitda,working_capital,-0.39435004952977681
test_2024,net_income,current_assets,0.71956903794683469
test_2024,net_income,current_ratio,0.1896517353682515
test_2024,net_income,ebitda,0.80174088334735394
test_2024,net_income,ebitda_growth_pct,0.23222454335704376
test_2024,net_income,ebitda_margin,0.014337189336547061
test_2024,net_income,enterprise_value,0.37149970550276751
test_2024,net_income,equity,0.77575057816736115
test_2024,net_income,ev_ebitda,-0.28095042485556659
test_2024,net_income,financial_debt_ratio,-0.023015326848619743
test_2024,net_income,gross_margin,-0.17302140821136983
test_2024,net_income,gross_profit,0.68917646685109601
test_2024,net_income,gross_profit_growth_pct,0.23026136612978587
test_2024,net_income,leverage_ratio,-0.13643489445738888
test_2024,net_income,long_term_liabilities,0.67888424526422464
test_2024,net_income,market_cap,0.55094890906098692
test_2024,net_income,net_debt,0.33638415864739163
test_2024,net_income,net_debt_to_ebitda,-0.07063894560844873
test_2024,net_income,net_income,1
test_2024,net_income,net_income_growth_pct,-0.075772064685860133
test_2024,net_income,net_margin,0.095124406965464661
test_2024,net_income,non_current_assets,0.75932308944920357
test_2024,net_income,operating_income,0.82703192263384451
test_2024,net_income,operating_income_growth_pct,0.16640481920000552
test_2024,net_income,pb_ratio,0.04004325235806943
test_2024,net_income,pe_ratio,-0.26248447393266411
test_2024,net_income,price_adjclose_t,0.19500288000970112
test_2024,net_income,price_drawdown_from_3y_high_pct,0.14574480248280777
test_2024,net_income,price_history_years_available,0.23554204381087446
test_2024,net_income,revenue,0.66304662033620876
test_2024,net_income,revenue_growth_pct,0.081043286434462
test_2024,net_income,roa,0.192743458263679
test_2024,net_income,roe,0.1268704038942928
test_2024,net_income,short_term_liabilities,0.68942098812483199
test_2024,net_income,total_assets,0.77552979185975024
test_2024,net_income,working_capital,0.51765928835609931
test_2024,net_income_growth_pct,current_assets,-0.090097299443145443
test_2024,net_income_growth_pct,current_ratio,0.0051752122625108492
test_2024,net_income_growth_pct,ebitda,-0.14725775974518981
test_2024,net_income_growth_pct,ebitda_growth_pct,0.35013147415380624
test_2024,net_income_growth_pct,ebitda_margin,0.38493169376420738
test_2024,net_income_growth_pct,enterprise_value,-0.04626421561967986
test_2024,net_income_growth_pct,equity,-0.075370616878707969
test_2024,net_income_growth_pct,ev_ebitda,0.1263507567617419
test_2024,net_income_growth_pct,financial_debt_ratio,-0.098008709389534251
test_2024,net_income_growth_pct,gross_margin,0.21891053334280666
test_2024,net_income_growth_pct,gross_profit,-0.21794491393801621
test_2024,net_income_growth_pct,gross_profit_growth_pct,0.30239953375271705
test_2024,net_income_growth_pct,leverage_ratio,-0.11940691971615111
test_2024,net_income_growth_pct,long_term_liabilities,-0.17282505846915897
test_2024,net_income_growth_pct,market_cap,0.060197210189612944
test_2024,net_income_growth_pct,net_debt,-0.096007840613515194
test_2024,net_income_growth_pct,net_debt_to_ebitda,0.0603795894627671
test_2024,net_income_growth_pct,net_income,-0.075772064685860133
test_2024,net_income_growth_pct,net_income_growth_pct,1
test_2024,net_income_growth_pct,net_margin,0.3608337739401522
test_2024,net_income_growth_pct,non_current_assets,-0.10468407918011935
test_2024,net_income_growth_pct,operating_income,-0.1198309007990966
test_2024,net_income_growth_pct,operating_income_growth_pct,-0.022660274142239457
test_2024,net_income_growth_pct,pb_ratio,0.071158630204915682
test_2024,net_income_growth_pct,pe_ratio,0.062628485509876819
test_2024,net_income_growth_pct,price_adjclose_t,-0.21839965207063425
test_2024,net_income_growth_pct,price_drawdown_from_3y_high_pct,0.065008693025585651
test_2024,net_income_growth_pct,price_history_years_available,-0.068033141194065783
test_2024,net_income_growth_pct,revenue,-0.31504090257723683
test_2024,net_income_growth_pct,revenue_growth_pct,0.25741122424437274
test_2024,net_income_growth_pct,roa,0.065444604008780785
test_2024,net_income_growth_pct,roe,-0.093453896392055827
test_2024,net_income_growth_pct,short_term_liabilities,-0.13668176137881624
test_2024,net_income_growth_pct,total_assets,-0.074246746287853008
test_2024,net_income_growth_pct,working_capital,-0.037661638011475027
test_2024,net_margin,current_assets,-0.33979001857280666
test_2024,net_margin,current_ratio,0.29064461295924521
test_2024,net_margin,ebitda,-0.2894347914310485
test_2024,net_margin,ebitda_growth_pct,-0.011209236817036575
test_2024,net_margin,ebitda_margin,0.73846392313829445
test_2024,net_margin,enterprise_value,-0.11629773898839132
test_2024,net_margin,equity,-0.12581330258089179
test_2024,net_margin,ev_ebitda,-0.028602337664836022
test_2024,net_margin,financial_debt_ratio,0.083336958223164101
test_2024,net_margin,gross_margin,0.43534759571463844
test_2024,net_margin,gross_profit,-0.49603320067837881
test_2024,net_margin,gross_profit_growth_pct,0.043933581544920636
test_2024,net_margin,leverage_ratio,-0.32757226205549228
test_2024,net_margin,long_term_liabilities,-0.21523184079398949
test_2024,net_margin,market_cap,-0.03903154323415528
test_2024,net_margin,net_debt,-0.1251648035663768
test_2024,net_margin,net_debt_to_ebitda,-0.14008267756628665
test_2024,net_margin,net_income,0.095124406965464661
test_2024,net_margin,net_income_growth_pct,0.3608337739401522
test_2024,net_margin,net_margin,1
test_2024,net_margin,non_current_assets,-0.12743322364438331
test_2024,net_margin,operating_income,-0.18570696024916489
test_2024,net_margin,operating_income_growth_pct,-0.11604666266217818
test_2024,net_margin,pb_ratio,0.064783340622161359
test_2024,net_margin,pe_ratio,-0.15207164911757357
test_2024,net_margin,price_adjclose_t,-0.17812928137061301
test_2024,net_margin,price_drawdown_from_3y_high_pct,0.34931121317109087
test_2024,net_margin,price_history_years_available,-0.25383247694820493
test_2024,net_margin,revenue,-0.59582252282578052
test_2024,net_margin,revenue_growth_pct,0.058932650956238612
test_2024,net_margin,roa,0.65330510157771993
test_2024,net_margin,roe,0.163396965566106
test_2024,net_margin,short_term_liabilities,-0.42697800344559178
test_2024,net_margin,total_assets,-0.2568022746163377
test_2024,net_margin,working_capital,0.071325665842999389
test_2024,non_current_assets,current_assets,0.68918965621778938
test_2024,non_current_assets,current_ratio,-0.085123753800313548
test_2024,non_current_assets,ebitda,0.70934737526084335
test_2024,non_current_assets,ebitda_growth_pct,0.19388033574248756
test_2024,non_current_assets,ebitda_margin,-0.020335672573531194
test_2024,non_current_assets,enterprise_value,0.55616484482594342
test_2024,non_current_assets,equity,0.90036981056898624
test_2024,non_current_assets,ev_ebitda,-0.049893201444768796
test_2024,non_current_assets,financial_debt_ratio,0.15995842392010462
test_2024,non_current_assets,gross_margin,-0.17556690409266926
test_2024,non_current_assets,gross_profit,0.66214021169675896
test_2024,non_current_assets,gross_profit_growth_pct,0.12578952506188532
test_2024,non_current_assets,leverage_ratio,-0.074072333717334668
test_2024,non_current_assets,long_term_liabilities,0.9049400611514844
test_2024,non_current_assets,market_cap,0.55653889961975211
test_2024,non_current_assets,net_debt,0.52244068912352426
test_2024,non_current_assets,net_debt_to_ebitda,0.05587289625681123
test_2024,non_current_assets,net_income,0.75932308944920357
test_2024,non_current_assets,net_income_growth_pct,-0.10468407918011935
test_2024,non_current_assets,net_margin,-0.12743322364438331
test_2024,non_current_assets,non_current_assets,1
test_2024,non_current_assets,operating_income,0.71042515872534673
test_2024,non_current_assets,operating_income_growth_pct,0.12372824049388612
test_2024,non_current_assets,pb_ratio,-0.033465370684924389
test_2024,non_current_assets,pe_ratio,-0.050123428987189335
test_2024,non_current_assets,price_adjclose_t,0.17748661769928373
test_2024,non_current_assets,price_drawdown_from_3y_high_pct,0.11152786103612415
test_2024,non_current_assets,price_history_years_available,0.24816609018227362
test_2024,non_current_assets,revenue,0.63680432141327081
test_2024,non_current_assets,revenue_growth_pct,-0.11300039832633388
test_2024,non_current_assets,roa,-0.23989761890325775
test_2024,non_current_assets,roe,-0.22234608188755403
test_2024,non_current_assets,short_term_liabilities,0.74916382274731264
test_2024,non_current_assets,total_assets,0.90988265584533723
test_2024,non_current_assets,working_capital,0.29249372027959913
test_2024,operating_income,current_assets,0.82005900771755968
test_2024,operating_income,current_ratio,0.14389251717178714
test_2024,operating_income,ebitda,0.96354761918389942
test_2024,operating_income,ebitda_growth_pct,0.2571183442763364
test_2024,operating_income,ebitda_margin,-0.012469244931081751
test_2024,operating_income,enterprise_value,0.40128078145706825
test_2024,operating_income,equity,0.76723196420992446
test_2024,operating_income,ev_ebitda,-0.31162278802262433
test_2024,operating_income,financial_debt_ratio,-0.030096187993174584
test_2024,operating_income,gross_margin,-0.11317902277729212
test_2024,operating_income,gross_profit,0.84721528361931908
test_2024,operating_income,gross_profit_growth_pct,0.26128954306590091
test_2024,operating_income,leverage_ratio,0.0061184615118102127
test_2024,operating_income,long_term_liabilities,0.71405927622974252
test_2024,operating_income,market_cap,0.51502063646048957
test_2024,operating_income,net_debt,0.37894173718720492
test_2024,operating_income,net_debt_to_ebitda,-0.024099270862859231
test_2024,operating_income,net_income,0.82703192263384451
test_2024,operating_income,net_income_growth_pct,-0.1198309007990966
test_2024,operating_income,net_margin,-0.18570696024916489
test_2024,operating_income,non_current_assets,0.71042515872534673
test_2024,operating_income,operating_income,1
test_2024,operating_income,operating_income_growth_pct,0.2288773136992881
test_2024,operating_income,pb_ratio,0.0021887650969044355
test_2024,operating_income,pe_ratio,-0.17730041316229395
test_2024,operating_income,price_adjclose_t,0.12549596798641849
test_2024,operating_income,price_drawdown_from_3y_high_pct,0.026792510755422033
test_2024,operating_income,price_history_years_available,0.2612400206247924
test_2024,operating_income,revenue,0.80168759704017833
test_2024,operating_income,revenue_growth_pct,0.099273624699620644
test_2024,operating_income,roa,-0.038177257018128873
test_2024,operating_income,roe,0.045374249681683104
test_2024,operating_income,short_term_liabilities,0.80502028999315722
test_2024,operating_income,total_assets,0.8151418134100179
test_2024,operating_income,working_capital,0.53236078509497531
test_2024,operating_income_growth_pct,current_assets,0.23943414262531432
test_2024,operating_income_growth_pct,current_ratio,0.25357972563864128
test_2024,operating_income_growth_pct,ebitda,0.25262578719119677
test_2024,operating_income_growth_pct,ebitda_growth_pct,0.66610108985483441
test_2024,operating_income_growth_pct,ebitda_margin,-0.020927768801128999
test_2024,operating_income_growth_pct,enterprise_value,-0.094951344603480786
test_2024,operating_income_growth_pct,equity,0.23098942192359462
test_2024,operating_income_growth_pct,ev_ebitda,-0.19735734553076001
test_2024,operating_income_growth_pct,financial_debt_ratio,-0.27936572744622534
test_2024,operating_income_growth_pct,gross_margin,-0.053289060709465513
test_2024,operating_income_growth_pct,gross_profit,0.21609596280458493
test_2024,operating_income_growth_pct,gross_profit_growth_pct,0.65324496230272122
test_2024,operating_income_growth_pct,leverage_ratio,-0.1820286421367503
test_2024,operating_income_growth_pct,long_term_liabilities,0.063331889595389074
test_2024,operating_income_growth_pct,market_cap,0.45789093048298263
test_2024,operating_income_growth_pct,net_debt,-0.23760551511900899
test_2024,operating_income_growth_pct,net_debt_to_ebitda,-0.36285091869160524
test_2024,operating_income_growth_pct,net_income,0.16640481920000552
test_2024,operating_income_growth_pct,net_income_growth_pct,-0.022660274142239457
test_2024,operating_income_growth_pct,net_margin,-0.11604666266217818
test_2024,operating_income_growth_pct,non_current_assets,0.12372824049388612
test_2024,operating_income_growth_pct,operating_income,0.2288773136992881
test_2024,operating_income_growth_pct,operating_income_growth_pct,1
test_2024,operating_income_growth_pct,pb_ratio,0.30405981265942172
test_2024,operating_income_growth_pct,pe_ratio,0.32237919881274557
test_2024,operating_income_growth_pct,price_adjclose_t,0.21466486749396296
test_2024,operating_income_growth_pct,price_drawdown_from_3y_high_pct,-0.22021288766315375
test_2024,operating_income_growth_pct,price_history_years_available,0.17069717540458679
test_2024,operating_income_growth_pct,revenue,0.23906272569001039
test_2024,operating_income_growth_pct,revenue_growth_pct,0.3852565377527718
test_2024,operating_income_growth_pct,roa,-0.13194407158798849
test_2024,operating_income_growth_pct,roe,-0.10253763101263669
test_2024,operating_income_growth_pct,short_term_liabilities,0.13716955451037338
test_2024,operating_income_growth_pct,total_assets,0.16538099567942288
test_2024,operating_income_growth_pct,working_capital,0.38314286053834923
test_2024,pb_ratio,current_assets,0.10015320950270934
test_2024,pb_ratio,current_ratio,-0.035211167807514168
test_2024,pb_ratio,ebitda,-0.0055729328262874118
test_2024,pb_ratio,ebitda_growth_pct,0.32573653061640767
test_2024,pb_ratio,ebitda_margin,-0.0034017415891885944
test_2024,pb_ratio,enterprise_value,0.27277885129359397
test_2024,pb_ratio,equity,-0.038037465476427737
test_2024,pb_ratio,ev_ebitda,0.34419085887939732
test_2024,pb_ratio,financial_debt_ratio,0.21861801424987473
test_2024,pb_ratio,gross_margin,0.11693678668207541
test_2024,pb_ratio,gross_profit,-0.0026559042713758534
test_2024,pb_ratio,gross_profit_growth_pct,0.45379410810966303
test_2024,pb_ratio,leverage_ratio,0.15435694864661031
test_2024,pb_ratio,long_term_liabilities,0.069043707703181217
test_2024,pb_ratio,market_cap,0.67747388585857438
test_2024,pb_ratio,net_debt,0.12940174337259741
test_2024,pb_ratio,net_debt_to_ebitda,0.092003496345407304
test_2024,pb_ratio,net_income,0.04004325235806943
test_2024,pb_ratio,net_income_growth_pct,0.071158630204915682
test_2024,pb_ratio,net_margin,0.064783340622161359
test_2024,pb_ratio,non_current_assets,-0.033465370684924389
test_2024,pb_ratio,operating_income,0.0021887650969044355
test_2024,pb_ratio,operating_income_growth_pct,0.30405981265942172
test_2024,pb_ratio,pb_ratio,1
test_2024,pb_ratio,pe_ratio,0.7342512962207981
test_2024,pb_ratio,price_adjclose_t,0.62932373916858575
test_2024,pb_ratio,price_drawdown_from_3y_high_pct,0.069894819792154089
test_2024,pb_ratio,price_history_years_available,0.20626958008408999
test_2024,pb_ratio,revenue,-0.044209666750539826
test_2024,pb_ratio,revenue_growth_pct,0.33881334965492382
test_2024,pb_ratio,roa,-0.10872955806261402
test_2024,pb_ratio,roe,-0.10853014234405087
test_2024,pb_ratio,short_term_liabilities,-0.022222140084292852
test_2024,pb_ratio,total_assets,0.025948992034810252
test_2024,pb_ratio,working_capital,-0.010261203476582605
test_2024,pe_ratio,current_assets,0.017432114057045839
test_2024,pe_ratio,current_ratio,-0.11205485444041195
test_2024,pe_ratio,ebitda,-0.19092630043666728
test_2024,pe_ratio,ebitda_growth_pct,0.32724198729739934
test_2024,pe_ratio,ebitda_margin,-0.074275394834066172
test_2024,pe_ratio,enterprise_value,0.18289990991849359
test_2024,pe_ratio,equity,-0.0034080259157564727
test_2024,pe_ratio,ev_ebitda,0.31831829087664903
test_2024,pe_ratio,financial_debt_ratio,0.12828938250859673
test_2024,pe_ratio,gross_margin,0.085483754281216531
test_2024,pe_ratio,gross_profit,-0.13487705329655941
test_2024,pe_ratio,gross_profit_growth_pct,0.39974862431110142
test_2024,pe_ratio,leverage_ratio,0.095404673844314919
test_2024,pe_ratio,long_term_liabilities,0.028321603970515637
test_2024,pe_ratio,market_cap,0.55544482074646406
test_2024,pe_ratio,net_debt,0.049213670734770613
test_2024,pe_ratio,net_debt_to_ebitda,-0.028549870554681941
test_2024,pe_ratio,net_income,-0.26248447393266411
test_2024,pe_ratio,net_income_growth_pct,0.062628485509876819
test_2024,pe_ratio,net_margin,-0.15207164911757357
test_2024,pe_ratio,non_current_assets,-0.050123428987189335
test_2024,pe_ratio,operating_income,-0.17730041316229395
test_2024,pe_ratio,operating_income_growth_pct,0.32237919881274557
test_2024,pe_ratio,pb_ratio,0.7342512962207981
test_2024,pe_ratio,pe_ratio,1
test_2024,pe_ratio,price_adjclose_t,0.51272002841032138
test_2024,pe_ratio,price_drawdown_from_3y_high_pct,-0.092159780971963715
test_2024,pe_ratio,price_history_years_available,0.16612343495820331
test_2024,pe_ratio,revenue,-0.16137980650653033
test_2024,pe_ratio,revenue_growth_pct,0.29364653459420259
test_2024,pe_ratio,roa,-0.45326307264553795
test_2024,pe_ratio,roe,-0.39487351776944324
test_2024,pe_ratio,short_term_liabilities,-0.079298317034932522
test_2024,pe_ratio,total_assets,-0.02459274930489988
test_2024,pe_ratio,working_capital,-0.10968094689521962
test_2024,price_adjclose_t,current_assets,0.30739352625789296
test_2024,price_adjclose_t,current_ratio,-0.020487955929355334
test_2024,price_adjclose_t,ebitda,0.091274636404368711
test_2024,price_adjclose_t,ebitda_growth_pct,0.34697337527031097
test_2024,price_adjclose_t,ebitda_margin,-0.30123858269234843
test_2024,price_adjclose_t,enterprise_value,0.32865029319798017
test_2024,price_adjclose_t,equity,0.21601387168582348
test_2024,price_adjclose_t,ev_ebitda,0.20614986011381459
test_2024,price_adjclose_t,financial_debt_ratio,0.13303613654277574
test_2024,price_adjclose_t,gross_margin,-0.14308993397661854
test_2024,price_adjclose_t,gross_profit,0.17205041929636758
test_2024,price_adjclose_t,gross_profit_growth_pct,0.40844961673227365
test_2024,price_adjclose_t,leverage_ratio,0.12076865943127391
test_2024,price_adjclose_t,long_term_liabilities,0.1996964079999308
test_2024,price_adjclose_t,market_cap,0.5928780824765485
test_2024,price_adjclose_t,net_debt,0.23448025569289144
test_2024,price_adjclose_t,net_debt_to_ebitda,-0.13341999015112349
test_2024,price_adjclose_t,net_income,0.19500288000970112
test_2024,price_adjclose_t,net_income_growth_pct,-0.21839965207063425
test_2024,price_adjclose_t,net_margin,-0.17812928137061301
test_2024,price_adjclose_t,non_current_assets,0.17748661769928373
test_2024,price_adjclose_t,operating_income,0.12549596798641849
test_2024,price_adjclose_t,operating_income_growth_pct,0.21466486749396296
test_2024,price_adjclose_t,pb_ratio,0.62932373916858575
test_2024,price_adjclose_t,pe_ratio,0.51272002841032138
test_2024,price_adjclose_t,price_adjclose_t,1
test_2024,price_adjclose_t,price_drawdown_from_3y_high_pct,0.010168242033684263
test_2024,price_adjclose_t,price_history_years_available,0.18708398283534053
test_2024,price_adjclose_t,revenue,0.1986256574769201
test_2024,price_adjclose_t,revenue_growth_pct,0.34169152003292269
test_2024,price_adjclose_t,roa,-0.091971940476912331
test_2024,price_adjclose_t,roe,-0.037894084936466538
test_2024,price_adjclose_t,short_term_liabilities,0.20910459848767002
test_2024,price_adjclose_t,total_assets,0.20660020268338944
test_2024,price_adjclose_t,working_capital,0.075338628509064434
test_2024,price_drawdown_from_3y_high_pct,current_assets,-0.044062382145965105
test_2024,price_drawdown_from_3y_high_pct,current_ratio,-0.0011298046704093583
test_2024,price_drawdown_from_3y_high_pct,ebitda,-0.015173407596156407
test_2024,price_drawdown_from_3y_high_pct,ebitda_growth_pct,-0.17208970915576072
test_2024,price_drawdown_from_3y_high_pct,ebitda_margin,0.31783446337055349
test_2024,price_drawdown_from_3y_high_pct,enterprise_value,0.16737249188778694
test_2024,price_drawdown_from_3y_high_pct,equity,0.068595283560568418
test_2024,price_drawdown_from_3y_high_pct,ev_ebitda,0.085865154951111508
test_2024,price_drawdown_from_3y_high_pct,financial_debt_ratio,0.27857755158950831
test_2024,price_drawdown_from_3y_high_pct,gross_margin,0.25746367144542043
test_2024,price_drawdown_from_3y_high_pct,gross_profit,-0.12477706459392472
test_2024,price_drawdown_from_3y_high_pct,gross_profit_growth_pct,-0.10503127788849242
test_2024,price_drawdown_from_3y_high_pct,leverage_ratio,-0.035992348785898257
test_2024,price_drawdown_from_3y_high_pct,long_term_liabilities,0.10942965236250678
test_2024,price_drawdown_from_3y_high_pct,market_cap,0.061170852869306895
test_2024,price_drawdown_from_3y_high_pct,net_debt,0.1781863365902765
test_2024,price_drawdown_from_3y_high_pct,net_debt_to_ebitda,0.056232130315685198
test_2024,price_drawdown_from_3y_high_pct,net_income,0.14574480248280777
test_2024,price_drawdown_from_3y_high_pct,net_income_growth_pct,0.065008693025585651
test_2024,price_drawdown_from_3y_high_pct,net_margin,0.34931121317109087
test_2024,price_drawdown_from_3y_high_pct,non_current_assets,0.11152786103612415
test_2024,price_drawdown_from_3y_high_pct,operating_income,0.026792510755422033
test_2024,price_drawdown_from_3y_high_pct,operating_income_growth_pct,-0.22021288766315375
test_2024,price_drawdown_from_3y_high_pct,pb_ratio,0.069894819792154089
test_2024,price_drawdown_from_3y_high_pct,pe_ratio,-0.092159780971963715
test_2024,price_drawdown_from_3y_high_pct,price_adjclose_t,0.010168242033684263
test_2024,price_drawdown_from_3y_high_pct,price_drawdown_from_3y_high_pct,1
test_2024,price_drawdown_from_3y_high_pct,price_history_years_available,-0.05695901332094494
test_2024,price_drawdown_from_3y_high_pct,revenue,-0.19273456031713596
test_2024,price_drawdown_from_3y_high_pct,revenue_growth_pct,-0.10637527240284142
test_2024,price_drawdown_from_3y_high_pct,roa,0.1959404099824236
test_2024,price_drawdown_from_3y_high_pct,roe,-0.075051310248621911
test_2024,price_drawdown_from_3y_high_pct,short_term_liabilities,-0.067465478890159053
test_2024,price_drawdown_from_3y_high_pct,total_assets,0.043255378809958431
test_2024,price_drawdown_from_3y_high_pct,working_capital,0.008715636028872242
test_2024,price_history_years_available,current_assets,0.30091169602346851
test_2024,price_history_years_available,current_ratio,-0.21368172779149786
test_2024,price_history_years_available,ebitda,0.26127006560369331
test_2024,price_history_years_available,ebitda_growth_pct,0.25454604042033252
test_2024,price_history_years_available,ebitda_margin,-0.23940723544910872
test_2024,price_history_years_available,enterprise_value,0.16702320310044261
test_2024,price_history_years_available,equity,0.2612400206247924
test_2024,price_history_years_available,ev_ebitda,0.11202817690364933
test_2024,price_history_years_available,financial_debt_ratio,0.14606265522330536
test_2024,price_history_years_available,gross_margin,-0.19364321622701744
test_2024,price_history_years_available,gross_profit,0.274345499667148
test_2024,price_history_years_available,gross_profit_growth_pct,0.28072402049770234
test_2024,price_history_years_available,leverage_ratio,0.25335340319017402
test_2024,price_history_years_available,long_term_liabilities,0.30744866124472792
test_2024,price_history_years_available,market_cap,0.28130080035969035
test_2024,price_history_years_available,net_debt,0.14696242336554469
test_2024,price_history_years_available,net_debt_to_ebitda,0.14013680910710821
test_2024,price_history_years_available,net_income,0.23554204381087446
test_2024,price_history_years_available,net_income_growth_pct,-0.068033141194065783
test_2024,price_history_years_available,net_margin,-0.25383247694820493
test_2024,price_history_years_available,non_current_assets,0.24816609018227362
test_2024,price_history_years_available,operating_income,0.2612400206247924
test_2024,price_history_years_available,operating_income_growth_pct,0.17069717540458679
test_2024,price_history_years_available,pb_ratio,0.20626958008408999
test_2024,price_history_years_available,pe_ratio,0.16612343495820331
test_2024,price_history_years_available,price_adjclose_t,0.18708398283534053
test_2024,price_history_years_available,price_drawdown_from_3y_high_pct,-0.05695901332094494
test_2024,price_history_years_available,price_history_years_available,1
test_2024,price_history_years_available,revenue,0.2678077826354206
test_2024,price_history_years_available,revenue_growth_pct,0.26690791101165962
test_2024,price_history_years_available,roa,-0.23982958867653548
test_2024,price_history_years_available,roe,-0.050046301414476912
test_2024,price_history_years_available,short_term_liabilities,0.30744866124472797
test_2024,price_history_years_available,total_assets,0.27431395106731132
test_2024,price_history_years_available,working_capital,0.1203646784093874
test_2024,revenue,current_assets,0.8222733070286633
test_2024,revenue,current_ratio,-0.034161081634518066
test_2024,revenue,ebitda,0.86341388093482208
test_2024,revenue,ebitda_growth_pct,0.15780042971536026
test_2024,revenue,ebitda_margin,-0.48552585138510351
test_2024,revenue,enterprise_value,0.32496743764807717
test_2024,revenue,equity,0.6535419825482075
test_2024,revenue,ev_ebitda,-0.24970713947008769
test_2024,revenue,financial_debt_ratio,-0.082564182243103038
test_2024,revenue,gross_margin,-0.42662080506578981
test_2024,revenue,gross_profit,0.94402635169613514
test_2024,revenue,gross_profit_growth_pct,0.11370421415412096
test_2024,revenue,leverage_ratio,0.18225982020213186
test_2024,revenue,long_term_liabilities,0.65431183487394262
test_2024,revenue,market_cap,0.38546905299088063
test_2024,revenue,net_debt,0.32076108954272475
test_2024,revenue,net_debt_to_ebitda,0.090192356863344605
test_2024,revenue,net_income,0.66304662033620876
test_2024,revenue,net_income_growth_pct,-0.31504090257723683
test_2024,revenue,net_margin,-0.59582252282578052
test_2024,revenue,non_current_assets,0.63680432141327081
test_2024,revenue,operating_income,0.80168759704017833
test_2024,revenue,operating_income_growth_pct,0.23906272569001039
test_2024,revenue,pb_ratio,-0.044209666750539826
test_2024,revenue,pe_ratio,-0.16137980650653033
test_2024,revenue,price_adjclose_t,0.1986256574769201
test_2024,revenue,price_drawdown_from_3y_high_pct,-0.19273456031713596
test_2024,revenue,price_history_years_available,0.2678077826354206
test_2024,revenue,revenue,1
test_2024,revenue,revenue_growth_pct,-0.0073083628220490006
test_2024,revenue,roa,-0.24490725705154567
test_2024,revenue,roe,0.091506038230082701
test_2024,revenue,short_term_liabilities,0.87737087220066867
test_2024,revenue,total_assets,0.7827164264255555
test_2024,revenue,working_capital,0.3889217588094821
test_2024,revenue_growth_pct,current_assets,0.17488781499122674
test_2024,revenue_growth_pct,current_ratio,0.43366192119674052
test_2024,revenue_growth_pct,ebitda,0.11354200857727724
test_2024,revenue_growth_pct,ebitda_growth_pct,0.56367836703579022
test_2024,revenue_growth_pct,ebitda_margin,0.14549156553801607
test_2024,revenue_growth_pct,enterprise_value,-0.16554022075391928
test_2024,revenue_growth_pct,equity,0.027989236524362145
test_2024,revenue_growth_pct,ev_ebitda,-0.1537456144726953
test_2024,revenue_growth_pct,financial_debt_ratio,-0.2942124133031398
test_2024,revenue_growth_pct,gross_margin,-0.027378309224976909
test_2024,revenue_growth_pct,gross_profit,-0.017232235211346446
test_2024,revenue_growth_pct,gross_profit_growth_pct,0.74336334904555501
test_2024,revenue_growth_pct,leverage_ratio,-0.077389227459606358
test_2024,revenue_growth_pct,long_term_liabilities,-0.029795145316373263
test_2024,revenue_growth_pct,market_cap,0.32708961003969661
test_2024,revenue_growth_pct,net_debt,-0.26907205052395305
test_2024,revenue_growth_pct,net_debt_to_ebitda,-0.23162012029876522
test_2024,revenue_growth_pct,net_income,0.081043286434462
test_2024,revenue_growth_pct,net_income_growth_pct,0.25741122424437274
test_2024,revenue_growth_pct,net_margin,0.058932650956238612
test_2024,revenue_growth_pct,non_current_assets,-0.11300039832633388
test_2024,revenue_growth_pct,operating_income,0.099273624699620644
test_2024,revenue_growth_pct,operating_income_growth_pct,0.3852565377527718
test_2024,revenue_growth_pct,pb_ratio,0.33881334965492382
test_2024,revenue_growth_pct,pe_ratio,0.29364653459420259
test_2024,revenue_growth_pct,price_adjclose_t,0.34169152003292269
test_2024,revenue_growth_pct,price_drawdown_from_3y_high_pct,-0.10637527240284142
test_2024,revenue_growth_pct,price_history_years_available,0.26690791101165962
test_2024,revenue_growth_pct,revenue,-0.0073083628220490006
test_2024,revenue_growth_pct,revenue_growth_pct,1
test_2024,revenue_growth_pct,roa,-0.0022836230805007708
test_2024,revenue_growth_pct,roe,0.016073677580843975
test_2024,revenue_growth_pct,short_term_liabilities,-0.036262052118100567
test_2024,revenue_growth_pct,total_assets,-0.0077222156857409789
test_2024,revenue_growth_pct,working_capital,0.43245882661331608
test_2024,roa,current_assets,-0.19902571220691032
test_2024,roa,current_ratio,0.25002273691869276
test_2024,roa,ebitda,-0.12948428626578912
test_2024,roa,ebitda_growth_pct,-0.19662880770771518
test_2024,roa,ebitda_margin,0.24298416386281602
test_2024,roa,enterprise_value,-0.15774854700262453
test_2024,roa,equity,-0.14829977652857057
test_2024,roa,ev_ebitda,-0.11392937263427776
test_2024,roa,financial_debt_ratio,-0.051429870681068177
test_2024,roa,gross_margin,0.0026955551466594308
test_2024,roa,gross_profit,-0.26299304768116599
test_2024,roa,gross_profit_growth_pct,-0.13405278289910749
test_2024,roa,leverage_ratio,-0.14781851174957344
test_2024,roa,long_term_liabilities,-0.30873946522767243
test_2024,roa,market_cap,-0.19385780547591625
test_2024,roa,net_debt,-0.12496084919143188
test_2024,roa,net_debt_to_ebitda,-0.10308149205606541
test_2024,roa,net_income,0.192743458263679
test_2024,roa,net_income_growth_pct,0.065444604008780785
test_2024,roa,net_margin,0.65330510157771993
test_2024,roa,non_current_assets,-0.23989761890325775
test_2024,roa,operating_income,-0.038177257018128873
test_2024,roa,operating_income_growth_pct,-0.13194407158798849
test_2024,roa,pb_ratio,-0.10872955806261402
test_2024,roa,pe_ratio,-0.45326307264553795
test_2024,roa,price_adjclose_t,-0.091971940476912331
test_2024,roa,price_drawdown_from_3y_high_pct,0.1959404099824236
test_2024,roa,price_history_years_available,-0.23982958867653548
test_2024,roa,revenue,-0.24490725705154567
test_2024,roa,revenue_growth_pct,-0.0022836230805007708
test_2024,roa,roa,1
test_2024,roa,roe,0.69186081108002528
test_2024,roa,short_term_liabilities,-0.23716808429550199
test_2024,roa,total_assets,-0.27173939593420587
test_2024,roa,working_capital,0.14521829607365894
test_2024,roe,current_assets,-0.064339806497994825
test_2024,roe,current_ratio,-0.015068903690743285
test_2024,roe,ebitda,0.024145107533280124
test_2024,roe,ebitda_growth_pct,-0.2740089938159872
test_2024,roe,ebitda_margin,-0.14109879544054268
test_2024,roe,enterprise_value,-0.095888818633013115
test_2024,roe,equity,-0.16693231327576197
test_2024,roe,ev_ebitda,-0.02145958025482669
test_2024,roe,financial_debt_ratio,-0.014588331846411007
test_2024,roe,gross_margin,-0.23771004305592716
test_2024,roe,gross_profit,0.0035935934720579331
test_2024,roe,gross_profit_growth_pct,-0.17958599220492419
test_2024,roe,leverage_ratio,0.21257449047647922
test_2024,roe,long_term_liabilities,-0.19253118205992151
test_2024,roe,market_cap,-0.20637179409446432
test_2024,roe,net_debt,-0.049580947761387953
test_2024,roe,net_debt_to_ebitda,0.10145246642773344
test_2024,roe,net_income,0.1268704038942928
test_2024,roe,net_income_growth_pct,-0.093453896392055827
test_2024,roe,net_margin,0.163396965566106
test_2024,roe,non_current_assets,-0.22234608188755403
test_2024,roe,operating_income,0.045374249681683104
test_2024,roe,operating_income_growth_pct,-0.10253763101263669
test_2024,roe,pb_ratio,-0.10853014234405087
test_2024,roe,pe_ratio,-0.39487351776944324
test_2024,roe,price_adjclose_t,-0.037894084936466538
test_2024,roe,price_drawdown_from_3y_high_pct,-0.075051310248621911
test_2024,roe,price_history_years_available,-0.050046301414476912
test_2024,roe,revenue,0.091506038230082701
test_2024,roe,revenue_growth_pct,0.016073677580843975
test_2024,roe,roa,0.69186081108002528
test_2024,roe,roe,1
test_2024,roe,short_term_liabilities,0.0081628136612069118
test_2024,roe,total_assets,-0.18745515413465452
test_2024,roe,working_capital,0.054085261279677069
test_2024,short_term_liabilities,current_assets,0.9117896120432043
test_2024,short_term_liabilities,current_ratio,-0.16737414574148338
test_2024,short_term_liabilities,ebitda,0.80456141930226754
test_2024,short_term_liabilities,ebitda_growth_pct,0.14771784571120131
test_2024,short_term_liabilities,ebitda_margin,-0.36946368063776736
test_2024,short_term_liabilities,enterprise_value,0.49786457025058228
test_2024,short_term_liabilities,equity,0.78109033269525607
test_2024,short_term_liabilities,ev_ebitda,-0.048288473031848987
test_2024,short_term_liabilities,financial_debt_ratio,0.10997291058544315
test_2024,short_term_liabilities,gross_margin,-0.37494761154175643
test_2024,short_term_liabilities,gross_profit,0.8539153897527535
test_2024,short_term_liabilities,gross_profit_growth_pct,0.082564299885128076
test_2024,short_term_liabilities,leverage_ratio,0.23897779144398928
test_2024,short_term_liabilities,long_term_liabilities,0.78855206970922709
test_2024,short_term_liabilities,market_cap,0.48498880477431977
test_2024,short_term_liabilities,net_debt,0.47261860009874312
test_2024,short_term_liabilities,net_debt_to_ebitda,0.19772466712797077
test_2024,short_term_liabilities,net_income,0.68942098812483199
test_2024,short_term_liabilities,net_income_growth_pct,-0.13668176137881624
test_2024,short_term_liabilities,net_margin,-0.42697800344559178
test_2024,short_term_liabilities,non_current_assets,0.74916382274731264
test_2024,short_term_liabilities,operating_income,0.80502028999315722
test_2024,short_term_liabilities,operating_income_growth_pct,0.13716955451037338
test_2024,short_term_liabilities,pb_ratio,-0.022222140084292852
test_2024,short_term_liabilities,pe_ratio,-0.079298317034932522
test_2024,short_term_liabilities,price_adjclose_t,0.20910459848767002
test_2024,short_term_liabilities,price_drawdown_from_3y_high_pct,-0.067465478890159053
test_2024,short_term_liabilities,price_history_years_available,0.30744866124472797
test_2024,short_term_liabilities,revenue,0.87737087220066867
test_2024,short_term_liabilities,revenue_growth_pct,-0.036262052118100567
test_2024,short_term_liabilities,roa,-0.23716808429550199
test_2024,short_term_liabilities,roe,0.0081628136612069118
test_2024,short_term_liabilities,short_term_liabilities,1
test_2024,short_term_liabilities,total_assets,0.90635107101714141
test_2024,short_term_liabilities,working_capital,0.37760409177919635
test_2024,total_assets,current_assets,0.90546244727200298
test_2024,total_assets,current_ratio,-0.0088449861846151157
test_2024,total_assets,ebitda,0.81673823383067123
test_2024,total_assets,ebitda_growth_pct,0.23007075219177325
test_2024,total_assets,ebitda_margin,-0.14332307916657866
test_2024,total_assets,enterprise_value,0.46682722540298488
test_2024,total_assets,equity,0.91293605079211093
test_2024,total_assets,ev_ebitda,-0.13824445002641814
test_2024,total_assets,financial_debt_ratio,0.076295268122406876
test_2024,total_assets,gross_margin,-0.2375405035900777
test_2024,total_assets,gross_profit,0.80760839769889059
test_2024,total_assets,gross_profit_growth_pct,0.17683421416911974
test_2024,total_assets,leverage_ratio,0.021861395743648829
test_2024,total_assets,long_term_liabilities,0.88687248269828778
test_2024,total_assets,market_cap,0.61732468752977465
test_2024,total_assets,net_debt,0.42498611965249328
test_2024,total_assets,net_debt_to_ebitda,0.060883988726953775
test_2024,total_assets,net_income,0.77552979185975024
test_2024,total_assets,net_income_growth_pct,-0.074246746287853008
test_2024,total_assets,net_margin,-0.2568022746163377
test_2024,total_assets,non_current_assets,0.90988265584533723
test_2024,total_assets,operating_income,0.8151418134100179
test_2024,total_assets,operating_income_growth_pct,0.16538099567942288
test_2024,total_assets,pb_ratio,0.025948992034810252
test_2024,total_assets,pe_ratio,-0.02459274930489988
test_2024,total_assets,price_adjclose_t,0.20660020268338944
test_2024,total_assets,price_drawdown_from_3y_high_pct,0.043255378809958431
test_2024,total_assets,price_history_years_available,0.27431395106731132
test_2024,total_assets,revenue,0.7827164264255555
test_2024,total_assets,revenue_growth_pct,-0.0077222156857409789
test_2024,total_assets,roa,-0.27173939593420587
test_2024,total_assets,roe,-0.18745515413465452
test_2024,total_assets,short_term_liabilities,0.90635107101714141
test_2024,total_assets,total_assets,1
test_2024,total_assets,working_capital,0.44840757117738267
test_2024,working_capital,current_assets,0.6196041177642464
test_2024,working_capital,current_ratio,0.73037169448510619
test_2024,working_capital,ebitda,0.51892488543461079
test_2024,working_capital,ebitda_growth_pct,0.27129205417635976
test_2024,working_capital,ebitda_margin,0.1392323886606858
test_2024,working_capital,enterprise_value,-0.18339594286753694
test_2024,working_capital,equity,0.47507847485080251
test_2024,working_capital,ev_ebitda,-0.55455234255225183
test_2024,working_capital,financial_debt_ratio,-0.40548427471394793
test_2024,working_capital,gross_margin,-0.10348101232651113
test_2024,working_capital,gross_profit,0.40692819929502982
test_2024,working_capital,gross_profit_growth_pct,0.42278357891888074
test_2024,working_capital,leverage_ratio,-0.39293709019410838
test_2024,working_capital,long_term_liabilities,0.24963633922616527
test_2024,working_capital,market_cap,0.3977256151960572
test_2024,working_capital,net_debt,-0.26097660479337553
test_2024,working_capital,net_debt_to_ebitda,-0.39435004952977681
test_2024,working_capital,net_income,0.51765928835609931
test_2024,working_capital,net_income_growth_pct,-0.037661638011475027
test_2024,working_capital,net_margin,0.071325665842999389
test_2024,working_capital,non_current_assets,0.29249372027959913
test_2024,working_capital,operating_income,0.53236078509497531
test_2024,working_capital,operating_income_growth_pct,0.38314286053834923
test_2024,working_capital,pb_ratio,-0.010261203476582605
test_2024,working_capital,pe_ratio,-0.10968094689521962
test_2024,working_capital,price_adjclose_t,0.075338628509064434
test_2024,working_capital,price_drawdown_from_3y_high_pct,0.008715636028872242
test_2024,working_capital,price_history_years_available,0.1203646784093874
test_2024,working_capital,revenue,0.3889217588094821
test_2024,working_capital,revenue_growth_pct,0.43245882661331608
test_2024,working_capital,roa,0.14521829607365894
test_2024,working_capital,roe,0.054085261279677069
test_2024,working_capital,short_term_liabilities,0.37760409177919635
test_2024,working_capital,total_assets,0.44840757117738267
test_2024,working_capital,working_capital,1
test_2025,current_assets,current_assets,1
test_2025,current_assets,current_ratio,0.11095177385803311
test_2025,current_assets,ebitda,0.8119810684501878
test_2025,current_assets,ebitda_growth_pct,0.3146399331238463
test_2025,current_assets,ebitda_margin,-0.28549582895899317
test_2025,current_assets,enterprise_value,0.38808247038967064
test_2025,current_assets,equity,0.81685900614152429
test_2025,current_assets,ev_ebitda,-0.23981545188915013
test_2025,current_assets,financial_debt_ratio,-0.0097931386091573251
test_2025,current_assets,gross_margin,-0.32328873585813461
test_2025,current_assets,gross_profit,0.81573168402764895
test_2025,current_assets,gross_profit_growth_pct,0.31939363818866107
test_2025,current_assets,leverage_ratio,0.097175377274627023
test_2025,current_assets,long_term_liabilities,0.71606353863502137
test_2025,current_assets,market_cap,0.62949875445987191
test_2025,current_assets,net_debt,0.2976850752968363
test_2025,current_assets,net_debt_to_ebitda,-0.025485530229178193
test_2025,current_assets,net_income,0.70087939990871828
test_2025,current_assets,net_income_growth_pct,-0.092534038418429734
test_2025,current_assets,net_margin,-0.32758076596435098
test_2025,current_assets,non_current_assets,0.69483443957077717
test_2025,current_assets,operating_income,0.79186692494763977
test_2025,current_assets,operating_income_growth_pct,0.23636124327384031
test_2025,current_assets,pb_ratio,0.026128059865832814
test_2025,current_assets,pe_ratio,-0.011280812564807036
test_2025,current_assets,price_adjclose_t,0.30225877887976599
test_2025,current_assets,price_drawdown_from_3y_high_pct,0.046709981890407405
test_2025,current_assets,price_history_years_available,0.3212000614659159
test_2025,current_assets,revenue,0.83258273643317693
test_2025,current_assets,revenue_growth_pct,0.19506204207319922
test_2025,current_assets,roa,-0.17612263052614144
test_2025,current_assets,roe,-0.032946456887825042
test_2025,current_assets,short_term_liabilities,0.91606824759737171
test_2025,current_assets,total_assets,0.9092867928108691
test_2025,current_assets,working_capital,0.62321965192132567
test_2025,current_ratio,current_assets,0.11095177385803311
test_2025,current_ratio,current_ratio,1
test_2025,current_ratio,ebitda,0.092404702392691968
test_2025,current_ratio,ebitda_growth_pct,0.29159707118539785
test_2025,current_ratio,ebitda_margin,0.32576833462198368
test_2025,current_ratio,enterprise_value,-0.47501482855362603
test_2025,current_ratio,equity,0.031861292128458917
test_2025,current_ratio,ev_ebitda,-0.65890427569534626
test_2025,current_ratio,financial_debt_ratio,-0.64254429978122263
test_2025,current_ratio,gross_margin,0.22544853023518746
test_2025,current_ratio,gross_profit,-0.017307075988229201
test_2025,current_ratio,gross_profit_growth_pct,0.42178664995947662
test_2025,current_ratio,leverage_ratio,-0.67971945513184995
test_2025,current_ratio,long_term_liabilities,-0.22463486120108239
test_2025,current_ratio,market_cap,0.12043954196497307
test_2025,current_ratio,net_debt,-0.56922077997286458
test_2025,current_ratio,net_debt_to_ebitda,-0.70697979479395157
test_2025,current_ratio,net_income,0.07488143545568457
test_2025,current_ratio,net_income_growth_pct,-0.013804985449758035
test_2025,current_ratio,net_margin,0.15880444494001397
test_2025,current_ratio,non_current_assets,-0.11807598350589482
test_2025,current_ratio,operating_income,0.10013236252255862
test_2025,current_ratio,operating_income_growth_pct,0.27132973524742893
test_2025,current_ratio,pb_ratio,-0.0083648713357235126
test_2025,current_ratio,pe_ratio,0.00054111085182996684
test_2025,current_ratio,price_adjclose_t,-0.053279773156396523
test_2025,current_ratio,price_drawdown_from_3y_high_pct,-0.1085789533131051
test_2025,current_ratio,price_history_years_available,-0.24545547450100647
test_2025,current_ratio,revenue,-0.065155047386746059
test_2025,current_ratio,revenue_growth_pct,0.38137650666701217
test_2025,current_ratio,roa,0.1535896821009263
test_2025,current_ratio,roe,-0.068448117220815827
test_2025,current_ratio,short_term_liabilities,-0.19041728516443854
test_2025,current_ratio,total_assets,-0.036437984829304666
test_2025,current_ratio,working_capital,0.70876147991583505
test_2025,ebitda,current_assets,0.8119810684501878
test_2025,ebitda,current_ratio,0.092404702392691968
test_2025,ebitda,ebitda,1
test_2025,ebitda,ebitda_growth_pct,0.25327758494278796
test_2025,ebitda,ebitda_margin,-0.071703848959166247
test_2025,ebitda,enterprise_value,0.42261172099539812
test_2025,ebitda,equity,0.74302515314883311
test_2025,ebitda,ev_ebitda,-0.34139271118394754
test_2025,ebitda,financial_debt_ratio,-0.018121385167430788
test_2025,ebitda,gross_margin,-0.17288782672631617
test_2025,ebitda,gross_profit,0.89221707035069098
test_2025,ebitda,gross_profit_growth_pct,0.2497733353671675
test_2025,ebitda,leverage_ratio,0.065080659725813922
test_2025,ebitda,long_term_liabilities,0.73181431942883413
test_2025,ebitda,market_cap,0.48041014463843418
test_2025,ebitda,net_debt,0.34454904455688834
test_2025,ebitda,net_debt_to_ebitda,0.022257474546488045
test_2025,ebitda,net_income,0.79997234738541001
test_2025,ebitda,net_income_growth_pct,-0.18025511601623703
test_2025,ebitda,net_margin,-0.24275108675643514
test_2025,ebitda,non_current_assets,0.7295817982299998
test_2025,ebitda,operating_income,0.91635291155108878
test_2025,ebitda,operating_income_growth_pct,0.21949073877137856
test_2025,ebitda,pb_ratio,-0.091549783145844985
test_2025,ebitda,pe_ratio,-0.23777434825278279
test_2025,ebitda,price_adjclose_t,0.13470277508682904
test_2025,ebitda,price_drawdown_from_3y_high_pct,0.069211404624926559
test_2025,ebitda,price_history_years_available,0.28558635239715324
test_2025,ebitda,revenue,0.86298615749857688
test_2025,ebitda,revenue_growth_pct,0.10288230348271221
test_2025,ebitda,roa,-0.068784118906739369
test_2025,ebitda,roe,0.091070334422266863
test_2025,ebitda,short_term_liabilities,0.81820816535672947
test_2025,ebitda,total_assets,0.82561914957568228
test_2025,ebitda,working_capital,0.53469451013224378
test_2025,ebitda_growth_pct,current_assets,0.3146399331238463
test_2025,ebitda_growth_pct,current_ratio,0.29159707118539785
test_2025,ebitda_growth_pct,ebitda,0.25327758494278796
test_2025,ebitda_growth_pct,ebitda_growth_pct,1
test_2025,ebitda_growth_pct,ebitda_margin,0.061372756424115452
test_2025,ebitda_growth_pct,enterprise_value,0.027890081751359215
test_2025,ebitda_growth_pct,equity,0.31924601900375615
test_2025,ebitda_growth_pct,ev_ebitda,-0.19213141751729637
test_2025,ebitda_growth_pct,financial_debt_ratio,-0.3758005562551075
test_2025,ebitda_growth_pct,gross_margin,0.081761169407789436
test_2025,ebitda_growth_pct,gross_profit,0.2129606361092338
test_2025,ebitda_growth_pct,gross_profit_growth_pct,0.90964826752885453
test_2025,ebitda_growth_pct,leverage_ratio,-0.31611037935100517
test_2025,ebitda_growth_pct,long_term_liabilities,0.13042057101855442
test_2025,ebitda_growth_pct,market_cap,0.52208394556261262
test_2025,ebitda_growth_pct,net_debt,-0.1423622177894216
test_2025,ebitda_growth_pct,net_debt_to_ebitda,-0.39976012844857567
test_2025,ebitda_growth_pct,net_income,0.19078500052730379
test_2025,ebitda_growth_pct,net_income_growth_pct,0.32970613179604347
test_2025,ebitda_growth_pct,net_margin,-0.10340655987060363
test_2025,ebitda_growth_pct,non_current_assets,0.2292943368246447
test_2025,ebitda_growth_pct,operating_income,0.20892452821938751
test_2025,ebitda_growth_pct,operating_income_growth_pct,0.63892840510403948
test_2025,ebitda_growth_pct,pb_ratio,0.25775733387016692
test_2025,ebitda_growth_pct,pe_ratio,0.34094788485805855
test_2025,ebitda_growth_pct,price_adjclose_t,0.3131601287338534
test_2025,ebitda_growth_pct,price_drawdown_from_3y_high_pct,-0.17350233914115265
test_2025,ebitda_growth_pct,price_history_years_available,0.24219428416997429
test_2025,ebitda_growth_pct,revenue,0.17939784988201066
test_2025,ebitda_growth_pct,revenue_growth_pct,0.5786523764241388
test_2025,ebitda_growth_pct,roa,-0.2595286900105791
test_2025,ebitda_growth_pct,roe,-0.30150147618449891
test_2025,ebitda_growth_pct,short_term_liabilities,0.19310147470452929
test_2025,ebitda_growth_pct,total_assets,0.27860700120885123
test_2025,ebitda_growth_pct,working_capital,0.30093456679107539
test_2025,ebitda_margin,current_assets,-0.28549582895899317
test_2025,ebitda_margin,current_ratio,0.32576833462198368
test_2025,ebitda_margin,ebitda,-0.071703848959166247
test_2025,ebitda_margin,ebitda_growth_pct,0.061372756424115452
test_2025,ebitda_margin,ebitda_margin,1
test_2025,ebitda_margin,enterprise_value,-0.10347983267414652
test_2025,ebitda_margin,equity,-0.077651558731874432
test_2025,ebitda_margin,ev_ebitda,-0.12031189905823128
test_2025,ebitda_margin,financial_debt_ratio,0.016508060246051105
test_2025,ebitda_margin,gross_margin,0.65397742803682468
test_2025,ebitda_margin,gross_profit,-0.32807689468781304
test_2025,ebitda_margin,gross_profit_growth_pct,0.13421251220937955
test_2025,ebitda_margin,leverage_ratio,-0.2928897500554471
test_2025,ebitda_margin,long_term_liabilities,-0.076410948342923821
test_2025,ebitda_margin,market_cap,-0.017364891988075153
test_2025,ebitda_margin,net_debt,-0.14038200816112867
test_2025,ebitda_margin,net_debt_to_ebitda,-0.18571582040277987
test_2025,ebitda_margin,net_income,-0.038253735636374381
test_2025,ebitda_margin,net_income_growth_pct,0.31814276542478698
test_2025,ebitda_margin,net_margin,0.68519116749033793
test_2025,ebitda_margin,non_current_assets,-0.060361055012193111
test_2025,ebitda_margin,operating_income,-0.048895726046660808
test_2025,ebitda_margin,operating_income_growth_pct,-0.03490474381076774
test_2025,ebitda_margin,pb_ratio,0.044081099099182272
test_2025,ebitda_margin,pe_ratio,-0.002464392776334221
test_2025,ebitda_margin,price_adjclose_t,-0.23981918054632426
test_2025,ebitda_margin,price_drawdown_from_3y_high_pct,0.23338367453842521
test_2025,ebitda_margin,price_history_years_available,-0.28655019653335229
test_2025,ebitda_margin,revenue,-0.49024550434809427
test_2025,ebitda_margin,revenue_growth_pct,0.11391791967186517
test_2025,ebitda_margin,roa,0.20111144700370606
test_2025,ebitda_margin,roe,-0.12759348094645495
test_2025,ebitda_margin,short_term_liabilities,-0.36919482956339211
test_2025,ebitda_margin,total_assets,-0.17328492881335339
test_2025,ebitda_margin,working_capital,0.10397503341204671
test_2025,enterprise_value,current_assets,0.38808247038967064
test_2025,enterprise_value,current_ratio,-0.47501482855362603
test_2025,enterprise_value,ebitda,0.42261172099539812
test_2025,enterprise_value,ebitda_growth_pct,0.027890081751359215
test_2025,enterprise_value,ebitda_margin,-0.10347983267414652
test_2025,enterprise_value,enterprise_value,1
test_2025,enterprise_value,equity,0.46684645548732118
test_2025,enterprise_value,ev_ebitda,0.54243409201675952
test_2025,enterprise_value,financial_debt_ratio,0.65134441094757334
test_2025,enterprise_value,gross_margin,-0.0960047523756897
test_2025,enterprise_value,gross_profit,0.38245909061792127
test_2025,enterprise_value,gross_profit_growth_pct,0.014743750431280954
test_2025,enterprise_value,leverage_ratio,0.42263361666939719
test_2025,enterprise_value,long_term_liabilities,0.69097741549879288
test_2025,enterprise_value,market_cap,0.48744828480205815
test_2025,enterprise_value,net_debt,0.88515965218531822
test_2025,enterprise_value,net_debt_to_ebitda,0.47612630322788335
test_2025,enterprise_value,net_income,0.44037404359925303
test_2025,enterprise_value,net_income_growth_pct,-0.037644513233408033
test_2025,enterprise_value,net_margin,-0.053821202747580794
test_2025,enterprise_value,non_current_assets,0.5920884772213485
test_2025,enterprise_value,operating_income,0.43620024195507023
test_2025,enterprise_value,operating_income_growth_pct,-0.10434872700731666
test_2025,enterprise_value,pb_ratio,0.23585909509081987
test_2025,enterprise_value,pe_ratio,0.1239556325965246
test_2025,enterprise_value,price_adjclose_t,0.38572459830042038
test_2025,enterprise_value,price_drawdown_from_3y_high_pct,0.14341672165865732
test_2025,enterprise_value,price_history_years_available,0.17673906118449578
test_2025,enterprise_value,revenue,0.3690708758055472
test_2025,enterprise_value,revenue_growth_pct,-0.11817916038665123
test_2025,enterprise_value,roa,-0.087073223407688874
test_2025,enterprise_value,roe,-0.033816531861593349
test_2025,enterprise_value,short_term_liabilities,0.53523011853011415
test_2025,enterprise_value,total_assets,0.51077491853562051
test_2025,enterprise_value,working_capital,-0.12604729669709797
test_2025,equity,current_assets,0.81685900614152429
test_2025,equity,current_ratio,0.031861292128458917
test_2025,equity,ebitda,0.74302515314883311
test_2025,equity,ebitda_growth_pct,0.31924601900375615
test_2025,equity,ebitda_margin,-0.077651558731874432
test_2025,equity,enterprise_value,0.46684645548732118
test_2025,equity,equity,1
test_2025,equity,ev_ebitda,-0.2043579726373301
test_2025,equity,financial_debt_ratio,0.020318995347790032
test_2025,equity,gross_margin,-0.24286116458725937
test_2025,equity,gross_profit,0.67266879370567667
test_2025,equity,gross_profit_growth_pct,0.26713867014446813
test_2025,equity,leverage_ratio,-0.098566751307752457
test_2025,equity,long_term_liabilities,0.79330165540193842
test_2025,equity,market_cap,0.64148456850070001
test_2025,equity,net_debt,0.37099832852421466
test_2025,equity,net_debt_to_ebitda,-0.11598578372293472
test_2025,equity,net_income,0.77486417941694052
test_2025,equity,net_income_growth_pct,-0.071174395062778228
test_2025,equity,net_margin,-0.091141083196721984
test_2025,equity,non_current_assets,0.89939127255315188
test_2025,equity,operating_income,0.74806072137174939
test_2025,equity,operating_income_growth_pct,0.22713605962243133
test_2025,equity,pb_ratio,-0.10822971580518818
test_2025,equity,pe_ratio,-0.050826287551426208
test_2025,equity,price_adjclose_t,0.21359017322592655
test_2025,equity,price_drawdown_from_3y_high_pct,0.044283208535525795
test_2025,equity,price_history_years_available,0.29437085441130356
test_2025,equity,revenue,0.67307882984770695
test_2025,equity,revenue_growth_pct,0.067978477963490061
test_2025,equity,roa,-0.12073640452075027
test_2025,equity,roe,-0.13334660241711715
test_2025,equity,short_term_liabilities,0.78925553996755093
test_2025,equity,total_assets,0.91662735467837109
test_2025,equity,working_capital,0.48993418492330487
test_2025,ev_ebitda,current_assets,-0.23981545188915013
test_2025,ev_ebitda,current_ratio,-0.65890427569534626
test_2025,ev_ebitda,ebitda,-0.34139271118394754
test_2025,ev_ebitda,ebitda_growth_pct,-0.19213141751729637
test_2025,ev_ebitda,ebitda_margin,-0.12031189905823128
test_2025,ev_ebitda,enterprise_value,0.54243409201675952
test_2025,ev_ebitda,equity,-0.2043579726373301
test_2025,ev_ebitda,ev_ebitda,1
test_2025,ev_ebitda,financial_debt_ratio,0.66880856624442397
test_2025,ev_ebitda,gross_margin,-0.084633404296186446
test_2025,ev_ebitda,gross_profit,-0.29836627692450307
test_2025,ev_ebitda,gross_profit_growth_pct,-0.19628985464859605
test_2025,ev_ebitda,leverage_ratio,0.51439720920319509
test_2025,ev_ebitda,long_term_liabilities,0.076251794454231081
test_2025,ev_ebitda,market_cap,0.098782007602913877
test_2025,ev_ebitda,net_debt,0.51454938433363417
test_2025,ev_ebitda,net_debt_to_ebitda,0.62703868364622639
test_2025,ev_ebitda,net_income,-0.24582711296026788
test_2025,ev_ebitda,net_income_growth_pct,0.17239119089907784
test_2025,ev_ebitda,net_margin,0.0501985044735513
test_2025,ev_ebitda,non_current_assets,-0.06521910638367584
test_2025,ev_ebitda,operating_income,-0.29014168770712323
test_2025,ev_ebitda,operating_income_growth_pct,-0.2106248362549204
test_2025,ev_ebitda,pb_ratio,0.40957221314557835
test_2025,ev_ebitda,pe_ratio,0.34560042470023183
test_2025,ev_ebitda,price_adjclose_t,0.22844725673280589
test_2025,ev_ebitda,price_drawdown_from_3y_high_pct,0.050730289535020331
test_2025,ev_ebitda,price_history_years_available,0.0060604810849954225
test_2025,ev_ebitda,revenue,-0.26714081178197541
test_2025,ev_ebitda,revenue_growth_pct,-0.10961250471510998
test_2025,ev_ebitda,roa,-0.075416104404285492
test_2025,ev_ebitda,roe,-0.035689601504705931
test_2025,ev_ebitda,short_term_liabilities,-0.076398896850676815
test_2025,ev_ebitda,total_assets,-0.15222629849852309
test_2025,ev_ebitda,working_capital,-0.54853103600479969
test_2025,financial_debt_ratio,current_assets,-0.0097931386091573251
test_2025,financial_debt_ratio,current_ratio,-0.64254429978122263
test_2025,financial_debt_ratio,ebitda,-0.018121385167430788
test_2025,financial_debt_ratio,ebitda_growth_pct,-0.3758005562551075
test_2025,financial_debt_ratio,ebitda_margin,0.016508060246051105
test_2025,financial_debt_ratio,enterprise_value,0.65134441094757334
test_2025,financial_debt_ratio,equity,0.020318995347790032
test_2025,financial_debt_ratio,ev_ebitda,0.66880856624442397
test_2025,financial_debt_ratio,financial_debt_ratio,1
test_2025,financial_debt_ratio,gross_margin,-0.037126228817116899
test_2025,financial_debt_ratio,gross_profit,-0.052582292402375337
test_2025,financial_debt_ratio,gross_profit_growth_pct,-0.323024035116591
test_2025,financial_debt_ratio,leverage_ratio,0.73064426317707543
test_2025,financial_debt_ratio,long_term_liabilities,0.42283201617601002
test_2025,financial_debt_ratio,market_cap,0.029318902597669682
test_2025,financial_debt_ratio,net_debt,0.75657881712391406
test_2025,financial_debt_ratio,net_debt_to_ebitda,0.73398380350039916
test_2025,financial_debt_ratio,net_income,0.041184981085638526
test_2025,financial_debt_ratio,net_income_growth_pct,-0.11584674580396497
test_2025,financial_debt_ratio,net_margin,0.13430486937079028
test_2025,financial_debt_ratio,non_current_assets,0.18407798981800189
test_2025,financial_debt_ratio,operating_income,0.020235926012934793
test_2025,financial_debt_ratio,operating_income_growth_pct,-0.28514186651218765
test_2025,financial_debt_ratio,pb_ratio,0.17553929832717818
test_2025,financial_debt_ratio,pe_ratio,0.05429418671081148
test_2025,financial_debt_ratio,price_adjclose_t,0.18432437601298182
test_2025,financial_debt_ratio,price_drawdown_from_3y_high_pct,0.25872351104107394
test_2025,financial_debt_ratio,price_history_years_available,0.19549770643097256
test_2025,financial_debt_ratio,revenue,-0.043623475804270166
test_2025,financial_debt_ratio,revenue_growth_pct,-0.230412328286066
test_2025,financial_debt_ratio,roa,-0.018715518067632261
test_2025,financial_debt_ratio,roe,0.025362490205207238
test_2025,financial_debt_ratio,short_term_liabilities,0.13681088517715498
test_2025,financial_debt_ratio,total_assets,0.096986504158568868
test_2025,financial_debt_ratio,working_capital,-0.38476480136394198
test_2025,gross_margin,current_assets,-0.32328873585813461
test_2025,gross_margin,current_ratio,0.22544853023518746
test_2025,gross_margin,ebitda,-0.17288782672631617
test_2025,gross_margin,ebitda_growth_pct,0.081761169407789436
test_2025,gross_margin,ebitda_margin,0.65397742803682468
test_2025,gross_margin,enterprise_value,-0.0960047523756897
test_2025,gross_margin,equity,-0.24286116458725937
test_2025,gross_margin,ev_ebitda,-0.084633404296186446
test_2025,gross_margin,financial_debt_ratio,-0.037126228817116899
test_2025,gross_margin,gross_margin,1
test_2025,gross_margin,gross_profit,-0.16678455257452027
test_2025,gross_margin,gross_profit_growth_pct,0.11249632373282345
test_2025,gross_margin,leverage_ratio,-0.24057090625873281
test_2025,gross_margin,long_term_liabilities,-0.19899071258917178
test_2025,gross_margin,market_cap,-0.061607969163484246
test_2025,gross_margin,net_debt,-0.1246104141167777
test_2025,gross_margin,net_debt_to_ebitda,-0.23702040855307344
test_2025,gross_margin,net_income,-0.18745262134692348
test_2025,gross_margin,net_income_growth_pct,0.16822959892282047
test_2025,gross_margin,net_margin,0.38540640169410156
test_2025,gross_margin,non_current_assets,-0.21526328760170621
test_2025,gross_margin,operating_income,-0.13573314577288417
test_2025,gross_margin,operating_income_growth_pct,-0.10099252102161327
test_2025,gross_margin,pb_ratio,0.16938061724565365
test_2025,gross_margin,pe_ratio,0.12654371488471944
test_2025,gross_margin,price_adjclose_t,-0.11267148258631206
test_2025,gross_margin,price_drawdown_from_3y_high_pct,0.18025861070386279
test_2025,gross_margin,price_history_years_available,-0.18492792590122681
test_2025,gross_margin,revenue,-0.40638125047566237
test_2025,gross_margin,revenue_growth_pct,-0.047015534398937388
test_2025,gross_margin,roa,0.022313534204468688
test_2025,gross_margin,roe,-0.16979979281041646
test_2025,gross_margin,short_term_liabilities,-0.37621650969783621
test_2025,gross_margin,total_assets,-0.2567656090940012
test_2025,gross_margin,working_capital,-0.12329862205791672
test_2025,gross_profit,current_assets,0.81573168402764895
test_2025,gross_profit,current_ratio,-0.017307075988229201
test_2025,gross_profit,ebitda,0.89221707035069098
test_2025,gross_profit,ebitda_growth_pct,0.2129606361092338
test_2025,gross_profit,ebitda_margin,-0.32807689468781304
test_2025,gross_profit,enterprise_value,0.38245909061792127
test_2025,gross_profit,equity,0.67266879370567667
test_2025,gross_profit,ev_ebitda,-0.29836627692450307
test_2025,gross_profit,financial_debt_ratio,-0.052582292402375337
test_2025,gross_profit,gross_margin,-0.16678455257452027
test_2025,gross_profit,gross_profit,1
test_2025,gross_profit,gross_profit_growth_pct,0.15859973566418795
test_2025,gross_profit,leverage_ratio,0.13365993687519218
test_2025,gross_profit,long_term_liabilities,0.66085482778936067
test_2025,gross_profit,market_cap,0.44530195268336864
test_2025,gross_profit,net_debt,0.33574312315190424
test_2025,gross_profit,net_debt_to_ebitda,0.038985075403015573
test_2025,gross_profit,net_income,0.71607536094363633
test_2025,gross_profit,net_income_growth_pct,-0.25671496719914316
test_2025,gross_profit,net_margin,-0.43281169712392437
test_2025,gross_profit,non_current_assets,0.66298831095924116
test_2025,gross_profit,operating_income,0.81989530605137595
test_2025,gross_profit,operating_income_growth_pct,0.17437736055900743
test_2025,gross_profit,pb_ratio,-0.05689536533072706
test_2025,gross_profit,pe_ratio,-0.19628548673688789
test_2025,gross_profit,price_adjclose_t,0.22330705444317214
test_2025,gross_profit,price_drawdown_from_3y_high_pct,0.039262440383246805
test_2025,gross_profit,price_history_years_available,0.30606403780335695
test_2025,gross_profit,revenue,0.94907579636433037
test_2025,gross_profit,revenue_growth_pct,-0.020060396691067385
test_2025,gross_profit,roa,-0.15108522590927345
test_2025,gross_profit,roe,0.10656878977470811
test_2025,gross_profit,short_term_liabilities,0.85312282836205322
test_2025,gross_profit,total_assets,0.80066280012544633
test_2025,gross_profit,working_capital,0.40673662864765386
test_2025,gross_profit_growth_pct,current_assets,0.31939363818866107
test_2025,gross_profit_growth_pct,current_ratio,0.42178664995947662
test_2025,gross_profit_growth_pct,ebitda,0.2497733353671675
test_2025,gross_profit_growth_pct,ebitda_growth_pct,0.90964826752885453
test_2025,gross_profit_growth_pct,ebitda_margin,0.13421251220937955
test_2025,gross_profit_growth_pct,enterprise_value,0.014743750431280954
test_2025,gross_profit_growth_pct,equity,0.26713867014446813
test_2025,gross_profit_growth_pct,ev_ebitda,-0.19628985464859605
test_2025,gross_profit_growth_pct,financial_debt_ratio,-0.323024035116591
test_2025,gross_profit_growth_pct,gross_margin,0.11249632373282345
test_2025,gross_profit_growth_pct,gross_profit,0.15859973566418795
test_2025,gross_profit_growth_pct,gross_profit_growth_pct,1
test_2025,gross_profit_growth_pct,leverage_ratio,-0.26281896859252685
test_2025,gross_profit_growth_pct,long_term_liabilities,0.12711362096758974
test_2025,gross_profit_growth_pct,market_cap,0.57308049809586858
test_2025,gross_profit_growth_pct,net_debt,-0.16440644505538962
test_2025,gross_profit_growth_pct,net_debt_to_ebitda,-0.40432277483500334
test_2025,gross_profit_growth_pct,net_income,0.17695984658567937
test_2025,gross_profit_growth_pct,net_income_growth_pct,0.27706064142989273
test_2025,gross_profit_growth_pct,net_margin,-0.045903664913571826
test_2025,gross_profit_growth_pct,non_current_assets,0.15398289730737666
test_2025,gross_profit_growth_pct,operating_income,0.21219604179990542
test_2025,gross_profit_growth_pct,operating_income_growth_pct,0.63041121230744912
test_2025,gross_profit_growth_pct,pb_ratio,0.38271503237383792
test_2025,gross_profit_growth_pct,pe_ratio,0.40752760218158707
test_2025,gross_profit_growth_pct,price_adjclose_t,0.37600903055949325
test_2025,gross_profit_growth_pct,price_drawdown_from_3y_high_pct,-0.11534678248551777
test_2025,gross_profit_growth_pct,price_history_years_available,0.26955677516033782
test_2025,gross_profit_growth_pct,revenue,0.13168181981079627
test_2025,gross_profit_growth_pct,revenue_growth_pct,0.75122860643957612
test_2025,gross_profit_growth_pct,roa,-0.1951003196118441
test_2025,gross_profit_growth_pct,roe,-0.21499916935016675
test_2025,gross_profit_growth_pct,short_term_liabilities,0.12437169709523224
test_2025,gross_profit_growth_pct,total_assets,0.21963503964935141
test_2025,gross_profit_growth_pct,working_capital,0.44434530601211375
test_2025,leverage_ratio,current_assets,0.097175377274627023
test_2025,leverage_ratio,current_ratio,-0.67971945513184995
test_2025,leverage_ratio,ebitda,0.065080659725813922
test_2025,leverage_ratio,ebitda_growth_pct,-0.31611037935100517
test_2025,leverage_ratio,ebitda_margin,-0.2928897500554471
test_2025,leverage_ratio,enterprise_value,0.42263361666939719
test_2025,leverage_ratio,equity,-0.098566751307752457
test_2025,leverage_ratio,ev_ebitda,0.51439720920319509
test_2025,leverage_ratio,financial_debt_ratio,0.73064426317707543
test_2025,leverage_ratio,gross_margin,-0.24057090625873281
test_2025,leverage_ratio,gross_profit,0.13365993687519218
test_2025,leverage_ratio,gross_profit_growth_pct,-0.26281896859252685
test_2025,leverage_ratio,leverage_ratio,1
test_2025,leverage_ratio,long_term_liabilities,0.28016819294775447
test_2025,leverage_ratio,market_cap,-0.10495537029487101
test_2025,leverage_ratio,net_debt,0.55298796110227466
test_2025,leverage_ratio,net_debt_to_ebitda,0.74751880720074404
test_2025,leverage_ratio,net_income,-0.058105179641586902
test_2025,leverage_ratio,net_income_growth_pct,-0.1242123553265173
test_2025,leverage_ratio,net_margin,-0.24685271332205164
test_2025,leverage_ratio,non_current_assets,-0.038888005567616561
test_2025,leverage_ratio,operating_income,0.025701871642047441
test_2025,leverage_ratio,operating_income_growth_pct,-0.18656573091427114
test_2025,leverage_ratio,pb_ratio,0.13853175598248549
test_2025,leverage_ratio,pe_ratio,0.027803715457727474
test_2025,leverage_ratio,price_adjclose_t,0.18034480680966672
test_2025,leverage_ratio,price_drawdown_from_3y_high_pct,0.10682305338112828
test_2025,leverage_ratio,price_history_years_available,0.29756470981977817
test_2025,leverage_ratio,revenue,0.19619254117348875
test_2025,leverage_ratio,revenue_growth_pct,-0.018184734210610464
test_2025,leverage_ratio,roa,-0.092488051632489049
test_2025,leverage_ratio,roe,0.24594026311479822
test_2025,leverage_ratio,short_term_liabilities,0.2634266248066795
test_2025,leverage_ratio,total_assets,0.049501480217768568
test_2025,leverage_ratio,working_capital,-0.36783034816820304
test_2025,long_term_liabilities,current_assets,0.71606353863502137
test_2025,long_term_liabilities,current_ratio,-0.22463486120108239
test_2025,long_term_liabilities,ebitda,0.73181431942883413
test_2025,long_term_liabilities,ebitda_growth_pct,0.13042057101855442
test_2025,long_term_liabilities,ebitda_margin,-0.076410948342923821
test_2025,long_term_liabilities,enterprise_value,0.69097741549879288
test_2025,long_term_liabilities,equity,0.79330165540193842
test_2025,long_term_liabilities,ev_ebitda,0.076251794454231081
test_2025,long_term_liabilities,financial_debt_ratio,0.42283201617601002
test_2025,long_term_liabilities,gross_margin,-0.19899071258917178
test_2025,long_term_liabilities,gross_profit,0.66085482778936067
test_2025,long_term_liabilities,gross_profit_growth_pct,0.12711362096758974
test_2025,long_term_liabilities,leverage_ratio,0.28016819294775447
test_2025,long_term_liabilities,long_term_liabilities,1
test_2025,long_term_liabilities,market_cap,0.5078078579946802
test_2025,long_term_liabilities,net_debt,0.67475194752787415
test_2025,long_term_liabilities,net_debt_to_ebitda,0.30685355696986977
test_2025,long_term_liabilities,net_income,0.66546532783303491
test_2025,long_term_liabilities,net_income_growth_pct,-0.16894062662205497
test_2025,long_term_liabilities,net_margin,-0.16197080064742214
test_2025,long_term_liabilities,non_current_assets,0.9032457345811199
test_2025,long_term_liabilities,operating_income,0.66441237894666538
test_2025,long_term_liabilities,operating_income_growth_pct,0.050305466750222932
test_2025,long_term_liabilities,pb_ratio,-0.030493093919532727
test_2025,long_term_liabilities,pe_ratio,-0.034678207920568742
test_2025,long_term_liabilities,price_adjclose_t,0.21035785304865054
test_2025,long_term_liabilities,price_drawdown_from_3y_high_pct,0.099272683673627723
test_2025,long_term_liabilities,price_history_years_available,0.36929301106923612
test_2025,long_term_liabilities,revenue,0.65342040045329741
test_2025,long_term_liabilities,revenue_growth_pct,0.027221311121508811
test_2025,long_term_liabilities,roa,-0.27535984473999958
test_2025,long_term_liabilities,roe,-0.14237901447718621
test_2025,long_term_liabilities,short_term_liabilities,0.78853577044447709
test_2025,long_term_liabilities,total_assets,0.87859200761016953
test_2025,long_term_liabilities,working_capital,0.23544948316503128
test_2025,market_cap,current_assets,0.62949875445987191
test_2025,market_cap,current_ratio,0.12043954196497307
test_2025,market_cap,ebitda,0.48041014463843418
test_2025,market_cap,ebitda_growth_pct,0.52208394556261262
test_2025,market_cap,ebitda_margin,-0.017364891988075153
test_2025,market_cap,enterprise_value,0.48744828480205815
test_2025,market_cap,equity,0.64148456850070001
test_2025,market_cap,ev_ebitda,0.098782007602913877
test_2025,market_cap,financial_debt_ratio,0.029318902597669682
test_2025,market_cap,gross_margin,-0.061607969163484246
test_2025,market_cap,gross_profit,0.44530195268336864
test_2025,market_cap,gross_profit_growth_pct,0.57308049809586858
test_2025,market_cap,leverage_ratio,-0.10495537029487101
test_2025,market_cap,long_term_liabilities,0.5078078579946802
test_2025,market_cap,market_cap,1
test_2025,market_cap,net_debt,0.21686906444410034
test_2025,market_cap,net_debt_to_ebitda,-0.15877180806373434
test_2025,market_cap,net_income,0.53043767201897363
test_2025,market_cap,net_income_growth_pct,0.073698250909708524
test_2025,market_cap,net_margin,-0.03122179434351224
test_2025,market_cap,non_current_assets,0.5525861436212649
test_2025,market_cap,operating_income,0.50677963672705362
test_2025,market_cap,operating_income_growth_pct,0.4066370747395659
test_2025,market_cap,pb_ratio,0.61208280767590351
test_2025,market_cap,pe_ratio,0.51247883017110196
test_2025,market_cap,price_adjclose_t,0.58584528636586342
test_2025,market_cap,price_drawdown_from_3y_high_pct,0.083661757195306719
test_2025,market_cap,price_history_years_available,0.20725724657294634
test_2025,market_cap,revenue,0.40210471288241967
test_2025,market_cap,revenue_growth_pct,0.30693753526614409
test_2025,market_cap,roa,-0.13664910694128155
test_2025,market_cap,roe,-0.1884491715262244
test_2025,market_cap,short_term_liabilities,0.4894891078715784
test_2025,market_cap,total_assets,0.62076944081029684
test_2025,market_cap,working_capital,0.41890934005893077
test_2025,net_debt,current_assets,0.2976850752968363
test_2025,net_debt,current_ratio,-0.56922077997286458
test_2025,net_debt,ebitda,0.34454904455688834
test_2025,net_debt,ebitda_growth_pct,-0.1423622177894216
test_2025,net_debt,ebitda_margin,-0.14038200816112867
test_2025,net_debt,enterprise_value,0.88515965218531822
test_2025,net_debt,equity,0.37099832852421466
test_2025,net_debt,ev_ebitda,0.51454938433363417
test_2025,net_debt,financial_debt_ratio,0.75657881712391406
test_2025,net_debt,gross_margin,-0.1246104141167777
test_2025,net_debt,gross_profit,0.33574312315190424
test_2025,net_debt,gross_profit_growth_pct,-0.16440644505538962
test_2025,net_debt,leverage_ratio,0.55298796110227466
test_2025,net_debt,long_term_liabilities,0.67475194752787415
test_2025,net_debt,market_cap,0.21686906444410034
test_2025,net_debt,net_debt,1
test_2025,net_debt,net_debt_to_ebitda,0.62503582401709412
test_2025,net_debt,net_income,0.37514134017706846
test_2025,net_debt,net_income_growth_pct,-0.10563250026530083
test_2025,net_debt,net_margin,-0.056583063394757278
test_2025,net_debt,non_current_assets,0.52117369825715321
test_2025,net_debt,operating_income,0.36171204742322832
test_2025,net_debt,operating_income_growth_pct,-0.24273807837028338
test_2025,net_debt,pb_ratio,0.055588445219934585
test_2025,net_debt,pe_ratio,-0.041966010951583282
test_2025,net_debt,price_adjclose_t,0.25329963199289673
test_2025,net_debt,price_drawdown_from_3y_high_pct,0.13298281371259527
test_2025,net_debt,price_history_years_available,0.18840150774213138
test_2025,net_debt,revenue,0.33792467792165642
test_2025,net_debt,revenue_growth_pct,-0.20149274467753281
test_2025,net_debt,roa,-0.080591611674855887
test_2025,net_debt,roe,0.021278295617824395
test_2025,net_debt,short_term_liabilities,0.4766152889753677
test_2025,net_debt,total_assets,0.4227468124035495
test_2025,net_debt,working_capital,-0.25743543154842435
test_2025,net_debt_to_ebitda,current_assets,-0.025485530229178193
test_2025,net_debt_to_ebitda,current_ratio,-0.70697979479395157
test_2025,net_debt_to_ebitda,ebitda,0.022257474546488045
test_2025,net_debt_to_ebitda,ebitda_growth_pct,-0.39976012844857567
test_2025,net_debt_to_ebitda,ebitda_margin,-0.18571582040277987
test_2025,net_debt_to_ebitda,enterprise_value,0.47612630322788335
test_2025,net_debt_to_ebitda,equity,-0.11598578372293472
test_2025,net_debt_to_ebitda,ev_ebitda,0.62703868364622639
test_2025,net_debt_to_ebitda,financial_debt_ratio,0.73398380350039916
test_2025,net_debt_to_ebitda,gross_margin,-0.23702040855307344
test_2025,net_debt_to_ebitda,gross_profit,0.038985075403015573
test_2025,net_debt_to_ebitda,gross_profit_growth_pct,-0.40432277483500334
test_2025,net_debt_to_ebitda,leverage_ratio,0.74751880720074404
test_2025,net_debt_to_ebitda,long_term_liabilities,0.30685355696986977
test_2025,net_debt_to_ebitda,market_cap,-0.15877180806373434
test_2025,net_debt_to_ebitda,net_debt,0.62503582401709412
test_2025,net_debt_to_ebitda,net_debt_to_ebitda,1
test_2025,net_debt_to_ebitda,net_income,-0.037619236838436008
test_2025,net_debt_to_ebitda,net_income_growth_pct,0.057038447817063971
test_2025,net_debt_to_ebitda,net_margin,-0.085913760322328225
test_2025,net_debt_to_ebitda,non_current_assets,0.067154241055028069
test_2025,net_debt_to_ebitda,operating_income,-0.016545591475245935
test_2025,net_debt_to_ebitda,operating_income_growth_pct,-0.35800085618324207
test_2025,net_debt_to_ebitda,pb_ratio,0.047201118939594999
test_2025,net_debt_to_ebitda,pe_ratio,-0.085307703763936857
test_2025,net_debt_to_ebitda,price_adjclose_t,-0.089295610058699931
test_2025,net_debt_to_ebitda,price_drawdown_from_3y_high_pct,0.12040773352289055
test_2025,net_debt_to_ebitda,price_history_years_available,0.19270525632280078
test_2025,net_debt_to_ebitda,revenue,0.091583601402140169
test_2025,net_debt_to_ebitda,revenue_growth_pct,-0.19187494932375315
test_2025,net_debt_to_ebitda,roa,-0.086083523611556023
test_2025,net_debt_to_ebitda,roe,0.11951362094701351
test_2025,net_debt_to_ebitda,short_term_liabilities,0.19884292535343412
test_2025,net_debt_to_ebitda,total_assets,0.057758748667167362
test_2025,net_debt_to_ebitda,working_capital,-0.41001744170692361
test_2025,net_income,current_assets,0.70087939990871828
test_2025,net_income,current_ratio,0.07488143545568457
test_2025,net_income,ebitda,0.79997234738541001
test_2025,net_income,ebitda_growth_pct,0.19078500052730379
test_2025,net_income,ebitda_margin,-0.038253735636374381
test_2025,net_income,enterprise_value,0.44037404359925303
test_2025,net_income,equity,0.77486417941694052
test_2025,net_income,ev_ebitda,-0.24582711296026788
test_2025,net_income,financial_debt_ratio,0.041184981085638526
test_2025,net_income,gross_margin,-0.18745262134692348
test_2025,net_income,gross_profit,0.71607536094363633
test_2025,net_income,gross_profit_growth_pct,0.17695984658567937
test_2025,net_income,leverage_ratio,-0.058105179641586902
test_2025,net_income,long_term_liabilities,0.66546532783303491
test_2025,net_income,market_cap,0.53043767201897363
test_2025,net_income,net_debt,0.37514134017706846
test_2025,net_income,net_debt_to_ebitda,-0.037619236838436008
test_2025,net_income,net_income,1
test_2025,net_income,net_income_growth_pct,-0.13800762859558091
test_2025,net_income,net_margin,0.14679659899442693
test_2025,net_income,non_current_assets,0.75611843242498433
test_2025,net_income,operating_income,0.81110677607324644
test_2025,net_income,operating_income_growth_pct,0.1123585158782464
test_2025,net_income,pb_ratio,-0.042611257136111989
test_2025,net_income,pe_ratio,-0.33015045878060928
test_2025,net_income,price_adjclose_t,0.24417803572312097
test_2025,net_income,price_drawdown_from_3y_high_pct,0.18242079028512712
test_2025,net_income,price_history_years_available,0.2441028118063352
test_2025,net_income,revenue,0.68671261978112541
test_2025,net_income,revenue_growth_pct,0.050504790556794132
test_2025,net_income,roa,0.26052959270336262
test_2025,net_income,roe,0.22721762409244223
test_2025,net_income,short_term_liabilities,0.6902126819534673
test_2025,net_income,total_assets,0.75926895365583247
test_2025,net_income,working_capital,0.4547636481279565
test_2025,net_income_growth_pct,current_assets,-0.092534038418429734
test_2025,net_income_growth_pct,current_ratio,-0.013804985449758035
test_2025,net_income_growth_pct,ebitda,-0.18025511601623703
test_2025,net_income_growth_pct,ebitda_growth_pct,0.32970613179604347
test_2025,net_income_growth_pct,ebitda_margin,0.31814276542478698
test_2025,net_income_growth_pct,enterprise_value,-0.037644513233408033
test_2025,net_income_growth_pct,equity,-0.071174395062778228
test_2025,net_income_growth_pct,ev_ebitda,0.17239119089907784
test_2025,net_income_growth_pct,financial_debt_ratio,-0.11584674580396497
test_2025,net_income_growth_pct,gross_margin,0.16822959892282047
test_2025,net_income_growth_pct,gross_profit,-0.25671496719914316
test_2025,net_income_growth_pct,gross_profit_growth_pct,0.27706064142989273
test_2025,net_income_growth_pct,leverage_ratio,-0.1242123553265173
test_2025,net_income_growth_pct,long_term_liabilities,-0.16894062662205497
test_2025,net_income_growth_pct,market_cap,0.073698250909708524
test_2025,net_income_growth_pct,net_debt,-0.10563250026530083
test_2025,net_income_growth_pct,net_debt_to_ebitda,0.057038447817063971
test_2025,net_income_growth_pct,net_income,-0.13800762859558091
test_2025,net_income_growth_pct,net_income_growth_pct,1
test_2025,net_income_growth_pct,net_margin,0.27038884318284367
test_2025,net_income_growth_pct,non_current_assets,-0.10622389444180354
test_2025,net_income_growth_pct,operating_income,-0.20277820553847492
test_2025,net_income_growth_pct,operating_income_growth_pct,-0.026834965876595833
test_2025,net_income_growth_pct,pb_ratio,0.1037549973345034
test_2025,net_income_growth_pct,pe_ratio,0.14393276362629409
test_2025,net_income_growth_pct,price_adjclose_t,-0.23717259634735025
test_2025,net_income_growth_pct,price_drawdown_from_3y_high_pct,-0.071461595570336239
test_2025,net_income_growth_pct,price_history_years_available,-0.058774491059639403
test_2025,net_income_growth_pct,revenue,-0.32385188681688354
test_2025,net_income_growth_pct,revenue_growth_pct,0.24076693561841178
test_2025,net_income_growth_pct,roa,-0.04691311011283765
test_2025,net_income_growth_pct,roe,-0.20196750188661677
test_2025,net_income_growth_pct,short_term_liabilities,-0.13505238233037542
test_2025,net_income_growth_pct,total_assets,-0.073713649228893757
test_2025,net_income_growth_pct,working_capital,-0.06634862703593028
test_2025,net_margin,current_assets,-0.32758076596435098
test_2025,net_margin,current_ratio,0.15880444494001397
test_2025,net_margin,ebitda,-0.24275108675643514
test_2025,net_margin,ebitda_growth_pct,-0.10340655987060363
test_2025,net_margin,ebitda_margin,0.68519116749033793
test_2025,net_margin,enterprise_value,-0.053821202747580794
test_2025,net_margin,equity,-0.091141083196721984
test_2025,net_margin,ev_ebitda,0.0501985044735513
test_2025,net_margin,financial_debt_ratio,0.13430486937079028
test_2025,net_margin,gross_margin,0.38540640169410156
test_2025,net_margin,gross_profit,-0.43281169712392437
test_2025,net_margin,gross_profit_growth_pct,-0.045903664913571826
test_2025,net_margin,leverage_ratio,-0.24685271332205164
test_2025,net_margin,long_term_liabilities,-0.16197080064742214
test_2025,net_margin,market_cap,-0.03122179434351224
test_2025,net_margin,net_debt,-0.056583063394757278
test_2025,net_margin,net_debt_to_ebitda,-0.085913760322328225
test_2025,net_margin,net_income,0.14679659899442693
test_2025,net_margin,net_income_growth_pct,0.27038884318284367
test_2025,net_margin,net_margin,1
test_2025,net_margin,non_current_assets,-0.084716349451985987
test_2025,net_margin,operating_income,-0.13427080465416599
test_2025,net_margin,operating_income_growth_pct,-0.14981186828322124
test_2025,net_margin,pb_ratio,0.058866884594008802
test_2025,net_margin,pe_ratio,-0.16565406797895213
test_2025,net_margin,price_adjclose_t,-0.12253940771680202
test_2025,net_margin,price_drawdown_from_3y_high_pct,0.27440409547368455
test_2025,net_margin,price_history_years_available,-0.24315892867102906
test_2025,net_margin,revenue,-0.52654421429180376
test_2025,net_margin,revenue_growth_pct,-0.0014901556424853802
test_2025,net_margin,roa,0.63594892151907723
test_2025,net_margin,roe,0.1998528679833424
test_2025,net_margin,short_term_liabilities,-0.38981316809056837
test_2025,net_margin,total_assets,-0.23130359503001641
test_2025,net_margin,working_capital,-0.021618581863094122
test_2025,non_current_assets,current_assets,0.69483443957077717
test_2025,non_current_assets,current_ratio,-0.11807598350589482
test_2025,non_current_assets,ebitda,0.7295817982299998
test_2025,non_current_assets,ebitda_growth_pct,0.2292943368246447
test_2025,non_current_assets,ebitda_margin,-0.060361055012193111
test_2025,non_current_assets,enterprise_value,0.5920884772213485
test_2025,non_current_assets,equity,0.89939127255315188
test_2025,non_current_assets,ev_ebitda,-0.06521910638367584
test_2025,non_current_assets,financial_debt_ratio,0.18407798981800189
test_2025,non_current_assets,gross_margin,-0.21526328760170621
test_2025,non_current_assets,gross_profit,0.66298831095924116
test_2025,non_current_assets,gross_profit_growth_pct,0.15398289730737666
test_2025,non_current_assets,leverage_ratio,-0.038888005567616561
test_2025,non_current_assets,long_term_liabilities,0.9032457345811199
test_2025,non_current_assets,market_cap,0.5525861436212649
test_2025,non_current_assets,net_debt,0.52117369825715321
test_2025,non_current_assets,net_debt_to_ebitda,0.067154241055028069
test_2025,non_current_assets,net_income,0.75611843242498433
test_2025,non_current_assets,net_income_growth_pct,-0.10622389444180354
test_2025,non_current_assets,net_margin,-0.084716349451985987
test_2025,non_current_assets,non_current_assets,1
test_2025,non_current_assets,operating_income,0.68588322929586398
test_2025,non_current_assets,operating_income_growth_pct,0.11032380117283545
test_2025,non_current_assets,pb_ratio,-0.11424757971455791
test_2025,non_current_assets,pe_ratio,-0.098649776177931012
test_2025,non_current_assets,price_adjclose_t,0.1833160013673821
test_2025,non_current_assets,price_drawdown_from_3y_high_pct,0.068184228733336169
test_2025,non_current_assets,price_history_years_available,0.29554547431432265
test_2025,non_current_assets,revenue,0.6497416300269746
test_2025,non_current_assets,revenue_growth_pct,-0.071565122375348719
test_2025,non_current_assets,roa,-0.20371917345677676
test_2025,non_current_assets,roe,-0.1788714392305891
test_2025,non_current_assets,short_term_liabilities,0.75599625775496759
test_2025,non_current_assets,total_assets,0.90967562653974332
test_2025,non_current_assets,working_capital,0.29623934134940494
test_2025,operating_income,current_assets,0.79186692494763977
test_2025,operating_income,current_ratio,0.10013236252255862
test_2025,operating_income,ebitda,0.91635291155108878
test_2025,operating_income,ebitda_growth_pct,0.20892452821938751
test_2025,operating_income,ebitda_margin,-0.048895726046660808
test_2025,operating_income,enterprise_value,0.43620024195507023
test_2025,operating_income,equity,0.74806072137174939
test_2025,operating_income,ev_ebitda,-0.29014168770712323
test_2025,operating_income,financial_debt_ratio,0.020235926012934793
test_2025,operating_income,gross_margin,-0.13573314577288417
test_2025,operating_income,gross_profit,0.81989530605137595
test_2025,operating_income,gross_profit_growth_pct,0.21219604179990542
test_2025,operating_income,leverage_ratio,0.025701871642047441
test_2025,operating_income,long_term_liabilities,0.66441237894666538
test_2025,operating_income,market_cap,0.50677963672705362
test_2025,operating_income,net_debt,0.36171204742322832
test_2025,operating_income,net_debt_to_ebitda,-0.016545591475245935
test_2025,operating_income,net_income,0.81110677607324644
test_2025,operating_income,net_income_growth_pct,-0.20277820553847492
test_2025,operating_income,net_margin,-0.13427080465416599
test_2025,operating_income,non_current_assets,0.68588322929586398
test_2025,operating_income,operating_income,1
test_2025,operating_income,operating_income_growth_pct,0.15063374776524635
test_2025,operating_income,pb_ratio,-0.042191831899734779
test_2025,operating_income,pe_ratio,-0.21040045367016669
test_2025,operating_income,price_adjclose_t,0.19850135425226861
test_2025,operating_income,price_drawdown_from_3y_high_pct,0.16154972078284818
test_2025,operating_income,price_history_years_available,0.25625635025918647
test_2025,operating_income,revenue,0.78090430130715038
test_2025,operating_income,revenue_growth_pct,0.071780888830605627
test_2025,operating_income,roa,0.03439684872646414
test_2025,operating_income,roe,0.12169343576099971
test_2025,operating_income,short_term_liabilities,0.77951451906816083
test_2025,operating_income,total_assets,0.78181341566988893
test_2025,operating_income,working_capital,0.53099199731672986
test_2025,operating_income_growth_pct,current_assets,0.23636124327384031
test_2025,operating_income_growth_pct,current_ratio,0.27132973524742893
test_2025,operating_income_growth_pct,ebitda,0.21949073877137856
test_2025,operating_income_growth_pct,ebitda_growth_pct,0.63892840510403948
test_2025,operating_income_growth_pct,ebitda_margin,-0.03490474381076774
test_2025,operating_income_growth_pct,enterprise_value,-0.10434872700731666
test_2025,operating_income_growth_pct,equity,0.22713605962243133
test_2025,operating_income_growth_pct,ev_ebitda,-0.2106248362549204
test_2025,operating_income_growth_pct,financial_debt_ratio,-0.28514186651218765
test_2025,operating_income_growth_pct,gross_margin,-0.10099252102161327
test_2025,operating_income_growth_pct,gross_profit,0.17437736055900743
test_2025,operating_income_growth_pct,gross_profit_growth_pct,0.63041121230744912
test_2025,operating_income_growth_pct,leverage_ratio,-0.18656573091427114
test_2025,operating_income_growth_pct,long_term_liabilities,0.050305466750222932
test_2025,operating_income_growth_pct,market_cap,0.4066370747395659
test_2025,operating_income_growth_pct,net_debt,-0.24273807837028338
test_2025,operating_income_growth_pct,net_debt_to_ebitda,-0.35800085618324207
test_2025,operating_income_growth_pct,net_income,0.1123585158782464
test_2025,operating_income_growth_pct,net_income_growth_pct,-0.026834965876595833
test_2025,operating_income_growth_pct,net_margin,-0.14981186828322124
test_2025,operating_income_growth_pct,non_current_assets,0.11032380117283545
test_2025,operating_income_growth_pct,operating_income,0.15063374776524635
test_2025,operating_income_growth_pct,operating_income_growth_pct,1
test_2025,operating_income_growth_pct,pb_ratio,0.20388026824746763
test_2025,operating_income_growth_pct,pe_ratio,0.27863665869779519
test_2025,operating_income_growth_pct,price_adjclose_t,0.15695090230909386
test_2025,operating_income_growth_pct,price_drawdown_from_3y_high_pct,-0.17518744152140853
test_2025,operating_income_growth_pct,price_history_years_available,0.10710352657185618
test_2025,operating_income_growth_pct,revenue,0.21402233732327619
test_2025,operating_income_growth_pct,revenue_growth_pct,0.35686167588430828
test_2025,operating_income_growth_pct,roa,-0.14400724083233302
test_2025,operating_income_growth_pct,roe,-0.13553951208397583
test_2025,operating_income_growth_pct,short_term_liabilities,0.12883740252774789
test_2025,operating_income_growth_pct,total_assets,0.15892580682061111
test_2025,operating_income_growth_pct,working_capital,0.40353608628002768
test_2025,pb_ratio,current_assets,0.026128059865832814
test_2025,pb_ratio,current_ratio,-0.0083648713357235126
test_2025,pb_ratio,ebitda,-0.091549783145844985
test_2025,pb_ratio,ebitda_growth_pct,0.25775733387016692
test_2025,pb_ratio,ebitda_margin,0.044081099099182272
test_2025,pb_ratio,enterprise_value,0.23585909509081987
test_2025,pb_ratio,equity,-0.10822971580518818
test_2025,pb_ratio,ev_ebitda,0.40957221314557835
test_2025,pb_ratio,financial_debt_ratio,0.17553929832717818
test_2025,pb_ratio,gross_margin,0.16938061724565365
test_2025,pb_ratio,gross_profit,-0.05689536533072706
test_2025,pb_ratio,gross_profit_growth_pct,0.38271503237383792
test_2025,pb_ratio,leverage_ratio,0.13853175598248549
test_2025,pb_ratio,long_term_liabilities,-0.030493093919532727
test_2025,pb_ratio,market_cap,0.61208280767590351
test_2025,pb_ratio,net_debt,0.055588445219934585
test_2025,pb_ratio,net_debt_to_ebitda,0.047201118939594999
test_2025,pb_ratio,net_income,-0.042611257136111989
test_2025,pb_ratio,net_income_growth_pct,0.1037549973345034
test_2025,pb_ratio,net_margin,0.058866884594008802
test_2025,pb_ratio,non_current_assets,-0.11424757971455791
test_2025,pb_ratio,operating_income,-0.042191831899734779
test_2025,pb_ratio,operating_income_growth_pct,0.20388026824746763
test_2025,pb_ratio,pb_ratio,1
test_2025,pb_ratio,pe_ratio,0.74738057664778101
test_2025,pb_ratio,price_adjclose_t,0.61314296071787755
test_2025,pb_ratio,price_drawdown_from_3y_high_pct,0.11358334788237737
test_2025,pb_ratio,price_history_years_available,0.062766449071629912
test_2025,pb_ratio,revenue,-0.1093450180689351
test_2025,pb_ratio,revenue_growth_pct,0.30696522585193081
test_2025,pb_ratio,roa,-0.061219761575857373
test_2025,pb_ratio,roe,-0.10516829483664546
test_2025,pb_ratio,short_term_liabilities,-0.08629314637425764
test_2025,pb_ratio,total_assets,-0.049377069380572139
test_2025,pb_ratio,working_capital,-0.031159491302440012
test_2025,pe_ratio,current_assets,-0.011280812564807036
test_2025,pe_ratio,current_ratio,0.00054111085182996684
test_2025,pe_ratio,ebitda,-0.23777434825278279
test_2025,pe_ratio,ebitda_growth_pct,0.34094788485805855
test_2025,pe_ratio,ebitda_margin,-0.002464392776334221
test_2025,pe_ratio,enterprise_value,0.1239556325965246
test_2025,pe_ratio,equity,-0.050826287551426208
test_2025,pe_ratio,ev_ebitda,0.34560042470023183
test_2025,pe_ratio,financial_debt_ratio,0.05429418671081148
test_2025,pe_ratio,gross_margin,0.12654371488471944
test_2025,pe_ratio,gross_profit,-0.19628548673688789
test_2025,pe_ratio,gross_profit_growth_pct,0.40752760218158707
test_2025,pe_ratio,leverage_ratio,0.027803715457727474
test_2025,pe_ratio,long_term_liabilities,-0.034678207920568742
test_2025,pe_ratio,market_cap,0.51247883017110196
test_2025,pe_ratio,net_debt,-0.041966010951583282
test_2025,pe_ratio,net_debt_to_ebitda,-0.085307703763936857
test_2025,pe_ratio,net_income,-0.33015045878060928
test_2025,pe_ratio,net_income_growth_pct,0.14393276362629409
test_2025,pe_ratio,net_margin,-0.16565406797895213
test_2025,pe_ratio,non_current_assets,-0.098649776177931012
test_2025,pe_ratio,operating_income,-0.21040045367016669
test_2025,pe_ratio,operating_income_growth_pct,0.27863665869779519
test_2025,pe_ratio,pb_ratio,0.74738057664778101
test_2025,pe_ratio,pe_ratio,1
test_2025,pe_ratio,price_adjclose_t,0.43913442717458445
test_2025,pe_ratio,price_drawdown_from_3y_high_pct,-0.097454125507377545
test_2025,pe_ratio,price_history_years_available,0.044082077982241064
test_2025,pe_ratio,revenue,-0.21547461816420213
test_2025,pe_ratio,revenue_growth_pct,0.31248404665637031
test_2025,pe_ratio,roa,-0.44382149157010647
test_2025,pe_ratio,roe,-0.44028676057064986
test_2025,pe_ratio,short_term_liabilities,-0.11626595863369928
test_2025,pe_ratio,total_assets,-0.050464255871555549
test_2025,pe_ratio,working_capital,-0.061926559351080962
test_2025,price_adjclose_t,current_assets,0.30225877887976599
test_2025,price_adjclose_t,current_ratio,-0.053279773156396523
test_2025,price_adjclose_t,ebitda,0.13470277508682904
test_2025,price_adjclose_t,ebitda_growth_pct,0.3131601287338534
test_2025,price_adjclose_t,ebitda_margin,-0.23981918054632426
test_2025,price_adjclose_t,enterprise_value,0.38572459830042038
test_2025,price_adjclose_t,equity,0.21359017322592655
test_2025,price_adjclose_t,ev_ebitda,0.22844725673280589
test_2025,price_adjclose_t,financial_debt_ratio,0.18432437601298182
test_2025,price_adjclose_t,gross_margin,-0.11267148258631206
test_2025,price_adjclose_t,gross_profit,0.22330705444317214
test_2025,price_adjclose_t,gross_profit_growth_pct,0.37600903055949325
test_2025,price_adjclose_t,leverage_ratio,0.18034480680966672
test_2025,price_adjclose_t,long_term_liabilities,0.21035785304865054
test_2025,price_adjclose_t,market_cap,0.58584528636586342
test_2025,price_adjclose_t,net_debt,0.25329963199289673
test_2025,price_adjclose_t,net_debt_to_ebitda,-0.089295610058699931
test_2025,price_adjclose_t,net_income,0.24417803572312097
test_2025,price_adjclose_t,net_income_growth_pct,-0.23717259634735025
test_2025,price_adjclose_t,net_margin,-0.12253940771680202
test_2025,price_adjclose_t,non_current_assets,0.1833160013673821
test_2025,price_adjclose_t,operating_income,0.19850135425226861
test_2025,price_adjclose_t,operating_income_growth_pct,0.15695090230909386
test_2025,price_adjclose_t,pb_ratio,0.61314296071787755
test_2025,price_adjclose_t,pe_ratio,0.43913442717458445
test_2025,price_adjclose_t,price_adjclose_t,1
test_2025,price_adjclose_t,price_drawdown_from_3y_high_pct,0.15739528043572076
test_2025,price_adjclose_t,price_history_years_available,0.1545756798094402
test_2025,price_adjclose_t,revenue,0.22059721899739021
test_2025,price_adjclose_t,revenue_growth_pct,0.33938612047150091
test_2025,price_adjclose_t,roa,0.0016658234963612122
test_2025,price_adjclose_t,roe,0.040644651610638752
test_2025,price_adjclose_t,short_term_liabilities,0.220660769822937
test_2025,price_adjclose_t,total_assets,0.21028040629877831
test_2025,price_adjclose_t,working_capital,0.076534499253955279
test_2025,price_drawdown_from_3y_high_pct,current_assets,0.046709981890407405
test_2025,price_drawdown_from_3y_high_pct,current_ratio,-0.1085789533131051
test_2025,price_drawdown_from_3y_high_pct,ebitda,0.069211404624926559
test_2025,price_drawdown_from_3y_high_pct,ebitda_growth_pct,-0.17350233914115265
test_2025,price_drawdown_from_3y_high_pct,ebitda_margin,0.23338367453842521
test_2025,price_drawdown_from_3y_high_pct,enterprise_value,0.14341672165865732
test_2025,price_drawdown_from_3y_high_pct,equity,0.044283208535525795
test_2025,price_drawdown_from_3y_high_pct,ev_ebitda,0.050730289535020331
test_2025,price_drawdown_from_3y_high_pct,financial_debt_ratio,0.25872351104107394
test_2025,price_drawdown_from_3y_high_pct,gross_margin,0.18025861070386279
test_2025,price_drawdown_from_3y_high_pct,gross_profit,0.039262440383246805
test_2025,price_drawdown_from_3y_high_pct,gross_profit_growth_pct,-0.11534678248551777
test_2025,price_drawdown_from_3y_high_pct,leverage_ratio,0.10682305338112828
test_2025,price_drawdown_from_3y_high_pct,long_term_liabilities,0.099272683673627723
test_2025,price_drawdown_from_3y_high_pct,market_cap,0.083661757195306719
test_2025,price_drawdown_from_3y_high_pct,net_debt,0.13298281371259527
test_2025,price_drawdown_from_3y_high_pct,net_debt_to_ebitda,0.12040773352289055
test_2025,price_drawdown_from_3y_high_pct,net_income,0.18242079028512712
test_2025,price_drawdown_from_3y_high_pct,net_income_growth_pct,-0.071461595570336239
test_2025,price_drawdown_from_3y_high_pct,net_margin,0.27440409547368455
test_2025,price_drawdown_from_3y_high_pct,non_current_assets,0.068184228733336169
test_2025,price_drawdown_from_3y_high_pct,operating_income,0.16154972078284818
test_2025,price_drawdown_from_3y_high_pct,operating_income_growth_pct,-0.17518744152140853
test_2025,price_drawdown_from_3y_high_pct,pb_ratio,0.11358334788237737
test_2025,price_drawdown_from_3y_high_pct,pe_ratio,-0.097454125507377545
test_2025,price_drawdown_from_3y_high_pct,price_adjclose_t,0.15739528043572076
test_2025,price_drawdown_from_3y_high_pct,price_drawdown_from_3y_high_pct,1
test_2025,price_drawdown_from_3y_high_pct,price_history_years_available,0.043347295938518722
test_2025,price_drawdown_from_3y_high_pct,revenue,-0.023610556334271508
test_2025,price_drawdown_from_3y_high_pct,revenue_growth_pct,-0.095760920684287459
test_2025,price_drawdown_from_3y_high_pct,roa,0.26838652329076002
test_2025,price_drawdown_from_3y_high_pct,roe,0.11245263859041554
test_2025,price_drawdown_from_3y_high_pct,short_term_liabilities,0.04304232360451786
test_2025,price_drawdown_from_3y_high_pct,total_assets,0.058769435451918206
test_2025,price_drawdown_from_3y_high_pct,working_capital,0.02188252243978411
test_2025,price_history_years_available,current_assets,0.3212000614659159
test_2025,price_history_years_available,current_ratio,-0.24545547450100647
test_2025,price_history_years_available,ebitda,0.28558635239715324
test_2025,price_history_years_available,ebitda_growth_pct,0.24219428416997429
test_2025,price_history_years_available,ebitda_margin,-0.28655019653335229
test_2025,price_history_years_available,enterprise_value,0.17673906118449578
test_2025,price_history_years_available,equity,0.29437085441130356
test_2025,price_history_years_available,ev_ebitda,0.0060604810849954225
test_2025,price_history_years_available,financial_debt_ratio,0.19549770643097256
test_2025,price_history_years_available,gross_margin,-0.18492792590122681
test_2025,price_history_years_available,gross_profit,0.30606403780335695
test_2025,price_history_years_available,gross_profit_growth_pct,0.26955677516033782
test_2025,price_history_years_available,leverage_ratio,0.29756470981977817
test_2025,price_history_years_available,long_term_liabilities,0.36929301106923612
test_2025,price_history_years_available,market_cap,0.20725724657294634
test_2025,price_history_years_available,net_debt,0.18840150774213138
test_2025,price_history_years_available,net_debt_to_ebitda,0.19270525632280078
test_2025,price_history_years_available,net_income,0.2441028118063352
test_2025,price_history_years_available,net_income_growth_pct,-0.058774491059639403
test_2025,price_history_years_available,net_margin,-0.24315892867102906
test_2025,price_history_years_available,non_current_assets,0.29554547431432265
test_2025,price_history_years_available,operating_income,0.25625635025918647
test_2025,price_history_years_available,operating_income_growth_pct,0.10710352657185618
test_2025,price_history_years_available,pb_ratio,0.062766449071629912
test_2025,price_history_years_available,pe_ratio,0.044082077982241064
test_2025,price_history_years_available,price_adjclose_t,0.1545756798094402
test_2025,price_history_years_available,price_drawdown_from_3y_high_pct,0.043347295938518722
test_2025,price_history_years_available,price_history_years_available,1
test_2025,price_history_years_available,revenue,0.31047624273348728
test_2025,price_history_years_available,revenue_growth_pct,0.28386283912842047
test_2025,price_history_years_available,roa,-0.21523338301910017
test_2025,price_history_years_available,roe,-0.044480000976993624
test_2025,price_history_years_available,short_term_liabilities,0.34245728875805159
test_2025,price_history_years_available,total_assets,0.31445738648429528
test_2025,price_history_years_available,working_capital,0.12319066482648074
test_2025,revenue,current_assets,0.83258273643317693
test_2025,revenue,current_ratio,-0.065155047386746059
test_2025,revenue,ebitda,0.86298615749857688
test_2025,revenue,ebitda_growth_pct,0.17939784988201066
test_2025,revenue,ebitda_margin,-0.49024550434809427
test_2025,revenue,enterprise_value,0.3690708758055472
test_2025,revenue,equity,0.67307882984770695
test_2025,revenue,ev_ebitda,-0.26714081178197541
test_2025,revenue,financial_debt_ratio,-0.043623475804270166
test_2025,revenue,gross_margin,-0.40638125047566237
test_2025,revenue,gross_profit,0.94907579636433037
test_2025,revenue,gross_profit_growth_pct,0.13168181981079627
test_2025,revenue,leverage_ratio,0.19619254117348875
test_2025,revenue,long_term_liabilities,0.65342040045329741
test_2025,revenue,market_cap,0.40210471288241967
test_2025,revenue,net_debt,0.33792467792165642
test_2025,revenue,net_debt_to_ebitda,0.091583601402140169
test_2025,revenue,net_income,0.68671261978112541
test_2025,revenue,net_income_growth_pct,-0.32385188681688354
test_2025,revenue,net_margin,-0.52654421429180376
test_2025,revenue,non_current_assets,0.6497416300269746
test_2025,revenue,operating_income,0.78090430130715038
test_2025,revenue,operating_income_growth_pct,0.21402233732327619
test_2025,revenue,pb_ratio,-0.1093450180689351
test_2025,revenue,pe_ratio,-0.21547461816420213
test_2025,revenue,price_adjclose_t,0.22059721899739021
test_2025,revenue,price_drawdown_from_3y_high_pct,-0.023610556334271508
test_2025,revenue,price_history_years_available,0.31047624273348728
test_2025,revenue,revenue,1
test_2025,revenue,revenue_growth_pct,-0.0028566439389544761
test_2025,revenue,roa,-0.15373769302945692
test_2025,revenue,roe,0.15682616577507513
test_2025,revenue,short_term_liabilities,0.88376984442096329
test_2025,revenue,total_assets,0.79301639235113541
test_2025,revenue,working_capital,0.40522974955825347
test_2025,revenue_growth_pct,current_assets,0.19506204207319922
test_2025,revenue_growth_pct,current_ratio,0.38137650666701217
test_2025,revenue_growth_pct,ebitda,0.10288230348271221
test_2025,revenue_growth_pct,ebitda_growth_pct,0.5786523764241388
test_2025,revenue_growth_pct,ebitda_margin,0.11391791967186517
test_2025,revenue_growth_pct,enterprise_value,-0.11817916038665123
test_2025,revenue_growth_pct,equity,0.067978477963490061
test_2025,revenue_growth_pct,ev_ebitda,-0.10961250471510998
test_2025,revenue_growth_pct,financial_debt_ratio,-0.230412328286066
test_2025,revenue_growth_pct,gross_margin,-0.047015534398937388
test_2025,revenue_growth_pct,gross_profit,-0.020060396691067385
test_2025,revenue_growth_pct,gross_profit_growth_pct,0.75122860643957612
test_2025,revenue_growth_pct,leverage_ratio,-0.018184734210610464
test_2025,revenue_growth_pct,long_term_liabilities,0.027221311121508811
test_2025,revenue_growth_pct,market_cap,0.30693753526614409
test_2025,revenue_growth_pct,net_debt,-0.20149274467753281
test_2025,revenue_growth_pct,net_debt_to_ebitda,-0.19187494932375315
test_2025,revenue_growth_pct,net_income,0.050504790556794132
test_2025,revenue_growth_pct,net_income_growth_pct,0.24076693561841178
test_2025,revenue_growth_pct,net_margin,-0.0014901556424853802
test_2025,revenue_growth_pct,non_current_assets,-0.071565122375348719
test_2025,revenue_growth_pct,operating_income,0.071780888830605627
test_2025,revenue_growth_pct,operating_income_growth_pct,0.35686167588430828
test_2025,revenue_growth_pct,pb_ratio,0.30696522585193081
test_2025,revenue_growth_pct,pe_ratio,0.31248404665637031
test_2025,revenue_growth_pct,price_adjclose_t,0.33938612047150091
test_2025,revenue_growth_pct,price_drawdown_from_3y_high_pct,-0.095760920684287459
test_2025,revenue_growth_pct,price_history_years_available,0.28386283912842047
test_2025,revenue_growth_pct,revenue,-0.0028566439389544761
test_2025,revenue_growth_pct,revenue_growth_pct,1
test_2025,revenue_growth_pct,roa,-0.079239192021128849
test_2025,revenue_growth_pct,roe,-0.023310922420859002
test_2025,revenue_growth_pct,short_term_liabilities,0.0032250093385740447
test_2025,revenue_growth_pct,total_assets,0.030485126489519392
test_2025,revenue_growth_pct,working_capital,0.40498086018487711
test_2025,roa,current_assets,-0.17612263052614144
test_2025,roa,current_ratio,0.1535896821009263
test_2025,roa,ebitda,-0.068784118906739369
test_2025,roa,ebitda_growth_pct,-0.2595286900105791
test_2025,roa,ebitda_margin,0.20111144700370606
test_2025,roa,enterprise_value,-0.087073223407688874
test_2025,roa,equity,-0.12073640452075027
test_2025,roa,ev_ebitda,-0.075416104404285492
test_2025,roa,financial_debt_ratio,-0.018715518067632261
test_2025,roa,gross_margin,0.022313534204468688
test_2025,roa,gross_profit,-0.15108522590927345
test_2025,roa,gross_profit_growth_pct,-0.1951003196118441
test_2025,roa,leverage_ratio,-0.092488051632489049
test_2025,roa,long_term_liabilities,-0.27535984473999958
test_2025,roa,market_cap,-0.13664910694128155
test_2025,roa,net_debt,-0.080591611674855887
test_2025,roa,net_debt_to_ebitda,-0.086083523611556023
test_2025,roa,net_income,0.26052959270336262
test_2025,roa,net_income_growth_pct,-0.04691311011283765
test_2025,roa,net_margin,0.63594892151907723
test_2025,roa,non_current_assets,-0.20371917345677676
test_2025,roa,operating_income,0.03439684872646414
test_2025,roa,operating_income_growth_pct,-0.14400724083233302
test_2025,roa,pb_ratio,-0.061219761575857373
test_2025,roa,pe_ratio,-0.44382149157010647
test_2025,roa,price_adjclose_t,0.0016658234963612122
test_2025,roa,price_drawdown_from_3y_high_pct,0.26838652329076002
test_2025,roa,price_history_years_available,-0.21523338301910017
test_2025,roa,revenue,-0.15373769302945692
test_2025,roa,revenue_growth_pct,-0.079239192021128849
test_2025,roa,roa,1
test_2025,roa,roe,0.72086598087868503
test_2025,roa,short_term_liabilities,-0.19537713732231773
test_2025,roa,total_assets,-0.24583011484180917
test_2025,roa,working_capital,0.10034465514384985
test_2025,roe,current_assets,-0.032946456887825042
test_2025,roe,current_ratio,-0.068448117220815827
test_2025,roe,ebitda,0.091070334422266863
test_2025,roe,ebitda_growth_pct,-0.30150147618449891
test_2025,roe,ebitda_margin,-0.12759348094645495
test_2025,roe,enterprise_value,-0.033816531861593349
test_2025,roe,equity,-0.13334660241711715
test_2025,roe,ev_ebitda,-0.035689601504705931
test_2025,roe,financial_debt_ratio,0.025362490205207238
test_2025,roe,gross_margin,-0.16979979281041646
test_2025,roe,gross_profit,0.10656878977470811
test_2025,roe,gross_profit_growth_pct,-0.21499916935016675
test_2025,roe,leverage_ratio,0.24594026311479822
test_2025,roe,long_term_liabilities,-0.14237901447718621
test_2025,roe,market_cap,-0.1884491715262244
test_2025,roe,net_debt,0.021278295617824395
test_2025,roe,net_debt_to_ebitda,0.11951362094701351
test_2025,roe,net_income,0.22721762409244223
test_2025,roe,net_income_growth_pct,-0.20196750188661677
test_2025,roe,net_margin,0.1998528679833424
test_2025,roe,non_current_assets,-0.1788714392305891
test_2025,roe,operating_income,0.12169343576099971
test_2025,roe,operating_income_growth_pct,-0.13553951208397583
test_2025,roe,pb_ratio,-0.10516829483664546
test_2025,roe,pe_ratio,-0.44028676057064986
test_2025,roe,price_adjclose_t,0.040644651610638752
test_2025,roe,price_drawdown_from_3y_high_pct,0.11245263859041554
test_2025,roe,price_history_years_available,-0.044480000976993624
test_2025,roe,revenue,0.15682616577507513
test_2025,roe,revenue_growth_pct,-0.023310922420859002
test_2025,roe,roa,0.72086598087868503
test_2025,roe,roe,1
test_2025,roe,short_term_liabilities,0.045998649412073461
test_2025,roe,total_assets,-0.14974911961105175
test_2025,roe,working_capital,0.034862661477417019
test_2025,short_term_liabilities,current_assets,0.91606824759737171
test_2025,short_term_liabilities,current_ratio,-0.19041728516443854
test_2025,short_term_liabilities,ebitda,0.81820816535672947
test_2025,short_term_liabilities,ebitda_growth_pct,0.19310147470452929
test_2025,short_term_liabilities,ebitda_margin,-0.36919482956339211
test_2025,short_term_liabilities,enterprise_value,0.53523011853011415
test_2025,short_term_liabilities,equity,0.78925553996755093
test_2025,short_term_liabilities,ev_ebitda,-0.076398896850676815
test_2025,short_term_liabilities,financial_debt_ratio,0.13681088517715498
test_2025,short_term_liabilities,gross_margin,-0.37621650969783621
test_2025,short_term_liabilities,gross_profit,0.85312282836205322
test_2025,short_term_liabilities,gross_profit_growth_pct,0.12437169709523224
test_2025,short_term_liabilities,leverage_ratio,0.2634266248066795
test_2025,short_term_liabilities,long_term_liabilities,0.78853577044447709
test_2025,short_term_liabilities,market_cap,0.4894891078715784
test_2025,short_term_liabilities,net_debt,0.4766152889753677
test_2025,short_term_liabilities,net_debt_to_ebitda,0.19884292535343412
test_2025,short_term_liabilities,net_income,0.6902126819534673
test_2025,short_term_liabilities,net_income_growth_pct,-0.13505238233037542
test_2025,short_term_liabilities,net_margin,-0.38981316809056837
test_2025,short_term_liabilities,non_current_assets,0.75599625775496759
test_2025,short_term_liabilities,operating_income,0.77951451906816083
test_2025,short_term_liabilities,operating_income_growth_pct,0.12883740252774789
test_2025,short_term_liabilities,pb_ratio,-0.08629314637425764
test_2025,short_term_liabilities,pe_ratio,-0.11626595863369928
test_2025,short_term_liabilities,price_adjclose_t,0.220660769822937
test_2025,short_term_liabilities,price_drawdown_from_3y_high_pct,0.04304232360451786
test_2025,short_term_liabilities,price_history_years_available,0.34245728875805159
test_2025,short_term_liabilities,revenue,0.88376984442096329
test_2025,short_term_liabilities,revenue_growth_pct,0.0032250093385740447
test_2025,short_term_liabilities,roa,-0.19537713732231773
test_2025,short_term_liabilities,roe,0.045998649412073461
test_2025,short_term_liabilities,short_term_liabilities,1
test_2025,short_term_liabilities,total_assets,0.91032646343318546
test_2025,short_term_liabilities,working_capital,0.39062999843621476
test_2025,total_assets,current_assets,0.9092867928108691
test_2025,total_assets,current_ratio,-0.036437984829304666
test_2025,total_assets,ebitda,0.82561914957568228
test_2025,total_assets,ebitda_growth_pct,0.27860700120885123
test_2025,total_assets,ebitda_margin,-0.17328492881335339
test_2025,total_assets,enterprise_value,0.51077491853562051
test_2025,total_assets,equity,0.91662735467837109
test_2025,total_assets,ev_ebitda,-0.15222629849852309
test_2025,total_assets,financial_debt_ratio,0.096986504158568868
test_2025,total_assets,gross_margin,-0.2567656090940012
test_2025,total_assets,gross_profit,0.80066280012544633
test_2025,total_assets,gross_profit_growth_pct,0.21963503964935141
test_2025,total_assets,leverage_ratio,0.049501480217768568
test_2025,total_assets,long_term_liabilities,0.87859200761016953
test_2025,total_assets,market_cap,0.62076944081029684
test_2025,total_assets,net_debt,0.4227468124035495
test_2025,total_assets,net_debt_to_ebitda,0.057758748667167362
test_2025,total_assets,net_income,0.75926895365583247
test_2025,total_assets,net_income_growth_pct,-0.073713649228893757
test_2025,total_assets,net_margin,-0.23130359503001641
test_2025,total_assets,non_current_assets,0.90967562653974332
test_2025,total_assets,operating_income,0.78181341566988893
test_2025,total_assets,operating_income_growth_pct,0.15892580682061111
test_2025,total_assets,pb_ratio,-0.049377069380572139
test_2025,total_assets,pe_ratio,-0.050464255871555549
test_2025,total_assets,price_adjclose_t,0.21028040629877831
test_2025,total_assets,price_drawdown_from_3y_high_pct,0.058769435451918206
test_2025,total_assets,price_history_years_available,0.31445738648429528
test_2025,total_assets,revenue,0.79301639235113541
test_2025,total_assets,revenue_growth_pct,0.030485126489519392
test_2025,total_assets,roa,-0.24583011484180917
test_2025,total_assets,roe,-0.14974911961105175
test_2025,total_assets,short_term_liabilities,0.91032646343318546
test_2025,total_assets,total_assets,1
test_2025,total_assets,working_capital,0.45585950284790594
test_2025,working_capital,current_assets,0.62321965192132567
test_2025,working_capital,current_ratio,0.70876147991583505
test_2025,working_capital,ebitda,0.53469451013224378
test_2025,working_capital,ebitda_growth_pct,0.30093456679107539
test_2025,working_capital,ebitda_margin,0.10397503341204671
test_2025,working_capital,enterprise_value,-0.12604729669709797
test_2025,working_capital,equity,0.48993418492330487
test_2025,working_capital,ev_ebitda,-0.54853103600479969
test_2025,working_capital,financial_debt_ratio,-0.38476480136394198
test_2025,working_capital,gross_margin,-0.12329862205791672
test_2025,working_capital,gross_profit,0.40673662864765386
test_2025,working_capital,gross_profit_growth_pct,0.44434530601211375
test_2025,working_capital,leverage_ratio,-0.36783034816820304
test_2025,working_capital,long_term_liabilities,0.23544948316503128
test_2025,working_capital,market_cap,0.41890934005893077
test_2025,working_capital,net_debt,-0.25743543154842435
test_2025,working_capital,net_debt_to_ebitda,-0.41001744170692361
test_2025,working_capital,net_income,0.4547636481279565
test_2025,working_capital,net_income_growth_pct,-0.06634862703593028
test_2025,working_capital,net_margin,-0.021618581863094122
test_2025,working_capital,non_current_assets,0.29623934134940494
test_2025,working_capital,operating_income,0.53099199731672986
test_2025,working_capital,operating_income_growth_pct,0.40353608628002768
test_2025,working_capital,pb_ratio,-0.031159491302440012
test_2025,working_capital,pe_ratio,-0.061926559351080962
test_2025,working_capital,price_adjclose_t,0.076534499253955279
test_2025,working_capital,price_drawdown_from_3y_high_pct,0.02188252243978411
test_2025,working_capital,price_history_years_available,0.12319066482648074
test_2025,working_capital,revenue,0.40522974955825347
test_2025,working_capital,revenue_growth_pct,0.40498086018487711
test_2025,working_capital,roa,0.10034465514384985
test_2025,working_capital,roe,0.034862661477417019
test_2025,working_capital,short_term_liabilities,0.39062999843621476
test_2025,working_capital,total_assets,0.45585950284790594
test_2025,working_capital,working_capital,1
