window,feature_a,feature_b,n_ab
test_2023,benchmark_same_year_return_pct,benchmark_same_year_return_pct,73
test_2023,benchmark_same_year_return_pct,current_assets,73
test_2023,benchmark_same_year_return_pct,current_ratio,72
test_2023,benchmark_same_year_return_pct,ebitda,73
test_2023,benchmark_same_year_return_pct,ebitda_growth_pct,72
test_2023,benchmark_same_year_return_pct,ebitda_margin,73
test_2023,benchmark_same_year_return_pct,enterprise_value,72
test_2023,benchmark_same_year_return_pct,equity,73
test_2023,benchmark_same_year_return_pct,ev_ebitda,69
test_2023,benchmark_same_year_return_pct,financial_debt_ratio,72
test_2023,benchmark_same_year_return_pct,gross_margin,73
test_2023,benchmark_same_year_return_pct,gross_profit,73
test_2023,benchmark_same_year_return_pct,gross_profit_growth_pct,72
test_2023,benchmark_same_year_return_pct,leverage_ratio,72
test_2023,benchmark_same_year_return_pct,long_term_liabilities,73
test_2023,benchmark_same_year_return_pct,market_cap,72
test_2023,benchmark_same_year_return_pct,net_debt,72
test_2023,benchmark_same_year_return_pct,net_debt_to_ebitda,72
test_2023,benchmark_same_year_return_pct,net_income,73
test_2023,benchmark_same_year_return_pct,net_income_growth_pct,72
test_2023,benchmark_same_year_return_pct,net_margin,73
test_2023,benchmark_same_year_return_pct,non_current_assets,73
test_2023,benchmark_same_year_return_pct,operating_income,73
test_2023,benchmark_same_year_return_pct,operating_income_growth_pct,72
test_2023,benchmark_same_year_return_pct,pb_ratio,72
test_2023,benchmark_same_year_return_pct,pe_ratio,58
test_2023,benchmark_same_year_return_pct,price_adjclose_t,73
test_2023,benchmark_same_year_return_pct,price_data_available,73
test_2023,benchmark_same_year_return_pct,price_drawdown_from_3y_high_pct,73
test_2023,benchmark_same_year_return_pct,price_history_years_available,73
test_2023,benchmark_same_year_return_pct,price_momentum_1y_pct,36
test_2023,benchmark_same_year_return_pct,price_momentum_2y_pct,0
test_2023,benchmark_same_year_return_pct,price_vs_bist100_1y_pct,36
test_2023,benchmark_same_year_return_pct,revenue,73
test_2023,benchmark_same_year_return_pct,revenue_growth_pct,72
test_2023,benchmark_same_year_return_pct,roa,73
test_2023,benchmark_same_year_return_pct,roe,73
test_2023,benchmark_same_year_return_pct,short_term_liabilities,73
test_2023,benchmark_same_year_return_pct,total_assets,73
test_2023,benchmark_same_year_return_pct,working_capital,73
test_2023,current_assets,benchmark_same_year_return_pct,73
test_2023,current_assets,current_assets,81
test_2023,current_assets,current_ratio,80
test_2023,current_assets,ebitda,81
test_2023,current_assets,ebitda_growth_pct,80
test_2023,current_assets,ebitda_margin,81
test_2023,current_assets,enterprise_value,72
test_2023,current_assets,equity,81
test_2023,current_assets,ev_ebitda,69
test_2023,current_assets,financial_debt_ratio,80
test_2023,current_assets,gross_margin,81
test_2023,current_assets,gross_profit,81
test_2023,current_assets,gross_profit_growth_pct,80
test_2023,current_assets,leverage_ratio,80
test_2023,current_assets,long_term_liabilities,81
test_2023,current_assets,market_cap,72
test_2023,current_assets,net_debt,80
test_2023,current_assets,net_debt_to_ebitda,80
test_2023,current_assets,net_income,81
test_2023,current_assets,net_income_growth_pct,80
test_2023,current_assets,net_margin,81
test_2023,current_assets,non_current_assets,81
test_2023,current_assets,operating_income,81
test_2023,current_assets,operating_income_growth_pct,80
test_2023,current_assets,pb_ratio,72
test_2023,current_assets,pe_ratio,58
test_2023,current_assets,price_adjclose_t,73
test_2023,current_assets,price_data_available,73
test_2023,current_assets,price_drawdown_from_3y_high_pct,73
test_2023,current_assets,price_history_years_available,73
test_2023,current_assets,price_momentum_1y_pct,36
test_2023,current_assets,price_momentum_2y_pct,0
test_2023,current_assets,price_vs_bist100_1y_pct,36
test_2023,current_assets,revenue,81
test_2023,current_assets,revenue_growth_pct,80
test_2023,current_assets,roa,81
test_2023,current_assets,roe,81
test_2023,current_assets,short_term_liabilities,81
test_2023,current_assets,total_assets,81
test_2023,current_assets,working_capital,81
test_2023,current_ratio,benchmark_same_year_return_pct,72
test_2023,current_ratio,current_assets,80
test_2023,current_ratio,current_ratio,80
test_2023,current_ratio,ebitda,80
test_2023,current_ratio,ebitda_growth_pct,80
test_2023,current_ratio,ebitda_margin,80
test_2023,current_ratio,enterprise_value,72
test_2023,current_ratio,equity,80
test_2023,current_ratio,ev_ebitda,69
test_2023,current_ratio,financial_debt_ratio,80
test_2023,current_ratio,gross_margin,80
test_2023,current_ratio,gross_profit,80
test_2023,current_ratio,gross_profit_growth_pct,80
test_2023,current_ratio,leverage_ratio,80
test_2023,current_ratio,long_term_liabilities,80
test_2023,current_ratio,market_cap,72
test_2023,current_ratio,net_debt,80
test_2023,current_ratio,net_debt_to_ebitda,80
test_2023,current_ratio,net_income,80
test_2023,current_ratio,net_income_growth_pct,80
test_2023,current_ratio,net_margin,80
test_2023,current_ratio,non_current_assets,80
test_2023,current_ratio,operating_income,80
test_2023,current_ratio,operating_income_growth_pct,80
test_2023,current_ratio,pb_ratio,72
test_2023,current_ratio,pe_ratio,58
test_2023,current_ratio,price_adjclose_t,72
test_2023,current_ratio,price_data_available,72
test_2023,current_ratio,price_drawdown_from_3y_high_pct,72
test_2023,current_ratio,price_history_years_available,72
test_2023,current_ratio,price_momentum_1y_pct,35
test_2023,current_ratio,price_momentum_2y_pct,0
test_2023,current_ratio,price_vs_bist100_1y_pct,35
test_2023,current_ratio,revenue,80
test_2023,current_ratio,revenue_growth_pct,80
test_2023,current_ratio,roa,80
test_2023,current_ratio,roe,80
test_2023,current_ratio,short_term_liabilities,80
test_2023,current_ratio,total_assets,80
test_2023,current_ratio,working_capital,80
test_2023,ebitda,benchmark_same_year_return_pct,73
test_2023,ebitda,current_assets,81
test_2023,ebitda,current_ratio,80
test_2023,ebitda,ebitda,81
test_2023,ebitda,ebitda_growth_pct,80
test_2023,ebitda,ebitda_margin,81
test_2023,ebitda,enterprise_value,72
test_2023,ebitda,equity,81
test_2023,ebitda,ev_ebitda,69
test_2023,ebitda,financial_debt_ratio,80
test_2023,ebitda,gross_margin,81
test_2023,ebitda,gross_profit,81
test_2023,ebitda,gross_profit_growth_pct,80
test_2023,ebitda,leverage_ratio,80
test_2023,ebitda,long_term_liabilities,81
test_2023,ebitda,market_cap,72
test_2023,ebitda,net_debt,80
test_2023,ebitda,net_debt_to_ebitda,80
test_2023,ebitda,net_income,81
test_2023,ebitda,net_income_growth_pct,80
test_2023,ebitda,net_margin,81
test_2023,ebitda,non_current_assets,81
test_2023,ebitda,operating_income,81
test_2023,ebitda,operating_income_growth_pct,80
test_2023,ebitda,pb_ratio,72
test_2023,ebitda,pe_ratio,58
test_2023,ebitda,price_adjclose_t,73
test_2023,ebitda,price_data_available,73
test_2023,ebitda,price_drawdown_from_3y_high_pct,73
test_2023,ebitda,price_history_years_available,73
test_2023,ebitda,price_momentum_1y_pct,36
test_2023,ebitda,price_momentum_2y_pct,0
test_2023,ebitda,price_vs_bist100_1y_pct,36
test_2023,ebitda,revenue,81
test_2023,ebitda,revenue_growth_pct,80
test_2023,ebitda,roa,81
test_2023,ebitda,roe,81
test_2023,ebitda,short_term_liabilities,81
test_2023,ebitda,total_assets,81
test_2023,ebitda,working_capital,81
test_2023,ebitda_growth_pct,benchmark_same_year_return_pct,72
test_2023,ebitda_growth_pct,current_assets,80
test_2023,ebitda_growth_pct,current_ratio,80
test_2023,ebitda_growth_pct,ebitda,80
test_2023,ebitda_growth_pct,ebitda_growth_pct,80
test_2023,ebitda_growth_pct,ebitda_margin,80
test_2023,ebitda_growth_pct,enterprise_value,72
test_2023,ebitda_growth_pct,equity,80
test_2023,ebitda_growth_pct,ev_ebitda,69
test_2023,ebitda_growth_pct,financial_debt_ratio,80
test_2023,ebitda_growth_pct,gross_margin,80
test_2023,ebitda_growth_pct,gross_profit,80
test_2023,ebitda_growth_pct,gross_profit_growth_pct,80
test_2023,ebitda_growth_pct,leverage_ratio,80
test_2023,ebitda_growth_pct,long_term_liabilities,80
test_2023,ebitda_growth_pct,market_cap,72
test_2023,ebitda_growth_pct,net_debt,80
test_2023,ebitda_growth_pct,net_debt_to_ebitda,80
test_2023,ebitda_growth_pct,net_income,80
test_2023,ebitda_growth_pct,net_income_growth_pct,80
test_2023,ebitda_growth_pct,net_margin,80
test_2023,ebitda_growth_pct,non_current_assets,80
test_2023,ebitda_growth_pct,operating_income,80
test_2023,ebitda_growth_pct,operating_income_growth_pct,80
test_2023,ebitda_growth_pct,pb_ratio,72
test_2023,ebitda_growth_pct,pe_ratio,58
test_2023,ebitda_growth_pct,price_adjclose_t,72
test_2023,ebitda_growth_pct,price_data_available,72
test_2023,ebitda_growth_pct,price_drawdown_from_3y_high_pct,72
test_2023,ebitda_growth_pct,price_history_years_available,72
test_2023,ebitda_growth_pct,price_momentum_1y_pct,35
test_2023,ebitda_growth_pct,price_momentum_2y_pct,0
test_2023,ebitda_growth_pct,price_vs_bist100_1y_pct,35
test_2023,ebitda_growth_pct,revenue,80
test_2023,ebitda_growth_pct,revenue_growth_pct,80
test_2023,ebitda_growth_pct,roa,80
test_2023,ebitda_growth_pct,roe,80
test_2023,ebitda_growth_pct,short_term_liabilities,80
test_2023,ebitda_growth_pct,total_assets,80
test_2023,ebitda_growth_pct,working_capital,80
test_2023,ebitda_margin,benchmark_same_year_return_pct,73
test_2023,ebitda_margin,current_assets,81
test_2023,ebitda_margin,current_ratio,80
test_2023,ebitda_margin,ebitda,81
test_2023,ebitda_margin,ebitda_growth_pct,80
test_2023,ebitda_margin,ebitda_margin,81
test_2023,ebitda_margin,enterprise_value,72
test_2023,ebitda_margin,equity,81
test_2023,ebitda_margin,ev_ebitda,69
test_2023,ebitda_margin,financial_debt_ratio,80
test_2023,ebitda_margin,gross_margin,81
test_2023,ebitda_margin,gross_profit,81
test_2023,ebitda_margin,gross_profit_growth_pct,80
test_2023,ebitda_margin,leverage_ratio,80
test_2023,ebitda_margin,long_term_liabilities,81
test_2023,ebitda_margin,market_cap,72
test_2023,ebitda_margin,net_debt,80
test_2023,ebitda_margin,net_debt_to_ebitda,80
test_2023,ebitda_margin,net_income,81
test_2023,ebitda_margin,net_income_growth_pct,80
test_2023,ebitda_margin,net_margin,81
test_2023,ebitda_margin,non_current_assets,81
test_2023,ebitda_margin,operating_income,81
test_2023,ebitda_margin,operating_income_growth_pct,80
test_2023,ebitda_margin,pb_ratio,72
test_2023,ebitda_margin,pe_ratio,58
test_2023,ebitda_margin,price_adjclose_t,73
test_2023,ebitda_margin,price_data_available,73
test_2023,ebitda_margin,price_drawdown_from_3y_high_pct,73
test_2023,ebitda_margin,price_history_years_available,73
test_2023,ebitda_margin,price_momentum_1y_pct,36
test_2023,ebitda_margin,price_momentum_2y_pct,0
test_2023,ebitda_margin,price_vs_bist100_1y_pct,36
test_2023,ebitda_margin,revenue,81
test_2023,ebitda_margin,revenue_growth_pct,80
test_2023,ebitda_margin,roa,81
test_2023,ebitda_margin,roe,81
test_2023,ebitda_margin,short_term_liabilities,81
test_2023,ebitda_margin,total_assets,81
test_2023,ebitda_margin,working_capital,81
test_2023,enterprise_value,benchmark_same_year_return_pct,72
test_2023,enterprise_value,current_assets,72
test_2023,enterprise_value,current_ratio,72
test_2023,enterprise_value,ebitda,72
test_2023,enterprise_value,ebitda_growth_pct,72
test_2023,enterprise_value,ebitda_margin,72
test_2023,enterprise_value,enterprise_value,72
test_2023,enterprise_value,equity,72
test_2023,enterprise_value,ev_ebitda,69
test_2023,enterprise_value,financial_debt_ratio,72
test_2023,enterprise_value,gross_margin,72
test_2023,enterprise_value,gross_profit,72
test_2023,enterprise_value,gross_profit_growth_pct,72
test_2023,enterprise_value,leverage_ratio,72
test_2023,enterprise_value,long_term_liabilities,72
test_2023,enterprise_value,market_cap,72
test_2023,enterprise_value,net_debt,72
test_2023,enterprise_value,net_debt_to_ebitda,72
test_2023,enterprise_value,net_income,72
test_2023,enterprise_value,net_income_growth_pct,72
test_2023,enterprise_value,net_margin,72
test_2023,enterprise_value,non_current_assets,72
test_2023,enterprise_value,operating_income,72
test_2023,enterprise_value,operating_income_growth_pct,72
test_2023,enterprise_value,pb_ratio,72
test_2023,enterprise_value,pe_ratio,58
test_2023,enterprise_value,price_adjclose_t,72
test_2023,enterprise_value,price_data_available,72
test_2023,enterprise_value,price_drawdown_from_3y_high_pct,72
test_2023,enterprise_value,price_history_years_available,72
test_2023,enterprise_value,price_momentum_1y_pct,35
test_2023,enterprise_value,price_momentum_2y_pct,0
test_2023,enterprise_value,price_vs_bist100_1y_pct,35
test_2023,enterprise_value,revenue,72
test_2023,enterprise_value,revenue_growth_pct,72
test_2023,enterprise_value,roa,72
test_2023,enterprise_value,roe,72
test_2023,enterprise_value,short_term_liabilities,72
test_2023,enterprise_value,total_assets,72
test_2023,enterprise_value,working_capital,72
test_2023,equity,benchmark_same_year_return_pct,73
test_2023,equity,current_assets,81
test_2023,equity,current_ratio,80
test_2023,equity,ebitda,81
test_2023,equity,ebitda_growth_pct,80
test_2023,equity,ebitda_margin,81
test_2023,equity,enterprise_value,72
test_2023,equity,equity,81
test_2023,equity,ev_ebitda,69
test_2023,equity,financial_debt_ratio,80
test_2023,equity,gross_margin,81
test_2023,equity,gross_profit,81
test_2023,equity,gross_profit_growth_pct,80
test_2023,equity,leverage_ratio,80
test_2023,equity,long_term_liabilities,81
test_2023,equity,market_cap,72
test_2023,equity,net_debt,80
test_2023,equity,net_debt_to_ebitda,80
test_2023,equity,net_income,81
test_2023,equity,net_income_growth_pct,80
test_2023,equity,net_margin,81
test_2023,equity,non_current_assets,81
test_2023,equity,operating_income,81
test_2023,equity,operating_income_growth_pct,80
test_2023,equity,pb_ratio,72
test_2023,equity,pe_ratio,58
test_2023,equity,price_adjclose_t,73
test_2023,equity,price_data_available,73
test_2023,equity,price_drawdown_from_3y_high_pct,73
test_2023,equity,price_history_years_available,73
test_2023,equity,price_momentum_1y_pct,36
test_2023,equity,price_momentum_2y_pct,0
test_2023,equity,price_vs_bist100_1y_pct,36
test_2023,equity,revenue,81
test_2023,equity,revenue_growth_pct,80
test_2023,equity,roa,81
test_2023,equity,roe,81
test_2023,equity,short_term_liabilities,81
test_2023,equity,total_assets,81
test_2023,equity,working_capital,81
test_2023,ev_ebitda,benchmark_same_year_return_pct,69
test_2023,ev_ebitda,current_assets,69
test_2023,ev_ebitda,current_ratio,69
test_2023,ev_ebitda,ebitda,69
test_2023,ev_ebitda,ebitda_growth_pct,69
test_2023,ev_ebitda,ebitda_margin,69
test_2023,ev_ebitda,enterprise_value,69
test_2023,ev_ebitda,equity,69
test_2023,ev_ebitda,ev_ebitda,69
test_2023,ev_ebitda,financial_debt_ratio,69
test_2023,ev_ebitda,gross_margin,69
test_2023,ev_ebitda,gross_profit,69
test_2023,ev_ebitda,gross_profit_growth_pct,69
test_2023,ev_ebitda,leverage_ratio,69
test_2023,ev_ebitda,long_term_liabilities,69
test_2023,ev_ebitda,market_cap,69
test_2023,ev_ebitda,net_debt,69
test_2023,ev_ebitda,net_debt_to_ebitda,69
test_2023,ev_ebitda,net_income,69
test_2023,ev_ebitda,net_income_growth_pct,69
test_2023,ev_ebitda,net_margin,69
test_2023,ev_ebitda,non_current_assets,69
test_2023,ev_ebitda,operating_income,69
test_2023,ev_ebitda,operating_income_growth_pct,69
test_2023,ev_ebitda,pb_ratio,69
test_2023,ev_ebitda,pe_ratio,57
test_2023,ev_ebitda,price_adjclose_t,69
test_2023,ev_ebitda,price_data_available,69
test_2023,ev_ebitda,price_drawdown_from_3y_high_pct,69
test_2023,ev_ebitda,price_history_years_available,69
test_2023,ev_ebitda,price_momentum_1y_pct,34
test_2023,ev_ebitda,price_momentum_2y_pct,0
test_2023,ev_ebitda,price_vs_bist100_1y_pct,34
test_2023,ev_ebitda,revenue,69
test_2023,ev_ebitda,revenue_growth_pct,69
test_2023,ev_ebitda,roa,69
test_2023,ev_ebitda,roe,69
test_2023,ev_ebitda,short_term_liabilities,69
test_2023,ev_ebitda,total_assets,69
test_2023,ev_ebitda,working_capital,69
test_2023,financial_debt_ratio,benchmark_same_year_return_pct,72
test_2023,financial_debt_ratio,current_assets,80
test_2023,financial_debt_ratio,current_ratio,80
test_2023,financial_debt_ratio,ebitda,80
test_2023,financial_debt_ratio,ebitda_growth_pct,80
test_2023,financial_debt_ratio,ebitda_margin,80
test_2023,financial_debt_ratio,enterprise_value,72
test_2023,financial_debt_ratio,equity,80
test_2023,financial_debt_ratio,ev_ebitda,69
test_2023,financial_debt_ratio,financial_debt_ratio,80
test_2023,financial_debt_ratio,gross_margin,80
test_2023,financial_debt_ratio,gross_profit,80
test_2023,financial_debt_ratio,gross_profit_growth_pct,80
test_2023,financial_debt_ratio,leverage_ratio,80
test_2023,financial_debt_ratio,long_term_liabilities,80
test_2023,financial_debt_ratio,market_cap,72
test_2023,financial_debt_ratio,net_debt,80
test_2023,financial_debt_ratio,net_debt_to_ebitda,80
test_2023,financial_debt_ratio,net_income,80
test_2023,financial_debt_ratio,net_income_growth_pct,80
test_2023,financial_debt_ratio,net_margin,80
test_2023,financial_debt_ratio,non_current_assets,80
test_2023,financial_debt_ratio,operating_income,80
test_2023,financial_debt_ratio,operating_income_growth_pct,80
test_2023,financial_debt_ratio,pb_ratio,72
test_2023,financial_debt_ratio,pe_ratio,58
test_2023,financial_debt_ratio,price_adjclose_t,72
test_2023,financial_debt_ratio,price_data_available,72
test_2023,financial_debt_ratio,price_drawdown_from_3y_high_pct,72
test_2023,financial_debt_ratio,price_history_years_available,72
test_2023,financial_debt_ratio,price_momentum_1y_pct,35
test_2023,financial_debt_ratio,price_momentum_2y_pct,0
test_2023,financial_debt_ratio,price_vs_bist100_1y_pct,35
test_2023,financial_debt_ratio,revenue,80
test_2023,financial_debt_ratio,revenue_growth_pct,80
test_2023,financial_debt_ratio,roa,80
test_2023,financial_debt_ratio,roe,80
test_2023,financial_debt_ratio,short_term_liabilities,80
test_2023,financial_debt_ratio,total_assets,80
test_2023,financial_debt_ratio,working_capital,80
test_2023,gross_margin,benchmark_same_year_return_pct,73
test_2023,gross_margin,current_assets,81
test_2023,gross_margin,current_ratio,80
test_2023,gross_margin,ebitda,81
test_2023,gross_margin,ebitda_growth_pct,80
test_2023,gross_margin,ebitda_margin,81
test_2023,gross_margin,enterprise_value,72
test_2023,gross_margin,equity,81
test_2023,gross_margin,ev_ebitda,69
test_2023,gross_margin,financial_debt_ratio,80
test_2023,gross_margin,gross_margin,81
test_2023,gross_margin,gross_profit,81
test_2023,gross_margin,gross_profit_growth_pct,80
test_2023,gross_margin,leverage_ratio,80
test_2023,gross_margin,long_term_liabilities,81
test_2023,gross_margin,market_cap,72
test_2023,gross_margin,net_debt,80
test_2023,gross_margin,net_debt_to_ebitda,80
test_2023,gross_margin,net_income,81
test_2023,gross_margin,net_income_growth_pct,80
test_2023,gross_margin,net_margin,81
test_2023,gross_margin,non_current_assets,81
test_2023,gross_margin,operating_income,81
test_2023,gross_margin,operating_income_growth_pct,80
test_2023,gross_margin,pb_ratio,72
test_2023,gross_margin,pe_ratio,58
test_2023,gross_margin,price_adjclose_t,73
test_2023,gross_margin,price_data_available,73
test_2023,gross_margin,price_drawdown_from_3y_high_pct,73
test_2023,gross_margin,price_history_years_available,73
test_2023,gross_margin,price_momentum_1y_pct,36
test_2023,gross_margin,price_momentum_2y_pct,0
test_2023,gross_margin,price_vs_bist100_1y_pct,36
test_2023,gross_margin,revenue,81
test_2023,gross_margin,revenue_growth_pct,80
test_2023,gross_margin,roa,81
test_2023,gross_margin,roe,81
test_2023,gross_margin,short_term_liabilities,81
test_2023,gross_margin,total_assets,81
test_2023,gross_margin,working_capital,81
test_2023,gross_profit,benchmark_same_year_return_pct,73
test_2023,gross_profit,current_assets,81
test_2023,gross_profit,current_ratio,80
test_2023,gross_profit,ebitda,81
test_2023,gross_profit,ebitda_growth_pct,80
test_2023,gross_profit,ebitda_margin,81
test_2023,gross_profit,enterprise_value,72
test_2023,gross_profit,equity,81
test_2023,gross_profit,ev_ebitda,69
test_2023,gross_profit,financial_debt_ratio,80
test_2023,gross_profit,gross_margin,81
test_2023,gross_profit,gross_profit,81
test_2023,gross_profit,gross_profit_growth_pct,80
test_2023,gross_profit,leverage_ratio,80
test_2023,gross_profit,long_term_liabilities,81
test_2023,gross_profit,market_cap,72
test_2023,gross_profit,net_debt,80
test_2023,gross_profit,net_debt_to_ebitda,80
test_2023,gross_profit,net_income,81
test_2023,gross_profit,net_income_growth_pct,80
test_2023,gross_profit,net_margin,81
test_2023,gross_profit,non_current_assets,81
test_2023,gross_profit,operating_income,81
test_2023,gross_profit,operating_income_growth_pct,80
test_2023,gross_profit,pb_ratio,72
test_2023,gross_profit,pe_ratio,58
test_2023,gross_profit,price_adjclose_t,73
test_2023,gross_profit,price_data_available,73
test_2023,gross_profit,price_drawdown_from_3y_high_pct,73
test_2023,gross_profit,price_history_years_available,73
test_2023,gross_profit,price_momentum_1y_pct,36
test_2023,gross_profit,price_momentum_2y_pct,0
test_2023,gross_profit,price_vs_bist100_1y_pct,36
test_2023,gross_profit,revenue,81
test_2023,gross_profit,revenue_growth_pct,80
test_2023,gross_profit,roa,81
test_2023,gross_profit,roe,81
test_2023,gross_profit,short_term_liabilities,81
test_2023,gross_profit,total_assets,81
test_2023,gross_profit,working_capital,81
test_2023,gross_profit_growth_pct,benchmark_same_year_return_pct,72
test_2023,gross_profit_growth_pct,current_assets,80
test_2023,gross_profit_growth_pct,current_ratio,80
test_2023,gross_profit_growth_pct,ebitda,80
test_2023,gross_profit_growth_pct,ebitda_growth_pct,80
test_2023,gross_profit_growth_pct,ebitda_margin,80
test_2023,gross_profit_growth_pct,enterprise_value,72
test_2023,gross_profit_growth_pct,equity,80
test_2023,gross_profit_growth_pct,ev_ebitda,69
test_2023,gross_profit_growth_pct,financial_debt_ratio,80
test_2023,gross_profit_growth_pct,gross_margin,80
test_2023,gross_profit_growth_pct,gross_profit,80
test_2023,gross_profit_growth_pct,gross_profit_growth_pct,80
test_2023,gross_profit_growth_pct,leverage_ratio,80
test_2023,gross_profit_growth_pct,long_term_liabilities,80
test_2023,gross_profit_growth_pct,market_cap,72
test_2023,gross_profit_growth_pct,net_debt,80
test_2023,gross_profit_growth_pct,net_debt_to_ebitda,80
test_2023,gross_profit_growth_pct,net_income,80
test_2023,gross_profit_growth_pct,net_income_growth_pct,80
test_2023,gross_profit_growth_pct,net_margin,80
test_2023,gross_profit_growth_pct,non_current_assets,80
test_2023,gross_profit_growth_pct,operating_income,80
test_2023,gross_profit_growth_pct,operating_income_growth_pct,80
test_2023,gross_profit_growth_pct,pb_ratio,72
test_2023,gross_profit_growth_pct,pe_ratio,58
test_2023,gross_profit_growth_pct,price_adjclose_t,72
test_2023,gross_profit_growth_pct,price_data_available,72
test_2023,gross_profit_growth_pct,price_drawdown_from_3y_high_pct,72
test_2023,gross_profit_growth_pct,price_history_years_available,72
test_2023,gross_profit_growth_pct,price_momentum_1y_pct,35
test_2023,gross_profit_growth_pct,price_momentum_2y_pct,0
test_2023,gross_profit_growth_pct,price_vs_bist100_1y_pct,35
test_2023,gross_profit_growth_pct,revenue,80
test_2023,gross_profit_growth_pct,revenue_growth_pct,80
test_2023,gross_profit_growth_pct,roa,80
test_2023,gross_profit_growth_pct,roe,80
test_2023,gross_profit_growth_pct,short_term_liabilities,80
test_2023,gross_profit_growth_pct,total_assets,80
test_2023,gross_profit_growth_pct,working_capital,80
test_2023,leverage_ratio,benchmark_same_year_return_pct,72
test_2023,leverage_ratio,current_assets,80
test_2023,leverage_ratio,current_ratio,80
test_2023,leverage_ratio,ebitda,80
test_2023,leverage_ratio,ebitda_growth_pct,80
test_2023,leverage_ratio,ebitda_margin,80
test_2023,leverage_ratio,enterprise_value,72
test_2023,leverage_ratio,equity,80
test_2023,leverage_ratio,ev_ebitda,69
test_2023,leverage_ratio,financial_debt_ratio,80
test_2023,leverage_ratio,gross_margin,80
test_2023,leverage_ratio,gross_profit,80
test_2023,leverage_ratio,gross_profit_growth_pct,80
test_2023,leverage_ratio,leverage_ratio,80
test_2023,leverage_ratio,long_term_liabilities,80
test_2023,leverage_ratio,market_cap,72
test_2023,leverage_ratio,net_debt,80
test_2023,leverage_ratio,net_debt_to_ebitda,80
test_2023,leverage_ratio,net_income,80
test_2023,leverage_ratio,net_income_growth_pct,80
test_2023,leverage_ratio,net_margin,80
test_2023,leverage_ratio,non_current_assets,80
test_2023,leverage_ratio,operating_income,80
test_2023,leverage_ratio,operating_income_growth_pct,80
test_2023,leverage_ratio,pb_ratio,72
test_2023,leverage_ratio,pe_ratio,58
test_2023,leverage_ratio,price_adjclose_t,72
test_2023,leverage_ratio,price_data_available,72
test_2023,leverage_ratio,price_drawdown_from_3y_high_pct,72
test_2023,leverage_ratio,price_history_years_available,72
test_2023,leverage_ratio,price_momentum_1y_pct,35
test_2023,leverage_ratio,price_momentum_2y_pct,0
test_2023,leverage_ratio,price_vs_bist100_1y_pct,35
test_2023,leverage_ratio,revenue,80
test_2023,leverage_ratio,revenue_growth_pct,80
test_2023,leverage_ratio,roa,80
test_2023,leverage_ratio,roe,80
test_2023,leverage_ratio,short_term_liabilities,80
test_2023,leverage_ratio,total_assets,80
test_2023,leverage_ratio,working_capital,80
test_2023,long_term_liabilities,benchmark_same_year_return_pct,73
test_2023,long_term_liabilities,current_assets,81
test_2023,long_term_liabilities,current_ratio,80
test_2023,long_term_liabilities,ebitda,81
test_2023,long_term_liabilities,ebitda_growth_pct,80
test_2023,long_term_liabilities,ebitda_margin,81
test_2023,long_term_liabilities,enterprise_value,72
test_2023,long_term_liabilities,equity,81
test_2023,long_term_liabilities,ev_ebitda,69
test_2023,long_term_liabilities,financial_debt_ratio,80
test_2023,long_term_liabilities,gross_margin,81
test_2023,long_term_liabilities,gross_profit,81
test_2023,long_term_liabilities,gross_profit_growth_pct,80
test_2023,long_term_liabilities,leverage_ratio,80
test_2023,long_term_liabilities,long_term_liabilities,81
test_2023,long_term_liabilities,market_cap,72
test_2023,long_term_liabilities,net_debt,80
test_2023,long_term_liabilities,net_debt_to_ebitda,80
test_2023,long_term_liabilities,net_income,81
test_2023,long_term_liabilities,net_income_growth_pct,80
test_2023,long_term_liabilities,net_margin,81
test_2023,long_term_liabilities,non_current_assets,81
test_2023,long_term_liabilities,operating_income,81
test_2023,long_term_liabilities,operating_income_growth_pct,80
test_2023,long_term_liabilities,pb_ratio,72
test_2023,long_term_liabilities,pe_ratio,58
test_2023,long_term_liabilities,price_adjclose_t,73
test_2023,long_term_liabilities,price_data_available,73
test_2023,long_term_liabilities,price_drawdown_from_3y_high_pct,73
test_2023,long_term_liabilities,price_history_years_available,73
test_2023,long_term_liabilities,price_momentum_1y_pct,36
test_2023,long_term_liabilities,price_momentum_2y_pct,0
test_2023,long_term_liabilities,price_vs_bist100_1y_pct,36
test_2023,long_term_liabilities,revenue,81
test_2023,long_term_liabilities,revenue_growth_pct,80
test_2023,long_term_liabilities,roa,81
test_2023,long_term_liabilities,roe,81
test_2023,long_term_liabilities,short_term_liabilities,81
test_2023,long_term_liabilities,total_assets,81
test_2023,long_term_liabilities,working_capital,81
test_2023,market_cap,benchmark_same_year_return_pct,72
test_2023,market_cap,current_assets,72
test_2023,market_cap,current_ratio,72
test_2023,market_cap,ebitda,72
test_2023,market_cap,ebitda_growth_pct,72
test_2023,market_cap,ebitda_margin,72
test_2023,market_cap,enterprise_value,72
test_2023,market_cap,equity,72
test_2023,market_cap,ev_ebitda,69
test_2023,market_cap,financial_debt_ratio,72
test_2023,market_cap,gross_margin,72
test_2023,market_cap,gross_profit,72
test_2023,market_cap,gross_profit_growth_pct,72
test_2023,market_cap,leverage_ratio,72
test_2023,market_cap,long_term_liabilities,72
test_2023,market_cap,market_cap,72
test_2023,market_cap,net_debt,72
test_2023,market_cap,net_debt_to_ebitda,72
test_2023,market_cap,net_income,72
test_2023,market_cap,net_income_growth_pct,72
test_2023,market_cap,net_margin,72
test_2023,market_cap,non_current_assets,72
test_2023,market_cap,operating_income,72
test_2023,market_cap,operating_income_growth_pct,72
test_2023,market_cap,pb_ratio,72
test_2023,market_cap,pe_ratio,58
test_2023,market_cap,price_adjclose_t,72
test_2023,market_cap,price_data_available,72
test_2023,market_cap,price_drawdown_from_3y_high_pct,72
test_2023,market_cap,price_history_years_available,72
test_2023,market_cap,price_momentum_1y_pct,35
test_2023,market_cap,price_momentum_2y_pct,0
test_2023,market_cap,price_vs_bist100_1y_pct,35
test_2023,market_cap,revenue,72
test_2023,market_cap,revenue_growth_pct,72
test_2023,market_cap,roa,72
test_2023,market_cap,roe,72
test_2023,market_cap,short_term_liabilities,72
test_2023,market_cap,total_assets,72
test_2023,market_cap,working_capital,72
test_2023,net_debt,benchmark_same_year_return_pct,72
test_2023,net_debt,current_assets,80
test_2023,net_debt,current_ratio,80
test_2023,net_debt,ebitda,80
test_2023,net_debt,ebitda_growth_pct,80
test_2023,net_debt,ebitda_margin,80
test_2023,net_debt,enterprise_value,72
test_2023,net_debt,equity,80
test_2023,net_debt,ev_ebitda,69
test_2023,net_debt,financial_debt_ratio,80
test_2023,net_debt,gross_margin,80
test_2023,net_debt,gross_profit,80
test_2023,net_debt,gross_profit_growth_pct,80
test_2023,net_debt,leverage_ratio,80
test_2023,net_debt,long_term_liabilities,80
test_2023,net_debt,market_cap,72
test_2023,net_debt,net_debt,80
test_2023,net_debt,net_debt_to_ebitda,80
test_2023,net_debt,net_income,80
test_2023,net_debt,net_income_growth_pct,80
test_2023,net_debt,net_margin,80
test_2023,net_debt,non_current_assets,80
test_2023,net_debt,operating_income,80
test_2023,net_debt,operating_income_growth_pct,80
test_2023,net_debt,pb_ratio,72
test_2023,net_debt,pe_ratio,58
test_2023,net_debt,price_adjclose_t,72
test_2023,net_debt,price_data_available,72
test_2023,net_debt,price_drawdown_from_3y_high_pct,72
test_2023,net_debt,price_history_years_available,72
test_2023,net_debt,price_momentum_1y_pct,35
test_2023,net_debt,price_momentum_2y_pct,0
test_2023,net_debt,price_vs_bist100_1y_pct,35
test_2023,net_debt,revenue,80
test_2023,net_debt,revenue_growth_pct,80
test_2023,net_debt,roa,80
test_2023,net_debt,roe,80
test_2023,net_debt,short_term_liabilities,80
test_2023,net_debt,total_assets,80
test_2023,net_debt,working_capital,80
test_2023,net_debt_to_ebitda,benchmark_same_year_return_pct,72
test_2023,net_debt_to_ebitda,current_assets,80
test_2023,net_debt_to_ebitda,current_ratio,80
test_2023,net_debt_to_ebitda,ebitda,80
test_2023,net_debt_to_ebitda,ebitda_growth_pct,80
test_2023,net_debt_to_ebitda,ebitda_margin,80
test_2023,net_debt_to_ebitda,enterprise_value,72
test_2023,net_debt_to_ebitda,equity,80
test_2023,net_debt_to_ebitda,ev_ebitda,69
test_2023,net_debt_to_ebitda,financial_debt_ratio,80
test_2023,net_debt_to_ebitda,gross_margin,80
test_2023,net_debt_to_ebitda,gross_profit,80
test_2023,net_debt_to_ebitda,gross_profit_growth_pct,80
test_2023,net_debt_to_ebitda,leverage_ratio,80
test_2023,net_debt_to_ebitda,long_term_liabilities,80
test_2023,net_debt_to_ebitda,market_cap,72
test_2023,net_debt_to_ebitda,net_debt,80
test_2023,net_debt_to_ebitda,net_debt_to_ebitda,80
test_2023,net_debt_to_ebitda,net_income,80
test_2023,net_debt_to_ebitda,net_income_growth_pct,80
test_2023,net_debt_to_ebitda,net_margin,80
test_2023,net_debt_to_ebitda,non_current_assets,80
test_2023,net_debt_to_ebitda,operating_income,80
test_2023,net_debt_to_ebitda,operating_income_growth_pct,80
test_2023,net_debt_to_ebitda,pb_ratio,72
test_2023,net_debt_to_ebitda,pe_ratio,58
test_2023,net_debt_to_ebitda,price_adjclose_t,72
test_2023,net_debt_to_ebitda,price_data_available,72
test_2023,net_debt_to_ebitda,price_drawdown_from_3y_high_pct,72
test_2023,net_debt_to_ebitda,price_history_years_available,72
test_2023,net_debt_to_ebitda,price_momentum_1y_pct,35
test_2023,net_debt_to_ebitda,price_momentum_2y_pct,0
test_2023,net_debt_to_ebitda,price_vs_bist100_1y_pct,35
test_2023,net_debt_to_ebitda,revenue,80
test_2023,net_debt_to_ebitda,revenue_growth_pct,80
test_2023,net_debt_to_ebitda,roa,80
test_2023,net_debt_to_ebitda,roe,80
test_2023,net_debt_to_ebitda,short_term_liabilities,80
test_2023,net_debt_to_ebitda,total_assets,80
test_2023,net_debt_to_ebitda,working_capital,80
test_2023,net_income,benchmark_same_year_return_pct,73
test_2023,net_income,current_assets,81
test_2023,net_income,current_ratio,80
test_2023,net_income,ebitda,81
test_2023,net_income,ebitda_growth_pct,80
test_2023,net_income,ebitda_margin,81
test_2023,net_income,enterprise_value,72
test_2023,net_income,equity,81
test_2023,net_income,ev_ebitda,69
test_2023,net_income,financial_debt_ratio,80
test_2023,net_income,gross_margin,81
test_2023,net_income,gross_profit,81
test_2023,net_income,gross_profit_growth_pct,80
test_2023,net_income,leverage_ratio,80
test_2023,net_income,long_term_liabilities,81
test_2023,net_income,market_cap,72
test_2023,net_income,net_debt,80
test_2023,net_income,net_debt_to_ebitda,80
test_2023,net_income,net_income,81
test_2023,net_income,net_income_growth_pct,80
test_2023,net_income,net_margin,81
test_2023,net_income,non_current_assets,81
test_2023,net_income,operating_income,81
test_2023,net_income,operating_income_growth_pct,80
test_2023,net_income,pb_ratio,72
test_2023,net_income,pe_ratio,58
test_2023,net_income,price_adjclose_t,73
test_2023,net_income,price_data_available,73
test_2023,net_income,price_drawdown_from_3y_high_pct,73
test_2023,net_income,price_history_years_available,73
test_2023,net_income,price_momentum_1y_pct,36
test_2023,net_income,price_momentum_2y_pct,0
test_2023,net_income,price_vs_bist100_1y_pct,36
test_2023,net_income,revenue,81
test_2023,net_income,revenue_growth_pct,80
test_2023,net_income,roa,81
test_2023,net_income,roe,81
test_2023,net_income,short_term_liabilities,81
test_2023,net_income,total_assets,81
test_2023,net_income,working_capital,81
test_2023,net_income_growth_pct,benchmark_same_year_return_pct,72
test_2023,net_income_growth_pct,current_assets,80
test_2023,net_income_growth_pct,current_ratio,80
test_2023,net_income_growth_pct,ebitda,80
test_2023,net_income_growth_pct,ebitda_growth_pct,80
test_2023,net_income_growth_pct,ebitda_margin,80
test_2023,net_income_growth_pct,enterprise_value,72
test_2023,net_income_growth_pct,equity,80
test_2023,net_income_growth_pct,ev_ebitda,69
test_2023,net_income_growth_pct,financial_debt_ratio,80
test_2023,net_income_growth_pct,gross_margin,80
test_2023,net_income_growth_pct,gross_profit,80
test_2023,net_income_growth_pct,gross_profit_growth_pct,80
test_2023,net_income_growth_pct,leverage_ratio,80
test_2023,net_income_growth_pct,long_term_liabilities,80
test_2023,net_income_growth_pct,market_cap,72
test_2023,net_income_growth_pct,net_debt,80
test_2023,net_income_growth_pct,net_debt_to_ebitda,80
test_2023,net_income_growth_pct,net_income,80
test_2023,net_income_growth_pct,net_income_growth_pct,80
test_2023,net_income_growth_pct,net_margin,80
test_2023,net_income_growth_pct,non_current_assets,80
test_2023,net_income_growth_pct,operating_income,80
test_2023,net_income_growth_pct,operating_income_growth_pct,80
test_2023,net_income_growth_pct,pb_ratio,72
test_2023,net_income_growth_pct,pe_ratio,58
test_2023,net_income_growth_pct,price_adjclose_t,72
test_2023,net_income_growth_pct,price_data_available,72
test_2023,net_income_growth_pct,price_drawdown_from_3y_high_pct,72
test_2023,net_income_growth_pct,price_history_years_available,72
test_2023,net_income_growth_pct,price_momentum_1y_pct,35
test_2023,net_income_growth_pct,price_momentum_2y_pct,0
test_2023,net_income_growth_pct,price_vs_bist100_1y_pct,35
test_2023,net_income_growth_pct,revenue,80
test_2023,net_income_growth_pct,revenue_growth_pct,80
test_2023,net_income_growth_pct,roa,80
test_2023,net_income_growth_pct,roe,80
test_2023,net_income_growth_pct,short_term_liabilities,80
test_2023,net_income_growth_pct,total_assets,80
test_2023,net_income_growth_pct,working_capital,80
test_2023,net_margin,benchmark_same_year_return_pct,73
test_2023,net_margin,current_assets,81
test_2023,net_margin,current_ratio,80
test_2023,net_margin,ebitda,81
test_2023,net_margin,ebitda_growth_pct,80
test_2023,net_margin,ebitda_margin,81
test_2023,net_margin,enterprise_value,72
test_2023,net_margin,equity,81
test_2023,net_margin,ev_ebitda,69
test_2023,net_margin,financial_debt_ratio,80
test_2023,net_margin,gross_margin,81
test_2023,net_margin,gross_profit,81
test_2023,net_margin,gross_profit_growth_pct,80
test_2023,net_margin,leverage_ratio,80
test_2023,net_margin,long_term_liabilities,81
test_2023,net_margin,market_cap,72
test_2023,net_margin,net_debt,80
test_2023,net_margin,net_debt_to_ebitda,80
test_2023,net_margin,net_income,81
test_2023,net_margin,net_income_growth_pct,80
test_2023,net_margin,net_margin,81
test_2023,net_margin,non_current_assets,81
test_2023,net_margin,operating_income,81
test_2023,net_margin,operating_income_growth_pct,80
test_2023,net_margin,pb_ratio,72
test_2023,net_margin,pe_ratio,58
test_2023,net_margin,price_adjclose_t,73
test_2023,net_margin,price_data_available,73
test_2023,net_margin,price_drawdown_from_3y_high_pct,73
test_2023,net_margin,price_history_years_available,73
test_2023,net_margin,price_momentum_1y_pct,36
test_2023,net_margin,price_momentum_2y_pct,0
test_2023,net_margin,price_vs_bist100_1y_pct,36
test_2023,net_margin,revenue,81
test_2023,net_margin,revenue_growth_pct,80
test_2023,net_margin,roa,81
test_2023,net_margin,roe,81
test_2023,net_margin,short_term_liabilities,81
test_2023,net_margin,total_assets,81
test_2023,net_margin,working_capital,81
test_2023,non_current_assets,benchmark_same_year_return_pct,73
test_2023,non_current_assets,current_assets,81
test_2023,non_current_assets,current_ratio,80
test_2023,non_current_assets,ebitda,81
test_2023,non_current_assets,ebitda_growth_pct,80
test_2023,non_current_assets,ebitda_margin,81
test_2023,non_current_assets,enterprise_value,72
test_2023,non_current_assets,equity,81
test_2023,non_current_assets,ev_ebitda,69
test_2023,non_current_assets,financial_debt_ratio,80
test_2023,non_current_assets,gross_margin,81
test_2023,non_current_assets,gross_profit,81
test_2023,non_current_assets,gross_profit_growth_pct,80
test_2023,non_current_assets,leverage_ratio,80
test_2023,non_current_assets,long_term_liabilities,81
test_2023,non_current_assets,market_cap,72
test_2023,non_current_assets,net_debt,80
test_2023,non_current_assets,net_debt_to_ebitda,80
test_2023,non_current_assets,net_income,81
test_2023,non_current_assets,net_income_growth_pct,80
test_2023,non_current_assets,net_margin,81
test_2023,non_current_assets,non_current_assets,81
test_2023,non_current_assets,operating_income,81
test_2023,non_current_assets,operating_income_growth_pct,80
test_2023,non_current_assets,pb_ratio,72
test_2023,non_current_assets,pe_ratio,58
test_2023,non_current_assets,price_adjclose_t,73
test_2023,non_current_assets,price_data_available,73
test_2023,non_current_assets,price_drawdown_from_3y_high_pct,73
test_2023,non_current_assets,price_history_years_available,73
test_2023,non_current_assets,price_momentum_1y_pct,36
test_2023,non_current_assets,price_momentum_2y_pct,0
test_2023,non_current_assets,price_vs_bist100_1y_pct,36
test_2023,non_current_assets,revenue,81
test_2023,non_current_assets,revenue_growth_pct,80
test_2023,non_current_assets,roa,81
test_2023,non_current_assets,roe,81
test_2023,non_current_assets,short_term_liabilities,81
test_2023,non_current_assets,total_assets,81
test_2023,non_current_assets,working_capital,81
test_2023,operating_income,benchmark_same_year_return_pct,73
test_2023,operating_income,current_assets,81
test_2023,operating_income,current_ratio,80
test_2023,operating_income,ebitda,81
test_2023,operating_income,ebitda_growth_pct,80
test_2023,operating_income,ebitda_margin,81
test_2023,operating_income,enterprise_value,72
test_2023,operating_income,equity,81
test_2023,operating_income,ev_ebitda,69
test_2023,operating_income,financial_debt_ratio,80
test_2023,operating_income,gross_margin,81
test_2023,operating_income,gross_profit,81
test_2023,operating_income,gross_profit_growth_pct,80
test_2023,operating_income,leverage_ratio,80
test_2023,operating_income,long_term_liabilities,81
test_2023,operating_income,market_cap,72
test_2023,operating_income,net_debt,80
test_2023,operating_income,net_debt_to_ebitda,80
test_2023,operating_income,net_income,81
test_2023,operating_income,net_income_growth_pct,80
test_2023,operating_income,net_margin,81
test_2023,operating_income,non_current_assets,81
test_2023,operating_income,operating_income,81
test_2023,operating_income,operating_income_growth_pct,80
test_2023,operating_income,pb_ratio,72
test_2023,operating_income,pe_ratio,58
test_2023,operating_income,price_adjclose_t,73
test_2023,operating_income,price_data_available,73
test_2023,operating_income,price_drawdown_from_3y_high_pct,73
test_2023,operating_income,price_history_years_available,73
test_2023,operating_income,price_momentum_1y_pct,36
test_2023,operating_income,price_momentum_2y_pct,0
test_2023,operating_income,price_vs_bist100_1y_pct,36
test_2023,operating_income,revenue,81
test_2023,operating_income,revenue_growth_pct,80
test_2023,operating_income,roa,81
test_2023,operating_income,roe,81
test_2023,operating_income,short_term_liabilities,81
test_2023,operating_income,total_assets,81
test_2023,operating_income,working_capital,81
test_2023,operating_income_growth_pct,benchmark_same_year_return_pct,72
test_2023,operating_income_growth_pct,current_assets,80
test_2023,operating_income_growth_pct,current_ratio,80
test_2023,operating_income_growth_pct,ebitda,80
test_2023,operating_income_growth_pct,ebitda_growth_pct,80
test_2023,operating_income_growth_pct,ebitda_margin,80
test_2023,operating_income_growth_pct,enterprise_value,72
test_2023,operating_income_growth_pct,equity,80
test_2023,operating_income_growth_pct,ev_ebitda,69
test_2023,operating_income_growth_pct,financial_debt_ratio,80
test_2023,operating_income_growth_pct,gross_margin,80
test_2023,operating_income_growth_pct,gross_profit,80
test_2023,operating_income_growth_pct,gross_profit_growth_pct,80
test_2023,operating_income_growth_pct,leverage_ratio,80
test_2023,operating_income_growth_pct,long_term_liabilities,80
test_2023,operating_income_growth_pct,market_cap,72
test_2023,operating_income_growth_pct,net_debt,80
test_2023,operating_income_growth_pct,net_debt_to_ebitda,80
test_2023,operating_income_growth_pct,net_income,80
test_2023,operating_income_growth_pct,net_income_growth_pct,80
test_2023,operating_income_growth_pct,net_margin,80
test_2023,operating_income_growth_pct,non_current_assets,80
test_2023,operating_income_growth_pct,operating_income,80
test_2023,operating_income_growth_pct,operating_income_growth_pct,80
test_2023,operating_income_growth_pct,pb_ratio,72
test_2023,operating_income_growth_pct,pe_ratio,58
test_2023,operating_income_growth_pct,price_adjclose_t,72
test_2023,operating_income_growth_pct,price_data_available,72
test_2023,operating_income_growth_pct,price_drawdown_from_3y_high_pct,72
test_2023,operating_income_growth_pct,price_history_years_available,72
test_2023,operating_income_growth_pct,price_momentum_1y_pct,35
test_2023,operating_income_growth_pct,price_momentum_2y_pct,0
test_2023,operating_income_growth_pct,price_vs_bist100_1y_pct,35
test_2023,operating_income_growth_pct,revenue,80
test_2023,operating_income_growth_pct,revenue_growth_pct,80
test_2023,operating_income_growth_pct,roa,80
test_2023,operating_income_growth_pct,roe,80
test_2023,operating_income_growth_pct,short_term_liabilities,80
test_2023,operating_income_growth_pct,total_assets,80
test_2023,operating_income_growth_pct,working_capital,80
test_2023,pb_ratio,benchmark_same_year_return_pct,72
test_2023,pb_ratio,current_assets,72
test_2023,pb_ratio,current_ratio,72
test_2023,pb_ratio,ebitda,72
test_2023,pb_ratio,ebitda_growth_pct,72
test_2023,pb_ratio,ebitda_margin,72
test_2023,pb_ratio,enterprise_value,72
test_2023,pb_ratio,equity,72
test_2023,pb_ratio,ev_ebitda,69
test_2023,pb_ratio,financial_debt_ratio,72
test_2023,pb_ratio,gross_margin,72
test_2023,pb_ratio,gross_profit,72
test_2023,pb_ratio,gross_profit_growth_pct,72
test_2023,pb_ratio,leverage_ratio,72
test_2023,pb_ratio,long_term_liabilities,72
test_2023,pb_ratio,market_cap,72
test_2023,pb_ratio,net_debt,72
test_2023,pb_ratio,net_debt_to_ebitda,72
test_2023,pb_ratio,net_income,72
test_2023,pb_ratio,net_income_growth_pct,72
test_2023,pb_ratio,net_margin,72
test_2023,pb_ratio,non_current_assets,72
test_2023,pb_ratio,operating_income,72
test_2023,pb_ratio,operating_income_growth_pct,72
test_2023,pb_ratio,pb_ratio,72
test_2023,pb_ratio,pe_ratio,58
test_2023,pb_ratio,price_adjclose_t,72
test_2023,pb_ratio,price_data_available,72
test_2023,pb_ratio,price_drawdown_from_3y_high_pct,72
test_2023,pb_ratio,price_history_years_available,72
test_2023,pb_ratio,price_momentum_1y_pct,35
test_2023,pb_ratio,price_momentum_2y_pct,0
test_2023,pb_ratio,price_vs_bist100_1y_pct,35
test_2023,pb_ratio,revenue,72
test_2023,pb_ratio,revenue_growth_pct,72
test_2023,pb_ratio,roa,72
test_2023,pb_ratio,roe,72
test_2023,pb_ratio,short_term_liabilities,72
test_2023,pb_ratio,total_assets,72
test_2023,pb_ratio,working_capital,72
test_2023,pe_ratio,benchmark_same_year_return_pct,58
test_2023,pe_ratio,current_assets,58
test_2023,pe_ratio,current_ratio,58
test_2023,pe_ratio,ebitda,58
test_2023,pe_ratio,ebitda_growth_pct,58
test_2023,pe_ratio,ebitda_margin,58
test_2023,pe_ratio,enterprise_value,58
test_2023,pe_ratio,equity,58
test_2023,pe_ratio,ev_ebitda,57
test_2023,pe_ratio,financial_debt_ratio,58
test_2023,pe_ratio,gross_margin,58
test_2023,pe_ratio,gross_profit,58
test_2023,pe_ratio,gross_profit_growth_pct,58
test_2023,pe_ratio,leverage_ratio,58
test_2023,pe_ratio,long_term_liabilities,58
test_2023,pe_ratio,market_cap,58
test_2023,pe_ratio,net_debt,58
test_2023,pe_ratio,net_debt_to_ebitda,58
test_2023,pe_ratio,net_income,58
test_2023,pe_ratio,net_income_growth_pct,58
test_2023,pe_ratio,net_margin,58
test_2023,pe_ratio,non_current_assets,58
test_2023,pe_ratio,operating_income,58
test_2023,pe_ratio,operating_income_growth_pct,58
test_2023,pe_ratio,pb_ratio,58
test_2023,pe_ratio,pe_ratio,58
test_2023,pe_ratio,price_adjclose_t,58
test_2023,pe_ratio,price_data_available,58
test_2023,pe_ratio,price_drawdown_from_3y_high_pct,58
test_2023,pe_ratio,price_history_years_available,58
test_2023,pe_ratio,price_momentum_1y_pct,30
test_2023,pe_ratio,price_momentum_2y_pct,0
test_2023,pe_ratio,price_vs_bist100_1y_pct,30
test_2023,pe_ratio,revenue,58
test_2023,pe_ratio,revenue_growth_pct,58
test_2023,pe_ratio,roa,58
test_2023,pe_ratio,roe,58
test_2023,pe_ratio,short_term_liabilities,58
test_2023,pe_ratio,total_assets,58
test_2023,pe_ratio,working_capital,58
test_2023,price_adjclose_t,benchmark_same_year_return_pct,73
test_2023,price_adjclose_t,current_assets,73
test_2023,price_adjclose_t,current_ratio,72
test_2023,price_adjclose_t,ebitda,73
test_2023,price_adjclose_t,ebitda_growth_pct,72
test_2023,price_adjclose_t,ebitda_margin,73
test_2023,price_adjclose_t,enterprise_value,72
test_2023,price_adjclose_t,equity,73
test_2023,price_adjclose_t,ev_ebitda,69
test_2023,price_adjclose_t,financial_debt_ratio,72
test_2023,price_adjclose_t,gross_margin,73
test_2023,price_adjclose_t,gross_profit,73
test_2023,price_adjclose_t,gross_profit_growth_pct,72
test_2023,price_adjclose_t,leverage_ratio,72
test_2023,price_adjclose_t,long_term_liabilities,73
test_2023,price_adjclose_t,market_cap,72
test_2023,price_adjclose_t,net_debt,72
test_2023,price_adjclose_t,net_debt_to_ebitda,72
test_2023,price_adjclose_t,net_income,73
test_2023,price_adjclose_t,net_income_growth_pct,72
test_2023,price_adjclose_t,net_margin,73
test_2023,price_adjclose_t,non_current_assets,73
test_2023,price_adjclose_t,operating_income,73
test_2023,price_adjclose_t,operating_income_growth_pct,72
test_2023,price_adjclose_t,pb_ratio,72
test_2023,price_adjclose_t,pe_ratio,58
test_2023,price_adjclose_t,price_adjclose_t,73
test_2023,price_adjclose_t,price_data_available,73
test_2023,price_adjclose_t,price_drawdown_from_3y_high_pct,73
test_2023,price_adjclose_t,price_history_years_available,73
test_2023,price_adjclose_t,price_momentum_1y_pct,36
test_2023,price_adjclose_t,price_momentum_2y_pct,0
test_2023,price_adjclose_t,price_vs_bist100_1y_pct,36
test_2023,price_adjclose_t,revenue,73
test_2023,price_adjclose_t,revenue_growth_pct,72
test_2023,price_adjclose_t,roa,73
test_2023,price_adjclose_t,roe,73
test_2023,price_adjclose_t,short_term_liabilities,73
test_2023,price_adjclose_t,total_assets,73
test_2023,price_adjclose_t,working_capital,73
test_2023,price_data_available,benchmark_same_year_return_pct,73
test_2023,price_data_available,current_assets,73
test_2023,price_data_available,current_ratio,72
test_2023,price_data_available,ebitda,73
test_2023,price_data_available,ebitda_growth_pct,72
test_2023,price_data_available,ebitda_margin,73
test_2023,price_data_available,enterprise_value,72
test_2023,price_data_available,equity,73
test_2023,price_data_available,ev_ebitda,69
test_2023,price_data_available,financial_debt_ratio,72
test_2023,price_data_available,gross_margin,73
test_2023,price_data_available,gross_profit,73
test_2023,price_data_available,gross_profit_growth_pct,72
test_2023,price_data_available,leverage_ratio,72
test_2023,price_data_available,long_term_liabilities,73
test_2023,price_data_available,market_cap,72
test_2023,price_data_available,net_debt,72
test_2023,price_data_available,net_debt_to_ebitda,72
test_2023,price_data_available,net_income,73
test_2023,price_data_available,net_income_growth_pct,72
test_2023,price_data_available,net_margin,73
test_2023,price_data_available,non_current_assets,73
test_2023,price_data_available,operating_income,73
test_2023,price_data_available,operating_income_growth_pct,72
test_2023,price_data_available,pb_ratio,72
test_2023,price_data_available,pe_ratio,58
test_2023,price_data_available,price_adjclose_t,73
test_2023,price_data_available,price_data_available,73
test_2023,price_data_available,price_drawdown_from_3y_high_pct,73
test_2023,price_data_available,price_history_years_available,73
test_2023,price_data_available,price_momentum_1y_pct,36
test_2023,price_data_available,price_momentum_2y_pct,0
test_2023,price_data_available,price_vs_bist100_1y_pct,36
test_2023,price_data_available,revenue,73
test_2023,price_data_available,revenue_growth_pct,72
test_2023,price_data_available,roa,73
test_2023,price_data_available,roe,73
test_2023,price_data_available,short_term_liabilities,73
test_2023,price_data_available,total_assets,73
test_2023,price_data_available,working_capital,73
test_2023,price_drawdown_from_3y_high_pct,benchmark_same_year_return_pct,73
test_2023,price_drawdown_from_3y_high_pct,current_assets,73
test_2023,price_drawdown_from_3y_high_pct,current_ratio,72
test_2023,price_drawdown_from_3y_high_pct,ebitda,73
test_2023,price_drawdown_from_3y_high_pct,ebitda_growth_pct,72
test_2023,price_drawdown_from_3y_high_pct,ebitda_margin,73
test_2023,price_drawdown_from_3y_high_pct,enterprise_value,72
test_2023,price_drawdown_from_3y_high_pct,equity,73
test_2023,price_drawdown_from_3y_high_pct,ev_ebitda,69
test_2023,price_drawdown_from_3y_high_pct,financial_debt_ratio,72
test_2023,price_drawdown_from_3y_high_pct,gross_margin,73
test_2023,price_drawdown_from_3y_high_pct,gross_profit,73
test_2023,price_drawdown_from_3y_high_pct,gross_profit_growth_pct,72
test_2023,price_drawdown_from_3y_high_pct,leverage_ratio,72
test_2023,price_drawdown_from_3y_high_pct,long_term_liabilities,73
test_2023,price_drawdown_from_3y_high_pct,market_cap,72
test_2023,price_drawdown_from_3y_high_pct,net_debt,72
test_2023,price_drawdown_from_3y_high_pct,net_debt_to_ebitda,72
test_2023,price_drawdown_from_3y_high_pct,net_income,73
test_2023,price_drawdown_from_3y_high_pct,net_income_growth_pct,72
test_2023,price_drawdown_from_3y_high_pct,net_margin,73
test_2023,price_drawdown_from_3y_high_pct,non_current_assets,73
test_2023,price_drawdown_from_3y_high_pct,operating_income,73
test_2023,price_drawdown_from_3y_high_pct,operating_income_growth_pct,72
test_2023,price_drawdown_from_3y_high_pct,pb_ratio,72
test_2023,price_drawdown_from_3y_high_pct,pe_ratio,58
test_2023,price_drawdown_from_3y_high_pct,price_adjclose_t,73
test_2023,price_drawdown_from_3y_high_pct,price_data_available,73
test_2023,price_drawdown_from_3y_high_pct,price_drawdown_from_3y_high_pct,73
test_2023,price_drawdown_from_3y_high_pct,price_history_years_available,73
test_2023,price_drawdown_from_3y_high_pct,price_momentum_1y_pct,36
test_2023,price_drawdown_from_3y_high_pct,price_momentum_2y_pct,0
test_2023,price_drawdown_from_3y_high_pct,price_vs_bist100_1y_pct,36
test_2023,price_drawdown_from_3y_high_pct,revenue,73
test_2023,price_drawdown_from_3y_high_pct,revenue_growth_pct,72
test_2023,price_drawdown_from_3y_high_pct,roa,73
test_2023,price_drawdown_from_3y_high_pct,roe,73
test_2023,price_drawdown_from_3y_high_pct,short_term_liabilities,73
test_2023,price_drawdown_from_3y_high_pct,total_assets,73
test_2023,price_drawdown_from_3y_high_pct,working_capital,73
test_2023,price_history_years_available,benchmark_same_year_return_pct,73
test_2023,price_history_years_available,current_assets,73
test_2023,price_history_years_available,current_ratio,72
test_2023,price_history_years_available,ebitda,73
test_2023,price_history_years_available,ebitda_growth_pct,72
test_2023,price_history_years_available,ebitda_margin,73
test_2023,price_history_years_available,enterprise_value,72
test_2023,price_history_years_available,equity,73
test_2023,price_history_years_available,ev_ebitda,69
test_2023,price_history_years_available,financial_debt_ratio,72
test_2023,price_history_years_available,gross_margin,73
test_2023,price_history_years_available,gross_profit,73
test_2023,price_history_years_available,gross_profit_growth_pct,72
test_2023,price_history_years_available,leverage_ratio,72
test_2023,price_history_years_available,long_term_liabilities,73
test_2023,price_history_years_available,market_cap,72
test_2023,price_history_years_available,net_debt,72
test_2023,price_history_years_available,net_debt_to_ebitda,72
test_2023,price_history_years_available,net_income,73
test_2023,price_history_years_available,net_income_growth_pct,72
test_2023,price_history_years_available,net_margin,73
test_2023,price_history_years_available,non_current_assets,73
test_2023,price_history_years_available,operating_income,73
test_2023,price_history_years_available,operating_income_growth_pct,72
test_2023,price_history_years_available,pb_ratio,72
test_2023,price_history_years_available,pe_ratio,58
test_2023,price_history_years_available,price_adjclose_t,73
test_2023,price_history_years_available,price_data_available,73
test_2023,price_history_years_available,price_drawdown_from_3y_high_pct,73
test_2023,price_history_years_available,price_history_years_available,73
test_2023,price_history_years_available,price_momentum_1y_pct,36
test_2023,price_history_years_available,price_momentum_2y_pct,0
test_2023,price_history_years_available,price_vs_bist100_1y_pct,36
test_2023,price_history_years_available,revenue,73
test_2023,price_history_years_available,revenue_growth_pct,72
test_2023,price_history_years_available,roa,73
test_2023,price_history_years_available,roe,73
test_2023,price_history_years_available,short_term_liabilities,73
test_2023,price_history_years_available,total_assets,73
test_2023,price_history_years_available,working_capital,73
test_2023,price_momentum_1y_pct,benchmark_same_year_return_pct,36
test_2023,price_momentum_1y_pct,current_assets,36
test_2023,price_momentum_1y_pct,current_ratio,35
test_2023,price_momentum_1y_pct,ebitda,36
test_2023,price_momentum_1y_pct,ebitda_growth_pct,35
test_2023,price_momentum_1y_pct,ebitda_margin,36
test_2023,price_momentum_1y_pct,enterprise_value,35
test_2023,price_momentum_1y_pct,equity,36
test_2023,price_momentum_1y_pct,ev_ebitda,34
test_2023,price_momentum_1y_pct,financial_debt_ratio,35
test_2023,price_momentum_1y_pct,gross_margin,36
test_2023,price_momentum_1y_pct,gross_profit,36
test_2023,price_momentum_1y_pct,gross_profit_growth_pct,35
test_2023,price_momentum_1y_pct,leverage_ratio,35
test_2023,price_momentum_1y_pct,long_term_liabilities,36
test_2023,price_momentum_1y_pct,market_cap,35
test_2023,price_momentum_1y_pct,net_debt,35
test_2023,price_momentum_1y_pct,net_debt_to_ebitda,35
test_2023,price_momentum_1y_pct,net_income,36
test_2023,price_momentum_1y_pct,net_income_growth_pct,35
test_2023,price_momentum_1y_pct,net_margin,36
test_2023,price_momentum_1y_pct,non_current_assets,36
test_2023,price_momentum_1y_pct,operating_income,36
test_2023,price_momentum_1y_pct,operating_income_growth_pct,35
test_2023,price_momentum_1y_pct,pb_ratio,35
test_2023,price_momentum_1y_pct,pe_ratio,30
test_2023,price_momentum_1y_pct,price_adjclose_t,36
test_2023,price_momentum_1y_pct,price_data_available,36
test_2023,price_momentum_1y_pct,price_drawdown_from_3y_high_pct,36
test_2023,price_momentum_1y_pct,price_history_years_available,36
test_2023,price_momentum_1y_pct,price_momentum_1y_pct,36
test_2023,price_momentum_1y_pct,price_momentum_2y_pct,0
test_2023,price_momentum_1y_pct,price_vs_bist100_1y_pct,36
test_2023,price_momentum_1y_pct,revenue,36
test_2023,price_momentum_1y_pct,revenue_growth_pct,35
test_2023,price_momentum_1y_pct,roa,36
test_2023,price_momentum_1y_pct,roe,36
test_2023,price_momentum_1y_pct,short_term_liabilities,36
test_2023,price_momentum_1y_pct,total_assets,36
test_2023,price_momentum_1y_pct,working_capital,36
test_2023,price_momentum_2y_pct,benchmark_same_year_return_pct,0
test_2023,price_momentum_2y_pct,current_assets,0
test_2023,price_momentum_2y_pct,current_ratio,0
test_2023,price_momentum_2y_pct,ebitda,0
test_2023,price_momentum_2y_pct,ebitda_growth_pct,0
test_2023,price_momentum_2y_pct,ebitda_margin,0
test_2023,price_momentum_2y_pct,enterprise_value,0
test_2023,price_momentum_2y_pct,equity,0
test_2023,price_momentum_2y_pct,ev_ebitda,0
test_2023,price_momentum_2y_pct,financial_debt_ratio,0
test_2023,price_momentum_2y_pct,gross_margin,0
test_2023,price_momentum_2y_pct,gross_profit,0
test_2023,price_momentum_2y_pct,gross_profit_growth_pct,0
test_2023,price_momentum_2y_pct,leverage_ratio,0
test_2023,price_momentum_2y_pct,long_term_liabilities,0
test_2023,price_momentum_2y_pct,market_cap,0
test_2023,price_momentum_2y_pct,net_debt,0
test_2023,price_momentum_2y_pct,net_debt_to_ebitda,0
test_2023,price_momentum_2y_pct,net_income,0
test_2023,price_momentum_2y_pct,net_income_growth_pct,0
test_2023,price_momentum_2y_pct,net_margin,0
test_2023,price_momentum_2y_pct,non_current_assets,0
test_2023,price_momentum_2y_pct,operating_income,0
test_2023,price_momentum_2y_pct,operating_income_growth_pct,0
test_2023,price_momentum_2y_pct,pb_ratio,0
test_2023,price_momentum_2y_pct,pe_ratio,0
test_2023,price_momentum_2y_pct,price_adjclose_t,0
test_2023,price_momentum_2y_pct,price_data_available,0
test_2023,price_momentum_2y_pct,price_drawdown_from_3y_high_pct,0
test_2023,price_momentum_2y_pct,price_history_years_available,0
test_2023,price_momentum_2y_pct,price_momentum_1y_pct,0
test_2023,price_momentum_2y_pct,price_momentum_2y_pct,0
test_2023,price_momentum_2y_pct,price_vs_bist100_1y_pct,0
test_2023,price_momentum_2y_pct,revenue,0
test_2023,price_momentum_2y_pct,revenue_growth_pct,0
test_2023,price_momentum_2y_pct,roa,0
test_2023,price_momentum_2y_pct,roe,0
test_2023,price_momentum_2y_pct,short_term_liabilities,0
test_2023,price_momentum_2y_pct,total_assets,0
test_2023,price_momentum_2y_pct,working_capital,0
test_2023,price_vs_bist100_1y_pct,benchmark_same_year_return_pct,36
test_2023,price_vs_bist100_1y_pct,current_assets,36
test_2023,price_vs_bist100_1y_pct,current_ratio,35
test_2023,price_vs_bist100_1y_pct,ebitda,36
test_2023,price_vs_bist100_1y_pct,ebitda_growth_pct,35
test_2023,price_vs_bist100_1y_pct,ebitda_margin,36
test_2023,price_vs_bist100_1y_pct,enterprise_value,35
test_2023,price_vs_bist100_1y_pct,equity,36
test_2023,price_vs_bist100_1y_pct,ev_ebitda,34
test_2023,price_vs_bist100_1y_pct,financial_debt_ratio,35
test_2023,price_vs_bist100_1y_pct,gross_margin,36
test_2023,price_vs_bist100_1y_pct,gross_profit,36
test_2023,price_vs_bist100_1y_pct,gross_profit_growth_pct,35
test_2023,price_vs_bist100_1y_pct,leverage_ratio,35
test_2023,price_vs_bist100_1y_pct,long_term_liabilities,36
test_2023,price_vs_bist100_1y_pct,market_cap,35
test_2023,price_vs_bist100_1y_pct,net_debt,35
test_2023,price_vs_bist100_1y_pct,net_debt_to_ebitda,35
test_2023,price_vs_bist100_1y_pct,net_income,36
test_2023,price_vs_bist100_1y_pct,net_income_growth_pct,35
test_2023,price_vs_bist100_1y_pct,net_margin,36
test_2023,price_vs_bist100_1y_pct,non_current_assets,36
test_2023,price_vs_bist100_1y_pct,operating_income,36
test_2023,price_vs_bist100_1y_pct,operating_income_growth_pct,35
test_2023,price_vs_bist100_1y_pct,pb_ratio,35
test_2023,price_vs_bist100_1y_pct,pe_ratio,30
test_2023,price_vs_bist100_1y_pct,price_adjclose_t,36
test_2023,price_vs_bist100_1y_pct,price_data_available,36
test_2023,price_vs_bist100_1y_pct,price_drawdown_from_3y_high_pct,36
test_2023,price_vs_bist100_1y_pct,price_history_years_available,36
test_2023,price_vs_bist100_1y_pct,price_momentum_1y_pct,36
test_2023,price_vs_bist100_1y_pct,price_momentum_2y_pct,0
test_2023,price_vs_bist100_1y_pct,price_vs_bist100_1y_pct,36
test_2023,price_vs_bist100_1y_pct,revenue,36
test_2023,price_vs_bist100_1y_pct,revenue_growth_pct,35
test_2023,price_vs_bist100_1y_pct,roa,36
test_2023,price_vs_bist100_1y_pct,roe,36
test_2023,price_vs_bist100_1y_pct,short_term_liabilities,36
test_2023,price_vs_bist100_1y_pct,total_assets,36
test_2023,price_vs_bist100_1y_pct,working_capital,36
test_2023,revenue,benchmark_same_year_return_pct,73
test_2023,revenue,current_assets,81
test_2023,revenue,current_ratio,80
test_2023,revenue,ebitda,81
test_2023,revenue,ebitda_growth_pct,80
test_2023,revenue,ebitda_margin,81
test_2023,revenue,enterprise_value,72
test_2023,revenue,equity,81
test_2023,revenue,ev_ebitda,69
test_2023,revenue,financial_debt_ratio,80
test_2023,revenue,gross_margin,81
test_2023,revenue,gross_profit,81
test_2023,revenue,gross_profit_growth_pct,80
test_2023,revenue,leverage_ratio,80
test_2023,revenue,long_term_liabilities,81
test_2023,revenue,market_cap,72
test_2023,revenue,net_debt,80
test_2023,revenue,net_debt_to_ebitda,80
test_2023,revenue,net_income,81
test_2023,revenue,net_income_growth_pct,80
test_2023,revenue,net_margin,81
test_2023,revenue,non_current_assets,81
test_2023,revenue,operating_income,81
test_2023,revenue,operating_income_growth_pct,80
test_2023,revenue,pb_ratio,72
test_2023,revenue,pe_ratio,58
test_2023,revenue,price_adjclose_t,73
test_2023,revenue,price_data_available,73
test_2023,revenue,price_drawdown_from_3y_high_pct,73
test_2023,revenue,price_history_years_available,73
test_2023,revenue,price_momentum_1y_pct,36
test_2023,revenue,price_momentum_2y_pct,0
test_2023,revenue,price_vs_bist100_1y_pct,36
test_2023,revenue,revenue,81
test_2023,revenue,revenue_growth_pct,80
test_2023,revenue,roa,81
test_2023,revenue,roe,81
test_2023,revenue,short_term_liabilities,81
test_2023,revenue,total_assets,81
test_2023,revenue,working_capital,81
test_2023,revenue_growth_pct,benchmark_same_year_return_pct,72
test_2023,revenue_growth_pct,current_assets,80
test_2023,revenue_growth_pct,current_ratio,80
test_2023,revenue_growth_pct,ebitda,80
test_2023,revenue_growth_pct,ebitda_growth_pct,80
test_2023,revenue_growth_pct,ebitda_margin,80
test_2023,revenue_growth_pct,enterprise_value,72
test_2023,revenue_growth_pct,equity,80
test_2023,revenue_growth_pct,ev_ebitda,69
test_2023,revenue_growth_pct,financial_debt_ratio,80
test_2023,revenue_growth_pct,gross_margin,80
test_2023,revenue_growth_pct,gross_profit,80
test_2023,revenue_growth_pct,gross_profit_growth_pct,80
test_2023,revenue_growth_pct,leverage_ratio,80
test_2023,revenue_growth_pct,long_term_liabilities,80
test_2023,revenue_growth_pct,market_cap,72
test_2023,revenue_growth_pct,net_debt,80
test_2023,revenue_growth_pct,net_debt_to_ebitda,80
test_2023,revenue_growth_pct,net_income,80
test_2023,revenue_growth_pct,net_income_growth_pct,80
test_2023,revenue_growth_pct,net_margin,80
test_2023,revenue_growth_pct,non_current_assets,80
test_2023,revenue_growth_pct,operating_income,80
test_2023,revenue_growth_pct,operating_income_growth_pct,80
test_2023,revenue_growth_pct,pb_ratio,72
test_2023,revenue_growth_pct,pe_ratio,58
test_2023,revenue_growth_pct,price_adjclose_t,72
test_2023,revenue_growth_pct,price_data_available,72
test_2023,revenue_growth_pct,price_drawdown_from_3y_high_pct,72
test_2023,revenue_growth_pct,price_history_years_available,72
test_2023,revenue_growth_pct,price_momentum_1y_pct,35
test_2023,revenue_growth_pct,price_momentum_2y_pct,0
test_2023,revenue_growth_pct,price_vs_bist100_1y_pct,35
test_2023,revenue_growth_pct,revenue,80
test_2023,revenue_growth_pct,revenue_growth_pct,80
test_2023,revenue_growth_pct,roa,80
test_2023,revenue_growth_pct,roe,80
test_2023,revenue_growth_pct,short_term_liabilities,80
test_2023,revenue_growth_pct,total_assets,80
test_2023,revenue_growth_pct,working_capital,80
test_2023,roa,benchmark_same_year_return_pct,73
test_2023,roa,current_assets,81
test_2023,roa,current_ratio,80
test_2023,roa,ebitda,81
test_2023,roa,ebitda_growth_pct,80
test_2023,roa,ebitda_margin,81
test_2023,roa,enterprise_value,72
test_2023,roa,equity,81
test_2023,roa,ev_ebitda,69
test_2023,roa,financial_debt_ratio,80
test_2023,roa,gross_margin,81
test_2023,roa,gross_profit,81
test_2023,roa,gross_profit_growth_pct,80
test_2023,roa,leverage_ratio,80
test_2023,roa,long_term_liabilities,81
test_2023,roa,market_cap,72
test_2023,roa,net_debt,80
test_2023,roa,net_debt_to_ebitda,80
test_2023,roa,net_income,81
test_2023,roa,net_income_growth_pct,80
test_2023,roa,net_margin,81
test_2023,roa,non_current_assets,81
test_2023,roa,operating_income,81
test_2023,roa,operating_income_growth_pct,80
test_2023,roa,pb_ratio,72
test_2023,roa,pe_ratio,58
test_2023,roa,price_adjclose_t,73
test_2023,roa,price_data_available,73
test_2023,roa,price_drawdown_from_3y_high_pct,73
test_2023,roa,price_history_years_available,73
test_2023,roa,price_momentum_1y_pct,36
test_2023,roa,price_momentum_2y_pct,0
test_2023,roa,price_vs_bist100_1y_pct,36
test_2023,roa,revenue,81
test_2023,roa,revenue_growth_pct,80
test_2023,roa,roa,81
test_2023,roa,roe,81
test_2023,roa,short_term_liabilities,81
test_2023,roa,total_assets,81
test_2023,roa,working_capital,81
test_2023,roe,benchmark_same_year_return_pct,73
test_2023,roe,current_assets,81
test_2023,roe,current_ratio,80
test_2023,roe,ebitda,81
test_2023,roe,ebitda_growth_pct,80
test_2023,roe,ebitda_margin,81
test_2023,roe,enterprise_value,72
test_2023,roe,equity,81
test_2023,roe,ev_ebitda,69
test_2023,roe,financial_debt_ratio,80
test_2023,roe,gross_margin,81
test_2023,roe,gross_profit,81
test_2023,roe,gross_profit_growth_pct,80
test_2023,roe,leverage_ratio,80
test_2023,roe,long_term_liabilities,81
test_2023,roe,market_cap,72
test_2023,roe,net_debt,80
test_2023,roe,net_debt_to_ebitda,80
test_2023,roe,net_income,81
test_2023,roe,net_income_growth_pct,80
test_2023,roe,net_margin,81
test_2023,roe,non_current_assets,81
test_2023,roe,operating_income,81
test_2023,roe,operating_income_growth_pct,80
test_2023,roe,pb_ratio,72
test_2023,roe,pe_ratio,58
test_2023,roe,price_adjclose_t,73
test_2023,roe,price_data_available,73
test_2023,roe,price_drawdown_from_3y_high_pct,73
test_2023,roe,price_history_years_available,73
test_2023,roe,price_momentum_1y_pct,36
test_2023,roe,price_momentum_2y_pct,0
test_2023,roe,price_vs_bist100_1y_pct,36
test_2023,roe,revenue,81
test_2023,roe,revenue_growth_pct,80
test_2023,roe,roa,81
test_2023,roe,roe,81
test_2023,roe,short_term_liabilities,81
test_2023,roe,total_assets,81
test_2023,roe,working_capital,81
test_2023,short_term_liabilities,benchmark_same_year_return_pct,73
test_2023,short_term_liabilities,current_assets,81
test_2023,short_term_liabilities,current_ratio,80
test_2023,short_term_liabilities,ebitda,81
test_2023,short_term_liabilities,ebitda_growth_pct,80
test_2023,short_term_liabilities,ebitda_margin,81
test_2023,short_term_liabilities,enterprise_value,72
test_2023,short_term_liabilities,equity,81
test_2023,short_term_liabilities,ev_ebitda,69
test_2023,short_term_liabilities,financial_debt_ratio,80
test_2023,short_term_liabilities,gross_margin,81
test_2023,short_term_liabilities,gross_profit,81
test_2023,short_term_liabilities,gross_profit_growth_pct,80
test_2023,short_term_liabilities,leverage_ratio,80
test_2023,short_term_liabilities,long_term_liabilities,81
test_2023,short_term_liabilities,market_cap,72
test_2023,short_term_liabilities,net_debt,80
test_2023,short_term_liabilities,net_debt_to_ebitda,80
test_2023,short_term_liabilities,net_income,81
test_2023,short_term_liabilities,net_income_growth_pct,80
test_2023,short_term_liabilities,net_margin,81
test_2023,short_term_liabilities,non_current_assets,81
test_2023,short_term_liabilities,operating_income,81
test_2023,short_term_liabilities,operating_income_growth_pct,80
test_2023,short_term_liabilities,pb_ratio,72
test_2023,short_term_liabilities,pe_ratio,58
test_2023,short_term_liabilities,price_adjclose_t,73
test_2023,short_term_liabilities,price_data_available,73
test_2023,short_term_liabilities,price_drawdown_from_3y_high_pct,73
test_2023,short_term_liabilities,price_history_years_available,73
test_2023,short_term_liabilities,price_momentum_1y_pct,36
test_2023,short_term_liabilities,price_momentum_2y_pct,0
test_2023,short_term_liabilities,price_vs_bist100_1y_pct,36
test_2023,short_term_liabilities,revenue,81
test_2023,short_term_liabilities,revenue_growth_pct,80
test_2023,short_term_liabilities,roa,81
test_2023,short_term_liabilities,roe,81
test_2023,short_term_liabilities,short_term_liabilities,81
test_2023,short_term_liabilities,total_assets,81
test_2023,short_term_liabilities,working_capital,81
test_2023,total_assets,benchmark_same_year_return_pct,73
test_2023,total_assets,current_assets,81
test_2023,total_assets,current_ratio,80
test_2023,total_assets,ebitda,81
test_2023,total_assets,ebitda_growth_pct,80
test_2023,total_assets,ebitda_margin,81
test_2023,total_assets,enterprise_value,72
test_2023,total_assets,equity,81
test_2023,total_assets,ev_ebitda,69
test_2023,total_assets,financial_debt_ratio,80
test_2023,total_assets,gross_margin,81
test_2023,total_assets,gross_profit,81
test_2023,total_assets,gross_profit_growth_pct,80
test_2023,total_assets,leverage_ratio,80
test_2023,total_assets,long_term_liabilities,81
test_2023,total_assets,market_cap,72
test_2023,total_assets,net_debt,80
test_2023,total_assets,net_debt_to_ebitda,80
test_2023,total_assets,net_income,81
test_2023,total_assets,net_income_growth_pct,80
test_2023,total_assets,net_margin,81
test_2023,total_assets,non_current_assets,81
test_2023,total_assets,operating_income,81
test_2023,total_assets,operating_income_growth_pct,80
test_2023,total_assets,pb_ratio,72
test_2023,total_assets,pe_ratio,58
test_2023,total_assets,price_adjclose_t,73
test_2023,total_assets,price_data_available,73
test_2023,total_assets,price_drawdown_from_3y_high_pct,73
test_2023,total_assets,price_history_years_available,73
test_2023,total_assets,price_momentum_1y_pct,36
test_2023,total_assets,price_momentum_2y_pct,0
test_2023,total_assets,price_vs_bist100_1y_pct,36
test_2023,total_assets,revenue,81
test_2023,total_assets,revenue_growth_pct,80
test_2023,total_assets,roa,81
test_2023,total_assets,roe,81
test_2023,total_assets,short_term_liabilities,81
test_2023,total_assets,total_assets,81
test_2023,total_assets,working_capital,81
test_2023,working_capital,benchmark_same_year_return_pct,73
test_2023,working_capital,current_assets,81
test_2023,working_capital,current_ratio,80
test_2023,working_capital,ebitda,81
test_2023,working_capital,ebitda_growth_pct,80
test_2023,working_capital,ebitda_margin,81
test_2023,working_capital,enterprise_value,72
test_2023,working_capital,equity,81
test_2023,working_capital,ev_ebitda,69
test_2023,working_capital,financial_debt_ratio,80
test_2023,working_capital,gross_margin,81
test_2023,working_capital,gross_profit,81
test_2023,working_capital,gross_profit_growth_pct,80
test_2023,working_capital,leverage_ratio,80
test_2023,working_capital,long_term_liabilities,81
test_2023,working_capital,market_cap,72
test_2023,working_capital,net_debt,80
test_2023,working_capital,net_debt_to_ebitda,80
test_2023,working_capital,net_income,81
test_2023,working_capital,net_income_growth_pct,80
test_2023,working_capital,net_margin,81
test_2023,working_capital,non_current_assets,81
test_2023,working_capital,operating_income,81
test_2023,working_capital,operating_income_growth_pct,80
test_2023,working_capital,pb_ratio,72
test_2023,working_capital,pe_ratio,58
test_2023,working_capital,price_adjclose_t,73
test_2023,working_capital,price_data_available,73
test_2023,working_capital,price_drawdown_from_3y_high_pct,73
test_2023,working_capital,price_history_years_available,73
test_2023,working_capital,price_momentum_1y_pct,36
test_2023,working_capital,price_momentum_2y_pct,0
test_2023,working_capital,price_vs_bist100_1y_pct,36
test_2023,working_capital,revenue,81
test_2023,working_capital,revenue_growth_pct,80
test_2023,working_capital,roa,81
test_2023,working_capital,roe,81
test_2023,working_capital,short_term_liabilities,81
test_2023,working_capital,total_assets,81
test_2023,working_capital,working_capital,81
test_2024,benchmark_same_year_return_pct,benchmark_same_year_return_pct,150
test_2024,benchmark_same_year_return_pct,current_assets,139
test_2024,benchmark_same_year_return_pct,current_ratio,109
test_2024,benchmark_same_year_return_pct,ebitda,139
test_2024,benchmark_same_year_return_pct,ebitda_growth_pct,109
test_2024,benchmark_same_year_return_pct,ebitda_margin,139
test_2024,benchmark_same_year_return_pct,enterprise_value,109
test_2024,benchmark_same_year_return_pct,equity,150
test_2024,benchmark_same_year_return_pct,ev_ebitda,105
test_2024,benchmark_same_year_return_pct,financial_debt_ratio,109
test_2024,benchmark_same_year_return_pct,gross_margin,139
test_2024,benchmark_same_year_return_pct,gross_profit,139
test_2024,benchmark_same_year_return_pct,gross_profit_growth_pct,109
test_2024,benchmark_same_year_return_pct,leverage_ratio,109
test_2024,benchmark_same_year_return_pct,long_term_liabilities,139
test_2024,benchmark_same_year_return_pct,market_cap,109
test_2024,benchmark_same_year_return_pct,net_debt,129
test_2024,benchmark_same_year_return_pct,net_debt_to_ebitda,109
test_2024,benchmark_same_year_return_pct,net_income,150
test_2024,benchmark_same_year_return_pct,net_income_growth_pct,109
test_2024,benchmark_same_year_return_pct,net_margin,150
test_2024,benchmark_same_year_return_pct,non_current_assets,139
test_2024,benchmark_same_year_return_pct,operating_income,139
test_2024,benchmark_same_year_return_pct,operating_income_growth_pct,109
test_2024,benchmark_same_year_return_pct,pb_ratio,109
test_2024,benchmark_same_year_return_pct,pe_ratio,91
test_2024,benchmark_same_year_return_pct,price_adjclose_t,150
test_2024,benchmark_same_year_return_pct,price_data_available,150
test_2024,benchmark_same_year_return_pct,price_drawdown_from_3y_high_pct,150
test_2024,benchmark_same_year_return_pct,price_history_years_available,150
test_2024,benchmark_same_year_return_pct,price_momentum_1y_pct,112
test_2024,benchmark_same_year_return_pct,price_momentum_2y_pct,73
test_2024,benchmark_same_year_return_pct,price_vs_bist100_1y_pct,112
test_2024,benchmark_same_year_return_pct,revenue,150
test_2024,benchmark_same_year_return_pct,revenue_growth_pct,109
test_2024,benchmark_same_year_return_pct,roa,150
test_2024,benchmark_same_year_return_pct,roe,150
test_2024,benchmark_same_year_return_pct,short_term_liabilities,139
test_2024,benchmark_same_year_return_pct,total_assets,150
test_2024,benchmark_same_year_return_pct,working_capital,139
test_2024,current_assets,benchmark_same_year_return_pct,139
test_2024,current_assets,current_assets,150
test_2024,current_assets,current_ratio,120
test_2024,current_assets,ebitda,150
test_2024,current_assets,ebitda_growth_pct,120
test_2024,current_assets,ebitda_margin,150
test_2024,current_assets,enterprise_value,109
test_2024,current_assets,equity,150
test_2024,current_assets,ev_ebitda,105
test_2024,current_assets,financial_debt_ratio,120
test_2024,current_assets,gross_margin,150
test_2024,current_assets,gross_profit,150
test_2024,current_assets,gross_profit_growth_pct,120
test_2024,current_assets,leverage_ratio,120
test_2024,current_assets,long_term_liabilities,150
test_2024,current_assets,market_cap,109
test_2024,current_assets,net_debt,138
test_2024,current_assets,net_debt_to_ebitda,120
test_2024,current_assets,net_income,150
test_2024,current_assets,net_income_growth_pct,120
test_2024,current_assets,net_margin,150
test_2024,current_assets,non_current_assets,150
test_2024,current_assets,operating_income,150
test_2024,current_assets,operating_income_growth_pct,120
test_2024,current_assets,pb_ratio,109
test_2024,current_assets,pe_ratio,91
test_2024,current_assets,price_adjclose_t,139
test_2024,current_assets,price_data_available,139
test_2024,current_assets,price_drawdown_from_3y_high_pct,139
test_2024,current_assets,price_history_years_available,139
test_2024,current_assets,price_momentum_1y_pct,101
test_2024,current_assets,price_momentum_2y_pct,62
test_2024,current_assets,price_vs_bist100_1y_pct,101
test_2024,current_assets,revenue,150
test_2024,current_assets,revenue_growth_pct,120
test_2024,current_assets,roa,150
test_2024,current_assets,roe,150
test_2024,current_assets,short_term_liabilities,150
test_2024,current_assets,total_assets,150
test_2024,current_assets,working_capital,150
test_2024,current_ratio,benchmark_same_year_return_pct,109
test_2024,current_ratio,current_assets,120
test_2024,current_ratio,current_ratio,120
test_2024,current_ratio,ebitda,120
test_2024,current_ratio,ebitda_growth_pct,120
test_2024,current_ratio,ebitda_margin,120
test_2024,current_ratio,enterprise_value,109
test_2024,current_ratio,equity,120
test_2024,current_ratio,ev_ebitda,105
test_2024,current_ratio,financial_debt_ratio,120
test_2024,current_ratio,gross_margin,120
test_2024,current_ratio,gross_profit,120
test_2024,current_ratio,gross_profit_growth_pct,120
test_2024,current_ratio,leverage_ratio,120
test_2024,current_ratio,long_term_liabilities,120
test_2024,current_ratio,market_cap,109
test_2024,current_ratio,net_debt,120
test_2024,current_ratio,net_debt_to_ebitda,120
test_2024,current_ratio,net_income,120
test_2024,current_ratio,net_income_growth_pct,120
test_2024,current_ratio,net_margin,120
test_2024,current_ratio,non_current_assets,120
test_2024,current_ratio,operating_income,120
test_2024,current_ratio,operating_income_growth_pct,120
test_2024,current_ratio,pb_ratio,109
test_2024,current_ratio,pe_ratio,91
test_2024,current_ratio,price_adjclose_t,109
test_2024,current_ratio,price_data_available,109
test_2024,current_ratio,price_drawdown_from_3y_high_pct,109
test_2024,current_ratio,price_history_years_available,109
test_2024,current_ratio,price_momentum_1y_pct,72
test_2024,current_ratio,price_momentum_2y_pct,35
test_2024,current_ratio,price_vs_bist100_1y_pct,72
test_2024,current_ratio,revenue,120
test_2024,current_ratio,revenue_growth_pct,120
test_2024,current_ratio,roa,120
test_2024,current_ratio,roe,120
test_2024,current_ratio,short_term_liabilities,120
test_2024,current_ratio,total_assets,120
test_2024,current_ratio,working_capital,120
test_2024,ebitda,benchmark_same_year_return_pct,139
test_2024,ebitda,current_assets,150
test_2024,ebitda,current_ratio,120
test_2024,ebitda,ebitda,150
test_2024,ebitda,ebitda_growth_pct,120
test_2024,ebitda,ebitda_margin,150
test_2024,ebitda,enterprise_value,109
test_2024,ebitda,equity,150
test_2024,ebitda,ev_ebitda,105
test_2024,ebitda,financial_debt_ratio,120
test_2024,ebitda,gross_margin,150
test_2024,ebitda,gross_profit,150
test_2024,ebitda,gross_profit_growth_pct,120
test_2024,ebitda,leverage_ratio,120
test_2024,ebitda,long_term_liabilities,150
test_2024,ebitda,market_cap,109
test_2024,ebitda,net_debt,138
test_2024,ebitda,net_debt_to_ebitda,120
test_2024,ebitda,net_income,150
test_2024,ebitda,net_income_growth_pct,120
test_2024,ebitda,net_margin,150
test_2024,ebitda,non_current_assets,150
test_2024,ebitda,operating_income,150
test_2024,ebitda,operating_income_growth_pct,120
test_2024,ebitda,pb_ratio,109
test_2024,ebitda,pe_ratio,91
test_2024,ebitda,price_adjclose_t,139
test_2024,ebitda,price_data_available,139
test_2024,ebitda,price_drawdown_from_3y_high_pct,139
test_2024,ebitda,price_history_years_available,139
test_2024,ebitda,price_momentum_1y_pct,101
test_2024,ebitda,price_momentum_2y_pct,62
test_2024,ebitda,price_vs_bist100_1y_pct,101
test_2024,ebitda,revenue,150
test_2024,ebitda,revenue_growth_pct,120
test_2024,ebitda,roa,150
test_2024,ebitda,roe,150
test_2024,ebitda,short_term_liabilities,150
test_2024,ebitda,total_assets,150
test_2024,ebitda,working_capital,150
test_2024,ebitda_growth_pct,benchmark_same_year_return_pct,109
test_2024,ebitda_growth_pct,current_assets,120
test_2024,ebitda_growth_pct,current_ratio,120
test_2024,ebitda_growth_pct,ebitda,120
test_2024,ebitda_growth_pct,ebitda_growth_pct,120
test_2024,ebitda_growth_pct,ebitda_margin,120
test_2024,ebitda_growth_pct,enterprise_value,109
test_2024,ebitda_growth_pct,equity,120
test_2024,ebitda_growth_pct,ev_ebitda,105
test_2024,ebitda_growth_pct,financial_debt_ratio,120
test_2024,ebitda_growth_pct,gross_margin,120
test_2024,ebitda_growth_pct,gross_profit,120
test_2024,ebitda_growth_pct,gross_profit_growth_pct,120
test_2024,ebitda_growth_pct,leverage_ratio,120
test_2024,ebitda_growth_pct,long_term_liabilities,120
test_2024,ebitda_growth_pct,market_cap,109
test_2024,ebitda_growth_pct,net_debt,120
test_2024,ebitda_growth_pct,net_debt_to_ebitda,120
test_2024,ebitda_growth_pct,net_income,120
test_2024,ebitda_growth_pct,net_income_growth_pct,120
test_2024,ebitda_growth_pct,net_margin,120
test_2024,ebitda_growth_pct,non_current_assets,120
test_2024,ebitda_growth_pct,operating_income,120
test_2024,ebitda_growth_pct,operating_income_growth_pct,120
test_2024,ebitda_growth_pct,pb_ratio,109
test_2024,ebitda_growth_pct,pe_ratio,91
test_2024,ebitda_growth_pct,price_adjclose_t,109
test_2024,ebitda_growth_pct,price_data_available,109
test_2024,ebitda_growth_pct,price_drawdown_from_3y_high_pct,109
test_2024,ebitda_growth_pct,price_history_years_available,109
test_2024,ebitda_growth_pct,price_momentum_1y_pct,72
test_2024,ebitda_growth_pct,price_momentum_2y_pct,35
test_2024,ebitda_growth_pct,price_vs_bist100_1y_pct,72
test_2024,ebitda_growth_pct,revenue,120
test_2024,ebitda_growth_pct,revenue_growth_pct,120
test_2024,ebitda_growth_pct,roa,120
test_2024,ebitda_growth_pct,roe,120
test_2024,ebitda_growth_pct,short_term_liabilities,120
test_2024,ebitda_growth_pct,total_assets,120
test_2024,ebitda_growth_pct,working_capital,120
test_2024,ebitda_margin,benchmark_same_year_return_pct,139
test_2024,ebitda_margin,current_assets,150
test_2024,ebitda_margin,current_ratio,120
test_2024,ebitda_margin,ebitda,150
test_2024,ebitda_margin,ebitda_growth_pct,120
test_2024,ebitda_margin,ebitda_margin,150
test_2024,ebitda_margin,enterprise_value,109
test_2024,ebitda_margin,equity,150
test_2024,ebitda_margin,ev_ebitda,105
test_2024,ebitda_margin,financial_debt_ratio,120
test_2024,ebitda_margin,gross_margin,150
test_2024,ebitda_margin,gross_profit,150
test_2024,ebitda_margin,gross_profit_growth_pct,120
test_2024,ebitda_margin,leverage_ratio,120
test_2024,ebitda_margin,long_term_liabilities,150
test_2024,ebitda_margin,market_cap,109
test_2024,ebitda_margin,net_debt,138
test_2024,ebitda_margin,net_debt_to_ebitda,120
test_2024,ebitda_margin,net_income,150
test_2024,ebitda_margin,net_income_growth_pct,120
test_2024,ebitda_margin,net_margin,150
test_2024,ebitda_margin,non_current_assets,150
test_2024,ebitda_margin,operating_income,150
test_2024,ebitda_margin,operating_income_growth_pct,120
test_2024,ebitda_margin,pb_ratio,109
test_2024,ebitda_margin,pe_ratio,91
test_2024,ebitda_margin,price_adjclose_t,139
test_2024,ebitda_margin,price_data_available,139
test_2024,ebitda_margin,price_drawdown_from_3y_high_pct,139
test_2024,ebitda_margin,price_history_years_available,139
test_2024,ebitda_margin,price_momentum_1y_pct,101
test_2024,ebitda_margin,price_momentum_2y_pct,62
test_2024,ebitda_margin,price_vs_bist100_1y_pct,101
test_2024,ebitda_margin,revenue,150
test_2024,ebitda_margin,revenue_growth_pct,120
test_2024,ebitda_margin,roa,150
test_2024,ebitda_margin,roe,150
test_2024,ebitda_margin,short_term_liabilities,150
test_2024,ebitda_margin,total_assets,150
test_2024,ebitda_margin,working_capital,150
test_2024,enterprise_value,benchmark_same_year_return_pct,109
test_2024,enterprise_value,current_assets,109
test_2024,enterprise_value,current_ratio,109
test_2024,enterprise_value,ebitda,109
test_2024,enterprise_value,ebitda_growth_pct,109
test_2024,enterprise_value,ebitda_margin,109
test_2024,enterprise_value,enterprise_value,109
test_2024,enterprise_value,equity,109
test_2024,enterprise_value,ev_ebitda,105
test_2024,enterprise_value,financial_debt_ratio,109
test_2024,enterprise_value,gross_margin,109
test_2024,enterprise_value,gross_profit,109
test_2024,enterprise_value,gross_profit_growth_pct,109
test_2024,enterprise_value,leverage_ratio,109
test_2024,enterprise_value,long_term_liabilities,109
test_2024,enterprise_value,market_cap,109
test_2024,enterprise_value,net_debt,109
test_2024,enterprise_value,net_debt_to_ebitda,109
test_2024,enterprise_value,net_income,109
test_2024,enterprise_value,net_income_growth_pct,109
test_2024,enterprise_value,net_margin,109
test_2024,enterprise_value,non_current_assets,109
test_2024,enterprise_value,operating_income,109
test_2024,enterprise_value,operating_income_growth_pct,109
test_2024,enterprise_value,pb_ratio,109
test_2024,enterprise_value,pe_ratio,91
test_2024,enterprise_value,price_adjclose_t,109
test_2024,enterprise_value,price_data_available,109
test_2024,enterprise_value,price_drawdown_from_3y_high_pct,109
test_2024,enterprise_value,price_history_years_available,109
test_2024,enterprise_value,price_momentum_1y_pct,72
test_2024,enterprise_value,price_momentum_2y_pct,35
test_2024,enterprise_value,price_vs_bist100_1y_pct,72
test_2024,enterprise_value,revenue,109
test_2024,enterprise_value,revenue_growth_pct,109
test_2024,enterprise_value,roa,109
test_2024,enterprise_value,roe,109
test_2024,enterprise_value,short_term_liabilities,109
test_2024,enterprise_value,total_assets,109
test_2024,enterprise_value,working_capital,109
test_2024,equity,benchmark_same_year_return_pct,150
test_2024,equity,current_assets,150
test_2024,equity,current_ratio,120
test_2024,equity,ebitda,150
test_2024,equity,ebitda_growth_pct,120
test_2024,equity,ebitda_margin,150
test_2024,equity,enterprise_value,109
test_2024,equity,equity,161
test_2024,equity,ev_ebitda,105
test_2024,equity,financial_debt_ratio,120
test_2024,equity,gross_margin,150
test_2024,equity,gross_profit,150
test_2024,equity,gross_profit_growth_pct,120
test_2024,equity,leverage_ratio,120
test_2024,equity,long_term_liabilities,150
test_2024,equity,market_cap,109
test_2024,equity,net_debt,140
test_2024,equity,net_debt_to_ebitda,120
test_2024,equity,net_income,161
test_2024,equity,net_income_growth_pct,120
test_2024,equity,net_margin,161
test_2024,equity,non_current_assets,150
test_2024,equity,operating_income,150
test_2024,equity,operating_income_growth_pct,120
test_2024,equity,pb_ratio,109
test_2024,equity,pe_ratio,91
test_2024,equity,price_adjclose_t,150
test_2024,equity,price_data_available,150
test_2024,equity,price_drawdown_from_3y_high_pct,150
test_2024,equity,price_history_years_available,150
test_2024,equity,price_momentum_1y_pct,112
test_2024,equity,price_momentum_2y_pct,73
test_2024,equity,price_vs_bist100_1y_pct,112
test_2024,equity,revenue,161
test_2024,equity,revenue_growth_pct,120
test_2024,equity,roa,161
test_2024,equity,roe,161
test_2024,equity,short_term_liabilities,150
test_2024,equity,total_assets,161
test_2024,equity,working_capital,150
test_2024,ev_ebitda,benchmark_same_year_return_pct,105
test_2024,ev_ebitda,current_assets,105
test_2024,ev_ebitda,current_ratio,105
test_2024,ev_ebitda,ebitda,105
test_2024,ev_ebitda,ebitda_growth_pct,105
test_2024,ev_ebitda,ebitda_margin,105
test_2024,ev_ebitda,enterprise_value,105
test_2024,ev_ebitda,equity,105
test_2024,ev_ebitda,ev_ebitda,105
test_2024,ev_ebitda,financial_debt_ratio,105
test_2024,ev_ebitda,gross_margin,105
test_2024,ev_ebitda,gross_profit,105
test_2024,ev_ebitda,gross_profit_growth_pct,105
test_2024,ev_ebitda,leverage_ratio,105
test_2024,ev_ebitda,long_term_liabilities,105
test_2024,ev_ebitda,market_cap,105
test_2024,ev_ebitda,net_debt,105
test_2024,ev_ebitda,net_debt_to_ebitda,105
test_2024,ev_ebitda,net_income,105
test_2024,ev_ebitda,net_income_growth_pct,105
test_2024,ev_ebitda,net_margin,105
test_2024,ev_ebitda,non_current_assets,105
test_2024,ev_ebitda,operating_income,105
test_2024,ev_ebitda,operating_income_growth_pct,105
test_2024,ev_ebitda,pb_ratio,105
test_2024,ev_ebitda,pe_ratio,90
test_2024,ev_ebitda,price_adjclose_t,105
test_2024,ev_ebitda,price_data_available,105
test_2024,ev_ebitda,price_drawdown_from_3y_high_pct,105
test_2024,ev_ebitda,price_history_years_available,105
test_2024,ev_ebitda,price_momentum_1y_pct,70
test_2024,ev_ebitda,price_momentum_2y_pct,34
test_2024,ev_ebitda,price_vs_bist100_1y_pct,70
test_2024,ev_ebitda,revenue,105
test_2024,ev_ebitda,revenue_growth_pct,105
test_2024,ev_ebitda,roa,105
test_2024,ev_ebitda,roe,105
test_2024,ev_ebitda,short_term_liabilities,105
test_2024,ev_ebitda,total_assets,105
test_2024,ev_ebitda,working_capital,105
test_2024,financial_debt_ratio,benchmark_same_year_return_pct,109
test_2024,financial_debt_ratio,current_assets,120
test_2024,financial_debt_ratio,current_ratio,120
test_2024,financial_debt_ratio,ebitda,120
test_2024,financial_debt_ratio,ebitda_growth_pct,120
test_2024,financial_debt_ratio,ebitda_margin,120
test_2024,financial_debt_ratio,enterprise_value,109
test_2024,financial_debt_ratio,equity,120
test_2024,financial_debt_ratio,ev_ebitda,105
test_2024,financial_debt_ratio,financial_debt_ratio,120
test_2024,financial_debt_ratio,gross_margin,120
test_2024,financial_debt_ratio,gross_profit,120
test_2024,financial_debt_ratio,gross_profit_growth_pct,120
test_2024,financial_debt_ratio,leverage_ratio,120
test_2024,financial_debt_ratio,long_term_liabilities,120
test_2024,financial_debt_ratio,market_cap,109
test_2024,financial_debt_ratio,net_debt,120
test_2024,financial_debt_ratio,net_debt_to_ebitda,120
test_2024,financial_debt_ratio,net_income,120
test_2024,financial_debt_ratio,net_income_growth_pct,120
test_2024,financial_debt_ratio,net_margin,120
test_2024,financial_debt_ratio,non_current_assets,120
test_2024,financial_debt_ratio,operating_income,120
test_2024,financial_debt_ratio,operating_income_growth_pct,120
test_2024,financial_debt_ratio,pb_ratio,109
test_2024,financial_debt_ratio,pe_ratio,91
test_2024,financial_debt_ratio,price_adjclose_t,109
test_2024,financial_debt_ratio,price_data_available,109
test_2024,financial_debt_ratio,price_drawdown_from_3y_high_pct,109
test_2024,financial_debt_ratio,price_history_years_available,109
test_2024,financial_debt_ratio,price_momentum_1y_pct,72
test_2024,financial_debt_ratio,price_momentum_2y_pct,35
test_2024,financial_debt_ratio,price_vs_bist100_1y_pct,72
test_2024,financial_debt_ratio,revenue,120
test_2024,financial_debt_ratio,revenue_growth_pct,120
test_2024,financial_debt_ratio,roa,120
test_2024,financial_debt_ratio,roe,120
test_2024,financial_debt_ratio,short_term_liabilities,120
test_2024,financial_debt_ratio,total_assets,120
test_2024,financial_debt_ratio,working_capital,120
test_2024,gross_margin,benchmark_same_year_return_pct,139
test_2024,gross_margin,current_assets,150
test_2024,gross_margin,current_ratio,120
test_2024,gross_margin,ebitda,150
test_2024,gross_margin,ebitda_growth_pct,120
test_2024,gross_margin,ebitda_margin,150
test_2024,gross_margin,enterprise_value,109
test_2024,gross_margin,equity,150
test_2024,gross_margin,ev_ebitda,105
test_2024,gross_margin,financial_debt_ratio,120
test_2024,gross_margin,gross_margin,150
test_2024,gross_margin,gross_profit,150
test_2024,gross_margin,gross_profit_growth_pct,120
test_2024,gross_margin,leverage_ratio,120
test_2024,gross_margin,long_term_liabilities,150
test_2024,gross_margin,market_cap,109
test_2024,gross_margin,net_debt,138
test_2024,gross_margin,net_debt_to_ebitda,120
test_2024,gross_margin,net_income,150
test_2024,gross_margin,net_income_growth_pct,120
test_2024,gross_margin,net_margin,150
test_2024,gross_margin,non_current_assets,150
test_2024,gross_margin,operating_income,150
test_2024,gross_margin,operating_income_growth_pct,120
test_2024,gross_margin,pb_ratio,109
test_2024,gross_margin,pe_ratio,91
test_2024,gross_margin,price_adjclose_t,139
test_2024,gross_margin,price_data_available,139
test_2024,gross_margin,price_drawdown_from_3y_high_pct,139
test_2024,gross_margin,price_history_years_available,139
test_2024,gross_margin,price_momentum_1y_pct,101
test_2024,gross_margin,price_momentum_2y_pct,62
test_2024,gross_margin,price_vs_bist100_1y_pct,101
test_2024,gross_margin,revenue,150
test_2024,gross_margin,revenue_growth_pct,120
test_2024,gross_margin,roa,150
test_2024,gross_margin,roe,150
test_2024,gross_margin,short_term_liabilities,150
test_2024,gross_margin,total_assets,150
test_2024,gross_margin,working_capital,150
test_2024,gross_profit,benchmark_same_year_return_pct,139
test_2024,gross_profit,current_assets,150
test_2024,gross_profit,current_ratio,120
test_2024,gross_profit,ebitda,150
test_2024,gross_profit,ebitda_growth_pct,120
test_2024,gross_profit,ebitda_margin,150
test_2024,gross_profit,enterprise_value,109
test_2024,gross_profit,equity,150
test_2024,gross_profit,ev_ebitda,105
test_2024,gross_profit,financial_debt_ratio,120
test_2024,gross_profit,gross_margin,150
test_2024,gross_profit,gross_profit,150
test_2024,gross_profit,gross_profit_growth_pct,120
test_2024,gross_profit,leverage_ratio,120
test_2024,gross_profit,long_term_liabilities,150
test_2024,gross_profit,market_cap,109
test_2024,gross_profit,net_debt,138
test_2024,gross_profit,net_debt_to_ebitda,120
test_2024,gross_profit,net_income,150
test_2024,gross_profit,net_income_growth_pct,120
test_2024,gross_profit,net_margin,150
test_2024,gross_profit,non_current_assets,150
test_2024,gross_profit,operating_income,150
test_2024,gross_profit,operating_income_growth_pct,120
test_2024,gross_profit,pb_ratio,109
test_2024,gross_profit,pe_ratio,91
test_2024,gross_profit,price_adjclose_t,139
test_2024,gross_profit,price_data_available,139
test_2024,gross_profit,price_drawdown_from_3y_high_pct,139
test_2024,gross_profit,price_history_years_available,139
test_2024,gross_profit,price_momentum_1y_pct,101
test_2024,gross_profit,price_momentum_2y_pct,62
test_2024,gross_profit,price_vs_bist100_1y_pct,101
test_2024,gross_profit,revenue,150
test_2024,gross_profit,revenue_growth_pct,120
test_2024,gross_profit,roa,150
test_2024,gross_profit,roe,150
test_2024,gross_profit,short_term_liabilities,150
test_2024,gross_profit,total_assets,150
test_2024,gross_profit,working_capital,150
test_2024,gross_profit_growth_pct,benchmark_same_year_return_pct,109
test_2024,gross_profit_growth_pct,current_assets,120
test_2024,gross_profit_growth_pct,current_ratio,120
test_2024,gross_profit_growth_pct,ebitda,120
test_2024,gross_profit_growth_pct,ebitda_growth_pct,120
test_2024,gross_profit_growth_pct,ebitda_margin,120
test_2024,gross_profit_growth_pct,enterprise_value,109
test_2024,gross_profit_growth_pct,equity,120
test_2024,gross_profit_growth_pct,ev_ebitda,105
test_2024,gross_profit_growth_pct,financial_debt_ratio,120
test_2024,gross_profit_growth_pct,gross_margin,120
test_2024,gross_profit_growth_pct,gross_profit,120
test_2024,gross_profit_growth_pct,gross_profit_growth_pct,120
test_2024,gross_profit_growth_pct,leverage_ratio,120
test_2024,gross_profit_growth_pct,long_term_liabilities,120
test_2024,gross_profit_growth_pct,market_cap,109
test_2024,gross_profit_growth_pct,net_debt,120
test_2024,gross_profit_growth_pct,net_debt_to_ebitda,120
test_2024,gross_profit_growth_pct,net_income,120
test_2024,gross_profit_growth_pct,net_income_growth_pct,120
test_2024,gross_profit_growth_pct,net_margin,120
test_2024,gross_profit_growth_pct,non_current_assets,120
test_2024,gross_profit_growth_pct,operating_income,120
test_2024,gross_profit_growth_pct,operating_income_growth_pct,120
test_2024,gross_profit_growth_pct,pb_ratio,109
test_2024,gross_profit_growth_pct,pe_ratio,91
test_2024,gross_profit_growth_pct,price_adjclose_t,109
test_2024,gross_profit_growth_pct,price_data_available,109
test_2024,gross_profit_growth_pct,price_drawdown_from_3y_high_pct,109
test_2024,gross_profit_growth_pct,price_history_years_available,109
test_2024,gross_profit_growth_pct,price_momentum_1y_pct,72
test_2024,gross_profit_growth_pct,price_momentum_2y_pct,35
test_2024,gross_profit_growth_pct,price_vs_bist100_1y_pct,72
test_2024,gross_profit_growth_pct,revenue,120
test_2024,gross_profit_growth_pct,revenue_growth_pct,120
test_2024,gross_profit_growth_pct,roa,120
test_2024,gross_profit_growth_pct,roe,120
test_2024,gross_profit_growth_pct,short_term_liabilities,120
test_2024,gross_profit_growth_pct,total_assets,120
test_2024,gross_profit_growth_pct,working_capital,120
test_2024,leverage_ratio,benchmark_same_year_return_pct,109
test_2024,leverage_ratio,current_assets,120
test_2024,leverage_ratio,current_ratio,120
test_2024,leverage_ratio,ebitda,120
test_2024,leverage_ratio,ebitda_growth_pct,120
test_2024,leverage_ratio,ebitda_margin,120
test_2024,leverage_ratio,enterprise_value,109
test_2024,leverage_ratio,equity,120
test_2024,leverage_ratio,ev_ebitda,105
test_2024,leverage_ratio,financial_debt_ratio,120
test_2024,leverage_ratio,gross_margin,120
test_2024,leverage_ratio,gross_profit,120
test_2024,leverage_ratio,gross_profit_growth_pct,120
test_2024,leverage_ratio,leverage_ratio,120
test_2024,leverage_ratio,long_term_liabilities,120
test_2024,leverage_ratio,market_cap,109
test_2024,leverage_ratio,net_debt,120
test_2024,leverage_ratio,net_debt_to_ebitda,120
test_2024,leverage_ratio,net_income,120
test_2024,leverage_ratio,net_income_growth_pct,120
test_2024,leverage_ratio,net_margin,120
test_2024,leverage_ratio,non_current_assets,120
test_2024,leverage_ratio,operating_income,120
test_2024,leverage_ratio,operating_income_growth_pct,120
test_2024,leverage_ratio,pb_ratio,109
test_2024,leverage_ratio,pe_ratio,91
test_2024,leverage_ratio,price_adjclose_t,109
test_2024,leverage_ratio,price_data_available,109
test_2024,leverage_ratio,price_drawdown_from_3y_high_pct,109
test_2024,leverage_ratio,price_history_years_available,109
test_2024,leverage_ratio,price_momentum_1y_pct,72
test_2024,leverage_ratio,price_momentum_2y_pct,35
test_2024,leverage_ratio,price_vs_bist100_1y_pct,72
test_2024,leverage_ratio,revenue,120
test_2024,leverage_ratio,revenue_growth_pct,120
test_2024,leverage_ratio,roa,120
test_2024,leverage_ratio,roe,120
test_2024,leverage_ratio,short_term_liabilities,120
test_2024,leverage_ratio,total_assets,120
test_2024,leverage_ratio,working_capital,120
test_2024,long_term_liabilities,benchmark_same_year_return_pct,139
test_2024,long_term_liabilities,current_assets,150
test_2024,long_term_liabilities,current_ratio,120
test_2024,long_term_liabilities,ebitda,150
test_2024,long_term_liabilities,ebitda_growth_pct,120
test_2024,long_term_liabilities,ebitda_margin,150
test_2024,long_term_liabilities,enterprise_value,109
test_2024,long_term_liabilities,equity,150
test_2024,long_term_liabilities,ev_ebitda,105
test_2024,long_term_liabilities,financial_debt_ratio,120
test_2024,long_term_liabilities,gross_margin,150
test_2024,long_term_liabilities,gross_profit,150
test_2024,long_term_liabilities,gross_profit_growth_pct,120
test_2024,long_term_liabilities,leverage_ratio,120
test_2024,long_term_liabilities,long_term_liabilities,150
test_2024,long_term_liabilities,market_cap,109
test_2024,long_term_liabilities,net_debt,138
test_2024,long_term_liabilities,net_debt_to_ebitda,120
test_2024,long_term_liabilities,net_income,150
test_2024,long_term_liabilities,net_income_growth_pct,120
test_2024,long_term_liabilities,net_margin,150
test_2024,long_term_liabilities,non_current_assets,150
test_2024,long_term_liabilities,operating_income,150
test_2024,long_term_liabilities,operating_income_growth_pct,120
test_2024,long_term_liabilities,pb_ratio,109
test_2024,long_term_liabilities,pe_ratio,91
test_2024,long_term_liabilities,price_adjclose_t,139
test_2024,long_term_liabilities,price_data_available,139
test_2024,long_term_liabilities,price_drawdown_from_3y_high_pct,139
test_2024,long_term_liabilities,price_history_years_available,139
test_2024,long_term_liabilities,price_momentum_1y_pct,101
test_2024,long_term_liabilities,price_momentum_2y_pct,62
test_2024,long_term_liabilities,price_vs_bist100_1y_pct,101
test_2024,long_term_liabilities,revenue,150
test_2024,long_term_liabilities,revenue_growth_pct,120
test_2024,long_term_liabilities,roa,150
test_2024,long_term_liabilities,roe,150
test_2024,long_term_liabilities,short_term_liabilities,150
test_2024,long_term_liabilities,total_assets,150
test_2024,long_term_liabilities,working_capital,150
test_2024,market_cap,benchmark_same_year_return_pct,109
test_2024,market_cap,current_assets,109
test_2024,market_cap,current_ratio,109
test_2024,market_cap,ebitda,109
test_2024,market_cap,ebitda_growth_pct,109
test_2024,market_cap,ebitda_margin,109
test_2024,market_cap,enterprise_value,109
test_2024,market_cap,equity,109
test_2024,market_cap,ev_ebitda,105
test_2024,market_cap,financial_debt_ratio,109
test_2024,market_cap,gross_margin,109
test_2024,market_cap,gross_profit,109
test_2024,market_cap,gross_profit_growth_pct,109
test_2024,market_cap,leverage_ratio,109
test_2024,market_cap,long_term_liabilities,109
test_2024,market_cap,market_cap,109
test_2024,market_cap,net_debt,109
test_2024,market_cap,net_debt_to_ebitda,109
test_2024,market_cap,net_income,109
test_2024,market_cap,net_income_growth_pct,109
test_2024,market_cap,net_margin,109
test_2024,market_cap,non_current_assets,109
test_2024,market_cap,operating_income,109
test_2024,market_cap,operating_income_growth_pct,109
test_2024,market_cap,pb_ratio,109
test_2024,market_cap,pe_ratio,91
test_2024,market_cap,price_adjclose_t,109
test_2024,market_cap,price_data_available,109
test_2024,market_cap,price_drawdown_from_3y_high_pct,109
test_2024,market_cap,price_history_years_available,109
test_2024,market_cap,price_momentum_1y_pct,72
test_2024,market_cap,price_momentum_2y_pct,35
test_2024,market_cap,price_vs_bist100_1y_pct,72
test_2024,market_cap,revenue,109
test_2024,market_cap,revenue_growth_pct,109
test_2024,market_cap,roa,109
test_2024,market_cap,roe,109
test_2024,market_cap,short_term_liabilities,109
test_2024,market_cap,total_assets,109
test_2024,market_cap,working_capital,109
test_2024,net_debt,benchmark_same_year_return_pct,129
test_2024,net_debt,current_assets,138
test_2024,net_debt,current_ratio,120
test_2024,net_debt,ebitda,138
test_2024,net_debt,ebitda_growth_pct,120
test_2024,net_debt,ebitda_margin,138
test_2024,net_debt,enterprise_value,109
test_2024,net_debt,equity,140
test_2024,net_debt,ev_ebitda,105
test_2024,net_debt,financial_debt_ratio,120
test_2024,net_debt,gross_margin,138
test_2024,net_debt,gross_profit,138
test_2024,net_debt,gross_profit_growth_pct,120
test_2024,net_debt,leverage_ratio,120
test_2024,net_debt,long_term_liabilities,138
test_2024,net_debt,market_cap,109
test_2024,net_debt,net_debt,140
test_2024,net_debt,net_debt_to_ebitda,120
test_2024,net_debt,net_income,140
test_2024,net_debt,net_income_growth_pct,120
test_2024,net_debt,net_margin,140
test_2024,net_debt,non_current_assets,138
test_2024,net_debt,operating_income,138
test_2024,net_debt,operating_income_growth_pct,120
test_2024,net_debt,pb_ratio,109
test_2024,net_debt,pe_ratio,91
test_2024,net_debt,price_adjclose_t,129
test_2024,net_debt,price_data_available,129
test_2024,net_debt,price_drawdown_from_3y_high_pct,129
test_2024,net_debt,price_history_years_available,129
test_2024,net_debt,price_momentum_1y_pct,92
test_2024,net_debt,price_momentum_2y_pct,55
test_2024,net_debt,price_vs_bist100_1y_pct,92
test_2024,net_debt,revenue,140
test_2024,net_debt,revenue_growth_pct,120
test_2024,net_debt,roa,140
test_2024,net_debt,roe,140
test_2024,net_debt,short_term_liabilities,138
test_2024,net_debt,total_assets,140
test_2024,net_debt,working_capital,138
test_2024,net_debt_to_ebitda,benchmark_same_year_return_pct,109
test_2024,net_debt_to_ebitda,current_assets,120
test_2024,net_debt_to_ebitda,current_ratio,120
test_2024,net_debt_to_ebitda,ebitda,120
test_2024,net_debt_to_ebitda,ebitda_growth_pct,120
test_2024,net_debt_to_ebitda,ebitda_margin,120
test_2024,net_debt_to_ebitda,enterprise_value,109
test_2024,net_debt_to_ebitda,equity,120
test_2024,net_debt_to_ebitda,ev_ebitda,105
test_2024,net_debt_to_ebitda,financial_debt_ratio,120
test_2024,net_debt_to_ebitda,gross_margin,120
test_2024,net_debt_to_ebitda,gross_profit,120
test_2024,net_debt_to_ebitda,gross_profit_growth_pct,120
test_2024,net_debt_to_ebitda,leverage_ratio,120
test_2024,net_debt_to_ebitda,long_term_liabilities,120
test_2024,net_debt_to_ebitda,market_cap,109
test_2024,net_debt_to_ebitda,net_debt,120
test_2024,net_debt_to_ebitda,net_debt_to_ebitda,120
test_2024,net_debt_to_ebitda,net_income,120
test_2024,net_debt_to_ebitda,net_income_growth_pct,120
test_2024,net_debt_to_ebitda,net_margin,120
test_2024,net_debt_to_ebitda,non_current_assets,120
test_2024,net_debt_to_ebitda,operating_income,120
test_2024,net_debt_to_ebitda,operating_income_growth_pct,120
test_2024,net_debt_to_ebitda,pb_ratio,109
test_2024,net_debt_to_ebitda,pe_ratio,91
test_2024,net_debt_to_ebitda,price_adjclose_t,109
test_2024,net_debt_to_ebitda,price_data_available,109
test_2024,net_debt_to_ebitda,price_drawdown_from_3y_high_pct,109
test_2024,net_debt_to_ebitda,price_history_years_available,109
test_2024,net_debt_to_ebitda,price_momentum_1y_pct,72
test_2024,net_debt_to_ebitda,price_momentum_2y_pct,35
test_2024,net_debt_to_ebitda,price_vs_bist100_1y_pct,72
test_2024,net_debt_to_ebitda,revenue,120
test_2024,net_debt_to_ebitda,revenue_growth_pct,120
test_2024,net_debt_to_ebitda,roa,120
test_2024,net_debt_to_ebitda,roe,120
test_2024,net_debt_to_ebitda,short_term_liabilities,120
test_2024,net_debt_to_ebitda,total_assets,120
test_2024,net_debt_to_ebitda,working_capital,120
test_2024,net_income,benchmark_same_year_return_pct,150
test_2024,net_income,current_assets,150
test_2024,net_income,current_ratio,120
test_2024,net_income,ebitda,150
test_2024,net_income,ebitda_growth_pct,120
test_2024,net_income,ebitda_margin,150
test_2024,net_income,enterprise_value,109
test_2024,net_income,equity,161
test_2024,net_income,ev_ebitda,105
test_2024,net_income,financial_debt_ratio,120
test_2024,net_income,gross_margin,150
test_2024,net_income,gross_profit,150
test_2024,net_income,gross_profit_growth_pct,120
test_2024,net_income,leverage_ratio,120
test_2024,net_income,long_term_liabilities,150
test_2024,net_income,market_cap,109
test_2024,net_income,net_debt,140
test_2024,net_income,net_debt_to_ebitda,120
test_2024,net_income,net_income,161
test_2024,net_income,net_income_growth_pct,120
test_2024,net_income,net_margin,161
test_2024,net_income,non_current_assets,150
test_2024,net_income,operating_income,150
test_2024,net_income,operating_income_growth_pct,120
test_2024,net_income,pb_ratio,109
test_2024,net_income,pe_ratio,91
test_2024,net_income,price_adjclose_t,150
test_2024,net_income,price_data_available,150
test_2024,net_income,price_drawdown_from_3y_high_pct,150
test_2024,net_income,price_history_years_available,150
test_2024,net_income,price_momentum_1y_pct,112
test_2024,net_income,price_momentum_2y_pct,73
test_2024,net_income,price_vs_bist100_1y_pct,112
test_2024,net_income,revenue,161
test_2024,net_income,revenue_growth_pct,120
test_2024,net_income,roa,161
test_2024,net_income,roe,161
test_2024,net_income,short_term_liabilities,150
test_2024,net_income,total_assets,161
test_2024,net_income,working_capital,150
test_2024,net_income_growth_pct,benchmark_same_year_return_pct,109
test_2024,net_income_growth_pct,current_assets,120
test_2024,net_income_growth_pct,current_ratio,120
test_2024,net_income_growth_pct,ebitda,120
test_2024,net_income_growth_pct,ebitda_growth_pct,120
test_2024,net_income_growth_pct,ebitda_margin,120
test_2024,net_income_growth_pct,enterprise_value,109
test_2024,net_income_growth_pct,equity,120
test_2024,net_income_growth_pct,ev_ebitda,105
test_2024,net_income_growth_pct,financial_debt_ratio,120
test_2024,net_income_growth_pct,gross_margin,120
test_2024,net_income_growth_pct,gross_profit,120
test_2024,net_income_growth_pct,gross_profit_growth_pct,120
test_2024,net_income_growth_pct,leverage_ratio,120
test_2024,net_income_growth_pct,long_term_liabilities,120
test_2024,net_income_growth_pct,market_cap,109
test_2024,net_income_growth_pct,net_debt,120
test_2024,net_income_growth_pct,net_debt_to_ebitda,120
test_2024,net_income_growth_pct,net_income,120
test_2024,net_income_growth_pct,net_income_growth_pct,120
test_2024,net_income_growth_pct,net_margin,120
test_2024,net_income_growth_pct,non_current_assets,120
test_2024,net_income_growth_pct,operating_income,120
test_2024,net_income_growth_pct,operating_income_growth_pct,120
test_2024,net_income_growth_pct,pb_ratio,109
test_2024,net_income_growth_pct,pe_ratio,91
test_2024,net_income_growth_pct,price_adjclose_t,109
test_2024,net_income_growth_pct,price_data_available,109
test_2024,net_income_growth_pct,price_drawdown_from_3y_high_pct,109
test_2024,net_income_growth_pct,price_history_years_available,109
test_2024,net_income_growth_pct,price_momentum_1y_pct,72
test_2024,net_income_growth_pct,price_momentum_2y_pct,35
test_2024,net_income_growth_pct,price_vs_bist100_1y_pct,72
test_2024,net_income_growth_pct,revenue,120
test_2024,net_income_growth_pct,revenue_growth_pct,120
test_2024,net_income_growth_pct,roa,120
test_2024,net_income_growth_pct,roe,120
test_2024,net_income_growth_pct,short_term_liabilities,120
test_2024,net_income_growth_pct,total_assets,120
test_2024,net_income_growth_pct,working_capital,120
test_2024,net_margin,benchmark_same_year_return_pct,150
test_2024,net_margin,current_assets,150
test_2024,net_margin,current_ratio,120
test_2024,net_margin,ebitda,150
test_2024,net_margin,ebitda_growth_pct,120
test_2024,net_margin,ebitda_margin,150
test_2024,net_margin,enterprise_value,109
test_2024,net_margin,equity,161
test_2024,net_margin,ev_ebitda,105
test_2024,net_margin,financial_debt_ratio,120
test_2024,net_margin,gross_margin,150
test_2024,net_margin,gross_profit,150
test_2024,net_margin,gross_profit_growth_pct,120
test_2024,net_margin,leverage_ratio,120
test_2024,net_margin,long_term_liabilities,150
test_2024,net_margin,market_cap,109
test_2024,net_margin,net_debt,140
test_2024,net_margin,net_debt_to_ebitda,120
test_2024,net_margin,net_income,161
test_2024,net_margin,net_income_growth_pct,120
test_2024,net_margin,net_margin,161
test_2024,net_margin,non_current_assets,150
test_2024,net_margin,operating_income,150
test_2024,net_margin,operating_income_growth_pct,120
test_2024,net_margin,pb_ratio,109
test_2024,net_margin,pe_ratio,91
test_2024,net_margin,price_adjclose_t,150
test_2024,net_margin,price_data_available,150
test_2024,net_margin,price_drawdown_from_3y_high_pct,150
test_2024,net_margin,price_history_years_available,150
test_2024,net_margin,price_momentum_1y_pct,112
test_2024,net_margin,price_momentum_2y_pct,73
test_2024,net_margin,price_vs_bist100_1y_pct,112
test_2024,net_margin,revenue,161
test_2024,net_margin,revenue_growth_pct,120
test_2024,net_margin,roa,161
test_2024,net_margin,roe,161
test_2024,net_margin,short_term_liabilities,150
test_2024,net_margin,total_assets,161
test_2024,net_margin,working_capital,150
test_2024,non_current_assets,benchmark_same_year_return_pct,139
test_2024,non_current_assets,current_assets,150
test_2024,non_current_assets,current_ratio,120
test_2024,non_current_assets,ebitda,150
test_2024,non_current_assets,ebitda_growth_pct,120
test_2024,non_current_assets,ebitda_margin,150
test_2024,non_current_assets,enterprise_value,109
test_2024,non_current_assets,equity,150
test_2024,non_current_assets,ev_ebitda,105
test_2024,non_current_assets,financial_debt_ratio,120
test_2024,non_current_assets,gross_margin,150
test_2024,non_current_assets,gross_profit,150
test_2024,non_current_assets,gross_profit_growth_pct,120
test_2024,non_current_assets,leverage_ratio,120
test_2024,non_current_assets,long_term_liabilities,150
test_2024,non_current_assets,market_cap,109
test_2024,non_current_assets,net_debt,138
test_2024,non_current_assets,net_debt_to_ebitda,120
test_2024,non_current_assets,net_income,150
test_2024,non_current_assets,net_income_growth_pct,120
test_2024,non_current_assets,net_margin,150
test_2024,non_current_assets,non_current_assets,150
test_2024,non_current_assets,operating_income,150
test_2024,non_current_assets,operating_income_growth_pct,120
test_2024,non_current_assets,pb_ratio,109
test_2024,non_current_assets,pe_ratio,91
test_2024,non_current_assets,price_adjclose_t,139
test_2024,non_current_assets,price_data_available,139
test_2024,non_current_assets,price_drawdown_from_3y_high_pct,139
test_2024,non_current_assets,price_history_years_available,139
test_2024,non_current_assets,price_momentum_1y_pct,101
test_2024,non_current_assets,price_momentum_2y_pct,62
test_2024,non_current_assets,price_vs_bist100_1y_pct,101
test_2024,non_current_assets,revenue,150
test_2024,non_current_assets,revenue_growth_pct,120
test_2024,non_current_assets,roa,150
test_2024,non_current_assets,roe,150
test_2024,non_current_assets,short_term_liabilities,150
test_2024,non_current_assets,total_assets,150
test_2024,non_current_assets,working_capital,150
test_2024,operating_income,benchmark_same_year_return_pct,139
test_2024,operating_income,current_assets,150
test_2024,operating_income,current_ratio,120
test_2024,operating_income,ebitda,150
test_2024,operating_income,ebitda_growth_pct,120
test_2024,operating_income,ebitda_margin,150
test_2024,operating_income,enterprise_value,109
test_2024,operating_income,equity,150
test_2024,operating_income,ev_ebitda,105
test_2024,operating_income,financial_debt_ratio,120
test_2024,operating_income,gross_margin,150
test_2024,operating_income,gross_profit,150
test_2024,operating_income,gross_profit_growth_pct,120
test_2024,operating_income,leverage_ratio,120
test_2024,operating_income,long_term_liabilities,150
test_2024,operating_income,market_cap,109
test_2024,operating_income,net_debt,138
test_2024,operating_income,net_debt_to_ebitda,120
test_2024,operating_income,net_income,150
test_2024,operating_income,net_income_growth_pct,120
test_2024,operating_income,net_margin,150
test_2024,operating_income,non_current_assets,150
test_2024,operating_income,operating_income,150
test_2024,operating_income,operating_income_growth_pct,120
test_2024,operating_income,pb_ratio,109
test_2024,operating_income,pe_ratio,91
test_2024,operating_income,price_adjclose_t,139
test_2024,operating_income,price_data_available,139
test_2024,operating_income,price_drawdown_from_3y_high_pct,139
test_2024,operating_income,price_history_years_available,139
test_2024,operating_income,price_momentum_1y_pct,101
test_2024,operating_income,price_momentum_2y_pct,62
test_2024,operating_income,price_vs_bist100_1y_pct,101
test_2024,operating_income,revenue,150
test_2024,operating_income,revenue_growth_pct,120
test_2024,operating_income,roa,150
test_2024,operating_income,roe,150
test_2024,operating_income,short_term_liabilities,150
test_2024,operating_income,total_assets,150
test_2024,operating_income,working_capital,150
test_2024,operating_income_growth_pct,benchmark_same_year_return_pct,109
test_2024,operating_income_growth_pct,current_assets,120
test_2024,operating_income_growth_pct,current_ratio,120
test_2024,operating_income_growth_pct,ebitda,120
test_2024,operating_income_growth_pct,ebitda_growth_pct,120
test_2024,operating_income_growth_pct,ebitda_margin,120
test_2024,operating_income_growth_pct,enterprise_value,109
test_2024,operating_income_growth_pct,equity,120
test_2024,operating_income_growth_pct,ev_ebitda,105
test_2024,operating_income_growth_pct,financial_debt_ratio,120
test_2024,operating_income_growth_pct,gross_margin,120
test_2024,operating_income_growth_pct,gross_profit,120
test_2024,operating_income_growth_pct,gross_profit_growth_pct,120
test_2024,operating_income_growth_pct,leverage_ratio,120
test_2024,operating_income_growth_pct,long_term_liabilities,120
test_2024,operating_income_growth_pct,market_cap,109
test_2024,operating_income_growth_pct,net_debt,120
test_2024,operating_income_growth_pct,net_debt_to_ebitda,120
test_2024,operating_income_growth_pct,net_income,120
test_2024,operating_income_growth_pct,net_income_growth_pct,120
test_2024,operating_income_growth_pct,net_margin,120
test_2024,operating_income_growth_pct,non_current_assets,120
test_2024,operating_income_growth_pct,operating_income,120
test_2024,operating_income_growth_pct,operating_income_growth_pct,120
test_2024,operating_income_growth_pct,pb_ratio,109
test_2024,operating_income_growth_pct,pe_ratio,91
test_2024,operating_income_growth_pct,price_adjclose_t,109
test_2024,operating_income_growth_pct,price_data_available,109
test_2024,operating_income_growth_pct,price_drawdown_from_3y_high_pct,109
test_2024,operating_income_growth_pct,price_history_years_available,109
test_2024,operating_income_growth_pct,price_momentum_1y_pct,72
test_2024,operating_income_growth_pct,price_momentum_2y_pct,35
test_2024,operating_income_growth_pct,price_vs_bist100_1y_pct,72
test_2024,operating_income_growth_pct,revenue,120
test_2024,operating_income_growth_pct,revenue_growth_pct,120
test_2024,operating_income_growth_pct,roa,120
test_2024,operating_income_growth_pct,roe,120
test_2024,operating_income_growth_pct,short_term_liabilities,120
test_2024,operating_income_growth_pct,total_assets,120
test_2024,operating_income_growth_pct,working_capital,120
test_2024,pb_ratio,benchmark_same_year_return_pct,109
test_2024,pb_ratio,current_assets,109
test_2024,pb_ratio,current_ratio,109
test_2024,pb_ratio,ebitda,109
test_2024,pb_ratio,ebitda_growth_pct,109
test_2024,pb_ratio,ebitda_margin,109
test_2024,pb_ratio,enterprise_value,109
test_2024,pb_ratio,equity,109
test_2024,pb_ratio,ev_ebitda,105
test_2024,pb_ratio,financial_debt_ratio,109
test_2024,pb_ratio,gross_margin,109
test_2024,pb_ratio,gross_profit,109
test_2024,pb_ratio,gross_profit_growth_pct,109
test_2024,pb_ratio,leverage_ratio,109
test_2024,pb_ratio,long_term_liabilities,109
test_2024,pb_ratio,market_cap,109
test_2024,pb_ratio,net_debt,109
test_2024,pb_ratio,net_debt_to_ebitda,109
test_2024,pb_ratio,net_income,109
test_2024,pb_ratio,net_income_growth_pct,109
test_2024,pb_ratio,net_margin,109
test_2024,pb_ratio,non_current_assets,109
test_2024,pb_ratio,operating_income,109
test_2024,pb_ratio,operating_income_growth_pct,109
test_2024,pb_ratio,pb_ratio,109
test_2024,pb_ratio,pe_ratio,91
test_2024,pb_ratio,price_adjclose_t,109
test_2024,pb_ratio,price_data_available,109
test_2024,pb_ratio,price_drawdown_from_3y_high_pct,109
test_2024,pb_ratio,price_history_years_available,109
test_2024,pb_ratio,price_momentum_1y_pct,72
test_2024,pb_ratio,price_momentum_2y_pct,35
test_2024,pb_ratio,price_vs_bist100_1y_pct,72
test_2024,pb_ratio,revenue,109
test_2024,pb_ratio,revenue_growth_pct,109
test_2024,pb_ratio,roa,109
test_2024,pb_ratio,roe,109
test_2024,pb_ratio,short_term_liabilities,109
test_2024,pb_ratio,total_assets,109
test_2024,pb_ratio,working_capital,109
test_2024,pe_ratio,benchmark_same_year_return_pct,91
test_2024,pe_ratio,current_assets,91
test_2024,pe_ratio,current_ratio,91
test_2024,pe_ratio,ebitda,91
test_2024,pe_ratio,ebitda_growth_pct,91
test_2024,pe_ratio,ebitda_margin,91
test_2024,pe_ratio,enterprise_value,91
test_2024,pe_ratio,equity,91
test_2024,pe_ratio,ev_ebitda,90
test_2024,pe_ratio,financial_debt_ratio,91
test_2024,pe_ratio,gross_margin,91
test_2024,pe_ratio,gross_profit,91
test_2024,pe_ratio,gross_profit_growth_pct,91
test_2024,pe_ratio,leverage_ratio,91
test_2024,pe_ratio,long_term_liabilities,91
test_2024,pe_ratio,market_cap,91
test_2024,pe_ratio,net_debt,91
test_2024,pe_ratio,net_debt_to_ebitda,91
test_2024,pe_ratio,net_income,91
test_2024,pe_ratio,net_income_growth_pct,91
test_2024,pe_ratio,net_margin,91
test_2024,pe_ratio,non_current_assets,91
test_2024,pe_ratio,operating_income,91
test_2024,pe_ratio,operating_income_growth_pct,91
test_2024,pe_ratio,pb_ratio,91
test_2024,pe_ratio,pe_ratio,91
test_2024,pe_ratio,price_adjclose_t,91
test_2024,pe_ratio,price_data_available,91
test_2024,pe_ratio,price_drawdown_from_3y_high_pct,91
test_2024,pe_ratio,price_history_years_available,91
test_2024,pe_ratio,price_momentum_1y_pct,63
test_2024,pe_ratio,price_momentum_2y_pct,31
test_2024,pe_ratio,price_vs_bist100_1y_pct,63
test_2024,pe_ratio,revenue,91
test_2024,pe_ratio,revenue_growth_pct,91
test_2024,pe_ratio,roa,91
test_2024,pe_ratio,roe,91
test_2024,pe_ratio,short_term_liabilities,91
test_2024,pe_ratio,total_assets,91
test_2024,pe_ratio,working_capital,91
test_2024,price_adjclose_t,benchmark_same_year_return_pct,150
test_2024,price_adjclose_t,current_assets,139
test_2024,price_adjclose_t,current_ratio,109
test_2024,price_adjclose_t,ebitda,139
test_2024,price_adjclose_t,ebitda_growth_pct,109
test_2024,price_adjclose_t,ebitda_margin,139
test_2024,price_adjclose_t,enterprise_value,109
test_2024,price_adjclose_t,equity,150
test_2024,price_adjclose_t,ev_ebitda,105
test_2024,price_adjclose_t,financial_debt_ratio,109
test_2024,price_adjclose_t,gross_margin,139
test_2024,price_adjclose_t,gross_profit,139
test_2024,price_adjclose_t,gross_profit_growth_pct,109
test_2024,price_adjclose_t,leverage_ratio,109
test_2024,price_adjclose_t,long_term_liabilities,139
test_2024,price_adjclose_t,market_cap,109
test_2024,price_adjclose_t,net_debt,129
test_2024,price_adjclose_t,net_debt_to_ebitda,109
test_2024,price_adjclose_t,net_income,150
test_2024,price_adjclose_t,net_income_growth_pct,109
test_2024,price_adjclose_t,net_margin,150
test_2024,price_adjclose_t,non_current_assets,139
test_2024,price_adjclose_t,operating_income,139
test_2024,price_adjclose_t,operating_income_growth_pct,109
test_2024,price_adjclose_t,pb_ratio,109
test_2024,price_adjclose_t,pe_ratio,91
test_2024,price_adjclose_t,price_adjclose_t,150
test_2024,price_adjclose_t,price_data_available,150
test_2024,price_adjclose_t,price_drawdown_from_3y_high_pct,150
test_2024,price_adjclose_t,price_history_years_available,150
test_2024,price_adjclose_t,price_momentum_1y_pct,112
test_2024,price_adjclose_t,price_momentum_2y_pct,73
test_2024,price_adjclose_t,price_vs_bist100_1y_pct,112
test_2024,price_adjclose_t,revenue,150
test_2024,price_adjclose_t,revenue_growth_pct,109
test_2024,price_adjclose_t,roa,150
test_2024,price_adjclose_t,roe,150
test_2024,price_adjclose_t,short_term_liabilities,139
test_2024,price_adjclose_t,total_assets,150
test_2024,price_adjclose_t,working_capital,139
test_2024,price_data_available,benchmark_same_year_return_pct,150
test_2024,price_data_available,current_assets,139
test_2024,price_data_available,current_ratio,109
test_2024,price_data_available,ebitda,139
test_2024,price_data_available,ebitda_growth_pct,109
test_2024,price_data_available,ebitda_margin,139
test_2024,price_data_available,enterprise_value,109
test_2024,price_data_available,equity,150
test_2024,price_data_available,ev_ebitda,105
test_2024,price_data_available,financial_debt_ratio,109
test_2024,price_data_available,gross_margin,139
test_2024,price_data_available,gross_profit,139
test_2024,price_data_available,gross_profit_growth_pct,109
test_2024,price_data_available,leverage_ratio,109
test_2024,price_data_available,long_term_liabilities,139
test_2024,price_data_available,market_cap,109
test_2024,price_data_available,net_debt,129
test_2024,price_data_available,net_debt_to_ebitda,109
test_2024,price_data_available,net_income,150
test_2024,price_data_available,net_income_growth_pct,109
test_2024,price_data_available,net_margin,150
test_2024,price_data_available,non_current_assets,139
test_2024,price_data_available,operating_income,139
test_2024,price_data_available,operating_income_growth_pct,109
test_2024,price_data_available,pb_ratio,109
test_2024,price_data_available,pe_ratio,91
test_2024,price_data_available,price_adjclose_t,150
test_2024,price_data_available,price_data_available,150
test_2024,price_data_available,price_drawdown_from_3y_high_pct,150
test_2024,price_data_available,price_history_years_available,150
test_2024,price_data_available,price_momentum_1y_pct,112
test_2024,price_data_available,price_momentum_2y_pct,73
test_2024,price_data_available,price_vs_bist100_1y_pct,112
test_2024,price_data_available,revenue,150
test_2024,price_data_available,revenue_growth_pct,109
test_2024,price_data_available,roa,150
test_2024,price_data_available,roe,150
test_2024,price_data_available,short_term_liabilities,139
test_2024,price_data_available,total_assets,150
test_2024,price_data_available,working_capital,139
test_2024,price_drawdown_from_3y_high_pct,benchmark_same_year_return_pct,150
test_2024,price_drawdown_from_3y_high_pct,current_assets,139
test_2024,price_drawdown_from_3y_high_pct,current_ratio,109
test_2024,price_drawdown_from_3y_high_pct,ebitda,139
test_2024,price_drawdown_from_3y_high_pct,ebitda_growth_pct,109
test_2024,price_drawdown_from_3y_high_pct,ebitda_margin,139
test_2024,price_drawdown_from_3y_high_pct,enterprise_value,109
test_2024,price_drawdown_from_3y_high_pct,equity,150
test_2024,price_drawdown_from_3y_high_pct,ev_ebitda,105
test_2024,price_drawdown_from_3y_high_pct,financial_debt_ratio,109
test_2024,price_drawdown_from_3y_high_pct,gross_margin,139
test_2024,price_drawdown_from_3y_high_pct,gross_profit,139
test_2024,price_drawdown_from_3y_high_pct,gross_profit_growth_pct,109
test_2024,price_drawdown_from_3y_high_pct,leverage_ratio,109
test_2024,price_drawdown_from_3y_high_pct,long_term_liabilities,139
test_2024,price_drawdown_from_3y_high_pct,market_cap,109
test_2024,price_drawdown_from_3y_high_pct,net_debt,129
test_2024,price_drawdown_from_3y_high_pct,net_debt_to_ebitda,109
test_2024,price_drawdown_from_3y_high_pct,net_income,150
test_2024,price_drawdown_from_3y_high_pct,net_income_growth_pct,109
test_2024,price_drawdown_from_3y_high_pct,net_margin,150
test_2024,price_drawdown_from_3y_high_pct,non_current_assets,139
test_2024,price_drawdown_from_3y_high_pct,operating_income,139
test_2024,price_drawdown_from_3y_high_pct,operating_income_growth_pct,109
test_2024,price_drawdown_from_3y_high_pct,pb_ratio,109
test_2024,price_drawdown_from_3y_high_pct,pe_ratio,91
test_2024,price_drawdown_from_3y_high_pct,price_adjclose_t,150
test_2024,price_drawdown_from_3y_high_pct,price_data_available,150
test_2024,price_drawdown_from_3y_high_pct,price_drawdown_from_3y_high_pct,150
test_2024,price_drawdown_from_3y_high_pct,price_history_years_available,150
test_2024,price_drawdown_from_3y_high_pct,price_momentum_1y_pct,112
test_2024,price_drawdown_from_3y_high_pct,price_momentum_2y_pct,73
test_2024,price_drawdown_from_3y_high_pct,price_vs_bist100_1y_pct,112
test_2024,price_drawdown_from_3y_high_pct,revenue,150
test_2024,price_drawdown_from_3y_high_pct,revenue_growth_pct,109
test_2024,price_drawdown_from_3y_high_pct,roa,150
test_2024,price_drawdown_from_3y_high_pct,roe,150
test_2024,price_drawdown_from_3y_high_pct,short_term_liabilities,139
test_2024,price_drawdown_from_3y_high_pct,total_assets,150
test_2024,price_drawdown_from_3y_high_pct,working_capital,139
test_2024,price_history_years_available,benchmark_same_year_return_pct,150
test_2024,price_history_years_available,current_assets,139
test_2024,price_history_years_available,current_ratio,109
test_2024,price_history_years_available,ebitda,139
test_2024,price_history_years_available,ebitda_growth_pct,109
test_2024,price_history_years_available,ebitda_margin,139
test_2024,price_history_years_available,enterprise_value,109
test_2024,price_history_years_available,equity,150
test_2024,price_history_years_available,ev_ebitda,105
test_2024,price_history_years_available,financial_debt_ratio,109
test_2024,price_history_years_available,gross_margin,139
test_2024,price_history_years_available,gross_profit,139
test_2024,price_history_years_available,gross_profit_growth_pct,109
test_2024,price_history_years_available,leverage_ratio,109
test_2024,price_history_years_available,long_term_liabilities,139
test_2024,price_history_years_available,market_cap,109
test_2024,price_history_years_available,net_debt,129
test_2024,price_history_years_available,net_debt_to_ebitda,109
test_2024,price_history_years_available,net_income,150
test_2024,price_history_years_available,net_income_growth_pct,109
test_2024,price_history_years_available,net_margin,150
test_2024,price_history_years_available,non_current_assets,139
test_2024,price_history_years_available,operating_income,139
test_2024,price_history_years_available,operating_income_growth_pct,109
test_2024,price_history_years_available,pb_ratio,109
test_2024,price_history_years_available,pe_ratio,91
test_2024,price_history_years_available,price_adjclose_t,150
test_2024,price_history_years_available,price_data_available,150
test_2024,price_history_years_available,price_drawdown_from_3y_high_pct,150
test_2024,price_history_years_available,price_history_years_available,150
test_2024,price_history_years_available,price_momentum_1y_pct,112
test_2024,price_history_years_available,price_momentum_2y_pct,73
test_2024,price_history_years_available,price_vs_bist100_1y_pct,112
test_2024,price_history_years_available,revenue,150
test_2024,price_history_years_available,revenue_growth_pct,109
test_2024,price_history_years_available,roa,150
test_2024,price_history_years_available,roe,150
test_2024,price_history_years_available,short_term_liabilities,139
test_2024,price_history_years_available,total_assets,150
test_2024,price_history_years_available,working_capital,139
test_2024,price_momentum_1y_pct,benchmark_same_year_return_pct,112
test_2024,price_momentum_1y_pct,current_assets,101
test_2024,price_momentum_1y_pct,current_ratio,72
test_2024,price_momentum_1y_pct,ebitda,101
test_2024,price_momentum_1y_pct,ebitda_growth_pct,72
test_2024,price_momentum_1y_pct,ebitda_margin,101
test_2024,price_momentum_1y_pct,enterprise_value,72
test_2024,price_momentum_1y_pct,equity,112
test_2024,price_momentum_1y_pct,ev_ebitda,70
test_2024,price_momentum_1y_pct,financial_debt_ratio,72
test_2024,price_momentum_1y_pct,gross_margin,101
test_2024,price_momentum_1y_pct,gross_profit,101
test_2024,price_momentum_1y_pct,gross_profit_growth_pct,72
test_2024,price_momentum_1y_pct,leverage_ratio,72
test_2024,price_momentum_1y_pct,long_term_liabilities,101
test_2024,price_momentum_1y_pct,market_cap,72
test_2024,price_momentum_1y_pct,net_debt,92
test_2024,price_momentum_1y_pct,net_debt_to_ebitda,72
test_2024,price_momentum_1y_pct,net_income,112
test_2024,price_momentum_1y_pct,net_income_growth_pct,72
test_2024,price_momentum_1y_pct,net_margin,112
test_2024,price_momentum_1y_pct,non_current_assets,101
test_2024,price_momentum_1y_pct,operating_income,101
test_2024,price_momentum_1y_pct,operating_income_growth_pct,72
test_2024,price_momentum_1y_pct,pb_ratio,72
test_2024,price_momentum_1y_pct,pe_ratio,63
test_2024,price_momentum_1y_pct,price_adjclose_t,112
test_2024,price_momentum_1y_pct,price_data_available,112
test_2024,price_momentum_1y_pct,price_drawdown_from_3y_high_pct,112
test_2024,price_momentum_1y_pct,price_history_years_available,112
test_2024,price_momentum_1y_pct,price_momentum_1y_pct,112
test_2024,price_momentum_1y_pct,price_momentum_2y_pct,73
test_2024,price_momentum_1y_pct,price_vs_bist100_1y_pct,112
test_2024,price_momentum_1y_pct,revenue,112
test_2024,price_momentum_1y_pct,revenue_growth_pct,72
test_2024,price_momentum_1y_pct,roa,112
test_2024,price_momentum_1y_pct,roe,112
test_2024,price_momentum_1y_pct,short_term_liabilities,101
test_2024,price_momentum_1y_pct,total_assets,112
test_2024,price_momentum_1y_pct,working_capital,101
test_2024,price_momentum_2y_pct,benchmark_same_year_return_pct,73
test_2024,price_momentum_2y_pct,current_assets,62
test_2024,price_momentum_2y_pct,current_ratio,35
test_2024,price_momentum_2y_pct,ebitda,62
test_2024,price_momentum_2y_pct,ebitda_growth_pct,35
test_2024,price_momentum_2y_pct,ebitda_margin,62
test_2024,price_momentum_2y_pct,enterprise_value,35
test_2024,price_momentum_2y_pct,equity,73
test_2024,price_momentum_2y_pct,ev_ebitda,34
test_2024,price_momentum_2y_pct,financial_debt_ratio,35
test_2024,price_momentum_2y_pct,gross_margin,62
test_2024,price_momentum_2y_pct,gross_profit,62
test_2024,price_momentum_2y_pct,gross_profit_growth_pct,35
test_2024,price_momentum_2y_pct,leverage_ratio,35
test_2024,price_momentum_2y_pct,long_term_liabilities,62
test_2024,price_momentum_2y_pct,market_cap,35
test_2024,price_momentum_2y_pct,net_debt,55
test_2024,price_momentum_2y_pct,net_debt_to_ebitda,35
test_2024,price_momentum_2y_pct,net_income,73
test_2024,price_momentum_2y_pct,net_income_growth_pct,35
test_2024,price_momentum_2y_pct,net_margin,73
test_2024,price_momentum_2y_pct,non_current_assets,62
test_2024,price_momentum_2y_pct,operating_income,62
test_2024,price_momentum_2y_pct,operating_income_growth_pct,35
test_2024,price_momentum_2y_pct,pb_ratio,35
test_2024,price_momentum_2y_pct,pe_ratio,31
test_2024,price_momentum_2y_pct,price_adjclose_t,73
test_2024,price_momentum_2y_pct,price_data_available,73
test_2024,price_momentum_2y_pct,price_drawdown_from_3y_high_pct,73
test_2024,price_momentum_2y_pct,price_history_years_available,73
test_2024,price_momentum_2y_pct,price_momentum_1y_pct,73
test_2024,price_momentum_2y_pct,price_momentum_2y_pct,73
test_2024,price_momentum_2y_pct,price_vs_bist100_1y_pct,73
test_2024,price_momentum_2y_pct,revenue,73
test_2024,price_momentum_2y_pct,revenue_growth_pct,35
test_2024,price_momentum_2y_pct,roa,73
test_2024,price_momentum_2y_pct,roe,73
test_2024,price_momentum_2y_pct,short_term_liabilities,62
test_2024,price_momentum_2y_pct,total_assets,73
test_2024,price_momentum_2y_pct,working_capital,62
test_2024,price_vs_bist100_1y_pct,benchmark_same_year_return_pct,112
test_2024,price_vs_bist100_1y_pct,current_assets,101
test_2024,price_vs_bist100_1y_pct,current_ratio,72
test_2024,price_vs_bist100_1y_pct,ebitda,101
test_2024,price_vs_bist100_1y_pct,ebitda_growth_pct,72
test_2024,price_vs_bist100_1y_pct,ebitda_margin,101
test_2024,price_vs_bist100_1y_pct,enterprise_value,72
test_2024,price_vs_bist100_1y_pct,equity,112
test_2024,price_vs_bist100_1y_pct,ev_ebitda,70
test_2024,price_vs_bist100_1y_pct,financial_debt_ratio,72
test_2024,price_vs_bist100_1y_pct,gross_margin,101
test_2024,price_vs_bist100_1y_pct,gross_profit,101
test_2024,price_vs_bist100_1y_pct,gross_profit_growth_pct,72
test_2024,price_vs_bist100_1y_pct,leverage_ratio,72
test_2024,price_vs_bist100_1y_pct,long_term_liabilities,101
test_2024,price_vs_bist100_1y_pct,market_cap,72
test_2024,price_vs_bist100_1y_pct,net_debt,92
test_2024,price_vs_bist100_1y_pct,net_debt_to_ebitda,72
test_2024,price_vs_bist100_1y_pct,net_income,112
test_2024,price_vs_bist100_1y_pct,net_income_growth_pct,72
test_2024,price_vs_bist100_1y_pct,net_margin,112
test_2024,price_vs_bist100_1y_pct,non_current_assets,101
test_2024,price_vs_bist100_1y_pct,operating_income,101
test_2024,price_vs_bist100_1y_pct,operating_income_growth_pct,72
test_2024,price_vs_bist100_1y_pct,pb_ratio,72
test_2024,price_vs_bist100_1y_pct,pe_ratio,63
test_2024,price_vs_bist100_1y_pct,price_adjclose_t,112
test_2024,price_vs_bist100_1y_pct,price_data_available,112
test_2024,price_vs_bist100_1y_pct,price_drawdown_from_3y_high_pct,112
test_2024,price_vs_bist100_1y_pct,price_history_years_available,112
test_2024,price_vs_bist100_1y_pct,price_momentum_1y_pct,112
test_2024,price_vs_bist100_1y_pct,price_momentum_2y_pct,73
test_2024,price_vs_bist100_1y_pct,price_vs_bist100_1y_pct,112
test_2024,price_vs_bist100_1y_pct,revenue,112
test_2024,price_vs_bist100_1y_pct,revenue_growth_pct,72
test_2024,price_vs_bist100_1y_pct,roa,112
test_2024,price_vs_bist100_1y_pct,roe,112
test_2024,price_vs_bist100_1y_pct,short_term_liabilities,101
test_2024,price_vs_bist100_1y_pct,total_assets,112
test_2024,price_vs_bist100_1y_pct,working_capital,101
test_2024,revenue,benchmark_same_year_return_pct,150
test_2024,revenue,current_assets,150
test_2024,revenue,current_ratio,120
test_2024,revenue,ebitda,150
test_2024,revenue,ebitda_growth_pct,120
test_2024,revenue,ebitda_margin,150
test_2024,revenue,enterprise_value,109
test_2024,revenue,equity,161
test_2024,revenue,ev_ebitda,105
test_2024,revenue,financial_debt_ratio,120
test_2024,revenue,gross_margin,150
test_2024,revenue,gross_profit,150
test_2024,revenue,gross_profit_growth_pct,120
test_2024,revenue,leverage_ratio,120
test_2024,revenue,long_term_liabilities,150
test_2024,revenue,market_cap,109
test_2024,revenue,net_debt,140
test_2024,revenue,net_debt_to_ebitda,120
test_2024,revenue,net_income,161
test_2024,revenue,net_income_growth_pct,120
test_2024,revenue,net_margin,161
test_2024,revenue,non_current_assets,150
test_2024,revenue,operating_income,150
test_2024,revenue,operating_income_growth_pct,120
test_2024,revenue,pb_ratio,109
test_2024,revenue,pe_ratio,91
test_2024,revenue,price_adjclose_t,150
test_2024,revenue,price_data_available,150
test_2024,revenue,price_drawdown_from_3y_high_pct,150
test_2024,revenue,price_history_years_available,150
test_2024,revenue,price_momentum_1y_pct,112
test_2024,revenue,price_momentum_2y_pct,73
test_2024,revenue,price_vs_bist100_1y_pct,112
test_2024,revenue,revenue,161
test_2024,revenue,revenue_growth_pct,120
test_2024,revenue,roa,161
test_2024,revenue,roe,161
test_2024,revenue,short_term_liabilities,150
test_2024,revenue,total_assets,161
test_2024,revenue,working_capital,150
test_2024,revenue_growth_pct,benchmark_same_year_return_pct,109
test_2024,revenue_growth_pct,current_assets,120
test_2024,revenue_growth_pct,current_ratio,120
test_2024,revenue_growth_pct,ebitda,120
test_2024,revenue_growth_pct,ebitda_growth_pct,120
test_2024,revenue_growth_pct,ebitda_margin,120
test_2024,revenue_growth_pct,enterprise_value,109
test_2024,revenue_growth_pct,equity,120
test_2024,revenue_growth_pct,ev_ebitda,105
test_2024,revenue_growth_pct,financial_debt_ratio,120
test_2024,revenue_growth_pct,gross_margin,120
test_2024,revenue_growth_pct,gross_profit,120
test_2024,revenue_growth_pct,gross_profit_growth_pct,120
test_2024,revenue_growth_pct,leverage_ratio,120
test_2024,revenue_growth_pct,long_term_liabilities,120
test_2024,revenue_growth_pct,market_cap,109
test_2024,revenue_growth_pct,net_debt,120
test_2024,revenue_growth_pct,net_debt_to_ebitda,120
test_2024,revenue_growth_pct,net_income,120
test_2024,revenue_growth_pct,net_income_growth_pct,120
test_2024,revenue_growth_pct,net_margin,120
test_2024,revenue_growth_pct,non_current_assets,120
test_2024,revenue_growth_pct,operating_income,120
test_2024,revenue_growth_pct,operating_income_growth_pct,120
test_2024,revenue_growth_pct,pb_ratio,109
test_2024,revenue_growth_pct,pe_ratio,91
test_2024,revenue_growth_pct,price_adjclose_t,109
test_2024,revenue_growth_pct,price_data_available,109
test_2024,revenue_growth_pct,price_drawdown_from_3y_high_pct,109
test_2024,revenue_growth_pct,price_history_years_available,109
test_2024,revenue_growth_pct,price_momentum_1y_pct,72
test_2024,revenue_growth_pct,price_momentum_2y_pct,35
test_2024,revenue_growth_pct,price_vs_bist100_1y_pct,72
test_2024,revenue_growth_pct,revenue,120
test_2024,revenue_growth_pct,revenue_growth_pct,120
test_2024,revenue_growth_pct,roa,120
test_2024,revenue_growth_pct,roe,120
test_2024,revenue_growth_pct,short_term_liabilities,120
test_2024,revenue_growth_pct,total_assets,120
test_2024,revenue_growth_pct,working_capital,120
test_2024,roa,benchmark_same_year_return_pct,150
test_2024,roa,current_assets,150
test_2024,roa,current_ratio,120
test_2024,roa,ebitda,150
test_2024,roa,ebitda_growth_pct,120
test_2024,roa,ebitda_margin,150
test_2024,roa,enterprise_value,109
test_2024,roa,equity,161
test_2024,roa,ev_ebitda,105
test_2024,roa,financial_debt_ratio,120
test_2024,roa,gross_margin,150
test_2024,roa,gross_profit,150
test_2024,roa,gross_profit_growth_pct,120
test_2024,roa,leverage_ratio,120
test_2024,roa,long_term_liabilities,150
test_2024,roa,market_cap,109
test_2024,roa,net_debt,140
test_2024,roa,net_debt_to_ebitda,120
test_2024,roa,net_income,161
test_2024,roa,net_income_growth_pct,120
test_2024,roa,net_margin,161
test_2024,roa,non_current_assets,150
test_2024,roa,operating_income,150
test_2024,roa,operating_income_growth_pct,120
test_2024,roa,pb_ratio,109
test_2024,roa,pe_ratio,91
test_2024,roa,price_adjclose_t,150
test_2024,roa,price_data_available,150
test_2024,roa,price_drawdown_from_3y_high_pct,150
test_2024,roa,price_history_years_available,150
test_2024,roa,price_momentum_1y_pct,112
test_2024,roa,price_momentum_2y_pct,73
test_2024,roa,price_vs_bist100_1y_pct,112
test_2024,roa,revenue,161
test_2024,roa,revenue_growth_pct,120
test_2024,roa,roa,161
test_2024,roa,roe,161
test_2024,roa,short_term_liabilities,150
test_2024,roa,total_assets,161
test_2024,roa,working_capital,150
test_2024,roe,benchmark_same_year_return_pct,150
test_2024,roe,current_assets,150
test_2024,roe,current_ratio,120
test_2024,roe,ebitda,150
test_2024,roe,ebitda_growth_pct,120
test_2024,roe,ebitda_margin,150
test_2024,roe,enterprise_value,109
test_2024,roe,equity,161
test_2024,roe,ev_ebitda,105
test_2024,roe,financial_debt_ratio,120
test_2024,roe,gross_margin,150
test_2024,roe,gross_profit,150
test_2024,roe,gross_profit_growth_pct,120
test_2024,roe,leverage_ratio,120
test_2024,roe,long_term_liabilities,150
test_2024,roe,market_cap,109
test_2024,roe,net_debt,140
test_2024,roe,net_debt_to_ebitda,120
test_2024,roe,net_income,161
test_2024,roe,net_income_growth_pct,120
test_2024,roe,net_margin,161
test_2024,roe,non_current_assets,150
test_2024,roe,operating_income,150
test_2024,roe,operating_income_growth_pct,120
test_2024,roe,pb_ratio,109
test_2024,roe,pe_ratio,91
test_2024,roe,price_adjclose_t,150
test_2024,roe,price_data_available,150
test_2024,roe,price_drawdown_from_3y_high_pct,150
test_2024,roe,price_history_years_available,150
test_2024,roe,price_momentum_1y_pct,112
test_2024,roe,price_momentum_2y_pct,73
test_2024,roe,price_vs_bist100_1y_pct,112
test_2024,roe,revenue,161
test_2024,roe,revenue_growth_pct,120
test_2024,roe,roa,161
test_2024,roe,roe,161
test_2024,roe,short_term_liabilities,150
test_2024,roe,total_assets,161
test_2024,roe,working_capital,150
test_2024,short_term_liabilities,benchmark_same_year_return_pct,139
test_2024,short_term_liabilities,current_assets,150
test_2024,short_term_liabilities,current_ratio,120
test_2024,short_term_liabilities,ebitda,150
test_2024,short_term_liabilities,ebitda_growth_pct,120
test_2024,short_term_liabilities,ebitda_margin,150
test_2024,short_term_liabilities,enterprise_value,109
test_2024,short_term_liabilities,equity,150
test_2024,short_term_liabilities,ev_ebitda,105
test_2024,short_term_liabilities,financial_debt_ratio,120
test_2024,short_term_liabilities,gross_margin,150
test_2024,short_term_liabilities,gross_profit,150
test_2024,short_term_liabilities,gross_profit_growth_pct,120
test_2024,short_term_liabilities,leverage_ratio,120
test_2024,short_term_liabilities,long_term_liabilities,150
test_2024,short_term_liabilities,market_cap,109
test_2024,short_term_liabilities,net_debt,138
test_2024,short_term_liabilities,net_debt_to_ebitda,120
test_2024,short_term_liabilities,net_income,150
test_2024,short_term_liabilities,net_income_growth_pct,120
test_2024,short_term_liabilities,net_margin,150
test_2024,short_term_liabilities,non_current_assets,150
test_2024,short_term_liabilities,operating_income,150
test_2024,short_term_liabilities,operating_income_growth_pct,120
test_2024,short_term_liabilities,pb_ratio,109
test_2024,short_term_liabilities,pe_ratio,91
test_2024,short_term_liabilities,price_adjclose_t,139
test_2024,short_term_liabilities,price_data_available,139
test_2024,short_term_liabilities,price_drawdown_from_3y_high_pct,139
test_2024,short_term_liabilities,price_history_years_available,139
test_2024,short_term_liabilities,price_momentum_1y_pct,101
test_2024,short_term_liabilities,price_momentum_2y_pct,62
test_2024,short_term_liabilities,price_vs_bist100_1y_pct,101
test_2024,short_term_liabilities,revenue,150
test_2024,short_term_liabilities,revenue_growth_pct,120
test_2024,short_term_liabilities,roa,150
test_2024,short_term_liabilities,roe,150
test_2024,short_term_liabilities,short_term_liabilities,150
test_2024,short_term_liabilities,total_assets,150
test_2024,short_term_liabilities,working_capital,150
test_2024,total_assets,benchmark_same_year_return_pct,150
test_2024,total_assets,current_assets,150
test_2024,total_assets,current_ratio,120
test_2024,total_assets,ebitda,150
test_2024,total_assets,ebitda_growth_pct,120
test_2024,total_assets,ebitda_margin,150
test_2024,total_assets,enterprise_value,109
test_2024,total_assets,equity,161
test_2024,total_assets,ev_ebitda,105
test_2024,total_assets,financial_debt_ratio,120
test_2024,total_assets,gross_margin,150
test_2024,total_assets,gross_profit,150
test_2024,total_assets,gross_profit_growth_pct,120
test_2024,total_assets,leverage_ratio,120
test_2024,total_assets,long_term_liabilities,150
test_2024,total_assets,market_cap,109
test_2024,total_assets,net_debt,140
test_2024,total_assets,net_debt_to_ebitda,120
test_2024,total_assets,net_income,161
test_2024,total_assets,net_income_growth_pct,120
test_2024,total_assets,net_margin,161
test_2024,total_assets,non_current_assets,150
test_2024,total_assets,operating_income,150
test_2024,total_assets,operating_income_growth_pct,120
test_2024,total_assets,pb_ratio,109
test_2024,total_assets,pe_ratio,91
test_2024,total_assets,price_adjclose_t,150
test_2024,total_assets,price_data_available,150
test_2024,total_assets,price_drawdown_from_3y_high_pct,150
test_2024,total_assets,price_history_years_available,150
test_2024,total_assets,price_momentum_1y_pct,112
test_2024,total_assets,price_momentum_2y_pct,73
test_2024,total_assets,price_vs_bist100_1y_pct,112
test_2024,total_assets,revenue,161
test_2024,total_assets,revenue_growth_pct,120
test_2024,total_assets,roa,161
test_2024,total_assets,roe,161
test_2024,total_assets,short_term_liabilities,150
test_2024,total_assets,total_assets,161
test_2024,total_assets,working_capital,150
test_2024,working_capital,benchmark_same_year_return_pct,139
test_2024,working_capital,current_assets,150
test_2024,working_capital,current_ratio,120
test_2024,working_capital,ebitda,150
test_2024,working_capital,ebitda_growth_pct,120
test_2024,working_capital,ebitda_margin,150
test_2024,working_capital,enterprise_value,109
test_2024,working_capital,equity,150
test_2024,working_capital,ev_ebitda,105
test_2024,working_capital,financial_debt_ratio,120
test_2024,working_capital,gross_margin,150
test_2024,working_capital,gross_profit,150
test_2024,working_capital,gross_profit_growth_pct,120
test_2024,working_capital,leverage_ratio,120
test_2024,working_capital,long_term_liabilities,150
test_2024,working_capital,market_cap,109
test_2024,working_capital,net_debt,138
test_2024,working_capital,net_debt_to_ebitda,120
test_2024,working_capital,net_income,150
test_2024,working_capital,net_income_growth_pct,120
test_2024,working_capital,net_margin,150
test_2024,working_capital,non_current_assets,150
test_2024,working_capital,operating_income,150
test_2024,working_capital,operating_income_growth_pct,120
test_2024,working_capital,pb_ratio,109
test_2024,working_capital,pe_ratio,91
test_2024,working_capital,price_adjclose_t,139
test_2024,working_capital,price_data_available,139
test_2024,working_capital,price_drawdown_from_3y_high_pct,139
test_2024,working_capital,price_history_years_available,139
test_2024,working_capital,price_momentum_1y_pct,101
test_2024,working_capital,price_momentum_2y_pct,62
test_2024,working_capital,price_vs_bist100_1y_pct,101
test_2024,working_capital,revenue,150
test_2024,working_capital,revenue_growth_pct,120
test_2024,working_capital,roa,150
test_2024,working_capital,roe,150
test_2024,working_capital,short_term_liabilities,150
test_2024,working_capital,total_assets,150
test_2024,working_capital,working_capital,150
test_2025,benchmark_same_year_return_pct,benchmark_same_year_return_pct,228
test_2025,benchmark_same_year_return_pct,current_assets,206
test_2025,benchmark_same_year_return_pct,current_ratio,147
test_2025,benchmark_same_year_return_pct,ebitda,206
test_2025,benchmark_same_year_return_pct,ebitda_growth_pct,147
test_2025,benchmark_same_year_return_pct,ebitda_margin,206
test_2025,benchmark_same_year_return_pct,enterprise_value,147
test_2025,benchmark_same_year_return_pct,equity,228
test_2025,benchmark_same_year_return_pct,ev_ebitda,139
test_2025,benchmark_same_year_return_pct,financial_debt_ratio,147
test_2025,benchmark_same_year_return_pct,gross_margin,206
test_2025,benchmark_same_year_return_pct,gross_profit,206
test_2025,benchmark_same_year_return_pct,gross_profit_growth_pct,147
test_2025,benchmark_same_year_return_pct,leverage_ratio,147
test_2025,benchmark_same_year_return_pct,long_term_liabilities,206
test_2025,benchmark_same_year_return_pct,market_cap,147
test_2025,benchmark_same_year_return_pct,net_debt,188
test_2025,benchmark_same_year_return_pct,net_debt_to_ebitda,147
test_2025,benchmark_same_year_return_pct,net_income,228
test_2025,benchmark_same_year_return_pct,net_income_growth_pct,147
test_2025,benchmark_same_year_return_pct,net_margin,228
test_2025,benchmark_same_year_return_pct,non_current_assets,206
test_2025,benchmark_same_year_return_pct,operating_income,206
test_2025,benchmark_same_year_return_pct,operating_income_growth_pct,147
test_2025,benchmark_same_year_return_pct,pb_ratio,147
test_2025,benchmark_same_year_return_pct,pe_ratio,125
test_2025,benchmark_same_year_return_pct,price_adjclose_t,228
test_2025,benchmark_same_year_return_pct,price_data_available,228
test_2025,benchmark_same_year_return_pct,price_drawdown_from_3y_high_pct,228
test_2025,benchmark_same_year_return_pct,price_history_years_available,228
test_2025,benchmark_same_year_return_pct,price_momentum_1y_pct,189
test_2025,benchmark_same_year_return_pct,price_momentum_2y_pct,149
test_2025,benchmark_same_year_return_pct,price_vs_bist100_1y_pct,189
test_2025,benchmark_same_year_return_pct,revenue,228
test_2025,benchmark_same_year_return_pct,revenue_growth_pct,147
test_2025,benchmark_same_year_return_pct,roa,228
test_2025,benchmark_same_year_return_pct,roe,228
test_2025,benchmark_same_year_return_pct,short_term_liabilities,206
test_2025,benchmark_same_year_return_pct,total_assets,228
test_2025,benchmark_same_year_return_pct,working_capital,206
test_2025,current_assets,benchmark_same_year_return_pct,206
test_2025,current_assets,current_assets,219
test_2025,current_assets,current_ratio,160
test_2025,current_assets,ebitda,219
test_2025,current_assets,ebitda_growth_pct,160
test_2025,current_assets,ebitda_margin,219
test_2025,current_assets,enterprise_value,147
test_2025,current_assets,equity,219
test_2025,current_assets,ev_ebitda,139
test_2025,current_assets,financial_debt_ratio,160
test_2025,current_assets,gross_margin,219
test_2025,current_assets,gross_profit,219
test_2025,current_assets,gross_profit_growth_pct,160
test_2025,current_assets,leverage_ratio,160
test_2025,current_assets,long_term_liabilities,219
test_2025,current_assets,market_cap,147
test_2025,current_assets,net_debt,197
test_2025,current_assets,net_debt_to_ebitda,160
test_2025,current_assets,net_income,219
test_2025,current_assets,net_income_growth_pct,160
test_2025,current_assets,net_margin,219
test_2025,current_assets,non_current_assets,219
test_2025,current_assets,operating_income,219
test_2025,current_assets,operating_income_growth_pct,160
test_2025,current_assets,pb_ratio,147
test_2025,current_assets,pe_ratio,125
test_2025,current_assets,price_adjclose_t,206
test_2025,current_assets,price_data_available,206
test_2025,current_assets,price_drawdown_from_3y_high_pct,206
test_2025,current_assets,price_history_years_available,206
test_2025,current_assets,price_momentum_1y_pct,167
test_2025,current_assets,price_momentum_2y_pct,127
test_2025,current_assets,price_vs_bist100_1y_pct,167
test_2025,current_assets,revenue,219
test_2025,current_assets,revenue_growth_pct,160
test_2025,current_assets,roa,219
test_2025,current_assets,roe,219
test_2025,current_assets,short_term_liabilities,219
test_2025,current_assets,total_assets,219
test_2025,current_assets,working_capital,219
test_2025,current_ratio,benchmark_same_year_return_pct,147
test_2025,current_ratio,current_assets,160
test_2025,current_ratio,current_ratio,160
test_2025,current_ratio,ebitda,160
test_2025,current_ratio,ebitda_growth_pct,160
test_2025,current_ratio,ebitda_margin,160
test_2025,current_ratio,enterprise_value,147
test_2025,current_ratio,equity,160
test_2025,current_ratio,ev_ebitda,139
test_2025,current_ratio,financial_debt_ratio,160
test_2025,current_ratio,gross_margin,160
test_2025,current_ratio,gross_profit,160
test_2025,current_ratio,gross_profit_growth_pct,160
test_2025,current_ratio,leverage_ratio,160
test_2025,current_ratio,long_term_liabilities,160
test_2025,current_ratio,market_cap,147
test_2025,current_ratio,net_debt,160
test_2025,current_ratio,net_debt_to_ebitda,160
test_2025,current_ratio,net_income,160
test_2025,current_ratio,net_income_growth_pct,160
test_2025,current_ratio,net_margin,160
test_2025,current_ratio,non_current_assets,160
test_2025,current_ratio,operating_income,160
test_2025,current_ratio,operating_income_growth_pct,160
test_2025,current_ratio,pb_ratio,147
test_2025,current_ratio,pe_ratio,125
test_2025,current_ratio,price_adjclose_t,147
test_2025,current_ratio,price_data_available,147
test_2025,current_ratio,price_drawdown_from_3y_high_pct,147
test_2025,current_ratio,price_history_years_available,147
test_2025,current_ratio,price_momentum_1y_pct,109
test_2025,current_ratio,price_momentum_2y_pct,72
test_2025,current_ratio,price_vs_bist100_1y_pct,109
test_2025,current_ratio,revenue,160
test_2025,current_ratio,revenue_growth_pct,160
test_2025,current_ratio,roa,160
test_2025,current_ratio,roe,160
test_2025,current_ratio,short_term_liabilities,160
test_2025,current_ratio,total_assets,160
test_2025,current_ratio,working_capital,160
test_2025,ebitda,benchmark_same_year_return_pct,206
test_2025,ebitda,current_assets,219
test_2025,ebitda,current_ratio,160
test_2025,ebitda,ebitda,219
test_2025,ebitda,ebitda_growth_pct,160
test_2025,ebitda,ebitda_margin,219
test_2025,ebitda,enterprise_value,147
test_2025,ebitda,equity,219
test_2025,ebitda,ev_ebitda,139
test_2025,ebitda,financial_debt_ratio,160
test_2025,ebitda,gross_margin,219
test_2025,ebitda,gross_profit,219
test_2025,ebitda,gross_profit_growth_pct,160
test_2025,ebitda,leverage_ratio,160
test_2025,ebitda,long_term_liabilities,219
test_2025,ebitda,market_cap,147
test_2025,ebitda,net_debt,197
test_2025,ebitda,net_debt_to_ebitda,160
test_2025,ebitda,net_income,219
test_2025,ebitda,net_income_growth_pct,160
test_2025,ebitda,net_margin,219
test_2025,ebitda,non_current_assets,219
test_2025,ebitda,operating_income,219
test_2025,ebitda,operating_income_growth_pct,160
test_2025,ebitda,pb_ratio,147
test_2025,ebitda,pe_ratio,125
test_2025,ebitda,price_adjclose_t,206
test_2025,ebitda,price_data_available,206
test_2025,ebitda,price_drawdown_from_3y_high_pct,206
test_2025,ebitda,price_history_years_available,206
test_2025,ebitda,price_momentum_1y_pct,167
test_2025,ebitda,price_momentum_2y_pct,127
test_2025,ebitda,price_vs_bist100_1y_pct,167
test_2025,ebitda,revenue,219
test_2025,ebitda,revenue_growth_pct,160
test_2025,ebitda,roa,219
test_2025,ebitda,roe,219
test_2025,ebitda,short_term_liabilities,219
test_2025,ebitda,total_assets,219
test_2025,ebitda,working_capital,219
test_2025,ebitda_growth_pct,benchmark_same_year_return_pct,147
test_2025,ebitda_growth_pct,current_assets,160
test_2025,ebitda_growth_pct,current_ratio,160
test_2025,ebitda_growth_pct,ebitda,160
test_2025,ebitda_growth_pct,ebitda_growth_pct,160
test_2025,ebitda_growth_pct,ebitda_margin,160
test_2025,ebitda_growth_pct,enterprise_value,147
test_2025,ebitda_growth_pct,equity,160
test_2025,ebitda_growth_pct,ev_ebitda,139
test_2025,ebitda_growth_pct,financial_debt_ratio,160
test_2025,ebitda_growth_pct,gross_margin,160
test_2025,ebitda_growth_pct,gross_profit,160
test_2025,ebitda_growth_pct,gross_profit_growth_pct,160
test_2025,ebitda_growth_pct,leverage_ratio,160
test_2025,ebitda_growth_pct,long_term_liabilities,160
test_2025,ebitda_growth_pct,market_cap,147
test_2025,ebitda_growth_pct,net_debt,160
test_2025,ebitda_growth_pct,net_debt_to_ebitda,160
test_2025,ebitda_growth_pct,net_income,160
test_2025,ebitda_growth_pct,net_income_growth_pct,160
test_2025,ebitda_growth_pct,net_margin,160
test_2025,ebitda_growth_pct,non_current_assets,160
test_2025,ebitda_growth_pct,operating_income,160
test_2025,ebitda_growth_pct,operating_income_growth_pct,160
test_2025,ebitda_growth_pct,pb_ratio,147
test_2025,ebitda_growth_pct,pe_ratio,125
test_2025,ebitda_growth_pct,price_adjclose_t,147
test_2025,ebitda_growth_pct,price_data_available,147
test_2025,ebitda_growth_pct,price_drawdown_from_3y_high_pct,147
test_2025,ebitda_growth_pct,price_history_years_available,147
test_2025,ebitda_growth_pct,price_momentum_1y_pct,109
test_2025,ebitda_growth_pct,price_momentum_2y_pct,72
test_2025,ebitda_growth_pct,price_vs_bist100_1y_pct,109
test_2025,ebitda_growth_pct,revenue,160
test_2025,ebitda_growth_pct,revenue_growth_pct,160
test_2025,ebitda_growth_pct,roa,160
test_2025,ebitda_growth_pct,roe,160
test_2025,ebitda_growth_pct,short_term_liabilities,160
test_2025,ebitda_growth_pct,total_assets,160
test_2025,ebitda_growth_pct,working_capital,160
test_2025,ebitda_margin,benchmark_same_year_return_pct,206
test_2025,ebitda_margin,current_assets,219
test_2025,ebitda_margin,current_ratio,160
test_2025,ebitda_margin,ebitda,219
test_2025,ebitda_margin,ebitda_growth_pct,160
test_2025,ebitda_margin,ebitda_margin,219
test_2025,ebitda_margin,enterprise_value,147
test_2025,ebitda_margin,equity,219
test_2025,ebitda_margin,ev_ebitda,139
test_2025,ebitda_margin,financial_debt_ratio,160
test_2025,ebitda_margin,gross_margin,219
test_2025,ebitda_margin,gross_profit,219
test_2025,ebitda_margin,gross_profit_growth_pct,160
test_2025,ebitda_margin,leverage_ratio,160
test_2025,ebitda_margin,long_term_liabilities,219
test_2025,ebitda_margin,market_cap,147
test_2025,ebitda_margin,net_debt,197
test_2025,ebitda_margin,net_debt_to_ebitda,160
test_2025,ebitda_margin,net_income,219
test_2025,ebitda_margin,net_income_growth_pct,160
test_2025,ebitda_margin,net_margin,219
test_2025,ebitda_margin,non_current_assets,219
test_2025,ebitda_margin,operating_income,219
test_2025,ebitda_margin,operating_income_growth_pct,160
test_2025,ebitda_margin,pb_ratio,147
test_2025,ebitda_margin,pe_ratio,125
test_2025,ebitda_margin,price_adjclose_t,206
test_2025,ebitda_margin,price_data_available,206
test_2025,ebitda_margin,price_drawdown_from_3y_high_pct,206
test_2025,ebitda_margin,price_history_years_available,206
test_2025,ebitda_margin,price_momentum_1y_pct,167
test_2025,ebitda_margin,price_momentum_2y_pct,127
test_2025,ebitda_margin,price_vs_bist100_1y_pct,167
test_2025,ebitda_margin,revenue,219
test_2025,ebitda_margin,revenue_growth_pct,160
test_2025,ebitda_margin,roa,219
test_2025,ebitda_margin,roe,219
test_2025,ebitda_margin,short_term_liabilities,219
test_2025,ebitda_margin,total_assets,219
test_2025,ebitda_margin,working_capital,219
test_2025,enterprise_value,benchmark_same_year_return_pct,147
test_2025,enterprise_value,current_assets,147
test_2025,enterprise_value,current_ratio,147
test_2025,enterprise_value,ebitda,147
test_2025,enterprise_value,ebitda_growth_pct,147
test_2025,enterprise_value,ebitda_margin,147
test_2025,enterprise_value,enterprise_value,147
test_2025,enterprise_value,equity,147
test_2025,enterprise_value,ev_ebitda,139
test_2025,enterprise_value,financial_debt_ratio,147
test_2025,enterprise_value,gross_margin,147
test_2025,enterprise_value,gross_profit,147
test_2025,enterprise_value,gross_profit_growth_pct,147
test_2025,enterprise_value,leverage_ratio,147
test_2025,enterprise_value,long_term_liabilities,147
test_2025,enterprise_value,market_cap,147
test_2025,enterprise_value,net_debt,147
test_2025,enterprise_value,net_debt_to_ebitda,147
test_2025,enterprise_value,net_income,147
test_2025,enterprise_value,net_income_growth_pct,147
test_2025,enterprise_value,net_margin,147
test_2025,enterprise_value,non_current_assets,147
test_2025,enterprise_value,operating_income,147
test_2025,enterprise_value,operating_income_growth_pct,147
test_2025,enterprise_value,pb_ratio,147
test_2025,enterprise_value,pe_ratio,125
test_2025,enterprise_value,price_adjclose_t,147
test_2025,enterprise_value,price_data_available,147
test_2025,enterprise_value,price_drawdown_from_3y_high_pct,147
test_2025,enterprise_value,price_history_years_available,147
test_2025,enterprise_value,price_momentum_1y_pct,109
test_2025,enterprise_value,price_momentum_2y_pct,72
test_2025,enterprise_value,price_vs_bist100_1y_pct,109
test_2025,enterprise_value,revenue,147
test_2025,enterprise_value,revenue_growth_pct,147
test_2025,enterprise_value,roa,147
test_2025,enterprise_value,roe,147
test_2025,enterprise_value,short_term_liabilities,147
test_2025,enterprise_value,total_assets,147
test_2025,enterprise_value,working_capital,147
test_2025,equity,benchmark_same_year_return_pct,228
test_2025,equity,current_assets,219
test_2025,equity,current_ratio,160
test_2025,equity,ebitda,219
test_2025,equity,ebitda_growth_pct,160
test_2025,equity,ebitda_margin,219
test_2025,equity,enterprise_value,147
test_2025,equity,equity,241
test_2025,equity,ev_ebitda,139
test_2025,equity,financial_debt_ratio,160
test_2025,equity,gross_margin,219
test_2025,equity,gross_profit,219
test_2025,equity,gross_profit_growth_pct,160
test_2025,equity,leverage_ratio,160
test_2025,equity,long_term_liabilities,219
test_2025,equity,market_cap,147
test_2025,equity,net_debt,201
test_2025,equity,net_debt_to_ebitda,160
test_2025,equity,net_income,241
test_2025,equity,net_income_growth_pct,160
test_2025,equity,net_margin,241
test_2025,equity,non_current_assets,219
test_2025,equity,operating_income,219
test_2025,equity,operating_income_growth_pct,160
test_2025,equity,pb_ratio,147
test_2025,equity,pe_ratio,125
test_2025,equity,price_adjclose_t,228
test_2025,equity,price_data_available,228
test_2025,equity,price_drawdown_from_3y_high_pct,228
test_2025,equity,price_history_years_available,228
test_2025,equity,price_momentum_1y_pct,189
test_2025,equity,price_momentum_2y_pct,149
test_2025,equity,price_vs_bist100_1y_pct,189
test_2025,equity,revenue,241
test_2025,equity,revenue_growth_pct,160
test_2025,equity,roa,241
test_2025,equity,roe,241
test_2025,equity,short_term_liabilities,219
test_2025,equity,total_assets,241
test_2025,equity,working_capital,219
test_2025,ev_ebitda,benchmark_same_year_return_pct,139
test_2025,ev_ebitda,current_assets,139
test_2025,ev_ebitda,current_ratio,139
test_2025,ev_ebitda,ebitda,139
test_2025,ev_ebitda,ebitda_growth_pct,139
test_2025,ev_ebitda,ebitda_margin,139
test_2025,ev_ebitda,enterprise_value,139
test_2025,ev_ebitda,equity,139
test_2025,ev_ebitda,ev_ebitda,139
test_2025,ev_ebitda,financial_debt_ratio,139
test_2025,ev_ebitda,gross_margin,139
test_2025,ev_ebitda,gross_profit,139
test_2025,ev_ebitda,gross_profit_growth_pct,139
test_2025,ev_ebitda,leverage_ratio,139
test_2025,ev_ebitda,long_term_liabilities,139
test_2025,ev_ebitda,market_cap,139
test_2025,ev_ebitda,net_debt,139
test_2025,ev_ebitda,net_debt_to_ebitda,139
test_2025,ev_ebitda,net_income,139
test_2025,ev_ebitda,net_income_growth_pct,139
test_2025,ev_ebitda,net_margin,139
test_2025,ev_ebitda,non_current_assets,139
test_2025,ev_ebitda,operating_income,139
test_2025,ev_ebitda,operating_income_growth_pct,139
test_2025,ev_ebitda,pb_ratio,139
test_2025,ev_ebitda,pe_ratio,122
test_2025,ev_ebitda,price_adjclose_t,139
test_2025,ev_ebitda,price_data_available,139
test_2025,ev_ebitda,price_drawdown_from_3y_high_pct,139
test_2025,ev_ebitda,price_history_years_available,139
test_2025,ev_ebitda,price_momentum_1y_pct,103
test_2025,ev_ebitda,price_momentum_2y_pct,67
test_2025,ev_ebitda,price_vs_bist100_1y_pct,103
test_2025,ev_ebitda,revenue,139
test_2025,ev_ebitda,revenue_growth_pct,139
test_2025,ev_ebitda,roa,139
test_2025,ev_ebitda,roe,139
test_2025,ev_ebitda,short_term_liabilities,139
test_2025,ev_ebitda,total_assets,139
test_2025,ev_ebitda,working_capital,139
test_2025,financial_debt_ratio,benchmark_same_year_return_pct,147
test_2025,financial_debt_ratio,current_assets,160
test_2025,financial_debt_ratio,current_ratio,160
test_2025,financial_debt_ratio,ebitda,160
test_2025,financial_debt_ratio,ebitda_growth_pct,160
test_2025,financial_debt_ratio,ebitda_margin,160
test_2025,financial_debt_ratio,enterprise_value,147
test_2025,financial_debt_ratio,equity,160
test_2025,financial_debt_ratio,ev_ebitda,139
test_2025,financial_debt_ratio,financial_debt_ratio,160
test_2025,financial_debt_ratio,gross_margin,160
test_2025,financial_debt_ratio,gross_profit,160
test_2025,financial_debt_ratio,gross_profit_growth_pct,160
test_2025,financial_debt_ratio,leverage_ratio,160
test_2025,financial_debt_ratio,long_term_liabilities,160
test_2025,financial_debt_ratio,market_cap,147
test_2025,financial_debt_ratio,net_debt,160
test_2025,financial_debt_ratio,net_debt_to_ebitda,160
test_2025,financial_debt_ratio,net_income,160
test_2025,financial_debt_ratio,net_income_growth_pct,160
test_2025,financial_debt_ratio,net_margin,160
test_2025,financial_debt_ratio,non_current_assets,160
test_2025,financial_debt_ratio,operating_income,160
test_2025,financial_debt_ratio,operating_income_growth_pct,160
test_2025,financial_debt_ratio,pb_ratio,147
test_2025,financial_debt_ratio,pe_ratio,125
test_2025,financial_debt_ratio,price_adjclose_t,147
test_2025,financial_debt_ratio,price_data_available,147
test_2025,financial_debt_ratio,price_drawdown_from_3y_high_pct,147
test_2025,financial_debt_ratio,price_history_years_available,147
test_2025,financial_debt_ratio,price_momentum_1y_pct,109
test_2025,financial_debt_ratio,price_momentum_2y_pct,72
test_2025,financial_debt_ratio,price_vs_bist100_1y_pct,109
test_2025,financial_debt_ratio,revenue,160
test_2025,financial_debt_ratio,revenue_growth_pct,160
test_2025,financial_debt_ratio,roa,160
test_2025,financial_debt_ratio,roe,160
test_2025,financial_debt_ratio,short_term_liabilities,160
test_2025,financial_debt_ratio,total_assets,160
test_2025,financial_debt_ratio,working_capital,160
test_2025,gross_margin,benchmark_same_year_return_pct,206
test_2025,gross_margin,current_assets,219
test_2025,gross_margin,current_ratio,160
test_2025,gross_margin,ebitda,219
test_2025,gross_margin,ebitda_growth_pct,160
test_2025,gross_margin,ebitda_margin,219
test_2025,gross_margin,enterprise_value,147
test_2025,gross_margin,equity,219
test_2025,gross_margin,ev_ebitda,139
test_2025,gross_margin,financial_debt_ratio,160
test_2025,gross_margin,gross_margin,219
test_2025,gross_margin,gross_profit,219
test_2025,gross_margin,gross_profit_growth_pct,160
test_2025,gross_margin,leverage_ratio,160
test_2025,gross_margin,long_term_liabilities,219
test_2025,gross_margin,market_cap,147
test_2025,gross_margin,net_debt,197
test_2025,gross_margin,net_debt_to_ebitda,160
test_2025,gross_margin,net_income,219
test_2025,gross_margin,net_income_growth_pct,160
test_2025,gross_margin,net_margin,219
test_2025,gross_margin,non_current_assets,219
test_2025,gross_margin,operating_income,219
test_2025,gross_margin,operating_income_growth_pct,160
test_2025,gross_margin,pb_ratio,147
test_2025,gross_margin,pe_ratio,125
test_2025,gross_margin,price_adjclose_t,206
test_2025,gross_margin,price_data_available,206
test_2025,gross_margin,price_drawdown_from_3y_high_pct,206
test_2025,gross_margin,price_history_years_available,206
test_2025,gross_margin,price_momentum_1y_pct,167
test_2025,gross_margin,price_momentum_2y_pct,127
test_2025,gross_margin,price_vs_bist100_1y_pct,167
test_2025,gross_margin,revenue,219
test_2025,gross_margin,revenue_growth_pct,160
test_2025,gross_margin,roa,219
test_2025,gross_margin,roe,219
test_2025,gross_margin,short_term_liabilities,219
test_2025,gross_margin,total_assets,219
test_2025,gross_margin,working_capital,219
test_2025,gross_profit,benchmark_same_year_return_pct,206
test_2025,gross_profit,current_assets,219
test_2025,gross_profit,current_ratio,160
test_2025,gross_profit,ebitda,219
test_2025,gross_profit,ebitda_growth_pct,160
test_2025,gross_profit,ebitda_margin,219
test_2025,gross_profit,enterprise_value,147
test_2025,gross_profit,equity,219
test_2025,gross_profit,ev_ebitda,139
test_2025,gross_profit,financial_debt_ratio,160
test_2025,gross_profit,gross_margin,219
test_2025,gross_profit,gross_profit,219
test_2025,gross_profit,gross_profit_growth_pct,160
test_2025,gross_profit,leverage_ratio,160
test_2025,gross_profit,long_term_liabilities,219
test_2025,gross_profit,market_cap,147
test_2025,gross_profit,net_debt,197
test_2025,gross_profit,net_debt_to_ebitda,160
test_2025,gross_profit,net_income,219
test_2025,gross_profit,net_income_growth_pct,160
test_2025,gross_profit,net_margin,219
test_2025,gross_profit,non_current_assets,219
test_2025,gross_profit,operating_income,219
test_2025,gross_profit,operating_income_growth_pct,160
test_2025,gross_profit,pb_ratio,147
test_2025,gross_profit,pe_ratio,125
test_2025,gross_profit,price_adjclose_t,206
test_2025,gross_profit,price_data_available,206
test_2025,gross_profit,price_drawdown_from_3y_high_pct,206
test_2025,gross_profit,price_history_years_available,206
test_2025,gross_profit,price_momentum_1y_pct,167
test_2025,gross_profit,price_momentum_2y_pct,127
test_2025,gross_profit,price_vs_bist100_1y_pct,167
test_2025,gross_profit,revenue,219
test_2025,gross_profit,revenue_growth_pct,160
test_2025,gross_profit,roa,219
test_2025,gross_profit,roe,219
test_2025,gross_profit,short_term_liabilities,219
test_2025,gross_profit,total_assets,219
test_2025,gross_profit,working_capital,219
test_2025,gross_profit_growth_pct,benchmark_same_year_return_pct,147
test_2025,gross_profit_growth_pct,current_assets,160
test_2025,gross_profit_growth_pct,current_ratio,160
test_2025,gross_profit_growth_pct,ebitda,160
test_2025,gross_profit_growth_pct,ebitda_growth_pct,160
test_2025,gross_profit_growth_pct,ebitda_margin,160
test_2025,gross_profit_growth_pct,enterprise_value,147
test_2025,gross_profit_growth_pct,equity,160
test_2025,gross_profit_growth_pct,ev_ebitda,139
test_2025,gross_profit_growth_pct,financial_debt_ratio,160
test_2025,gross_profit_growth_pct,gross_margin,160
test_2025,gross_profit_growth_pct,gross_profit,160
test_2025,gross_profit_growth_pct,gross_profit_growth_pct,160
test_2025,gross_profit_growth_pct,leverage_ratio,160
test_2025,gross_profit_growth_pct,long_term_liabilities,160
test_2025,gross_profit_growth_pct,market_cap,147
test_2025,gross_profit_growth_pct,net_debt,160
test_2025,gross_profit_growth_pct,net_debt_to_ebitda,160
test_2025,gross_profit_growth_pct,net_income,160
test_2025,gross_profit_growth_pct,net_income_growth_pct,160
test_2025,gross_profit_growth_pct,net_margin,160
test_2025,gross_profit_growth_pct,non_current_assets,160
test_2025,gross_profit_growth_pct,operating_income,160
test_2025,gross_profit_growth_pct,operating_income_growth_pct,160
test_2025,gross_profit_growth_pct,pb_ratio,147
test_2025,gross_profit_growth_pct,pe_ratio,125
test_2025,gross_profit_growth_pct,price_adjclose_t,147
test_2025,gross_profit_growth_pct,price_data_available,147
test_2025,gross_profit_growth_pct,price_drawdown_from_3y_high_pct,147
test_2025,gross_profit_growth_pct,price_history_years_available,147
test_2025,gross_profit_growth_pct,price_momentum_1y_pct,109
test_2025,gross_profit_growth_pct,price_momentum_2y_pct,72
test_2025,gross_profit_growth_pct,price_vs_bist100_1y_pct,109
test_2025,gross_profit_growth_pct,revenue,160
test_2025,gross_profit_growth_pct,revenue_growth_pct,160
test_2025,gross_profit_growth_pct,roa,160
test_2025,gross_profit_growth_pct,roe,160
test_2025,gross_profit_growth_pct,short_term_liabilities,160
test_2025,gross_profit_growth_pct,total_assets,160
test_2025,gross_profit_growth_pct,working_capital,160
test_2025,leverage_ratio,benchmark_same_year_return_pct,147
test_2025,leverage_ratio,current_assets,160
test_2025,leverage_ratio,current_ratio,160
test_2025,leverage_ratio,ebitda,160
test_2025,leverage_ratio,ebitda_growth_pct,160
test_2025,leverage_ratio,ebitda_margin,160
test_2025,leverage_ratio,enterprise_value,147
test_2025,leverage_ratio,equity,160
test_2025,leverage_ratio,ev_ebitda,139
test_2025,leverage_ratio,financial_debt_ratio,160
test_2025,leverage_ratio,gross_margin,160
test_2025,leverage_ratio,gross_profit,160
test_2025,leverage_ratio,gross_profit_growth_pct,160
test_2025,leverage_ratio,leverage_ratio,160
test_2025,leverage_ratio,long_term_liabilities,160
test_2025,leverage_ratio,market_cap,147
test_2025,leverage_ratio,net_debt,160
test_2025,leverage_ratio,net_debt_to_ebitda,160
test_2025,leverage_ratio,net_income,160
test_2025,leverage_ratio,net_income_growth_pct,160
test_2025,leverage_ratio,net_margin,160
test_2025,leverage_ratio,non_current_assets,160
test_2025,leverage_ratio,operating_income,160
test_2025,leverage_ratio,operating_income_growth_pct,160
test_2025,leverage_ratio,pb_ratio,147
test_2025,leverage_ratio,pe_ratio,125
test_2025,leverage_ratio,price_adjclose_t,147
test_2025,leverage_ratio,price_data_available,147
test_2025,leverage_ratio,price_drawdown_from_3y_high_pct,147
test_2025,leverage_ratio,price_history_years_available,147
test_2025,leverage_ratio,price_momentum_1y_pct,109
test_2025,leverage_ratio,price_momentum_2y_pct,72
test_2025,leverage_ratio,price_vs_bist100_1y_pct,109
test_2025,leverage_ratio,revenue,160
test_2025,leverage_ratio,revenue_growth_pct,160
test_2025,leverage_ratio,roa,160
test_2025,leverage_ratio,roe,160
test_2025,leverage_ratio,short_term_liabilities,160
test_2025,leverage_ratio,total_assets,160
test_2025,leverage_ratio,working_capital,160
test_2025,long_term_liabilities,benchmark_same_year_return_pct,206
test_2025,long_term_liabilities,current_assets,219
test_2025,long_term_liabilities,current_ratio,160
test_2025,long_term_liabilities,ebitda,219
test_2025,long_term_liabilities,ebitda_growth_pct,160
test_2025,long_term_liabilities,ebitda_margin,219
test_2025,long_term_liabilities,enterprise_value,147
test_2025,long_term_liabilities,equity,219
test_2025,long_term_liabilities,ev_ebitda,139
test_2025,long_term_liabilities,financial_debt_ratio,160
test_2025,long_term_liabilities,gross_margin,219
test_2025,long_term_liabilities,gross_profit,219
test_2025,long_term_liabilities,gross_profit_growth_pct,160
test_2025,long_term_liabilities,leverage_ratio,160
test_2025,long_term_liabilities,long_term_liabilities,219
test_2025,long_term_liabilities,market_cap,147
test_2025,long_term_liabilities,net_debt,197
test_2025,long_term_liabilities,net_debt_to_ebitda,160
test_2025,long_term_liabilities,net_income,219
test_2025,long_term_liabilities,net_income_growth_pct,160
test_2025,long_term_liabilities,net_margin,219
test_2025,long_term_liabilities,non_current_assets,219
test_2025,long_term_liabilities,operating_income,219
test_2025,long_term_liabilities,operating_income_growth_pct,160
test_2025,long_term_liabilities,pb_ratio,147
test_2025,long_term_liabilities,pe_ratio,125
test_2025,long_term_liabilities,price_adjclose_t,206
test_2025,long_term_liabilities,price_data_available,206
test_2025,long_term_liabilities,price_drawdown_from_3y_high_pct,206
test_2025,long_term_liabilities,price_history_years_available,206
test_2025,long_term_liabilities,price_momentum_1y_pct,167
test_2025,long_term_liabilities,price_momentum_2y_pct,127
test_2025,long_term_liabilities,price_vs_bist100_1y_pct,167
test_2025,long_term_liabilities,revenue,219
test_2025,long_term_liabilities,revenue_growth_pct,160
test_2025,long_term_liabilities,roa,219
test_2025,long_term_liabilities,roe,219
test_2025,long_term_liabilities,short_term_liabilities,219
test_2025,long_term_liabilities,total_assets,219
test_2025,long_term_liabilities,working_capital,219
test_2025,market_cap,benchmark_same_year_return_pct,147
test_2025,market_cap,current_assets,147
test_2025,market_cap,current_ratio,147
test_2025,market_cap,ebitda,147
test_2025,market_cap,ebitda_growth_pct,147
test_2025,market_cap,ebitda_margin,147
test_2025,market_cap,enterprise_value,147
test_2025,market_cap,equity,147
test_2025,market_cap,ev_ebitda,139
test_2025,market_cap,financial_debt_ratio,147
test_2025,market_cap,gross_margin,147
test_2025,market_cap,gross_profit,147
test_2025,market_cap,gross_profit_growth_pct,147
test_2025,market_cap,leverage_ratio,147
test_2025,market_cap,long_term_liabilities,147
test_2025,market_cap,market_cap,147
test_2025,market_cap,net_debt,147
test_2025,market_cap,net_debt_to_ebitda,147
test_2025,market_cap,net_income,147
test_2025,market_cap,net_income_growth_pct,147
test_2025,market_cap,net_margin,147
test_2025,market_cap,non_current_assets,147
test_2025,market_cap,operating_income,147
test_2025,market_cap,operating_income_growth_pct,147
test_2025,market_cap,pb_ratio,147
test_2025,market_cap,pe_ratio,125
test_2025,market_cap,price_adjclose_t,147
test_2025,market_cap,price_data_available,147
test_2025,market_cap,price_drawdown_from_3y_high_pct,147
test_2025,market_cap,price_history_years_available,147
test_2025,market_cap,price_momentum_1y_pct,109
test_2025,market_cap,price_momentum_2y_pct,72
test_2025,market_cap,price_vs_bist100_1y_pct,109
test_2025,market_cap,revenue,147
test_2025,market_cap,revenue_growth_pct,147
test_2025,market_cap,roa,147
test_2025,market_cap,roe,147
test_2025,market_cap,short_term_liabilities,147
test_2025,market_cap,total_assets,147
test_2025,market_cap,working_capital,147
test_2025,net_debt,benchmark_same_year_return_pct,188
test_2025,net_debt,current_assets,197
test_2025,net_debt,current_ratio,160
test_2025,net_debt,ebitda,197
test_2025,net_debt,ebitda_growth_pct,160
test_2025,net_debt,ebitda_margin,197
test_2025,net_debt,enterprise_value,147
test_2025,net_debt,equity,201
test_2025,net_debt,ev_ebitda,139
test_2025,net_debt,financial_debt_ratio,160
test_2025,net_debt,gross_margin,197
test_2025,net_debt,gross_profit,197
test_2025,net_debt,gross_profit_growth_pct,160
test_2025,net_debt,leverage_ratio,160
test_2025,net_debt,long_term_liabilities,197
test_2025,net_debt,market_cap,147
test_2025,net_debt,net_debt,201
test_2025,net_debt,net_debt_to_ebitda,160
test_2025,net_debt,net_income,201
test_2025,net_debt,net_income_growth_pct,160
test_2025,net_debt,net_margin,201
test_2025,net_debt,non_current_assets,197
test_2025,net_debt,operating_income,197
test_2025,net_debt,operating_income_growth_pct,160
test_2025,net_debt,pb_ratio,147
test_2025,net_debt,pe_ratio,125
test_2025,net_debt,price_adjclose_t,188
test_2025,net_debt,price_data_available,188
test_2025,net_debt,price_drawdown_from_3y_high_pct,188
test_2025,net_debt,price_history_years_available,188
test_2025,net_debt,price_momentum_1y_pct,150
test_2025,net_debt,price_momentum_2y_pct,112
test_2025,net_debt,price_vs_bist100_1y_pct,150
test_2025,net_debt,revenue,201
test_2025,net_debt,revenue_growth_pct,160
test_2025,net_debt,roa,201
test_2025,net_debt,roe,201
test_2025,net_debt,short_term_liabilities,197
test_2025,net_debt,total_assets,201
test_2025,net_debt,working_capital,197
test_2025,net_debt_to_ebitda,benchmark_same_year_return_pct,147
test_2025,net_debt_to_ebitda,current_assets,160
test_2025,net_debt_to_ebitda,current_ratio,160
test_2025,net_debt_to_ebitda,ebitda,160
test_2025,net_debt_to_ebitda,ebitda_growth_pct,160
test_2025,net_debt_to_ebitda,ebitda_margin,160
test_2025,net_debt_to_ebitda,enterprise_value,147
test_2025,net_debt_to_ebitda,equity,160
test_2025,net_debt_to_ebitda,ev_ebitda,139
test_2025,net_debt_to_ebitda,financial_debt_ratio,160
test_2025,net_debt_to_ebitda,gross_margin,160
test_2025,net_debt_to_ebitda,gross_profit,160
test_2025,net_debt_to_ebitda,gross_profit_growth_pct,160
test_2025,net_debt_to_ebitda,leverage_ratio,160
test_2025,net_debt_to_ebitda,long_term_liabilities,160
test_2025,net_debt_to_ebitda,market_cap,147
test_2025,net_debt_to_ebitda,net_debt,160
test_2025,net_debt_to_ebitda,net_debt_to_ebitda,160
test_2025,net_debt_to_ebitda,net_income,160
test_2025,net_debt_to_ebitda,net_income_growth_pct,160
test_2025,net_debt_to_ebitda,net_margin,160
test_2025,net_debt_to_ebitda,non_current_assets,160
test_2025,net_debt_to_ebitda,operating_income,160
test_2025,net_debt_to_ebitda,operating_income_growth_pct,160
test_2025,net_debt_to_ebitda,pb_ratio,147
test_2025,net_debt_to_ebitda,pe_ratio,125
test_2025,net_debt_to_ebitda,price_adjclose_t,147
test_2025,net_debt_to_ebitda,price_data_available,147
test_2025,net_debt_to_ebitda,price_drawdown_from_3y_high_pct,147
test_2025,net_debt_to_ebitda,price_history_years_available,147
test_2025,net_debt_to_ebitda,price_momentum_1y_pct,109
test_2025,net_debt_to_ebitda,price_momentum_2y_pct,72
test_2025,net_debt_to_ebitda,price_vs_bist100_1y_pct,109
test_2025,net_debt_to_ebitda,revenue,160
test_2025,net_debt_to_ebitda,revenue_growth_pct,160
test_2025,net_debt_to_ebitda,roa,160
test_2025,net_debt_to_ebitda,roe,160
test_2025,net_debt_to_ebitda,short_term_liabilities,160
test_2025,net_debt_to_ebitda,total_assets,160
test_2025,net_debt_to_ebitda,working_capital,160
test_2025,net_income,benchmark_same_year_return_pct,228
test_2025,net_income,current_assets,219
test_2025,net_income,current_ratio,160
test_2025,net_income,ebitda,219
test_2025,net_income,ebitda_growth_pct,160
test_2025,net_income,ebitda_margin,219
test_2025,net_income,enterprise_value,147
test_2025,net_income,equity,241
test_2025,net_income,ev_ebitda,139
test_2025,net_income,financial_debt_ratio,160
test_2025,net_income,gross_margin,219
test_2025,net_income,gross_profit,219
test_2025,net_income,gross_profit_growth_pct,160
test_2025,net_income,leverage_ratio,160
test_2025,net_income,long_term_liabilities,219
test_2025,net_income,market_cap,147
test_2025,net_income,net_debt,201
test_2025,net_income,net_debt_to_ebitda,160
test_2025,net_income,net_income,241
test_2025,net_income,net_income_growth_pct,160
test_2025,net_income,net_margin,241
test_2025,net_income,non_current_assets,219
test_2025,net_income,operating_income,219
test_2025,net_income,operating_income_growth_pct,160
test_2025,net_income,pb_ratio,147
test_2025,net_income,pe_ratio,125
test_2025,net_income,price_adjclose_t,228
test_2025,net_income,price_data_available,228
test_2025,net_income,price_drawdown_from_3y_high_pct,228
test_2025,net_income,price_history_years_available,228
test_2025,net_income,price_momentum_1y_pct,189
test_2025,net_income,price_momentum_2y_pct,149
test_2025,net_income,price_vs_bist100_1y_pct,189
test_2025,net_income,revenue,241
test_2025,net_income,revenue_growth_pct,160
test_2025,net_income,roa,241
test_2025,net_income,roe,241
test_2025,net_income,short_term_liabilities,219
test_2025,net_income,total_assets,241
test_2025,net_income,working_capital,219
test_2025,net_income_growth_pct,benchmark_same_year_return_pct,147
test_2025,net_income_growth_pct,current_assets,160
test_2025,net_income_growth_pct,current_ratio,160
test_2025,net_income_growth_pct,ebitda,160
test_2025,net_income_growth_pct,ebitda_growth_pct,160
test_2025,net_income_growth_pct,ebitda_margin,160
test_2025,net_income_growth_pct,enterprise_value,147
test_2025,net_income_growth_pct,equity,160
test_2025,net_income_growth_pct,ev_ebitda,139
test_2025,net_income_growth_pct,financial_debt_ratio,160
test_2025,net_income_growth_pct,gross_margin,160
test_2025,net_income_growth_pct,gross_profit,160
test_2025,net_income_growth_pct,gross_profit_growth_pct,160
test_2025,net_income_growth_pct,leverage_ratio,160
test_2025,net_income_growth_pct,long_term_liabilities,160
test_2025,net_income_growth_pct,market_cap,147
test_2025,net_income_growth_pct,net_debt,160
test_2025,net_income_growth_pct,net_debt_to_ebitda,160
test_2025,net_income_growth_pct,net_income,160
test_2025,net_income_growth_pct,net_income_growth_pct,160
test_2025,net_income_growth_pct,net_margin,160
test_2025,net_income_growth_pct,non_current_assets,160
test_2025,net_income_growth_pct,operating_income,160
test_2025,net_income_growth_pct,operating_income_growth_pct,160
test_2025,net_income_growth_pct,pb_ratio,147
test_2025,net_income_growth_pct,pe_ratio,125
test_2025,net_income_growth_pct,price_adjclose_t,147
test_2025,net_income_growth_pct,price_data_available,147
test_2025,net_income_growth_pct,price_drawdown_from_3y_high_pct,147
test_2025,net_income_growth_pct,price_history_years_available,147
test_2025,net_income_growth_pct,price_momentum_1y_pct,109
test_2025,net_income_growth_pct,price_momentum_2y_pct,72
test_2025,net_income_growth_pct,price_vs_bist100_1y_pct,109
test_2025,net_income_growth_pct,revenue,160
test_2025,net_income_growth_pct,revenue_growth_pct,160
test_2025,net_income_growth_pct,roa,160
test_2025,net_income_growth_pct,roe,160
test_2025,net_income_growth_pct,short_term_liabilities,160
test_2025,net_income_growth_pct,total_assets,160
test_2025,net_income_growth_pct,working_capital,160
test_2025,net_margin,benchmark_same_year_return_pct,228
test_2025,net_margin,current_assets,219
test_2025,net_margin,current_ratio,160
test_2025,net_margin,ebitda,219
test_2025,net_margin,ebitda_growth_pct,160
test_2025,net_margin,ebitda_margin,219
test_2025,net_margin,enterprise_value,147
test_2025,net_margin,equity,241
test_2025,net_margin,ev_ebitda,139
test_2025,net_margin,financial_debt_ratio,160
test_2025,net_margin,gross_margin,219
test_2025,net_margin,gross_profit,219
test_2025,net_margin,gross_profit_growth_pct,160
test_2025,net_margin,leverage_ratio,160
test_2025,net_margin,long_term_liabilities,219
test_2025,net_margin,market_cap,147
test_2025,net_margin,net_debt,201
test_2025,net_margin,net_debt_to_ebitda,160
test_2025,net_margin,net_income,241
test_2025,net_margin,net_income_growth_pct,160
test_2025,net_margin,net_margin,241
test_2025,net_margin,non_current_assets,219
test_2025,net_margin,operating_income,219
test_2025,net_margin,operating_income_growth_pct,160
test_2025,net_margin,pb_ratio,147
test_2025,net_margin,pe_ratio,125
test_2025,net_margin,price_adjclose_t,228
test_2025,net_margin,price_data_available,228
test_2025,net_margin,price_drawdown_from_3y_high_pct,228
test_2025,net_margin,price_history_years_available,228
test_2025,net_margin,price_momentum_1y_pct,189
test_2025,net_margin,price_momentum_2y_pct,149
test_2025,net_margin,price_vs_bist100_1y_pct,189
test_2025,net_margin,revenue,241
test_2025,net_margin,revenue_growth_pct,160
test_2025,net_margin,roa,241
test_2025,net_margin,roe,241
test_2025,net_margin,short_term_liabilities,219
test_2025,net_margin,total_assets,241
test_2025,net_margin,working_capital,219
test_2025,non_current_assets,benchmark_same_year_return_pct,206
test_2025,non_current_assets,current_assets,219
test_2025,non_current_assets,current_ratio,160
test_2025,non_current_assets,ebitda,219
test_2025,non_current_assets,ebitda_growth_pct,160
test_2025,non_current_assets,ebitda_margin,219
test_2025,non_current_assets,enterprise_value,147
test_2025,non_current_assets,equity,219
test_2025,non_current_assets,ev_ebitda,139
test_2025,non_current_assets,financial_debt_ratio,160
test_2025,non_current_assets,gross_margin,219
test_2025,non_current_assets,gross_profit,219
test_2025,non_current_assets,gross_profit_growth_pct,160
test_2025,non_current_assets,leverage_ratio,160
test_2025,non_current_assets,long_term_liabilities,219
test_2025,non_current_assets,market_cap,147
test_2025,non_current_assets,net_debt,197
test_2025,non_current_assets,net_debt_to_ebitda,160
test_2025,non_current_assets,net_income,219
test_2025,non_current_assets,net_income_growth_pct,160
test_2025,non_current_assets,net_margin,219
test_2025,non_current_assets,non_current_assets,219
test_2025,non_current_assets,operating_income,219
test_2025,non_current_assets,operating_income_growth_pct,160
test_2025,non_current_assets,pb_ratio,147
test_2025,non_current_assets,pe_ratio,125
test_2025,non_current_assets,price_adjclose_t,206
test_2025,non_current_assets,price_data_available,206
test_2025,non_current_assets,price_drawdown_from_3y_high_pct,206
test_2025,non_current_assets,price_history_years_available,206
test_2025,non_current_assets,price_momentum_1y_pct,167
test_2025,non_current_assets,price_momentum_2y_pct,127
test_2025,non_current_assets,price_vs_bist100_1y_pct,167
test_2025,non_current_assets,revenue,219
test_2025,non_current_assets,revenue_growth_pct,160
test_2025,non_current_assets,roa,219
test_2025,non_current_assets,roe,219
test_2025,non_current_assets,short_term_liabilities,219
test_2025,non_current_assets,total_assets,219
test_2025,non_current_assets,working_capital,219
test_2025,operating_income,benchmark_same_year_return_pct,206
test_2025,operating_income,current_assets,219
test_2025,operating_income,current_ratio,160
test_2025,operating_income,ebitda,219
test_2025,operating_income,ebitda_growth_pct,160
test_2025,operating_income,ebitda_margin,219
test_2025,operating_income,enterprise_value,147
test_2025,operating_income,equity,219
test_2025,operating_income,ev_ebitda,139
test_2025,operating_income,financial_debt_ratio,160
test_2025,operating_income,gross_margin,219
test_2025,operating_income,gross_profit,219
test_2025,operating_income,gross_profit_growth_pct,160
test_2025,operating_income,leverage_ratio,160
test_2025,operating_income,long_term_liabilities,219
test_2025,operating_income,market_cap,147
test_2025,operating_income,net_debt,197
test_2025,operating_income,net_debt_to_ebitda,160
test_2025,operating_income,net_income,219
test_2025,operating_income,net_income_growth_pct,160
test_2025,operating_income,net_margin,219
test_2025,operating_income,non_current_assets,219
test_2025,operating_income,operating_income,219
test_2025,operating_income,operating_income_growth_pct,160
test_2025,operating_income,pb_ratio,147
test_2025,operating_income,pe_ratio,125
test_2025,operating_income,price_adjclose_t,206
test_2025,operating_income,price_data_available,206
test_2025,operating_income,price_drawdown_from_3y_high_pct,206
test_2025,operating_income,price_history_years_available,206
test_2025,operating_income,price_momentum_1y_pct,167
test_2025,operating_income,price_momentum_2y_pct,127
test_2025,operating_income,price_vs_bist100_1y_pct,167
test_2025,operating_income,revenue,219
test_2025,operating_income,revenue_growth_pct,160
test_2025,operating_income,roa,219
test_2025,operating_income,roe,219
test_2025,operating_income,short_term_liabilities,219
test_2025,operating_income,total_assets,219
test_2025,operating_income,working_capital,219
test_2025,operating_income_growth_pct,benchmark_same_year_return_pct,147
test_2025,operating_income_growth_pct,current_assets,160
test_2025,operating_income_growth_pct,current_ratio,160
test_2025,operating_income_growth_pct,ebitda,160
test_2025,operating_income_growth_pct,ebitda_growth_pct,160
test_2025,operating_income_growth_pct,ebitda_margin,160
test_2025,operating_income_growth_pct,enterprise_value,147
test_2025,operating_income_growth_pct,equity,160
test_2025,operating_income_growth_pct,ev_ebitda,139
test_2025,operating_income_growth_pct,financial_debt_ratio,160
test_2025,operating_income_growth_pct,gross_margin,160
test_2025,operating_income_growth_pct,gross_profit,160
test_2025,operating_income_growth_pct,gross_profit_growth_pct,160
test_2025,operating_income_growth_pct,leverage_ratio,160
test_2025,operating_income_growth_pct,long_term_liabilities,160
test_2025,operating_income_growth_pct,market_cap,147
test_2025,operating_income_growth_pct,net_debt,160
test_2025,operating_income_growth_pct,net_debt_to_ebitda,160
test_2025,operating_income_growth_pct,net_income,160
test_2025,operating_income_growth_pct,net_income_growth_pct,160
test_2025,operating_income_growth_pct,net_margin,160
test_2025,operating_income_growth_pct,non_current_assets,160
test_2025,operating_income_growth_pct,operating_income,160
test_2025,operating_income_growth_pct,operating_income_growth_pct,160
test_2025,operating_income_growth_pct,pb_ratio,147
test_2025,operating_income_growth_pct,pe_ratio,125
test_2025,operating_income_growth_pct,price_adjclose_t,147
test_2025,operating_income_growth_pct,price_data_available,147
test_2025,operating_income_growth_pct,price_drawdown_from_3y_high_pct,147
test_2025,operating_income_growth_pct,price_history_years_available,147
test_2025,operating_income_growth_pct,price_momentum_1y_pct,109
test_2025,operating_income_growth_pct,price_momentum_2y_pct,72
test_2025,operating_income_growth_pct,price_vs_bist100_1y_pct,109
test_2025,operating_income_growth_pct,revenue,160
test_2025,operating_income_growth_pct,revenue_growth_pct,160
test_2025,operating_income_growth_pct,roa,160
test_2025,operating_income_growth_pct,roe,160
test_2025,operating_income_growth_pct,short_term_liabilities,160
test_2025,operating_income_growth_pct,total_assets,160
test_2025,operating_income_growth_pct,working_capital,160
test_2025,pb_ratio,benchmark_same_year_return_pct,147
test_2025,pb_ratio,current_assets,147
test_2025,pb_ratio,current_ratio,147
test_2025,pb_ratio,ebitda,147
test_2025,pb_ratio,ebitda_growth_pct,147
test_2025,pb_ratio,ebitda_margin,147
test_2025,pb_ratio,enterprise_value,147
test_2025,pb_ratio,equity,147
test_2025,pb_ratio,ev_ebitda,139
test_2025,pb_ratio,financial_debt_ratio,147
test_2025,pb_ratio,gross_margin,147
test_2025,pb_ratio,gross_profit,147
test_2025,pb_ratio,gross_profit_growth_pct,147
test_2025,pb_ratio,leverage_ratio,147
test_2025,pb_ratio,long_term_liabilities,147
test_2025,pb_ratio,market_cap,147
test_2025,pb_ratio,net_debt,147
test_2025,pb_ratio,net_debt_to_ebitda,147
test_2025,pb_ratio,net_income,147
test_2025,pb_ratio,net_income_growth_pct,147
test_2025,pb_ratio,net_margin,147
test_2025,pb_ratio,non_current_assets,147
test_2025,pb_ratio,operating_income,147
test_2025,pb_ratio,operating_income_growth_pct,147
test_2025,pb_ratio,pb_ratio,147
test_2025,pb_ratio,pe_ratio,125
test_2025,pb_ratio,price_adjclose_t,147
test_2025,pb_ratio,price_data_available,147
test_2025,pb_ratio,price_drawdown_from_3y_high_pct,147
test_2025,pb_ratio,price_history_years_available,147
test_2025,pb_ratio,price_momentum_1y_pct,109
test_2025,pb_ratio,price_momentum_2y_pct,72
test_2025,pb_ratio,price_vs_bist100_1y_pct,109
test_2025,pb_ratio,revenue,147
test_2025,pb_ratio,revenue_growth_pct,147
test_2025,pb_ratio,roa,147
test_2025,pb_ratio,roe,147
test_2025,pb_ratio,short_term_liabilities,147
test_2025,pb_ratio,total_assets,147
test_2025,pb_ratio,working_capital,147
test_2025,pe_ratio,benchmark_same_year_return_pct,125
test_2025,pe_ratio,current_assets,125
test_2025,pe_ratio,current_ratio,125
test_2025,pe_ratio,ebitda,125
test_2025,pe_ratio,ebitda_growth_pct,125
test_2025,pe_ratio,ebitda_margin,125
test_2025,pe_ratio,enterprise_value,125
test_2025,pe_ratio,equity,125
test_2025,pe_ratio,ev_ebitda,122
test_2025,pe_ratio,financial_debt_ratio,125
test_2025,pe_ratio,gross_margin,125
test_2025,pe_ratio,gross_profit,125
test_2025,pe_ratio,gross_profit_growth_pct,125
test_2025,pe_ratio,leverage_ratio,125
test_2025,pe_ratio,long_term_liabilities,125
test_2025,pe_ratio,market_cap,125
test_2025,pe_ratio,net_debt,125
test_2025,pe_ratio,net_debt_to_ebitda,125
test_2025,pe_ratio,net_income,125
test_2025,pe_ratio,net_income_growth_pct,125
test_2025,pe_ratio,net_margin,125
test_2025,pe_ratio,non_current_assets,125
test_2025,pe_ratio,operating_income,125
test_2025,pe_ratio,operating_income_growth_pct,125
test_2025,pe_ratio,pb_ratio,125
test_2025,pe_ratio,pe_ratio,125
test_2025,pe_ratio,price_adjclose_t,125
test_2025,pe_ratio,price_data_available,125
test_2025,pe_ratio,price_drawdown_from_3y_high_pct,125
test_2025,pe_ratio,price_history_years_available,125
test_2025,pe_ratio,price_momentum_1y_pct,96
test_2025,pe_ratio,price_momentum_2y_pct,64
test_2025,pe_ratio,price_vs_bist100_1y_pct,96
test_2025,pe_ratio,revenue,125
test_2025,pe_ratio,revenue_growth_pct,125
test_2025,pe_ratio,roa,125
test_2025,pe_ratio,roe,125
test_2025,pe_ratio,short_term_liabilities,125
test_2025,pe_ratio,total_assets,125
test_2025,pe_ratio,working_capital,125
test_2025,price_adjclose_t,benchmark_same_year_return_pct,228
test_2025,price_adjclose_t,current_assets,206
test_2025,price_adjclose_t,current_ratio,147
test_2025,price_adjclose_t,ebitda,206
test_2025,price_adjclose_t,ebitda_growth_pct,147
test_2025,price_adjclose_t,ebitda_margin,206
test_2025,price_adjclose_t,enterprise_value,147
test_2025,price_adjclose_t,equity,228
test_2025,price_adjclose_t,ev_ebitda,139
test_2025,price_adjclose_t,financial_debt_ratio,147
test_2025,price_adjclose_t,gross_margin,206
test_2025,price_adjclose_t,gross_profit,206
test_2025,price_adjclose_t,gross_profit_growth_pct,147
test_2025,price_adjclose_t,leverage_ratio,147
test_2025,price_adjclose_t,long_term_liabilities,206
test_2025,price_adjclose_t,market_cap,147
test_2025,price_adjclose_t,net_debt,188
test_2025,price_adjclose_t,net_debt_to_ebitda,147
test_2025,price_adjclose_t,net_income,228
test_2025,price_adjclose_t,net_income_growth_pct,147
test_2025,price_adjclose_t,net_margin,228
test_2025,price_adjclose_t,non_current_assets,206
test_2025,price_adjclose_t,operating_income,206
test_2025,price_adjclose_t,operating_income_growth_pct,147
test_2025,price_adjclose_t,pb_ratio,147
test_2025,price_adjclose_t,pe_ratio,125
test_2025,price_adjclose_t,price_adjclose_t,228
test_2025,price_adjclose_t,price_data_available,228
test_2025,price_adjclose_t,price_drawdown_from_3y_high_pct,228
test_2025,price_adjclose_t,price_history_years_available,228
test_2025,price_adjclose_t,price_momentum_1y_pct,189
test_2025,price_adjclose_t,price_momentum_2y_pct,149
test_2025,price_adjclose_t,price_vs_bist100_1y_pct,189
test_2025,price_adjclose_t,revenue,228
test_2025,price_adjclose_t,revenue_growth_pct,147
test_2025,price_adjclose_t,roa,228
test_2025,price_adjclose_t,roe,228
test_2025,price_adjclose_t,short_term_liabilities,206
test_2025,price_adjclose_t,total_assets,228
test_2025,price_adjclose_t,working_capital,206
test_2025,price_data_available,benchmark_same_year_return_pct,228
test_2025,price_data_available,current_assets,206
test_2025,price_data_available,current_ratio,147
test_2025,price_data_available,ebitda,206
test_2025,price_data_available,ebitda_growth_pct,147
test_2025,price_data_available,ebitda_margin,206
test_2025,price_data_available,enterprise_value,147
test_2025,price_data_available,equity,228
test_2025,price_data_available,ev_ebitda,139
test_2025,price_data_available,financial_debt_ratio,147
test_2025,price_data_available,gross_margin,206
test_2025,price_data_available,gross_profit,206
test_2025,price_data_available,gross_profit_growth_pct,147
test_2025,price_data_available,leverage_ratio,147
test_2025,price_data_available,long_term_liabilities,206
test_2025,price_data_available,market_cap,147
test_2025,price_data_available,net_debt,188
test_2025,price_data_available,net_debt_to_ebitda,147
test_2025,price_data_available,net_income,228
test_2025,price_data_available,net_income_growth_pct,147
test_2025,price_data_available,net_margin,228
test_2025,price_data_available,non_current_assets,206
test_2025,price_data_available,operating_income,206
test_2025,price_data_available,operating_income_growth_pct,147
test_2025,price_data_available,pb_ratio,147
test_2025,price_data_available,pe_ratio,125
test_2025,price_data_available,price_adjclose_t,228
test_2025,price_data_available,price_data_available,228
test_2025,price_data_available,price_drawdown_from_3y_high_pct,228
test_2025,price_data_available,price_history_years_available,228
test_2025,price_data_available,price_momentum_1y_pct,189
test_2025,price_data_available,price_momentum_2y_pct,149
test_2025,price_data_available,price_vs_bist100_1y_pct,189
test_2025,price_data_available,revenue,228
test_2025,price_data_available,revenue_growth_pct,147
test_2025,price_data_available,roa,228
test_2025,price_data_available,roe,228
test_2025,price_data_available,short_term_liabilities,206
test_2025,price_data_available,total_assets,228
test_2025,price_data_available,working_capital,206
test_2025,price_drawdown_from_3y_high_pct,benchmark_same_year_return_pct,228
test_2025,price_drawdown_from_3y_high_pct,current_assets,206
test_2025,price_drawdown_from_3y_high_pct,current_ratio,147
test_2025,price_drawdown_from_3y_high_pct,ebitda,206
test_2025,price_drawdown_from_3y_high_pct,ebitda_growth_pct,147
test_2025,price_drawdown_from_3y_high_pct,ebitda_margin,206
test_2025,price_drawdown_from_3y_high_pct,enterprise_value,147
test_2025,price_drawdown_from_3y_high_pct,equity,228
test_2025,price_drawdown_from_3y_high_pct,ev_ebitda,139
test_2025,price_drawdown_from_3y_high_pct,financial_debt_ratio,147
test_2025,price_drawdown_from_3y_high_pct,gross_margin,206
test_2025,price_drawdown_from_3y_high_pct,gross_profit,206
test_2025,price_drawdown_from_3y_high_pct,gross_profit_growth_pct,147
test_2025,price_drawdown_from_3y_high_pct,leverage_ratio,147
test_2025,price_drawdown_from_3y_high_pct,long_term_liabilities,206
test_2025,price_drawdown_from_3y_high_pct,market_cap,147
test_2025,price_drawdown_from_3y_high_pct,net_debt,188
test_2025,price_drawdown_from_3y_high_pct,net_debt_to_ebitda,147
test_2025,price_drawdown_from_3y_high_pct,net_income,228
test_2025,price_drawdown_from_3y_high_pct,net_income_growth_pct,147
test_2025,price_drawdown_from_3y_high_pct,net_margin,228
test_2025,price_drawdown_from_3y_high_pct,non_current_assets,206
test_2025,price_drawdown_from_3y_high_pct,operating_income,206
test_2025,price_drawdown_from_3y_high_pct,operating_income_growth_pct,147
test_2025,price_drawdown_from_3y_high_pct,pb_ratio,147
test_2025,price_drawdown_from_3y_high_pct,pe_ratio,125
test_2025,price_drawdown_from_3y_high_pct,price_adjclose_t,228
test_2025,price_drawdown_from_3y_high_pct,price_data_available,228
test_2025,price_drawdown_from_3y_high_pct,price_drawdown_from_3y_high_pct,228
test_2025,price_drawdown_from_3y_high_pct,price_history_years_available,228
test_2025,price_drawdown_from_3y_high_pct,price_momentum_1y_pct,189
test_2025,price_drawdown_from_3y_high_pct,price_momentum_2y_pct,149
test_2025,price_drawdown_from_3y_high_pct,price_vs_bist100_1y_pct,189
test_2025,price_drawdown_from_3y_high_pct,revenue,228
test_2025,price_drawdown_from_3y_high_pct,revenue_growth_pct,147
test_2025,price_drawdown_from_3y_high_pct,roa,228
test_2025,price_drawdown_from_3y_high_pct,roe,228
test_2025,price_drawdown_from_3y_high_pct,short_term_liabilities,206
test_2025,price_drawdown_from_3y_high_pct,total_assets,228
test_2025,price_drawdown_from_3y_high_pct,working_capital,206
test_2025,price_history_years_available,benchmark_same_year_return_pct,228
test_2025,price_history_years_available,current_assets,206
test_2025,price_history_years_available,current_ratio,147
test_2025,price_history_years_available,ebitda,206
test_2025,price_history_years_available,ebitda_growth_pct,147
test_2025,price_history_years_available,ebitda_margin,206
test_2025,price_history_years_available,enterprise_value,147
test_2025,price_history_years_available,equity,228
test_2025,price_history_years_available,ev_ebitda,139
test_2025,price_history_years_available,financial_debt_ratio,147
test_2025,price_history_years_available,gross_margin,206
test_2025,price_history_years_available,gross_profit,206
test_2025,price_history_years_available,gross_profit_growth_pct,147
test_2025,price_history_years_available,leverage_ratio,147
test_2025,price_history_years_available,long_term_liabilities,206
test_2025,price_history_years_available,market_cap,147
test_2025,price_history_years_available,net_debt,188
test_2025,price_history_years_available,net_debt_to_ebitda,147
test_2025,price_history_years_available,net_income,228
test_2025,price_history_years_available,net_income_growth_pct,147
test_2025,price_history_years_available,net_margin,228
test_2025,price_history_years_available,non_current_assets,206
test_2025,price_history_years_available,operating_income,206
test_2025,price_history_years_available,operating_income_growth_pct,147
test_2025,price_history_years_available,pb_ratio,147
test_2025,price_history_years_available,pe_ratio,125
test_2025,price_history_years_available,price_adjclose_t,228
test_2025,price_history_years_available,price_data_available,228
test_2025,price_history_years_available,price_drawdown_from_3y_high_pct,228
test_2025,price_history_years_available,price_history_years_available,228
test_2025,price_history_years_available,price_momentum_1y_pct,189
test_2025,price_history_years_available,price_momentum_2y_pct,149
test_2025,price_history_years_available,price_vs_bist100_1y_pct,189
test_2025,price_history_years_available,revenue,228
test_2025,price_history_years_available,revenue_growth_pct,147
test_2025,price_history_years_available,roa,228
test_2025,price_history_years_available,roe,228
test_2025,price_history_years_available,short_term_liabilities,206
test_2025,price_history_years_available,total_assets,228
test_2025,price_history_years_available,working_capital,206
test_2025,price_momentum_1y_pct,benchmark_same_year_return_pct,189
test_2025,price_momentum_1y_pct,current_assets,167
test_2025,price_momentum_1y_pct,current_ratio,109
test_2025,price_momentum_1y_pct,ebitda,167
test_2025,price_momentum_1y_pct,ebitda_growth_pct,109
test_2025,price_momentum_1y_pct,ebitda_margin,167
test_2025,price_momentum_1y_pct,enterprise_value,109
test_2025,price_momentum_1y_pct,equity,189
test_2025,price_momentum_1y_pct,ev_ebitda,103
test_2025,price_momentum_1y_pct,financial_debt_ratio,109
test_2025,price_momentum_1y_pct,gross_margin,167
test_2025,price_momentum_1y_pct,gross_profit,167
test_2025,price_momentum_1y_pct,gross_profit_growth_pct,109
test_2025,price_momentum_1y_pct,leverage_ratio,109
test_2025,price_momentum_1y_pct,long_term_liabilities,167
test_2025,price_momentum_1y_pct,market_cap,109
test_2025,price_momentum_1y_pct,net_debt,150
test_2025,price_momentum_1y_pct,net_debt_to_ebitda,109
test_2025,price_momentum_1y_pct,net_income,189
test_2025,price_momentum_1y_pct,net_income_growth_pct,109
test_2025,price_momentum_1y_pct,net_margin,189
test_2025,price_momentum_1y_pct,non_current_assets,167
test_2025,price_momentum_1y_pct,operating_income,167
test_2025,price_momentum_1y_pct,operating_income_growth_pct,109
test_2025,price_momentum_1y_pct,pb_ratio,109
test_2025,price_momentum_1y_pct,pe_ratio,96
test_2025,price_momentum_1y_pct,price_adjclose_t,189
test_2025,price_momentum_1y_pct,price_data_available,189
test_2025,price_momentum_1y_pct,price_drawdown_from_3y_high_pct,189
test_2025,price_momentum_1y_pct,price_history_years_available,189
test_2025,price_momentum_1y_pct,price_momentum_1y_pct,189
test_2025,price_momentum_1y_pct,price_momentum_2y_pct,149
test_2025,price_momentum_1y_pct,price_vs_bist100_1y_pct,189
test_2025,price_momentum_1y_pct,revenue,189
test_2025,price_momentum_1y_pct,revenue_growth_pct,109
test_2025,price_momentum_1y_pct,roa,189
test_2025,price_momentum_1y_pct,roe,189
test_2025,price_momentum_1y_pct,short_term_liabilities,167
test_2025,price_momentum_1y_pct,total_assets,189
test_2025,price_momentum_1y_pct,working_capital,167
test_2025,price_momentum_2y_pct,benchmark_same_year_return_pct,149
test_2025,price_momentum_2y_pct,current_assets,127
test_2025,price_momentum_2y_pct,current_ratio,72
test_2025,price_momentum_2y_pct,ebitda,127
test_2025,price_momentum_2y_pct,ebitda_growth_pct,72
test_2025,price_momentum_2y_pct,ebitda_margin,127
test_2025,price_momentum_2y_pct,enterprise_value,72
test_2025,price_momentum_2y_pct,equity,149
test_2025,price_momentum_2y_pct,ev_ebitda,67
test_2025,price_momentum_2y_pct,financial_debt_ratio,72
test_2025,price_momentum_2y_pct,gross_margin,127
test_2025,price_momentum_2y_pct,gross_profit,127
test_2025,price_momentum_2y_pct,gross_profit_growth_pct,72
test_2025,price_momentum_2y_pct,leverage_ratio,72
test_2025,price_momentum_2y_pct,long_term_liabilities,127
test_2025,price_momentum_2y_pct,market_cap,72
test_2025,price_momentum_2y_pct,net_debt,112
test_2025,price_momentum_2y_pct,net_debt_to_ebitda,72
test_2025,price_momentum_2y_pct,net_income,149
test_2025,price_momentum_2y_pct,net_income_growth_pct,72
test_2025,price_momentum_2y_pct,net_margin,149
test_2025,price_momentum_2y_pct,non_current_assets,127
test_2025,price_momentum_2y_pct,operating_income,127
test_2025,price_momentum_2y_pct,operating_income_growth_pct,72
test_2025,price_momentum_2y_pct,pb_ratio,72
test_2025,price_momentum_2y_pct,pe_ratio,64
test_2025,price_momentum_2y_pct,price_adjclose_t,149
test_2025,price_momentum_2y_pct,price_data_available,149
test_2025,price_momentum_2y_pct,price_drawdown_from_3y_high_pct,149
test_2025,price_momentum_2y_pct,price_history_years_available,149
test_2025,price_momentum_2y_pct,price_momentum_1y_pct,149
test_2025,price_momentum_2y_pct,price_momentum_2y_pct,149
test_2025,price_momentum_2y_pct,price_vs_bist100_1y_pct,149
test_2025,price_momentum_2y_pct,revenue,149
test_2025,price_momentum_2y_pct,revenue_growth_pct,72
test_2025,price_momentum_2y_pct,roa,149
test_2025,price_momentum_2y_pct,roe,149
test_2025,price_momentum_2y_pct,short_term_liabilities,127
test_2025,price_momentum_2y_pct,total_assets,149
test_2025,price_momentum_2y_pct,working_capital,127
test_2025,price_vs_bist100_1y_pct,benchmark_same_year_return_pct,189
test_2025,price_vs_bist100_1y_pct,current_assets,167
test_2025,price_vs_bist100_1y_pct,current_ratio,109
test_2025,price_vs_bist100_1y_pct,ebitda,167
test_2025,price_vs_bist100_1y_pct,ebitda_growth_pct,109
test_2025,price_vs_bist100_1y_pct,ebitda_margin,167
test_2025,price_vs_bist100_1y_pct,enterprise_value,109
test_2025,price_vs_bist100_1y_pct,equity,189
test_2025,price_vs_bist100_1y_pct,ev_ebitda,103
test_2025,price_vs_bist100_1y_pct,financial_debt_ratio,109
test_2025,price_vs_bist100_1y_pct,gross_margin,167
test_2025,price_vs_bist100_1y_pct,gross_profit,167
test_2025,price_vs_bist100_1y_pct,gross_profit_growth_pct,109
test_2025,price_vs_bist100_1y_pct,leverage_ratio,109
test_2025,price_vs_bist100_1y_pct,long_term_liabilities,167
test_2025,price_vs_bist100_1y_pct,market_cap,109
test_2025,price_vs_bist100_1y_pct,net_debt,150
test_2025,price_vs_bist100_1y_pct,net_debt_to_ebitda,109
test_2025,price_vs_bist100_1y_pct,net_income,189
test_2025,price_vs_bist100_1y_pct,net_income_growth_pct,109
test_2025,price_vs_bist100_1y_pct,net_margin,189
test_2025,price_vs_bist100_1y_pct,non_current_assets,167
test_2025,price_vs_bist100_1y_pct,operating_income,167
test_2025,price_vs_bist100_1y_pct,operating_income_growth_pct,109
test_2025,price_vs_bist100_1y_pct,pb_ratio,109
test_2025,price_vs_bist100_1y_pct,pe_ratio,96
test_2025,price_vs_bist100_1y_pct,price_adjclose_t,189
test_2025,price_vs_bist100_1y_pct,price_data_available,189
test_2025,price_vs_bist100_1y_pct,price_drawdown_from_3y_high_pct,189
test_2025,price_vs_bist100_1y_pct,price_history_years_available,189
test_2025,price_vs_bist100_1y_pct,price_momentum_1y_pct,189
test_2025,price_vs_bist100_1y_pct,price_momentum_2y_pct,149
test_2025,price_vs_bist100_1y_pct,price_vs_bist100_1y_pct,189
test_2025,price_vs_bist100_1y_pct,revenue,189
test_2025,price_vs_bist100_1y_pct,revenue_growth_pct,109
test_2025,price_vs_bist100_1y_pct,roa,189
test_2025,price_vs_bist100_1y_pct,roe,189
test_2025,price_vs_bist100_1y_pct,short_term_liabilities,167
test_2025,price_vs_bist100_1y_pct,total_assets,189
test_2025,price_vs_bist100_1y_pct,working_capital,167
test_2025,revenue,benchmark_same_year_return_pct,228
test_2025,revenue,current_assets,219
test_2025,revenue,current_ratio,160
test_2025,revenue,ebitda,219
test_2025,revenue,ebitda_growth_pct,160
test_2025,revenue,ebitda_margin,219
test_2025,revenue,enterprise_value,147
test_2025,revenue,equity,241
test_2025,revenue,ev_ebitda,139
test_2025,revenue,financial_debt_ratio,160
test_2025,revenue,gross_margin,219
test_2025,revenue,gross_profit,219
test_2025,revenue,gross_profit_growth_pct,160
test_2025,revenue,leverage_ratio,160
test_2025,revenue,long_term_liabilities,219
test_2025,revenue,market_cap,147
test_2025,revenue,net_debt,201
test_2025,revenue,net_debt_to_ebitda,160
test_2025,revenue,net_income,241
test_2025,revenue,net_income_growth_pct,160
test_2025,revenue,net_margin,241
test_2025,revenue,non_current_assets,219
test_2025,revenue,operating_income,219
test_2025,revenue,operating_income_growth_pct,160
test_2025,revenue,pb_ratio,147
test_2025,revenue,pe_ratio,125
test_2025,revenue,price_adjclose_t,228
test_2025,revenue,price_data_available,228
test_2025,revenue,price_drawdown_from_3y_high_pct,228
test_2025,revenue,price_history_years_available,228
test_2025,revenue,price_momentum_1y_pct,189
test_2025,revenue,price_momentum_2y_pct,149
test_2025,revenue,price_vs_bist100_1y_pct,189
test_2025,revenue,revenue,241
test_2025,revenue,revenue_growth_pct,160
test_2025,revenue,roa,241
test_2025,revenue,roe,241
test_2025,revenue,short_term_liabilities,219
test_2025,revenue,total_assets,241
test_2025,revenue,working_capital,219
test_2025,revenue_growth_pct,benchmark_same_year_return_pct,147
test_2025,revenue_growth_pct,current_assets,160
test_2025,revenue_growth_pct,current_ratio,160
test_2025,revenue_growth_pct,ebitda,160
test_2025,revenue_growth_pct,ebitda_growth_pct,160
test_2025,revenue_growth_pct,ebitda_margin,160
test_2025,revenue_growth_pct,enterprise_value,147
test_2025,revenue_growth_pct,equity,160
test_2025,revenue_growth_pct,ev_ebitda,139
test_2025,revenue_growth_pct,financial_debt_ratio,160
test_2025,revenue_growth_pct,gross_margin,160
test_2025,revenue_growth_pct,gross_profit,160
test_2025,revenue_growth_pct,gross_profit_growth_pct,160
test_2025,revenue_growth_pct,leverage_ratio,160
test_2025,revenue_growth_pct,long_term_liabilities,160
test_2025,revenue_growth_pct,market_cap,147
test_2025,revenue_growth_pct,net_debt,160
test_2025,revenue_growth_pct,net_debt_to_ebitda,160
test_2025,revenue_growth_pct,net_income,160
test_2025,revenue_growth_pct,net_income_growth_pct,160
test_2025,revenue_growth_pct,net_margin,160
test_2025,revenue_growth_pct,non_current_assets,160
test_2025,revenue_growth_pct,operating_income,160
test_2025,revenue_growth_pct,operating_income_growth_pct,160
test_2025,revenue_growth_pct,pb_ratio,147
test_2025,revenue_growth_pct,pe_ratio,125
test_2025,revenue_growth_pct,price_adjclose_t,147
test_2025,revenue_growth_pct,price_data_available,147
test_2025,revenue_growth_pct,price_drawdown_from_3y_high_pct,147
test_2025,revenue_growth_pct,price_history_years_available,147
test_2025,revenue_growth_pct,price_momentum_1y_pct,109
test_2025,revenue_growth_pct,price_momentum_2y_pct,72
test_2025,revenue_growth_pct,price_vs_bist100_1y_pct,109
test_2025,revenue_growth_pct,revenue,160
test_2025,revenue_growth_pct,revenue_growth_pct,160
test_2025,revenue_growth_pct,roa,160
test_2025,revenue_growth_pct,roe,160
test_2025,revenue_growth_pct,short_term_liabilities,160
test_2025,revenue_growth_pct,total_assets,160
test_2025,revenue_growth_pct,working_capital,160
test_2025,roa,benchmark_same_year_return_pct,228
test_2025,roa,current_assets,219
test_2025,roa,current_ratio,160
test_2025,roa,ebitda,219
test_2025,roa,ebitda_growth_pct,160
test_2025,roa,ebitda_margin,219
test_2025,roa,enterprise_value,147
test_2025,roa,equity,241
test_2025,roa,ev_ebitda,139
test_2025,roa,financial_debt_ratio,160
test_2025,roa,gross_margin,219
test_2025,roa,gross_profit,219
test_2025,roa,gross_profit_growth_pct,160
test_2025,roa,leverage_ratio,160
test_2025,roa,long_term_liabilities,219
test_2025,roa,market_cap,147
test_2025,roa,net_debt,201
test_2025,roa,net_debt_to_ebitda,160
test_2025,roa,net_income,241
test_2025,roa,net_income_growth_pct,160
test_2025,roa,net_margin,241
test_2025,roa,non_current_assets,219
test_2025,roa,operating_income,219
test_2025,roa,operating_income_growth_pct,160
test_2025,roa,pb_ratio,147
test_2025,roa,pe_ratio,125
test_2025,roa,price_adjclose_t,228
test_2025,roa,price_data_available,228
test_2025,roa,price_drawdown_from_3y_high_pct,228
test_2025,roa,price_history_years_available,228
test_2025,roa,price_momentum_1y_pct,189
test_2025,roa,price_momentum_2y_pct,149
test_2025,roa,price_vs_bist100_1y_pct,189
test_2025,roa,revenue,241
test_2025,roa,revenue_growth_pct,160
test_2025,roa,roa,241
test_2025,roa,roe,241
test_2025,roa,short_term_liabilities,219
test_2025,roa,total_assets,241
test_2025,roa,working_capital,219
test_2025,roe,benchmark_same_year_return_pct,228
test_2025,roe,current_assets,219
test_2025,roe,current_ratio,160
test_2025,roe,ebitda,219
test_2025,roe,ebitda_growth_pct,160
test_2025,roe,ebitda_margin,219
test_2025,roe,enterprise_value,147
test_2025,roe,equity,241
test_2025,roe,ev_ebitda,139
test_2025,roe,financial_debt_ratio,160
test_2025,roe,gross_margin,219
test_2025,roe,gross_profit,219
test_2025,roe,gross_profit_growth_pct,160
test_2025,roe,leverage_ratio,160
test_2025,roe,long_term_liabilities,219
test_2025,roe,market_cap,147
test_2025,roe,net_debt,201
test_2025,roe,net_debt_to_ebitda,160
test_2025,roe,net_income,241
test_2025,roe,net_income_growth_pct,160
test_2025,roe,net_margin,241
test_2025,roe,non_current_assets,219
test_2025,roe,operating_income,219
test_2025,roe,operating_income_growth_pct,160
test_2025,roe,pb_ratio,147
test_2025,roe,pe_ratio,125
test_2025,roe,price_adjclose_t,228
test_2025,roe,price_data_available,228
test_2025,roe,price_drawdown_from_3y_high_pct,228
test_2025,roe,price_history_years_available,228
test_2025,roe,price_momentum_1y_pct,189
test_2025,roe,price_momentum_2y_pct,149
test_2025,roe,price_vs_bist100_1y_pct,189
test_2025,roe,revenue,241
test_2025,roe,revenue_growth_pct,160
test_2025,roe,roa,241
test_2025,roe,roe,241
test_2025,roe,short_term_liabilities,219
test_2025,roe,total_assets,241
test_2025,roe,working_capital,219
test_2025,short_term_liabilities,benchmark_same_year_return_pct,206
test_2025,short_term_liabilities,current_assets,219
test_2025,short_term_liabilities,current_ratio,160
test_2025,short_term_liabilities,ebitda,219
test_2025,short_term_liabilities,ebitda_growth_pct,160
test_2025,short_term_liabilities,ebitda_margin,219
test_2025,short_term_liabilities,enterprise_value,147
test_2025,short_term_liabilities,equity,219
test_2025,short_term_liabilities,ev_ebitda,139
test_2025,short_term_liabilities,financial_debt_ratio,160
test_2025,short_term_liabilities,gross_margin,219
test_2025,short_term_liabilities,gross_profit,219
test_2025,short_term_liabilities,gross_profit_growth_pct,160
test_2025,short_term_liabilities,leverage_ratio,160
test_2025,short_term_liabilities,long_term_liabilities,219
test_2025,short_term_liabilities,market_cap,147
test_2025,short_term_liabilities,net_debt,197
test_2025,short_term_liabilities,net_debt_to_ebitda,160
test_2025,short_term_liabilities,net_income,219
test_2025,short_term_liabilities,net_income_growth_pct,160
test_2025,short_term_liabilities,net_margin,219
test_2025,short_term_liabilities,non_current_assets,219
test_2025,short_term_liabilities,operating_income,219
test_2025,short_term_liabilities,operating_income_growth_pct,160
test_2025,short_term_liabilities,pb_ratio,147
test_2025,short_term_liabilities,pe_ratio,125
test_2025,short_term_liabilities,price_adjclose_t,206
test_2025,short_term_liabilities,price_data_available,206
test_2025,short_term_liabilities,price_drawdown_from_3y_high_pct,206
test_2025,short_term_liabilities,price_history_years_available,206
test_2025,short_term_liabilities,price_momentum_1y_pct,167
test_2025,short_term_liabilities,price_momentum_2y_pct,127
test_2025,short_term_liabilities,price_vs_bist100_1y_pct,167
test_2025,short_term_liabilities,revenue,219
test_2025,short_term_liabilities,revenue_growth_pct,160
test_2025,short_term_liabilities,roa,219
test_2025,short_term_liabilities,roe,219
test_2025,short_term_liabilities,short_term_liabilities,219
test_2025,short_term_liabilities,total_assets,219
test_2025,short_term_liabilities,working_capital,219
test_2025,total_assets,benchmark_same_year_return_pct,228
test_2025,total_assets,current_assets,219
test_2025,total_assets,current_ratio,160
test_2025,total_assets,ebitda,219
test_2025,total_assets,ebitda_growth_pct,160
test_2025,total_assets,ebitda_margin,219
test_2025,total_assets,enterprise_value,147
test_2025,total_assets,equity,241
test_2025,total_assets,ev_ebitda,139
test_2025,total_assets,financial_debt_ratio,160
test_2025,total_assets,gross_margin,219
test_2025,total_assets,gross_profit,219
test_2025,total_assets,gross_profit_growth_pct,160
test_2025,total_assets,leverage_ratio,160
test_2025,total_assets,long_term_liabilities,219
test_2025,total_assets,market_cap,147
test_2025,total_assets,net_debt,201
test_2025,total_assets,net_debt_to_ebitda,160
test_2025,total_assets,net_income,241
test_2025,total_assets,net_income_growth_pct,160
test_2025,total_assets,net_margin,241
test_2025,total_assets,non_current_assets,219
test_2025,total_assets,operating_income,219
test_2025,total_assets,operating_income_growth_pct,160
test_2025,total_assets,pb_ratio,147
test_2025,total_assets,pe_ratio,125
test_2025,total_assets,price_adjclose_t,228
test_2025,total_assets,price_data_available,228
test_2025,total_assets,price_drawdown_from_3y_high_pct,228
test_2025,total_assets,price_history_years_available,228
test_2025,total_assets,price_momentum_1y_pct,189
test_2025,total_assets,price_momentum_2y_pct,149
test_2025,total_assets,price_vs_bist100_1y_pct,189
test_2025,total_assets,revenue,241
test_2025,total_assets,revenue_growth_pct,160
test_2025,total_assets,roa,241
test_2025,total_assets,roe,241
test_2025,total_assets,short_term_liabilities,219
test_2025,total_assets,total_assets,241
test_2025,total_assets,working_capital,219
test_2025,working_capital,benchmark_same_year_return_pct,206
test_2025,working_capital,current_assets,219
test_2025,working_capital,current_ratio,160
test_2025,working_capital,ebitda,219
test_2025,working_capital,ebitda_growth_pct,160
test_2025,working_capital,ebitda_margin,219
test_2025,working_capital,enterprise_value,147
test_2025,working_capital,equity,219
test_2025,working_capital,ev_ebitda,139
test_2025,working_capital,financial_debt_ratio,160
test_2025,working_capital,gross_margin,219
test_2025,working_capital,gross_profit,219
test_2025,working_capital,gross_profit_growth_pct,160
test_2025,working_capital,leverage_ratio,160
test_2025,working_capital,long_term_liabilities,219
test_2025,working_capital,market_cap,147
test_2025,working_capital,net_debt,197
test_2025,working_capital,net_debt_to_ebitda,160
test_2025,working_capital,net_income,219
test_2025,working_capital,net_income_growth_pct,160
test_2025,working_capital,net_margin,219
test_2025,working_capital,non_current_assets,219
test_2025,working_capital,operating_income,219
test_2025,working_capital,operating_income_growth_pct,160
test_2025,working_capital,pb_ratio,147
test_2025,working_capital,pe_ratio,125
test_2025,working_capital,price_adjclose_t,206
test_2025,working_capital,price_data_available,206
test_2025,working_capital,price_drawdown_from_3y_high_pct,206
test_2025,working_capital,price_history_years_available,206
test_2025,working_capital,price_momentum_1y_pct,167
test_2025,working_capital,price_momentum_2y_pct,127
test_2025,working_capital,price_vs_bist100_1y_pct,167
test_2025,working_capital,revenue,219
test_2025,working_capital,revenue_growth_pct,160
test_2025,working_capital,roa,219
test_2025,working_capital,roe,219
test_2025,working_capital,short_term_liabilities,219
test_2025,working_capital,total_assets,219
test_2025,working_capital,working_capital,219
