model,year,ticker,full_descending_rank,times_drawn,bootstrap_draws,top_k,top_k_membership_frequency,rank_p2_5,rank_median,rank_p97_5,status
baseline_equal_weight,2023,AEFES,48,1278,2000,10,0.0,26.0,31.0,36.0,complete
baseline_equal_weight,2023,AGESA,67,1300,2000,10,0.0,37.0,43.0,48.0,complete
baseline_equal_weight,2023,AGHOL,13,1262,2000,10,0.8700475436,6.0,9.0,12.0,complete
baseline_equal_weight,2023,AKBNK,17,1311,2000,10,0.3447749809,8.0,11.0,14.25,complete
baseline_equal_weight,2023,AKENR,65,1255,2000,10,0.0,36.0,42.0,47.0,complete
baseline_equal_weight,2023,AKSA,50,1277,2000,10,0.0,27.0,32.0,37.0,complete
baseline_equal_weight,2023,AKSEN,27,1255,2000,10,0.0023904382,13.0,18.0,22.0,complete
baseline_equal_weight,2023,ALARK,32,1281,2000,10,0.0,16.0,21.0,25.0,complete
baseline_equal_weight,2023,ALBRK,69,1271,2000,10,0.0,38.0,44.0,49.0,complete
baseline_equal_weight,2023,ANHYT,64,1264,2000,10,0.0,36.0,41.0,46.0,complete
baseline_equal_weight,2023,ARCLK,16,1244,2000,10,0.4967845659,7.0,11.0,14.0,complete
baseline_equal_weight,2023,ASELS,7,1281,2000,10,1.0,3.0,5.0,7.0,complete
baseline_equal_weight,2023,ASTOR,46,1273,2000,10,0.0,24.8,30.0,34.2,complete
baseline_equal_weight,2023,BERA,68,1243,2000,10,0.0,38.0,43.0,49.0,complete
baseline_equal_weight,2023,BIMAS,22,1243,2000,10,0.0297666935,10.0,14.0,18.0,complete
baseline_equal_weight,2023,BRSAN,38,1283,2000,10,0.0,19.0,24.0,29.0,complete
baseline_equal_weight,2023,BTCIM,75,1279,2000,10,0.0,42.0,48.0,53.0,complete
baseline_equal_weight,2023,CANTE,62,1282,2000,10,0.0,34.0,40.0,45.0,complete
baseline_equal_weight,2023,CCOLA,25,1282,2000,10,0.0070202808,12.0,16.0,20.0,complete
baseline_equal_weight,2023,CEMTS,70,1252,2000,10,0.0,39.0,45.0,50.0,complete
baseline_equal_weight,2023,CIMSA,47,1246,2000,10,0.0,25.0,30.0,35.0,complete
baseline_equal_weight,2023,DEVA,71,1256,2000,10,0.0,40.0,45.0,51.0,complete
baseline_equal_weight,2023,DOAS,19,1272,2000,10,0.1588050314,8.775,12.0,16.0,complete
baseline_equal_weight,2023,DOHOL,57,1233,2000,10,0.0,31.0,37.0,42.0,complete
baseline_equal_weight,2023,DSTKF,24,1258,2000,10,0.0079491256,11.0,16.0,19.575,complete
baseline_equal_weight,2023,EGEEN,60,1264,2000,10,0.0,33.0,38.0,44.0,complete
baseline_equal_weight,2023,EKGYO,43,1250,2000,10,0.0,23.0,28.0,33.0,complete
baseline_equal_weight,2023,ENJSA,23,1278,2000,10,0.0250391236,10.925,15.0,19.0,complete
baseline_equal_weight,2023,ENKAI,20,1251,2000,10,0.1007194245,9.0,13.0,17.0,complete
baseline_equal_weight,2023,EREGL,11,1291,2000,10,0.99535244,4.0,7.0,10.0,complete
baseline_equal_weight,2023,FROTO,14,1254,2000,10,0.7567783094,6.0,9.0,12.0,complete
baseline_equal_weight,2023,GARAN,18,1272,2000,10,0.2389937107,8.0,12.0,15.0,complete
baseline_equal_weight,2023,GUBRF,34,1257,2000,10,0.0,17.0,22.0,27.0,complete
baseline_equal_weight,2023,HALKB,36,1258,2000,10,0.0,19.0,23.0,28.0,complete
baseline_equal_weight,2023,HEKTS,29,1295,2000,10,0.0007722008,14.0,19.0,23.0,complete
baseline_equal_weight,2023,ISCTR,4,1251,2000,10,1.0,1.0,3.0,4.0,complete
baseline_equal_weight,2023,ISGYO,49,1257,2000,10,0.0,26.0,31.0,37.0,complete
baseline_equal_weight,2023,KCHOL,2,1255,2000,10,1.0,1.0,2.0,2.0,complete
baseline_equal_weight,2023,KONTR,35,1257,2000,10,0.0,18.0,23.0,27.0,complete
baseline_equal_weight,2023,KRDMD,59,1293,2000,10,0.0,32.3,38.0,43.0,complete
baseline_equal_weight,2023,KRVGD,78,1260,2000,10,0.0,44.0,50.0,55.0,complete
baseline_equal_weight,2023,KUYAS,53,1308,2000,10,0.0,29.0,34.0,39.0,complete
baseline_equal_weight,2023,LOGO,74,1274,2000,10,0.0,42.0,47.0,53.0,complete
baseline_equal_weight,2023,MAVI,55,1271,2000,10,0.0,30.0,35.0,41.0,complete
baseline_equal_weight,2023,MGROS,28,1258,2000,10,0.0007949126,14.0,18.0,22.0,complete
baseline_equal_weight,2023,MIATK,72,1276,2000,10,0.0,40.0,46.0,51.0,complete
baseline_equal_weight,2023,MPARK,45,1329,2000,10,0.0,24.0,29.0,34.0,complete
baseline_equal_weight,2023,NETAS,80,1268,2000,10,0.0,45.0,51.0,56.0,complete
baseline_equal_weight,2023,NTGAZ,63,1257,2000,10,0.0,35.0,40.0,45.6,complete
baseline_equal_weight,2023,ODAS,44,1265,2000,10,0.0,23.0,28.0,33.0,complete
baseline_equal_weight,2023,OTKAR,51,1277,2000,10,0.0,28.0,33.0,38.0,complete
baseline_equal_weight,2023,OYAKC,56,1253,2000,10,0.0,31.0,36.0,41.0,complete
baseline_equal_weight,2023,PASEU,73,1272,2000,10,0.0,41.0,47.0,52.0,complete
baseline_equal_weight,2023,PETKM,31,1312,2000,10,0.0007621951,15.0,20.0,24.0,complete
baseline_equal_weight,2023,PGSUS,8,1307,2000,10,1.0,3.0,5.0,8.0,complete
baseline_equal_weight,2023,PRKME,76,1275,2000,10,0.0,43.0,49.0,54.0,complete
baseline_equal_weight,2023,SAHOL,12,1308,2000,10,0.9587155963,5.0,8.0,11.0,complete
baseline_equal_weight,2023,SASA,21,1275,2000,10,0.0588235294,10.0,14.0,17.0,complete
baseline_equal_weight,2023,SELEC,58,1266,2000,10,0.0,32.0,37.0,42.375,complete
baseline_equal_weight,2023,SISE,1,1236,2000,10,1.0,1.0,1.0,1.0,complete
baseline_equal_weight,2023,SKBNK,61,1248,2000,10,0.0,33.0,39.0,44.0,complete
baseline_equal_weight,2023,SMRTG,79,1246,2000,10,0.0,45.0,50.0,55.0,complete
baseline_equal_weight,2023,SOKM,54,1262,2000,10,0.0,29.0,35.0,40.0,complete
baseline_equal_weight,2023,TAVHL,15,1254,2000,10,0.6307814992,7.0,10.0,13.0,complete
baseline_equal_weight,2023,TBORG,66,1271,2000,10,0.0,37.0,42.0,48.0,complete
baseline_equal_weight,2023,TCELL,10,1284,2000,10,1.0,4.0,7.0,9.0,complete
baseline_equal_weight,2023,THYAO,6,1272,2000,10,1.0,2.0,4.0,6.0,complete
baseline_equal_weight,2023,TOASO,9,1283,2000,10,1.0,3.0,6.0,8.0,complete
baseline_equal_weight,2023,TRALT,37,1266,2000,10,0.0,19.0,24.0,28.0,complete
baseline_equal_weight,2023,TRMET,39,1293,2000,10,0.0,20.0,25.0,30.0,complete
baseline_equal_weight,2023,TSKB,40,1226,2000,10,0.0,21.0,26.0,31.0,complete
baseline_equal_weight,2023,TTKOM,3,1281,2000,10,1.0,1.0,2.0,3.0,complete
baseline_equal_weight,2023,TUPRS,30,1293,2000,10,0.0,15.0,19.0,24.0,complete
baseline_equal_weight,2023,TURSG,42,1289,2000,10,0.0,22.0,27.0,32.0,complete
baseline_equal_weight,2023,ULKER,41,1239,2000,10,0.0,21.0,26.0,31.0,complete
baseline_equal_weight,2023,ULUSE,77,1285,2000,10,0.0,44.0,49.0,54.0,complete
baseline_equal_weight,2023,VAKBN,26,1287,2000,10,0.0046620047,12.0,17.0,21.0,complete
baseline_equal_weight,2023,VESTL,52,1262,2000,10,0.0,28.0,33.0,39.0,complete
baseline_equal_weight,2023,YKBNK,5,1296,2000,10,1.0,2.0,4.0,5.0,complete
baseline_equal_weight,2023,ZOREN,33,1290,2000,10,0.0,17.0,21.0,26.0,complete
baseline_equal_weight,2024,AEFES,29,1262,2000,10,0.0,14.0,19.0,23.0,complete
baseline_equal_weight,2024,AGESA,44,1262,2000,10,0.0,23.0,28.0,34.0,complete
baseline_equal_weight,2024,AGHOL,4,1270,2000,10,1.0,1.0,3.0,4.0,complete
baseline_equal_weight,2024,AKBNK,3,1271,2000,10,1.0,1.0,2.0,3.0,complete
baseline_equal_weight,2024,AKENR,70,1296,2000,10,0.0,39.0,45.0,51.0,complete
baseline_equal_weight,2024,AKSA,65,1288,2000,10,0.0,36.0,42.0,47.0,complete
baseline_equal_weight,2024,AKSEN,41,1281,2000,10,0.0,21.0,26.0,32.0,complete
baseline_equal_weight,2024,ALARK,50,1280,2000,10,0.0,27.0,32.0,38.0,complete
baseline_equal_weight,2024,ALBRK,57,1252,2000,10,0.0,31.0,37.0,42.0,complete
baseline_equal_weight,2024,ANHYT,35,1270,2000,10,0.0,18.0,22.0,27.0,complete
baseline_equal_weight,2024,ARCLK,17,1299,2000,10,0.377213241,8.0,11.0,14.0,complete
baseline_equal_weight,2024,ASELS,10,1247,2000,10,1.0,4.0,7.0,9.0,complete
baseline_equal_weight,2024,ASTOR,32,1268,2000,10,0.0,16.0,21.0,25.0,complete
baseline_equal_weight,2024,BERA,68,1287,2000,10,0.0,38.0,43.0,49.0,complete
baseline_equal_weight,2024,BIMAS,15,1233,2000,10,0.6618004866,7.0,10.0,13.0,complete
baseline_equal_weight,2024,BRSAN,16,1251,2000,10,0.5083932854,7.0,10.0,14.0,complete
baseline_equal_weight,2024,BTCIM,69,1232,2000,10,0.0,38.775,44.0,50.0,complete
baseline_equal_weight,2024,CANTE,77,1251,2000,10,0.0,44.0,49.0,55.0,complete
baseline_equal_weight,2024,CCOLA,7,1250,2000,10,1.0,3.0,5.0,7.0,complete
baseline_equal_weight,2024,CEMTS,79,1256,2000,10,0.0,45.0,50.0,56.0,complete
baseline_equal_weight,2024,CIMSA,34,1244,2000,10,0.0,17.0,22.0,27.0,complete
baseline_equal_weight,2024,DEVA,49,1302,2000,10,0.0,26.0,31.0,37.0,complete
baseline_equal_weight,2024,DOAS,25,1279,2000,10,0.0015637217,12.0,16.0,20.0,complete
baseline_equal_weight,2024,DOHOL,52,1283,2000,10,0.0,28.0,33.0,39.0,complete
baseline_equal_weight,2024,DSTKF,21,1285,2000,10,0.0568093385,10.0,14.0,17.0,complete
baseline_equal_weight,2024,EGEEN,61,1304,2000,10,0.0,34.0,39.0,44.0,complete
baseline_equal_weight,2024,EKGYO,54,1281,2000,10,0.0,29.0,34.0,40.0,complete
baseline_equal_weight,2024,ENJSA,28,1308,2000,10,0.0,14.0,18.0,22.0,complete
baseline_equal_weight,2024,ENKAI,24,1225,2000,10,0.0081632653,12.0,15.0,20.0,complete
baseline_equal_weight,2024,EREGL,26,1297,2000,10,0.00154202,13.0,17.0,21.0,complete
baseline_equal_weight,2024,FROTO,13,1270,2000,10,0.8771653543,6.0,9.0,11.0,complete
baseline_equal_weight,2024,GARAN,1,1293,2000,10,1.0,1.0,1.0,1.0,complete
baseline_equal_weight,2024,GUBRF,60,1244,2000,10,0.0,33.0,38.0,44.0,complete
baseline_equal_weight,2024,HALKB,47,1317,2000,10,0.0,25.0,30.0,36.0,complete
baseline_equal_weight,2024,HEKTS,72,1289,2000,10,0.0,40.0,46.0,52.0,complete
baseline_equal_weight,2024,ISCTR,6,1282,2000,10,1.0,2.0,4.0,6.0,complete
baseline_equal_weight,2024,ISGYO,43,1280,2000,10,0.0,23.0,27.0,33.0,complete
baseline_equal_weight,2024,KCHOL,2,1263,2000,10,1.0,1.0,2.0,2.0,complete
baseline_equal_weight,2024,KONTR,45,1276,2000,10,0.0,24.0,29.0,34.0,complete
baseline_equal_weight,2024,KRDMD,62,1277,2000,10,0.0,34.0,40.0,45.0,complete
baseline_equal_weight,2024,KRVGD,76,1261,2000,10,0.0,43.0,48.0,54.0,complete
baseline_equal_weight,2024,KUYAS,63,1226,2000,10,0.0,35.0,40.0,46.0,complete
baseline_equal_weight,2024,LOGO,73,1245,2000,10,0.0,41.0,47.0,52.9,complete
baseline_equal_weight,2024,MAVI,58,1284,2000,10,0.0,32.0,37.0,43.0,complete
baseline_equal_weight,2024,MGROS,30,1314,2000,10,0.0,15.0,19.0,24.0,complete
baseline_equal_weight,2024,MIATK,55,1253,2000,10,0.0,30.0,35.0,41.0,complete
baseline_equal_weight,2024,MPARK,33,1301,2000,10,0.0,17.0,21.0,26.0,complete
baseline_equal_weight,2024,NETAS,78,1228,2000,10,0.0,44.0,50.0,55.0,complete
baseline_equal_weight,2024,NTGAZ,75,1223,2000,10,0.0,43.0,48.0,54.0,complete
baseline_equal_weight,2024,ODAS,64,1284,2000,10,0.0,36.0,41.0,47.0,complete
baseline_equal_weight,2024,OTKAR,37,1275,2000,10,0.0,19.0,24.0,29.0,complete
baseline_equal_weight,2024,OYAKC,40,1300,2000,10,0.0,21.0,26.0,31.0,complete
baseline_equal_weight,2024,PASEU,71,1272,2000,10,0.0,40.0,45.0,51.0,complete
baseline_equal_weight,2024,PETKM,59,1269,2000,10,0.0,32.0,38.0,43.0,complete
baseline_equal_weight,2024,PGSUS,11,1269,2000,10,0.9929078014,4.7,7.0,10.0,complete
baseline_equal_weight,2024,PRKME,74,1227,2000,10,0.0,42.0,47.0,53.0,complete
baseline_equal_weight,2024,SAHOL,22,1268,2000,10,0.0276025237,10.0,14.0,18.0,complete
baseline_equal_weight,2024,SASA,39,1267,2000,10,0.0,20.0,25.0,30.0,complete
baseline_equal_weight,2024,SELEC,53,1218,2000,10,0.0,29.0,34.0,39.0,complete
baseline_equal_weight,2024,SISE,8,1278,2000,10,1.0,3.0,5.0,8.0,complete
baseline_equal_weight,2024,SKBNK,46,1276,2000,10,0.0,24.0,29.0,35.0,complete
baseline_equal_weight,2024,SMRTG,66,1231,2000,10,0.0,37.0,42.0,48.0,complete
baseline_equal_weight,2024,SOKM,36,1258,2000,10,0.0,19.0,23.0,28.0,complete
baseline_equal_weight,2024,TAVHL,20,1274,2000,10,0.0926216641,9.0,13.0,17.0,complete
baseline_equal_weight,2024,TBORG,48,1260,2000,10,0.0,26.0,31.0,36.0,complete
baseline_equal_weight,2024,TCELL,12,1270,2000,10,0.9653543307,5.0,8.0,11.0,complete
baseline_equal_weight,2024,THYAO,9,1287,2000,10,1.0,3.0,6.0,8.0,complete
baseline_equal_weight,2024,TOASO,14,1263,2000,10,0.7735550277,6.0,9.0,12.0,complete
baseline_equal_weight,2024,TRALT,51,1272,2000,10,0.0,28.0,33.0,38.0,complete
baseline_equal_weight,2024,TRMET,67,1269,2000,10,0.0,37.0,43.0,49.0,complete
baseline_equal_weight,2024,TSKB,38,1283,2000,10,0.0,20.0,24.0,29.0,complete
baseline_equal_weight,2024,TTKOM,18,1306,2000,10,0.2442572741,8.0,12.0,15.0,complete
baseline_equal_weight,2024,TUPRS,19,1295,2000,10,0.1644787645,9.0,12.0,16.0,complete
baseline_equal_weight,2024,TURSG,27,1271,2000,10,0.0,13.0,17.0,22.0,complete
baseline_equal_weight,2024,ULKER,23,1246,2000,10,0.0112359551,11.0,15.0,19.0,complete
baseline_equal_weight,2024,ULUSE,80,1272,2000,10,0.0,46.0,51.0,57.0,complete
baseline_equal_weight,2024,VAKBN,31,1234,2000,10,0.0,16.0,20.0,24.175,complete
baseline_equal_weight,2024,VESTL,56,1267,2000,10,0.0,31.0,36.0,41.0,complete
baseline_equal_weight,2024,YKBNK,5,1254,2000,10,1.0,2.0,4.0,5.0,complete
baseline_equal_weight,2024,ZOREN,42,1241,2000,10,0.0,22.0,27.0,32.0,complete
baseline_equal_weight,2025,AEFES,28,1293,2000,10,0.0007733952,13.3,18.0,22.0,complete
baseline_equal_weight,2025,AGESA,22,1288,2000,10,0.0395962733,10.0,14.0,18.0,complete
baseline_equal_weight,2025,AGHOL,6,1246,2000,10,1.0,2.0,4.0,6.0,complete
baseline_equal_weight,2025,AKBNK,2,1252,2000,10,1.0,1.0,2.0,2.0,complete
baseline_equal_weight,2025,AKENR,68,1313,2000,10,0.0,38.0,43.0,49.0,complete
baseline_equal_weight,2025,AKSA,50,1319,2000,10,0.0,26.0,32.0,37.05,complete
baseline_equal_weight,2025,AKSEN,48,1295,2000,10,0.0,25.0,31.0,36.0,complete
baseline_equal_weight,2025,ALARK,58,1267,2000,10,0.0,32.0,37.0,42.35,complete
baseline_equal_weight,2025,ALBRK,33,1270,2000,10,0.0,16.725,21.0,26.0,complete
baseline_equal_weight,2025,ANHYT,16,1318,2000,10,0.4863429439,7.0,11.0,14.0,complete
baseline_equal_weight,2025,ARCLK,18,1259,2000,10,0.2613185068,8.0,12.0,15.0,complete
baseline_equal_weight,2025,ASELS,3,1242,2000,10,1.0,1.0,2.0,3.0,complete
baseline_equal_weight,2025,ASTOR,44,1299,2000,10,0.0,23.0,28.0,33.0,complete
baseline_equal_weight,2025,BERA,59,1232,2000,10,0.0,32.0,38.0,43.0,complete
baseline_equal_weight,2025,BIMAS,14,1245,2000,10,0.7678714859,6.0,9.0,12.0,complete
baseline_equal_weight,2025,BRSAN,53,1273,2000,10,0.0,29.0,34.0,39.0,complete
baseline_equal_weight,2025,BTCIM,72,1249,2000,10,0.0,40.0,46.0,51.0,complete
baseline_equal_weight,2025,CANTE,80,1273,2000,10,0.0,46.0,51.0,56.0,complete
baseline_equal_weight,2025,CCOLA,29,1226,2000,10,0.0,14.0,19.0,23.0,complete
baseline_equal_weight,2025,CEMTS,78,1313,2000,10,0.0,44.0,50.0,55.0,complete
baseline_equal_weight,2025,CIMSA,43,1269,2000,10,0.0,22.0,27.0,33.0,complete
baseline_equal_weight,2025,DEVA,57,1294,2000,10,0.0,31.325,36.0,42.0,complete
baseline_equal_weight,2025,DOAS,45,1236,2000,10,0.0,24.0,29.0,34.0,complete
baseline_equal_weight,2025,DOHOL,41,1253,2000,10,0.0,21.0,26.0,31.0,complete
baseline_equal_weight,2025,DSTKF,38,1259,2000,10,0.0,19.0,24.0,29.0,complete
baseline_equal_weight,2025,EKGYO,20,1289,2000,10,0.093871218,9.0,13.0,17.0,complete
baseline_equal_weight,2025,ENJSA,36,1266,2000,10,0.0,18.0,23.0,28.0,complete
baseline_equal_weight,2025,ENKAI,17,1262,2000,10,0.3423137876,7.0,11.0,14.475,complete
baseline_equal_weight,2025,EREGL,9,1278,2000,10,1.0,3.0,6.0,8.0,complete
baseline_equal_weight,2025,FROTO,10,1283,2000,10,1.0,4.0,7.0,9.0,complete
baseline_equal_weight,2025,GARAN,1,1309,2000,10,1.0,1.0,1.0,1.0,complete
baseline_equal_weight,2025,GUBRF,47,1248,2000,10,0.0,25.0,30.0,35.0,complete
baseline_equal_weight,2025,HALKB,30,1260,2000,10,0.0,15.0,19.0,24.0,complete
baseline_equal_weight,2025,HEKTS,77,1253,2000,10,0.0,44.0,49.0,54.0,complete
baseline_equal_weight,2025,ISCTR,12,1238,2000,10,0.9636510501,5.0,8.0,11.0,complete
baseline_equal_weight,2025,ISGYO,55,1262,2000,10,0.0,30.0,35.0,41.0,complete
baseline_equal_weight,2025,KCHOL,15,1302,2000,10,0.6305683564,7.0,10.0,13.0,complete
baseline_equal_weight,2025,KONTR,64,1268,2000,10,0.0,35.0,41.0,47.0,complete
baseline_equal_weight,2025,KRDMD,56,1228,2000,10,0.0,31.0,36.0,41.0,complete
baseline_equal_weight,2025,KRVGD,75,1284,2000,10,0.0,42.0,48.0,53.0,complete
baseline_equal_weight,2025,KUYAS,66,1271,2000,10,0.0,37.0,42.0,47.0,complete
baseline_equal_weight,2025,LOGO,52,1266,2000,10,0.0,28.0,33.0,39.0,complete
baseline_equal_weight,2025,MAVI,51,1278,2000,10,0.0,27.0,33.0,38.0,complete
baseline_equal_weight,2025,MGROS,31,1253,2000,10,0.0,15.0,20.0,24.0,complete
baseline_equal_weight,2025,MIATK,61,1272,2000,10,0.0,34.0,39.0,44.0,complete
baseline_equal_weight,2025,MPARK,26,1263,2000,10,0.0015835313,12.0,17.0,21.0,complete
baseline_equal_weight,2025,NETAS,74,1280,2000,10,0.0,41.975,47.0,53.0,complete
baseline_equal_weight,2025,NTGAZ,73,1276,2000,10,0.0,41.0,47.0,52.0,complete
baseline_equal_weight,2025,ODAS,76,1254,2000,10,0.0,43.0,48.0,54.0,complete
baseline_equal_weight,2025,OTKAR,60,1274,2000,10,0.0,33.0,38.0,44.0,complete
baseline_equal_weight,2025,OYAKC,35,1262,2000,10,0.0,17.525,22.0,27.0,complete
baseline_equal_weight,2025,PASEU,69,1257,2000,10,0.0,38.4,44.0,50.0,complete
baseline_equal_weight,2025,PETKM,67,1265,2000,10,0.0,37.0,43.0,48.0,complete
baseline_equal_weight,2025,PGSUS,7,1281,2000,10,1.0,2.0,5.0,7.0,complete
baseline_equal_weight,2025,PRKME,70,1241,2000,10,0.0,39.0,45.0,50.0,complete
baseline_equal_weight,2025,RGYAS,34,1251,2000,10,0.0,17.0,22.0,27.0,complete
baseline_equal_weight,2025,SAHOL,37,1301,2000,10,0.0,19.0,24.0,29.0,complete
baseline_equal_weight,2025,SASA,40,1267,2000,10,0.0,20.65,26.0,31.0,complete
baseline_equal_weight,2025,SELEC,42,1263,2000,10,0.0,22.0,27.0,32.0,complete
baseline_equal_weight,2025,SISE,23,1255,2000,10,0.022310757,11.0,15.0,19.0,complete
baseline_equal_weight,2025,SKBNK,49,1292,2000,10,0.0,26.0,31.0,37.0,complete
baseline_equal_weight,2025,SMRTG,71,1252,2000,10,0.0,40.0,45.0,51.0,complete
baseline_equal_weight,2025,SOKM,65,1241,2000,10,0.0,36.0,42.0,47.0,complete
baseline_equal_weight,2025,TAVHL,19,1284,2000,10,0.1565420561,9.0,12.0,16.0,complete
baseline_equal_weight,2025,TBORG,25,1256,2000,10,0.0047770701,12.0,16.0,20.0,complete
baseline_equal_weight,2025,TCELL,4,1238,2000,10,1.0,1.0,3.0,4.0,complete
baseline_equal_weight,2025,THYAO,13,1315,2000,10,0.8844106464,6.0,9.0,11.0,complete
baseline_equal_weight,2025,TOASO,32,1287,2000,10,0.0,16.0,21.0,25.0,complete
baseline_equal_weight,2025,TRALT,54,1309,2000,10,0.0,29.0,34.0,40.0,complete
baseline_equal_weight,2025,TRMET,62,1276,2000,10,0.0,34.0,39.0,45.0,complete
baseline_equal_weight,2025,TSKB,24,1268,2000,10,0.0078864353,11.0,16.0,20.0,complete
baseline_equal_weight,2025,TTKOM,11,1294,2000,10,0.9945904173,4.0,7.0,10.0,complete
baseline_equal_weight,2025,TUPRS,21,1236,2000,10,0.0590614887,9.0,14.0,17.0,complete
baseline_equal_weight,2025,TURSG,39,1264,2000,10,0.0,20.0,25.0,30.0,complete
baseline_equal_weight,2025,ULKER,27,1276,2000,10,0.0,13.0,17.0,22.0,complete
baseline_equal_weight,2025,ULUSE,79,1265,2000,10,0.0,45.0,50.0,56.0,complete
baseline_equal_weight,2025,VAKBN,5,1273,2000,10,1.0,2.0,4.0,5.0,complete
baseline_equal_weight,2025,VESTL,46,1266,2000,10,0.0,24.0,29.0,35.0,complete
baseline_equal_weight,2025,YKBNK,8,1283,2000,10,1.0,3.0,5.0,8.0,complete
baseline_equal_weight,2025,ZOREN,63,1276,2000,10,0.0,35.0,40.0,46.0,complete
baseline_rank_score,2023,AEFES,48,1257,2000,10,0.0,25.0,31.0,35.6,complete
baseline_rank_score,2023,AGESA,67,1271,2000,10,0.0,37.0,43.0,48.0,complete
baseline_rank_score,2023,AGHOL,13,1263,2000,10,0.901821061,5.0,9.0,11.0,complete
baseline_rank_score,2023,AKBNK,17,1226,2000,10,0.3784665579,8.0,11.0,14.0,complete
baseline_rank_score,2023,AKENR,65,1281,2000,10,0.0,36.0,41.0,47.0,complete
baseline_rank_score,2023,AKSA,50,1287,2000,10,0.0,26.0,32.0,37.0,complete
baseline_rank_score,2023,AKSEN,27,1284,2000,10,0.0,13.0,17.0,22.0,complete
baseline_rank_score,2023,ALARK,32,1253,2000,10,0.0,16.0,21.0,25.0,complete
baseline_rank_score,2023,ALBRK,69,1280,2000,10,0.0,38.0,44.0,49.0,complete
baseline_rank_score,2023,ANHYT,64,1298,2000,10,0.0,36.0,41.0,46.0,complete
baseline_rank_score,2023,ARCLK,16,1270,2000,10,0.4858267717,7.0,11.0,14.0,complete
baseline_rank_score,2023,ASELS,7,1276,2000,10,1.0,2.0,5.0,7.0,complete
baseline_rank_score,2023,ASTOR,46,1272,2000,10,0.0,23.0,29.0,34.0,complete
baseline_rank_score,2023,BERA,68,1285,2000,10,0.0,38.0,43.0,49.0,complete
baseline_rank_score,2023,BIMAS,22,1241,2000,10,0.0290088638,10.0,14.0,18.0,complete
baseline_rank_score,2023,BRSAN,38,1277,2000,10,0.0,19.0,24.0,29.0,complete
baseline_rank_score,2023,BTCIM,75,1260,2000,10,0.0,42.0,48.0,53.0,complete
baseline_rank_score,2023,CANTE,62,1302,2000,10,0.0,34.0,40.0,45.0,complete
baseline_rank_score,2023,CCOLA,25,1245,2000,10,0.0024096386,12.0,16.0,20.0,complete
baseline_rank_score,2023,CEMTS,70,1277,2000,10,0.0,39.0,45.0,50.0,complete
baseline_rank_score,2023,CIMSA,47,1268,2000,10,0.0,24.675,30.0,35.0,complete
baseline_rank_score,2023,DEVA,71,1288,2000,10,0.0,39.175,45.0,51.0,complete
baseline_rank_score,2023,DOAS,19,1273,2000,10,0.1665357423,8.0,12.0,16.0,complete
baseline_rank_score,2023,DOHOL,57,1268,2000,10,0.0,31.0,36.0,42.0,complete
baseline_rank_score,2023,DSTKF,24,1261,2000,10,0.013481364,11.0,16.0,19.0,complete
baseline_rank_score,2023,EGEEN,60,1270,2000,10,0.0,33.0,38.0,44.0,complete
baseline_rank_score,2023,EKGYO,43,1291,2000,10,0.0,22.0,28.0,33.0,complete
baseline_rank_score,2023,ENJSA,23,1281,2000,10,0.024980484,11.0,15.0,19.0,complete
baseline_rank_score,2023,ENKAI,20,1254,2000,10,0.1036682616,9.0,13.0,16.0,complete
baseline_rank_score,2023,EREGL,11,1302,2000,10,0.990015361,4.0,7.0,10.0,complete
baseline_rank_score,2023,FROTO,14,1278,2000,10,0.7887323944,6.0,9.0,12.0,complete
baseline_rank_score,2023,GARAN,18,1287,2000,10,0.2447552448,8.0,12.0,15.0,complete
baseline_rank_score,2023,GUBRF,34,1254,2000,10,0.0,17.0,22.0,27.0,complete
baseline_rank_score,2023,HALKB,36,1252,2000,10,0.0,18.0,23.0,28.0,complete
baseline_rank_score,2023,HEKTS,29,1252,2000,10,0.0,14.0,19.0,23.0,complete
baseline_rank_score,2023,ISCTR,4,1305,2000,10,1.0,1.0,3.0,4.0,complete
baseline_rank_score,2023,ISGYO,49,1237,2000,10,0.0,26.0,31.0,36.1,complete
baseline_rank_score,2023,KCHOL,2,1279,2000,10,1.0,1.0,2.0,2.0,complete
baseline_rank_score,2023,KONTR,35,1285,2000,10,0.0,17.0,22.0,27.0,complete
baseline_rank_score,2023,KRDMD,59,1271,2000,10,0.0,32.0,38.0,43.0,complete
baseline_rank_score,2023,KRVGD,78,1255,2000,10,0.0,44.0,50.0,55.0,complete
baseline_rank_score,2023,KUYAS,53,1262,2000,10,0.0,28.0,34.0,39.0,complete
baseline_rank_score,2023,LOGO,74,1255,2000,10,0.0,42.0,47.0,53.0,complete
baseline_rank_score,2023,MAVI,55,1277,2000,10,0.0,30.0,35.0,40.0,complete
baseline_rank_score,2023,MGROS,28,1252,2000,10,0.0,14.0,18.0,22.0,complete
baseline_rank_score,2023,MIATK,72,1280,2000,10,0.0,40.0,46.0,51.0,complete
baseline_rank_score,2023,MPARK,45,1269,2000,10,0.0,23.0,29.0,34.0,complete
baseline_rank_score,2023,NETAS,80,1301,2000,10,0.0,45.0,51.0,56.0,complete
baseline_rank_score,2023,NTGAZ,63,1304,2000,10,0.0,35.0,40.0,45.0,complete
baseline_rank_score,2023,ODAS,44,1236,2000,10,0.0,23.0,28.0,33.0,complete
baseline_rank_score,2023,OTKAR,51,1242,2000,10,0.0,27.0,32.0,38.0,complete
baseline_rank_score,2023,OYAKC,56,1288,2000,10,0.0,30.0,36.0,41.0,complete
baseline_rank_score,2023,PASEU,73,1297,2000,10,0.0,41.0,47.0,52.0,complete
baseline_rank_score,2023,PETKM,31,1286,2000,10,0.0,15.0,20.0,24.0,complete
baseline_rank_score,2023,PGSUS,8,1244,2000,10,1.0,3.0,5.0,8.0,complete
baseline_rank_score,2023,PRKME,76,1248,2000,10,0.0,43.0,48.0,54.0,complete
baseline_rank_score,2023,SAHOL,12,1280,2000,10,0.96328125,5.0,8.0,11.0,complete
baseline_rank_score,2023,SASA,21,1265,2000,10,0.0592885375,10.0,14.0,17.0,complete
baseline_rank_score,2023,SELEC,58,1323,2000,10,0.0,31.0,37.0,42.0,complete
baseline_rank_score,2023,SISE,1,1234,2000,10,1.0,1.0,1.0,1.0,complete
baseline_rank_score,2023,SKBNK,61,1227,2000,10,0.0,33.0,39.0,44.0,complete
baseline_rank_score,2023,SMRTG,79,1270,2000,10,0.0,45.0,50.0,55.0,complete
baseline_rank_score,2023,SOKM,54,1281,2000,10,0.0,29.0,34.0,40.0,complete
baseline_rank_score,2023,TAVHL,15,1267,2000,10,0.6424625099,6.0,10.0,13.0,complete
baseline_rank_score,2023,TBORG,66,1287,2000,10,0.0,36.15,42.0,47.0,complete
baseline_rank_score,2023,TCELL,10,1243,2000,10,1.0,4.0,7.0,9.0,complete
baseline_rank_score,2023,THYAO,6,1248,2000,10,1.0,2.0,4.0,6.0,complete
baseline_rank_score,2023,TOASO,9,1277,2000,10,1.0,3.0,6.0,8.0,complete
baseline_rank_score,2023,TRALT,37,1279,2000,10,0.0,19.0,24.0,28.0,complete
baseline_rank_score,2023,TRMET,39,1276,2000,10,0.0,20.0,25.0,30.0,complete
baseline_rank_score,2023,TSKB,40,1269,2000,10,0.0,21.0,26.0,30.0,complete
baseline_rank_score,2023,TTKOM,3,1256,2000,10,1.0,1.0,2.0,3.0,complete
baseline_rank_score,2023,TUPRS,30,1275,2000,10,0.0,15.0,19.0,23.0,complete
baseline_rank_score,2023,TURSG,42,1282,2000,10,0.0,21.025,27.0,32.0,complete
baseline_rank_score,2023,ULKER,41,1235,2000,10,0.0,21.0,26.0,31.0,complete
baseline_rank_score,2023,ULUSE,77,1282,2000,10,0.0,43.025,49.0,54.0,complete
baseline_rank_score,2023,VAKBN,26,1268,2000,10,0.0015772871,12.0,17.0,21.0,complete
baseline_rank_score,2023,VESTL,52,1286,2000,10,0.0,28.0,33.0,38.0,complete
baseline_rank_score,2023,YKBNK,5,1252,2000,10,1.0,2.0,4.0,5.0,complete
baseline_rank_score,2023,ZOREN,33,1244,2000,10,0.0,16.0,21.0,26.0,complete
baseline_rank_score,2024,AEFES,29,1259,2000,10,0.0,14.0,19.0,23.0,complete
baseline_rank_score,2024,AGESA,44,1255,2000,10,0.0,23.0,28.0,33.0,complete
baseline_rank_score,2024,AGHOL,4,1284,2000,10,1.0,1.0,3.0,4.0,complete
baseline_rank_score,2024,AKBNK,3,1252,2000,10,1.0,1.0,2.0,3.0,complete
baseline_rank_score,2024,AKENR,70,1232,2000,10,0.0,39.0,45.0,50.0,complete
baseline_rank_score,2024,AKSA,65,1249,2000,10,0.0,36.0,41.0,47.0,complete
baseline_rank_score,2024,AKSEN,41,1256,2000,10,0.0,21.0,26.0,31.0,complete
baseline_rank_score,2024,ALARK,50,1274,2000,10,0.0,26.0,32.0,37.0,complete
baseline_rank_score,2024,ALBRK,57,1267,2000,10,0.0,31.0,36.0,41.35,complete
baseline_rank_score,2024,ANHYT,35,1263,2000,10,0.0,17.0,22.0,27.0,complete
baseline_rank_score,2024,ARCLK,17,1269,2000,10,0.3703703704,7.0,11.0,15.0,complete
baseline_rank_score,2024,ASELS,10,1292,2000,10,1.0,4.0,7.0,9.0,complete
baseline_rank_score,2024,ASTOR,32,1306,2000,10,0.0,16.0,21.0,25.0,complete
baseline_rank_score,2024,BERA,68,1273,2000,10,0.0,37.8,43.0,49.0,complete
baseline_rank_score,2024,BIMAS,15,1261,2000,10,0.6391752577,6.0,10.0,13.0,complete
baseline_rank_score,2024,BRSAN,16,1261,2000,10,0.5043616178,7.0,10.0,14.0,complete
baseline_rank_score,2024,BTCIM,69,1338,2000,10,0.0,38.0,44.0,49.0,complete
baseline_rank_score,2024,CANTE,77,1302,2000,10,0.0,44.0,49.0,54.0,complete
baseline_rank_score,2024,CCOLA,7,1274,2000,10,1.0,2.0,5.0,7.0,complete
baseline_rank_score,2024,CEMTS,79,1246,2000,10,0.0,45.0,50.0,56.0,complete
baseline_rank_score,2024,CIMSA,34,1271,2000,10,0.0,17.0,22.0,27.0,complete
baseline_rank_score,2024,DEVA,49,1276,2000,10,0.0,26.0,31.0,36.0,complete
baseline_rank_score,2024,DOAS,25,1245,2000,10,0.0032128514,12.0,16.0,20.0,complete
baseline_rank_score,2024,DOHOL,52,1257,2000,10,0.0,28.0,33.0,38.0,complete
baseline_rank_score,2024,DSTKF,21,1284,2000,10,0.0771028037,10.0,14.0,18.0,complete
baseline_rank_score,2024,EGEEN,61,1289,2000,10,0.0,34.0,39.0,45.0,complete
baseline_rank_score,2024,EKGYO,54,1289,2000,10,0.0,29.0,34.0,39.0,complete
baseline_rank_score,2024,ENJSA,28,1253,2000,10,0.0,14.0,18.0,23.0,complete
baseline_rank_score,2024,ENKAI,24,1276,2000,10,0.0062695925,11.0,16.0,20.0,complete
baseline_rank_score,2024,EREGL,26,1249,2000,10,0.0024019215,13.0,17.0,21.0,complete
baseline_rank_score,2024,FROTO,13,1272,2000,10,0.8655660377,5.0,9.0,12.0,complete
baseline_rank_score,2024,GARAN,1,1284,2000,10,1.0,1.0,1.0,1.0,complete
baseline_rank_score,2024,GUBRF,60,1275,2000,10,0.0,32.85,38.0,44.0,complete
baseline_rank_score,2024,HALKB,47,1270,2000,10,0.0,24.0,30.0,35.0,complete
baseline_rank_score,2024,HEKTS,72,1265,2000,10,0.0,40.0,46.0,51.0,complete
baseline_rank_score,2024,ISCTR,6,1255,2000,10,1.0,2.0,4.0,6.0,complete
baseline_rank_score,2024,ISGYO,43,1260,2000,10,0.0,22.0,28.0,32.0,complete
baseline_rank_score,2024,KCHOL,2,1262,2000,10,1.0,1.0,2.0,2.0,complete
baseline_rank_score,2024,KONTR,45,1261,2000,10,0.0,24.0,29.0,34.0,complete
baseline_rank_score,2024,KRDMD,62,1248,2000,10,0.0,34.0,40.0,45.0,complete
baseline_rank_score,2024,KRVGD,76,1266,2000,10,0.0,43.0,48.0,54.0,complete
baseline_rank_score,2024,KUYAS,63,1247,2000,10,0.0,35.0,40.0,46.0,complete
baseline_rank_score,2024,LOGO,73,1266,2000,10,0.0,41.0,46.0,52.0,complete
baseline_rank_score,2024,MAVI,58,1249,2000,10,0.0,32.0,37.0,42.0,complete
baseline_rank_score,2024,MGROS,30,1263,2000,10,0.0,15.0,19.0,24.0,complete
baseline_rank_score,2024,MIATK,55,1256,2000,10,0.0,29.0,35.0,40.0,complete
baseline_rank_score,2024,MPARK,33,1263,2000,10,0.0,17.0,21.0,26.0,complete
baseline_rank_score,2024,NETAS,78,1275,2000,10,0.0,44.0,50.0,55.0,complete
baseline_rank_score,2024,NTGAZ,75,1269,2000,10,0.0,42.0,48.0,53.0,complete
baseline_rank_score,2024,ODAS,64,1232,2000,10,0.0,35.0,41.0,46.0,complete
baseline_rank_score,2024,OTKAR,37,1268,2000,10,0.0,19.0,24.0,28.325,complete
baseline_rank_score,2024,OYAKC,40,1274,2000,10,0.0,21.0,26.0,30.0,complete
baseline_rank_score,2024,PASEU,71,1307,2000,10,0.0,39.0,45.0,51.0,complete
baseline_rank_score,2024,PETKM,59,1256,2000,10,0.0,32.0,38.0,43.0,complete
baseline_rank_score,2024,PGSUS,11,1269,2000,10,0.9952718676,4.0,7.0,10.0,complete
baseline_rank_score,2024,PRKME,74,1259,2000,10,0.0,41.0,47.0,53.0,complete
baseline_rank_score,2024,SAHOL,22,1250,2000,10,0.0296,10.0,14.0,18.0,complete
baseline_rank_score,2024,SASA,39,1250,2000,10,0.0,20.0,25.0,30.0,complete
baseline_rank_score,2024,SELEC,53,1276,2000,10,0.0,28.0,34.0,39.0,complete
baseline_rank_score,2024,SISE,8,1266,2000,10,1.0,3.0,5.0,8.0,complete
baseline_rank_score,2024,SKBNK,46,1273,2000,10,0.0,24.0,30.0,34.0,complete
baseline_rank_score,2024,SMRTG,66,1303,2000,10,0.0,36.0,42.0,47.0,complete
baseline_rank_score,2024,SOKM,36,1237,2000,10,0.0,18.0,23.0,28.0,complete
baseline_rank_score,2024,TAVHL,20,1303,2000,10,0.110514198,9.0,13.0,17.0,complete
baseline_rank_score,2024,TBORG,48,1247,2000,10,0.0,25.0,31.0,36.0,complete
baseline_rank_score,2024,TCELL,12,1314,2000,10,0.9528158295,5.0,8.0,11.0,complete
baseline_rank_score,2024,THYAO,9,1250,2000,10,1.0,3.0,6.0,8.775,complete
baseline_rank_score,2024,TOASO,14,1258,2000,10,0.76709062,6.0,9.0,12.0,complete
baseline_rank_score,2024,TRALT,51,1291,2000,10,0.0,27.0,33.0,38.0,complete
baseline_rank_score,2024,TRMET,67,1236,2000,10,0.0,37.0,43.0,48.0,complete
baseline_rank_score,2024,TSKB,38,1288,2000,10,0.0,19.0,24.0,29.0,complete
baseline_rank_score,2024,TTKOM,18,1271,2000,10,0.2612116444,8.0,12.0,16.0,complete
baseline_rank_score,2024,TUPRS,19,1249,2000,10,0.1649319456,8.2,12.0,16.0,complete
baseline_rank_score,2024,TURSG,27,1280,2000,10,0.0,13.0,17.0,22.0,complete
baseline_rank_score,2024,ULKER,23,1313,2000,10,0.0198019802,11.0,15.0,19.0,complete
baseline_rank_score,2024,ULUSE,80,1246,2000,10,0.0,45.0,51.0,56.0,complete
baseline_rank_score,2024,VAKBN,31,1296,2000,10,0.0007716049,15.375,20.0,25.0,complete
baseline_rank_score,2024,VESTL,56,1281,2000,10,0.0,30.0,36.0,41.0,complete
baseline_rank_score,2024,YKBNK,5,1228,2000,10,1.0,2.0,4.0,5.0,complete
baseline_rank_score,2024,ZOREN,42,1273,2000,10,0.0,22.0,27.0,32.0,complete
baseline_rank_score,2025,AEFES,28,1243,2000,10,0.0008045052,14.0,18.0,22.0,complete
baseline_rank_score,2025,AGESA,22,1302,2000,10,0.0307219662,10.0,14.0,18.0,complete
baseline_rank_score,2025,AGHOL,6,1242,2000,10,1.0,2.0,4.0,6.0,complete
baseline_rank_score,2025,AKBNK,2,1269,2000,10,1.0,1.0,2.0,2.0,complete
baseline_rank_score,2025,AKENR,68,1249,2000,10,0.0,38.0,43.0,48.8,complete
baseline_rank_score,2025,AKSA,50,1256,2000,10,0.0,27.0,32.0,37.0,complete
baseline_rank_score,2025,AKSEN,48,1273,2000,10,0.0,26.0,31.0,36.0,complete
baseline_rank_score,2025,ALARK,58,1297,2000,10,0.0,32.0,37.0,42.0,complete
baseline_rank_score,2025,ALBRK,33,1254,2000,10,0.0,17.0,21.0,26.0,complete
baseline_rank_score,2025,ANHYT,16,1235,2000,10,0.4931174089,7.0,11.0,14.0,complete
baseline_rank_score,2025,ARCLK,18,1253,2000,10,0.2402234637,8.0,12.0,15.0,complete
baseline_rank_score,2025,ASELS,3,1251,2000,10,1.0,1.0,2.0,3.0,complete
baseline_rank_score,2025,ASTOR,44,1312,2000,10,0.0,23.0,28.0,33.0,complete
baseline_rank_score,2025,BERA,59,1299,2000,10,0.0,32.0,38.0,43.0,complete
baseline_rank_score,2025,BIMAS,14,1255,2000,10,0.7625498008,6.0,9.0,12.0,complete
baseline_rank_score,2025,BRSAN,53,1320,2000,10,0.0,29.0,34.0,39.0,complete
baseline_rank_score,2025,BTCIM,72,1275,2000,10,0.0,40.0,46.0,51.0,complete
baseline_rank_score,2025,CANTE,80,1269,2000,10,0.0,45.0,51.0,56.0,complete
baseline_rank_score,2025,CCOLA,29,1257,2000,10,0.0,14.0,19.0,23.0,complete
baseline_rank_score,2025,CEMTS,78,1293,2000,10,0.0,44.0,50.0,55.0,complete
baseline_rank_score,2025,CIMSA,43,1243,2000,10,0.0,22.0,27.0,32.0,complete
baseline_rank_score,2025,DEVA,57,1280,2000,10,0.0,31.0,36.0,42.0,complete
baseline_rank_score,2025,DOAS,45,1328,2000,10,0.0,24.0,29.0,34.0,complete
baseline_rank_score,2025,DOHOL,41,1234,2000,10,0.0,21.0,26.0,31.0,complete
baseline_rank_score,2025,DSTKF,38,1246,2000,10,0.0,20.0,24.0,29.0,complete
baseline_rank_score,2025,EKGYO,20,1268,2000,10,0.094637224,9.0,13.0,17.0,complete
baseline_rank_score,2025,ENJSA,36,1252,2000,10,0.0,18.0,23.0,28.0,complete
baseline_rank_score,2025,ENKAI,17,1277,2000,10,0.3696162882,8.0,11.0,14.0,complete
baseline_rank_score,2025,EREGL,9,1294,2000,10,1.0,3.0,6.0,8.0,complete
baseline_rank_score,2025,FROTO,10,1271,2000,10,1.0,4.0,7.0,9.0,complete
baseline_rank_score,2025,GARAN,1,1266,2000,10,1.0,1.0,1.0,1.0,complete
baseline_rank_score,2025,GUBRF,47,1277,2000,10,0.0,25.0,30.0,35.0,complete
baseline_rank_score,2025,HALKB,30,1249,2000,10,0.0,15.0,19.0,24.0,complete
baseline_rank_score,2025,HEKTS,77,1285,2000,10,0.0,43.0,49.0,54.0,complete
baseline_rank_score,2025,ISCTR,12,1314,2000,10,0.9596651446,5.0,8.0,11.0,complete
baseline_rank_score,2025,ISGYO,55,1265,2000,10,0.0,30.0,35.0,40.0,complete
baseline_rank_score,2025,KCHOL,15,1245,2000,10,0.6401606426,7.0,10.0,13.0,complete
baseline_rank_score,2025,KONTR,64,1236,2000,10,0.0,35.0,41.0,46.0,complete
baseline_rank_score,2025,KRDMD,56,1268,2000,10,0.0,31.0,36.0,41.0,complete
baseline_rank_score,2025,KRVGD,75,1239,2000,10,0.0,42.0,48.0,53.0,complete
baseline_rank_score,2025,KUYAS,66,1252,2000,10,0.0,37.0,42.0,47.0,complete
baseline_rank_score,2025,LOGO,52,1263,2000,10,0.0,28.0,33.0,39.0,complete
baseline_rank_score,2025,MAVI,51,1269,2000,10,0.0,27.0,33.0,38.0,complete
baseline_rank_score,2025,MGROS,31,1250,2000,10,0.0,15.0,20.0,24.0,complete
baseline_rank_score,2025,MIATK,61,1275,2000,10,0.0,34.0,39.0,44.0,complete
baseline_rank_score,2025,MPARK,26,1265,2000,10,0.0007905138,13.0,17.0,21.0,complete
baseline_rank_score,2025,NETAS,74,1257,2000,10,0.0,42.0,47.0,52.0,complete
baseline_rank_score,2025,NTGAZ,73,1262,2000,10,0.0,41.0,47.0,52.0,complete
baseline_rank_score,2025,ODAS,76,1263,2000,10,0.0,43.0,48.0,54.0,complete
baseline_rank_score,2025,OTKAR,60,1224,2000,10,0.0,33.0,38.0,43.0,complete
baseline_rank_score,2025,OYAKC,35,1284,2000,10,0.0,18.0,22.0,27.0,complete
baseline_rank_score,2025,PASEU,69,1281,2000,10,0.0,38.0,44.0,49.0,complete
baseline_rank_score,2025,PETKM,67,1256,2000,10,0.0,37.0,43.0,48.0,complete
baseline_rank_score,2025,PGSUS,7,1248,2000,10,1.0,3.0,5.0,7.0,complete
baseline_rank_score,2025,PRKME,70,1236,2000,10,0.0,39.0,45.0,50.0,complete
baseline_rank_score,2025,RGYAS,34,1315,2000,10,0.0,17.0,22.0,26.0,complete
baseline_rank_score,2025,SAHOL,37,1246,2000,10,0.0,19.0,24.0,28.0,complete
baseline_rank_score,2025,SASA,40,1264,2000,10,0.0,21.0,26.0,30.0,complete
baseline_rank_score,2025,SELEC,42,1283,2000,10,0.0,22.0,27.0,32.0,complete
baseline_rank_score,2025,SISE,23,1276,2000,10,0.0195924765,11.0,15.0,19.0,complete
baseline_rank_score,2025,SKBNK,49,1271,2000,10,0.0,26.0,31.0,36.0,complete
baseline_rank_score,2025,SMRTG,71,1235,2000,10,0.0,39.0,45.0,50.0,complete
baseline_rank_score,2025,SOKM,65,1274,2000,10,0.0,36.0,41.0,47.0,complete
baseline_rank_score,2025,TAVHL,19,1264,2000,10,0.1526898734,9.0,12.0,16.0,complete
baseline_rank_score,2025,TBORG,25,1271,2000,10,0.0047206924,12.0,16.0,20.0,complete
baseline_rank_score,2025,TCELL,4,1296,2000,10,1.0,1.0,3.0,4.0,complete
baseline_rank_score,2025,THYAO,13,1281,2000,10,0.8782201405,6.0,9.0,12.0,complete
baseline_rank_score,2025,TOASO,32,1278,2000,10,0.0,16.0,21.0,25.0,complete
baseline_rank_score,2025,TRALT,54,1252,2000,10,0.0,29.0,34.0,40.0,complete
baseline_rank_score,2025,TRMET,62,1353,2000,10,0.0,34.0,40.0,45.0,complete
baseline_rank_score,2025,TSKB,24,1265,2000,10,0.0102766798,11.0,16.0,19.0,complete
baseline_rank_score,2025,TTKOM,11,1303,2000,10,0.9938603223,4.0,7.0,10.0,complete
baseline_rank_score,2025,TUPRS,21,1233,2000,10,0.0575831306,10.0,14.0,17.0,complete
baseline_rank_score,2025,TURSG,39,1228,2000,10,0.0,20.0,25.0,30.0,complete
baseline_rank_score,2025,ULKER,27,1270,2000,10,0.0,13.0,17.0,22.0,complete
baseline_rank_score,2025,ULUSE,79,1240,2000,10,0.0,45.0,50.0,55.0,complete
baseline_rank_score,2025,VAKBN,5,1281,2000,10,1.0,2.0,4.0,5.0,complete
baseline_rank_score,2025,VESTL,46,1268,2000,10,0.0,24.0,29.0,35.0,complete
baseline_rank_score,2025,YKBNK,8,1295,2000,10,1.0,3.0,5.0,8.0,complete
baseline_rank_score,2025,ZOREN,63,1266,2000,10,0.0,35.0,40.0,45.0,complete
elasticnet,2023,AEFES,64,1285,2000,10,0.0,35.0,41.0,46.9,complete
elasticnet,2023,AGESA,42,1282,2000,10,0.0,22.0,27.0,32.0,complete
elasticnet,2023,AGHOL,73,1265,2000,10,0.0,41.0,46.0,52.0,complete
elasticnet,2023,AKBNK,47,1265,2000,10,0.0,25.0,30.0,35.0,complete
elasticnet,2023,AKENR,37,1275,2000,10,0.0,19.0,24.0,29.0,complete
elasticnet,2023,AKSA,50,1258,2000,10,0.0,27.0,32.0,37.0,complete
elasticnet,2023,AKSEN,59,1299,2000,10,0.0,32.0,38.0,43.0,complete
elasticnet,2023,ALARK,23,1260,2000,10,0.0166666667,11.0,15.0,19.0,complete
elasticnet,2023,ALBRK,35,1284,2000,10,0.0,17.0,22.0,27.0,complete
elasticnet,2023,ANHYT,43,1279,2000,10,0.0,22.0,28.0,33.0,complete
elasticnet,2023,ARCLK,76,1276,2000,10,0.0,43.0,49.0,54.0,complete
elasticnet,2023,ASELS,65,1285,2000,10,0.0,36.0,41.0,47.0,complete
elasticnet,2023,ASTOR,19,1264,2000,10,0.1590189873,9.0,12.0,16.0,complete
elasticnet,2023,BERA,33,1280,2000,10,0.0,16.975,21.0,26.0,complete
elasticnet,2023,BIMAS,79,1267,2000,10,0.0,45.0,50.0,56.0,complete
elasticnet,2023,BRSAN,49,1236,2000,10,0.0,26.0,31.0,37.0,complete
elasticnet,2023,BTCIM,10,1252,2000,10,1.0,4.0,7.0,9.0,complete
elasticnet,2023,CANTE,4,1293,2000,10,1.0,1.0,3.0,4.0,complete
elasticnet,2023,CCOLA,70,1240,2000,10,0.0,39.0,45.0,50.0,complete
elasticnet,2023,CEMTS,16,1258,2000,10,0.4856915739,7.0,11.0,14.0,complete
elasticnet,2023,CIMSA,11,1281,2000,10,0.9914129586,4.0,7.0,10.0,complete
elasticnet,2023,DEVA,52,1278,2000,10,0.0,28.0,33.0,38.075,complete
elasticnet,2023,DOAS,40,1235,2000,10,0.0,20.0,26.0,30.0,complete
elasticnet,2023,DOHOL,31,1219,2000,10,0.0,15.0,20.0,25.0,complete
elasticnet,2023,DSTKF,22,1248,2000,10,0.0344551282,10.0,14.0,18.0,complete
elasticnet,2023,EGEEN,15,1258,2000,10,0.6279809221,6.0,10.0,13.0,complete
elasticnet,2023,EKGYO,26,1256,2000,10,0.0007961783,12.0,17.0,21.0,complete
elasticnet,2023,ENJSA,67,1286,2000,10,0.0,37.0,43.0,48.0,complete
elasticnet,2023,ENKAI,78,1303,2000,10,0.0,44.0,50.0,55.0,complete
elasticnet,2023,EREGL,80,1278,2000,10,0.0,46.0,51.0,56.0,complete
elasticnet,2023,FROTO,72,1283,2000,10,0.0,40.05,46.0,51.0,complete
elasticnet,2023,GARAN,53,1267,2000,10,0.0,28.0,34.0,39.0,complete
elasticnet,2023,GUBRF,58,1229,2000,10,0.0,31.0,37.0,42.0,complete
elasticnet,2023,HALKB,45,1270,2000,10,0.0,23.0,29.0,34.0,complete
elasticnet,2023,HEKTS,9,1269,2000,10,1.0,4.0,6.0,9.0,complete
elasticnet,2023,ISCTR,25,1231,2000,10,0.0032493907,12.0,16.0,20.0,complete
elasticnet,2023,ISGYO,6,1282,2000,10,1.0,2.0,4.0,6.0,complete
elasticnet,2023,KCHOL,75,1326,2000,10,0.0,42.0,48.0,53.0,complete
elasticnet,2023,KONTR,2,1295,2000,10,1.0,1.0,2.0,2.0,complete
elasticnet,2023,KRDMD,71,1304,2000,10,0.0,40.0,45.0,51.0,complete
elasticnet,2023,KRVGD,28,1271,2000,10,0.0007867821,13.75,18.0,22.0,complete
elasticnet,2023,KUYAS,1,1262,2000,10,1.0,1.0,1.0,1.0,complete
elasticnet,2023,LOGO,27,1258,2000,10,0.0015898251,13.0,17.0,22.0,complete
elasticnet,2023,MAVI,17,1249,2000,10,0.353082466,7.2,11.0,15.0,complete
elasticnet,2023,MGROS,46,1304,2000,10,0.0,24.0,29.0,34.0,complete
elasticnet,2023,MIATK,3,1301,2000,10,1.0,1.0,2.0,3.0,complete
elasticnet,2023,MPARK,39,1255,2000,10,0.0,20.0,25.0,30.0,complete
elasticnet,2023,NETAS,34,1238,2000,10,0.0,17.0,22.0,26.075,complete
elasticnet,2023,NTGAZ,5,1281,2000,10,1.0,2.0,4.0,5.0,complete
elasticnet,2023,ODAS,18,1290,2000,10,0.2565891473,8.0,12.0,15.0,complete
elasticnet,2023,OTKAR,38,1224,2000,10,0.0,19.0,24.0,29.425,complete
elasticnet,2023,OYAKC,32,1320,2000,10,0.0,15.0,21.0,25.0,complete
elasticnet,2023,PASEU,14,1259,2000,10,0.7815726767,6.0,9.0,12.0,complete
elasticnet,2023,PETKM,57,1287,2000,10,0.0,31.0,36.0,42.0,complete
elasticnet,2023,PGSUS,55,1271,2000,10,0.0,30.0,35.0,40.25,complete
elasticnet,2023,PRKME,8,1241,2000,10,1.0,3.0,5.0,8.0,complete
elasticnet,2023,SAHOL,48,1266,2000,10,0.0,25.0,31.0,36.0,complete
elasticnet,2023,SASA,12,1307,2000,10,0.9533282326,5.0,8.0,11.0,complete
elasticnet,2023,SELEC,60,1282,2000,10,0.0,33.0,38.0,44.0,complete
elasticnet,2023,SISE,69,1281,2000,10,0.0,38.0,44.0,49.0,complete
elasticnet,2023,SKBNK,24,1247,2000,10,0.0120288693,11.0,16.0,19.0,complete
elasticnet,2023,SMRTG,13,1268,2000,10,0.8848580442,5.0,9.0,12.0,complete
elasticnet,2023,SOKM,66,1252,2000,10,0.0,36.0,42.0,47.0,complete
elasticnet,2023,TAVHL,41,1259,2000,10,0.0,21.0,26.0,31.0,complete
elasticnet,2023,TBORG,56,1287,2000,10,0.0,30.0,36.0,41.0,complete
elasticnet,2023,TCELL,74,1295,2000,10,0.0,42.0,47.0,52.0,complete
elasticnet,2023,THYAO,7,1237,2000,10,1.0,3.0,5.0,7.0,complete
elasticnet,2023,TOASO,68,1303,2000,10,0.0,38.0,43.0,49.0,complete
elasticnet,2023,TRALT,20,1246,2000,10,0.095505618,9.0,13.0,17.0,complete
elasticnet,2023,TRMET,51,1304,2000,10,0.0,27.0,33.0,38.0,complete
elasticnet,2023,TSKB,54,1279,2000,10,0.0,29.0,34.0,40.0,complete
elasticnet,2023,TTKOM,62,1249,2000,10,0.0,34.0,39.0,45.0,complete
elasticnet,2023,TUPRS,77,1266,2000,10,0.0,43.0,49.0,54.0,complete
elasticnet,2023,TURSG,44,1237,2000,10,0.0,23.0,28.0,33.0,complete
elasticnet,2023,ULKER,61,1258,2000,10,0.0,33.0,39.0,44.0,complete
elasticnet,2023,ULUSE,21,1262,2000,10,0.0673534073,10.0,14.0,17.0,complete
elasticnet,2023,VAKBN,36,1235,2000,10,0.0,18.0,23.0,28.0,complete
elasticnet,2023,VESTL,63,1278,2000,10,0.0,35.0,40.0,46.0,complete
elasticnet,2023,YKBNK,29,1262,2000,10,0.0,14.0,19.0,23.0,complete
elasticnet,2023,ZOREN,30,1252,2000,10,0.0,14.0,19.0,24.0,complete
elasticnet,2024,AEFES,26,1274,2000,10,0.0007849294,13.0,17.0,21.0,complete
elasticnet,2024,AGESA,18,1278,2000,10,0.2441314554,8.0,12.0,15.0,complete
elasticnet,2024,AGHOL,70,1282,2000,10,0.0,39.0,45.0,50.0,complete
elasticnet,2024,AKBNK,39,1293,2000,10,0.0,20.0,25.0,30.0,complete
elasticnet,2024,AKENR,24,1285,2000,10,0.0101167315,11.0,16.0,20.0,complete
elasticnet,2024,AKSA,35,1289,2000,10,0.0,18.0,22.0,27.0,complete
elasticnet,2024,AKSEN,55,1279,2000,10,0.0,30.0,35.0,40.0,complete
elasticnet,2024,ALARK,41,1302,2000,10,0.0,21.0,26.0,31.0,complete
elasticnet,2024,ALBRK,19,1249,2000,10,0.1545236189,9.0,12.0,16.0,complete
elasticnet,2024,ANHYT,22,1253,2000,10,0.0311252993,10.0,14.0,18.0,complete
elasticnet,2024,ARCLK,67,1243,2000,10,0.0,37.0,43.0,48.0,complete
elasticnet,2024,ASELS,79,1268,2000,10,0.0,45.0,50.0,56.0,complete
elasticnet,2024,ASTOR,49,1272,2000,10,0.0,26.0,31.0,36.0,complete
elasticnet,2024,BERA,38,1246,2000,10,0.0,19.0,24.0,29.0,complete
elasticnet,2024,BIMAS,78,1263,2000,10,0.0,44.0,50.0,55.0,complete
elasticnet,2024,BRSAN,74,1245,2000,10,0.0,42.0,47.0,53.0,complete
elasticnet,2024,BTCIM,3,1272,2000,10,1.0,1.0,2.0,3.0,complete
elasticnet,2024,CANTE,4,1277,2000,10,1.0,1.0,3.0,4.0,complete
elasticnet,2024,CCOLA,77,1270,2000,10,0.0,43.725,49.0,55.0,complete
elasticnet,2024,CEMTS,45,1219,2000,10,0.0,23.0,29.0,34.0,complete
elasticnet,2024,CIMSA,13,1274,2000,10,0.8916797488,5.0,9.0,12.0,complete
elasticnet,2024,DEVA,30,1255,2000,10,0.0,15.0,19.0,24.0,complete
elasticnet,2024,DOAS,66,1276,2000,10,0.0,36.875,42.0,47.0,complete
elasticnet,2024,DOHOL,63,1254,2000,10,0.0,35.0,40.0,45.0,complete
elasticnet,2024,DSTKF,11,1256,2000,10,0.9888535032,5.0,7.0,10.0,complete
elasticnet,2024,EGEEN,29,1230,2000,10,0.0,14.0,19.0,23.0,complete
elasticnet,2024,EKGYO,56,1252,2000,10,0.0,31.0,36.0,41.0,complete
elasticnet,2024,ENJSA,69,1249,2000,10,0.0,38.0,44.0,49.0,complete
elasticnet,2024,ENKAI,68,1249,2000,10,0.0,38.0,43.0,49.0,complete
elasticnet,2024,EREGL,60,1282,2000,10,0.0,33.0,38.0,43.0,complete
elasticnet,2024,FROTO,25,1256,2000,10,0.0039808917,12.0,16.0,20.0,complete
elasticnet,2024,GARAN,40,1249,2000,10,0.0,20.0,26.0,31.0,complete
elasticnet,2024,GUBRF,72,1265,2000,10,0.0,40.0,46.0,51.0,complete
elasticnet,2024,HALKB,46,1293,2000,10,0.0,24.0,29.0,34.0,complete
elasticnet,2024,HEKTS,58,1279,2000,10,0.0,31.0,37.0,42.0,complete
elasticnet,2024,ISCTR,51,1281,2000,10,0.0,27.0,33.0,38.0,complete
elasticnet,2024,ISGYO,15,1255,2000,10,0.6231075697,7.0,10.0,13.0,complete
elasticnet,2024,KCHOL,62,1254,2000,10,0.0,34.0,39.0,45.0,complete
elasticnet,2024,KONTR,1,1284,2000,10,1.0,1.0,1.0,1.0,complete
elasticnet,2024,KRDMD,44,1218,2000,10,0.0,23.0,28.0,33.0,complete
elasticnet,2024,KRVGD,47,1270,2000,10,0.0,25.0,30.0,35.0,complete
elasticnet,2024,KUYAS,2,1314,2000,10,1.0,1.0,2.0,2.0,complete
elasticnet,2024,LOGO,20,1232,2000,10,0.0795454545,9.775,13.0,17.0,complete
elasticnet,2024,MAVI,27,1256,2000,10,0.0015923567,13.0,18.0,22.0,complete
elasticnet,2024,MGROS,64,1265,2000,10,0.0,35.6,41.0,46.0,complete
elasticnet,2024,MIATK,7,1286,2000,10,1.0,3.0,5.0,7.0,complete
elasticnet,2024,MPARK,31,1244,2000,10,0.0,15.0,20.0,24.0,complete
elasticnet,2024,NETAS,17,1310,2000,10,0.3641221374,8.0,11.0,14.0,complete
elasticnet,2024,NTGAZ,37,1255,2000,10,0.0,19.0,24.0,28.0,complete
elasticnet,2024,ODAS,42,1215,2000,10,0.0,22.0,27.0,32.0,complete
elasticnet,2024,OTKAR,59,1267,2000,10,0.0,32.0,38.0,43.0,complete
elasticnet,2024,OYAKC,34,1288,2000,10,0.0,17.0,22.0,26.0,complete
elasticnet,2024,PASEU,8,1281,2000,10,1.0,3.0,5.0,8.0,complete
elasticnet,2024,PETKM,12,1278,2000,10,0.9585289515,5.0,8.0,11.0,complete
elasticnet,2024,PGSUS,10,1279,2000,10,1.0,4.0,7.0,9.0,complete
elasticnet,2024,PRKME,23,1262,2000,10,0.0142630745,11.0,15.0,19.0,complete
elasticnet,2024,SAHOL,57,1251,2000,10,0.0,31.0,36.0,42.0,complete
elasticnet,2024,SASA,5,1264,2000,10,1.0,2.0,4.0,5.0,complete
elasticnet,2024,SELEC,76,1260,2000,10,0.0,43.0,48.0,54.0,complete
elasticnet,2024,SISE,73,1247,2000,10,0.0,41.0,47.0,52.0,complete
elasticnet,2024,SKBNK,28,1301,2000,10,0.0,13.5,18.0,22.0,complete
elasticnet,2024,SMRTG,9,1260,2000,10,1.0,3.475,6.0,8.0,complete
elasticnet,2024,SOKM,54,1250,2000,10,0.0,29.0,35.0,40.0,complete
elasticnet,2024,TAVHL,14,1249,2000,10,0.7646116894,6.0,9.0,12.0,complete
elasticnet,2024,TBORG,52,1277,2000,10,0.0,28.0,33.0,38.0,complete
elasticnet,2024,TCELL,75,1304,2000,10,0.0,42.0,48.0,53.0,complete
elasticnet,2024,THYAO,6,1297,2000,10,1.0,2.0,4.0,6.0,complete
elasticnet,2024,TOASO,61,1265,2000,10,0.0,33.0,39.0,44.0,complete
elasticnet,2024,TRALT,71,1249,2000,10,0.0,40.0,45.0,51.0,complete
elasticnet,2024,TRMET,50,1329,2000,10,0.0,27.0,32.0,37.0,complete
elasticnet,2024,TSKB,21,1270,2000,10,0.0503937008,10.0,14.0,17.0,complete
elasticnet,2024,TTKOM,48,1274,2000,10,0.0,25.0,31.0,36.0,complete
elasticnet,2024,TUPRS,80,1237,2000,10,0.0,45.0,51.0,56.0,complete
elasticnet,2024,TURSG,16,1283,2000,10,0.4863600935,7.0,11.0,14.0,complete
elasticnet,2024,ULKER,43,1243,2000,10,0.0,23.0,28.0,32.0,complete
elasticnet,2024,ULUSE,53,1278,2000,10,0.0,28.0,34.0,39.0,complete
elasticnet,2024,VAKBN,32,1273,2000,10,0.0,16.0,21.0,25.0,complete
elasticnet,2024,VESTL,65,1261,2000,10,0.0,36.0,41.0,47.0,complete
elasticnet,2024,YKBNK,36,1277,2000,10,0.0,18.0,23.0,28.0,complete
elasticnet,2024,ZOREN,33,1273,2000,10,0.0,16.0,21.0,26.0,complete
elasticnet,2025,AEFES,19,1261,2000,10,0.1831879461,9.0,12.0,16.0,complete
elasticnet,2025,AGESA,26,1241,2000,10,0.0032232071,12.0,17.0,21.0,complete
elasticnet,2025,AGHOL,72,1313,2000,10,0.0,40.0,46.0,51.0,complete
elasticnet,2025,AKBNK,36,1282,2000,10,0.0,18.0,23.0,28.0,complete
elasticnet,2025,AKENR,40,1263,2000,10,0.0,20.55,25.0,30.0,complete
elasticnet,2025,AKSA,50,1287,2000,10,0.0,27.0,32.0,37.0,complete
elasticnet,2025,AKSEN,27,1263,2000,10,0.0007917656,13.0,17.0,22.0,complete
elasticnet,2025,ALARK,20,1273,2000,10,0.1115475255,9.0,13.0,17.0,complete
elasticnet,2025,ALBRK,11,1302,2000,10,0.9923195084,4.0,7.0,10.0,complete
elasticnet,2025,ANHYT,29,1267,2000,10,0.0,14.0,19.0,23.0,complete
elasticnet,2025,ARCLK,65,1242,2000,10,0.0,36.0,41.0,47.0,complete
elasticnet,2025,ASELS,78,1263,2000,10,0.0,44.0,50.0,55.0,complete
elasticnet,2025,ASTOR,71,1247,2000,10,0.0,40.0,45.0,51.0,complete
elasticnet,2025,BERA,51,1277,2000,10,0.0,27.0,33.0,38.0,complete
elasticnet,2025,BIMAS,75,1277,2000,10,0.0,42.0,48.0,53.0,complete
elasticnet,2025,BRSAN,80,1271,2000,10,0.0,45.0,51.0,56.0,complete
elasticnet,2025,BTCIM,5,1246,2000,10,1.0,2.0,4.0,5.0,complete
elasticnet,2025,CANTE,2,1271,2000,10,1.0,1.0,2.0,2.0,complete
elasticnet,2025,CCOLA,77,1305,2000,10,0.0,43.0,49.0,54.0,complete
elasticnet,2025,CEMTS,53,1267,2000,10,0.0,28.0,34.0,39.0,complete
elasticnet,2025,CIMSA,18,1220,2000,10,0.2672131148,8.0,12.0,15.0,complete
elasticnet,2025,DEVA,44,1272,2000,10,0.0,23.0,28.0,33.0,complete
elasticnet,2025,DOAS,66,1274,2000,10,0.0,37.0,42.0,48.0,complete
elasticnet,2025,DOHOL,32,1250,2000,10,0.0,16.0,20.5,25.0,complete
elasticnet,2025,DSTKF,23,1264,2000,10,0.0150316456,11.0,15.0,19.0,complete
elasticnet,2025,EKGYO,17,1258,2000,10,0.3839427663,7.0,11.0,15.0,complete
elasticnet,2025,ENJSA,59,1262,2000,10,0.0,32.0,38.0,43.0,complete
elasticnet,2025,ENKAI,68,1291,2000,10,0.0,38.0,43.0,49.0,complete
elasticnet,2025,EREGL,69,1299,2000,10,0.0,38.45,44.0,50.0,complete
elasticnet,2025,FROTO,37,1284,2000,10,0.0,19.0,24.0,28.0,complete
elasticnet,2025,GARAN,39,1274,2000,10,0.0,20.0,25.0,30.0,complete
elasticnet,2025,GUBRF,49,1266,2000,10,0.0,26.0,31.0,37.0,complete
elasticnet,2025,HALKB,14,1276,2000,10,0.7860501567,6.0,9.0,12.0,complete
elasticnet,2025,HEKTS,47,1302,2000,10,0.0,25.0,30.0,35.0,complete
elasticnet,2025,ISCTR,41,1266,2000,10,0.0,21.0,26.0,31.0,complete
elasticnet,2025,ISGYO,16,1257,2000,10,0.4956245028,7.0,11.0,14.0,complete
elasticnet,2025,KCHOL,74,1262,2000,10,0.0,41.0,47.0,53.0,complete
elasticnet,2025,KONTR,25,1268,2000,10,0.0047318612,12.0,16.0,20.0,complete
elasticnet,2025,KRDMD,8,1267,2000,10,1.0,3.0,5.0,8.0,complete
elasticnet,2025,KRVGD,55,1235,2000,10,0.0,30.0,35.0,40.0,complete
elasticnet,2025,KUYAS,13,1253,2000,10,0.8978451716,5.0,9.0,12.0,complete
elasticnet,2025,LOGO,12,1231,2000,10,0.9585702681,5.0,8.0,11.0,complete
elasticnet,2025,MAVI,52,1219,2000,10,0.0,28.0,33.0,39.0,complete
elasticnet,2025,MGROS,42,1213,2000,10,0.0,22.0,27.0,32.0,complete
elasticnet,2025,MIATK,33,1264,2000,10,0.0,16.0,21.0,26.0,complete
elasticnet,2025,MPARK,54,1248,2000,10,0.0,29.0,34.0,40.0,complete
elasticnet,2025,NETAS,46,1287,2000,10,0.0,24.0,29.0,35.0,complete
elasticnet,2025,NTGAZ,28,1312,2000,10,0.0015243902,14.0,18.0,22.0,complete
elasticnet,2025,ODAS,48,1279,2000,10,0.0,26.0,31.0,36.0,complete
elasticnet,2025,OTKAR,67,1249,2000,10,0.0,37.2,43.0,48.0,complete
elasticnet,2025,OYAKC,76,1273,2000,10,0.0,43.0,48.0,53.0,complete
elasticnet,2025,PASEU,9,1254,2000,10,1.0,3.0,6.0,9.0,complete
elasticnet,2025,PETKM,6,1255,2000,10,1.0,2.0,4.0,6.0,complete
elasticnet,2025,PGSUS,62,1273,2000,10,0.0,34.0,39.0,45.0,complete
elasticnet,2025,PRKME,7,1228,2000,10,1.0,2.675,5.0,7.0,complete
elasticnet,2025,RGYAS,21,1233,2000,10,0.0689375507,9.0,14.0,17.0,complete
elasticnet,2025,SAHOL,43,1305,2000,10,0.0,22.0,27.0,33.0,complete
elasticnet,2025,SASA,1,1296,2000,10,1.0,1.0,1.0,1.0,complete
elasticnet,2025,SELEC,70,1298,2000,10,0.0,39.0,45.0,50.0,complete
elasticnet,2025,SISE,30,1266,2000,10,0.0007898894,15.0,19.0,24.0,complete
elasticnet,2025,SKBNK,22,1307,2000,10,0.0420811018,10.0,14.0,18.0,complete
elasticnet,2025,SMRTG,31,1244,2000,10,0.0,15.0,20.0,24.0,complete
elasticnet,2025,SOKM,64,1251,2000,10,0.0,35.0,41.0,47.0,complete
elasticnet,2025,TAVHL,60,1302,2000,10,0.0,33.0,38.0,44.0,complete
elasticnet,2025,TBORG,57,1284,2000,10,0.0,31.0,36.0,42.0,complete
elasticnet,2025,TCELL,73,1261,2000,10,0.0,41.0,46.0,52.0,complete
elasticnet,2025,THYAO,4,1255,2000,10,1.0,1.0,3.0,4.0,complete
elasticnet,2025,TOASO,61,1301,2000,10,0.0,34.0,39.0,44.0,complete
elasticnet,2025,TRALT,35,1233,2000,10,0.0,18.0,22.0,27.0,complete
elasticnet,2025,TRMET,3,1251,2000,10,1.0,1.0,2.0,3.0,complete
elasticnet,2025,TSKB,10,1268,2000,10,1.0,4.0,7.0,9.0,complete
elasticnet,2025,TTKOM,45,1304,2000,10,0.0,23.0,29.0,34.0,complete
elasticnet,2025,TUPRS,79,1317,2000,10,0.0,45.0,50.0,56.0,complete
elasticnet,2025,TURSG,63,1254,2000,10,0.0,35.0,40.0,46.0,complete
elasticnet,2025,ULKER,56,1280,2000,10,0.0,30.0,36.0,41.0,complete
elasticnet,2025,ULUSE,58,1254,2000,10,0.0,32.0,37.0,43.0,complete
elasticnet,2025,VAKBN,15,1265,2000,10,0.6482213439,6.0,10.0,13.0,complete
elasticnet,2025,VESTL,34,1324,2000,10,0.0,17.0,22.0,27.0,complete
elasticnet,2025,YKBNK,38,1278,2000,10,0.0,19.0,24.0,29.0,complete
elasticnet,2025,ZOREN,24,1283,2000,10,0.0085736555,11.0,15.0,20.0,complete
gradient_boosting,2023,AEFES,41,1274,2000,10,0.0,21.825,26.0,31.0,complete
gradient_boosting,2023,AGESA,26,1314,2000,10,0.002283105,13.0,17.0,21.0,complete
gradient_boosting,2023,AGHOL,66,1288,2000,10,0.0,37.0,42.0,48.0,complete
gradient_boosting,2023,AKBNK,37,1291,2000,10,0.0,19.0,24.0,28.0,complete
gradient_boosting,2023,AKENR,40,1277,2000,10,0.0,21.0,26.0,31.0,complete
gradient_boosting,2023,AKSA,46,1306,2000,10,0.0,24.0,30.0,35.0,complete
gradient_boosting,2023,AKSEN,73,1232,2000,10,0.0,41.0,46.0,52.0,complete
gradient_boosting,2023,ALARK,8,1297,2000,10,1.0,3.0,6.0,8.0,complete
gradient_boosting,2023,ALBRK,30,1255,2000,10,0.0,15.0,19.0,24.0,complete
gradient_boosting,2023,ANHYT,31,1269,2000,10,0.0,15.0,20.0,24.0,complete
gradient_boosting,2023,ARCLK,64,1276,2000,10,0.0,35.0,41.0,46.0,complete
gradient_boosting,2023,ASELS,74,1260,2000,10,0.0,42.0,47.0,53.0,complete
gradient_boosting,2023,ASTOR,51,1275,2000,10,0.0,27.0,33.0,38.0,complete
gradient_boosting,2023,BERA,67,1268,2000,10,0.0,37.0,43.0,48.0,complete
gradient_boosting,2023,BIMAS,61,1273,2000,10,0.0,33.0,39.0,45.0,complete
gradient_boosting,2023,BRSAN,60,1282,2000,10,0.0,33.0,38.0,44.0,complete
gradient_boosting,2023,BTCIM,9,1252,2000,10,1.0,3.0,6.0,8.0,complete
gradient_boosting,2023,CANTE,2,1323,2000,10,1.0,1.0,2.0,2.0,complete
gradient_boosting,2023,CCOLA,68,1283,2000,10,0.0,38.0,43.0,49.0,complete
gradient_boosting,2023,CEMTS,78,1249,2000,10,0.0,44.0,50.0,55.0,complete
gradient_boosting,2023,CIMSA,39,1271,2000,10,0.0,20.0,25.0,30.0,complete
gradient_boosting,2023,DEVA,28,1299,2000,10,0.0007698229,14.0,18.0,22.0,complete
gradient_boosting,2023,DOAS,29,1298,2000,10,0.000770416,14.0,19.0,23.0,complete
gradient_boosting,2023,DOHOL,49,1255,2000,10,0.0,26.0,31.0,37.0,complete
gradient_boosting,2023,DSTKF,36,1273,2000,10,0.0,18.0,23.0,28.0,complete
gradient_boosting,2023,EGEEN,21,1240,2000,10,0.0766129032,9.0,14.0,17.0,complete
gradient_boosting,2023,EKGYO,50,1311,2000,10,0.0,26.0,32.0,37.0,complete
gradient_boosting,2023,ENJSA,76,1182,2000,10,0.0,43.0,49.0,54.0,complete
gradient_boosting,2023,ENKAI,72,1314,2000,10,0.0,40.0,46.0,51.0,complete
gradient_boosting,2023,EREGL,77,1271,2000,10,0.0,44.0,49.0,54.0,complete
gradient_boosting,2023,FROTO,55,1242,2000,10,0.0,30.0,35.0,40.975,complete
gradient_boosting,2023,GARAN,38,1258,2000,10,0.0,19.425,25.0,29.0,complete
gradient_boosting,2023,GUBRF,19,1281,2000,10,0.1459797034,9.0,13.0,16.0,complete
gradient_boosting,2023,HALKB,32,1268,2000,10,0.0,16.0,21.0,25.0,complete
gradient_boosting,2023,HEKTS,3,1304,2000,10,1.0,1.0,2.0,3.0,complete
gradient_boosting,2023,ISCTR,56,1261,2000,10,0.0,30.0,36.0,41.0,complete
gradient_boosting,2023,ISGYO,15,1260,2000,10,0.6357142857,7.0,10.0,13.0,complete
gradient_boosting,2023,KCHOL,80,1288,2000,10,0.0,46.0,51.0,56.0,complete
gradient_boosting,2023,KONTR,1,1284,2000,10,1.0,1.0,1.0,1.0,complete
gradient_boosting,2023,KRDMD,65,1267,2000,10,0.0,36.0,42.0,47.0,complete
gradient_boosting,2023,KRVGD,33,1242,2000,10,0.0,17.0,21.0,26.0,complete
gradient_boosting,2023,KUYAS,6,1274,2000,10,1.0,2.0,4.0,6.0,complete
gradient_boosting,2023,LOGO,7,1252,2000,10,1.0,2.0,5.0,7.0,complete
gradient_boosting,2023,MAVI,24,1281,2000,10,0.0117096019,11.0,16.0,20.0,complete
gradient_boosting,2023,MGROS,59,1260,2000,10,0.0,32.0,38.0,43.0,complete
gradient_boosting,2023,MIATK,52,1271,2000,10,0.0,28.0,33.0,39.0,complete
gradient_boosting,2023,MPARK,45,1269,2000,10,0.0,24.0,29.0,34.0,complete
gradient_boosting,2023,NETAS,12,1288,2000,10,0.9596273292,5.0,8.0,11.0,complete
gradient_boosting,2023,NTGAZ,17,1268,2000,10,0.3533123028,7.0,11.0,15.0,complete
gradient_boosting,2023,ODAS,35,1250,2000,10,0.0,18.0,23.0,27.0,complete
gradient_boosting,2023,OTKAR,53,1245,2000,10,0.0,29.0,34.0,39.0,complete
gradient_boosting,2023,OYAKC,18,1289,2000,10,0.2358417378,8.0,12.0,15.0,complete
gradient_boosting,2023,PASEU,14,1272,2000,10,0.7727987421,6.0,9.0,12.0,complete
gradient_boosting,2023,PETKM,42,1249,2000,10,0.0,22.0,27.0,32.0,complete
gradient_boosting,2023,PGSUS,16,1274,2000,10,0.4850863422,7.0,11.0,14.0,complete
gradient_boosting,2023,PRKME,11,1255,2000,10,0.996812749,4.0,7.0,10.0,complete
gradient_boosting,2023,SAHOL,57,1282,2000,10,0.0,31.0,37.0,42.0,complete
gradient_boosting,2023,SASA,23,1270,2000,10,0.0204724409,11.0,15.0,19.0,complete
gradient_boosting,2023,SELEC,71,1289,2000,10,0.0,40.0,45.0,51.0,complete
gradient_boosting,2023,SISE,54,1257,2000,10,0.0,29.0,35.0,40.0,complete
gradient_boosting,2023,SKBNK,47,1239,2000,10,0.0,25.0,30.0,35.0,complete
gradient_boosting,2023,SMRTG,5,1254,2000,10,1.0,2.0,4.0,5.0,complete
gradient_boosting,2023,SOKM,22,1291,2000,10,0.0340821069,10.0,14.0,18.0,complete
gradient_boosting,2023,TAVHL,70,1260,2000,10,0.0,39.0,45.0,50.0,complete
gradient_boosting,2023,TBORG,34,1269,2000,10,0.0,17.0,22.0,26.0,complete
gradient_boosting,2023,TCELL,79,1253,2000,10,0.0,45.0,50.0,56.0,complete
gradient_boosting,2023,THYAO,4,1234,2000,10,1.0,1.0,3.0,4.0,complete
gradient_boosting,2023,TOASO,62,1231,2000,10,0.0,34.0,40.0,45.0,complete
gradient_boosting,2023,TRALT,20,1267,2000,10,0.1010260458,9.0,13.0,17.0,complete
gradient_boosting,2023,TRMET,27,1267,2000,10,0.001578532,13.0,17.0,22.0,complete
gradient_boosting,2023,TSKB,69,1288,2000,10,0.0,38.0,44.0,49.0,complete
gradient_boosting,2023,TTKOM,75,1271,2000,10,0.0,42.0,48.0,53.0,complete
gradient_boosting,2023,TUPRS,44,1288,2000,10,0.0,23.0,28.0,33.0,complete
gradient_boosting,2023,TURSG,10,1275,2000,10,1.0,4.0,7.0,9.0,complete
gradient_boosting,2023,ULKER,63,1257,2000,10,0.0,35.0,40.0,46.0,complete
gradient_boosting,2023,ULUSE,13,1262,2000,10,0.8748019017,6.0,9.0,12.0,complete
gradient_boosting,2023,VAKBN,43,1296,2000,10,0.0,22.0,28.0,33.0,complete
gradient_boosting,2023,VESTL,25,1263,2000,10,0.0031670625,12.0,16.0,20.0,complete
gradient_boosting,2023,YKBNK,58,1241,2000,10,0.0,32.0,37.0,42.0,complete
gradient_boosting,2023,ZOREN,48,1281,2000,10,0.0,25.0,31.0,36.0,complete
gradient_boosting,2024,AEFES,13,1228,2000,10,0.8737785016,5.0,9.0,12.0,complete
gradient_boosting,2024,AGESA,24,1239,2000,10,0.00968523,11.95,16.0,20.0,complete
gradient_boosting,2024,AGHOL,47,1260,2000,10,0.0,25.0,30.0,35.0,complete
gradient_boosting,2024,AKBNK,23,1241,2000,10,0.0153102337,11.0,15.0,19.0,complete
gradient_boosting,2024,AKENR,70,1287,2000,10,0.0,39.0,45.0,50.0,complete
gradient_boosting,2024,AKSA,46,1270,2000,10,0.0,24.0,30.0,34.0,complete
gradient_boosting,2024,AKSEN,62,1276,2000,10,0.0,34.0,40.0,45.0,complete
gradient_boosting,2024,ALARK,10,1280,2000,10,1.0,4.0,7.0,9.0,complete
gradient_boosting,2024,ALBRK,33,1234,2000,10,0.0,17.0,21.0,26.0,complete
gradient_boosting,2024,ANHYT,25,1242,2000,10,0.0072463768,12.0,16.0,20.0,complete
gradient_boosting,2024,ARCLK,60,1277,2000,10,0.0,33.0,38.0,44.0,complete
gradient_boosting,2024,ASELS,74,1236,2000,10,0.0,42.0,47.0,52.0,complete
gradient_boosting,2024,ASTOR,51,1254,2000,10,0.0,27.0,33.0,38.0,complete
gradient_boosting,2024,BERA,63,1253,2000,10,0.0,35.0,40.0,45.0,complete
gradient_boosting,2024,BIMAS,55,1274,2000,10,0.0,30.0,35.0,41.0,complete
gradient_boosting,2024,BRSAN,4,1284,2000,10,1.0,1.0,3.0,4.0,complete
gradient_boosting,2024,BTCIM,8,1279,2000,10,1.0,3.0,5.0,8.0,complete
gradient_boosting,2024,CANTE,2,1268,2000,10,1.0,1.0,2.0,2.0,complete
gradient_boosting,2024,CCOLA,69,1293,2000,10,0.0,38.0,44.0,49.0,complete
gradient_boosting,2024,CEMTS,80,1244,2000,10,0.0,46.0,51.0,56.0,complete
gradient_boosting,2024,CIMSA,9,1264,2000,10,1.0,3.0,6.0,8.0,complete
gradient_boosting,2024,DEVA,14,1262,2000,10,0.7662440571,6.0,9.0,12.0,complete
gradient_boosting,2024,DOAS,15,1289,2000,10,0.6291698991,6.0,10.0,13.0,complete
gradient_boosting,2024,DOHOL,59,1252,2000,10,0.0,32.0,38.0,43.0,complete
gradient_boosting,2024,DSTKF,75,1245,2000,10,0.0,42.0,48.0,53.0,complete
gradient_boosting,2024,EGEEN,31,1291,2000,10,0.0,15.0,20.0,24.0,complete
gradient_boosting,2024,EKGYO,64,1258,2000,10,0.0,35.0,41.0,46.0,complete
gradient_boosting,2024,ENJSA,54,1292,2000,10,0.0,29.0,35.0,40.0,complete
gradient_boosting,2024,ENKAI,19,1291,2000,10,0.1471727343,8.25,12.0,16.0,complete
gradient_boosting,2024,EREGL,67,1250,2000,10,0.0,37.0,43.0,48.0,complete
gradient_boosting,2024,FROTO,29,1255,2000,10,0.0007968127,15.0,19.0,23.0,complete
gradient_boosting,2024,GARAN,20,1225,2000,10,0.0914285714,9.0,13.0,17.0,complete
gradient_boosting,2024,GUBRF,65,1290,2000,10,0.0,36.0,41.0,47.0,complete
gradient_boosting,2024,HALKB,76,1307,2000,10,0.0,43.0,48.0,54.0,complete
gradient_boosting,2024,HEKTS,45,1255,2000,10,0.0,23.0,29.0,34.0,complete
gradient_boosting,2024,ISCTR,34,1282,2000,10,0.0,17.0,22.0,26.0,complete
gradient_boosting,2024,ISGYO,35,1251,2000,10,0.0,18.0,23.0,27.0,complete
gradient_boosting,2024,KCHOL,40,1274,2000,10,0.0,20.825,26.0,30.0,complete
gradient_boosting,2024,KONTR,1,1211,2000,10,1.0,1.0,1.0,1.0,complete
gradient_boosting,2024,KRDMD,38,1273,2000,10,0.0,19.0,24.0,29.0,complete
gradient_boosting,2024,KRVGD,53,1286,2000,10,0.0,28.0,34.0,39.0,complete
gradient_boosting,2024,KUYAS,3,1294,2000,10,1.0,1.0,2.0,3.0,complete
gradient_boosting,2024,LOGO,32,1278,2000,10,0.0,16.0,21.0,25.0,complete
gradient_boosting,2024,MAVI,12,1285,2000,10,0.9579766537,5.0,8.0,11.0,complete
gradient_boosting,2024,MGROS,58,1247,2000,10,0.0,32.0,37.0,42.0,complete
gradient_boosting,2024,MIATK,6,1300,2000,10,1.0,2.0,4.0,6.0,complete
gradient_boosting,2024,MPARK,27,1279,2000,10,0.0007818608,13.0,17.0,22.0,complete
gradient_boosting,2024,NETAS,57,1242,2000,10,0.0,31.0,36.0,42.0,complete
gradient_boosting,2024,NTGAZ,22,1258,2000,10,0.0349761526,10.0,14.0,18.0,complete
gradient_boosting,2024,ODAS,78,1268,2000,10,0.0,44.0,50.0,55.0,complete
gradient_boosting,2024,OTKAR,26,1274,2000,10,0.0031397174,13.0,17.0,21.0,complete
gradient_boosting,2024,OYAKC,68,1287,2000,10,0.0,38.0,43.0,49.0,complete
gradient_boosting,2024,PASEU,79,1270,2000,10,0.0,45.0,50.0,56.0,complete
gradient_boosting,2024,PETKM,49,1285,2000,10,0.0,26.0,31.0,36.0,complete
gradient_boosting,2024,PGSUS,18,1311,2000,10,0.2585812357,8.0,12.0,15.0,complete
gradient_boosting,2024,PRKME,56,1258,2000,10,0.0,30.0,36.0,41.0,complete
gradient_boosting,2024,SAHOL,48,1280,2000,10,0.0,25.0,31.0,36.0,complete
gradient_boosting,2024,SASA,42,1273,2000,10,0.0,22.0,27.0,32.0,complete
gradient_boosting,2024,SELEC,28,1287,2000,10,0.0,14.0,18.0,22.0,complete
gradient_boosting,2024,SISE,52,1276,2000,10,0.0,28.0,33.0,38.0,complete
gradient_boosting,2024,SKBNK,37,1228,2000,10,0.0,19.0,24.0,28.0,complete
gradient_boosting,2024,SMRTG,16,1325,2000,10,0.5086792453,7.0,10.0,14.0,complete
gradient_boosting,2024,SOKM,50,1252,2000,10,0.0,26.0,32.0,37.0,complete
gradient_boosting,2024,TAVHL,43,1263,2000,10,0.0,22.0,28.0,33.0,complete
gradient_boosting,2024,TBORG,41,1276,2000,10,0.0,21.0,26.0,31.0,complete
gradient_boosting,2024,TCELL,72,1297,2000,10,0.0,40.0,46.0,51.0,complete
gradient_boosting,2024,THYAO,5,1297,2000,10,1.0,2.0,4.0,5.0,complete
gradient_boosting,2024,TOASO,44,1274,2000,10,0.0,23.0,28.0,33.0,complete
gradient_boosting,2024,TRALT,21,1283,2000,10,0.0639127046,10.0,14.0,18.0,complete
gradient_boosting,2024,TRMET,11,1292,2000,10,0.9883900929,4.0,7.0,10.0,complete
gradient_boosting,2024,TSKB,39,1241,2000,10,0.0,20.0,25.0,29.0,complete
gradient_boosting,2024,TTKOM,66,1271,2000,10,0.0,37.0,42.0,47.0,complete
gradient_boosting,2024,TUPRS,71,1240,2000,10,0.0,40.0,45.0,51.0,complete
gradient_boosting,2024,TURSG,30,1254,2000,10,0.0,15.0,19.0,24.0,complete
gradient_boosting,2024,ULKER,7,1229,2000,10,1.0,2.0,5.0,7.0,complete
gradient_boosting,2024,ULUSE,77,1272,2000,10,0.0,43.0,49.0,54.0,complete
gradient_boosting,2024,VAKBN,36,1272,2000,10,0.0,18.0,23.0,28.0,complete
gradient_boosting,2024,VESTL,73,1297,2000,10,0.0,41.0,47.0,52.0,complete
gradient_boosting,2024,YKBNK,17,1262,2000,10,0.3549920761,7.0,11.0,15.0,complete
gradient_boosting,2024,ZOREN,61,1265,2000,10,0.0,33.0,39.0,44.0,complete
gradient_boosting,2025,AEFES,42,1245,2000,10,0.0,22.0,27.0,32.0,complete
gradient_boosting,2025,AGESA,19,1303,2000,10,0.141980046,9.0,12.0,16.0,complete
gradient_boosting,2025,AGHOL,65,1299,2000,10,0.0,36.0,41.0,47.0,complete
gradient_boosting,2025,AKBNK,28,1314,2000,10,0.0,14.0,18.0,22.0,complete
gradient_boosting,2025,AKENR,4,1263,2000,10,1.0,1.0,3.0,4.0,complete
gradient_boosting,2025,AKSA,41,1245,2000,10,0.0,21.0,26.0,31.0,complete
gradient_boosting,2025,AKSEN,37,1279,2000,10,0.0,19.0,24.0,28.0,complete
gradient_boosting,2025,ALARK,9,1293,2000,10,1.0,3.0,6.0,8.0,complete
gradient_boosting,2025,ALBRK,17,1304,2000,10,0.3634969325,8.0,11.0,14.0,complete
gradient_boosting,2025,ANHYT,32,1274,2000,10,0.0,16.0,21.0,25.0,complete
gradient_boosting,2025,ARCLK,62,1278,2000,10,0.0,34.0,40.0,45.0,complete
gradient_boosting,2025,ASELS,59,1290,2000,10,0.0,32.0,38.0,43.0,complete
gradient_boosting,2025,ASTOR,78,1225,2000,10,0.0,44.0,50.0,55.0,complete
gradient_boosting,2025,BERA,49,1285,2000,10,0.0,26.0,31.0,36.9,complete
gradient_boosting,2025,BIMAS,61,1248,2000,10,0.0,34.0,39.0,44.0,complete
gradient_boosting,2025,BRSAN,63,1257,2000,10,0.0,35.0,40.0,45.0,complete
gradient_boosting,2025,BTCIM,29,1259,2000,10,0.0,14.0,19.0,23.0,complete
gradient_boosting,2025,CANTE,70,1282,2000,10,0.0,39.0,45.0,50.0,complete
gradient_boosting,2025,CCOLA,74,1220,2000,10,0.0,41.0,47.0,52.0,complete
gradient_boosting,2025,CEMTS,8,1275,2000,10,1.0,3.0,5.0,8.0,complete
gradient_boosting,2025,CIMSA,33,1278,2000,10,0.0,17.0,21.0,26.0,complete
gradient_boosting,2025,DEVA,34,1270,2000,10,0.0,17.0,22.0,26.0,complete
gradient_boosting,2025,DOAS,35,1246,2000,10,0.0,18.0,23.0,27.0,complete
gradient_boosting,2025,DOHOL,38,1266,2000,10,0.0,20.0,25.0,29.0,complete
gradient_boosting,2025,DSTKF,76,1266,2000,10,0.0,43.0,48.0,54.0,complete
gradient_boosting,2025,EKGYO,36,1305,2000,10,0.0,18.0,23.0,28.0,complete
gradient_boosting,2025,ENJSA,72,1223,2000,10,0.0,40.0,46.0,51.0,complete
gradient_boosting,2025,ENKAI,40,1280,2000,10,0.0,21.0,26.0,30.0,complete
gradient_boosting,2025,EREGL,55,1275,2000,10,0.0,30.0,35.0,40.0,complete
gradient_boosting,2025,FROTO,43,1235,2000,10,0.0,22.0,28.0,32.0,complete
gradient_boosting,2025,GARAN,25,1260,2000,10,0.0023809524,12.0,16.0,20.0,complete
gradient_boosting,2025,GUBRF,46,1270,2000,10,0.0,24.0,29.0,35.0,complete
gradient_boosting,2025,HALKB,27,1300,2000,10,0.0007692308,13.0,17.0,22.0,complete
gradient_boosting,2025,HEKTS,6,1223,2000,10,1.0,2.0,4.0,6.0,complete
gradient_boosting,2025,ISCTR,26,1269,2000,10,0.0031520883,12.0,17.0,21.0,complete
gradient_boosting,2025,ISGYO,22,1285,2000,10,0.0311284047,10.0,14.0,18.0,complete
gradient_boosting,2025,KCHOL,67,1253,2000,10,0.0,37.0,43.0,48.0,complete
gradient_boosting,2025,KONTR,14,1310,2000,10,0.7709923664,6.0,9.0,12.0,complete
gradient_boosting,2025,KRDMD,23,1258,2000,10,0.0135135135,11.0,15.0,19.0,complete
gradient_boosting,2025,KRVGD,50,1253,2000,10,0.0,26.3,32.0,37.0,complete
gradient_boosting,2025,KUYAS,3,1296,2000,10,1.0,1.0,2.0,3.0,complete
gradient_boosting,2025,LOGO,18,1265,2000,10,0.2553359684,8.0,12.0,15.0,complete
gradient_boosting,2025,MAVI,21,1258,2000,10,0.0556438792,10.0,14.0,17.0,complete
gradient_boosting,2025,MGROS,2,1280,2000,10,1.0,1.0,2.0,2.0,complete
gradient_boosting,2025,MIATK,75,1283,2000,10,0.0,42.0,48.0,53.0,complete
gradient_boosting,2025,MPARK,53,1234,2000,10,0.0,28.825,34.0,39.0,complete
gradient_boosting,2025,NETAS,10,1274,2000,10,1.0,4.0,7.0,9.0,complete
gradient_boosting,2025,NTGAZ,80,1273,2000,10,0.0,46.0,51.0,56.0,complete
gradient_boosting,2025,ODAS,20,1243,2000,10,0.0933226066,9.0,13.0,17.0,complete
gradient_boosting,2025,OTKAR,51,1289,2000,10,0.0,27.0,32.0,38.0,complete
gradient_boosting,2025,OYAKC,73,1263,2000,10,0.0,41.0,47.0,52.0,complete
gradient_boosting,2025,PASEU,68,1279,2000,10,0.0,38.0,43.0,49.0,complete
gradient_boosting,2025,PETKM,12,1243,2000,10,0.9654062751,5.0,8.0,11.0,complete
gradient_boosting,2025,PGSUS,16,1277,2000,10,0.4909945184,7.0,11.0,14.0,complete
gradient_boosting,2025,PRKME,7,1286,2000,10,1.0,3.0,5.0,7.0,complete
gradient_boosting,2025,RGYAS,79,1308,2000,10,0.0,45.0,50.0,55.0,complete
gradient_boosting,2025,SAHOL,31,1314,2000,10,0.0,15.0,20.0,24.0,complete
gradient_boosting,2025,SASA,44,1222,2000,10,0.0,23.0,28.0,33.0,complete
gradient_boosting,2025,SELEC,69,1258,2000,10,0.0,38.425,44.0,49.0,complete
gradient_boosting,2025,SISE,58,1282,2000,10,0.0,32.0,37.0,42.0,complete
gradient_boosting,2025,SKBNK,13,1294,2000,10,0.8964451314,5.0,9.0,11.0,complete
gradient_boosting,2025,SMRTG,77,1293,2000,10,0.0,44.0,49.0,54.0,complete
gradient_boosting,2025,SOKM,39,1257,2000,10,0.0,20.0,25.0,30.0,complete
gradient_boosting,2025,TAVHL,60,1273,2000,10,0.0,33.0,38.0,44.0,complete
gradient_boosting,2025,TBORG,57,1279,2000,10,0.0,31.0,36.0,42.0,complete
gradient_boosting,2025,TCELL,64,1270,2000,10,0.0,35.0,41.0,46.0,complete
gradient_boosting,2025,THYAO,1,1253,2000,10,1.0,1.0,1.0,1.0,complete
gradient_boosting,2025,TOASO,66,1284,2000,10,0.0,37.0,42.0,48.0,complete
gradient_boosting,2025,TRALT,15,1240,2000,10,0.6379032258,6.0,10.0,13.0,complete
gradient_boosting,2025,TRMET,11,1280,2000,10,0.99375,4.0,7.0,10.0,complete
gradient_boosting,2025,TSKB,47,1269,2000,10,0.0,25.0,30.0,35.0,complete
gradient_boosting,2025,TTKOM,56,1274,2000,10,0.0,31.0,36.0,41.0,complete
gradient_boosting,2025,TUPRS,54,1250,2000,10,0.0,29.0,35.0,39.0,complete
gradient_boosting,2025,TURSG,71,1264,2000,10,0.0,40.0,45.0,51.0,complete
gradient_boosting,2025,ULKER,52,1291,2000,10,0.0,28.0,33.0,38.0,complete
gradient_boosting,2025,ULUSE,5,1252,2000,10,1.0,2.0,4.0,5.0,complete
gradient_boosting,2025,VAKBN,24,1234,2000,10,0.0089141005,11.825,16.0,20.0,complete
gradient_boosting,2025,VESTL,48,1296,2000,10,0.0,26.0,31.0,36.0,complete
gradient_boosting,2025,YKBNK,30,1274,2000,10,0.0007849294,15.0,19.0,24.0,complete
gradient_boosting,2025,ZOREN,45,1227,2000,10,0.0,24.0,29.0,34.0,complete
lasso,2023,AEFES,51,1255,2000,10,0.0,27.0,33.0,38.0,complete
lasso,2023,AGESA,24,1259,2000,10,0.0079428118,11.0,16.0,20.0,complete
lasso,2023,AGHOL,61,1252,2000,10,0.0,33.0,39.0,44.0,complete
lasso,2023,AKBNK,29,1284,2000,10,0.0,14.0,19.0,23.0,complete
lasso,2023,AKENR,75,1283,2000,10,0.0,42.0,48.0,53.0,complete
lasso,2023,AKSA,52,1281,2000,10,0.0,28.0,33.0,38.0,complete
lasso,2023,AKSEN,77,1240,2000,10,0.0,43.0,49.0,55.0,complete
lasso,2023,ALARK,40,1292,2000,10,0.0,21.0,26.0,31.0,complete
lasso,2023,ALBRK,33,1236,2000,10,0.0,17.0,21.0,26.0,complete
lasso,2023,ANHYT,25,1274,2000,10,0.0047095761,12.0,16.0,20.0,complete
lasso,2023,ARCLK,74,1266,2000,10,0.0,41.0,47.0,52.0,complete
lasso,2023,ASELS,63,1266,2000,10,0.0,34.0,40.0,45.0,complete
lasso,2023,ASTOR,11,1280,2000,10,0.9921875,4.0,7.0,10.0,complete
lasso,2023,BERA,27,1287,2000,10,0.0015540016,13.0,18.0,21.0,complete
lasso,2023,BIMAS,76,1308,2000,10,0.0,43.0,48.0,54.0,complete
lasso,2023,BRSAN,58,1274,2000,10,0.0,31.0,37.0,42.0,complete
lasso,2023,BTCIM,20,1273,2000,10,0.0903377848,9.0,13.0,17.0,complete
lasso,2023,CANTE,1,1274,2000,10,1.0,1.0,1.0,1.0,complete
lasso,2023,CCOLA,67,1283,2000,10,0.0,37.0,43.0,48.0,complete
lasso,2023,CEMTS,37,1290,2000,10,0.0,19.0,24.0,29.0,complete
lasso,2023,CIMSA,35,1287,2000,10,0.0,18.0,23.0,27.0,complete
lasso,2023,DEVA,69,1255,2000,10,0.0,39.0,44.0,49.0,complete
lasso,2023,DOAS,23,1272,2000,10,0.018081761,11.0,15.0,19.0,complete
lasso,2023,DOHOL,19,1263,2000,10,0.16152019,8.0,12.0,16.0,complete
lasso,2023,DSTKF,44,1249,2000,10,0.0,23.0,28.0,33.0,complete
lasso,2023,EGEEN,62,1220,2000,10,0.0,34.0,40.0,45.0,complete
lasso,2023,EKGYO,22,1290,2000,10,0.0418604651,10.0,14.0,18.0,complete
lasso,2023,ENJSA,68,1302,2000,10,0.0,38.0,43.0,49.0,complete
lasso,2023,ENKAI,53,1261,2000,10,0.0,29.0,34.0,39.0,complete
lasso,2023,EREGL,78,1259,2000,10,0.0,44.0,50.0,55.0,complete
lasso,2023,FROTO,50,1272,2000,10,0.0,27.0,32.0,37.0,complete
lasso,2023,GARAN,38,1225,2000,10,0.0,19.0,24.0,29.0,complete
lasso,2023,GUBRF,45,1287,2000,10,0.0,24.0,29.0,34.0,complete
lasso,2023,HALKB,43,1278,2000,10,0.0,22.0,28.0,32.0,complete
lasso,2023,HEKTS,8,1310,2000,10,1.0,3.0,5.0,8.0,complete
lasso,2023,ISCTR,13,1236,2000,10,0.8713592233,5.0,9.0,11.0,complete
lasso,2023,ISGYO,5,1273,2000,10,1.0,2.0,4.0,5.0,complete
lasso,2023,KCHOL,73,1283,2000,10,0.0,41.0,46.0,52.0,complete
lasso,2023,KONTR,4,1267,2000,10,1.0,1.0,3.0,4.0,complete
lasso,2023,KRDMD,79,1287,2000,10,0.0,45.0,50.0,56.0,complete
lasso,2023,KRVGD,32,1249,2000,10,0.0,16.0,21.0,25.0,complete
lasso,2023,KUYAS,6,1246,2000,10,1.0,2.0,4.0,6.0,complete
lasso,2023,LOGO,54,1263,2000,10,0.0,29.0,34.0,40.0,complete
lasso,2023,MAVI,17,1267,2000,10,0.3764798737,7.0,11.0,15.0,complete
lasso,2023,MGROS,34,1277,2000,10,0.0,17.0,22.0,26.0,complete
lasso,2023,MIATK,2,1273,2000,10,1.0,1.0,2.0,2.0,complete
lasso,2023,MPARK,71,1271,2000,10,0.0,40.0,45.0,51.0,complete
lasso,2023,NETAS,66,1228,2000,10,0.0,37.0,42.0,48.0,complete
lasso,2023,NTGAZ,3,1323,2000,10,1.0,1.0,2.0,3.0,complete
lasso,2023,ODAS,26,1224,2000,10,0.0032679739,13.0,17.0,21.0,complete
lasso,2023,OTKAR,70,1248,2000,10,0.0,39.0,45.0,50.0,complete
lasso,2023,OYAKC,21,1278,2000,10,0.0477308294,10.0,14.0,17.0,complete
lasso,2023,PASEU,36,1260,2000,10,0.0,18.0,23.0,28.0,complete
lasso,2023,PETKM,72,1252,2000,10,0.0,40.0,46.0,51.0,complete
lasso,2023,PGSUS,18,1242,2000,10,0.2528180354,8.0,12.0,15.0,complete
lasso,2023,PRKME,14,1278,2000,10,0.7621283255,6.0,9.0,12.0,complete
lasso,2023,SAHOL,46,1237,2000,10,0.0,24.0,29.0,34.1,complete
lasso,2023,SASA,10,1259,2000,10,1.0,4.0,7.0,9.0,complete
lasso,2023,SELEC,49,1247,2000,10,0.0,26.0,31.0,36.0,complete
lasso,2023,SISE,57,1239,2000,10,0.0,31.0,36.0,42.0,complete
lasso,2023,SKBNK,15,1269,2000,10,0.6264775414,7.0,10.0,13.0,complete
lasso,2023,SMRTG,7,1255,2000,10,1.0,3.0,5.0,7.0,complete
lasso,2023,SOKM,64,1277,2000,10,0.0,35.0,41.0,46.0,complete
lasso,2023,TAVHL,41,1286,2000,10,0.0,21.0,26.0,31.0,complete
lasso,2023,TBORG,47,1248,2000,10,0.0,25.0,30.0,35.0,complete
lasso,2023,TCELL,65,1307,2000,10,0.0,36.0,41.0,47.0,complete
lasso,2023,THYAO,9,1261,2000,10,1.0,3.0,6.0,8.0,complete
lasso,2023,TOASO,48,1244,2000,10,0.0,26.0,31.0,36.0,complete
lasso,2023,TRALT,30,1241,2000,10,0.0,15.0,19.0,23.0,complete
lasso,2023,TRMET,42,1240,2000,10,0.0,22.0,27.0,32.0,complete
lasso,2023,TSKB,31,1280,2000,10,0.0,15.0,20.0,24.0,complete
lasso,2023,TTKOM,59,1246,2000,10,0.0,32.0,38.0,43.0,complete
lasso,2023,TUPRS,80,1266,2000,10,0.0,45.0,51.0,56.0,complete
lasso,2023,TURSG,12,1285,2000,10,0.960311284,5.0,8.0,11.0,complete
lasso,2023,ULKER,60,1233,2000,10,0.0,33.0,38.0,44.0,complete
lasso,2023,ULUSE,56,1248,2000,10,0.0,31.0,36.0,41.0,complete
lasso,2023,VAKBN,28,1240,2000,10,0.0008064516,13.975,18.0,22.0,complete
lasso,2023,VESTL,39,1258,2000,10,0.0,20.0,25.0,30.0,complete
lasso,2023,YKBNK,16,1281,2000,10,0.4980483997,7.0,11.0,14.0,complete
lasso,2023,ZOREN,55,1301,2000,10,0.0,30.0,35.0,40.0,complete
lasso,2024,AEFES,21,1232,2000,10,0.0543831169,10.0,14.0,17.0,complete
lasso,2024,AGESA,20,1303,2000,10,0.1082118189,9.0,13.0,17.0,complete
lasso,2024,AGHOL,41,1284,2000,10,0.0,22.0,26.0,31.0,complete
lasso,2024,AKBNK,34,1282,2000,10,0.0,17.0,22.0,26.0,complete
lasso,2024,AKENR,65,1268,2000,10,0.0,36.0,42.0,47.0,complete
lasso,2024,AKSA,38,1257,2000,10,0.0,20.0,24.0,29.0,complete
lasso,2024,AKSEN,67,1290,2000,10,0.0,37.0,43.0,48.0,complete
lasso,2024,ALARK,52,1277,2000,10,0.0,28.0,33.0,38.0,complete
lasso,2024,ALBRK,50,1250,2000,10,0.0,27.0,32.0,37.0,complete
lasso,2024,ANHYT,37,1278,2000,10,0.0,19.0,24.0,28.0,complete
lasso,2024,ARCLK,46,1272,2000,10,0.0,24.0,29.0,35.0,complete
lasso,2024,ASELS,60,1276,2000,10,0.0,33.0,38.0,44.0,complete
lasso,2024,ASTOR,7,1224,2000,10,1.0,2.0,5.0,7.0,complete
lasso,2024,BERA,75,1291,2000,10,0.0,42.0,48.0,53.0,complete
lasso,2024,BIMAS,69,1278,2000,10,0.0,39.0,44.0,49.0,complete
lasso,2024,BRSAN,44,1285,2000,10,0.0,23.0,28.0,33.0,complete
lasso,2024,BTCIM,11,1261,2000,10,0.9912767645,4.0,7.0,10.0,complete
lasso,2024,CANTE,10,1286,2000,10,1.0,4.0,7.0,9.0,complete
lasso,2024,CCOLA,71,1251,2000,10,0.0,39.25,45.0,51.0,complete
lasso,2024,CEMTS,74,1293,2000,10,0.0,41.0,47.0,53.0,complete
lasso,2024,CIMSA,16,1268,2000,10,0.5197160883,7.0,10.0,14.0,complete
lasso,2024,DEVA,33,1285,2000,10,0.0,16.0,21.0,26.0,complete
lasso,2024,DOAS,31,1265,2000,10,0.0,15.0,20.0,24.4,complete
lasso,2024,DOHOL,55,1288,2000,10,0.0,29.175,35.0,40.0,complete
lasso,2024,DSTKF,61,1249,2000,10,0.0,34.0,39.0,44.0,complete
lasso,2024,EGEEN,56,1280,2000,10,0.0,30.0,36.0,41.0,complete
lasso,2024,EKGYO,54,1239,2000,10,0.0,29.0,34.0,40.0,complete
lasso,2024,ENJSA,30,1275,2000,10,0.0,15.0,19.0,24.0,complete
lasso,2024,ENKAI,8,1267,2000,10,1.0,3.0,5.0,8.0,complete
lasso,2024,EREGL,36,1340,2000,10,0.0,18.0,23.0,28.0,complete
lasso,2024,FROTO,9,1287,2000,10,1.0,3.0,6.0,8.0,complete
lasso,2024,GARAN,19,1299,2000,10,0.1909160893,8.0,12.0,16.0,complete
lasso,2024,GUBRF,53,1269,2000,10,0.0,28.0,34.0,39.0,complete
lasso,2024,HALKB,70,1238,2000,10,0.0,39.0,45.0,50.0,complete
lasso,2024,HEKTS,76,1307,2000,10,0.0,43.0,48.0,54.0,complete
lasso,2024,ISCTR,49,1301,2000,10,0.0,26.0,32.0,36.0,complete
lasso,2024,ISGYO,42,1253,2000,10,0.0,22.0,27.0,32.0,complete
lasso,2024,KCHOL,5,1295,2000,10,1.0,2.0,4.0,5.0,complete
lasso,2024,KONTR,1,1282,2000,10,1.0,1.0,1.0,1.0,complete
lasso,2024,KRDMD,24,1271,2000,10,0.0078678206,11.0,16.0,20.0,complete
lasso,2024,KRVGD,78,1234,2000,10,0.0,44.825,50.0,55.0,complete
lasso,2024,KUYAS,2,1256,2000,10,1.0,1.0,2.0,2.0,complete
lasso,2024,LOGO,35,1294,2000,10,0.0,18.0,22.0,27.0,complete
lasso,2024,MAVI,40,1255,2000,10,0.0,21.0,26.0,30.0,complete
lasso,2024,MGROS,63,1285,2000,10,0.0,35.0,40.0,45.0,complete
lasso,2024,MIATK,4,1243,2000,10,1.0,1.0,3.0,4.0,complete
lasso,2024,MPARK,17,1285,2000,10,0.3525291829,7.0,11.0,15.0,complete
lasso,2024,NETAS,18,1206,2000,10,0.2587064677,8.0,12.0,15.0,complete
lasso,2024,NTGAZ,64,1273,2000,10,0.0,35.0,41.0,46.0,complete
lasso,2024,ODAS,79,1250,2000,10,0.0,45.0,50.0,55.0,complete
lasso,2024,OTKAR,48,1254,2000,10,0.0,25.0,31.0,36.0,complete
lasso,2024,OYAKC,47,1257,2000,10,0.0,25.0,30.0,35.0,complete
lasso,2024,PASEU,32,1263,2000,10,0.0,16.0,21.0,25.0,complete
lasso,2024,PETKM,28,1255,2000,10,0.0,13.0,18.0,22.0,complete
lasso,2024,PGSUS,6,1234,2000,10,1.0,2.0,4.0,6.0,complete
lasso,2024,PRKME,77,1272,2000,10,0.0,44.0,49.0,55.0,complete
lasso,2024,SAHOL,22,1255,2000,10,0.0342629482,10.0,14.0,18.0,complete
lasso,2024,SASA,43,1265,2000,10,0.0,22.0,28.0,32.0,complete
lasso,2024,SELEC,57,1267,2000,10,0.0,31.0,36.0,41.0,complete
lasso,2024,SISE,29,1297,2000,10,0.0,14.0,19.0,23.0,complete
lasso,2024,SKBNK,62,1278,2000,10,0.0,34.0,40.0,45.0,complete
lasso,2024,SMRTG,3,1242,2000,10,1.0,1.0,2.0,3.0,complete
lasso,2024,SOKM,39,1268,2000,10,0.0,20.0,25.0,30.0,complete
lasso,2024,TAVHL,14,1277,2000,10,0.7791699295,6.0,9.0,12.0,complete
lasso,2024,TBORG,45,1268,2000,10,0.0,24.0,29.0,34.0,complete
lasso,2024,TCELL,51,1254,2000,10,0.0,27.0,33.0,38.0,complete
lasso,2024,THYAO,23,1273,2000,10,0.0227808327,11.0,15.0,19.0,complete
lasso,2024,TOASO,27,1297,2000,10,0.0,13.0,17.0,22.0,complete
lasso,2024,TRALT,72,1256,2000,10,0.0,40.0,46.0,51.0,complete
lasso,2024,TRMET,59,1265,2000,10,0.0,32.0,38.0,43.0,complete
lasso,2024,TSKB,12,1289,2000,10,0.9573312645,5.0,8.0,11.0,complete
lasso,2024,TTKOM,68,1289,2000,10,0.0,38.0,43.0,49.0,complete
lasso,2024,TUPRS,80,1280,2000,10,0.0,46.0,51.0,56.0,complete
lasso,2024,TURSG,13,1262,2000,10,0.882725832,5.0,9.0,12.0,complete
lasso,2024,ULKER,15,1260,2000,10,0.65,6.0,10.0,13.0,complete
lasso,2024,ULUSE,73,1298,2000,10,0.0,41.0,46.0,52.0,complete
lasso,2024,VAKBN,25,1254,2000,10,0.004784689,12.0,16.0,20.0,complete
lasso,2024,VESTL,58,1250,2000,10,0.0,32.0,37.0,42.0,complete
lasso,2024,YKBNK,26,1261,2000,10,0.0031720856,12.0,17.0,21.0,complete
lasso,2024,ZOREN,66,1264,2000,10,0.0,37.0,42.0,47.0,complete
lasso,2025,AEFES,19,1253,2000,10,0.1364724661,9.0,12.0,16.0,complete
lasso,2025,AGESA,55,1250,2000,10,0.0,30.0,35.0,40.0,complete
lasso,2025,AGHOL,67,1275,2000,10,0.0,37.0,43.0,48.0,complete
lasso,2025,AKBNK,43,1237,2000,10,0.0,22.0,27.0,32.0,complete
lasso,2025,AKENR,76,1254,2000,10,0.0,43.0,48.5,54.0,complete
lasso,2025,AKSA,53,1308,2000,10,0.0,28.0,34.0,39.0,complete
lasso,2025,AKSEN,27,1283,2000,10,0.0,13.0,18.0,22.0,complete
lasso,2025,ALARK,22,1279,2000,10,0.0304925723,10.0,14.0,18.0,complete
lasso,2025,ALBRK,44,1280,2000,10,0.0,23.0,28.0,33.0,complete
lasso,2025,ANHYT,70,1253,2000,10,0.0,39.0,45.0,50.0,complete
lasso,2025,ARCLK,66,1282,2000,10,0.0,37.0,42.0,47.0,complete
lasso,2025,ASELS,47,1308,2000,10,0.0,25.0,30.0,35.0,complete
lasso,2025,ASTOR,33,1283,2000,10,0.0,17.0,21.0,26.0,complete
lasso,2025,BERA,63,1264,2000,10,0.0,35.0,40.0,45.0,complete
lasso,2025,BIMAS,78,1289,2000,10,0.0,44.0,50.0,55.0,complete
lasso,2025,BRSAN,80,1274,2000,10,0.0,45.0,51.0,56.175,complete
lasso,2025,BTCIM,23,1255,2000,10,0.0119521912,11.0,15.0,19.0,complete
lasso,2025,CANTE,2,1278,2000,10,1.0,1.0,2.0,2.0,complete
lasso,2025,CCOLA,77,1283,2000,10,0.0,44.0,49.0,55.0,complete
lasso,2025,CEMTS,68,1284,2000,10,0.0,38.0,43.0,49.0,complete
lasso,2025,CIMSA,39,1243,2000,10,0.0,20.0,25.0,30.0,complete
lasso,2025,DEVA,26,1299,2000,10,0.0030792918,12.0,17.0,21.0,complete
lasso,2025,DOAS,42,1288,2000,10,0.0,22.0,27.0,32.0,complete
lasso,2025,DOHOL,20,1253,2000,10,0.0917797287,9.0,13.0,17.0,complete
lasso,2025,DSTKF,75,1262,2000,10,0.0,42.0,48.0,53.0,complete
lasso,2025,EKGYO,8,1302,2000,10,1.0,3.0,5.0,8.0,complete
lasso,2025,ENJSA,31,1274,2000,10,0.0,15.0,20.0,24.0,complete
lasso,2025,ENKAI,11,1255,2000,10,0.9944223108,5.0,7.0,10.0,complete
lasso,2025,EREGL,17,1305,2000,10,0.3540229885,8.0,11.0,14.0,complete
lasso,2025,FROTO,29,1239,2000,10,0.0,14.0,19.0,23.0,complete
lasso,2025,GARAN,37,1252,2000,10,0.0,19.0,24.0,28.0,complete
lasso,2025,GUBRF,15,1242,2000,10,0.6288244767,7.0,10.0,13.0,complete
lasso,2025,HALKB,14,1259,2000,10,0.7799841144,6.0,9.0,12.0,complete
lasso,2025,HEKTS,73,1252,2000,10,0.0,41.0,47.0,52.0,complete
lasso,2025,ISCTR,40,1252,2000,10,0.0,21.0,26.0,31.0,complete
lasso,2025,ISGYO,32,1307,2000,10,0.0,16.0,21.0,25.0,complete
lasso,2025,KCHOL,57,1287,2000,10,0.0,31.0,36.0,42.0,complete
lasso,2025,KONTR,58,1279,2000,10,0.0,32.0,37.0,42.0,complete
lasso,2025,KRDMD,3,1261,2000,10,1.0,1.0,2.0,3.0,complete
lasso,2025,KRVGD,59,1255,2000,10,0.0,32.0,38.0,43.0,complete
lasso,2025,KUYAS,30,1257,2000,10,0.0,15.0,19.0,24.0,complete
lasso,2025,LOGO,18,1250,2000,10,0.224,8.0,12.0,15.0,complete
lasso,2025,MAVI,65,1269,2000,10,0.0,36.0,42.0,47.0,complete
lasso,2025,MGROS,41,1257,2000,10,0.0,21.0,26.0,31.0,complete
lasso,2025,MIATK,48,1293,2000,10,0.0,25.0,31.0,36.0,complete
lasso,2025,MPARK,46,1245,2000,10,0.0,24.0,29.0,34.0,complete
lasso,2025,NETAS,54,1248,2000,10,0.0,29.0,34.0,40.0,complete
lasso,2025,NTGAZ,61,1319,2000,10,0.0,33.0,39.0,44.0,complete
lasso,2025,ODAS,62,1270,2000,10,0.0,34.0,40.0,45.0,complete
lasso,2025,OTKAR,72,1267,2000,10,0.0,40.0,46.0,51.0,complete
lasso,2025,OYAKC,64,1263,2000,10,0.0,35.0,41.0,46.0,complete
lasso,2025,PASEU,10,1270,2000,10,1.0,4.0,7.0,9.0,complete
lasso,2025,PETKM,25,1294,2000,10,0.0046367852,12.0,16.0,21.0,complete
lasso,2025,PGSUS,71,1271,2000,10,0.0,40.0,45.0,51.0,complete
lasso,2025,PRKME,12,1325,2000,10,0.960754717,5.0,8.0,11.0,complete
lasso,2025,RGYAS,34,1262,2000,10,0.0,17.0,22.0,27.0,complete
lasso,2025,SAHOL,28,1212,2000,10,0.001650165,14.0,18.0,22.0,complete
lasso,2025,SASA,5,1287,2000,10,1.0,2.0,4.0,5.0,complete
lasso,2025,SELEC,45,1244,2000,10,0.0,24.0,29.0,34.0,complete
lasso,2025,SISE,9,1230,2000,10,1.0,4.0,6.0,8.0,complete
lasso,2025,SKBNK,38,1256,2000,10,0.0,20.0,24.0,29.0,complete
lasso,2025,SMRTG,36,1252,2000,10,0.0,18.0,23.0,28.0,complete
lasso,2025,SOKM,56,1267,2000,10,0.0,30.0,36.0,41.0,complete
lasso,2025,TAVHL,74,1253,2000,10,0.0,42.0,47.0,53.0,complete
lasso,2025,TBORG,51,1283,2000,10,0.0,27.0,33.0,38.0,complete
lasso,2025,TCELL,35,1274,2000,10,0.0,18.0,23.0,27.0,complete
lasso,2025,THYAO,4,1279,2000,10,1.0,1.0,3.0,4.0,complete
lasso,2025,TOASO,24,1238,2000,10,0.0088852989,11.0,16.0,20.0,complete
lasso,2025,TRALT,7,1277,2000,10,1.0,2.0,5.0,7.0,complete
lasso,2025,TRMET,1,1287,2000,10,1.0,1.0,1.0,1.0,complete
lasso,2025,TSKB,50,1300,2000,10,0.0,26.0,32.0,37.0,complete
lasso,2025,TTKOM,6,1306,2000,10,1.0,2.0,4.0,6.0,complete
lasso,2025,TUPRS,52,1303,2000,10,0.0,28.0,33.0,39.0,complete
lasso,2025,TURSG,79,1255,2000,10,0.0,45.0,50.0,56.0,complete
lasso,2025,ULKER,60,1274,2000,10,0.0,33.0,38.0,44.0,complete
lasso,2025,ULUSE,69,1273,2000,10,0.0,39.0,44.0,49.2,complete
lasso,2025,VAKBN,16,1262,2000,10,0.4841521395,7.0,11.0,14.0,complete
lasso,2025,VESTL,13,1275,2000,10,0.8964705882,6.0,9.0,11.15,complete
lasso,2025,YKBNK,49,1275,2000,10,0.0,26.0,31.0,36.0,complete
lasso,2025,ZOREN,21,1285,2000,10,0.0622568093,10.0,14.0,17.0,complete
linear_regression,2023,AEFES,40,1283,2000,10,0.0,20.05,26.0,31.0,complete
linear_regression,2023,AGESA,24,1298,2000,10,0.0115562404,11.0,16.0,19.0,complete
linear_regression,2023,AGHOL,50,1267,2000,10,0.0,26.0,32.0,37.0,complete
linear_regression,2023,AKBNK,60,1247,2000,10,0.0,33.0,38.0,43.0,complete
linear_regression,2023,AKENR,77,1268,2000,10,0.0,44.0,49.0,54.0,complete
linear_regression,2023,AKSA,29,1266,2000,10,0.0007898894,14.0,19.0,23.0,complete
linear_regression,2023,AKSEN,76,1282,2000,10,0.0,43.0,48.0,54.0,complete
linear_regression,2023,ALARK,52,1298,2000,10,0.0,28.0,33.0,38.575,complete
linear_regression,2023,ALBRK,42,1264,2000,10,0.0,22.0,27.0,32.0,complete
linear_regression,2023,ANHYT,25,1275,2000,10,0.0054901961,12.0,16.0,20.0,complete
linear_regression,2023,ARCLK,56,1259,2000,10,0.0,30.0,36.0,41.0,complete
linear_regression,2023,ASELS,55,1290,2000,10,0.0,30.0,35.0,40.0,complete
linear_regression,2023,ASTOR,10,1265,2000,10,1.0,4.0,7.0,9.0,complete
linear_regression,2023,BERA,16,1293,2000,10,0.5034802784,7.0,10.0,14.0,complete
linear_regression,2023,BIMAS,66,1293,2000,10,0.0,37.0,42.0,47.0,complete
linear_regression,2023,BRSAN,48,1277,2000,10,0.0,25.0,31.0,36.0,complete
linear_regression,2023,BTCIM,20,1269,2000,10,0.1024428684,9.0,13.0,17.0,complete
linear_regression,2023,CANTE,1,1262,2000,10,1.0,1.0,1.0,1.0,complete
linear_regression,2023,CCOLA,54,1270,2000,10,0.0,29.0,34.0,40.0,complete
linear_regression,2023,CEMTS,45,1263,2000,10,0.0,24.0,29.0,34.0,complete
linear_regression,2023,CIMSA,46,1274,2000,10,0.0,24.0,29.0,35.0,complete
linear_regression,2023,DEVA,59,1255,2000,10,0.0,32.0,38.0,43.0,complete
linear_regression,2023,DOAS,23,1287,2000,10,0.0217560218,11.0,15.0,19.0,complete
linear_regression,2023,DOHOL,13,1280,2000,10,0.884375,5.0,9.0,12.0,complete
linear_regression,2023,DSTKF,34,1244,2000,10,0.0,17.0,22.0,26.0,complete
linear_regression,2023,EGEEN,70,1257,2000,10,0.0,39.0,45.0,50.0,complete
linear_regression,2023,EKGYO,15,1286,2000,10,0.6391912908,6.0,10.0,13.0,complete
linear_regression,2023,ENJSA,63,1268,2000,10,0.0,35.0,40.0,46.0,complete
linear_regression,2023,ENKAI,35,1223,2000,10,0.0,18.0,23.0,27.0,complete
linear_regression,2023,EREGL,61,1225,2000,10,0.0,34.0,39.0,44.0,complete
linear_regression,2023,FROTO,32,1274,2000,10,0.0,16.0,21.0,25.0,complete
linear_regression,2023,GARAN,68,1257,2000,10,0.0,38.0,43.0,49.0,complete
linear_regression,2023,GUBRF,39,1279,2000,10,0.0,20.0,25.0,30.0,complete
linear_regression,2023,HALKB,71,1318,2000,10,0.0,40.0,45.0,51.0,complete
linear_regression,2023,HEKTS,9,1229,2000,10,1.0,3.0,6.0,9.0,complete
linear_regression,2023,ISCTR,65,1268,2000,10,0.0,36.0,41.0,47.0,complete
linear_regression,2023,ISGYO,7,1257,2000,10,1.0,3.0,5.0,7.0,complete
linear_regression,2023,KCHOL,78,1178,2000,10,0.0,44.0,50.0,55.0,complete
linear_regression,2023,KONTR,4,1265,2000,10,1.0,1.0,3.0,4.0,complete
linear_regression,2023,KRDMD,75,1254,2000,10,0.0,42.0,48.0,54.0,complete
linear_regression,2023,KRVGD,26,1308,2000,10,0.0,13.0,17.0,21.0,complete
linear_regression,2023,KUYAS,6,1279,2000,10,1.0,2.0,4.0,6.0,complete
linear_regression,2023,LOGO,51,1316,2000,10,0.0,27.0,33.0,38.0,complete
linear_regression,2023,MAVI,17,1273,2000,10,0.3566378633,8.0,11.0,15.0,complete
linear_regression,2023,MGROS,38,1278,2000,10,0.0,19.0,24.0,29.0,complete
linear_regression,2023,MIATK,2,1284,2000,10,1.0,1.0,2.0,2.0,complete
linear_regression,2023,MPARK,69,1253,2000,10,0.0,39.0,44.0,49.0,complete
linear_regression,2023,NETAS,64,1274,2000,10,0.0,35.0,41.0,46.0,complete
linear_regression,2023,NTGAZ,3,1287,2000,10,1.0,1.0,2.0,3.0,complete
linear_regression,2023,ODAS,21,1248,2000,10,0.0592948718,10.0,14.0,17.0,complete
linear_regression,2023,OTKAR,73,1246,2000,10,0.0,41.0,47.0,52.0,complete
linear_regression,2023,OYAKC,18,1269,2000,10,0.2269503546,8.0,12.0,15.0,complete
linear_regression,2023,PASEU,37,1257,2000,10,0.0,19.0,24.0,28.0,complete
linear_regression,2023,PETKM,74,1288,2000,10,0.0,42.0,47.0,52.0,complete
linear_regression,2023,PGSUS,8,1266,2000,10,1.0,3.0,5.0,8.0,complete
linear_regression,2023,PRKME,33,1296,2000,10,0.0,16.0,21.0,26.0,complete
linear_regression,2023,SAHOL,80,1286,2000,10,0.0,46.0,51.0,56.0,complete
linear_regression,2023,SASA,11,1256,2000,10,0.9872611465,4.0,7.0,10.0,complete
linear_regression,2023,SELEC,43,1277,2000,10,0.0,22.0,27.0,32.0,complete
linear_regression,2023,SISE,41,1301,2000,10,0.0,21.0,26.0,31.0,complete
linear_regression,2023,SKBNK,14,1241,2000,10,0.7792103143,6.0,9.0,12.0,complete
linear_regression,2023,SMRTG,5,1286,2000,10,1.0,2.0,4.0,5.0,complete
linear_regression,2023,SOKM,53,1235,2000,10,0.0,28.0,34.0,39.0,complete
linear_regression,2023,TAVHL,27,1260,2000,10,0.0015873016,13.0,18.0,21.0,complete
linear_regression,2023,TBORG,31,1243,2000,10,0.0008045052,16.0,20.0,24.0,complete
linear_regression,2023,TCELL,49,1268,2000,10,0.0,26.0,31.0,36.0,complete
linear_regression,2023,THYAO,19,1237,2000,10,0.1721907842,9.0,12.0,16.0,complete
linear_regression,2023,TOASO,44,1284,2000,10,0.0,23.0,28.0,33.0,complete
linear_regression,2023,TRALT,30,1285,2000,10,0.0,15.0,19.0,24.0,complete
linear_regression,2023,TRMET,28,1250,2000,10,0.0008,14.0,18.0,22.0,complete
linear_regression,2023,TSKB,22,1233,2000,10,0.0324412003,10.0,14.0,18.0,complete
linear_regression,2023,TTKOM,58,1274,2000,10,0.0,32.0,37.0,42.0,complete
linear_regression,2023,TUPRS,79,1293,2000,10,0.0,45.0,50.0,56.0,complete
linear_regression,2023,TURSG,12,1307,2000,10,0.9594491201,5.0,8.0,11.0,complete
linear_regression,2023,ULKER,47,1268,2000,10,0.0,25.0,30.0,35.0,complete
linear_regression,2023,ULUSE,62,1251,2000,10,0.0,34.0,40.0,45.0,complete
linear_regression,2023,VAKBN,67,1284,2000,10,0.0,37.0,43.0,48.0,complete
linear_regression,2023,VESTL,36,1236,2000,10,0.0,18.0,23.0,28.0,complete
linear_regression,2023,YKBNK,57,1245,2000,10,0.0,31.0,36.0,42.0,complete
linear_regression,2023,ZOREN,72,1274,2000,10,0.0,40.825,46.0,51.0,complete
linear_regression,2024,AEFES,26,1314,2000,10,0.000761035,13.0,17.0,21.0,complete
linear_regression,2024,AGESA,37,1261,2000,10,0.0,19.0,24.0,29.0,complete
linear_regression,2024,AGHOL,51,1297,2000,10,0.0,27.0,33.0,38.0,complete
linear_regression,2024,AKBNK,30,1246,2000,10,0.0,15.0,19.0,24.0,complete
linear_regression,2024,AKENR,67,1214,2000,10,0.0,37.0,43.0,48.0,complete
linear_regression,2024,AKSA,22,1265,2000,10,0.0268774704,10.0,14.0,18.0,complete
linear_regression,2024,AKSEN,62,1286,2000,10,0.0,34.0,40.0,45.0,complete
linear_regression,2024,ALARK,50,1289,2000,10,0.0,27.0,32.0,37.0,complete
linear_regression,2024,ALBRK,59,1247,2000,10,0.0,32.0,38.0,43.0,complete
linear_regression,2024,ANHYT,41,1277,2000,10,0.0,22.0,26.0,31.0,complete
linear_regression,2024,ARCLK,38,1256,2000,10,0.0,20.0,24.0,29.0,complete
linear_regression,2024,ASELS,54,1252,2000,10,0.0,29.0,35.0,40.0,complete
linear_regression,2024,ASTOR,6,1251,2000,10,1.0,2.0,4.0,6.0,complete
linear_regression,2024,BERA,75,1266,2000,10,0.0,42.0,48.0,53.0,complete
linear_regression,2024,BIMAS,71,1301,2000,10,0.0,40.0,45.0,50.5,complete
linear_regression,2024,BRSAN,42,1256,2000,10,0.0,22.0,27.0,32.0,complete
linear_regression,2024,BTCIM,10,1281,2000,10,1.0,4.0,7.0,9.0,complete
linear_regression,2024,CANTE,4,1292,2000,10,1.0,1.0,3.0,4.0,complete
linear_regression,2024,CCOLA,72,1245,2000,10,0.0,40.0,46.0,51.0,complete
linear_regression,2024,CEMTS,73,1258,2000,10,0.0,41.0,47.0,52.0,complete
linear_regression,2024,CIMSA,16,1307,2000,10,0.4950267789,7.0,11.0,14.0,complete
linear_regression,2024,DEVA,33,1270,2000,10,0.0,17.0,21.0,26.0,complete
linear_regression,2024,DOAS,20,1238,2000,10,0.0815831987,9.0,13.0,17.0,complete
linear_regression,2024,DOHOL,58,1252,2000,10,0.0,32.0,37.0,42.0,complete
linear_regression,2024,DSTKF,63,1248,2000,10,0.0,35.0,40.0,45.0,complete
linear_regression,2024,EGEEN,57,1253,2000,10,0.0,31.0,36.0,42.0,complete
linear_regression,2024,EKGYO,56,1262,2000,10,0.0,31.0,36.0,41.0,complete
linear_regression,2024,ENJSA,28,1289,2000,10,0.0,14.0,18.0,22.8,complete
linear_regression,2024,ENKAI,8,1282,2000,10,1.0,3.0,5.0,8.0,complete
linear_regression,2024,EREGL,40,1274,2000,10,0.0,21.0,26.0,30.0,complete
linear_regression,2024,FROTO,12,1275,2000,10,0.9552941176,5.0,8.0,11.0,complete
linear_regression,2024,GARAN,17,1311,2000,10,0.34935164,8.0,11.0,15.0,complete
linear_regression,2024,GUBRF,39,1285,2000,10,0.0,20.0,25.0,30.0,complete
linear_regression,2024,HALKB,76,1253,2000,10,0.0,43.0,48.0,54.0,complete
linear_regression,2024,HEKTS,78,1262,2000,10,0.0,44.0,50.0,55.0,complete
linear_regression,2024,ISCTR,46,1311,2000,10,0.0,24.0,29.0,34.0,complete
linear_regression,2024,ISGYO,43,1272,2000,10,0.0,22.0,28.0,32.0,complete
linear_regression,2024,KCHOL,2,1257,2000,10,1.0,1.0,2.0,2.0,complete
linear_regression,2024,KONTR,1,1260,2000,10,1.0,1.0,1.0,1.0,complete
linear_regression,2024,KRDMD,35,1263,2000,10,0.0,18.0,23.0,27.0,complete
linear_regression,2024,KRVGD,77,1288,2000,10,0.0,43.0,49.0,54.0,complete
linear_regression,2024,KUYAS,7,1283,2000,10,1.0,2.0,5.0,7.0,complete
linear_regression,2024,LOGO,44,1249,2000,10,0.0,23.0,28.0,33.0,complete
linear_regression,2024,MAVI,53,1250,2000,10,0.0,29.0,34.0,39.0,complete
linear_regression,2024,MGROS,61,1268,2000,10,0.0,34.0,39.0,44.0,complete
linear_regression,2024,MIATK,9,1276,2000,10,1.0,3.0,6.0,8.0,complete
linear_regression,2024,MPARK,13,1303,2000,10,0.89485802,6.0,9.0,12.0,complete
linear_regression,2024,NETAS,11,1329,2000,10,0.9879608728,5.0,7.0,10.0,complete
linear_regression,2024,NTGAZ,65,1250,2000,10,0.0,36.0,41.0,47.0,complete
linear_regression,2024,ODAS,79,1278,2000,10,0.0,45.0,50.0,55.0,complete
linear_regression,2024,OTKAR,48,1244,2000,10,0.0,25.0,31.0,36.0,complete
linear_regression,2024,OYAKC,45,1241,2000,10,0.0,24.0,29.0,33.0,complete
linear_regression,2024,PASEU,36,1263,2000,10,0.0,18.55,23.0,28.0,complete
linear_regression,2024,PETKM,21,1277,2000,10,0.0532498042,10.0,14.0,17.0,complete
linear_regression,2024,PGSUS,5,1270,2000,10,1.0,2.0,4.0,5.0,complete
linear_regression,2024,PRKME,74,1291,2000,10,0.0,42.0,47.0,52.0,complete
linear_regression,2024,SAHOL,23,1270,2000,10,0.0157480315,11.0,15.0,19.0,complete
linear_regression,2024,SASA,34,1266,2000,10,0.0,17.625,22.0,27.0,complete
linear_regression,2024,SELEC,49,1251,2000,10,0.0,26.0,31.0,36.0,complete
linear_regression,2024,SISE,24,1254,2000,10,0.0063795853,12.0,16.0,20.0,complete
linear_regression,2024,SKBNK,60,1246,2000,10,0.0,33.0,38.0,44.0,complete
linear_regression,2024,SMRTG,3,1254,2000,10,1.0,1.0,2.0,3.0,complete
linear_regression,2024,SOKM,27,1271,2000,10,0.0015735641,13.0,18.0,22.0,complete
linear_regression,2024,TAVHL,14,1251,2000,10,0.7689848122,6.0,9.0,12.0,complete
linear_regression,2024,TBORG,47,1255,2000,10,0.0,25.0,30.0,35.0,complete
linear_regression,2024,TCELL,52,1309,2000,10,0.0,28.0,33.0,38.3,complete
linear_regression,2024,THYAO,29,1297,2000,10,0.0,14.0,19.0,23.0,complete
linear_regression,2024,TOASO,31,1267,2000,10,0.0,16.0,20.0,25.0,complete
linear_regression,2024,TRALT,70,1267,2000,10,0.0,39.0,45.0,50.0,complete
linear_regression,2024,TRMET,64,1296,2000,10,0.0,35.0,41.0,46.0,complete
linear_regression,2024,TSKB,15,1285,2000,10,0.6381322957,6.1,10.0,13.0,complete
linear_regression,2024,TTKOM,66,1261,2000,10,0.0,37.0,42.0,47.0,complete
linear_regression,2024,TUPRS,80,1286,2000,10,0.0,45.0,51.0,56.0,complete
linear_regression,2024,TURSG,19,1278,2000,10,0.151799687,9.0,12.0,16.0,complete
linear_regression,2024,ULKER,18,1240,2000,10,0.2233870968,8.0,12.0,15.0,complete
linear_regression,2024,ULUSE,69,1256,2000,10,0.0,38.0,44.0,49.0,complete
linear_regression,2024,VAKBN,32,1259,2000,10,0.0,16.0,21.0,25.0,complete
linear_regression,2024,VESTL,55,1260,2000,10,0.0,30.0,35.0,40.0,complete
linear_regression,2024,YKBNK,25,1268,2000,10,0.0039432177,12.0,16.0,20.0,complete
linear_regression,2024,ZOREN,68,1234,2000,10,0.0,38.0,43.0,48.0,complete
linear_regression,2025,AEFES,48,1257,2000,10,0.0,25.0,31.0,36.0,complete
linear_regression,2025,AGESA,60,1254,2000,10,0.0,33.0,38.0,44.0,complete
linear_regression,2025,AGHOL,55,1331,2000,10,0.0,30.0,35.0,41.0,complete
linear_regression,2025,AKBNK,49,1249,2000,10,0.0,26.0,32.0,37.0,complete
linear_regression,2025,AKENR,71,1275,2000,10,0.0,40.0,45.0,51.0,complete
linear_regression,2025,AKSA,52,1270,2000,10,0.0,28.0,33.0,39.0,complete
linear_regression,2025,AKSEN,27,1274,2000,10,0.0007849294,13.0,18.0,22.0,complete
linear_regression,2025,ALARK,22,1276,2000,10,0.0423197492,10.0,14.0,18.0,complete
linear_regression,2025,ALBRK,62,1302,2000,10,0.0,34.0,40.0,45.0,complete
linear_regression,2025,ANHYT,73,1265,2000,10,0.0,41.0,47.0,52.0,complete
linear_regression,2025,ARCLK,77,1258,2000,10,0.0,44.0,49.0,55.0,complete
linear_regression,2025,ASELS,36,1254,2000,10,0.0,18.0,23.0,28.0,complete
linear_regression,2025,ASTOR,16,1254,2000,10,0.4832535885,7.0,11.0,14.0,complete
linear_regression,2025,BERA,58,1269,2000,10,0.0,31.0,37.0,43.0,complete
linear_regression,2025,BIMAS,74,1281,2000,10,0.0,42.0,47.0,53.0,complete
linear_regression,2025,BRSAN,79,1260,2000,10,0.0,45.0,51.0,56.0,complete
linear_regression,2025,BTCIM,17,1301,2000,10,0.3666410453,7.0,11.0,14.0,complete
linear_regression,2025,CANTE,3,1243,2000,10,1.0,1.0,2.0,3.0,complete
linear_regression,2025,CCOLA,69,1261,2000,10,0.0,38.0,44.0,50.0,complete
linear_regression,2025,CEMTS,63,1302,2000,10,0.0,35.0,40.0,46.0,complete
linear_regression,2025,CIMSA,42,1265,2000,10,0.0,22.0,27.0,32.0,complete
linear_regression,2025,DEVA,26,1278,2000,10,0.0039123631,12.0,17.0,21.0,complete
linear_regression,2025,DOAS,32,1267,2000,10,0.0,16.0,21.0,25.0,complete
linear_regression,2025,DOHOL,21,1312,2000,10,0.0647865854,10.0,14.0,17.0,complete
linear_regression,2025,DSTKF,80,1270,2000,10,0.0,46.0,51.0,57.0,complete
linear_regression,2025,EKGYO,12,1275,2000,10,0.9662745098,5.0,8.0,11.0,complete
linear_regression,2025,ENJSA,20,1291,2000,10,0.105344694,9.0,13.0,17.0,complete
linear_regression,2025,ENKAI,6,1281,2000,10,1.0,2.0,4.0,6.0,complete
linear_regression,2025,EREGL,7,1290,2000,10,1.0,2.0,5.0,7.0,complete
linear_regression,2025,FROTO,54,1274,2000,10,0.0,29.0,35.0,40.0,complete
linear_regression,2025,GARAN,44,1265,2000,10,0.0,23.0,28.0,33.0,complete
linear_regression,2025,GUBRF,13,1270,2000,10,0.8905511811,5.0,9.0,11.0,complete
linear_regression,2025,HALKB,34,1270,2000,10,0.0,17.0,22.0,27.0,complete
linear_regression,2025,HEKTS,75,1254,2000,10,0.0,42.0,48.0,54.0,complete
linear_regression,2025,ISCTR,47,1291,2000,10,0.0,25.0,30.0,35.0,complete
linear_regression,2025,ISGYO,45,1273,2000,10,0.0,23.0,29.0,34.0,complete
linear_regression,2025,KCHOL,56,1271,2000,10,0.0,30.0,36.0,41.0,complete
linear_regression,2025,KONTR,68,1277,2000,10,0.0,38.0,43.0,49.0,complete
linear_regression,2025,KRDMD,1,1252,2000,10,1.0,1.0,1.0,1.0,complete
linear_regression,2025,KRVGD,46,1289,2000,10,0.0,24.0,29.0,35.0,complete
linear_regression,2025,KUYAS,38,1290,2000,10,0.0,20.0,25.0,29.0,complete
linear_regression,2025,LOGO,23,1297,2000,10,0.0192752506,11.0,15.0,19.0,complete
linear_regression,2025,MAVI,66,1269,2000,10,0.0,36.0,42.0,48.0,complete
linear_regression,2025,MGROS,33,1289,2000,10,0.0,16.2,21.0,26.0,complete
linear_regression,2025,MIATK,50,1298,2000,10,0.0,27.0,32.0,38.0,complete
linear_regression,2025,MPARK,35,1252,2000,10,0.0,18.0,23.0,27.0,complete
linear_regression,2025,NETAS,40,1242,2000,10,0.0,21.0,26.0,30.975,complete
linear_regression,2025,NTGAZ,70,1309,2000,10,0.0,39.0,45.0,50.0,complete
linear_regression,2025,ODAS,57,1264,2000,10,0.0,31.0,37.0,42.0,complete
linear_regression,2025,OTKAR,61,1253,2000,10,0.0,33.0,39.0,45.0,complete
linear_regression,2025,OYAKC,29,1270,2000,10,0.0,14.0,19.0,23.0,complete
linear_regression,2025,PASEU,28,1272,2000,10,0.0,13.0,18.0,23.0,complete
linear_regression,2025,PETKM,15,1269,2000,10,0.63356974,6.0,10.0,13.0,complete
linear_regression,2025,PGSUS,67,1265,2000,10,0.0,37.0,43.0,49.0,complete
linear_regression,2025,PRKME,8,1251,2000,10,1.0,3.0,5.0,8.0,complete
linear_regression,2025,RGYAS,64,1254,2000,10,0.0,35.0,41.0,47.0,complete
linear_regression,2025,SAHOL,41,1279,2000,10,0.0,21.0,26.0,31.0,complete
linear_regression,2025,SASA,10,1276,2000,10,1.0,4.0,7.0,9.0,complete
linear_regression,2025,SELEC,24,1291,2000,10,0.0108443067,11.0,16.0,20.0,complete
linear_regression,2025,SISE,14,1262,2000,10,0.7860538827,6.0,9.0,12.0,complete
linear_regression,2025,SKBNK,51,1291,2000,10,0.0,27.0,33.0,38.0,complete
linear_regression,2025,SMRTG,39,1263,2000,10,0.0,20.0,25.0,30.0,complete
linear_regression,2025,SOKM,19,1279,2000,10,0.15089914,8.0,12.0,16.0,complete
linear_regression,2025,TAVHL,76,1279,2000,10,0.0,43.0,49.0,54.0,complete
linear_regression,2025,TBORG,43,1312,2000,10,0.0,22.0,28.0,33.0,complete
linear_regression,2025,TCELL,18,1315,2000,10,0.2517110266,8.0,12.0,15.0,complete
linear_regression,2025,THYAO,11,1276,2000,10,0.9937304075,4.0,7.0,10.0,complete
linear_regression,2025,TOASO,25,1287,2000,10,0.0038850039,12.0,16.0,20.0,complete
linear_regression,2025,TRALT,5,1260,2000,10,1.0,2.0,4.0,5.0,complete
linear_regression,2025,TRMET,2,1225,2000,10,1.0,1.0,2.0,2.0,complete
linear_regression,2025,TSKB,72,1233,2000,10,0.0,40.0,46.0,51.2,complete
linear_regression,2025,TTKOM,4,1292,2000,10,1.0,1.0,3.0,4.0,complete
linear_regression,2025,TUPRS,31,1233,2000,10,0.0,15.0,20.0,25.0,complete
linear_regression,2025,TURSG,78,1240,2000,10,0.0,44.0,50.0,55.0,complete
linear_regression,2025,ULKER,65,1306,2000,10,0.0,36.0,42.0,47.0,complete
linear_regression,2025,ULUSE,53,1293,2000,10,0.0,28.0,34.0,39.0,complete
linear_regression,2025,VAKBN,30,1244,2000,10,0.0008038585,15.0,20.0,24.0,complete
linear_regression,2025,VESTL,9,1270,2000,10,1.0,3.0,6.0,8.0,complete
linear_regression,2025,YKBNK,59,1257,2000,10,0.0,32.0,38.0,43.0,complete
linear_regression,2025,ZOREN,37,1295,2000,10,0.0,19.0,24.0,29.0,complete
random_forest,2023,AEFES,60,1265,2000,10,0.0,33.0,38.0,44.0,complete
random_forest,2023,AGESA,36,1255,2000,10,0.0,18.0,23.0,28.0,complete
random_forest,2023,AGHOL,75,1321,2000,10,0.0,42.0,48.0,53.0,complete
random_forest,2023,AKBNK,40,1273,2000,10,0.0,21.0,26.0,30.0,complete
random_forest,2023,AKENR,38,1284,2000,10,0.0,19.0,24.0,29.0,complete
random_forest,2023,AKSA,69,1303,2000,10,0.0,38.0,44.0,50.0,complete
random_forest,2023,AKSEN,67,1265,2000,10,0.0,37.0,43.0,48.0,complete
random_forest,2023,ALARK,5,1313,2000,10,1.0,2.0,4.0,5.0,complete
random_forest,2023,ALBRK,41,1259,2000,10,0.0,21.0,26.0,31.0,complete
random_forest,2023,ANHYT,37,1308,2000,10,0.0,19.0,24.0,28.0,complete
random_forest,2023,ARCLK,53,1238,2000,10,0.0,28.0,34.0,39.0,complete
random_forest,2023,ASELS,77,1268,2000,10,0.0,43.0,49.0,55.0,complete
random_forest,2023,ASTOR,80,1257,2000,10,0.0,45.0,51.0,56.0,complete
random_forest,2023,BERA,28,1263,2000,10,0.0,14.0,18.0,22.0,complete
random_forest,2023,BIMAS,70,1276,2000,10,0.0,39.0,45.0,50.0,complete
random_forest,2023,BRSAN,30,1284,2000,10,0.0,15.0,19.0,24.0,complete
random_forest,2023,BTCIM,16,1257,2000,10,0.5107398568,7.0,10.0,14.0,complete
random_forest,2023,CANTE,2,1246,2000,10,1.0,1.0,2.0,2.0,complete
random_forest,2023,CCOLA,72,1277,2000,10,0.0,40.0,46.0,51.0,complete
random_forest,2023,CEMTS,35,1260,2000,10,0.0,18.0,23.0,27.0,complete
random_forest,2023,CIMSA,19,1261,2000,10,0.1609833466,9.0,12.0,16.0,complete
random_forest,2023,DEVA,26,1255,2000,10,0.003187251,13.0,17.0,21.0,complete
random_forest,2023,DOAS,24,1278,2000,10,0.0078247261,11.0,16.0,19.0,complete
random_forest,2023,DOHOL,34,1252,2000,10,0.0,17.0,22.0,26.0,complete
random_forest,2023,DSTKF,65,1262,2000,10,0.0,36.0,41.0,47.0,complete
random_forest,2023,EGEEN,21,1286,2000,10,0.065318818,10.0,14.0,17.0,complete
random_forest,2023,EKGYO,57,1257,2000,10,0.0,31.0,36.0,42.0,complete
random_forest,2023,ENJSA,74,1302,2000,10,0.0,41.525,47.0,53.0,complete
random_forest,2023,ENKAI,73,1249,2000,10,0.0,41.0,47.0,52.0,complete
random_forest,2023,EREGL,79,1246,2000,10,0.0,45.0,50.0,56.0,complete
random_forest,2023,FROTO,59,1239,2000,10,0.0,32.0,38.0,43.0,complete
random_forest,2023,GARAN,42,1264,2000,10,0.0,22.0,27.0,32.0,complete
random_forest,2023,GUBRF,32,1268,2000,10,0.0,16.0,21.0,25.0,complete
random_forest,2023,HALKB,49,1291,2000,10,0.0,26.0,31.0,36.0,complete
random_forest,2023,HEKTS,4,1264,2000,10,1.0,1.0,3.0,4.0,complete
random_forest,2023,ISCTR,43,1291,2000,10,0.0,22.0,28.0,32.0,complete
random_forest,2023,ISGYO,13,1215,2000,10,0.8806584362,5.0,9.0,12.0,complete
random_forest,2023,KCHOL,62,1259,2000,10,0.0,34.0,40.0,45.0,complete
random_forest,2023,KONTR,1,1293,2000,10,1.0,1.0,1.0,1.0,complete
random_forest,2023,KRDMD,55,1263,2000,10,0.0,30.0,35.0,40.0,complete
random_forest,2023,KRVGD,27,1258,2000,10,0.0007949126,13.0,17.0,22.0,complete
random_forest,2023,KUYAS,6,1283,2000,10,1.0,2.0,4.0,6.0,complete
random_forest,2023,LOGO,18,1258,2000,10,0.2535771065,8.0,12.0,15.0,complete
random_forest,2023,MAVI,25,1278,2000,10,0.0031298905,12.0,16.0,20.0,complete
random_forest,2023,MGROS,56,1252,2000,10,0.0,30.0,36.0,41.0,complete
random_forest,2023,MIATK,12,1237,2000,10,0.9531123686,5.0,8.0,11.0,complete
random_forest,2023,MPARK,52,1263,2000,10,0.0,28.0,33.0,38.0,complete
random_forest,2023,NETAS,14,1225,2000,10,0.7583673469,6.0,9.0,12.0,complete
random_forest,2023,NTGAZ,8,1286,2000,10,1.0,3.0,5.0,8.0,complete
random_forest,2023,ODAS,17,1264,2000,10,0.3670886076,7.575,11.0,14.425,complete
random_forest,2023,OTKAR,44,1292,2000,10,0.0,23.0,28.0,33.0,complete
random_forest,2023,OYAKC,20,1251,2000,10,0.1151079137,9.0,13.0,16.75,complete
random_forest,2023,PASEU,22,1280,2000,10,0.0375,10.0,14.0,18.0,complete
random_forest,2023,PETKM,46,1241,2000,10,0.0,24.0,29.0,34.0,complete
random_forest,2023,PGSUS,9,1293,2000,10,1.0,3.0,6.0,8.0,complete
random_forest,2023,PRKME,10,1302,2000,10,1.0,4.0,7.0,9.0,complete
random_forest,2023,SAHOL,58,1319,2000,10,0.0,31.0,37.0,42.0,complete
random_forest,2023,SASA,23,1265,2000,10,0.0173913043,11.0,15.0,19.0,complete
random_forest,2023,SELEC,66,1292,2000,10,0.0,37.0,42.0,47.0,complete
random_forest,2023,SISE,71,1276,2000,10,0.0,40.0,45.0,51.0,complete
random_forest,2023,SKBNK,33,1264,2000,10,0.0,16.0,21.0,26.0,complete
random_forest,2023,SMRTG,15,1252,2000,10,0.6357827476,6.0,10.0,13.0,complete
random_forest,2023,SOKM,54,1280,2000,10,0.0,29.0,35.0,40.0,complete
random_forest,2023,TAVHL,68,1264,2000,10,0.0,38.0,43.0,49.0,complete
random_forest,2023,TBORG,51,1278,2000,10,0.0,27.0,33.0,38.0,complete
random_forest,2023,TCELL,76,1280,2000,10,0.0,43.0,48.0,54.0,complete
random_forest,2023,THYAO,3,1284,2000,10,1.0,1.0,2.0,3.0,complete
random_forest,2023,TOASO,64,1281,2000,10,0.0,36.0,41.0,46.0,complete
random_forest,2023,TRALT,7,1274,2000,10,1.0,3.0,5.0,7.0,complete
random_forest,2023,TRMET,31,1249,2000,10,0.0,15.0,20.0,24.0,complete
random_forest,2023,TSKB,63,1255,2000,10,0.0,35.0,40.0,45.0,complete
random_forest,2023,TTKOM,78,1291,2000,10,0.0,44.0,50.0,55.0,complete
random_forest,2023,TUPRS,61,1329,2000,10,0.0,34.0,39.0,45.0,complete
random_forest,2023,TURSG,29,1280,2000,10,0.0,14.0,19.0,23.0,complete
random_forest,2023,ULKER,47,1263,2000,10,0.0,25.0,30.0,35.0,complete
random_forest,2023,ULUSE,11,1251,2000,10,0.9936051159,5.0,8.0,10.0,complete
random_forest,2023,VAKBN,48,1271,2000,10,0.0,25.75,31.0,36.0,complete
random_forest,2023,VESTL,39,1285,2000,10,0.0,20.0,25.0,30.0,complete
random_forest,2023,YKBNK,45,1240,2000,10,0.0,24.0,29.0,34.0,complete
random_forest,2023,ZOREN,50,1264,2000,10,0.0,27.0,32.0,37.0,complete
random_forest,2024,AEFES,54,1271,2000,10,0.0,29.0,35.0,40.0,complete
random_forest,2024,AGESA,19,1255,2000,10,0.1569721116,9.0,12.0,16.0,complete
random_forest,2024,AGHOL,70,1279,2000,10,0.0,39.0,45.0,50.0,complete
random_forest,2024,AKBNK,35,1270,2000,10,0.0,17.0,23.0,27.0,complete
random_forest,2024,AKENR,59,1251,2000,10,0.0,32.0,38.0,43.0,complete
random_forest,2024,AKSA,22,1249,2000,10,0.0336269015,10.0,14.0,18.0,complete
random_forest,2024,AKSEN,76,1276,2000,10,0.0,43.0,49.0,54.0,complete
random_forest,2024,ALARK,7,1276,2000,10,1.0,3.0,5.0,7.0,complete
random_forest,2024,ALBRK,27,1289,2000,10,0.0,13.0,18.0,21.0,complete
random_forest,2024,ANHYT,33,1256,2000,10,0.0,17.0,21.0,25.0,complete
random_forest,2024,ARCLK,47,1265,2000,10,0.0,25.0,30.0,35.0,complete
random_forest,2024,ASELS,74,1273,2000,10,0.0,42.0,47.0,53.0,complete
random_forest,2024,ASTOR,32,1269,2000,10,0.0,16.0,21.0,25.0,complete
random_forest,2024,BERA,61,1279,2000,10,0.0,33.0,39.0,45.0,complete
random_forest,2024,BIMAS,71,1220,2000,10,0.0,40.0,45.0,51.0,complete
random_forest,2024,BRSAN,16,1306,2000,10,0.482388974,7.0,11.0,14.0,complete
random_forest,2024,BTCIM,9,1242,2000,10,1.0,3.0,6.0,8.0,complete
random_forest,2024,CANTE,52,1286,2000,10,0.0,28.0,33.0,39.0,complete
random_forest,2024,CCOLA,72,1253,2000,10,0.0,41.0,46.0,51.0,complete
random_forest,2024,CEMTS,56,1256,2000,10,0.0,31.0,36.0,41.0,complete
random_forest,2024,CIMSA,24,1290,2000,10,0.0085271318,12.0,16.0,19.0,complete
random_forest,2024,DEVA,15,1240,2000,10,0.6346774194,6.0,10.0,13.0,complete
random_forest,2024,DOAS,41,1273,2000,10,0.0,21.0,26.0,31.0,complete
random_forest,2024,DOHOL,28,1281,2000,10,0.0,14.0,18.0,22.0,complete
random_forest,2024,DSTKF,80,1260,2000,10,0.0,45.0,51.0,57.0,complete
random_forest,2024,EGEEN,8,1253,2000,10,1.0,3.0,6.0,8.0,complete
random_forest,2024,EKGYO,77,1264,2000,10,0.0,44.0,49.0,55.0,complete
random_forest,2024,ENJSA,69,1323,2000,10,0.0,38.0,44.0,49.0,complete
random_forest,2024,ENKAI,65,1286,2000,10,0.0,36.0,41.0,47.0,complete
random_forest,2024,EREGL,73,1274,2000,10,0.0,41.0,47.0,52.0,complete
random_forest,2024,FROTO,40,1295,2000,10,0.0,21.0,26.0,31.0,complete
random_forest,2024,GARAN,36,1296,2000,10,0.0,18.0,23.0,28.0,complete
random_forest,2024,GUBRF,50,1276,2000,10,0.0,27.0,32.0,37.0,complete
random_forest,2024,HALKB,63,1260,2000,10,0.0,35.0,40.0,46.0,complete
random_forest,2024,HEKTS,34,1283,2000,10,0.0,17.0,22.0,26.0,complete
random_forest,2024,ISCTR,29,1244,2000,10,0.0,14.0,19.0,23.0,complete
random_forest,2024,ISGYO,10,1279,2000,10,1.0,4.0,7.0,9.0,complete
random_forest,2024,KCHOL,60,1272,2000,10,0.0,33.0,38.0,44.0,complete
random_forest,2024,KONTR,1,1272,2000,10,1.0,1.0,1.0,1.0,complete
random_forest,2024,KRDMD,25,1242,2000,10,0.0032206119,12.0,16.0,20.0,complete
random_forest,2024,KRVGD,55,1265,2000,10,0.0,30.0,35.0,41.0,complete
random_forest,2024,KUYAS,2,1222,2000,10,1.0,1.0,2.0,2.0,complete
random_forest,2024,LOGO,6,1259,2000,10,1.0,2.0,4.0,6.0,complete
random_forest,2024,MAVI,26,1243,2000,10,0.0024135157,13.0,17.0,21.0,complete
random_forest,2024,MGROS,14,1270,2000,10,0.7771653543,6.0,9.0,12.0,complete
random_forest,2024,MIATK,4,1283,2000,10,1.0,1.0,3.0,4.0,complete
random_forest,2024,MPARK,44,1292,2000,10,0.0,23.0,28.0,33.0,complete
random_forest,2024,NETAS,51,1250,2000,10,0.0,28.0,33.0,38.0,complete
random_forest,2024,NTGAZ,5,1297,2000,10,1.0,2.0,4.0,5.0,complete
random_forest,2024,ODAS,67,1245,2000,10,0.0,37.0,43.0,48.0,complete
random_forest,2024,OTKAR,12,1296,2000,10,0.962191358,5.0,8.0,11.0,complete
random_forest,2024,OYAKC,23,1254,2000,10,0.0159489633,11.0,15.0,19.0,complete
random_forest,2024,PASEU,79,1257,2000,10,0.0,45.0,50.0,56.0,complete
random_forest,2024,PETKM,38,1311,2000,10,0.0,20.0,25.0,29.0,complete
random_forest,2024,PGSUS,45,1245,2000,10,0.0,24.0,29.0,34.0,complete
random_forest,2024,PRKME,48,1269,2000,10,0.0,26.0,31.0,36.0,complete
random_forest,2024,SAHOL,39,1300,2000,10,0.0,20.0,25.0,30.0,complete
random_forest,2024,SASA,42,1292,2000,10,0.0,22.0,27.0,32.0,complete
random_forest,2024,SELEC,21,1290,2000,10,0.0581395349,10.0,14.0,17.0,complete
random_forest,2024,SISE,68,1291,2000,10,0.0,38.0,43.0,49.0,complete
random_forest,2024,SKBNK,20,1270,2000,10,0.0897637795,9.0,13.0,17.0,complete
random_forest,2024,SMRTG,18,1291,2000,10,0.2416731216,8.0,12.0,15.0,complete
random_forest,2024,SOKM,37,1287,2000,10,0.0,19.0,24.0,28.0,complete
random_forest,2024,TAVHL,43,1274,2000,10,0.0,23.0,28.0,33.0,complete
random_forest,2024,TBORG,13,1290,2000,10,0.8829457364,5.0,9.0,11.775,complete
random_forest,2024,TCELL,78,1260,2000,10,0.0,44.0,50.0,55.0,complete
random_forest,2024,THYAO,3,1297,2000,10,1.0,1.0,2.0,3.0,complete
random_forest,2024,TOASO,58,1258,2000,10,0.0,32.0,37.0,42.575,complete
random_forest,2024,TRALT,11,1278,2000,10,0.9945226917,4.0,7.0,10.0,complete
random_forest,2024,TRMET,49,1256,2000,10,0.0,26.0,31.0,37.0,complete
random_forest,2024,TSKB,53,1253,2000,10,0.0,29.0,34.0,39.0,complete
random_forest,2024,TTKOM,66,1237,2000,10,0.0,37.0,42.0,48.0,complete
random_forest,2024,TUPRS,62,1327,2000,10,0.0,34.0,40.0,45.0,complete
random_forest,2024,TURSG,17,1297,2000,10,0.3708558211,8.0,11.0,14.0,complete
random_forest,2024,ULKER,57,1290,2000,10,0.0,31.0,36.0,42.0,complete
random_forest,2024,ULUSE,46,1270,2000,10,0.0,24.0,30.0,35.0,complete
random_forest,2024,VAKBN,30,1260,2000,10,0.0,15.0,19.0,24.0,complete
random_forest,2024,VESTL,75,1288,2000,10,0.0,42.175,48.0,53.0,complete
random_forest,2024,YKBNK,31,1243,2000,10,0.0,15.0,20.0,24.0,complete
random_forest,2024,ZOREN,64,1262,2000,10,0.0,36.0,41.0,46.0,complete
random_forest,2025,AEFES,61,1274,2000,10,0.0,34.0,39.0,44.0,complete
random_forest,2025,AGESA,23,1300,2000,10,0.0230769231,11.0,15.0,19.0,complete
random_forest,2025,AGHOL,73,1261,2000,10,0.0,41.0,46.0,52.0,complete
random_forest,2025,AKBNK,45,1258,2000,10,0.0,23.0,29.0,34.0,complete
random_forest,2025,AKENR,4,1248,2000,10,1.0,1.0,3.0,4.0,complete
random_forest,2025,AKSA,38,1277,2000,10,0.0,19.0,24.0,29.0,complete
random_forest,2025,AKSEN,51,1297,2000,10,0.0,27.0,32.0,38.0,complete
random_forest,2025,ALARK,12,1241,2000,10,0.9580983078,5.0,8.0,11.0,complete
random_forest,2025,ALBRK,41,1265,2000,10,0.0,21.0,26.0,31.0,complete
random_forest,2025,ANHYT,16,1263,2000,10,0.5019794141,7.0,10.0,14.0,complete
random_forest,2025,ARCLK,28,1269,2000,10,0.0,14.0,18.0,22.0,complete
random_forest,2025,ASELS,62,1246,2000,10,0.0,35.0,39.0,45.0,complete
random_forest,2025,ASTOR,78,1282,2000,10,0.0,44.0,50.0,55.0,complete
random_forest,2025,BERA,36,1256,2000,10,0.0,18.0,23.0,28.0,complete
random_forest,2025,BIMAS,64,1232,2000,10,0.0,35.0,41.0,46.0,complete
random_forest,2025,BRSAN,30,1275,2000,10,0.0007843137,15.0,19.0,24.0,complete
random_forest,2025,BTCIM,18,1288,2000,10,0.2779503106,8.0,12.0,15.0,complete
random_forest,2025,CANTE,54,1251,2000,10,0.0,29.0,34.0,40.0,complete
random_forest,2025,CCOLA,71,1248,2000,10,0.0,40.0,45.0,50.0,complete
random_forest,2025,CEMTS,14,1253,2000,10,0.8036711891,6.0,9.0,12.0,complete
random_forest,2025,CIMSA,40,1284,2000,10,0.0,21.0,25.0,30.0,complete
random_forest,2025,DEVA,29,1241,2000,10,0.0008058018,14.0,18.0,23.0,complete
random_forest,2025,DOAS,66,1259,2000,10,0.0,37.0,42.0,48.0,complete
random_forest,2025,DOHOL,47,1240,2000,10,0.0,25.0,30.0,35.0,complete
random_forest,2025,DSTKF,75,1259,2000,10,0.0,42.0,48.0,53.0,complete
random_forest,2025,EKGYO,39,1284,2000,10,0.0,20.0,25.0,30.0,complete
random_forest,2025,ENJSA,70,1264,2000,10,0.0,39.0,44.0,50.0,complete
random_forest,2025,ENKAI,58,1298,2000,10,0.0,32.0,37.0,42.0,complete
random_forest,2025,EREGL,57,1311,2000,10,0.0,31.0,36.0,42.0,complete
random_forest,2025,FROTO,32,1285,2000,10,0.0,16.0,20.0,25.0,complete
random_forest,2025,GARAN,26,1220,2000,10,0.0024590164,12.0,17.0,21.0,complete
random_forest,2025,GUBRF,31,1244,2000,10,0.0,15.0,20.0,24.0,complete
random_forest,2025,HALKB,48,1269,2000,10,0.0,25.0,31.0,36.0,complete
random_forest,2025,HEKTS,5,1244,2000,10,1.0,2.0,4.0,5.0,complete
random_forest,2025,ISCTR,43,1308,2000,10,0.0,23.0,28.0,32.0,complete
random_forest,2025,ISGYO,17,1259,2000,10,0.3764892772,7.0,11.0,14.0,complete
random_forest,2025,KCHOL,67,1266,2000,10,0.0,37.0,43.0,48.0,complete
random_forest,2025,KONTR,11,1250,2000,10,0.9904,4.0,7.0,10.0,complete
random_forest,2025,KRDMD,33,1249,2000,10,0.0,16.0,21.0,26.0,complete
random_forest,2025,KRVGD,24,1263,2000,10,0.0079176564,11.0,15.0,19.0,complete
random_forest,2025,KUYAS,3,1255,2000,10,1.0,1.0,2.0,3.0,complete
random_forest,2025,LOGO,15,1227,2000,10,0.6666666667,6.0,10.0,13.0,complete
random_forest,2025,MAVI,19,1279,2000,10,0.1853010164,9.0,12.0,16.0,complete
random_forest,2025,MGROS,2,1254,2000,10,1.0,1.0,2.0,2.0,complete
random_forest,2025,MIATK,76,1252,2000,10,0.0,43.0,48.0,54.0,complete
random_forest,2025,MPARK,53,1244,2000,10,0.0,29.0,34.0,39.0,complete
random_forest,2025,NETAS,7,1265,2000,10,1.0,3.0,5.0,7.0,complete
random_forest,2025,NTGAZ,80,1230,2000,10,0.0,45.0,51.0,56.0,complete
random_forest,2025,ODAS,20,1205,2000,10,0.112033195,9.0,13.0,17.0,complete
random_forest,2025,OTKAR,22,1262,2000,10,0.0475435816,10.0,14.0,18.0,complete
random_forest,2025,OYAKC,55,1285,2000,10,0.0,30.0,35.0,40.0,complete
random_forest,2025,PASEU,74,1296,2000,10,0.0,42.0,47.0,52.625,complete
random_forest,2025,PETKM,10,1273,2000,10,1.0,4.0,7.0,9.0,complete
random_forest,2025,PGSUS,56,1268,2000,10,0.0,31.0,36.0,41.0,complete
random_forest,2025,PRKME,6,1224,2000,10,1.0,2.0,4.0,6.0,complete
random_forest,2025,RGYAS,77,1257,2000,10,0.0,43.0,49.0,54.0,complete
random_forest,2025,SAHOL,44,1254,2000,10,0.0,23.0,28.0,33.0,complete
random_forest,2025,SASA,50,1274,2000,10,0.0,26.0,32.0,37.0,complete
random_forest,2025,SELEC,63,1268,2000,10,0.0,35.0,40.0,46.0,complete
random_forest,2025,SISE,34,1238,2000,10,0.0,17.0,22.0,26.0,complete
random_forest,2025,SKBNK,25,1305,2000,10,0.0053639847,12.0,16.0,20.0,complete
random_forest,2025,SMRTG,79,1274,2000,10,0.0,45.0,50.0,55.0,complete
random_forest,2025,SOKM,21,1253,2000,10,0.0702314445,9.0,14.0,17.0,complete
random_forest,2025,TAVHL,72,1265,2000,10,0.0,40.0,46.0,51.0,complete
random_forest,2025,TBORG,42,1275,2000,10,0.0,22.0,27.0,32.0,complete
random_forest,2025,TCELL,59,1258,2000,10,0.0,32.0,37.0,43.0,complete
random_forest,2025,THYAO,1,1268,2000,10,1.0,1.0,1.0,1.0,complete
random_forest,2025,TOASO,69,1233,2000,10,0.0,39.0,44.0,49.0,complete
random_forest,2025,TRALT,9,1266,2000,10,1.0,3.0,6.0,8.0,complete
random_forest,2025,TRMET,13,1276,2000,10,0.8824451411,5.0,9.0,12.0,complete
random_forest,2025,TSKB,35,1247,2000,10,0.0,18.0,22.0,27.0,complete
random_forest,2025,TTKOM,68,1254,2000,10,0.0,38.0,43.0,49.0,complete
random_forest,2025,TUPRS,60,1290,2000,10,0.0,33.0,38.0,43.775,complete
random_forest,2025,TURSG,27,1305,2000,10,0.0,13.0,17.0,21.4,complete
random_forest,2025,ULKER,65,1276,2000,10,0.0,36.0,41.0,47.0,complete
random_forest,2025,ULUSE,8,1287,2000,10,1.0,3.0,5.0,8.0,complete
random_forest,2025,VAKBN,49,1298,2000,10,0.0,26.0,31.0,36.0,complete
random_forest,2025,VESTL,52,1300,2000,10,0.0,28.0,33.0,38.0,complete
random_forest,2025,YKBNK,46,1314,2000,10,0.0,24.0,29.0,34.175,complete
random_forest,2025,ZOREN,37,1296,2000,10,0.0,19.0,24.0,28.0,complete
ridge,2023,AEFES,61,1292,2000,10,0.0,34.0,39.0,44.0,complete
ridge,2023,AGESA,44,1239,2000,10,0.0,23.0,28.0,33.0,complete
ridge,2023,AGHOL,75,1259,2000,10,0.0,42.0,48.0,53.0,complete
ridge,2023,AKBNK,35,1287,2000,10,0.0,18.0,22.0,27.0,complete
ridge,2023,AKENR,55,1251,2000,10,0.0,30.0,35.0,41.0,complete
ridge,2023,AKSA,56,1239,2000,10,0.0,30.0,36.0,41.0,complete
ridge,2023,AKSEN,68,1249,2000,10,0.0,38.0,43.0,49.0,complete
ridge,2023,ALARK,28,1302,2000,10,0.0015360983,14.0,18.0,22.0,complete
ridge,2023,ALBRK,43,1255,2000,10,0.0,22.0,28.0,33.0,complete
ridge,2023,ANHYT,46,1298,2000,10,0.0,24.0,29.5,35.0,complete
ridge,2023,ARCLK,79,1324,2000,10,0.0,45.0,50.0,56.0,complete
ridge,2023,ASELS,62,1302,2000,10,0.0,34.0,40.0,45.0,complete
ridge,2023,ASTOR,13,1229,2000,10,0.8934092758,5.0,9.0,11.0,complete
ridge,2023,BERA,37,1247,2000,10,0.0,19.0,24.0,28.0,complete
ridge,2023,BIMAS,77,1256,2000,10,0.0,44.0,49.0,54.0,complete
ridge,2023,BRSAN,50,1334,2000,10,0.0,27.0,32.0,37.0,complete
ridge,2023,BTCIM,12,1284,2000,10,0.9672897196,5.0,8.0,11.0,complete
ridge,2023,CANTE,4,1272,2000,10,1.0,1.0,3.0,4.0,complete
ridge,2023,CCOLA,69,1274,2000,10,0.0,39.0,44.0,49.0,complete
ridge,2023,CEMTS,18,1282,2000,10,0.2347893916,8.0,12.0,15.0,complete
ridge,2023,CIMSA,14,1285,2000,10,0.7743190661,6.0,9.0,12.0,complete
ridge,2023,DEVA,63,1292,2000,10,0.0,35.0,40.0,45.0,complete
ridge,2023,DOAS,33,1271,2000,10,0.0,16.0,21.0,26.0,complete
ridge,2023,DOHOL,30,1233,2000,10,0.0,14.0,19.0,24.0,complete
ridge,2023,DSTKF,24,1228,2000,10,0.016286645,11.0,16.0,19.0,complete
ridge,2023,EGEEN,19,1236,2000,10,0.1601941748,9.0,13.0,16.0,complete
ridge,2023,EKGYO,23,1245,2000,10,0.0192771084,11.0,15.0,19.0,complete
ridge,2023,ENJSA,70,1254,2000,10,0.0,39.0,45.0,50.0,complete
ridge,2023,ENKAI,73,1284,2000,10,0.0,41.0,47.0,52.0,complete
ridge,2023,EREGL,80,1253,2000,10,0.0,46.0,51.0,56.0,complete
ridge,2023,FROTO,67,1279,2000,10,0.0,37.0,43.0,48.0,complete
ridge,2023,GARAN,42,1288,2000,10,0.0,22.0,27.0,32.0,complete
ridge,2023,GUBRF,49,1274,2000,10,0.0,26.0,31.0,37.0,complete
ridge,2023,HALKB,39,1313,2000,10,0.0,20.0,25.0,30.0,complete
ridge,2023,HEKTS,8,1265,2000,10,1.0,3.0,5.0,8.0,complete
ridge,2023,ISCTR,16,1283,2000,10,0.4855806703,7.0,11.0,14.0,complete
ridge,2023,ISGYO,6,1274,2000,10,1.0,2.0,4.0,6.0,complete
ridge,2023,KCHOL,74,1250,2000,10,0.0,42.0,47.0,53.0,complete
ridge,2023,KONTR,2,1256,2000,10,1.0,1.0,2.0,2.0,complete
ridge,2023,KRDMD,76,1271,2000,10,0.0,43.0,48.0,54.0,complete
ridge,2023,KRVGD,38,1276,2000,10,0.0,19.0,24.0,29.0,complete
ridge,2023,KUYAS,1,1258,2000,10,1.0,1.0,1.0,1.0,complete
ridge,2023,LOGO,41,1264,2000,10,0.0,21.0,26.0,31.0,complete
ridge,2023,MAVI,15,1277,2000,10,0.6327329679,7.0,10.0,13.0,complete
ridge,2023,MGROS,31,1243,2000,10,0.0,15.0,20.0,24.0,complete
ridge,2023,MIATK,3,1292,2000,10,1.0,1.0,2.0,3.0,complete
ridge,2023,MPARK,51,1273,2000,10,0.0,27.0,33.0,38.0,complete
ridge,2023,NETAS,52,1276,2000,10,0.0,28.0,33.0,39.0,complete
ridge,2023,NTGAZ,5,1263,2000,10,1.0,2.0,4.0,5.0,complete
ridge,2023,ODAS,20,1284,2000,10,0.0911214953,9.0,13.0,17.0,complete
ridge,2023,OTKAR,48,1278,2000,10,0.0,25.0,31.0,36.0,complete
ridge,2023,OYAKC,27,1247,2000,10,0.0008019246,13.0,17.0,22.0,complete
ridge,2023,PASEU,22,1286,2000,10,0.034214619,10.0,14.0,18.0,complete
ridge,2023,PETKM,58,1294,2000,10,0.0,32.0,37.0,43.0,complete
ridge,2023,PGSUS,53,1264,2000,10,0.0,28.0,34.0,39.0,complete
ridge,2023,PRKME,10,1299,2000,10,1.0,4.0,7.0,9.0,complete
ridge,2023,SAHOL,36,1283,2000,10,0.0,18.0,23.0,28.0,complete
ridge,2023,SASA,9,1259,2000,10,1.0,3.0,6.0,8.0,complete
ridge,2023,SELEC,64,1295,2000,10,0.0,35.0,41.0,46.0,complete
ridge,2023,SISE,71,1283,2000,10,0.0,40.0,45.0,51.0,complete
ridge,2023,SKBNK,25,1249,2000,10,0.0104083267,12.0,16.0,20.0,complete
ridge,2023,SMRTG,11,1276,2000,10,0.9929467085,4.0,7.0,10.0,complete
ridge,2023,SOKM,66,1256,2000,10,0.0,37.0,42.0,47.625,complete
ridge,2023,TAVHL,45,1294,2000,10,0.0,24.0,29.0,34.0,complete
ridge,2023,TBORG,57,1212,2000,10,0.0,31.0,36.0,42.0,complete
ridge,2023,TCELL,72,1263,2000,10,0.0,40.55,46.0,51.0,complete
ridge,2023,THYAO,7,1277,2000,10,1.0,3.0,5.0,7.0,complete
ridge,2023,TOASO,65,1283,2000,10,0.0,36.0,41.0,47.0,complete
ridge,2023,TRALT,21,1264,2000,10,0.0609177215,10.0,14.0,17.0,complete
ridge,2023,TRMET,47,1258,2000,10,0.0,25.0,30.0,35.0,complete
ridge,2023,TSKB,32,1247,2000,10,0.0,16.0,21.0,25.0,complete
ridge,2023,TTKOM,54,1265,2000,10,0.0,29.0,35.0,40.0,complete
ridge,2023,TUPRS,78,1270,2000,10,0.0,44.0,50.0,55.0,complete
ridge,2023,TURSG,26,1267,2000,10,0.0023677979,12.0,17.0,21.0,complete
ridge,2023,ULKER,60,1265,2000,10,0.0,33.0,38.0,44.0,complete
ridge,2023,ULUSE,40,1258,2000,10,0.0,20.0,26.0,30.0,complete
ridge,2023,VAKBN,29,1262,2000,10,0.0,14.0,19.0,23.0,complete
ridge,2023,VESTL,59,1242,2000,10,0.0,32.0,38.0,43.0,complete
ridge,2023,YKBNK,17,1268,2000,10,0.356466877,7.0,11.0,14.0,complete
ridge,2023,ZOREN,34,1310,2000,10,0.0,17.0,22.0,26.0,complete
ridge,2024,AEFES,25,1312,2000,10,0.0038109756,12.0,16.0,20.0,complete
ridge,2024,AGESA,13,1281,2000,10,0.900078064,5.0,9.0,12.0,complete
ridge,2024,AGHOL,46,1261,2000,10,0.0,24.0,29.0,35.0,complete
ridge,2024,AKBNK,38,1266,2000,10,0.0,19.0,24.0,29.0,complete
ridge,2024,AKENR,55,1295,2000,10,0.0,30.0,35.0,40.0,complete
ridge,2024,AKSA,41,1283,2000,10,0.0,21.0,26.0,31.0,complete
ridge,2024,AKSEN,66,1257,2000,10,0.0,37.0,42.0,48.0,complete
ridge,2024,ALARK,59,1278,2000,10,0.0,32.0,38.0,43.0,complete
ridge,2024,ALBRK,26,1259,2000,10,0.0007942812,13.0,17.0,21.0,complete
ridge,2024,ANHYT,20,1260,2000,10,0.1031746032,9.0,13.0,17.0,complete
ridge,2024,ARCLK,53,1276,2000,10,0.0,29.0,34.0,39.0,complete
ridge,2024,ASELS,70,1304,2000,10,0.0,39.0,45.0,50.0,complete
ridge,2024,ASTOR,15,1266,2000,10,0.6587677725,7.0,10.0,13.0,complete
ridge,2024,BERA,71,1268,2000,10,0.0,40.0,45.0,51.0,complete
ridge,2024,BIMAS,68,1257,2000,10,0.0,38.0,43.0,49.0,complete
ridge,2024,BRSAN,57,1246,2000,10,0.0,31.0,36.0,42.0,complete
ridge,2024,BTCIM,5,1262,2000,10,1.0,2.0,4.0,5.0,complete
ridge,2024,CANTE,10,1281,2000,10,1.0,4.0,7.0,9.0,complete
ridge,2024,CCOLA,75,1260,2000,10,0.0,42.0,48.0,53.525,complete
ridge,2024,CEMTS,74,1310,2000,10,0.0,42.0,47.0,53.0,complete
ridge,2024,CIMSA,12,1277,2000,10,0.964761159,5.0,8.0,11.0,complete
ridge,2024,DEVA,29,1314,2000,10,0.0,14.0,19.0,23.0,complete
ridge,2024,DOAS,50,1227,2000,10,0.0,27.0,32.0,37.0,complete
ridge,2024,DOHOL,62,1250,2000,10,0.0,34.0,40.0,45.0,complete
ridge,2024,DSTKF,33,1249,2000,10,0.0,17.0,21.0,26.0,complete
ridge,2024,EGEEN,45,1286,2000,10,0.0,24.0,29.0,34.0,complete
ridge,2024,EKGYO,58,1265,2000,10,0.0,32.0,37.0,43.0,complete
ridge,2024,ENJSA,44,1315,2000,10,0.0,23.0,28.0,33.0,complete
ridge,2024,ENKAI,18,1326,2000,10,0.257918552,8.0,12.0,15.0,complete
ridge,2024,EREGL,34,1300,2000,10,0.0,17.0,22.0,27.0,complete
ridge,2024,FROTO,9,1255,2000,10,1.0,4.0,6.0,8.0,complete
ridge,2024,GARAN,28,1289,2000,10,0.0007757952,14.0,18.0,22.0,complete
ridge,2024,GUBRF,64,1277,2000,10,0.0,35.0,41.0,47.0,complete
ridge,2024,HALKB,61,1265,2000,10,0.0,34.0,39.0,44.0,complete
ridge,2024,HEKTS,79,1221,2000,10,0.0,45.0,50.0,56.0,complete
ridge,2024,ISCTR,54,1247,2000,10,0.0,29.0,34.0,40.0,complete
ridge,2024,ISGYO,37,1254,2000,10,0.0,19.0,24.0,29.0,complete
ridge,2024,KCHOL,16,1288,2000,10,0.5062111801,7.0,10.0,14.0,complete
ridge,2024,KONTR,1,1271,2000,10,1.0,1.0,1.0,1.0,complete
ridge,2024,KRDMD,31,1286,2000,10,0.000777605,15.0,20.0,24.0,complete
ridge,2024,KRVGD,77,1279,2000,10,0.0,43.0,49.0,55.0,complete
ridge,2024,KUYAS,2,1279,2000,10,1.0,1.0,2.0,2.0,complete
ridge,2024,LOGO,21,1259,2000,10,0.0563939635,10.0,14.0,17.0,complete
ridge,2024,MAVI,36,1292,2000,10,0.0,18.0,23.0,28.0,complete
ridge,2024,MGROS,67,1239,2000,10,0.0,37.0,43.0,48.0,complete
ridge,2024,MIATK,3,1242,2000,10,1.0,1.0,2.0,3.0,complete
ridge,2024,MPARK,19,1287,2000,10,0.1600621601,9.0,12.0,16.0,complete
ridge,2024,NETAS,24,1243,2000,10,0.0120675784,11.0,16.0,20.0,complete
ridge,2024,NTGAZ,63,1248,2000,10,0.0,35.0,40.0,46.0,complete
ridge,2024,ODAS,78,1284,2000,10,0.0,44.0,50.0,55.0,complete
ridge,2024,OTKAR,52,1269,2000,10,0.0,28.0,33.0,39.0,complete
ridge,2024,OYAKC,43,1298,2000,10,0.0,22.0,28.0,33.0,complete
ridge,2024,PASEU,22,1277,2000,10,0.0281910728,10.0,14.0,18.0,complete
ridge,2024,PETKM,30,1266,2000,10,0.0,15.0,19.0,24.0,complete
ridge,2024,PGSUS,8,1240,2000,10,1.0,3.0,5.0,8.0,complete
ridge,2024,PRKME,72,1253,2000,10,0.0,40.0,46.0,51.0,complete
ridge,2024,SAHOL,32,1247,2000,10,0.0,16.0,21.0,25.0,complete
ridge,2024,SASA,23,1298,2000,10,0.0238828968,11.0,15.0,19.0,complete
ridge,2024,SELEC,69,1305,2000,10,0.0,39.0,44.0,50.0,complete
ridge,2024,SISE,48,1272,2000,10,0.0,26.0,31.0,36.0,complete
ridge,2024,SKBNK,51,1252,2000,10,0.0,27.0,33.0,38.0,complete
ridge,2024,SMRTG,7,1260,2000,10,1.0,2.0,5.0,7.0,complete
ridge,2024,SOKM,42,1238,2000,10,0.0,21.925,27.0,32.0,complete
ridge,2024,TAVHL,11,1275,2000,10,0.9905882353,4.0,7.0,10.0,complete
ridge,2024,TBORG,47,1251,2000,10,0.0,25.0,30.0,36.0,complete
ridge,2024,TCELL,56,1254,2000,10,0.0,30.0,36.0,41.0,complete
ridge,2024,THYAO,14,1264,2000,10,0.7911392405,6.0,9.0,12.0,complete
ridge,2024,TOASO,39,1303,2000,10,0.0,20.0,25.0,30.0,complete
ridge,2024,TRALT,73,1286,2000,10,0.0,41.0,46.0,52.0,complete
ridge,2024,TRMET,40,1232,2000,10,0.0,20.0,26.0,30.0,complete
ridge,2024,TSKB,4,1261,2000,10,1.0,1.0,3.0,4.0,complete
ridge,2024,TTKOM,49,1272,2000,10,0.0,26.0,31.0,37.0,complete
ridge,2024,TUPRS,80,1261,2000,10,0.0,46.0,51.0,56.0,complete
ridge,2024,TURSG,6,1221,2000,10,1.0,2.0,4.0,6.0,complete
ridge,2024,ULKER,17,1257,2000,10,0.3619729515,8.0,11.0,14.0,complete
ridge,2024,ULUSE,76,1287,2000,10,0.0,43.0,48.0,54.0,complete
ridge,2024,VAKBN,27,1258,2000,10,0.0,13.0,18.0,22.0,complete
ridge,2024,VESTL,60,1248,2000,10,0.0,33.0,38.0,44.0,complete
ridge,2024,YKBNK,35,1226,2000,10,0.0,18.0,22.0,27.0,complete
ridge,2024,ZOREN,65,1254,2000,10,0.0,36.0,41.0,47.0,complete
ridge,2025,AEFES,8,1247,2000,10,1.0,3.0,5.0,8.0,complete
ridge,2025,AGESA,42,1288,2000,10,0.0,22.0,27.0,32.0,complete
ridge,2025,AGHOL,67,1295,2000,10,0.0,37.0,43.0,48.0,complete
ridge,2025,AKBNK,39,1275,2000,10,0.0,20.0,25.0,30.0,complete
ridge,2025,AKENR,73,1272,2000,10,0.0,41.0,47.0,52.0,complete
ridge,2025,AKSA,50,1263,2000,10,0.0,27.0,32.0,37.0,complete
ridge,2025,AKSEN,26,1281,2000,10,0.0023419204,13.0,17.0,21.0,complete
ridge,2025,ALARK,24,1296,2000,10,0.0138888889,11.0,15.0,19.0,complete
ridge,2025,ALBRK,33,1263,2000,10,0.0,17.0,21.0,26.0,complete
ridge,2025,ANHYT,58,1321,2000,10,0.0,32.0,37.0,42.0,complete
ridge,2025,ARCLK,47,1329,2000,10,0.0,25.0,30.0,35.0,complete
ridge,2025,ASELS,60,1261,2000,10,0.0,33.0,38.0,44.0,complete
ridge,2025,ASTOR,52,1246,2000,10,0.0,28.0,33.0,38.875,complete
ridge,2025,BERA,59,1278,2000,10,0.0,32.0,38.0,43.0,complete
ridge,2025,BIMAS,75,1266,2000,10,0.0,42.0,48.0,53.0,complete
ridge,2025,BRSAN,80,1247,2000,10,0.0,46.0,51.0,56.0,complete
ridge,2025,BTCIM,19,1276,2000,10,0.1865203762,9.0,12.0,16.0,complete
ridge,2025,CANTE,2,1278,2000,10,1.0,1.0,2.0,2.0,complete
ridge,2025,CCOLA,78,1251,2000,10,0.0,44.0,50.0,55.0,complete
ridge,2025,CEMTS,66,1260,2000,10,0.0,36.0,42.0,48.0,complete
ridge,2025,CIMSA,36,1296,2000,10,0.0,18.0,23.0,28.0,complete
ridge,2025,DEVA,28,1243,2000,10,0.0008045052,14.0,18.0,22.0,complete
ridge,2025,DOAS,45,1276,2000,10,0.0,23.0,29.0,34.0,complete
ridge,2025,DOHOL,22,1258,2000,10,0.0286168521,10.0,14.0,18.0,complete
ridge,2025,DSTKF,56,1243,2000,10,0.0,30.0,36.0,41.0,complete
ridge,2025,EKGYO,9,1239,2000,10,1.0,4.0,6.0,8.0,complete
ridge,2025,ENJSA,44,1286,2000,10,0.0,23.0,28.0,33.0,complete
ridge,2025,ENKAI,23,1271,2000,10,0.0157356412,11.0,15.0,19.0,complete
ridge,2025,EREGL,32,1292,2000,10,0.0,16.0,21.0,25.0,complete
ridge,2025,FROTO,20,1241,2000,10,0.1055600322,9.0,13.0,17.0,complete
ridge,2025,GARAN,35,1285,2000,10,0.0,17.0,22.0,27.0,complete
ridge,2025,GUBRF,17,1249,2000,10,0.4043234588,7.0,11.0,15.0,complete
ridge,2025,HALKB,10,1255,2000,10,1.0,4.0,7.0,9.0,complete
ridge,2025,HEKTS,72,1273,2000,10,0.0,40.0,46.0,52.0,complete
ridge,2025,ISCTR,40,1266,2000,10,0.0,21.0,26.0,31.0,complete
ridge,2025,ISGYO,34,1276,2000,10,0.0,17.0,22.0,26.0,complete
ridge,2025,KCHOL,63,1301,2000,10,0.0,35.0,40.0,45.0,complete
ridge,2025,KONTR,49,1207,2000,10,0.0,26.0,31.0,37.0,complete
ridge,2025,KRDMD,4,1242,2000,10,1.0,1.0,3.0,4.0,complete
ridge,2025,KRVGD,65,1290,2000,10,0.0,36.0,42.0,47.0,complete
ridge,2025,KUYAS,37,1295,2000,10,0.0,19.0,24.0,28.0,complete
ridge,2025,LOGO,15,1250,2000,10,0.6736,7.0,10.0,13.0,complete
ridge,2025,MAVI,68,1267,2000,10,0.0,38.0,43.0,49.0,complete
ridge,2025,MGROS,29,1273,2000,10,0.0,14.0,19.0,23.0,complete
ridge,2025,MIATK,61,1313,2000,10,0.0,33.0,39.0,44.0,complete
ridge,2025,MPARK,46,1281,2000,10,0.0,24.0,29.0,35.0,complete
ridge,2025,NETAS,57,1250,2000,10,0.0,31.0,36.0,41.775,complete
ridge,2025,NTGAZ,51,1277,2000,10,0.0,27.0,33.0,38.0,complete
ridge,2025,ODAS,55,1267,2000,10,0.0,30.0,35.0,40.0,complete
ridge,2025,OTKAR,76,1258,2000,10,0.0,43.0,48.0,54.0,complete
ridge,2025,OYAKC,77,1268,2000,10,0.0,43.0,49.0,55.0,complete
ridge,2025,PASEU,13,1253,2000,10,0.8922585794,5.3,9.0,12.0,complete
ridge,2025,PETKM,16,1232,2000,10,0.5186688312,7.0,10.0,14.0,complete
ridge,2025,PGSUS,71,1300,2000,10,0.0,40.0,45.0,51.0,complete
ridge,2025,PRKME,12,1314,2000,10,0.9558599696,5.0,8.0,11.0,complete
ridge,2025,RGYAS,27,1280,2000,10,0.00078125,13.0,17.0,21.0,complete
ridge,2025,SAHOL,25,1244,2000,10,0.0032154341,12.0,16.0,20.0,complete
ridge,2025,SASA,5,1257,2000,10,1.0,2.0,4.0,5.0,complete
ridge,2025,SELEC,54,1276,2000,10,0.0,29.0,35.0,40.0,complete
ridge,2025,SISE,6,1281,2000,10,1.0,2.0,4.0,6.0,complete
ridge,2025,SKBNK,38,1251,2000,10,0.0,19.0,24.0,29.0,complete
ridge,2025,SMRTG,41,1255,2000,10,0.0,21.0,26.0,31.0,complete
ridge,2025,SOKM,69,1290,2000,10,0.0,39.0,44.0,49.0,complete
ridge,2025,TAVHL,74,1253,2000,10,0.0,42.0,47.0,53.0,complete
ridge,2025,TBORG,48,1246,2000,10,0.0,25.0,31.0,36.0,complete
ridge,2025,TCELL,53,1245,2000,10,0.0,29.0,34.0,39.0,complete
ridge,2025,THYAO,3,1252,2000,10,1.0,1.0,2.0,3.0,complete
ridge,2025,TOASO,31,1279,2000,10,0.0,15.95,20.0,24.0,complete
ridge,2025,TRALT,14,1243,2000,10,0.796460177,6.0,9.0,12.0,complete
ridge,2025,TRMET,1,1258,2000,10,1.0,1.0,1.0,1.0,complete
ridge,2025,TSKB,30,1308,2000,10,0.0,15.0,19.0,23.325,complete
ridge,2025,TTKOM,7,1249,2000,10,1.0,2.0,5.0,7.0,complete
ridge,2025,TUPRS,64,1301,2000,10,0.0,35.0,41.0,46.0,complete
ridge,2025,TURSG,79,1287,2000,10,0.0,45.0,50.0,56.0,complete
ridge,2025,ULKER,62,1225,2000,10,0.0,34.0,40.0,45.0,complete
ridge,2025,ULUSE,70,1271,2000,10,0.0,39.0,45.0,50.0,complete
ridge,2025,VAKBN,11,1206,2000,10,0.991708126,5.0,7.0,10.0,complete
ridge,2025,VESTL,18,1285,2000,10,0.2778210117,8.0,12.0,15.0,complete
ridge,2025,YKBNK,43,1254,2000,10,0.0,23.0,27.0,32.675,complete
ridge,2025,ZOREN,21,1304,2000,10,0.0667177914,10.0,14.0,17.0,complete
robust_rank_aggregation,2023,AEFES,34,1249,2000,10,0.0,17.0,22.0,26.0,complete
robust_rank_aggregation,2023,AGESA,51,1250,2000,10,0.0,27.0,33.0,38.0,complete
robust_rank_aggregation,2023,AGHOL,22,1253,2000,10,0.0327214685,10.0,14.0,18.0,complete
robust_rank_aggregation,2023,AKBNK,35,1297,2000,10,0.0,18.0,23.0,27.0,complete
robust_rank_aggregation,2023,AKENR,61,1277,2000,10,0.0,33.0,39.0,44.0,complete
robust_rank_aggregation,2023,AKSA,36,1294,2000,10,0.0,18.0,23.0,28.0,complete
robust_rank_aggregation,2023,AKSEN,30,1276,2000,10,0.0,15.0,19.0,24.0,complete
robust_rank_aggregation,2023,ALARK,37,1313,2000,10,0.0,19.0,24.0,28.0,complete
robust_rank_aggregation,2023,ALBRK,66,1307,2000,10,0.0,37.0,42.0,47.0,complete
robust_rank_aggregation,2023,ANHYT,60,1260,2000,10,0.0,33.0,38.0,43.0,complete
robust_rank_aggregation,2023,ARCLK,12,1311,2000,10,0.9534706331,5.0,8.0,11.0,complete
robust_rank_aggregation,2023,ASELS,10,1268,2000,10,1.0,4.0,7.0,9.0,complete
robust_rank_aggregation,2023,ASTOR,59,1253,2000,10,0.0,32.0,38.0,43.0,complete
robust_rank_aggregation,2023,BERA,62,1255,2000,10,0.0,34.0,40.0,45.0,complete
robust_rank_aggregation,2023,BIMAS,21,1242,2000,10,0.0571658615,10.0,14.0,17.0,complete
robust_rank_aggregation,2023,BRSAN,38,1249,2000,10,0.0,19.0,24.0,29.0,complete
robust_rank_aggregation,2023,BTCIM,71,1241,2000,10,0.0,40.0,45.0,51.0,complete
robust_rank_aggregation,2023,CANTE,72,1295,2000,10,0.0,40.0,46.0,51.0,complete
robust_rank_aggregation,2023,CCOLA,19,1308,2000,10,0.1559633028,9.0,12.0,16.0,complete
robust_rank_aggregation,2023,CEMTS,69,1297,2000,10,0.0,39.0,44.0,49.0,complete
robust_rank_aggregation,2023,CIMSA,39,1312,2000,10,0.0,20.0,25.0,30.0,complete
robust_rank_aggregation,2023,DEVA,70,1298,2000,10,0.0,39.0,45.0,50.0,complete
robust_rank_aggregation,2023,DOAS,20,1301,2000,10,0.0960799385,9.0,13.0,17.0,complete
robust_rank_aggregation,2023,DOHOL,52,1273,2000,10,0.0,28.0,33.0,39.0,complete
robust_rank_aggregation,2023,DSTKF,13,1261,2000,10,0.8810467883,6.0,9.0,12.0,complete
robust_rank_aggregation,2023,EGEEN,40,1242,2000,10,0.0,20.025,26.0,31.0,complete
robust_rank_aggregation,2023,EKGYO,33,1304,2000,10,0.0,16.0,21.0,26.0,complete
robust_rank_aggregation,2023,ENJSA,24,1260,2000,10,0.0079365079,11.0,16.0,20.0,complete
robust_rank_aggregation,2023,ENKAI,11,1269,2000,10,0.988179669,4.0,7.0,10.0,complete
robust_rank_aggregation,2023,EREGL,15,1242,2000,10,0.6650563607,6.0,10.0,13.0,complete
robust_rank_aggregation,2023,FROTO,7,1269,2000,10,1.0,2.0,5.0,7.0,complete
robust_rank_aggregation,2023,GARAN,41,1256,2000,10,0.0,21.0,26.0,31.0,complete
robust_rank_aggregation,2023,GUBRF,42,1302,2000,10,0.0,22.0,27.0,32.0,complete
robust_rank_aggregation,2023,HALKB,43,1234,2000,10,0.0,22.0,28.0,32.0,complete
robust_rank_aggregation,2023,HEKTS,29,1296,2000,10,0.0007716049,14.0,19.0,23.0,complete
robust_rank_aggregation,2023,ISCTR,3,1260,2000,10,1.0,1.0,2.0,3.0,complete
robust_rank_aggregation,2023,ISGYO,57,1249,2000,10,0.0,31.0,36.0,42.0,complete
robust_rank_aggregation,2023,KCHOL,8,1294,2000,10,1.0,3.0,5.0,8.0,complete
robust_rank_aggregation,2023,KONTR,32,1250,2000,10,0.0008,16.0,21.0,25.0,complete
robust_rank_aggregation,2023,KRDMD,44,1261,2000,10,0.0,23.0,28.0,33.0,complete
robust_rank_aggregation,2023,KRVGD,76,1235,2000,10,0.0,43.0,48.0,54.0,complete
robust_rank_aggregation,2023,KUYAS,68,1253,2000,10,0.0,38.0,44.0,49.0,complete
robust_rank_aggregation,2023,LOGO,73,1259,2000,10,0.0,41.0,47.0,52.0,complete
robust_rank_aggregation,2023,MAVI,64,1247,2000,10,0.0,35.0,41.0,46.0,complete
robust_rank_aggregation,2023,MGROS,26,1315,2000,10,0.0007604563,12.0,17.0,21.0,complete
robust_rank_aggregation,2023,MIATK,74,1277,2000,10,0.0,42.0,47.0,52.0,complete
robust_rank_aggregation,2023,MPARK,53,1247,2000,10,0.0,28.15,34.0,39.0,complete
robust_rank_aggregation,2023,NETAS,79,1283,2000,10,0.0,45.0,50.0,56.0,complete
robust_rank_aggregation,2023,NTGAZ,67,1268,2000,10,0.0,37.0,43.0,48.0,complete
robust_rank_aggregation,2023,ODAS,54,1246,2000,10,0.0,29.0,34.0,39.0,complete
robust_rank_aggregation,2023,OTKAR,56,1341,2000,10,0.0,30.0,36.0,41.0,complete
robust_rank_aggregation,2023,OYAKC,63,1288,2000,10,0.0,35.0,40.0,46.0,complete
robust_rank_aggregation,2023,PASEU,75,1291,2000,10,0.0,42.0,48.0,53.0,complete
robust_rank_aggregation,2023,PETKM,23,1298,2000,10,0.0200308166,11.0,15.0,19.0,complete
robust_rank_aggregation,2023,PGSUS,2,1253,2000,10,1.0,1.0,2.0,2.0,complete
robust_rank_aggregation,2023,PRKME,78,1256,2000,10,0.0,44.0,50.0,55.0,complete
robust_rank_aggregation,2023,SAHOL,18,1272,2000,10,0.2523584906,8.0,12.0,15.0,complete
robust_rank_aggregation,2023,SASA,17,1279,2000,10,0.3659108679,7.0,11.0,14.0,complete
robust_rank_aggregation,2023,SELEC,45,1268,2000,10,0.0,24.0,29.0,34.0,complete
robust_rank_aggregation,2023,SISE,1,1279,2000,10,1.0,1.0,1.0,1.0,complete
robust_rank_aggregation,2023,SKBNK,46,1266,2000,10,0.0,24.0,30.0,34.0,complete
robust_rank_aggregation,2023,SMRTG,77,1249,2000,10,0.0,44.0,49.0,54.0,complete
robust_rank_aggregation,2023,SOKM,47,1244,2000,10,0.0,25.0,30.0,35.0,complete
robust_rank_aggregation,2023,TAVHL,16,1245,2000,10,0.4995983936,7.0,11.0,14.0,complete
robust_rank_aggregation,2023,TBORG,65,1249,2000,10,0.0,36.0,41.0,47.0,complete
robust_rank_aggregation,2023,TCELL,14,1270,2000,10,0.7637795276,6.0,9.0,12.0,complete
robust_rank_aggregation,2023,THYAO,4,1225,2000,10,1.0,1.0,3.0,4.0,complete
robust_rank_aggregation,2023,TOASO,5,1290,2000,10,1.0,2.0,4.0,5.0,complete
robust_rank_aggregation,2023,TRALT,48,1260,2000,10,0.0,25.0,31.0,36.0,complete
robust_rank_aggregation,2023,TRMET,58,1314,2000,10,0.0,32.0,37.0,42.0,complete
robust_rank_aggregation,2023,TSKB,31,1237,2000,10,0.0,15.0,20.0,24.0,complete
robust_rank_aggregation,2023,TTKOM,9,1283,2000,10,1.0,3.0,6.0,9.0,complete
robust_rank_aggregation,2023,TUPRS,49,1246,2000,10,0.0,26.0,32.0,37.0,complete
robust_rank_aggregation,2023,TURSG,50,1244,2000,10,0.0,26.0,32.0,37.0,complete
robust_rank_aggregation,2023,ULKER,27,1210,2000,10,0.0008264463,13.0,17.0,22.0,complete
robust_rank_aggregation,2023,ULUSE,80,1273,2000,10,0.0,46.0,51.0,56.0,complete
robust_rank_aggregation,2023,VAKBN,28,1269,2000,10,0.0,14.0,18.0,22.0,complete
robust_rank_aggregation,2023,VESTL,55,1262,2000,10,0.0,29.0,35.0,40.0,complete
robust_rank_aggregation,2023,YKBNK,6,1270,2000,10,1.0,2.0,4.0,6.0,complete
robust_rank_aggregation,2023,ZOREN,25,1239,2000,10,0.004842615,12.0,16.0,20.0,complete
robust_rank_aggregation,2024,AEFES,26,1273,2000,10,0.0,13.0,17.0,21.0,complete
robust_rank_aggregation,2024,AGESA,43,1230,2000,10,0.0,22.0,27.0,32.0,complete
robust_rank_aggregation,2024,AGHOL,7,1307,2000,10,1.0,3.0,5.0,7.0,complete
robust_rank_aggregation,2024,AKBNK,5,1262,2000,10,1.0,1.525,4.0,5.0,complete
robust_rank_aggregation,2024,AKENR,66,1269,2000,10,0.0,37.0,42.0,48.0,complete
robust_rank_aggregation,2024,AKSA,59,1286,2000,10,0.0,32.0,38.0,43.0,complete
robust_rank_aggregation,2024,AKSEN,41,1221,2000,10,0.0,21.0,26.0,31.0,complete
robust_rank_aggregation,2024,ALARK,53,1253,2000,10,0.0,28.0,34.0,39.0,complete
robust_rank_aggregation,2024,ALBRK,55,1294,2000,10,0.0,29.325,35.0,40.0,complete
robust_rank_aggregation,2024,ANHYT,44,1257,2000,10,0.0,23.0,28.0,33.0,complete
robust_rank_aggregation,2024,ARCLK,10,1243,2000,10,1.0,4.0,7.0,9.0,complete
robust_rank_aggregation,2024,ASELS,18,1264,2000,10,0.2428797468,8.0,12.0,15.0,complete
robust_rank_aggregation,2024,ASTOR,36,1257,2000,10,0.0,18.0,23.0,28.0,complete
robust_rank_aggregation,2024,BERA,61,1265,2000,10,0.0,33.0,39.0,44.0,complete
robust_rank_aggregation,2024,BIMAS,17,1288,2000,10,0.3540372671,8.0,11.0,14.0,complete
robust_rank_aggregation,2024,BRSAN,28,1259,2000,10,0.0,14.0,18.0,22.0,complete
robust_rank_aggregation,2024,BTCIM,67,1279,2000,10,0.0,37.0,43.0,48.05,complete
robust_rank_aggregation,2024,CANTE,75,1281,2000,10,0.0,42.0,48.0,53.0,complete
robust_rank_aggregation,2024,CCOLA,14,1282,2000,10,0.7706708268,6.0,9.0,12.0,complete
robust_rank_aggregation,2024,CEMTS,74,1272,2000,10,0.0,42.0,47.0,53.0,complete
robust_rank_aggregation,2024,CIMSA,50,1255,2000,10,0.0,27.0,32.0,37.0,complete
robust_rank_aggregation,2024,DEVA,62,1254,2000,10,0.0,34.0,40.0,45.0,complete
robust_rank_aggregation,2024,DOAS,25,1272,2000,10,0.001572327,12.0,16.0,20.0,complete
robust_rank_aggregation,2024,DOHOL,38,1229,2000,10,0.0,19.0,24.0,29.0,complete
robust_rank_aggregation,2024,DSTKF,6,1295,2000,10,1.0,2.0,4.0,6.0,complete
robust_rank_aggregation,2024,EGEEN,56,1284,2000,10,0.0,30.0,36.0,41.0,complete
robust_rank_aggregation,2024,EKGYO,45,1269,2000,10,0.0,24.0,29.0,34.0,complete
robust_rank_aggregation,2024,ENJSA,29,1278,2000,10,0.0,14.0,19.0,23.0,complete
robust_rank_aggregation,2024,ENKAI,11,1259,2000,10,0.9888800635,4.0,7.0,10.0,complete
robust_rank_aggregation,2024,EREGL,23,1263,2000,10,0.0190023753,11.0,15.0,19.0,complete
robust_rank_aggregation,2024,FROTO,15,1242,2000,10,0.6352657005,7.0,10.0,13.0,complete
robust_rank_aggregation,2024,GARAN,2,1290,2000,10,1.0,1.0,2.0,2.0,complete
robust_rank_aggregation,2024,GUBRF,58,1285,2000,10,0.0,32.0,37.0,42.0,complete
robust_rank_aggregation,2024,HALKB,46,1306,2000,10,0.0,24.0,29.0,34.0,complete
robust_rank_aggregation,2024,HEKTS,69,1334,2000,10,0.0,38.0,44.0,50.0,complete
robust_rank_aggregation,2024,ISCTR,1,1278,2000,10,1.0,1.0,1.0,1.0,complete
robust_rank_aggregation,2024,ISGYO,52,1280,2000,10,0.0,28.0,33.0,38.0,complete
robust_rank_aggregation,2024,KCHOL,4,1290,2000,10,1.0,1.0,3.0,4.0,complete
robust_rank_aggregation,2024,KONTR,57,1272,2000,10,0.0,31.0,36.0,42.0,complete
robust_rank_aggregation,2024,KRDMD,51,1299,2000,10,0.0,27.0,33.0,38.0,complete
robust_rank_aggregation,2024,KRVGD,73,1294,2000,10,0.0,41.0,46.0,52.0,complete
robust_rank_aggregation,2024,KUYAS,70,1272,2000,10,0.0,38.775,45.0,50.0,complete
robust_rank_aggregation,2024,LOGO,72,1244,2000,10,0.0,40.0,46.0,51.0,complete
robust_rank_aggregation,2024,MAVI,60,1270,2000,10,0.0,33.0,38.0,44.0,complete
robust_rank_aggregation,2024,MGROS,22,1230,2000,10,0.0325203252,10.0,14.0,18.0,complete
robust_rank_aggregation,2024,MIATK,68,1283,2000,10,0.0,38.0,43.0,49.0,complete
robust_rank_aggregation,2024,MPARK,30,1254,2000,10,0.0,15.0,19.0,24.0,complete
robust_rank_aggregation,2024,NETAS,78,1256,2000,10,0.0,44.0,50.0,55.0,complete
robust_rank_aggregation,2024,NTGAZ,77,1255,2000,10,0.0,43.0,49.0,55.0,complete
robust_rank_aggregation,2024,ODAS,64,1287,2000,10,0.0,35.0,41.0,46.0,complete
robust_rank_aggregation,2024,OTKAR,42,1284,2000,10,0.0,22.0,27.0,32.0,complete
robust_rank_aggregation,2024,OYAKC,49,1241,2000,10,0.0,26.0,31.0,36.0,complete
robust_rank_aggregation,2024,PASEU,76,1272,2000,10,0.0,42.775,49.0,54.0,complete
robust_rank_aggregation,2024,PETKM,35,1326,2000,10,0.0,17.0,22.0,27.0,complete
robust_rank_aggregation,2024,PGSUS,9,1287,2000,10,1.0,3.15,6.0,9.0,complete
robust_rank_aggregation,2024,PRKME,79,1225,2000,10,0.0,44.6,50.0,55.0,complete
robust_rank_aggregation,2024,SAHOL,32,1259,2000,10,0.0,16.0,21.0,25.0,complete
robust_rank_aggregation,2024,SASA,37,1255,2000,10,0.0,19.0,24.0,28.0,complete
robust_rank_aggregation,2024,SELEC,33,1248,2000,10,0.0,16.0,21.0,26.0,complete
robust_rank_aggregation,2024,SISE,13,1261,2000,10,0.8969072165,5.5,9.0,11.5,complete
robust_rank_aggregation,2024,SKBNK,47,1282,2000,10,0.0,25.0,30.0,35.0,complete
robust_rank_aggregation,2024,SMRTG,65,1236,2000,10,0.0,36.0,41.0,47.0,complete
robust_rank_aggregation,2024,SOKM,34,1274,2000,10,0.0,17.0,22.0,26.0,complete
robust_rank_aggregation,2024,TAVHL,20,1266,2000,10,0.1018957346,9.0,13.0,17.0,complete
robust_rank_aggregation,2024,TBORG,54,1243,2000,10,0.0,29.0,34.0,40.0,complete
robust_rank_aggregation,2024,TCELL,16,1273,2000,10,0.4893951296,7.0,11.0,14.0,complete
robust_rank_aggregation,2024,THYAO,3,1254,2000,10,1.0,1.0,2.0,3.0,complete
robust_rank_aggregation,2024,TOASO,12,1264,2000,10,0.9636075949,5.0,8.0,11.0,complete
robust_rank_aggregation,2024,TRALT,63,1268,2000,10,0.0,34.0,40.0,46.0,complete
robust_rank_aggregation,2024,TRMET,71,1278,2000,10,0.0,40.0,45.0,51.0,complete
robust_rank_aggregation,2024,TSKB,31,1233,2000,10,0.0,16.0,20.0,24.2,complete
robust_rank_aggregation,2024,TTKOM,19,1263,2000,10,0.152810768,9.0,12.0,16.0,complete
robust_rank_aggregation,2024,TUPRS,21,1276,2000,10,0.0579937304,10.0,14.0,17.0,complete
robust_rank_aggregation,2024,TURSG,27,1227,2000,10,0.0,13.0,18.0,21.0,complete
robust_rank_aggregation,2024,ULKER,24,1264,2000,10,0.0039556962,11.0,16.0,19.0,complete
robust_rank_aggregation,2024,ULUSE,80,1258,2000,10,0.0,45.0,51.0,56.0,complete
robust_rank_aggregation,2024,VAKBN,39,1289,2000,10,0.0,20.0,25.0,30.0,complete
robust_rank_aggregation,2024,VESTL,40,1267,2000,10,0.0,20.0,26.0,30.0,complete
robust_rank_aggregation,2024,YKBNK,8,1270,2000,10,1.0,3.0,6.0,8.0,complete
robust_rank_aggregation,2024,ZOREN,48,1255,2000,10,0.0,26.0,31.0,36.0,complete
robust_rank_aggregation,2025,AEFES,17,1302,2000,10,0.3602150538,8.0,11.0,14.475,complete
robust_rank_aggregation,2025,AGESA,24,1276,2000,10,0.0078369906,11.0,16.0,20.0,complete
robust_rank_aggregation,2025,AGHOL,16,1284,2000,10,0.492211838,7.0,11.0,14.0,complete
robust_rank_aggregation,2025,AKBNK,2,1276,2000,10,1.0,1.0,2.0,2.0,complete
robust_rank_aggregation,2025,AKENR,71,1285,2000,10,0.0,40.0,45.0,51.0,complete
robust_rank_aggregation,2025,AKSA,55,1248,2000,10,0.0,30.0,35.0,40.825,complete
robust_rank_aggregation,2025,AKSEN,45,1232,2000,10,0.0,23.775,29.0,34.0,complete
robust_rank_aggregation,2025,ALARK,48,1274,2000,10,0.0,26.0,31.0,36.0,complete
robust_rank_aggregation,2025,ALBRK,37,1286,2000,10,0.0,19.0,24.0,29.0,complete
robust_rank_aggregation,2025,ANHYT,25,1268,2000,10,0.0078864353,12.0,16.0,20.0,complete
robust_rank_aggregation,2025,ARCLK,14,1274,2000,10,0.7723704867,6.0,9.0,12.0,complete
robust_rank_aggregation,2025,ASELS,9,1245,2000,10,1.0,3.0,6.0,8.0,complete
robust_rank_aggregation,2025,ASTOR,43,1297,2000,10,0.0,22.0,28.0,33.0,complete
robust_rank_aggregation,2025,BERA,58,1273,2000,10,0.0,32.0,37.0,42.0,complete
robust_rank_aggregation,2025,BIMAS,10,1236,2000,10,1.0,4.0,7.0,9.0,complete
robust_rank_aggregation,2025,BRSAN,53,1287,2000,10,0.0,29.0,34.0,39.0,complete
robust_rank_aggregation,2025,BTCIM,69,1246,2000,10,0.0,38.0,44.0,50.0,complete
robust_rank_aggregation,2025,CANTE,79,1265,2000,10,0.0,45.0,50.0,56.0,complete
robust_rank_aggregation,2025,CCOLA,22,1290,2000,10,0.0325581395,10.0,14.0,18.0,complete
robust_rank_aggregation,2025,CEMTS,77,1274,2000,10,0.0,44.0,49.0,55.0,complete
robust_rank_aggregation,2025,CIMSA,44,1256,2000,10,0.0,23.0,28.0,33.0,complete
robust_rank_aggregation,2025,DEVA,66,1297,2000,10,0.0,37.0,42.0,48.0,complete
robust_rank_aggregation,2025,DOAS,49,1233,2000,10,0.0,26.0,31.0,37.0,complete
robust_rank_aggregation,2025,DOHOL,41,1285,2000,10,0.0,21.0,26.0,31.0,complete
robust_rank_aggregation,2025,DSTKF,32,1257,2000,10,0.0,16.0,21.0,25.0,complete
robust_rank_aggregation,2025,EKGYO,18,1261,2000,10,0.2505947661,8.0,12.0,15.0,complete
robust_rank_aggregation,2025,ENJSA,36,1252,2000,10,0.0,18.0,23.0,28.0,complete
robust_rank_aggregation,2025,ENKAI,21,1276,2000,10,0.052507837,10.0,14.0,17.0,complete
robust_rank_aggregation,2025,EREGL,4,1257,2000,10,1.0,1.0,3.0,4.0,complete
robust_rank_aggregation,2025,FROTO,5,1253,2000,10,1.0,2.0,4.0,5.0,complete
robust_rank_aggregation,2025,GARAN,1,1265,2000,10,1.0,1.0,1.0,1.0,complete
robust_rank_aggregation,2025,GUBRF,51,1272,2000,10,0.0,27.0,33.0,38.0,complete
robust_rank_aggregation,2025,HALKB,38,1259,2000,10,0.0,19.0,24.0,29.0,complete
robust_rank_aggregation,2025,HEKTS,76,1274,2000,10,0.0,43.0,48.0,54.0,complete
robust_rank_aggregation,2025,ISCTR,19,1284,2000,10,0.1697819315,9.0,12.0,16.0,complete
robust_rank_aggregation,2025,ISGYO,59,1243,2000,10,0.0,32.0,38.0,43.0,complete
robust_rank_aggregation,2025,KCHOL,28,1302,2000,10,0.0007680492,13.0,18.0,22.0,complete
robust_rank_aggregation,2025,KONTR,64,1246,2000,10,0.0,35.0,41.0,47.0,complete
robust_rank_aggregation,2025,KRDMD,54,1300,2000,10,0.0,29.0,35.0,40.0,complete
robust_rank_aggregation,2025,KRVGD,73,1260,2000,10,0.0,41.0,47.0,52.0,complete
robust_rank_aggregation,2025,KUYAS,68,1266,2000,10,0.0,38.0,43.0,49.0,complete
robust_rank_aggregation,2025,LOGO,52,1289,2000,10,0.0,28.0,33.0,38.0,complete
robust_rank_aggregation,2025,MAVI,50,1273,2000,10,0.0,27.0,32.0,37.0,complete
robust_rank_aggregation,2025,MGROS,27,1248,2000,10,0.0,13.0,17.0,22.0,complete
robust_rank_aggregation,2025,MIATK,63,1285,2000,10,0.0,35.0,40.0,46.0,complete
robust_rank_aggregation,2025,MPARK,30,1255,2000,10,0.0,15.0,19.0,24.0,complete
robust_rank_aggregation,2025,NETAS,78,1266,2000,10,0.0,44.0,50.0,55.0,complete
robust_rank_aggregation,2025,NTGAZ,75,1303,2000,10,0.0,42.0,48.0,53.0,complete
robust_rank_aggregation,2025,ODAS,72,1307,2000,10,0.0,40.0,46.0,52.0,complete
robust_rank_aggregation,2025,OTKAR,57,1280,2000,10,0.0,31.0,36.0,42.0,complete
robust_rank_aggregation,2025,OYAKC,39,1320,2000,10,0.0,20.0,25.0,30.0,complete
robust_rank_aggregation,2025,PASEU,74,1246,2000,10,0.0,42.0,47.0,53.0,complete
robust_rank_aggregation,2025,PETKM,60,1259,2000,10,0.0,33.0,38.0,44.0,complete
robust_rank_aggregation,2025,PGSUS,15,1276,2000,10,0.6434169279,6.0,10.0,13.0,complete
robust_rank_aggregation,2025,PRKME,70,1282,2000,10,0.0,39.0,45.0,50.0,complete
robust_rank_aggregation,2025,RGYAS,33,1271,2000,10,0.0,16.0,21.0,26.0,complete
robust_rank_aggregation,2025,SAHOL,26,1270,2000,10,0.0023622047,12.0,17.0,21.0,complete
robust_rank_aggregation,2025,SASA,35,1256,2000,10,0.0,17.0,23.0,27.0,complete
robust_rank_aggregation,2025,SELEC,46,1284,2000,10,0.0,24.0,30.0,35.0,complete
robust_rank_aggregation,2025,SISE,8,1298,2000,10,1.0,3.0,5.0,8.0,complete
robust_rank_aggregation,2025,SKBNK,47,1241,2000,10,0.0,25.0,30.0,35.0,complete
robust_rank_aggregation,2025,SMRTG,65,1258,2000,10,0.0,36.0,42.0,47.0,complete
robust_rank_aggregation,2025,SOKM,56,1263,2000,10,0.0,30.0,36.0,41.0,complete
robust_rank_aggregation,2025,TAVHL,23,1278,2000,10,0.0203442879,11.0,15.0,19.0,complete
robust_rank_aggregation,2025,TBORG,20,1256,2000,10,0.1058917197,9.0,13.0,17.0,complete
robust_rank_aggregation,2025,TCELL,3,1267,2000,10,1.0,1.0,2.0,3.0,complete
robust_rank_aggregation,2025,THYAO,7,1304,2000,10,1.0,2.0,5.0,7.0,complete
robust_rank_aggregation,2025,TOASO,34,1256,2000,10,0.0,17.0,22.0,26.0,complete
robust_rank_aggregation,2025,TRALT,62,1242,2000,10,0.0,34.0,39.0,45.0,complete
robust_rank_aggregation,2025,TRMET,67,1253,2000,10,0.0,37.0,43.0,48.0,complete
robust_rank_aggregation,2025,TSKB,29,1277,2000,10,0.0,14.0,19.0,23.0,complete
robust_rank_aggregation,2025,TTKOM,6,1233,2000,10,1.0,2.0,4.0,6.0,complete
robust_rank_aggregation,2025,TUPRS,13,1289,2000,10,0.893716059,5.0,9.0,12.0,complete
robust_rank_aggregation,2025,TURSG,42,1249,2000,10,0.0,22.0,27.0,32.0,complete
robust_rank_aggregation,2025,ULKER,31,1280,2000,10,0.0,15.0,20.0,25.0,complete
robust_rank_aggregation,2025,ULUSE,80,1276,2000,10,0.0,45.0,51.0,56.0,complete
robust_rank_aggregation,2025,VAKBN,11,1281,2000,10,0.9914129586,4.0,7.0,10.0,complete
robust_rank_aggregation,2025,VESTL,40,1279,2000,10,0.0,20.0,26.0,31.0,complete
robust_rank_aggregation,2025,YKBNK,12,1262,2000,10,0.9603803487,5.0,8.0,11.0,complete
robust_rank_aggregation,2025,ZOREN,61,1266,2000,10,0.0,33.0,39.0,44.0,complete
