carrier,model,ic_injected,level_index,repetition,injection_seed,permutation_seed,injected_dataset_sha256,permutation_p_value_two_sided,stage1_operating_point_p_value,detected_stage1_rule,detected_raw_p05,n_ic_injected,ic_raw_carrier,n_ic_raw_carrier,ic_panel_carrier,n_ic_panel_carrier,ic_model_input_carrier,n_ic_model_input_carrier,ic_model_prediction,n_ic_model_prediction,ic_final_evaluation,n_ic_final_evaluation,invariant_carrier_missingness_mask_preserved,invariant_carrier_observed_value_multiset_preserved_within_year,invariant_carrier_reaches_model_input,invariant_identity_checkpoint_ics_agree,invariant_non_carrier_features_unchanged,invariant_ridge_prediction_ic_equals_final_evaluation_ic,invariant_targets_unchanged
equity,ridge,0,0,200,42000326,242,efd5754d4f2eb07c274e9a3e6bdf421086408dbd9c74e6d3fbd7bfdb53770aa5,0.163683631637,0.81841815818499997,False,False,,0.101343829577,240,0.101343829577,240,0.101343829577,240,0.091365636560000005,240,0.091365636560000005,240,True,True,True,True,True,True,True
equity,ridge,0,0,201,42000327,243,fbb01d824b9692e5a79a7200728137dc01a7b8ea60f8f4a0c45fd944becd2bd3,0.166583341666,0.83291670832999998,False,False,,-8.6399145000000001e-05,240,-8.6399145000000001e-05,240,-8.6399145000000001e-05,240,0.088919971959999997,240,0.088919971959999997,240,True,True,True,True,True,True,True
equity,ridge,0,0,202,42000328,244,24b8c8fce42423656f2d7f5bf5fe32c2128336420bc1d0a17d2e0a541ea61bdc,0.18238176182400001,0.91190880912000005,False,False,,0.022323791435,240,0.022323791435,240,0.022323791435,240,0.087310301495000006,240,0.087310301495000006,240,True,True,True,True,True,True,True
equity,ridge,0,0,203,42000329,245,87683976a14b45446ae568d94d2999e9e0474c63f56e924ce6f2bd4ebc214a91,0.18388161183900001,0.91940805919500002,False,False,,-0.018042494977000001,240,-0.018042494977000001,240,-0.018042494977000001,240,0.085669248111999996,240,0.085669248111999996,240,True,True,True,True,True,True,True
equity,ridge,0,0,204,42000330,246,f86e0ef705c3890d88b188a3268878999837dcc4fb0bc623f540783d3f0ad87a,0.18288171182900001,0.91440855914499997,False,False,,0.063792624482999993,240,0.063792624482999993,240,0.063792624482999993,240,0.086700831448999996,240,0.086700831448999996,240,True,True,True,True,True,True,True
equity,ridge,0,0,205,42000331,247,4e34edbbf579f8c177c426719cb7dd85f02bbb371e769bc072d8d8dd6700056c,0.067993200680000004,0.33996600339999999,False,False,,-0.068206459843,240,-0.068206459843,240,-0.068206459843,240,0.117541983096,240,0.117541983096,240,True,True,True,True,True,True,True
equity,ridge,0,0,206,42000332,248,ce5e4da94d6e8a89f23fbb7d03a69be3d92df01822de92a607655745dfe5b2e3,0.20457954204600001,1,False,False,,-0.026293193704,240,-0.026293193704,240,-0.026293193704,240,0.082637579722000004,240,0.082637579722000004,240,True,True,True,True,True,True,True
equity,ridge,0,0,207,42000333,249,01fe8cca8c94322df4635303b03f005793bdc8b5aa3ccc255943bb0352a67052,0.20447955204500001,1,False,False,,-0.026263010909999999,240,-0.026263010909999999,240,-0.026263010909999999,240,0.082481450557,240,0.082481450557,240,True,True,True,True,True,True,True
equity,ridge,0,0,208,42000334,250,1102e4993968cf6b8f7dac8f7ad58e7004bbfc76452a946de908e50694cf7e33,0.13618638136200001,0.68093190681000004,False,False,,-0.095789138945999996,240,-0.095789138945999996,240,-0.095789138945999996,240,0.097155632317000001,240,0.097155632317000001,240,True,True,True,True,True,True,True
equity,ridge,0,0,209,42000335,251,6d843b7c97e175d612d719e0b08a5322e839b80d4f30686352a23eb3231251e2,0.12768723127699999,0.63843615638499995,False,False,,0.070417300685999995,240,0.070417300685999995,240,0.070417300685999995,240,0.098601137345000006,240,0.098601137345000006,240,True,True,True,True,True,True,True
equity,ridge,0,0,210,42000336,252,c37f9ac378848d659d7dcee6e0faa5a337354d96e63f6891206f5af85d94db9f,0.18398160184000001,0.91990800920000004,False,False,,0.013229661448,240,0.013229661448,240,0.013229661448,240,0.086685020288,240,0.086685020288,240,True,True,True,True,True,True,True
equity,ridge,0,0,211,42000337,253,e9f4d6ff10ac8c750e4c5f4e71a4ed992ebbe18fbad74776dc89519e19e49fec,0.21497850215,1,False,False,,0.061886380828999998,240,0.061886380828999998,240,0.061886380828999998,240,0.080691600727000004,240,0.080691600727000004,240,True,True,True,True,True,True,True
equity,ridge,0,0,212,42000338,254,c1849eadfd6e7ce463ad74963d78d0ecf07bd8b2cdae4d0974e994a8c02c6678,0.166583341666,0.83291670832999998,False,False,,-0.040693579998000003,240,-0.040693579998000003,240,-0.040693579998000003,240,0.090506160414999995,240,0.090506160414999995,240,True,True,True,True,True,True,True
equity,ridge,0,0,213,42000339,255,90e1d034ad4e212af092369cb2b9ba4fe0acf115c7a0837412245ce4ca6d7e4c,0.111788821118,0.55894410558999996,False,False,,-0.1556028066,240,-0.1556028066,240,-0.1556028066,240,0.10300808563699999,240,0.10300808563699999,240,True,True,True,True,True,True,True
equity,ridge,0,0,214,42000340,256,79a29f1b9bc6b0d0bbc3b6a3e5c84474451a518ff8e38d6b286232e85ef7846a,0.19848015198499999,0.99240075992499999,False,False,,-0.039772143959999999,240,-0.039772143959999999,240,-0.039772143959999999,240,0.084403896438000003,240,0.084403896438000003,240,True,True,True,True,True,True,True
equity,ridge,0,0,215,42000341,257,817d890c578cf2970606ab33f2ce66a3f8437011345bed7440ae0b111050766e,0.15238476152399999,0.76192380762,False,False,,0.091609586628000006,240,0.091609586628000006,240,0.091609586628000006,240,0.092108044084999993,240,0.092108044084999993,240,True,True,True,True,True,True,True
equity,ridge,0,0,216,42000342,258,ac11c60b98989056072cbc4be892725aad4738637d41e72fcff2a90582ba20ee,0.215378462154,1,False,False,,-0.0016726550060000001,240,-0.0016726550060000001,240,-0.0016726550060000001,240,0.081239192757000006,240,0.081239192757000006,240,True,True,True,True,True,True,True
equity,ridge,0,0,217,42000343,259,1c2edeb717e9eb428c1d551afbfae677d2bdf35827a4feb26b83b09044e6ef0f,0.15618438156200001,0.78092190781000004,False,False,,0.114292515788,240,0.114292515788,240,0.114292515788,240,0.092732941919,240,0.092732941919,240,True,True,True,True,True,True,True
equity,ridge,0,0,218,42000344,260,068e500ed2b52f540093f2e1edeaf6058311607e6c2700a53007262c5c98e26a,0.25357464253599998,1,False,False,,0.028824876090999998,240,0.028824876090999998,240,0.028824876090999998,240,0.074034831093000006,240,0.074034831093000006,240,True,True,True,True,True,True,True
equity,ridge,0,0,219,42000345,261,037b717e80cb0d1829c3e6719d6288ad5f0bc341a76536bce1dd2022bc1e1bf4,0.104589541046,0.52294770523,False,False,,-0.12285662332900001,240,-0.12285662332900001,240,-0.12285662332900001,240,0.10599336314500001,240,0.10599336314500001,240,True,True,True,True,True,True,True
equity,ridge,0,0,220,42000346,262,eef43ddc8677b13f776113128aa537bc47c2e1acd4da39537b69306d2fad3f61,0.237376262374,1,False,False,,-0.030770200622000001,240,-0.030770200622000001,240,-0.030770200622000001,240,0.076769493463999999,240,0.076769493463999999,240,True,True,True,True,True,True,True
equity,ridge,0,0,221,42000347,263,fb459b08524126f6b01ed6365c34b1f3b199eb0e02fecba276434b0aba10270c,0.12868713128699999,0.643435656435,False,False,,0.019838356692999999,240,0.019838356692999999,240,0.019838356692999999,240,0.099171471014999998,240,0.099171471014999998,240,True,True,True,True,True,True,True
equity,ridge,0,0,222,42000348,264,c13445cb562517698bbef380c4a163823c292a09f03b3280a8c6c8c7ab33e41c,0.142285771423,0.71142885711500004,False,False,,-0.067072363238999996,240,-0.067072363238999996,240,-0.067072363238999996,240,0.095202113073,240,0.095202113073,240,True,True,True,True,True,True,True
equity,ridge,0,0,223,42000349,265,652353f8ba1613a7169a881f7ae70472568edc5f91e69071febd5f854e38f626,0.115688431157,0.57844215578500002,False,False,,-0.029753323019000001,240,-0.029753323019000001,240,-0.029753323019000001,240,0.101812662905,240,0.101812662905,240,True,True,True,True,True,True,True
equity,ridge,0,0,224,42000350,266,619c2413921d5ea8092317d5998193f933c4cb80497a65d4efbd9ca9cee68cd1,0.236176382362,1,False,False,,-0.063308222144000004,240,-0.063308222144000004,240,-0.063308222144000004,240,0.076941376273999995,240,0.076941376273999995,240,True,True,True,True,True,True,True
equity,ridge,0,0,225,42000351,267,bb5c2e508109efae0da87fcc3d39e49376392ac63de350ff710cdfa364cdde1e,0.20587941205900001,1,False,False,,-0.039429548974,240,-0.039429548974,240,-0.039429548974,240,0.082348598435000003,240,0.082348598435000003,240,True,True,True,True,True,True,True
equity,ridge,0,0,226,42000352,268,94ae5232dcc27eca260053cf90cb3fd005c34441cc28bd5be09f8b2ab70e45fb,0.063293670632999996,0.31646835316499999,False,False,,-0.18509229205300001,240,-0.18509229205300001,240,-0.18509229205300001,240,0.121268822985,240,0.121268822985,240,True,True,True,True,True,True,True
equity,ridge,0,0,227,42000353,269,03ab3792ce7fd031468c6f85803e3dd3bb2a738d976d08ac006e3a6d44737849,0.22427757224299999,1,False,False,,0.038574897779,240,0.038574897779,240,0.038574897779,240,0.078082508130000006,240,0.078082508130000006,240,True,True,True,True,True,True,True
equity,ridge,0,0,228,42000354,270,682ed165b396f13b4c57043627194fb6a176c9ebfb4380dc621331ea32eadcba,0.16248375162500001,0.81241875812499997,False,False,,-0.050875264226,240,-0.050875264226,240,-0.050875264226,240,0.091123492722000002,240,0.091123492722000002,240,True,True,True,True,True,True,True
equity,ridge,0,0,229,42000355,271,eb1be7e3f5408d885dfd9f27603d7e0f1a0d83f9e9439ef9c907c803c3b734d2,0.13458654134600001,0.67293270673000005,False,False,,0.072636245756000001,240,0.072636245756000001,240,0.072636245756000001,240,0.098437096830000001,240,0.098437096830000001,240,True,True,True,True,True,True,True
equity,ridge,0,0,230,42000356,272,8f62aaa1046c634d280cac3877aa2d2cdc6fa938e47a51dbbb507ae6c206cd0b,0.16058394160600001,0.80291970803000001,False,False,,-0.017150877960000002,240,-0.017150877960000002,240,-0.017150877960000002,240,0.090295138297000005,240,0.090295138297000005,240,True,True,True,True,True,True,True
equity,ridge,0,0,231,42000357,273,2d83064986e11b3c18faf2a78641d788dde22ab3144e0d4576ec74fc58812d7f,0.163883611639,0.81941805819500002,False,False,,-0.010532962072,240,-0.010532962072,240,-0.010532962072,240,0.091240742313000001,240,0.091240742313000001,240,True,True,True,True,True,True,True
equity,ridge,0,0,232,42000358,274,563643f12ad51768310a3eb73fbb9e745dc4ef0b3570e492d1ebbdcc7dfdadff,0.120687931207,0.60343965603500005,False,False,,-0.014603797276000001,240,-0.014603797276000001,240,-0.014603797276000001,240,0.100320228843,240,0.100320228843,240,True,True,True,True,True,True,True
equity,ridge,0,0,233,42000359,275,adf298218e2dcffe29413159c4aad8cdb25f6ff43e241db597abb169548251b7,0.235476452355,1,False,False,,0.089249125994000006,240,0.089249125994000006,240,0.089249125994000006,240,0.077589972073999994,240,0.077589972073999994,240,True,True,True,True,True,True,True
equity,ridge,0,0,234,42000360,276,260be9958cbf2ba02e92d1820089f774f0b369f5d0026322b3662e0b553d6675,0.14958504149599999,0.74792520748000002,False,False,,0.063822100977000001,240,0.063822100977000001,240,0.063822100977000001,240,0.095069451629999996,240,0.095069451629999996,240,True,True,True,True,True,True,True
equity,ridge,0,0,235,42000361,277,9b799e98de16caf688fd18f8b1a6bcd9415a4690cd6b488a216af07f1714ff54,0.28157184281600001,1,False,False,,-0.020581746554,240,-0.020581746554,240,-0.020581746554,240,0.070393506373,240,0.070393506373,240,True,True,True,True,True,True,True
equity,ridge,0,0,236,42000362,278,5a7f95305d70d066f9d6b41efe5911fc508d522302ade0687b7764af517cf6c5,0.17898210178999999,0.89491050895000002,False,False,,0.065643230418000006,240,0.065643230418000006,240,0.065643230418000006,240,0.087677526228,240,0.087677526228,240,True,True,True,True,True,True,True
equity,ridge,0,0,237,42000363,279,02ab77fcc82c42ca3c6c8bb9aae62f991161ff9bcf19b4c0e0b4eb9190865414,0.12798720127999999,0.63993600640000003,False,False,,-0.14206945648300001,240,-0.14206945648300001,240,-0.14206945648300001,240,0.097561933714000001,240,0.097561933714000001,240,True,True,True,True,True,True,True
equity,ridge,0,0,238,42000364,280,811140d6c359d2df99677e91610dfd86e21adda1dcefb39f3b2b7c684b6ecca5,0.191180881912,0.95590440956,False,False,,-0.104907500837,240,-0.104907500837,240,-0.104907500837,240,0.084012879590000006,240,0.084012879590000006,240,True,True,True,True,True,True,True
equity,ridge,0,0,239,42000365,281,323955047610798081f0de856c015e2ea5e78452a9dd70a65e6b6262503fecb5,0.28157184281600001,1,False,False,,-0.029082598463999999,240,-0.029082598463999999,240,-0.029082598463999999,240,0.069057472383000001,240,0.069057472383000001,240,True,True,True,True,True,True,True
equity,ridge,0,0,240,42000366,282,14c9dd85bad4929a0bfd14078d16496899bd88a59118accd1ff9892b7b6ecc2e,0.140585941406,0.70292970703000002,False,False,,0.012783377065999999,240,0.012783377065999999,240,0.012783377065999999,240,0.094866179124,240,0.094866179124,240,True,True,True,True,True,True,True
equity,ridge,0,0,241,42000367,283,6ff5405b4d0511eff16c0724360e2835cec2b897d5acf6e25a2c124a12f8f13f,0.189781021898,0.94890510948999995,False,False,,-0.0023210055430000001,240,-0.0023210055430000001,240,-0.0023210055430000001,240,0.084841245004999996,240,0.084841245004999996,240,True,True,True,True,True,True,True
equity,ridge,0,0,242,42000368,284,3b7850e49aebd03ba38fd128791d3f402e3edbe601bc948bcffef11de8485ec8,0.18648135186500001,0.93240675932499995,False,False,,-0.036084106163999999,240,-0.036084106163999999,240,-0.036084106163999999,240,0.086075790742999994,240,0.086075790742999994,240,True,True,True,True,True,True,True
equity,ridge,0,0,243,42000369,285,1292bae913a6aef8c178280580b5b542371d279051eec68129fd49c83501c733,0.15798420158000001,0.78992100789999997,False,False,,0.028200174979999999,240,0.028200174979999999,240,0.028200174979999999,240,0.092287717170000005,240,0.092287717170000005,240,True,True,True,True,True,True,True
equity,ridge,0,0,244,42000370,286,1e4ca9092143bdea51400370463fe80fee21bc07f41dd4f2aea23ba28aafd0fe,0.145885411459,0.72942705729500001,False,False,,-0.075324695652000007,240,-0.075324695652000007,240,-0.075324695652000007,240,0.093373784809999999,240,0.093373784809999999,240,True,True,True,True,True,True,True
equity,ridge,0,0,245,42000371,287,a6b704a3447f1810fe7938c66f14291569524cc3c1c9a0c158400a00622938af,0.15948405159500001,0.79742025797500005,False,False,,-0.012197667263000001,240,-0.012197667263000001,240,-0.012197667263000001,240,0.092490847171000007,240,0.092490847171000007,240,True,True,True,True,True,True,True
equity,ridge,0,0,246,42000372,288,bbe891c3ad1b4631fce3934a16b32ad652632275e17ede6c0fd07c5eefb0eab4,0.53724627537199998,1,False,False,,0.078160037584000003,240,0.078160037584000003,240,0.078160037584000003,240,0.040256358366999999,240,0.040256358366999999,240,True,True,True,True,True,True,True
equity,ridge,0,0,247,42000373,289,25cbcbef369b28d2fd3d9278ee5e2bdf210692988f7952b1c951fa2086c28d13,0.18668133186700001,0.933406659335,False,False,,0.041576926471000003,240,0.041576926471000003,240,0.041576926471000003,240,0.086107082993000003,240,0.086107082993000003,240,True,True,True,True,True,True,True
equity,ridge,0,0,248,42000374,290,a004a622a8be72b64937db32d4409413398df1ab3b9c8b4a21151dbddbf23bf6,0.17998200180000001,0.89991000899999996,False,False,,0.022612820346000002,240,0.022612820346000002,240,0.022612820346000002,240,0.087310312668000004,240,0.087310312668000004,240,True,True,True,True,True,True,True
equity,ridge,0,0,249,42000375,291,569532d7b2e57d0747eda150dd085bc10f202795308e4ca4adc09a34c5e15643,0.16048395160500001,0.80241975802499999,False,False,,0.015182147252000001,240,0.015182147252000001,240,0.015182147252000001,240,0.091709580587000003,240,0.091709580587000003,240,True,True,True,True,True,True,True
equity,ridge,0,0,250,42000376,292,22d68421174c83dccc2de8cccf3d516b18a51540789c169c22bb10029784a29d,0.13858614138600001,0.69293070693000003,False,False,,-0.015854160769000002,240,-0.015854160769000002,240,-0.015854160769000002,240,0.096858742427999994,240,0.096858742427999994,240,True,True,True,True,True,True,True
equity,ridge,0,0,251,42000377,293,06908825b64dad804e9c43b9619b8bb2ac804196ee3219549c5bebb40edfc15e,0.067093290671000005,0.33546645335500003,False,False,,0.098780916302000005,240,0.098780916302000005,240,0.098780916302000005,240,0.12023746384800001,240,0.12023746384800001,240,True,True,True,True,True,True,True
equity,ridge,0,0,252,42000378,294,f900c4ec8268570d9a5fc4f0af73cd2d5d0db85cb5fb5bd275a6ef36d3e5b9be,0.15428457154299999,0.77142285771499997,False,False,,0.0081109507449999996,240,0.0081109507449999996,240,0.0081109507449999996,240,0.091654803396999995,240,0.091654803396999995,240,True,True,True,True,True,True,True
equity,ridge,0,0,253,42000379,295,f30cc1637c0b84070715c4f24b38b2bec161e947b959aa5705dceb9215896a54,0.120487951205,0.60243975602499999,False,False,,-0.057196725434999998,240,-0.057196725434999998,240,-0.057196725434999998,240,0.099937377034000005,240,0.099937377034000005,240,True,True,True,True,True,True,True
equity,ridge,0,0,254,42000380,296,e4f3b38c3ce106ecec97b2a51907bdb7413e757877ac8a5b22ebcfa2e5259d0e,0.15878412158800001,0.79392060793999997,False,False,,-0.0079615542370000004,240,-0.0079615542370000004,240,-0.0079615542370000004,240,0.092592354656000006,240,0.092592354656000006,240,True,True,True,True,True,True,True
equity,ridge,0,0,255,42000381,297,b494fc07c9fefc15b00f09512cf827a2074551c8fcbaae7150c636ad084474ca,0.29717028297199999,1,False,False,,-0.057945835027000001,240,-0.057945835027000001,240,-0.057945835027000001,240,0.067362160360999998,240,0.067362160360999998,240,True,True,True,True,True,True,True
equity,ridge,0,0,256,42000382,298,a49626a0988f78adfa04dca1e8a66d53473a2dbc7e8e8351cd343a4abf200a97,0.072792720727999999,0.36396360364000002,False,False,,-0.113956596493,240,-0.113956596493,240,-0.113956596493,240,0.116346539666,240,0.116346539666,240,True,True,True,True,True,True,True
equity,ridge,0,0,257,42000383,299,65fd345a1ee223a7d715a8e9340e805ef6b948ae1fdb776c9903b66c18566a03,0.30956904309599997,1,False,False,,0.16674562429000001,240,0.16674562429000001,240,0.16674562429000001,240,0.065736498864000001,240,0.065736498864000001,240,True,True,True,True,True,True,True
equity,ridge,0,0,258,42000384,300,1d085073750c58784c7abb1b647f2735be3e050b86599f622a4df64c77ac1a40,0.169083091691,0.84541545845499999,False,False,,-0.121943010537,240,-0.121943010537,240,-0.121943010537,240,0.089380829827999997,240,0.089380829827999997,240,True,True,True,True,True,True,True
equity,ridge,0,0,259,42000385,301,c35a8ac49d51ef995ab9c63195c478ec5e2d71fae806dc6317e6e760cce08950,0.096790320967999999,0.48395160483999999,False,False,,-0.131920364273,240,-0.131920364273,240,-0.131920364273,240,0.108493374854,240,0.108493374854,240,True,True,True,True,True,True,True
equity,ridge,0,0,260,42000386,302,feea628f686387fbb712d3808eda00089aadba0f475825a061f7347de7433122,0.15348465153499999,0.76742325767499997,False,False,,0.031919877958999997,240,0.031919877958999997,240,0.031919877958999997,240,0.093108156031999997,240,0.093108156031999997,240,True,True,True,True,True,True,True
equity,ridge,0,0,261,42000387,303,a962021d5720f1ee3797a8961778c3ef0291370519ece1f1889e15b78855c725,0.11198880111999999,0.55994400560000002,False,False,,0.052281764759000003,240,0.052281764759000003,240,0.052281764759000003,240,0.103680134689,240,0.103680134689,240,True,True,True,True,True,True,True
equity,ridge,0,0,262,42000388,304,4e9a94c1807d5cdc59a4c9d4289694225efeb2abfa929f1d35a56bdbda0d868b,0.146285371463,0.73142685731500001,False,False,,0.108931567647,240,0.108931567647,240,0.108931567647,240,0.093397280740000005,240,0.093397280740000005,240,True,True,True,True,True,True,True
equity,ridge,0,0,263,42000389,305,dcf68e48dbfa029ef277cf9939ae228591eb8c6059fb2de2204711cf763aba75,0.16118388161200001,0.80591940805999995,False,False,,0.081254837782999995,240,0.081254837782999995,240,0.081254837782999995,240,0.091897143957999999,240,0.091897143957999999,240,True,True,True,True,True,True,True
equity,ridge,0,0,264,42000390,306,6842c09b1edd8fb67468a465527d66eefa9e95380e8abaa816543f013d6088a3,0.13248675132500001,0.66243375662500004,False,False,,0.025019235553000001,240,0.025019235553000001,240,0.025019235553000001,240,0.098749707576999995,240,0.098749707576999995,240,True,True,True,True,True,True,True
equity,ridge,0,0,265,42000391,307,963f7ae422fa0c4dcc6231c595298dab1a0fa49d2b3e5a3eb3ba0734762243e8,0.15078492150799999,0.75392460754000001,False,False,,-0.052679649625999997,240,-0.052679649625999997,240,-0.052679649625999997,240,0.092584594970000003,240,0.092584594970000003,240,True,True,True,True,True,True,True
equity,ridge,0,0,266,42000392,308,5f253c4869496aeefae665904159b8b59c3ae202c909e5091e9823b3e587a7bd,0.146185381462,0.73092690730999998,False,False,,0.063501988996,240,0.063501988996,240,0.063501988996,240,0.093975431794000003,240,0.093975431794000003,240,True,True,True,True,True,True,True
equity,ridge,0,0,267,42000393,309,76cbc40c6c800250ed7a4509f4bb0d84263b017a893dcd665efe0e2e6a438d00,0.24997500249999999,1,False,False,,-0.15308861906499999,240,-0.15308861906499999,240,-0.15308861906499999,240,0.075144141339999998,240,0.075144141339999998,240,True,True,True,True,True,True,True
equity,ridge,0,0,268,42000394,310,7c15e8e7a07e8392312f4b5a4246b9ca4c4e0da80ea3681487b954c3dc97e964,0.146285371463,0.73142685731500001,False,False,,-0.044827536754000002,240,-0.044827536754000002,240,-0.044827536754000002,240,0.092662740421000006,240,0.092662740421000006,240,True,True,True,True,True,True,True
equity,ridge,0,0,269,42000395,311,dce55dd51d3d9f9a04e9bfb8a8f24461bb61d29f537df8f6638f0a73b4241de1,0.17298270172999999,0.86491350865000005,False,False,,-0.0046489135399999998,240,-0.0046489135399999998,240,-0.0046489135399999998,240,0.089654443223999999,240,0.089654443223999999,240,True,True,True,True,True,True,True
equity,ridge,0,0,270,42000396,312,d455bece9f642fb0122de3af12017e07894821aaf375da48a783460ae25baa93,0.13688631136900001,0.68443155684500001,False,False,,-0.019816081219000001,240,-0.019816081219000001,240,-0.019816081219000001,240,0.095678839799999998,240,0.095678839799999998,240,True,True,True,True,True,True,True
equity,ridge,0,0,271,42000397,313,de3cdec836766f88e490fff5085ca7e4888cb818439e33b4684409eb485f87a5,0.15708429157100001,0.78542145785499995,False,False,,0.027222954870999998,240,0.027222954870999998,240,0.027222954870999998,240,0.092498711080000004,240,0.092498711080000004,240,True,True,True,True,True,True,True
equity,ridge,0,0,272,42000398,314,99b738c2e44e90d7f6dde638a8fa40dab2ebf2826b92cf493baaf7c8f850c170,0.169583041696,0.84791520848000002,False,False,,0.01147723225,240,0.01147723225,240,0.01147723225,240,0.090857689202000005,240,0.090857689202000005,240,True,True,True,True,True,True,True
equity,ridge,0,0,273,42000399,315,a3250b74f9005685142f549d28b1f70b66e205ce6ab6c18ac70f460cf3fbba62,0.171582841716,0.85791420858,False,False,,0.046140175190999999,240,0.046140175190999999,240,0.046140175190999999,240,0.089826335741999996,240,0.089826335741999996,240,True,True,True,True,True,True,True
equity,ridge,0,0,274,42000400,316,e60a2f066d924284b3485c7cf277b8282844d3150ffe56de57ed4824f92dd01f,0.13228677132300001,0.66143385661499998,False,False,,-0.0052269757559999996,240,-0.0052269757559999996,240,-0.0052269757559999996,240,0.097210398333000006,240,0.097210398333000006,240,True,True,True,True,True,True,True
equity,ridge,0,0,275,42000401,317,14eac4f0b90d2a7cb7d491ae5a900f5653e7af41d2aba2a3aca477b51ed9edfc,0.42515748425200001,1,False,False,,-0.032950093572000003,240,-0.032950093572000003,240,-0.032950093572000003,240,0.051960948126000002,240,0.051960948126000002,240,True,True,True,True,True,True,True
equity,ridge,0,0,276,42000402,318,fe465fe8d49bef83015c19774f2c85af16cd8137ddd2c2ac8dc7c0303629684e,0.18228177182300001,0.91140885911500003,False,False,,-0.18950771860400001,240,-0.18950771860400001,240,-0.18950771860400001,240,0.08613036315,240,0.08613036315,240,True,True,True,True,True,True,True
equity,ridge,0,0,277,42000403,319,84f45bc3c39d0e3b09e0a249266605a27a05cbacb8fd8ff35fd7cdbabacdbc04,0.103689631037,0.51844815518499998,False,False,,-0.044397974798999998,240,-0.044397974798999998,240,-0.044397974798999998,240,0.105758787581,240,0.105758787581,240,True,True,True,True,True,True,True
equity,ridge,0,0,278,42000404,320,122aff9c31bca2f2e2bd76dda6e968bc3d94f815765cd8ffb05ab688135e81ed,0.17198280171999999,0.8599140086,False,False,,-0.041209517102999998,240,-0.041209517102999998,240,-0.041209517102999998,240,0.089138712001000001,240,0.089138712001000001,240,True,True,True,True,True,True,True
equity,ridge,0,0,279,42000405,321,1214043bda3cb6097a82471b48f03e0392e6b9c93313ad7cd5f2dce068aed200,0.13778622137800001,0.68893110689000003,False,False,,0.049062318140999997,240,0.049062318140999997,240,0.049062318140999997,240,0.096538397637999998,240,0.096538397637999998,240,True,True,True,True,True,True,True
equity,ridge,0,0,280,42000406,322,76540cce3c47487007e59f11ebaea6f127f2171df1b92a3f2e59c58dfe6f29cd,0.15808419158100001,0.790420957905,False,False,,-0.027880866378999999,240,-0.027880866378999999,240,-0.027880866378999999,240,0.090904646259999999,240,0.090904646259999999,240,True,True,True,True,True,True,True
equity,ridge,0,0,281,42000407,323,90c9da6572ed9eee49a0ec55cf9a4c4e2684653083b9c1c63282507a72d39a30,0.071892810719,0.359464053595,False,False,,-0.088162907057000001,240,-0.088162907057000001,240,-0.088162907057000001,240,0.118440148318,240,0.118440148318,240,True,True,True,True,True,True,True
equity,ridge,0,0,282,42000408,324,f4e4871ba95bd32b52c1f91917187bacf601959f2ebbadb7d7a77d7d86bfa6c7,0.120587941206,0.60293970603000002,False,False,,0.048312640358000002,240,0.048312640358000002,240,0.048312640358000002,240,0.101179929736,240,0.101179929736,240,True,True,True,True,True,True,True
equity,ridge,0,0,283,42000409,325,a059fd42df0566d4e39086f22c3dd2332ada47669ed188d0f75907c9c0fb3302,0.164383561644,0.82191780822000005,False,False,,-0.038748077610000001,240,-0.038748077610000001,240,-0.038748077610000001,240,0.089060669307000004,240,0.089060669307000004,240,True,True,True,True,True,True,True
equity,ridge,0,0,284,42000410,326,0af206ead0a656072f823d90c66e85536ecc02d7d4f2664ac38badc2f2fe5a7c,0.15518448155199999,0.77592240775999999,False,False,,0.055588356387,240,0.055588356387,240,0.055588356387,240,0.092193878519000003,240,0.092193878519000003,240,True,True,True,True,True,True,True
equity,ridge,0,0,285,42000411,327,cf6ca845a372e1523f7e9a9e36a4638483b9cd32540865b2363bd8dac61d3187,0.107389261074,0.53694630536999999,False,False,,0.023839561520999999,240,0.023839561520999999,240,0.023839561520999999,240,0.10260965584200001,240,0.10260965584200001,240,True,True,True,True,True,True,True
equity,ridge,0,0,286,42000412,328,4a4a16d53c365f332a3e64ee8d27bdc4bd5a072bc8de1225fb54e2df3861a9f7,0.17578242175799999,0.87891210879000004,False,False,,0.060251789011999998,240,0.060251789011999998,240,0.060251789011999998,240,0.088162089023000004,240,0.088162089023000004,240,True,True,True,True,True,True,True
equity,ridge,0,0,287,42000413,329,079446afa9d7f284c765c0b1a81eb986bcff465370c4f04c86526a2cd205b528,0.19608039196099999,0.980401959805,False,False,,0.016447750234,240,0.016447750234,240,0.016447750234,240,0.084216266760000005,240,0.084216266760000005,240,True,True,True,True,True,True,True
equity,ridge,0,0,288,42000414,330,d4f0433c76d77614a10019c305cf08762c461ff29a09995bf1b717d22a352ea4,0.070092990701000002,0.35046495350500001,False,False,,0.133381135717,240,0.133381135717,240,0.133381135717,240,0.11675252473,240,0.11675252473,240,True,True,True,True,True,True,True
equity,ridge,0,0,289,42000415,331,0d945013473de0c2c2a32de55d67a9a24ae379a99eb39d94f3c0aea792e777aa,0.18448155184500001,0.92240775922499996,False,False,,0.021410264182999999,240,0.021410264182999999,240,0.021410264182999999,240,0.086474236107000002,240,0.086474236107000002,240,True,True,True,True,True,True,True
equity,ridge,0,0,290,42000416,332,d5bbe4fa69e8cab033b758c20ce6abd03ba6a5258c871eebdcacd8284b153ce0,0.108189181082,0.54094590540999998,False,False,,0.14360927695100001,240,0.14360927695100001,240,0.14360927695100001,240,0.105703909465,240,0.105703909465,240,True,True,True,True,True,True,True
equity,ridge,0,0,291,42000417,333,00b36de96b43c84f459a643a502acabbe6f88917a586da4dcd7102b7948f1cc2,0.117588241176,0.58794120587999998,False,False,,0.071934389222999995,240,0.071934389222999995,240,0.071934389222999995,240,0.10232067345699999,240,0.10232067345699999,240,True,True,True,True,True,True,True
equity,ridge,0,0,292,42000418,334,81da1aa7153e97df949df4755597709dfa10a77ab9c0cdb6204694d360b14a86,0.12628737126299999,0.63143685631500002,False,False,,0.029769816118,240,0.029769816118,240,0.029769816118,240,0.098968433698,240,0.098968433698,240,True,True,True,True,True,True,True
equity,ridge,0,0,293,42000419,335,a4022f7a6ff005122f0327387a767c35520715b28e99085b4ca06052c7d4c822,0.107689231077,0.53844615538499996,False,False,,-0.026557845824,240,-0.026557845824,240,-0.026557845824,240,0.10483655896999999,240,0.10483655896999999,240,True,True,True,True,True,True,True
equity,ridge,0,0,294,42000420,336,6fe264c184f868d91bcd08bb40498045de9af72ed7a3d772e063d530533560f5,0.18558144185600001,0.92790720928000003,False,False,,0.071395170130000005,240,0.071395170130000005,240,0.071395170130000005,240,0.086169690938999996,240,0.086169690938999996,240,True,True,True,True,True,True,True
equity,ridge,0,0,295,42000421,337,6206d5c10261c5d0be907fddcc4ff97e3b56c0f19234bb72876f22844503175c,0.17738226177399999,0.88691130887000003,False,False,,-0.050437773886000001,240,-0.050437773886000001,240,-0.050437773886000001,240,0.087958904988000006,240,0.087958904988000006,240,True,True,True,True,True,True,True
equity,ridge,0,0,296,42000422,338,cb88a89865d4d36d0ce54848e3d6e56011d27a0ccff3e2a66fdef3d998ba3a79,0.22297770222999999,1,False,False,,-0.055047349561999998,240,-0.055047349561999998,240,-0.055047349561999998,240,0.078684794375000006,240,0.078684794375000006,240,True,True,True,True,True,True,True
equity,ridge,0,0,297,42000423,339,3c1fda37cd6edbb572ca882f9d620e00d7e6cb0399641f4291e8ce3d4a86efe2,0.19688031196899999,0.984401559845,False,False,,0.064439661329999995,240,0.064439661329999995,240,0.064439661329999995,240,0.08333323259,240,0.08333323259,240,True,True,True,True,True,True,True
equity,ridge,0,0,298,42000424,340,ccce64271120856b168ba748965c74223d2f70399a4a8833f7e8fc35efd0519e,0.141085891411,0.70542945705500004,False,False,,0.072449575884,240,0.072449575884,240,0.072449575884,240,0.097601037853000006,240,0.097601037853000006,240,True,True,True,True,True,True,True
equity,ridge,0,0,299,42000425,341,ff6c5d83fdb7d119a233fe886bca4334d3a2f09b756f9f0e0eec64413198341a,0.17378262173799999,0.86891310869000005,False,False,,0.052657055254000003,240,0.052657055254000003,240,0.052657055254000003,240,0.088771494960999994,240,0.088771494960999994,240,True,True,True,True,True,True,True
equity,ridge,0,0,300,42000426,342,9e09b389ecbbfe517786a1a3cd73c7aef91c800394ee68c53a852e0b264be280,0.15718428157200001,0.78592140785999998,False,False,,0.046671660791999997,240,0.046671660791999997,240,0.046671660791999997,240,0.091537589523999999,240,0.091537589523999999,240,True,True,True,True,True,True,True
equity,ridge,0,0,301,42000427,343,9647fcb256727ed6514eb940fdb37fdc2ce570357de234e1ea9226c265aef6e3,0.16188381161900001,0.80941905809500003,False,False,,-0.0084162428769999995,240,-0.0084162428769999995,240,-0.0084162428769999995,240,0.091459434546999993,240,0.091459434546999993,240,True,True,True,True,True,True,True
equity,ridge,0,0,302,42000428,344,94976a3163f5986238b0c3465a193a4f9092cf3aa933ccc10aa2d6a913cbea03,0.163283671633,0.81641835816499997,False,False,,0.067409934537000005,240,0.067409934537000005,240,0.067409934537000005,240,0.091310963775999995,240,0.091310963775999995,240,True,True,True,True,True,True,True
equity,ridge,0,0,303,42000429,345,a2352f6946d7c7391f1a5747b0232aeaf9af573ff6de8ac06bcb3b0d2dd011fc,0.118788121188,0.59394060593999998,False,False,,-0.12079430143100001,240,-0.12079430143100001,240,-0.12079430143100001,240,0.102023757009,240,0.102023757009,240,True,True,True,True,True,True,True
equity,ridge,0,0,304,42000430,346,6ceae997716dfbedc47775b0a7fbecab107f95c1da27ded9707f928676fabbc9,0.15118488151199999,0.75592440756000001,False,False,,0.042506567661999999,240,0.042506567661999999,240,0.042506567661999999,240,0.092225211616000002,240,0.092225211616000002,240,True,True,True,True,True,True,True
equity,ridge,0,0,305,42000431,347,138d40af2c684e45309828c8aeccd4f9b556b9da66eea7d7b5216945a0fb2ee9,0.192480751925,0.96240375962500002,False,False,,0.014682772667000001,240,0.014682772667000001,240,0.014682772667000001,240,0.085044296975000003,240,0.085044296975000003,240,True,True,True,True,True,True,True
equity,ridge,0,0,306,42000432,348,1adbe5dca39fa3980e12384fb7f049c3a2080dc758c785c083c3e163a8a06700,0.191080891911,0.95540445955499997,False,False,,0.036177121653000001,240,0.036177121653000001,240,0.036177121653000001,240,0.084747279233999995,240,0.084747279233999995,240,True,True,True,True,True,True,True
equity,ridge,0,0,307,42000433,349,2c052598c459583b3caccae11f5443d7ca7db4aec0e08bd342498c781060f869,0.15018498150199999,0.75092490750999996,False,False,,-0.0015308593770000001,240,-0.0015308593770000001,240,-0.0015308593770000001,240,0.094358602499999999,240,0.094358602499999999,240,True,True,True,True,True,True,True
equity,ridge,0,0,308,42000434,350,9f0f3da581874398efced2890bdb5ba8760436ef99c8f34600012204c9031e8c,0.146085391461,0.73042695730499996,False,False,,0.051649508013000001,240,0.051649508013000001,240,0.051649508013000001,240,0.094889639703000003,240,0.094889639703000003,240,True,True,True,True,True,True,True
equity,ridge,0,0,309,42000435,351,5142499a3486c6fda86f4d7efd2a2c63420f8449dcad65d47466df508bd0bc88,0.12948705129499999,0.647435256475,False,False,,0.13767864465900001,240,0.13767864465900001,240,0.13767864465900001,240,0.098733998259000005,240,0.098733998259000005,240,True,True,True,True,True,True,True
equity,ridge,0,0,310,42000436,352,e84c8dd50ca19a63d1c3083bbc3903bcbf1b8f8c71a7a71481d92b01dbda93db,0.22237776222399999,1,False,False,,0.045179072318000002,240,0.045179072318000002,240,0.045179072318000002,240,0.078613745169999999,240,0.078613745169999999,240,True,True,True,True,True,True,True
equity,ridge,0,0,311,42000437,353,33ea71ce25eb5cfb5d0efb15927117c231149cf156cbe2ff9df16569a4c74d47,0.22277772222799999,1,False,False,,-0.042430059559999997,240,-0.042430059559999997,240,-0.042430059559999997,240,0.079433786556000002,240,0.079433786556000002,240,True,True,True,True,True,True,True
equity,ridge,0,0,312,42000438,354,4b5a80e079c6b46bb960dbfb7619ce78ffd8d37439557096af72c7e717ead0fb,0.189481051895,0.94740525947499998,False,False,,-0.034499092921999999,240,-0.034499092921999999,240,-0.034499092921999999,240,0.084692907398000006,240,0.084692907398000006,240,True,True,True,True,True,True,True
equity,ridge,0,0,313,42000439,355,d3921cce7f9792297dc6b72e85f2f98c8ff74658c44518291bc2433b67d8c095,0.63763623637599998,1,False,False,,0.15343862901300001,240,0.15343862901300001,240,0.15343862901300001,240,0.030957500778999999,240,0.030957500778999999,240,True,True,True,True,True,True,True
equity,ridge,0,0,314,42000440,356,1c9deabd890f5c86e58b0c6d4a8553b52c5757107e2b4dc977a26510822f86a0,0.083691630837,0.41845815418499999,False,False,,-0.090727645063000004,240,-0.090727645063000004,240,-0.090727645063000004,240,0.113158647229,240,0.113158647229,240,True,True,True,True,True,True,True
equity,ridge,0,0,315,42000441,357,1cfecc474a15f1f445af26f06688134105f89f6acc8dc9954491a67629fe8a2e,0.286571342866,1,False,False,,-0.052235646248999998,240,-0.052235646248999998,240,-0.052235646248999998,240,0.069971459023999996,240,0.069971459023999996,240,True,True,True,True,True,True,True
equity,ridge,0,0,316,42000442,358,483a72aaf3b46150a33f9bb2a399c4ad1264e5aec9da0eedc5624a1f3fe20ab3,0.17428257174299999,0.87141285871499996,False,False,,-0.014119642765000001,240,-0.014119642765000001,240,-0.014119642765000001,240,0.087607120130999999,240,0.087607120130999999,240,True,True,True,True,True,True,True
equity,ridge,0,0,317,42000443,359,2bc51ec69b963ed39c9f4b97ffb61bbabaedb8d0a26a995caa4b84826b373293,0.19768023197699999,0.98840115988499999,False,False,,0.032746686802999997,240,0.032746686802999997,240,0.032746686802999997,240,0.083317543054000007,240,0.083317543054000007,240,True,True,True,True,True,True,True
equity,ridge,0,0,318,42000444,360,6c8ad787dd30514a0d45c4a9f02bebec709390c0b86f6f1a29daaf91ebca89ba,0.15208479152099999,0.76042395760500003,False,False,,-0.0096347265129999998,240,-0.0096347265129999998,240,-0.0096347265129999998,240,0.093678550696999999,240,0.093678550696999999,240,True,True,True,True,True,True,True
equity,ridge,0,0,319,42000445,361,8628df07550591a335f7388b5dd1ab736e2c6f3873610dafa492579779954c68,0.110388961104,0.55194480552000003,False,False,,0.160395055673,240,0.160395055673,240,0.160395055673,240,0.10473492931099999,240,0.10473492931099999,240,True,True,True,True,True,True,True
equity,ridge,0,0,320,42000446,362,ad3b9a850f95a10412a1f414d374c08234ece7425b607b7712bac81f30b3dcf3,0.218278172183,1,False,False,,0.045623847936000002,240,0.045623847936000002,240,0.045623847936000002,240,0.081238909028000003,240,0.081238909028000003,240,True,True,True,True,True,True,True
equity,ridge,0,0,321,42000447,363,52d059c0c8b3c81df6962156f174ba72f4080af1cb77773889deca1a2daec982,0.15098490150999999,0.75492450754999996,False,False,,-0.043585369257000003,240,-0.043585369257000003,240,-0.043585369257000003,240,0.093694262213999999,240,0.093694262213999999,240,True,True,True,True,True,True,True
equity,ridge,0,0,322,42000448,364,1178d80cdf756823dcf6d0ef7f6faab65e4ae3122cc83ba52e5e11f7bc209237,0.168683131687,0.84341565843499999,False,False,,0.005476744651,240,0.005476744651,240,0.005476744651,240,0.089529464902999997,240,0.089529464902999997,240,True,True,True,True,True,True,True
equity,ridge,0,0,323,42000449,365,11845b47e49c23a005dd828ff3a6d2f5f9aca6f32000378ff3a8996a2d5b7cd1,0.13298670133000001,0.66493350664999995,False,False,,0.0055862997639999998,240,0.0055862997639999998,240,0.0055862997639999998,240,0.096538389030000005,240,0.096538389030000005,240,True,True,True,True,True,True,True
equity,ridge,0,0,324,42000450,366,d4868aa1764c0463d7c44c329c8884b92cc88fa05a13a7fd25b3ae436436cd44,0.192780721928,0.96390360963999999,False,False,,-0.020934423628,240,-0.020934423628,240,-0.020934423628,240,0.084192611289000005,240,0.084192611289000005,240,True,True,True,True,True,True,True
equity,ridge,0,0,325,42000451,367,80b4753f3bb061cdb5d2cba1585c0b254fc6f5dd33d0b1b0f714afd3acc3f2cc,0.13698630137000001,0.68493150685000004,False,False,,-0.010354504864000001,240,-0.010354504864000001,240,-0.010354504864000001,240,0.096843053807000007,240,0.096843053807000007,240,True,True,True,True,True,True,True
equity,ridge,0,0,326,42000452,368,f206d47798cdfeb6d81519545e91d33d84fc98b764eba45bc6e73c7cebfe71b3,0.13378662133800001,0.66893310668999995,False,False,,-0.066955795038000004,240,-0.066955795038000004,240,-0.066955795038000004,240,0.098054197947000002,240,0.098054197947000002,240,True,True,True,True,True,True,True
equity,ridge,0,0,327,42000453,369,ff60b207b21f8abc9616261f27739c298b0194dddbf20df4bca54db006fed726,0.163183681632,0.81591840816000005,False,False,,-0.072511635054999996,240,-0.072511635054999996,240,-0.072511635054999996,240,0.090295118697999999,240,0.090295118697999999,240,True,True,True,True,True,True,True
equity,ridge,0,0,328,42000454,370,8c0e541371ed6f56975f38974e5f1f4f40ad4dee34fcd3d2d5604ac7b34c16c6,0.16078392160800001,0.80391960803999996,False,False,,-0.018744543655000001,240,-0.018744543655000001,240,-0.018744543655000001,240,0.091568898625000006,240,0.091568898625000006,240,True,True,True,True,True,True,True
equity,ridge,0,0,329,42000455,371,ea79326fc9c34dc3b8d218b60f584b375f2046f5b1e57c44afa7bc9416fe8959,0.17618238176199999,0.88091190881000003,False,False,,0.039897741575999998,240,0.039897741575999998,240,0.039897741575999998,240,0.088224626082999996,240,0.088224626082999996,240,True,True,True,True,True,True,True
equity,ridge,0,0,330,42000456,372,ce1bc672ce3a9c6ab4029e0c3b9510a2d76670453d99c8d2917cc47b59fa6b03,0.212678732127,1,False,False,,-0.014488793155999999,240,-0.014488793155999999,240,-0.014488793155999999,240,0.080136832771999997,240,0.080136832771999997,240,True,True,True,True,True,True,True
equity,ridge,0,0,331,42000457,373,0224904f07ce1478e0635a5ed51ca113c40fcd4d9b2e84f9e1d6da141e1758d2,0.195180481952,0.97590240975999998,False,False,,-0.011235837758,240,-0.011235837758,240,-0.011235837758,240,0.082051614947000001,240,0.082051614947000001,240,True,True,True,True,True,True,True
equity,ridge,0,0,332,42000458,374,fa761e6a7d867025333ff9e8c06ffcf6351486e339b0590935ab13a08dd6e484,0.15668433156700001,0.78342165783499995,False,False,,0.067542025956999999,240,0.067542025956999999,240,0.067542025956999999,240,0.091482897874000005,240,0.091482897874000005,240,True,True,True,True,True,True,True
equity,ridge,0,0,333,42000459,375,3b20d399a00c161f9dd894d16334c65f1abd0679a201ece725383ebdace47514,0.19838016198399999,0.99190080991999996,False,False,,0.070012109660000002,240,0.070012109660000002,240,0.070012109660000002,240,0.083653649364999999,240,0.083653649364999999,240,True,True,True,True,True,True,True
equity,ridge,0,0,334,42000460,376,9af411cacb273d8a7c055459ef6e1553b7ba368f8137cad8048cde681177894d,0.070792920708000001,0.35396460353999998,False,False,,-0.044454270278000002,240,-0.044454270278000002,240,-0.044454270278000002,240,0.116432942107,240,0.116432942107,240,True,True,True,True,True,True,True
equity,ridge,0,0,335,42000461,377,48c5d5ff0e6f3cce66a834486f1725b10da906175a08d73e5c99004cd68bb95b,0.22897710229000001,1,False,False,,0.023964448624,240,0.023964448624,240,0.023964448624,240,0.078004239222999996,240,0.078004239222999996,240,True,True,True,True,True,True,True
equity,ridge,0,0,336,42000462,378,15b3ac3958f201ddd88167429dae84f601a6f9261e9ea7758d29c6deab855039,0.219178082192,1,False,False,,-0.025434884896000001,240,-0.025434884896000001,240,-0.025434884896000001,240,0.080699946004999995,240,0.080699946004999995,240,True,True,True,True,True,True,True
equity,ridge,0,0,337,42000463,379,961e86400bbd68eb5b4ae96888ffe8a22f147d5977944c9b5c6cb3805f437c2f,0.194380561944,0.97190280971999998,False,False,,0.0073382891719999998,240,0.0073382891719999998,240,0.0073382891719999998,240,0.085536638688999994,240,0.085536638688999994,240,True,True,True,True,True,True,True
equity,ridge,0,0,338,42000464,380,b9ff092cf538f05ae9e8ebd98ee0ea4d0e72cc52bea17580f6d8026ab18b2d5b,0.15728427157300001,0.786421357865,False,False,,0.074645717585999999,240,0.074645717585999999,240,0.074645717585999999,240,0.093147204671000003,240,0.093147204671000003,240,True,True,True,True,True,True,True
equity,ridge,0,0,339,42000465,381,8003b9383639d887e28608fd82e7873ee889c7767fa09020362db989525d9cc2,0.13808619138100001,0.690430956905,False,False,,0.064822336198,240,0.064822336198,240,0.064822336198,240,0.094709960938999999,240,0.094709960938999999,240,True,True,True,True,True,True,True
equity,ridge,0,0,340,42000466,382,5d9d80e1b64db66a1b0dc68ef3c3636a44b62d9dd74ec10fa83bd891fcfa5ebd,0.117688231177,0.58844115588500001,False,False,,-0.098617342501999994,240,-0.098617342501999994,240,-0.098617342501999994,240,0.100609209031,240,0.100609209031,240,True,True,True,True,True,True,True
equity,ridge,0,0,341,42000467,383,b1b9280725c401bcbf5cfe3356428995199111c8fd34fecbc70e26ec40b35609,0.192480751925,0.96240375962500002,False,False,,-0.010783435435,240,-0.010783435435,240,-0.010783435435,240,0.085474102728999996,240,0.085474102728999996,240,True,True,True,True,True,True,True
equity,ridge,0,0,342,42000468,384,674dd30ca4bdd850c5e0fa5e5d30b1398f22bbff5ee32f98d2be8f5859896bd8,0.143685631437,0.71842815718499997,False,False,,0.015566009055,240,0.015566009055,240,0.015566009055,240,0.095530445593999994,240,0.095530445593999994,240,True,True,True,True,True,True,True
equity,ridge,0,0,343,42000469,385,f42a00f81c185fc9b6e91ea2fc37b3009b334093bd3f0b099cb8d1b6c6e01537,0.164383561644,0.82191780822000005,False,False,,0.042912974198999997,240,0.042912974198999997,240,0.042912974198999997,240,0.089380954932999995,240,0.089380954932999995,240,True,True,True,True,True,True,True
equity,ridge,0,0,344,42000470,386,03b2d3d23d8e918d38c4881511b1e36e109a4be6d422c30dfd9fe07a233417eb,0.20937906209400001,1,False,False,,-0.072121766310999993,240,-0.072121766310999993,240,-0.072121766310999993,240,0.080418729534000005,240,0.080418729534000005,240,True,True,True,True,True,True,True
equity,ridge,0,0,345,42000471,387,dc42c5636895e6100c2a94e7435d22ea756d1ff2fc82424f059ce11073cb4ffb,0.190080991901,0.95040495950500004,False,False,,-0.065362775198000003,240,-0.065362775198000003,240,-0.065362775198000003,240,0.086239781619000005,240,0.086239781619000005,240,True,True,True,True,True,True,True
equity,ridge,0,0,346,42000472,388,6153cc40b5523e7158d59df53516d7efa13f259b6b15fba35466fe4a2587c83a,0.18188181181900001,0.90940905909500003,False,False,,0.036990175227000002,240,0.036990175227000002,240,0.036990175227000002,240,0.087951144386000005,240,0.087951144386000005,240,True,True,True,True,True,True,True
equity,ridge,0,0,347,42000473,389,6d4e8cc670e0295a0a5d4707da12cce248efea89f48923669c3e4f73665a396e,0.25687431256900001,1,False,False,,-0.034176953075000002,240,-0.034176953075000002,240,-0.034176953075000002,240,0.075081818955000004,240,0.075081818955000004,240,True,True,True,True,True,True,True
equity,ridge,0,0,348,42000474,390,be8fb0d2b20b8f0df348b0bffecc52d9bc2e67ce89134a19120fcfe87efccc0e,0.336566343366,1,False,False,,-0.19516467522299999,240,-0.19516467522299999,240,-0.19516467522299999,240,0.063220321745000002,240,0.063220321745000002,240,True,True,True,True,True,True,True
equity,ridge,0,0,349,42000475,391,0fa7d35af190f604c3e179e80cf006c38f5435ff72c2d9783d99fb23e4621e2f,0.20427957204300001,1,False,False,,-0.014783133513000001,240,-0.014783133513000001,240,-0.014783133513000001,240,0.082278629012999996,240,0.082278629012999996,240,True,True,True,True,True,True,True
equity,ridge,0,0,350,42000476,392,4ac10bcfc54f71095c1d666a6e728fb22b4b546fde6ce44c267159c004e5040e,0.30476952304799998,1,False,False,,-0.048913491105999997,240,-0.048913491105999997,240,-0.048913491105999997,240,0.066830567972999994,240,0.066830567972999994,240,True,True,True,True,True,True,True
equity,ridge,0,0,351,42000477,393,09c9780b3fdfe8184165a1abebb32d0e36108acee8fa1730095f22827f6ddae2,0.13138686131399999,0.65693430656999996,False,False,,-0.032137627970999998,240,-0.032137627970999998,240,-0.032137627970999998,240,0.099327838848999997,240,0.099327838848999997,240,True,True,True,True,True,True,True
equity,ridge,0,0,352,42000478,394,9c3e168c2d67912074e9ef062907e0e13c01d17022dd24ef19fd54dbf7dbce79,0.142385761424,0.71192880711999995,False,False,,0.036264301648,240,0.036264301648,240,0.036264301648,240,0.094577230624999994,240,0.094577230624999994,240,True,True,True,True,True,True,True
equity,ridge,0,0,353,42000479,395,a65f2cd33d7c6fbe0ead41eac9da393a63fc8e9eae0bdffcf8658c890052f1e7,0.20647935206500001,1,False,False,,-0.022660458976000001,240,-0.022660458976000001,240,-0.022660458976000001,240,0.081911056625000006,240,0.081911056625000006,240,True,True,True,True,True,True,True
equity,ridge,0,0,354,42000480,396,b261a3e522732e94e044c911a13eec3a22ee79f2b97e41e725286e978f53324f,0.16098390161000001,0.80491950805000001,False,False,,-0.083466715363000002,240,-0.083466715363000002,240,-0.083466715363000002,240,0.092131369485000003,240,0.092131369485000003,240,True,True,True,True,True,True,True
equity,ridge,0,0,355,42000481,397,ec07ba98fec4d08065b880b7ca0bd383f6def78ec59d9e77b42ebaa7f7fe6e5a,0.168683131687,0.84341565843499999,False,False,,0.023081681699,240,0.023081681699,240,0.023081681699,240,0.088505940000000005,240,0.088505940000000005,240,True,True,True,True,True,True,True
equity,ridge,0,0,356,42000482,398,0ab8db1c5e84b9211cc2f3e29dc38ccadaa09c04c7b77ea77c9bae24b421fda4,0.16228377162300001,0.81141885811500003,False,False,,-0.065557810495999999,240,-0.065557810495999999,240,-0.065557810495999999,240,0.091373567508999998,240,0.091373567508999998,240,True,True,True,True,True,True,True
equity,ridge,0,0,357,42000483,399,9e968a0159422e77641a49952d1f161a2b3ae5e85fdba9fdd316c5be7872fc45,0.31556844315600002,1,False,False,,0.0099237554230000007,240,0.0099237554230000007,240,0.0099237554230000007,240,0.064924058906999996,240,0.064924058906999996,240,True,True,True,True,True,True,True
equity,ridge,0,0,358,42000484,400,e696c4b08fa1851fe923a4074f4821a224810b4323d4ecca6212d11f66617cb8,0.15718428157200001,0.78592140785999998,False,False,,-0.039202487101000001,240,-0.039202487101000001,240,-0.039202487101000001,240,0.091131244532,240,0.091131244532,240,True,True,True,True,True,True,True
equity,ridge,0,0,359,42000485,401,416b5135c0c0f3b55182a4c800a9b65734d01392ae62d7b87b83db5fa1763da1,0.169183081692,0.84591540846000002,False,False,,0.071331771991999998,240,0.071331771991999998,240,0.071331771991999998,240,0.088583991853000005,240,0.088583991853000005,240,True,True,True,True,True,True,True
equity,ridge,0,0,360,42000486,402,91041e1a550feee6f6c873cc1c562775d4b9ade04b2ec96c494a15e0d0dd355b,0.15378462153799999,0.76892310769000005,False,False,,-0.018236535301000001,240,-0.018236535301000001,240,-0.018236535301000001,240,0.092529868151000005,240,0.092529868151000005,240,True,True,True,True,True,True,True
equity,ridge,0,0,361,42000487,403,101fd6302d6952bcfe430ea9a6661efb89db256cd6b21e0d42347c7ab80b906b,0.119888011199,0.59944005599500005,False,False,,0.021775307372000001,240,0.021775307372000001,240,0.021775307372000001,240,0.101820904143,240,0.101820904143,240,True,True,True,True,True,True,True
equity,ridge,0,0,362,42000488,404,f649baca1d808055cb5bc044596944d21ad609ce836468ca9233f251c5b4c012,0.287571242876,1,False,False,,-0.00111607679,240,-0.00111607679,240,-0.00111607679,240,0.069151624437000001,240,0.069151624437000001,240,True,True,True,True,True,True,True
equity,ridge,0,0,363,42000489,405,94ebaaeb7131aff3ae756376561ee4204b629b8051a583831fd880121b1cf4a2,0.144385561444,0.72192780722000005,False,False,,-0.052251504667000001,240,-0.052251504667000001,240,-0.052251504667000001,240,0.095507307392999993,240,0.095507307392999993,240,True,True,True,True,True,True,True
equity,ridge,0,0,364,42000490,406,df6882bcf46712fa5f1ed0bf01806c25ea84c7587a982486d3dd79eee5419de0,0.10048995100499999,0.502449755025,False,False,,-0.15599413099000001,240,-0.15599413099000001,240,-0.15599413099000001,240,0.10460991435600001,240,0.10460991435600001,240,True,True,True,True,True,True,True
equity,ridge,0,0,365,42000491,407,29ce3a6d8d47ff5d2b64f3dd6c7db96b097c8ddae796f08418e85141c3b8553f,0.147185281472,0.73592640736000003,False,False,,0.015494462547,240,0.015494462547,240,0.015494462547,240,0.094131765741999995,240,0.094131765741999995,240,True,True,True,True,True,True,True
equity,ridge,0,0,366,42000492,408,c80255a168762902e6d5f117c1fda8358431872d502529ca207fa8fad7e3018a,0.15368463153699999,0.76842315768500002,False,False,,0.057134562772999997,240,0.057134562772999997,240,0.057134562772999997,240,0.093178501684000006,240,0.093178501684000006,240,True,True,True,True,True,True,True
equity,ridge,0,0,367,42000493,409,e5fd0e2e3225b583669e1a0229cc22a67ed6a7561c175082f1293f8c1a65c8ca,0.144485551445,0.72242775722499997,False,False,,-0.093367437358000002,240,-0.093367437358000002,240,-0.093367437358000002,240,0.093537891632000006,240,0.093537891632000006,240,True,True,True,True,True,True,True
equity,ridge,0,0,368,42000494,410,a7fd6190e1f65c97f8a287ad4ba30559aaa813365796561a3e5d7d5abd9aa4b4,0.146185381462,0.73092690730999998,False,False,,-0.068872542068999995,240,-0.068872542068999995,240,-0.068872542068999995,240,0.093819520783999993,240,0.093819520783999993,240,True,True,True,True,True,True,True
equity,ridge,0,0,369,42000495,411,44f29ea9852859d0468c866602535227cee5ed8aab0a9261b85aff99a2a47cde,0.22297770222999999,1,False,False,,0.021627869857999998,240,0.021627869857999998,240,0.021627869857999998,240,0.080286053620999998,240,0.080286053620999998,240,True,True,True,True,True,True,True
equity,ridge,0,0,370,42000496,412,ed96ed440e5c8cee49e5539a7ab8dcf0838ff8eab0a56c709414a118ccd6e328,0.14698530147,0.73492650734999998,False,False,,0.018471997769,240,0.018471997769,240,0.018471997769,240,0.094577120540999995,240,0.094577120540999995,240,True,True,True,True,True,True,True
equity,ridge,0,0,371,42000497,413,e2b3af743d4d2b2514d48f6eb8f7959effb869fda8ae56afedf6e5a066b4dd69,0.237376262374,1,False,False,,0.040968350107,240,0.040968350107,240,0.040968350107,240,0.076355527078999993,240,0.076355527078999993,240,True,True,True,True,True,True,True
equity,ridge,0,0,372,42000498,414,0cd2f4963d4658c59bd15107ef132ff7209c976026ec951fccd3e5c70fc8e20d,0.142285771423,0.71142885711500004,False,False,,-0.0066649702089999997,240,-0.0066649702089999997,240,-0.0066649702089999997,240,0.094624101227999996,240,0.094624101227999996,240,True,True,True,True,True,True,True
equity,ridge,0,0,373,42000499,415,5d702e7a8d838166f9f8cfc63ca304da64cac7f97d6ad3b80b0c1086fef7c3eb,0.165183481652,0.82591740826000004,False,False,,0.024660995541,240,0.024660995541,240,0.024660995541,240,0.090107929724999994,240,0.090107929724999994,240,True,True,True,True,True,True,True
equity,ridge,0,0,374,42000500,416,6421761bd555113dc902535563b96961bae7a4c91f504e50620bb553d64bd6d3,0.30256974302599998,1,False,False,,0.0067499554709999996,240,0.0067499554709999996,240,0.0067499554709999996,240,0.066142494735000001,240,0.066142494735000001,240,True,True,True,True,True,True,True
equity,ridge,0,0,375,42000501,417,6863879f6cb137f7c6bf12c4570fb2e9c1e6b20cec794d0f02089fc6369ce818,0.192680731927,0.96340365963499996,False,False,,0.004830062968,240,0.004830062968,240,0.004830062968,240,0.085630293437999994,240,0.085630293437999994,240,True,True,True,True,True,True,True
equity,ridge,0,0,376,42000502,418,20ca25477d87d646f159c4d358e3be2cb3797d549fc4c675e49a4219ee04d636,0.163183681632,0.81591840816000005,False,False,,-0.002148878202,240,-0.002148878202,240,-0.002148878202,240,0.090709411857000002,240,0.090709411857000002,240,True,True,True,True,True,True,True
equity,ridge,0,0,377,42000503,419,96568395585ed8c25334eb16a6a8643bd84a5b1f5b44276da4e7689f53d80663,0.18288171182900001,0.91440855914499997,False,False,,-0.011313929174999999,240,-0.011313929174999999,240,-0.011313929174999999,240,0.087318214310000003,240,0.087318214310000003,240,True,True,True,True,True,True,True
equity,ridge,0,0,378,42000504,420,0cb21c29cf277c2a230a38dcd465a19e28053465e7ef4a6807584ad2ec20bda0,0.17948205179500001,0.89741025897500004,False,False,,0.138609454104,240,0.138609454104,240,0.138609454104,240,0.087021146197999999,240,0.087021146197999999,240,True,True,True,True,True,True,True
equity,ridge,0,0,379,42000505,421,2f46b6b6ea49982bc182c56d1a5ad1680db2551cd2ba31e00729de915cd135d3,0.145485451455,0.72742725727500002,False,False,,0.025544580317,240,0.025544580317,240,0.025544580317,240,0.094311603862000007,240,0.094311603862000007,240,True,True,True,True,True,True,True
equity,ridge,0,0,380,42000506,422,42fb4836e3adc0cf12ad886d71d8b7fea6bfb803348c99c713cd16f4f15d0ae8,0.15968403159700001,0.79842015798499999,False,False,,-0.0029065592860000001,240,-0.0029065592860000001,240,-0.0029065592860000001,240,0.091334436810000003,240,0.091334436810000003,240,True,True,True,True,True,True,True
equity,ridge,0,0,381,42000507,423,188e68d63924d5163bec4f9b208141ecbbd9889a0c1c350bec3fae1eef01449b,0.17258274172599999,0.86291370863000005,False,False,,0.041834766622000003,240,0.041834766622000003,240,0.041834766622000003,240,0.088763572986999995,240,0.088763572986999995,240,True,True,True,True,True,True,True
equity,ridge,0,0,382,42000508,424,4b4afe31a2cc72c8a60d222754f1da4f98b534b9c9c3acb64d1971f8dcf86176,0.18708129187100001,0.935406459355,False,False,,0.026372192906999999,240,0.026372192906999999,240,0.026372192906999999,240,0.085958337651,240,0.085958337651,240,True,True,True,True,True,True,True
equity,ridge,0,0,383,42000509,425,3d01f7e39e8f7c63c8ba96579f38c711583a6507633d14bece83c9746cd4ce5d,0.194280571943,0.97140285971499996,False,False,,-0.069465079410000005,240,-0.069465079410000005,240,-0.069465079410000005,240,0.084333241596999994,240,0.084333241596999994,240,True,True,True,True,True,True,True
equity,ridge,0,0,384,42000510,426,c45794d6aa22a1bd59f58ab0f50f2d92263bb67d6dffec75c2099eb9d7790574,0.15488451154899999,0.77442255774500002,False,False,,-0.011375475471999999,240,-0.011375475471999999,240,-0.011375475471999999,240,0.091787664493000007,240,0.091787664493000007,240,True,True,True,True,True,True,True
equity,ridge,0,0,385,42000511,427,3cd5931bf141bb7c8d510b339db473457830eabc72f3350be16597af8cb4ff94,0.169283071693,0.84641535846500005,False,False,,-0.076395152884000006,240,-0.076395152884000006,240,-0.076395152884000006,240,0.089826462127999995,240,0.089826462127999995,240,True,True,True,True,True,True,True
equity,ridge,0,0,386,42000512,428,844b7ab57084d6ac212a6330c456017d17e52be2be209303a670a1fbea38987a,0.18678132186800001,0.93390660934000003,False,False,,-0.014822186365,240,-0.014822186365,240,-0.014822186365,240,0.086068033438,240,0.086068033438,240,True,True,True,True,True,True,True
equity,ridge,0,0,387,42000513,429,5053988edfb3d39560d2ac0cdbd2240631c3b3d28623c7aad7a011d579051d28,0.240875912409,1,False,False,,-0.0086247531959999998,240,-0.0086247531959999998,240,-0.0086247531959999998,240,0.075964826563999999,240,0.075964826563999999,240,True,True,True,True,True,True,True
equity,ridge,0,0,388,42000514,430,14ecc3f90a768628a59c86c1544380824e30c08f7be2f2b22eb0457c8ab7d52c,0.17778222177799999,0.88891110889000002,False,False,,-0.037216776612999998,240,-0.037216776612999998,240,-0.037216776612999998,240,0.088216605197999995,240,0.088216605197999995,240,True,True,True,True,True,True,True
equity,ridge,0,0,389,42000515,431,33ba3b6226d8b040a98d01de8f273bd04321cb70cf01ff0a5888dd80d7e1f54a,0.141385861414,0.70692930707000001,False,False,,-0.033348612203999997,240,-0.033348612203999997,240,-0.033348612203999997,240,0.09620238566,240,0.09620238566,240,True,True,True,True,True,True,True
equity,ridge,0,0,390,42000516,432,b56709da89ca26abe1835c8b38e2585c5bb52d06a1d3d4afb4a077fd9afc3d1e,0.38196180382,1,False,False,,-0.127214759792,240,-0.127214759792,240,-0.127214759792,240,0.056461751555000002,240,0.056461751555000002,240,True,True,True,True,True,True,True
equity,ridge,0,0,391,42000517,433,e7ba7181c48658c258dbf3bc550526d4bcc9bad28d89323b2f1b67b5b698b721,0.188681131887,0.94340565943499999,False,False,,-0.060245001404,240,-0.060245001404,240,-0.060245001404,240,0.085802171486000001,240,0.085802171486000001,240,True,True,True,True,True,True,True
equity,ridge,0,0,392,42000518,434,b3f8f54b665a9e8bc27283195eb268af806e0ddd5a1649730b9b8d86e4b5d7c5,0.122087791221,0.61043895610499999,False,False,,0.080513337128999996,240,0.080513337128999996,240,0.080513337128999996,240,0.100383049632,240,0.100383049632,240,True,True,True,True,True,True,True
equity,ridge,0,0,393,42000519,435,5f33d19d88880628de9dcbd0453812aa285d9b74e3c5760fd3accec64b3afb3f,0.111288871113,0.55644435556500005,False,False,,0.030479787136000001,240,0.030479787136000001,240,0.030479787136000001,240,0.103187997942,240,0.103187997942,240,True,True,True,True,True,True,True
equity,ridge,0,0,394,42000520,436,e24b37de7a410c96a09c2b9cfba64f392b77d20f6f4fc43845aaee2f75360120,0.140285971403,0.70142985701500005,False,False,,-0.060689915681000003,240,-0.060689915681000003,240,-0.060689915681000003,240,0.094124108814000004,240,0.094124108814000004,240,True,True,True,True,True,True,True
equity,ridge,0,0,395,42000521,437,7036365646111945fdbaa65c94b086735a39684fe2a44a946f5686dfe35abe87,0.144185581442,0.72092790721,False,False,,0.032968012826000002,240,0.032968012826000002,240,0.032968012826000002,240,0.095147897479000001,240,0.095147897479000001,240,True,True,True,True,True,True,True
equity,ridge,0,0,396,42000522,438,886898719fe58805d0ac12f36f4577f6c87176e753dc4ee84ffba0082c24f481,0.51454854514500004,1,False,False,,0.078722741801000001,240,0.078722741801000001,240,0.078722741801000001,240,0.042764217317000003,240,0.042764217317000003,240,True,True,True,True,True,True,True
equity,ridge,0,0,397,42000523,439,f0d024fdde13ee49c6930a96922072f270d35d6497940f7ece9b44c97a76c54c,0.13238676132400001,0.66193380662000001,False,False,,-0.043147183424,240,-0.043147183424,240,-0.043147183424,240,0.097905791835000006,240,0.097905791835000006,240,True,True,True,True,True,True,True
equity,ridge,0,0,398,42000524,440,4d244ff9b6570a6a9359d5c028eb862f53ae4f1c666b3f032d66df6e2af64b36,0.13108689131099999,0.65543445655499999,False,False,,0.065174430061000002,240,0.065174430061000002,240,0.065174430061000002,240,0.098358993140999995,240,0.098358993140999995,240,True,True,True,True,True,True,True
equity,ridge,0,0,399,42000525,441,5e0c3d14429a1c8b9176bc2fa10d923b79145230f213fb30a8f58b21f28b4c50,0.187381261874,0.93690630936999997,False,False,,0.033809969209,240,0.033809969209,240,0.033809969209,240,0.086310030556999998,240,0.086310030556999998,240,True,True,True,True,True,True,True
equity,ridge,0,0,400,42000526,442,c0e4ce05ae4c96b36d0b4d8e86fdea00f62fa5259eda5795c8a7d427021e62f6,0.080591940806000004,0.40295970402999998,False,False,,-0.049203935546999998,240,-0.049203935546999998,240,-0.049203935546999998,240,0.112955266837,240,0.112955266837,240,True,True,True,True,True,True,True
equity,ridge,0,0,401,42000527,443,ca564043070e6c289c6b2ba07fa86f5cdc96365a1c69263b845ddb8b18d7de7b,0.15178482151799999,0.75892410758999995,False,False,,0.078255848417000007,240,0.078255848417000007,240,0.078255848417000007,240,0.092350661597999997,240,0.092350661597999997,240,True,True,True,True,True,True,True
equity,ridge,0,0,402,42000528,444,1e1860e6ee710ecd374cbeb2677c2bc5e6caa71532a6edf354a3417783a7d47a,0.25867413258700001,1,False,False,,-0.081710203233999995,240,-0.081710203233999995,240,-0.081710203233999995,240,0.073510924024000002,240,0.073510924024000002,240,True,True,True,True,True,True,True
equity,ridge,0,0,403,42000529,445,964ee2840e318539d779318dbca989fb10384d3013345b491e2b900cc335890e,0.24097590241,1,False,False,,0.016394439128999998,240,0.016394439128999998,240,0.016394439128999998,240,0.076535303654999998,240,0.076535303654999998,240,True,True,True,True,True,True,True
equity,ridge,0,0,404,42000530,446,9f132dd8ad84a2795d94c72bbce3fbbca1dc7382fa9e2532afe9ee34a3d01f43,0.121587841216,0.60793920607999996,False,False,,0.015619042109,240,0.015619042109,240,0.015619042109,240,0.100031139853,240,0.100031139853,240,True,True,True,True,True,True,True
equity,ridge,0,0,405,42000531,447,7768b07ca221473a175d38bc0d54710aa1bdaf266a96965cc4b4c38740d46cbe,0.139586041396,0.69793020697999997,False,False,,0.030629385863,240,0.030629385863,240,0.030629385863,240,0.097374253115000003,240,0.097374253115000003,240,True,True,True,True,True,True,True
equity,ridge,0,0,406,42000532,448,976aee71d85180a52bc34b9ea851c4a3d29ccc21c4a73fc7c9c8a4c5301ef800,0.12898710128999999,0.64493550644999997,False,False,,-0.069169294031,240,-0.069169294031,240,-0.069169294031,240,0.098320171632000006,240,0.098320171632000006,240,True,True,True,True,True,True,True
equity,ridge,0,0,407,42000533,449,6fc33e85df2c02b1f9833ff18b0ad90dbd80e8b84eec7e33fd3bad399319d160,0.13098690130999999,0.65493450654999996,False,False,,-0.086881474047999993,240,-0.086881474047999993,240,-0.086881474047999993,240,0.098202769460999997,240,0.098202769460999997,240,True,True,True,True,True,True,True
equity,ridge,0,0,408,42000534,450,208f78aac4ed6b47868bace7acd1b78e200f1133a9ead72e4b4e528dce3b6d5e,0.22547745225499999,1,False,False,,0.076871630684999998,240,0.076871630684999998,240,0.076871630684999998,240,0.078230718985000003,240,0.078230718985000003,240,True,True,True,True,True,True,True
equity,ridge,0,0,409,42000535,451,ffda6bb077788978d4de71f9902f5c35de87c37326b63cc6759d34dcdf142a9f,0.15628437156300001,0.78142185781499995,False,False,,0.05075087113,240,0.05075087113,240,0.05075087113,240,0.092498831239000004,240,0.092498831239000004,240,True,True,True,True,True,True,True
equity,ridge,0,0,410,42000536,452,660ac7d21bd39ff14142abe4c0f00fc3e6f91df70e2fb1d5c85368a0d2ccdecf,0.13198680132000001,0.65993400660000001,False,False,,0.080028469539999994,240,0.080028469539999994,240,0.080028469539999994,240,0.098866862653000001,240,0.098866862653000001,240,True,True,True,True,True,True,True
equity,ridge,0,0,411,42000537,453,1d1af9469a5d8ffc13370108ae13b3014b8f89c1ab97392c3e00cae65543b06c,0.16128387161300001,0.80641935806499998,False,False,,0.086154759538999995,240,0.086154759538999995,240,0.086154759538999995,240,0.091904928555000001,240,0.091904928555000001,240,True,True,True,True,True,True,True
equity,ridge,0,0,412,42000538,454,f3005552204ddd901a465913914dcaf5ae260d39b764534e5592152b907ab916,0.18008199180100001,0.90040995900499998,False,False,,-0.083374634219999993,240,-0.083374634219999993,240,-0.083374634219999993,240,0.086365317873000003,240,0.086365317873000003,240,True,True,True,True,True,True,True
equity,ridge,0,0,413,42000539,455,e67fd318860673fd742e31ccbc0c68e19643988383dccb6da9ff66b74a8501ef,0.091690830917000005,0.458454154585,False,False,,-0.088061424116000001,240,-0.088061424116000001,240,-0.088061424116000001,240,0.110548744841,240,0.110548744841,240,True,True,True,True,True,True,True
equity,ridge,0,0,414,42000540,456,0ccbe2d15a13af4b2283b41fe8f12dc21a8930a54bedd70507dff5b7d1712dda,0.122887711229,0.61443855614499998,False,False,,0.011510056344,240,0.011510056344,240,0.011510056344,240,0.099874994019999996,240,0.099874994019999996,240,True,True,True,True,True,True,True
equity,ridge,0,0,415,42000541,457,bd8c0b5716b12559d058a34806ddff65996272f0873687e222933aab914f4110,0.15168483151699999,0.75842415758500004,False,False,,-0.026511617412000001,240,-0.026511617412000001,240,-0.026511617412000001,240,0.094248910743,240,0.094248910743,240,True,True,True,True,True,True,True
equity,ridge,0,0,416,42000542,458,9ad11ea2e0742f7cf257a3b90e512f2095006d03045ffa85c86b7709e9217929,0.13248675132500001,0.66243375662500004,False,False,,0.027536737168000001,240,0.027536737168000001,240,0.027536737168000001,240,0.096913503132999998,240,0.096913503132999998,240,True,True,True,True,True,True,True
equity,ridge,0,0,417,42000543,459,88fb85e9a82b30d8e64ee4d198290df7ff12441b8110b90e5340776b95683a34,0.19098090191,0.95490450954999995,False,False,,0.034872194178999998,240,0.034872194178999998,240,0.034872194178999998,240,0.085536553515000002,240,0.085536553515000002,240,True,True,True,True,True,True,True
equity,ridge,0,0,418,42000544,460,b48182ef4eeadbc235126d1b53ae33796798e84fedff86c997f4d8841df1a4eb,0.18098190181000001,0.90490950905,False,False,,0.016877988999000001,240,0.016877988999000001,240,0.016877988999000001,240,0.086755622010000005,240,0.086755622010000005,240,True,True,True,True,True,True,True
equity,ridge,0,0,419,42000545,461,efebc97f91091118c578e9db1cb324230c77a4c2a931e2c0b6ffe8554cf9c5d6,0.140785921408,0.70392960703999996,False,False,,0.043570209996000003,240,0.043570209996000003,240,0.043570209996000003,240,0.095116281753000007,240,0.095116281753000007,240,True,True,True,True,True,True,True
equity,ridge,0,0,420,42000546,462,53ab273c21d610ee8ae2d17db46435bb9f4c2b963f184ca1d1894ca58f44c36d,0.18898110189,0.94490550944999996,False,False,,-0.026613050897000001,240,-0.026613050897000001,240,-0.026613050897000001,240,0.085685092426000004,240,0.085685092426000004,240,True,True,True,True,True,True,True
equity,ridge,0,0,421,42000547,463,c10bd91516335302b44d6abdfcb55da313a1464b0ccad6f98b3fa8034496c303,0.18228177182300001,0.91140885911500003,False,False,,0.024300140606000002,240,0.024300140606000002,240,0.024300140606000002,240,0.087200922956999993,240,0.087200922956999993,240,True,True,True,True,True,True,True
equity,ridge,0,0,422,42000548,464,1558111b229692f238a80de0d3db4aa9dc8d20c5b29e1068dc2e9861bf0dcb69,0.16598340166,0.82991700830000004,False,False,,-0.011883934971,240,-0.011883934971,240,-0.011883934971,240,0.08996698803,240,0.08996698803,240,True,True,True,True,True,True,True
equity,ridge,0,0,423,42000549,465,4a917fc9793d2dd1509dd4162a2e068ba3bce43d18e53ea28a1737400dd720f1,0.13588641135900001,0.67943205679499996,False,False,,0.0072593038899999998,240,0.0072593038899999998,240,0.0072593038899999998,240,0.097093167608999997,240,0.097093167608999997,240,True,True,True,True,True,True,True
equity,ridge,0,0,424,42000550,466,0d2a622657fa61497b0846d1cca22c55cfe7f19aba6dc104fc3fc2c72247c877,0.110388961104,0.55194480552000003,False,False,,0.059651047066000003,240,0.059651047066000003,240,0.059651047066000003,240,0.10310204921,240,0.10310204921,240,True,True,True,True,True,True,True
equity,ridge,0,0,425,42000551,467,446678ac7ee9800e4dcafd0f45b6e2fe2a654ca6015e5f180187e797f468871a,0.106789321068,0.53394660534000005,False,False,,0.108299289104,240,0.108299289104,240,0.108299289104,240,0.105547886905,240,0.105547886905,240,True,True,True,True,True,True,True
equity,ridge,0,0,426,42000552,468,97b1cbd8b227acc0b2de51d823fc7951a1e2940b651530dceb46e472f9a46600,0.19888011198899999,0.99440055994499998,False,False,,-0.034349392536000001,240,-0.034349392536000001,240,-0.034349392536000001,240,0.084059790305999998,240,0.084059790305999998,240,True,True,True,True,True,True,True
equity,ridge,0,0,427,42000553,469,721f62cf2d9e72d074a05f61ef9a409842f3990ab2da4dc612f08783b68c75e8,0.164483551645,0.82241775822499996,False,False,,-0.043428544965000003,240,-0.043428544965000003,240,-0.043428544965000003,240,0.090365490542999999,240,0.090365490542999999,240,True,True,True,True,True,True,True
equity,ridge,0,0,428,42000554,470,9ded8b307c0859ca41fccae5804b709a97edf7635d88324732313e93fd079b6d,0.093790620938000002,0.46895310469000001,False,False,,-0.120480569872,240,-0.120480569872,240,-0.120480569872,240,0.10980626899400001,240,0.10980626899400001,240,True,True,True,True,True,True,True
equity,ridge,0,0,429,42000555,471,40537795f2a5736195e276a6da3b66d31a7dcc3ffc07eeb5cffaa48faa666a79,0.18648135186500001,0.93240675932499995,False,False,,0.002601606383,240,0.002601606383,240,0.002601606383,240,0.086411757662000002,240,0.086411757662000002,240,True,True,True,True,True,True,True
equity,ridge,0,0,430,42000556,472,1b9fac3326b171f0e417b7615f5d20860defd5de5f53fc18683fbbab9677ccdb,0.096290370962999999,0.48145185481500002,False,False,,-0.12346530886199999,240,-0.12346530886199999,240,-0.12346530886199999,240,0.108024588234,240,0.108024588234,240,True,True,True,True,True,True,True
equity,ridge,0,0,431,42000557,473,9b3c0e450c7bacea2279b15207de1edccc6c278ace4b0e9331ab6d1d2712b651,0.15528447155299999,0.77642235776500002,False,False,,-0.035264221021999997,240,-0.035264221021999997,240,-0.035264221021999997,240,0.091686312702000006,240,0.091686312702000006,240,True,True,True,True,True,True,True
equity,ridge,0,0,432,42000558,474,35c304c9a5e1f5c2db56e9db40aeff0e8d7568708049ecaa2d64ba6cc7ffaa99,0.14798520147999999,0.73992600740000003,False,False,,0.045576969823000003,240,0.045576969823000003,240,0.045576969823000003,240,0.094092739815999998,240,0.094092739815999998,240,True,True,True,True,True,True,True
equity,ridge,0,0,433,42000559,475,ec74f367290e947f49aaf48be189e0285332fbbd53f7c8bb3178b692d81e2a69,0.17278272172799999,0.86391360864,False,False,,0.062541282318000005,240,0.062541282318000005,240,0.062541282318000005,240,0.088005895382999993,240,0.088005895382999993,240,True,True,True,True,True,True,True
equity,ridge,0,0,434,42000560,476,7578dfd46e6b0ac3cff04529053dd526277c0a6ef2a8c054631b126e328496f1,0.108489151085,0.54244575542499995,False,False,,0.070027014499999998,240,0.070027014499999998,240,0.070027014499999998,240,0.104641164111,240,0.104641164111,240,True,True,True,True,True,True,True
equity,ridge,0,0,435,42000561,477,bb87c64e6fab61af646ddf64d1085dd3dc9ef91a9db2d7a9b26dca0db8232bbf,0.32726727327299998,1,False,False,,-0.14157030573099999,240,-0.14157030573099999,240,-0.14157030573099999,240,0.063775023393999999,240,0.063775023393999999,240,True,True,True,True,True,True,True
equity,ridge,0,0,436,42000562,478,6f8e1d87ecc9571914ec940418d8db11b566aa1215985aab247f5d128c69a894,0.13148685131499999,0.65743425657499999,False,False,,0.045515606329000001,240,0.045515606329000001,240,0.045515606329000001,240,0.097968320467999997,240,0.097968320467999997,240,True,True,True,True,True,True,True
equity,ridge,0,0,437,42000563,479,7d1d1c085f0d6f54a74a55f8b062a6fc008d60cc796cdb924070e62593cb48a1,0.24597540245999999,1,False,False,,-0.022871053394000002,240,-0.022871053394000002,240,-0.022871053394000002,240,0.075402095788000001,240,0.075402095788000001,240,True,True,True,True,True,True,True
equity,ridge,0,0,438,42000564,480,1a427729f4a3cb3a8ad882c43c60bcc61739b27776c3df6e24a7a7292a1d0199,0.064593540645999994,0.32296770323000001,False,False,,-0.180388831384,240,-0.180388831384,240,-0.180388831384,240,0.12105005785,240,0.12105005785,240,True,True,True,True,True,True,True
equity,ridge,0,0,439,42000565,481,9b675fc9967c9b13bcc54dc3f26d951a324ffea89fc61ba93e57860a44a09c5f,0.26697330267000002,1,False,False,,-0.089991702401000004,240,-0.089991702401000004,240,-0.089991702401000004,240,0.072651466196000006,240,0.072651466196000006,240,True,True,True,True,True,True,True
equity,ridge,0,0,440,42000566,482,931cb5a02a00c038d6c5debf7086ee565af9f0cccdbddd4b9b8470e00b74cf6a,0.25677432256799998,1,False,False,,-0.036521716113000001,240,-0.036521716113000001,240,-0.036521716113000001,240,0.073737868302000006,240,0.073737868302000006,240,True,True,True,True,True,True,True
equity,ridge,0,0,441,42000567,483,cb7834dc4f92a3e990800432f8ae43ebb41c2d8b2e90c9c29bfc096eaa2b5e97,0.166783321668,0.83391660834000003,False,False,,-0.056704856481000002,240,-0.056704856481000002,240,-0.056704856481000002,240,0.090373310307999999,240,0.090373310307999999,240,True,True,True,True,True,True,True
equity,ridge,0,0,442,42000568,484,ecde9825a0afe3d360286d7508291d83f8ab8462de956c8fe96a4180b4cee500,0.16278372162800001,0.81391860814000005,False,False,,-0.036222900384000001,240,-0.036222900384000001,240,-0.036222900384000001,240,0.0894745344,240,0.0894745344,240,True,True,True,True,True,True,True
equity,ridge,0,0,443,42000569,485,b7fd3132b19d061e2d22260bfb7539fb5bcfe5c5afbdd19477247bb3c75eb140,0.22567743225699999,1,False,False,,-0.081778824163999994,240,-0.081778824163999994,240,-0.081778824163999994,240,0.078730630620999997,240,0.078730630620999997,240,True,True,True,True,True,True,True
equity,ridge,0,0,444,42000570,486,366dc79ed7ecfb284325a6f54e98b66405cf62bf0aaab585318ec116313ff04e,0.145085491451,0.72542745725500002,False,False,,-0.015440213983,240,-0.015440213983,240,-0.015440213983,240,0.094475649506000001,240,0.094475649506000001,240,True,True,True,True,True,True,True
equity,ridge,0,0,445,42000571,487,516d85d593ac040169ff48a042b7a5687cf15538ef58dcc9afa99579871e3a19,0.13548645135500001,0.67743225677499996,False,False,,-0.038091565515000002,240,-0.038091565515000002,240,-0.038091565515000002,240,0.097499497030999999,240,0.097499497030999999,240,True,True,True,True,True,True,True
equity,ridge,0,0,446,42000572,488,8197c34a911cd759f5dc4b7df457af0af77806d3df43b98c0b64ac1ac9e6bc1d,0.17368263173699999,0.86841315868500002,False,False,,0.0035073710179999999,240,0.0035073710179999999,240,0.0035073710179999999,240,0.088732471233000001,240,0.088732471233000001,240,True,True,True,True,True,True,True
equity,ridge,0,0,447,42000573,489,e6349e7f3241fa6a1ebf416c3f24b20e73da61d93ffc09d2841304d0b981be9e,0.192180781922,0.96090390961000005,False,False,,-0.077935691926,240,-0.077935691926,240,-0.077935691926,240,0.085403789132000002,240,0.085403789132000002,240,True,True,True,True,True,True,True
equity,ridge,0,0,448,42000574,490,6368e7800d1f2cf1e22430e1eaff32ec98069232c7935bd32777369eb45f0ccf,0.15078492150799999,0.75392460754000001,False,False,,0.011736854636999999,240,0.011736854636999999,240,0.011736854636999999,240,0.093248911077999999,240,0.093248911077999999,240,True,True,True,True,True,True,True
equity,ridge,0,0,449,42000575,491,a936b20ec4ec3c3ae8753aba9f00beefc6bf57addef159a79ca49c5b2b8a871d,0.141885811419,0.70942905709500004,False,False,,0.053758891193000001,240,0.053758891193000001,240,0.053758891193000001,240,0.095491366364999997,240,0.095491366364999997,240,True,True,True,True,True,True,True
equity,ridge,0,0,450,42000576,492,7e631718399bee025be24e0d0ce02ee2c203894b9c87b3bbe25a56843d869fc3,0.18108189181100001,0.90540945905500003,False,False,,-0.061980325168999997,240,-0.061980325168999997,240,-0.061980325168999997,240,0.086216647997000004,240,0.086216647997000004,240,True,True,True,True,True,True,True
equity,ridge,0,0,451,42000577,493,cd22857be49a0b5c21f211eedfa5619d2f42b2aac78cd2088736b09b0b5bbb67,0.212678732127,1,False,False,,0.051875888863999998,240,0.051875888863999998,240,0.051875888863999998,240,0.081325100826000002,240,0.081325100826000002,240,True,True,True,True,True,True,True
equity,ridge,0,0,452,42000578,494,cfaf497bc3706102a9782f1f6d0b9c08b15cbe20d66d911b6a3891f2824e1108,0.191180881912,0.95590440956,False,False,,-0.019277031922999999,240,-0.019277031922999999,240,-0.019277031922999999,240,0.084856782510999998,240,0.084856782510999998,240,True,True,True,True,True,True,True
equity,ridge,0,0,453,42000579,495,adc3a4da0435b83f3c7386ab22e2c0024c459b4284763292530652637c9575db,0.17688231176899999,0.884411558845,False,False,,-0.0018205350570000001,240,-0.0018205350570000001,240,-0.0018205350570000001,240,0.087544724478000005,240,0.087544724478000005,240,True,True,True,True,True,True,True
equity,ridge,0,0,454,42000580,496,d6a40244e0aff5fb89ca7345dc0c2c7537c08b3aadf24c712be396e00d12fb35,0.15468453154699999,0.77342265773499996,False,False,,-0.069745837591999996,240,-0.069745837591999996,240,-0.069745837591999996,240,0.092514428275000005,240,0.092514428275000005,240,True,True,True,True,True,True,True
equity,ridge,0,0,455,42000581,497,888df7abbb353aa5e9ba9d31d9b9b9551f96352ba954ce9d5f69bc546bb09a18,0.16698330167,0.83491650834999998,False,False,,-0.070293271180999997,240,-0.070293271180999997,240,-0.070293271180999997,240,0.089373125275999998,240,0.089373125275999998,240,True,True,True,True,True,True,True
equity,ridge,0,0,456,42000582,498,2deffcaa450d385288fe0f1f8d88d53b06ffd22b9ae0f69d9733b20272c55f7c,0.140285971403,0.70142985701500005,False,False,,-0.0013519277599999999,240,-0.0013519277599999999,240,-0.0013519277599999999,240,0.097116701821999996,240,0.097116701821999996,240,True,True,True,True,True,True,True
equity,ridge,0,0,457,42000583,499,5f0291883be0ed7ac54b254598c06a9b39cdd596b3e203c23f395b130e7ae5c7,0.16198380162000001,0.80991900809999995,False,False,,-0.11961313255600001,240,-0.11961313255600001,240,-0.11961313255600001,240,0.091537619197,240,0.091537619197,240,True,True,True,True,True,True,True
equity,ridge,0,0,458,42000584,500,06aa13795298fa73073ffaee014821abca1a301416a2ac6ce995d3d1f20196fb,0.11368863113700001,0.56844315568500003,False,False,,-0.14665634290599999,240,-0.14665634290599999,240,-0.14665634290599999,240,0.10158598019200001,240,0.10158598019200001,240,True,True,True,True,True,True,True
equity,ridge,0,0,459,42000585,501,7a4bbbd9df19c9c9a0b183aa593d69e7e118c6f4496cb845a38768ef1cf0b85f,0.13338666133400001,0.66693330666999995,False,False,,0.058884132151000003,240,0.058884132151000003,240,0.058884132151000003,240,0.096960307610999996,240,0.096960307610999996,240,True,True,True,True,True,True,True
equity,ridge,0,0,460,42000586,502,403f22ac6dc8ebf4fee87b0d5234846b093fb1487c336f2e3bd11fcdd619bfd2,0.095190480952000001,0.47595240476,False,False,,0.085169071612000005,240,0.085169071612000005,240,0.085169071612000005,240,0.107336977315,240,0.107336977315,240,True,True,True,True,True,True,True
equity,ridge,0,0,461,42000587,503,15275cab65c56657b7867bd263b6c947b322a22dcd671868f5106e8a35c24ae9,0.123787621238,0.61893810619,False,False,,0.022838581169000002,240,0.022838581169000002,240,0.022838581169000002,240,0.101000054982,240,0.101000054982,240,True,True,True,True,True,True,True
equity,ridge,0,0,462,42000588,504,b9637ff64692b30f7b342e987b99ce2d833147a9c0e64a49d9254e4c90580c93,0.063693630636999995,0.31846815318499999,False,False,,0.14222008938200001,240,0.14222008938200001,240,0.14222008938200001,240,0.120433161852,240,0.120433161852,240,True,True,True,True,True,True,True
equity,ridge,0,0,463,42000589,505,8453bdd32287f8e405bc16a5d0f7a10ab789ac53799900378dc554fedd4cc2db,0.13548645135500001,0.67743225677499996,False,False,,-0.024637630760000001,240,-0.024637630760000001,240,-0.024637630760000001,240,0.096749533503999993,240,0.096749533503999993,240,True,True,True,True,True,True,True
equity,ridge,0,0,464,42000590,506,8c673b58991c970ddc38af5fa7a278ddfd6c92ddbbaaa2e4a021285d02f57122,0.24687531246899999,1,False,False,,0.036067678822000002,240,0.036067678822000002,240,0.036067678822000002,240,0.075558616019000005,240,0.075558616019000005,240,True,True,True,True,True,True,True
equity,ridge,0,0,465,42000591,507,c44bb88e43d7b2fb7cbf8b16f6dbce1b938afae73c61330030e1e9b23b84f68a,0.189381061894,0.94690530946999996,False,False,,-0.0081648274750000006,240,-0.0081648274750000006,240,-0.0081648274750000006,240,0.085224057431999997,240,0.085224057431999997,240,True,True,True,True,True,True,True
equity,ridge,0,0,466,42000592,508,822d3fb5d15bb766262435597c317f34f544012d308e89d1008e989d4a7d8b99,0.143585641436,0.71792820718000006,False,False,,-0.042484403737999998,240,-0.042484403737999998,240,-0.042484403737999998,240,0.095436688818999998,240,0.095436688818999998,240,True,True,True,True,True,True,True
equity,ridge,0,0,467,42000593,509,6222b611ef5e3a07beb180103cd360bee0f64a011f3235c7c549ac6d3586dad2,0.077292270772999994,0.38646135386500002,False,False,,-0.20660414010299999,240,-0.20660414010299999,240,-0.20660414010299999,240,0.115642956581,240,0.115642956581,240,True,True,True,True,True,True,True
equity,ridge,0,0,468,42000594,510,e6284ba2f518bc69aed4d4f8fdefcf333b08ff26850f2a08b83d81ca45a833fe,0.11488851114900001,0.57444255574500003,False,False,,-0.082402339071000003,240,-0.082402339071000003,240,-0.082402339071000003,240,0.10399268059400001,240,0.10399268059400001,240,True,True,True,True,True,True,True
equity,ridge,0,0,469,42000595,511,95113c86ccbeb7029f3ce59ae6e4761917233dcbfe4cab277fe256f8ebd02d59,0.146585341466,0.73292670732999998,False,False,,0.084162455420000004,240,0.084162455420000004,240,0.084162455420000004,240,0.093866024132000001,240,0.093866024132000001,240,True,True,True,True,True,True,True
equity,ridge,0,0,470,42000596,512,84d622ca4cd609ad29342b28b2009bad49e9744c11c7f7531d241b7e4b402e1c,0.109589041096,0.54794520548000003,False,False,,0.0059233208209999999,240,0.0059233208209999999,240,0.0059233208209999999,240,0.10418828371699999,240,0.10418828371699999,240,True,True,True,True,True,True,True
equity,ridge,0,0,471,42000597,513,dccbc179df356b44e0b6ef43a29ef465f91372277ffee1ab08f76aad4da11b22,0.16208379162100001,0.81041895810499998,False,False,,-0.045523650110000001,240,-0.045523650110000001,240,-0.045523650110000001,240,0.090849909367000006,240,0.090849909367000006,240,True,True,True,True,True,True,True
equity,ridge,0,0,472,42000598,514,757518251b6a3224d0792bd3359ec9fb12ae294eba4425501baa299d41e7b2e3,0.123087691231,0.61543845615500004,False,False,,0.064784366425000003,240,0.064784366425000003,240,0.064784366425000003,240,0.099882669081999997,240,0.099882669081999997,240,True,True,True,True,True,True,True
equity,ridge,0,0,473,42000599,515,dfa55246b8f858809d8e83b7cfa6d0e6ea0c4ce8333b10d5a5d9eac9b9b49090,0.22207779222099999,1,False,False,,0.060064623667000001,240,0.060064623667000001,240,0.060064623667000001,240,0.079496531878000001,240,0.079496531878000001,240,True,True,True,True,True,True,True
equity,ridge,0,0,474,42000600,516,28959abdd2a5e33a3cfacd386486e86172e3fe11329e422093c621e72901781b,0.31676832316800002,1,False,False,,-0.041052744282000002,240,-0.041052744282000002,240,-0.041052744282000002,240,0.064213062692,240,0.064213062692,240,True,True,True,True,True,True,True
equity,ridge,0,0,475,42000601,517,ba837f08e6a0ec344b5071b9ffc00c462217c28aeb6c61284895a6d0f81d2b86,0.108189181082,0.54094590540999998,False,False,,0.090748962379000001,240,0.090748962379000001,240,0.090748962379000001,240,0.10363312616000001,240,0.10363312616000001,240,True,True,True,True,True,True,True
equity,ridge,0,0,476,42000602,518,e446fcc4e38360c198034f3bc3315ff634f5099f44b1421291bdf1ed05552e87,0.17738226177399999,0.88691130887000003,False,False,,-0.038249518678,240,-0.038249518678,240,-0.038249518678,240,0.089224632525,240,0.089224632525,240,True,True,True,True,True,True,True
equity,ridge,0,0,477,42000603,519,3fb6647923d686f682637dcde70921d15f35fb1ccca20a6d306d1829e916b147,0.19708029197099999,0.98540145985500005,False,False,,0.0096034373759999996,240,0.0096034373759999996,240,0.0096034373759999996,240,0.083895601424000002,240,0.083895601424000002,240,True,True,True,True,True,True,True
equity,ridge,0,0,478,42000604,520,7166b436702b628d591f443d9a18b959b87ee3e3ba1e08684fb774f9aa858142,0.123387661234,0.61693830617000001,False,False,,0.14026635656399999,240,0.14026635656399999,240,0.14026635656399999,240,0.098359251593000005,240,0.098359251593000005,240,True,True,True,True,True,True,True
equity,ridge,0,0,479,42000605,521,1f8f3b95a3845eb4b8b52c980fe1857aeb459d71ecfade313861e3d6b8ba73d8,0.22317768223199999,1,False,False,,-0.073535038516000004,240,-0.073535038516000004,240,-0.073535038516000004,240,0.078230791886000003,240,0.078230791886000003,240,True,True,True,True,True,True,True
equity,ridge,0,0,480,42000606,522,41cc936bba9659bb394fb345986f34d51c0bbed277d566dfa5884118e4c7ee93,0.22427757224299999,1,False,False,,0.00253126934,240,0.00253126934,240,0.00253126934,240,0.079402720519000006,240,0.079402720519000006,240,True,True,True,True,True,True,True
equity,ridge,0,0,481,42000607,523,dc04ba58e732e789257a174b6787c77de6ec43c3e194f95ea5da997e7edf82cf,0.22037796220399999,1,False,False,,0.050241957370999998,240,0.050241957370999998,240,0.050241957370999998,240,0.080090493360000001,240,0.080090493360000001,240,True,True,True,True,True,True,True
equity,ridge,0,0,482,42000608,524,b9fb3ff19c6fe1021b5e1452d28432b0c2b15349f26dcfe3ab3e00ff1c555f99,0.143185681432,0.71592840715999995,False,False,,0.102275052251,240,0.102275052251,240,0.102275052251,240,0.094545795685999995,240,0.094545795685999995,240,True,True,True,True,True,True,True
equity,ridge,0,0,483,42000609,525,643327d69e6e66e292670ab9ecee9acf2a32caca2eb105b729140a1e527b99f3,0.15558444155600001,0.77792220777999999,False,False,,-0.014196954065,240,-0.014196954065,240,-0.014196954065,240,0.091592487606,240,0.091592487606,240,True,True,True,True,True,True,True
equity,ridge,0,0,484,42000610,526,5d0a112ff8b422f30c6454afc5d08941f4dbc7930811715aae0ce5a90ccba651,0.099390060993999996,0.49695030496999998,False,False,,-0.068214975652000007,240,-0.068214975652000007,240,-0.068214975652000007,240,0.10781381998800001,240,0.10781381998800001,240,True,True,True,True,True,True,True
equity,ridge,0,0,485,42000611,527,2c21e9bff101659370049b4d20a744b04a2ca8fa0551a5b2d5070bb3b4f1319f,0.15778422157800001,0.78892110789000003,False,False,,0.053563672724999997,240,0.053563672724999997,240,0.053563672724999997,240,0.092006582392000005,240,0.092006582392000005,240,True,True,True,True,True,True,True
equity,ridge,0,0,486,42000612,528,827f3475b8d0360a1222514f66a8082ceb75d4d7a6e1aeeddb52f48f166daa91,0.18008199180100001,0.90040995900499998,False,False,,-0.032927643721000002,240,-0.032927643721000002,240,-0.032927643721000002,240,0.085927212084999996,240,0.085927212084999996,240,True,True,True,True,True,True,True
equity,ridge,0,0,487,42000613,529,8444c6b10b5d08c75c2e8fa981cb89f786c6905ef9ddcd32d0d27d58261ae261,0.20607939206100001,1,False,False,,0.037171699969000001,240,0.037171699969000001,240,0.037171699969000001,240,0.081332891101000004,240,0.081332891101000004,240,True,True,True,True,True,True,True
equity,ridge,0,0,488,42000614,530,1d498903d363fa602d58d63b153ae3c0b80a71428f0037cb1c5bd58830ddcc12,0.061193880611999998,0.30596940305999998,False,False,,-0.189516097951,240,-0.189516097951,240,-0.189516097951,240,0.12228469810299999,240,0.12228469810299999,240,True,True,True,True,True,True,True
equity,ridge,0,0,489,42000615,531,dccdf0609703088133947124ec67882a9fcd433ecfe8315dff55c82be33f852e,0.144885511449,0.72442755724499996,False,False,,0.0184095087,240,0.0184095087,240,0.0184095087,240,0.094225477639999999,240,0.094225477639999999,240,True,True,True,True,True,True,True
equity,ridge,0,0,490,42000616,532,786d9bf95b1381ae5fb1e026533fa6163d334be6952a368a6c5f58c044e46e28,0.120487951205,0.60243975602499999,False,False,,0.096508045779000004,240,0.096508045779000004,240,0.096508045779000004,240,0.10210173156299999,240,0.10210173156299999,240,True,True,True,True,True,True,True
equity,ridge,0,0,491,42000617,533,b9f6b36b6782a118bb194024e183c59803a44b9cd528ecafbd1f3a49bc913484,0.15438456154399999,0.77192280771999999,False,False,,-0.034677257792000003,240,-0.034677257792000003,240,-0.034677257792000003,240,0.093264409751999997,240,0.093264409751999997,240,True,True,True,True,True,True,True
equity,ridge,0,0,492,42000618,534,06575a3cd27a56168045617ce49564b5df80148a9d7e1ed503a1c828c18d77bd,0.19778022197799999,0.98890110989000002,False,False,,-0.090577267500999994,240,-0.090577267500999994,240,-0.090577267500999994,240,0.085021057664999997,240,0.085021057664999997,240,True,True,True,True,True,True,True
equity,ridge,0,0,493,42000619,535,45d3f61a3cef52033604f07b1cbc812267d158e75a925a1a086542dbfa49ef5a,0.19578042195799999,0.97890210979000003,False,False,,0.135841569612,240,0.135841569612,240,0.135841569612,240,0.083762867081000003,240,0.083762867081000003,240,True,True,True,True,True,True,True
equity,ridge,0,0,494,42000620,536,ae3a9e62dd6b54bf3dcad2252e5154a062f4e3ff98fd053037395dfc023094e3,0.11228877112299999,0.56144385561499999,False,False,,-0.113182614271,240,-0.113182614271,240,-0.113182614271,240,0.103516012664,240,0.103516012664,240,True,True,True,True,True,True,True
equity,ridge,0,0,495,42000621,537,89e84d9d78566f29813360257a62aaf65cf6b49a800f30798be690ffe9f006d7,0.218278172183,1,False,False,,0.033585030082999998,240,0.033585030082999998,240,0.033585030082999998,240,0.079598418889999994,240,0.079598418889999994,240,True,True,True,True,True,True,True
equity,ridge,0,0,496,42000622,538,b31c05ee3d183262d8d7f80e385b6a81e14ce29aaed8a4333e4582210f1cc5f0,0.140485951405,0.70242975702499999,False,False,,0.055736165917000001,240,0.055736165917000001,240,0.055736165917000001,240,0.095710146337999999,240,0.095710146337999999,240,True,True,True,True,True,True,True
equity,ridge,0,0,497,42000623,539,c1d084850661f991c84e92b7976deb2c24466fba5bceba3c7491cfaa97544740,0.22197780221999999,1,False,False,,0.028833239136,240,0.028833239136,240,0.028833239136,240,0.079738660146000007,240,0.079738660146000007,240,True,True,True,True,True,True,True
equity,ridge,0,0,498,42000624,540,0ff14330a81b37b26798259b744726e192a07eb90468d56c1d5950a2b64fc708,0.19798020197999999,0.98990100989999996,False,False,,-0.046428987046,240,-0.046428987046,240,-0.046428987046,240,0.083622345025999995,240,0.083622345025999995,240,True,True,True,True,True,True,True
equity,ridge,0,0,499,42000625,541,0f049fcb71d261d88c7210b8c78d2847e665096c00be2b89af64f942890d7108,0.11278872112799999,0.56394360564000001,False,False,,0.109290104577,240,0.109290104577,240,0.109290104577,240,0.101672329332,240,0.101672329332,240,True,True,True,True,True,True,True
equity,ridge,0,0,500,42000626,542,dbb7f4b618e50cc54f5755e09c326e0e4cb4bb7fb2d4b164a9b09a99ef7f72db,0.17808219178099999,0.89041095890499999,False,False,,0.0020867717729999998,240,0.0020867717729999998,240,0.0020867717729999998,240,0.087841678293000006,240,0.087841678293000006,240,True,True,True,True,True,True,True
equity,ridge,0,0,501,42000627,543,0ee96917338176d2206579d447b117896ce90cfa14aaba15a420b5fc315758b8,0.031796820317999998,0.15898410159000001,False,True,,-0.14597585772400001,240,-0.14597585772400001,240,-0.14597585772400001,240,0.1418346798,240,0.1418346798,240,True,True,True,True,True,True,True
equity,ridge,0,0,502,42000628,544,93d7cf570cffcefdf9592eda6e4442d687de3c1853dd3740675c76c1c41153f5,0.16398360164,0.81991800820000005,False,False,,0.011846663622999999,240,0.011846663622999999,240,0.011846663622999999,240,0.091443810402999995,240,0.091443810402999995,240,True,True,True,True,True,True,True
equity,ridge,0,0,503,42000629,545,c43c3cc860d887035cccb0269c03dc24628a97cbcaac18fa85190677ab56d185,0.27757224277600001,1,False,False,,-0.048732405053999998,240,-0.048732405053999998,240,-0.048732405053999998,240,0.070181831074000001,240,0.070181831074000001,240,True,True,True,True,True,True,True
equity,ridge,0,0,504,42000630,546,76fba309ac99a71c89f372846de2404a68525c2ead466cf0691c90f7273d8b4f,0.23337666233400001,1,False,False,,-0.13466257660200001,240,-0.13466257660200001,240,-0.13466257660200001,240,0.078113230175000006,240,0.078113230175000006,240,True,True,True,True,True,True,True
equity,ridge,0,0,505,42000631,547,ec3de9afeca418163b09bb176a33a2e02e731348120253139cf0afb83e263fb8,0.13608639136100001,0.68043195680500002,False,False,,0.05790815631,240,0.05790815631,240,0.05790815631,240,0.096374275612999993,240,0.096374275612999993,240,True,True,True,True,True,True,True
equity,ridge,0,0,506,42000632,548,c2e9151ffe2c67480a96befa467b2bddd2b4fb2e4c3009b85b0775216eedcbaf,0.105089491051,0.52544745525500003,False,False,,0.17160598691500001,240,0.17160598691500001,240,0.17160598691500001,240,0.103312880099,240,0.103312880099,240,True,True,True,True,True,True,True
equity,ridge,0,0,507,42000633,549,d009f0dfe386ad334d29b773d7c4420c94446777a529006f613447905d439bdc,0.120687931207,0.60343965603500005,False,False,,0.151790801576,240,0.151790801576,240,0.151790801576,240,0.10151557482699999,240,0.10151557482699999,240,True,True,True,True,True,True,True
equity,ridge,0,0,508,42000634,550,4c813ba8befc1221d652f6a35802ce8f42a651f0d7f113c946851deead7707ec,0.236276372363,1,False,False,,0.065471720358000002,240,0.065471720358000002,240,0.065471720358000002,240,0.076402224221000001,240,0.076402224221000001,240,True,True,True,True,True,True,True
equity,ridge,0,0,509,42000635,551,49e482970dc167b2fb25478d224b232322bdcc6dd70690dbec40faa947618b17,0.17378262173799999,0.86891310869000005,False,False,,0.054469884110999997,240,0.054469884110999997,240,0.054469884110999997,240,0.088935632737999995,240,0.088935632737999995,240,True,True,True,True,True,True,True
equity,ridge,0,0,510,42000636,552,29a6f43eda7e006a5871f1015af5b8b451c628db809c5b8e03774d81109cca72,0.25617438256199998,1,False,False,,-0.057550084629999998,240,-0.057550084629999998,240,-0.057550084629999998,240,0.073784820232000004,240,0.073784820232000004,240,True,True,True,True,True,True,True
equity,ridge,0,0,511,42000637,553,b94cace6eecdda4c30105fdd5e8b6d198c0b7515dfeef48ea62d31b0b6b30f2a,0.17318268173199999,0.86591340865999999,False,False,,0.020166622540000002,240,0.020166622540000002,240,0.020166622540000002,240,0.089076224031000004,240,0.089076224031000004,240,True,True,True,True,True,True,True
equity,ridge,0,0,512,42000638,554,7826f1dfc304178ae4f6f61714e7cad0bc70fe1cd881017757d92cdd09e7de8b,0.15558444155600001,0.77792220777999999,False,False,,-0.057306119907999997,240,-0.057306119907999997,240,-0.057306119907999997,240,0.093428475178000001,240,0.093428475178000001,240,True,True,True,True,True,True,True
equity,ridge,0,0,513,42000639,555,5928da5272432858e0a0ae0f39e8029991cffefbc87130e7cb4d01bdc198cb31,0.141385861414,0.70692930707000001,False,False,,-0.049664555478999999,240,-0.049664555478999999,240,-0.049664555478999999,240,0.096647770497999996,240,0.096647770497999996,240,True,True,True,True,True,True,True
equity,ridge,0,0,514,42000640,556,4ae976b615a6dbc1b2d4244ff4d11f5a00a6cf03d8017426e9bdb2f6c2bfba1c,0.188581141886,0.94290570942999996,False,False,,-0.150307498771,240,-0.150307498771,240,-0.150307498771,240,0.085528652605999997,240,0.085528652605999997,240,True,True,True,True,True,True,True
equity,ridge,0,0,515,42000641,557,6fc80ae541a2398de82c8a73f23d7dd42c43750ac78bbfcfb50340cb6cad3889,0.14998500149999999,0.74992500750000002,False,False,,0.088881480888000006,240,0.088881480888000006,240,0.088881480888000006,240,0.092608021112999997,240,0.092608021112999997,240,True,True,True,True,True,True,True
equity,ridge,0,0,516,42000642,558,9618c151dd25a4aff0b82ab17dc9606171eaeabc2d4909a5bb88b556e167c1e3,0.20507949205100001,1,False,False,,-0.044093834250999997,240,-0.044093834250999997,240,-0.044093834250999997,240,0.081442300777000001,240,0.081442300777000001,240,True,True,True,True,True,True,True
equity,ridge,0,0,517,42000643,559,3312c14ebb98bcadaf2e2f961ed8e1222417438da1075f91a0d891e3fe51a56c,0.168283171683,0.841415858415,False,False,,0.011916128963000001,240,0.011916128963000001,240,0.011916128963000001,240,0.088865403581999999,240,0.088865403581999999,240,True,True,True,True,True,True,True
equity,ridge,0,0,518,42000644,560,8febbcbcca676137021b546936e4d1d55bd6766ffc70640cc34a6a0ce0e3af18,0.13458654134600001,0.67293270673000005,False,False,,-0.103119068371,240,-0.103119068371,240,-0.103119068371,240,0.097515166052000002,240,0.097515166052000002,240,True,True,True,True,True,True,True
equity,ridge,0,0,519,42000645,561,0b005aad3e72d6e70370082bc8cdf2bbc82e92c01e0f04fec357bb0de83de846,0.111188881112,0.55594440556000002,False,False,,0.065479461727000005,240,0.065479461727000005,240,0.065479461727000005,240,0.103031683593,240,0.103031683593,240,True,True,True,True,True,True,True
equity,ridge,0,0,520,42000646,562,9905ac985fa329f367ffc7a046decc1a35fe0797a74f350e787d0b8f7abb0ab6,0.15738426157400001,0.78692130787000003,False,False,,0.00092859181499999998,240,0.00092859181499999998,240,0.00092859181499999998,240,0.091686035383999998,240,0.091686035383999998,240,True,True,True,True,True,True,True
equity,ridge,0,0,521,42000647,563,22c9e336846d96677da14cc151d9532397bbe65b3801f6189f0b94ff3a91d616,0.140685931407,0.70342965703500004,False,False,,0.012495461092000001,240,0.012495461092000001,240,0.012495461092000001,240,0.096046427209000002,240,0.096046427209000002,240,True,True,True,True,True,True,True
equity,ridge,0,0,522,42000648,564,c99a65bb97531c447fe520ec8fc9e0f30ec1a2e3416ecd6ff7c7e63fa81556fc,0.14978502149799999,0.74892510748999996,False,False,,-0.0083296100079999994,240,-0.0083296100079999994,240,-0.0083296100079999994,240,0.094249065886999994,240,0.094249065886999994,240,True,True,True,True,True,True,True
equity,ridge,0,0,523,42000649,565,5fd46676927db6d241ef60871c318a1a7b1f7a0a833afbcaba99c8450610ffdf,0.20227977202299999,1,False,False,,0.020769503352,240,0.020769503352,240,0.020769503352,240,0.084098998118999999,240,0.084098998118999999,240,True,True,True,True,True,True,True
equity,ridge,0,0,524,42000650,566,2b71b1328d17ffe279d5961e49636fba4b8b7593bb430117718f8b5d69ee1aa5,0.19718028197199999,0.98590140985999997,False,False,,0.028216391128,240,0.028216391128,240,0.028216391128,240,0.083786255123999995,240,0.083786255123999995,240,True,True,True,True,True,True,True
equity,ridge,0,0,525,42000651,567,41d1f831dee9a6d3a1370de4c7fe0db1d3787ff092a346983d9162ecc857d10f,0.193380661934,0.96690330967000004,False,False,,0.046296309668000003,240,0.046296309668000003,240,0.046296309668000003,240,0.084684829912999998,240,0.084684829912999998,240,True,True,True,True,True,True,True
equity,ridge,0,0,526,42000652,568,39c2219c567f5096e04adc2ce25b959e5773baa5c911b71676fee3cfd63d2b20,0.18128187181300001,0.90640935906499998,False,False,,-0.003750626326,240,-0.003750626326,240,-0.003750626326,240,0.086825697120999995,240,0.086825697120999995,240,True,True,True,True,True,True,True
equity,ridge,0,0,527,42000653,569,314de18bb046b4a6fca0c553239fe4fcb4f2a1fa766135eb9d5a7edc61750c11,0.37156284371600001,1,False,False,,0.11819201201100001,240,0.11819201201100001,240,0.11819201201100001,240,0.057789948011999999,240,0.057789948011999999,240,True,True,True,True,True,True,True
equity,ridge,0,0,528,42000654,570,6ce283c32a8fd6a391307f54bc7f488e18159dadd346d43657cc6f32fbff4a82,0.15548445155499999,0.77742225777499996,False,False,,-0.099016038624999997,240,-0.099016038624999997,240,-0.099016038624999997,240,0.091584390522,240,0.091584390522,240,True,True,True,True,True,True,True
equity,ridge,0,0,529,42000655,571,b6713efbdb36daa10345e3930ea310950579e9ee397541d2aa55002b94bccf8c,0.17698230176999999,0.88491150885000003,False,False,,0.0242313431,240,0.0242313431,240,0.0242313431,240,0.088373169389,240,0.088373169389,240,True,True,True,True,True,True,True
equity,ridge,0,0,530,42000656,572,a346a19855a4895887dbf8af23bed204198fcdcc9095de4ff33e53e9494bf371,0.16238376162400001,0.81191880811999995,False,False,,-0.044757124979000001,240,-0.044757124979000001,240,-0.044757124979000001,240,0.091568745679000002,240,0.091568745679000002,240,True,True,True,True,True,True,True
equity,ridge,0,0,531,42000657,573,e44fe919421bd5301f8c9c48e76afe667acc69cc0486a38eb47d8fe3724e24d8,0.103489651035,0.51744825517500004,False,False,,-0.097141632882000006,240,-0.097141632882000006,240,-0.097141632882000006,240,0.105313276722,240,0.105313276722,240,True,True,True,True,True,True,True
equity,ridge,0,0,532,42000658,574,b867796c21d86a9c52e1582f7465f47a84524179410add21cee886d407f7fa3f,0.10698930107,0.53494650534999999,False,False,,-0.0051032642330000001,240,-0.0051032642330000001,240,-0.0051032642330000001,240,0.105180677741,240,0.105180677741,240,True,True,True,True,True,True,True
equity,ridge,0,0,533,42000659,575,9722ac115f2b3c616428329c9b42e465f22e8405848fc0b08dd8fbf7f98e8a44,0.167083291671,0.835416458355,False,False,,-0.032433101047,240,-0.032433101047,240,-0.032433101047,240,0.089825989186000002,240,0.089825989186000002,240,True,True,True,True,True,True,True
equity,ridge,0,0,534,42000660,576,f683ed0cd5d9145dc8ea70a271b89457ded50ba0d58eaba07e949104c5ae3675,0.22517748225199999,1,False,False,,0.0054611450500000004,240,0.0054611450500000004,240,0.0054611450500000004,240,0.077152578264000002,240,0.077152578264000002,240,True,True,True,True,True,True,True
equity,ridge,0,0,535,42000661,577,2fcabaeb9e728f37abdb5a5ad308fa6ad6a520d63388b18b72f7df1a38eddd06,0.15928407159300001,0.79642035796499999,False,False,,0.0078909585590000008,240,0.0078909585590000008,240,0.0078909585590000008,240,0.092318705175999993,240,0.092318705175999993,240,True,True,True,True,True,True,True
equity,ridge,0,0,536,42000662,578,14a9800c667e2692090e07bcb401c4eb7588226b8b7cc11f3610012d01733348,0.267273272673,1,False,False,,0.017370538976000001,240,0.017370538976000001,240,0.017370538976000001,240,0.071815227713000002,240,0.071815227713000002,240,True,True,True,True,True,True,True
equity,ridge,0,0,537,42000663,579,7f7cfbaf52e178cfdbe92419af6bd4655202ac261a2ba878ebcd503f38beaac9,0.163783621638,0.81891810818999999,False,False,,0.028404913388999999,240,0.028404913388999999,240,0.028404913388999999,240,0.090350303440000002,240,0.090350303440000002,240,True,True,True,True,True,True,True
equity,ridge,0,0,538,42000664,580,296d5f2b0fe77980c59e7c8b50e49299ebf19d1efd3b002a11de28aa403ef007,0.171282871713,0.85641435856500003,False,False,,0.022853974887,240,0.022853974887,240,0.022853974887,240,0.089568565377999995,240,0.089568565377999995,240,True,True,True,True,True,True,True
equity,ridge,0,0,539,42000665,581,22d0e28328d58e08e79e16a3ec33acc0607cc8c1bc9c65d32f149f61eb6576b1,0.23227677232300001,1,False,False,,-0.063213196373999997,240,-0.063213196373999997,240,-0.063213196373999997,240,0.078848069792,240,0.078848069792,240,True,True,True,True,True,True,True
equity,ridge,0,0,540,42000666,582,3656bd2e3c9406d700a7aa25e40049abb5cc6fa4bd4cd5b623503ca65e9edcaf,0.18078192180800001,0.90390960903999995,False,False,,0.027997039301999999,240,0.027997039301999999,240,0.027997039301999999,240,0.087419703111999994,240,0.087419703111999994,240,True,True,True,True,True,True,True
equity,ridge,0,0,541,42000667,583,711765dac09b91a8c30667cf2204f6efe5474a8c5eafd6be2a310149cad20eff,0.118288171183,0.59144085591499995,False,False,,-0.084435927226000004,240,-0.084435927226000004,240,-0.084435927226000004,240,0.10041409570199999,240,0.10041409570199999,240,True,True,True,True,True,True,True
equity,ridge,0,0,542,42000668,584,2bad52fa2f61be7c658a25aaf3f999070fc15da1f371188b82d52312f734bf74,0.25677432256799998,1,False,False,,0.0065535396270000002,240,0.0065535396270000002,240,0.0065535396270000002,240,0.073518810278999994,240,0.073518810278999994,240,True,True,True,True,True,True,True
equity,ridge,0,0,543,42000669,585,f00944f4c4d72fb5a22df8a235bbc6b1d6f18d9d1cf4e98c038634e6b6279f41,0.164183581642,0.82091790820999999,False,False,,0.048610398468999998,240,0.048610398468999998,240,0.048610398468999998,240,0.090529714959999993,240,0.090529714959999993,240,True,True,True,True,True,True,True
equity,ridge,0,0,544,42000670,586,ecc43f6c9acfa5b8bd468acd6a9b286001a0bdcb74a3d92ca7165814c4ada35a,0.143185681432,0.71592840715999995,False,False,,-0.086857590898000006,240,-0.086857590898000006,240,-0.086857590898000006,240,0.095928828314,240,0.095928828314,240,True,True,True,True,True,True,True
equity,ridge,0,0,545,42000671,587,9aa6086d4c4aa87f53cec009f1756a0e68b79204906d84a6c1f54c35f68853b6,0.139286071393,0.696430356965,False,False,,-0.024050737866999999,240,-0.024050737866999999,240,-0.024050737866999999,240,0.096147689430000002,240,0.096147689430000002,240,True,True,True,True,True,True,True
equity,ridge,0,0,546,42000672,588,f8010ce461bea6b44b0c0d6bafe9e44fcdd8985457fd8c24e14d4cb06d173c41,0.171782821718,0.85891410858999995,False,False,,0.0054460744429999999,240,0.0054460744429999999,240,0.0054460744429999999,240,0.089474637524000006,240,0.089474637524000006,240,True,True,True,True,True,True,True
equity,ridge,0,0,547,42000673,589,06bf09d6f798a2ee8b655bde4fa1d989d00c944068cfc571043c5dabbb1b3615,0.19788021197899999,0.98940105989500005,False,False,,-0.042999067816999997,240,-0.042999067816999997,240,-0.042999067816999997,240,0.083528508756,240,0.083528508756,240,True,True,True,True,True,True,True
equity,ridge,0,0,548,42000674,590,27ff957f23886ca7f591f86686bc2fd32b76fa83d6195bff1424b29b5256cd21,0.17258274172599999,0.86291370863000005,False,False,,-0.029912061795,240,-0.029912061795,240,-0.029912061795,240,0.089146509053999998,240,0.089146509053999998,240,True,True,True,True,True,True,True
equity,ridge,0,0,549,42000675,591,0c4441dbd4cb19c81c3e75ea66a928e78df88964d98d8d9174257cff37429810,0.18518148185200001,0.92590740926000004,False,False,,0.061236090898000001,240,0.061236090898000001,240,0.061236090898000001,240,0.087505676205999999,240,0.087505676205999999,240,True,True,True,True,True,True,True
equity,ridge,0,0,550,42000676,592,a53b1d5c34ff7ef764a9ed4dd8e5ae93c94830855d04a3d8cae7112899dc7a32,0.147185281472,0.73592640736000003,False,False,,-0.075801705558999996,240,-0.075801705558999996,240,-0.075801705558999996,240,0.095194316020000003,240,0.095194316020000003,240,True,True,True,True,True,True,True
equity,ridge,0,0,551,42000677,593,f09efa23c2fff9e1f7600b7f59a55f109575ac4dafaffea70351c25a9c47c69e,0.217178282172,1,False,False,,-0.014244146495,240,-0.014244146495,240,-0.014244146495,240,0.080528066674999996,240,0.080528066674999996,240,True,True,True,True,True,True,True
equity,ridge,0,0,552,42000678,594,7dc9391856f627075d5f9b1d5b8ae982457662a99b7117effb522594a21cb0a1,0.12718728127199999,0.63593640636000004,False,False,,-0.040216560933000002,240,-0.040216560933000002,240,-0.040216560933000002,240,0.098554363273000004,240,0.098554363273000004,240,True,True,True,True,True,True,True
equity,ridge,0,0,553,42000679,595,dbaa706bd139af42b6e39e4fb624049ca9fee4d9a4cd4aa0bea15bc1402825de,0.22947705229500001,1,False,False,,-0.080739548548000001,240,-0.080739548548000001,240,-0.080739548548000001,240,0.077300847549000004,240,0.077300847549000004,240,True,True,True,True,True,True,True
equity,ridge,0,0,554,42000680,596,4f42c28d7b31a143c6bc3419223ee6476b4a5d2f912916df9121649ff24e0245,0.056794320567999997,0.28397160284,False,False,,-0.073957398169000002,240,-0.073957398169000002,240,-0.073957398169000002,240,0.12222243085200001,240,0.12222243085200001,240,True,True,True,True,True,True,True
equity,ridge,0,0,555,42000681,597,10680c1cf32d3edfc6342c9ef67cc3a889c1a8880cb43f8423605709900b10f5,0.118588141186,0.59294070593000003,False,False,,0.037505034015000001,240,0.037505034015000001,240,0.037505034015000001,240,0.099437235521000006,240,0.099437235521000006,240,True,True,True,True,True,True,True
equity,ridge,0,0,556,42000682,598,b4193c72c7a1e6961a0cd4a4d5baf0b68e5c2d6432c1d02e1ee658b1607d14dd,0.15408459154099999,0.77042295770500002,False,False,,0.016761561288,240,0.016761561288,240,0.016761561288,240,0.093186333905000002,240,0.093186333905000002,240,True,True,True,True,True,True,True
equity,ridge,0,0,557,42000683,599,7dd677487e2b3081b503da24cbc046f2899d7b6dfe7786495a9908bed855aeee,0.142485751425,0.71242875712499998,False,False,,0.097852499597000001,240,0.097852499597000001,240,0.097852499597000001,240,0.096421194939000004,240,0.096421194939000004,240,True,True,True,True,True,True,True
equity,ridge,0,0,558,42000684,600,b5a4bdf9439e05969d755373a3a4fe250ca3ee92fa280c0c8521cc2aac7dcbc0,0.17268273172699999,0.86341365863499997,False,False,,-0.118784622437,240,-0.118784622437,240,-0.118784622437,240,0.089224790417000002,240,0.089224790417000002,240,True,True,True,True,True,True,True
equity,ridge,0,0,559,42000685,601,5ff318dd04fd5a66c7bddb80b346c6dbb93d3516baaa46d93711c2711fa2570c,0.145085491451,0.72542745725500002,False,False,,0.0044150600289999996,240,0.0044150600289999996,240,0.0044150600289999996,240,0.095131865965999998,240,0.095131865965999998,240,True,True,True,True,True,True,True
equity,ridge,0,0,560,42000686,602,ed778a9083b2211932700273643fb012c3b97cf88d82b77d1d8cac0136726e42,0.140385961404,0.70192980701999996,False,False,,-0.057657465892,240,-0.057657465892,240,-0.057657465892,240,0.096389918990999995,240,0.096389918990999995,240,True,True,True,True,True,True,True
equity,ridge,0,0,561,42000687,603,155a51a1d0fd5516e4e3def0b1150950f24bc4d0c2cac21e3ebe8cb627be99f7,0.111088891111,0.55544445555499999,False,False,,-0.050898742205999999,240,-0.050898742205999999,240,-0.050898742205999999,240,0.103711342498,240,0.103711342498,240,True,True,True,True,True,True,True
equity,ridge,0,0,562,42000688,604,4cab817541b6ab96cf3b891134f1557d7b3563b74ff93ea67c6a53355d00a154,0.166383361664,0.83191680832000003,False,False,,-0.031794227406999997,240,-0.031794227406999997,240,-0.031794227406999997,240,0.089560877127999997,240,0.089560877127999997,240,True,True,True,True,True,True,True
equity,ridge,0,0,563,42000689,605,46b6860d7defbb029d8c59e6d6107ee0735db6576d6a46337e305fedb041bfaf,0.16098390161000001,0.80491950805000001,False,False,,-0.050165033840999997,240,-0.050165033840999997,240,-0.050165033840999997,240,0.090177982488999997,240,0.090177982488999997,240,True,True,True,True,True,True,True
equity,ridge,0,0,564,42000690,606,542d139af9d43a4dcb656e67a95a0ecea5a59570c6e6b0078a30a0788891a524,0.15128487151299999,0.75642435756500004,False,False,,-0.0063523700860000001,240,-0.0063523700860000001,240,-0.0063523700860000001,240,0.093436335423999997,240,0.093436335423999997,240,True,True,True,True,True,True,True
equity,ridge,0,0,565,42000691,607,91db82bf51fd87612736446962ff83f2f2d5c85447d6f2e20944e9a572bbdbf1,0.19198080192,0.9599040096,False,False,,-0.084022553210000003,240,-0.084022553210000003,240,-0.084022553210000003,240,0.084239406791999996,240,0.084239406791999996,240,True,True,True,True,True,True,True
equity,ridge,0,0,566,42000692,608,590da73f2376ee09b1c1a1f796af68307f36a316e2c97301acdccb16f9f9451d,0.067493250675000005,0.33746625337500002,False,False,,0.124363781809,240,0.124363781809,240,0.124363781809,240,0.11726031786,240,0.11726031786,240,True,True,True,True,True,True,True
equity,ridge,0,0,567,42000693,609,78e0c5d622afccd7f7a3e19231c03f6824ad1eb784008296cc3cc27d63aa0075,0.12848715128499999,0.64243575642499995,False,False,,0.074870294404000004,240,0.074870294404000004,240,0.074870294404000004,240,0.099359258401000003,240,0.099359258401000003,240,True,True,True,True,True,True,True
equity,ridge,0,0,568,42000694,610,b834d14c7a0d2fe6060eafeff2d403d867c0c32cd6ec9b9449657a325f2be581,0.22737726227400001,1,False,False,,-0.007383156454,240,-0.007383156454,240,-0.007383156454,240,0.077129126660999997,240,0.077129126660999997,240,True,True,True,True,True,True,True
equity,ridge,0,0,569,42000695,611,34713c1519200511054217f51eb11b3bca44720766532c33ff7f4227e12ead8d,0.32996700330000001,1,False,False,,-0.018807740855000001,240,-0.018807740855000001,240,-0.018807740855000001,240,0.063470775692000006,240,0.063470775692000006,240,True,True,True,True,True,True,True
equity,ridge,0,0,570,42000696,612,2c20d3c82f7ff9865c4cc4915a4e3686b875bed2bd934315531dd7fc718f37ec,0.13458654134600001,0.67293270673000005,False,False,,0.084785970143999995,240,0.084785970143999995,240,0.084785970143999995,240,0.097257121850999995,240,0.097257121850999995,240,True,True,True,True,True,True,True
equity,ridge,0,0,571,42000697,613,efb6af74ed34ee39d448d4991d59e1fc2b52007b44e1cf00ccf392dfdbc1d62d,0.169283071693,0.84641535846500005,False,False,,-0.049578985357999997,240,-0.049578985357999997,240,-0.049578985357999997,240,0.088685698258999995,240,0.088685698258999995,240,True,True,True,True,True,True,True
equity,ridge,0,0,572,42000698,614,2a081bbeb45566dc2ad3a0f9d09e4cf87157ff9e2837d82857a3e796e1a3aa3c,0.164583541646,0.82291770822999999,False,False,,-0.031763174009999999,240,-0.031763174009999999,240,-0.031763174009999999,240,0.091451632182999995,240,0.091451632182999995,240,True,True,True,True,True,True,True
equity,ridge,0,0,573,42000699,615,98e7404dcf8f2f9e5a77337bf63fd4890dba5576e04a421bda5a848725c26b28,0.16198380162000001,0.80991900809999995,False,False,,0.064385772876999994,240,0.064385772876999994,240,0.064385772876999994,240,0.092107970999999997,240,0.092107970999999997,240,True,True,True,True,True,True,True
equity,ridge,0,0,574,42000700,616,4bd4ee425a58dfc678fa0bcdaf702c9678ee35e49d8eb602e50a87dda3be7e57,0.32346765323499999,1,False,False,,0.034052892613999998,240,0.034052892613999998,240,0.034052892613999998,240,0.064369321906999996,240,0.064369321906999996,240,True,True,True,True,True,True,True
equity,ridge,0,0,575,42000701,617,a7ba4fb6af38d3a375529d1073e5344db13dc93124fd48da4bab95ead4135221,0.243475652435,1,False,False,,-0.017510896910999999,240,-0.017510896910999999,240,-0.017510896910999999,240,0.076269744665,240,0.076269744665,240,True,True,True,True,True,True,True
equity,ridge,0,0,576,42000702,618,3d7d897e0f4e5290bdd2d05bccef0b294316128f8ee7092cdf56f8a10a092aec,0.27417258274200001,1,False,False,,-0.032683674969000001,240,-0.032683674969000001,240,-0.032683674969000001,240,0.071440948860999998,240,0.071440948860999998,240,True,True,True,True,True,True,True
equity,ridge,0,0,577,42000703,619,b393cd729a9c5d1e8610a8932942a0449d8816f2634455117f75335d57bcd68c,0.145885411459,0.72942705729500001,False,False,,-0.035225452449000001,240,-0.035225452449000001,240,-0.035225452449000001,240,0.093928512835000005,240,0.093928512835000005,240,True,True,True,True,True,True,True
equity,ridge,0,0,578,42000704,620,1651e887b1dd690b94d0d47c66ba64cd8f3fde004f7c438febd13d140c80a37c,0.097590240975999998,0.48795120487999999,False,False,,-0.12169138907,240,-0.12169138907,240,-0.12169138907,240,0.108384073796,240,0.108384073796,240,True,True,True,True,True,True,True
equity,ridge,0,0,579,42000705,621,456f1a14b93049481b51206ce5298c9e66d9f489038d250fa936fea4c1e1b9bb,0.1699830017,0.84991500850000001,False,False,,0.089085264068999997,240,0.089085264068999997,240,0.089085264068999997,240,0.088185381819,240,0.088185381819,240,True,True,True,True,True,True,True
equity,ridge,0,0,580,42000706,622,9a7078ed3e13dc4b97a392e128e8e290d740524501b96699d3e427ef8acdb395,0.13208679132100001,0.66043395660500004,False,False,,0.015830578016000001,240,0.015830578016000001,240,0.015830578016000001,240,0.098272967845000003,240,0.098272967845000003,240,True,True,True,True,True,True,True
equity,ridge,0,0,581,42000707,623,21cd9bd9bf3414abf74cead5af7f80d6ff9102c3012272d56b20ce7779d34b5e,0.25377462253799998,1,False,False,,-0.057714111407000002,240,-0.057714111407000002,240,-0.057714111407000002,240,0.073995592506999996,240,0.073995592506999996,240,True,True,True,True,True,True,True
equity,ridge,0,0,582,42000708,624,0c450c1108dcac3b53760eb7b6813e92b6566aa117043101e2238863a4498a45,0.11248875112499999,0.56244375562500004,False,False,,0.089163750032,240,0.089163750032,240,0.089163750032,240,0.10309423072600001,240,0.10309423072600001,240,True,True,True,True,True,True,True
equity,ridge,0,0,583,42000709,625,45fa81c16dc0dd0f8c8d2b64b37fa10f3884713fb497ed1f1e6595fad4b4f489,0.15318468153199999,0.76592340766,False,False,,0.071488892467999998,240,0.071488892467999998,240,0.071488892467999998,240,0.091943847509999996,240,0.091943847509999996,240,True,True,True,True,True,True,True
equity,ridge,0,0,584,42000710,626,987654cdc8c67df7026a99c5f1dd6d0f066091bb24983ea5de40d12ab69be944,0.192780721928,0.96390360963999999,False,False,,0.026323607291999999,240,0.026323607291999999,240,0.026323607291999999,240,0.083098722967999999,240,0.083098722967999999,240,True,True,True,True,True,True,True
equity,ridge,0,0,585,42000711,627,d83875d36315a5a4b03c67492d8f9cb4ac00d9c8bdb4fb39b73f2a7f8e86d675,0.1099890011,0.54994500550000003,False,False,,0.035896837329000002,240,0.035896837329000002,240,0.035896837329000002,240,0.104516257775,240,0.104516257775,240,True,True,True,True,True,True,True
equity,ridge,0,0,586,42000712,628,3c5e22b15b00b71a8f8c88b4e5b07dd37da7616ef3512be2df3a1ec7e639b4f8,0.267073292671,1,False,False,,-0.049070141019999999,240,-0.049070141019999999,240,-0.049070141019999999,240,0.071815839864000003,240,0.071815839864000003,240,True,True,True,True,True,True,True
equity,ridge,0,0,587,42000713,629,f7545346350369ada6edd2e63cbdee9b96a7fbd56a5839c34870e6f4cd64e628,0.13498650135000001,0.67493250675000005,False,False,,-0.015495851518,240,-0.015495851518,240,-0.015495851518,240,0.097523167339000003,240,0.097523167339000003,240,True,True,True,True,True,True,True
equity,ridge,0,0,588,42000714,630,d171a47f88e54aed20ed8725a527bb964e42c9f64afbad4982f4dee14eb3a9e9,0.120487951205,0.60243975602499999,False,False,,-0.091436886150999999,240,-0.091436886150999999,240,-0.091436886150999999,240,0.10121110787199999,240,0.10121110787199999,240,True,True,True,True,True,True,True
equity,ridge,0,0,589,42000715,631,1c442c40fc51ced071c73ad723532c46be012302467c2f79ae9c6a3e2306236f,0.17948205179500001,0.89741025897500004,False,False,,-0.035356944172999998,240,-0.035356944172999998,240,-0.035356944172999998,240,0.087099245857000004,240,0.087099245857000004,240,True,True,True,True,True,True,True
equity,ridge,0,0,590,42000716,632,715224b9cc6a7f0d05285b47596e5a9eb8f30bbc3970117fa0a03584da170149,0.1699830017,0.84991500850000001,False,False,,-0.0077892034290000002,240,-0.0077892034290000002,240,-0.0077892034290000002,240,0.088076198172999998,240,0.088076198172999998,240,True,True,True,True,True,True,True
equity,ridge,0,0,591,42000717,633,46ad9a661faddb405e6a5b5b15559f333fae8e39ecfb6e7cac7379449e8bd521,0.22517748225199999,1,False,False,,-0.154142087909,240,-0.154142087909,240,-0.154142087909,240,0.079137146325999996,240,0.079137146325999996,240,True,True,True,True,True,True,True
equity,ridge,0,0,592,42000718,634,497f0dc9706374fef94f6ea6bbe61a5c051a0955675bbaa5d5d231749340675b,0.143385661434,0.71692830717,False,False,,-0.037467075231999998,240,-0.037467075231999998,240,-0.037467075231999998,240,0.094772480231000003,240,0.094772480231000003,240,True,True,True,True,True,True,True
equity,ridge,0,0,593,42000719,635,9402aba279fa669f2031a79967bfd274a3c4081ea2bea036e24cd4ced677a95a,0.20587941205900001,1,False,False,,0.042725376757999999,240,0.042725376757999999,240,0.042725376757999999,240,0.082020378197000005,240,0.082020378197000005,240,True,True,True,True,True,True,True
equity,ridge,0,0,594,42000720,636,8d02a1e8c2767de18518b7a23346d2d9ce4e487dd15bf0f1d3af0df41bd622ff,0.17448255174499999,0.87241275872500001,False,False,,-0.014814806022999999,240,-0.014814806022999999,240,-0.014814806022999999,240,0.088013498460000006,240,0.088013498460000006,240,True,True,True,True,True,True,True
equity,ridge,0,0,595,42000721,637,c6865ce582b5ed25b696e144ed306a84c12e153de3622170f7aae4d17f67697b,0.15758424157600001,0.78792120787999997,False,False,,0.024801920934,240,0.024801920934,240,0.024801920934,240,0.092139165620999997,240,0.092139165620999997,240,True,True,True,True,True,True,True
equity,ridge,0,0,596,42000722,638,dd8545d63444fa60c1255cd4d3b63f3ef3aa38e449c4e51d5c68d37c66734c75,0.240275972403,1,False,False,,-0.043483904083999998,240,-0.043483904083999998,240,-0.043483904083999998,240,0.077339963960999999,240,0.077339963960999999,240,True,True,True,True,True,True,True
equity,ridge,0,0,597,42000723,639,6b15eff8d538809be6148ad78c13de31115837d98fc01fc458bf1d7c6c8329b4,0.20027997200299999,1,False,False,,0.037812022110000003,240,0.037812022110000003,240,0.037812022110000003,240,0.083950649522000001,240,0.083950649522000001,240,True,True,True,True,True,True,True
equity,ridge,0,0,598,42000724,640,aacb7bea3257ac0c197ea62ad98a17374d1a5dea004aa0105fdfe2fce142ee0e,0.15218478152199999,0.76092390760999995,False,False,,0.059765922419,240,0.059765922419,240,0.059765922419,240,0.094077061086999994,240,0.094077061086999994,240,True,True,True,True,True,True,True
equity,ridge,0,0,599,42000725,641,ea03e00065a45a1bb6da26ce2d6fc63bb66dfaaa6a73fe4fe11e3a944856ec73,0.240475952405,1,False,False,,0.026846975477000001,240,0.026846975477000001,240,0.026846975477000001,240,0.075081707405000003,240,0.075081707405000003,240,True,True,True,True,True,True,True
equity,ridge,0.10000000000000001,1,200,42010333,242,70d761a2d22ad65fed7e489228c429dc8a4f00410ba308cc90a2c621cac8a187,0.642935706429,1,False,False,,0.16797353316899999,240,0.16797353316899999,240,0.16797353316899999,240,0.030487968476999999,240,0.030487968476999999,240,True,True,True,True,True,True,True
equity,ridge,0.10000000000000001,1,201,42010334,243,d5e5dda987d9ce65eef34188815353453a4d07d182750f25d828907fc162af21,0.032496750324999997,0.16248375162500001,False,True,,0.18222506110600001,240,0.18222506110600001,240,0.18222506110600001,240,0.139881330537,240,0.139881330537,240,True,True,True,True,True,True,True
equity,ridge,0.10000000000000001,1,202,42010335,244,1724db13bb647c2d15c2d684200b954b060d9d62fb3e3d2d4fb1ccc41d2aae4a,0.14828517148299999,0.741425857415,False,False,,0.12629345710100001,240,0.12629345710100001,240,0.12629345710100001,240,0.094405368330000003,240,0.094405368330000003,240,True,True,True,True,True,True,True
equity,ridge,0.10000000000000001,1,203,42010336,245,a3e669263a4494f1c1748e2966d5fe590b2f6420229dc5760460b3e1a6a07a08,0.099190080991999996,0.49595040495999998,False,False,,0.15758086822,240,0.15758086822,240,0.15758086822,240,0.107696414154,240,0.107696414154,240,True,True,True,True,True,True,True
equity,ridge,0.10000000000000001,1,204,42010337,246,22602f1547182200c703c137928c10e73082fa7947c8d9df92a85172aba762b8,0.10108989101099999,0.50544945505500005,False,False,,0.116144176228,240,0.116144176228,240,0.116144176228,240,0.10608709848800001,240,0.10608709848800001,240,True,True,True,True,True,True,True
equity,ridge,0.10000000000000001,1,205,42010338,247,f0f42ee2249bf8eafe45f2352155231d03263115d676da547684fea6f7e96509,0.168283171683,0.841415858415,False,False,,0.090687071357999999,240,0.090687071357999999,240,0.090687071357999999,240,0.088466773767000004,240,0.088466773767000004,240,True,True,True,True,True,True,True
equity,ridge,0.10000000000000001,1,206,42010339,248,b354eff3a4fe272c3a6fc4e891f46f994085f1fd3108c16e0feb5f5680b1c938,0.13738626137400001,0.68693130687000004,False,False,,0.079411152619000003,240,0.079411152619000003,240,0.079411152619000003,240,0.09700728317,240,0.09700728317,240,True,True,True,True,True,True,True
equity,ridge,0.10000000000000001,1,207,42010340,249,b1ab4629b11d49bd087757f3eaeb3677806c473412f500d469ced9d0b3b6f58a,0.29187081291900002,1,False,False,,0.101101909756,240,0.101101909756,240,0.101101909756,240,0.069096799255999999,240,0.069096799255999999,240,True,True,True,True,True,True,True
equity,ridge,0.10000000000000001,1,208,42010341,250,bcda98a56e56556a85069cc46d126cb7e2bd84e82f39de9d7ecf120648c79cd8,0.213078692131,1,False,False,,0.220051442761,240,0.220051442761,240,0.220051442761,240,0.081567265543999998,240,0.081567265543999998,240,True,True,True,True,True,True,True
equity,ridge,0.10000000000000001,1,209,42010342,251,f2337fedd4e9da18dd205b0898e8ef0e7f2a6f61e038a846cf478f4fa19642c0,0.13808619138100001,0.690430956905,False,False,,0.184132344428,240,0.184132344428,240,0.184132344428,240,0.095459877940999999,240,0.095459877940999999,240,True,True,True,True,True,True,True
equity,ridge,0.10000000000000001,1,210,42010343,252,6cc5299bc142d5187d479b1e5bd40c61e354d7b9d20b6e8d531d84973cbe316e,0.36976302369800002,1,False,False,,0.0010222429009999999,240,0.0010222429009999999,240,0.0010222429009999999,240,0.058453398279999999,240,0.058453398279999999,240,True,True,True,True,True,True,True
equity,ridge,0.10000000000000001,1,211,42010344,253,4fcb2a800f195df7536fb0d8a42fce8ed7e1d7c77909e1f936267c402b9d6c9a,0.0079992000799999994,0.039996000400000002,True,True,,0.213823718361,240,0.213823718361,240,0.213823718361,240,0.175785367054,240,0.175785367054,240,True,True,True,True,True,True,True
equity,ridge,0.10000000000000001,1,212,42010345,254,a6c4775387acb10a2bdb1ba9b3ef36277967cdb32a929c15c81088acba1f4a40,0.265873412659,1,False,False,,0.15804897290100001,240,0.15804897290100001,240,0.15804897290100001,240,0.073221854633000003,240,0.073221854633000003,240,True,True,True,True,True,True,True
equity,ridge,0.10000000000000001,1,213,42010346,255,3b3ac65d192b4f5eaad63dad4ffab62e494009399515eec39a00d3c886a3f549,0.119088091191,0.59544045595499995,False,False,,0.10647841958,240,0.10647841958,240,0.10647841958,240,0.10155479234799999,240,0.10155479234799999,240,True,True,True,True,True,True,True
equity,ridge,0.10000000000000001,1,214,42010347,256,71e71531c4a718e5b783f0d106c569f2062bae468ce489be63e00a9ae4e5f4df,0.068493150685000004,0.34246575342500002,False,False,,0.18569523037999999,240,0.18569523037999999,240,0.18569523037999999,240,0.118682809426,240,0.118682809426,240,True,True,True,True,True,True,True
equity,ridge,0.10000000000000001,1,215,42010348,257,230ea4eb9799b93d57a3cca16f5ae5879768068c1b292cd45114aeca72300f0e,0.15658434156600001,0.78292170783000004,False,False,,0.087193607822999994,240,0.087193607822999994,240,0.087193607822999994,240,0.091021931569,240,0.091021931569,240,True,True,True,True,True,True,True
equity,ridge,0.10000000000000001,1,216,42010349,258,39d42c86a12ad5beea9279f7d9ea5797bad4ec22b25cce08559cfeeadebdcf3f,0.123387661234,0.61693830617000001,False,False,,0.13288222180299999,240,0.13288222180299999,240,0.13288222180299999,240,0.100812630453,240,0.100812630453,240,True,True,True,True,True,True,True
equity,ridge,0.10000000000000001,1,217,42010350,259,3ffaf4da3890a4816088d0430fe44417d3a7b73db23d7117988572f3b224e049,0.083291670833000001,0.41645835416499999,False,False,,0.107072244967,240,0.107072244967,240,0.107072244967,240,0.11377548553,240,0.11377548553,240,True,True,True,True,True,True,True
equity,ridge,0.10000000000000001,1,218,42010351,260,40f48067dc2bb2bf9d0d75fb9a03c10abd0bcdd76eef6c2c365928500cbc124f,0.16108389161100001,0.80541945805500004,False,False,,-0.018620565802999998,240,-0.018620565802999998,240,-0.018620565802999998,240,0.091209330637,240,0.091209330637,240,True,True,True,True,True,True,True
equity,ridge,0.10000000000000001,1,219,42010352,261,0228d368f135264310423cba1df33d57e1410d67073ec28965128b0162449fb9,0.144485551445,0.72242775722499997,False,False,,0.043421173781000001,240,0.043421173781000001,240,0.043421173781000001,240,0.094967830030999997,240,0.094967830030999997,240,True,True,True,True,True,True,True
equity,ridge,0.10000000000000001,1,220,42010353,262,ae2f3c5408e2140399dbf9a5e31a6897d45bbe0d643877ac5c77122319a5010d,0.163883611639,0.81941805819500002,False,False,,0.111916127864,240,0.111916127864,240,0.111916127864,240,0.090350060556999998,240,0.090350060556999998,240,True,True,True,True,True,True,True
equity,ridge,0.10000000000000001,1,221,42010354,263,46c2b093aa084894bb826fd17b4be2ecaf308df99ffb3f8ca52d8c232186381f,0.13438656134400001,0.67193280672,False,False,,0.086342022330000004,240,0.086342022330000004,240,0.086342022330000004,240,0.098140252183999993,240,0.098140252183999993,240,True,True,True,True,True,True,True
equity,ridge,0.10000000000000001,1,222,42010355,264,452c484baa86c4e509e2938fa0d75053096af1be1d0b727be8f116b60f48fc22,0.15618438156200001,0.78092190781000004,False,False,,0.117544374918,240,0.117544374918,240,0.117544374918,240,0.091529892848000005,240,0.091529892848000005,240,True,True,True,True,True,True,True
equity,ridge,0.10000000000000001,1,223,42010356,265,135aea54cc31a9c97300be8a55ddb3b877eebd0f3490babd9d07a854c8a1a120,0.13248675132500001,0.66243375662500004,False,False,,0.130021602071,240,0.130021602071,240,0.130021602071,240,0.097851033143999996,240,0.097851033143999996,240,True,True,True,True,True,True,True
equity,ridge,0.10000000000000001,1,224,42010357,266,c31b9ba6bedb96187002f4437bc8698e3a89d5d76b11bb3df842aa9ca240006f,0.142085791421,0.71042895710499998,False,False,,0.094562863386999998,240,0.094562863386999998,240,0.094562863386999998,240,0.093936391763999996,240,0.093936391763999996,240,True,True,True,True,True,True,True
equity,ridge,0.10000000000000001,1,225,42010358,267,72787c2cdb66dda4b8a43f0053efb75318e4e437e22df9bd9f672f4bd8d528e3,0.087891210878999995,0.43945605439500002,False,False,,0.067260760395999999,240,0.067260760395999999,240,0.067260760395999999,240,0.110658012379,240,0.110658012379,240,True,True,True,True,True,True,True
equity,ridge,0.10000000000000001,1,226,42010359,268,ba28015999caeb028ce2f0ae1454f8159526f4966314c1f437247a8a483a28f2,0.025197480251999999,0.12598740125999999,False,True,,0.191023907597,240,0.191023907597,240,0.191023907597,240,0.14617964237200001,240,0.14617964237200001,240,True,True,True,True,True,True,True
equity,ridge,0.10000000000000001,1,227,42010360,269,f522f4b2aeb5087b8d42b76193f840abce04309896a2b6d3245d36f509dcff65,0.063693630636999995,0.31846815318499999,False,False,,0.191312229109,240,0.191312229109,240,0.191312229109,240,0.11997158925699999,240,0.11997158925699999,240,True,True,True,True,True,True,True
equity,ridge,0.10000000000000001,1,228,42010361,270,1af9a9f98f9edb24277afa05458b0985ccabba3a85f4e6c7967aa07e2de9f4e7,0.12398760123999999,0.61993800619999995,False,False,,0.096758021654000007,240,0.096758021654000007,240,0.096758021654000007,240,0.100351526405,240,0.100351526405,240,True,True,True,True,True,True,True
equity,ridge,0.10000000000000001,1,229,42010362,271,a84fe718bec844d112a19d0d6ba32111f675e479c6b1898d8a0f2cab8dbbfd93,0.029297070293000001,0.146485351465,False,True,,0.21991930444900001,240,0.21991930444900001,240,0.21991930444900001,240,0.142764668097,240,0.142764668097,240,True,True,True,True,True,True,True
equity,ridge,0.10000000000000001,1,230,42010363,272,23fc040f0471fbe78989d047f5a867c7e66a60fef87c0767a7cd19c64a9a8ead,0.1699830017,0.84991500850000001,False,False,,0.12660791254500001,240,0.12660791254500001,240,0.12660791254500001,240,0.088615374038999994,240,0.088615374038999994,240,True,True,True,True,True,True,True
equity,ridge,0.10000000000000001,1,231,42010364,273,71466de963d32588a9af4115eb248c1046248e2cca81e186b8ec4b02854035e8,0.30346965303500001,1,False,False,,0.053202965242000001,240,0.053202965242000001,240,0.053202965242000001,240,0.067486892686,240,0.067486892686,240,True,True,True,True,True,True,True
equity,ridge,0.10000000000000001,1,232,42010365,274,b460af370ba1b6adb73c02a684adf0b26e82880003fb0d649c8a3024031a2998,0.192780721928,0.96390360963999999,False,False,,0.103289782195,240,0.103289782195,240,0.103289782195,240,0.084262985698000004,240,0.084262985698000004,240,True,True,True,True,True,True,True
equity,ridge,0.10000000000000001,1,233,42010366,275,67aa4ced84021f6e17e8e4bbd7eaafc8e3db99a5b14dd3a8d9ed5586d20a49f9,0.32996700330000001,1,False,False,,0.073543498824000006,240,0.073543498824000006,240,0.073543498824000006,240,0.064087973736000003,240,0.064087973736000003,240,True,True,True,True,True,True,True
equity,ridge,0.10000000000000001,1,234,42010367,276,b88aec078285261cfeb5eaaf63275302d090261dd227ac97bce9ffe20af1c2cf,0.090290970903000006,0.451454854515,False,False,,0.12816983374400001,240,0.12816983374400001,240,0.12816983374400001,240,0.11148620323400001,240,0.11148620323400001,240,True,True,True,True,True,True,True
equity,ridge,0.10000000000000001,1,235,42010368,277,9a292e56590ec505f398950f9f3a8cfddf0ff563560e7f777a5086fd15e55ca8,0.16178382161800001,0.80891910809000001,False,False,,0.039022637440000001,240,0.039022637440000001,240,0.039022637440000001,240,0.090373679028000004,240,0.090373679028000004,240,True,True,True,True,True,True,True
equity,ridge,0.10000000000000001,1,236,42010369,278,ccc68dc13a64fdd3622ed03ae544fe00e42541784b9abd67dbfd8f52b36259ce,0.077892210779000007,0.38946105389500002,False,False,,0.17159863899300001,240,0.17159863899300001,240,0.17159863899300001,240,0.114775649863,240,0.114775649863,240,True,True,True,True,True,True,True
equity,ridge,0.10000000000000001,1,237,42010370,279,f1e7521e3c5e6d5fb6ac3de3ae7a79ff2527c1db79857f761aff24046a28d163,0.058994100590000001,0.29497050294999999,False,False,,0.138811542787,240,0.138811542787,240,0.138811542787,240,0.121339273043,240,0.121339273043,240,True,True,True,True,True,True,True
equity,ridge,0.10000000000000001,1,238,42010371,280,16728a869c24bd3962a127fd9b15ab2fd2382c434465e965e855b853359f5570,0.23147685231500001,1,False,False,,0.029925873663999999,240,0.029925873663999999,240,0.029925873663999999,240,0.076746074099,240,0.076746074099,240,True,True,True,True,True,True,True
equity,ridge,0.10000000000000001,1,239,42010372,281,0f3fe2f4c80c7985458b2c8aa8361197d85712a7c1f456af53e7b09b51288528,0.168383161684,0.84191580842000002,False,False,,0.053493686635000003,240,0.053493686635000003,240,0.053493686635000003,240,0.088552740631999999,240,0.088552740631999999,240,True,True,True,True,True,True,True
equity,ridge,0.10000000000000001,1,240,42010373,282,1344a5a18693af7e1fd45c74c10e59f3a07070a40e38f125ac33e7ec47bb2afe,0.078292170783000006,0.39146085391500002,False,False,,0.127036464505,240,0.127036464505,240,0.127036464505,240,0.11470535513299999,240,0.11470535513299999,240,True,True,True,True,True,True,True
equity,ridge,0.10000000000000001,1,241,42010374,283,c562881a0725d50a584679096af5be7edda3a849d246f5c6dfee0bca979ed73a,0.15538446155399999,0.77692230777000004,False,False,,0.084895796896999998,240,0.084895796896999998,240,0.084895796896999998,240,0.091787477478000007,240,0.091787477478000007,240,True,True,True,True,True,True,True
equity,ridge,0.10000000000000001,1,242,42010375,284,67201911b55aff46f52062956badbe8a17db19dfc6b1e82f2085d623e6f1845b,0.29187081291900002,1,False,False,,0.134255898609,240,0.134255898609,240,0.134255898609,240,0.068721430548000006,240,0.068721430548000006,240,True,True,True,True,True,True,True
equity,ridge,0.10000000000000001,1,243,42010376,285,ff980cb3d18a700b88f2122e7f9e929da64df3ea8086f2b11d0b5dcd37ac276a,0.17288271172899999,0.86441355864500002,False,False,,0.089029850366000002,240,0.089029850366000002,240,0.089029850366000002,240,0.088451133136999996,240,0.088451133136999996,240,True,True,True,True,True,True,True
equity,ridge,0.10000000000000001,1,244,42010377,286,3bbd91b349cdfffefb1be59d34816b83f7b99aa41c5072a3a3e865c2b49c6978,0.18208179182100001,0.91040895910499997,False,False,,0.12930215434,240,0.12930215434,240,0.12930215434,240,0.086036620113000006,240,0.086036620113000006,240,True,True,True,True,True,True,True
equity,ridge,0.10000000000000001,1,245,42010378,287,91d7bcdd63ba1fd39577d9c114c2e69ebf0c4b0a6f78a24dacfc661364a22bab,0.031496850314999998,0.15748425157500001,False,True,,0.21932383676799999,240,0.21932383676799999,240,0.21932383676799999,240,0.138943487123,240,0.138943487123,240,True,True,True,True,True,True,True
equity,ridge,0.10000000000000001,1,246,42010379,288,ef9f83896e3f115cd5ce246cd94c59912dd99347342fffa0b7596b2cd79b3568,0.117288271173,0.58644135586500001,False,False,,0.12594278792800001,240,0.12594278792800001,240,0.12594278792800001,240,0.101585978727,240,0.101585978727,240,True,True,True,True,True,True,True
equity,ridge,0.10000000000000001,1,247,42010380,289,f5039dffc709198c836d47087e0a69aca30d99ac3b40274a80a8d080de069d90,0.145285471453,0.72642735726499996,False,False,,-0.011306179196999999,240,-0.011306179196999999,240,-0.011306179196999999,240,0.09506938862,240,0.09506938862,240,True,True,True,True,True,True,True
equity,ridge,0.10000000000000001,1,248,42010381,290,0cba6ce184fac6593c9bd1f76df7263734260cabaec4b13897c28348f70c2dde,0.037596240375999998,0.18798120188,False,True,,0.151400226715,240,0.151400226715,240,0.151400226715,240,0.13597474081399999,240,0.13597474081399999,240,True,True,True,True,True,True,True
equity,ridge,0.10000000000000001,1,249,42010382,291,d9723d0b77c4af0d988288853b40e1cc665236529c47c3b63d7c55a22fe46b40,0.11408859114100001,0.57044295570500003,False,False,,0.198977155022,240,0.198977155022,240,0.198977155022,240,0.101351537426,240,0.101351537426,240,True,True,True,True,True,True,True
equity,ridge,0.10000000000000001,1,250,42010383,292,e9959a62042acdc118ac17663ed730c7dfe4a7cf978b0d3799d37cdce7fa504c,0.15078492150799999,0.75392460754000001,False,False,,0.121520630918,240,0.121520630918,240,0.121520630918,240,0.093272325680999996,240,0.093272325680999996,240,True,True,True,True,True,True,True
equity,ridge,0.10000000000000001,1,251,42010384,293,7222bd8652ab576eb046acd43569b34e7e3e37a8f4156e2d80383cf7e14fd8ed,0.093290670933000003,0.46645335466499999,False,False,,0.12959225076100001,240,0.12959225076100001,240,0.12959225076100001,240,0.110197258917,240,0.110197258917,240,True,True,True,True,True,True,True
equity,ridge,0.10000000000000001,1,252,42010385,294,b69b81d77eed068221ba2241a3ed999e15d007d5cd68022ef858b24f0c792cf8,0.166283371663,0.83141685831500001,False,False,,0.170551683919,240,0.170551683919,240,0.170551683919,240,0.089201232574999997,240,0.089201232574999997,240,True,True,True,True,True,True,True
equity,ridge,0.10000000000000001,1,253,42010386,295,d7215a248237950d1c96f9f84afc441c3863cf75d660c7fd219143e889e9c087,0.142685731427,0.71342865713500003,False,False,,0.13681297345900001,240,0.13681297345900001,240,0.13681297345900001,240,0.094507329892000003,240,0.094507329892000003,240,True,True,True,True,True,True,True
equity,ridge,0.10000000000000001,1,254,42010387,296,5c8c3ca6032c69d40af125684bc8b303bdf0f7017656c6d21dcb5db5178b9261,0.104589541046,0.52294770523,False,False,,0.060064140832999997,240,0.060064140832999997,240,0.060064140832999997,240,0.106797705102,240,0.106797705102,240,True,True,True,True,True,True,True
equity,ridge,0.10000000000000001,1,255,42010388,297,9f7f1317bff4ec56e5c73f7a11cd71eb2c2312aadb86eee3cd3b7744d0fb52d9,0.15828417158300001,0.79142085791500005,False,False,,0.122707723026,240,0.122707723026,240,0.122707723026,240,0.091975006230000003,240,0.091975006230000003,240,True,True,True,True,True,True,True
equity,ridge,0.10000000000000001,1,256,42010389,298,c4de61e48f53482882b46daefa28e41ddf0eb6ba73de1d16aa369e9f8b41c160,0.16898310169,0.84491550844999996,False,False,,0.177723526833,240,0.177723526833,240,0.177723526833,240,0.090162348820000002,240,0.090162348820000002,240,True,True,True,True,True,True,True
equity,ridge,0.10000000000000001,1,257,42010390,299,07a9b485969029290c20c2ba85c11a64dd269ed490cd0a664bed205e85938b7f,0.24767523247699999,1,False,False,,0.147938405833,240,0.147938405833,240,0.147938405833,240,0.075691209871999995,240,0.075691209871999995,240,True,True,True,True,True,True,True
equity,ridge,0.10000000000000001,1,258,42010391,300,41bf07fa046cc66323189a98847b612188b1f3e7ff640d0a2d8c5eee1b66c265,0.15468453154699999,0.77342265773499996,False,False,,-0.026941647914,240,-0.026941647914,240,-0.026941647914,240,0.091943796223000002,240,0.091943796223000002,240,True,True,True,True,True,True,True
equity,ridge,0.10000000000000001,1,259,42010392,301,9fd67de1514ca87a60e12216dd03690bcb2527f6109f9188223d6ee05b0f8dfc,0.12658734126599999,0.63293670632999999,False,False,,-0.113916472468,240,-0.113916472468,240,-0.113916472468,240,0.099632606018000003,240,0.099632606018000003,240,True,True,True,True,True,True,True
equity,ridge,0.10000000000000001,1,260,42010393,302,3272a98ea03484844c3eaa75db208dca71bca07ee0dc63fafe4d1bb614adc59c,0.051694830517000002,0.25847415258500001,False,False,,0.19742323382599999,240,0.19742323382599999,240,0.19742323382599999,240,0.12744191050299999,240,0.12744191050299999,240,True,True,True,True,True,True,True
equity,ridge,0.10000000000000001,1,261,42010394,303,46cc2b9b5c21822c616feb29e8fbe55f4c9eb0c026908d76d19676542b7ba04b,0.106189381062,0.53094690530999999,False,False,,0.081262219041999997,240,0.081262219041999997,240,0.081262219041999997,240,0.10425056965100001,240,0.10425056965100001,240,True,True,True,True,True,True,True
equity,ridge,0.10000000000000001,1,262,42010395,304,4ff4a721e39c0cb9c9d6e48a97b034f8dce8cbe2ecd9d09a3697966f10acdc54,0.14968503149699999,0.74842515748500005,False,False,,0.041193989488000002,240,0.041193989488000002,240,0.041193989488000002,240,0.092381455261000001,240,0.092381455261000001,240,True,True,True,True,True,True,True
equity,ridge,0.10000000000000001,1,263,42010396,305,14f6185d3035645459cd3fa78ec5c9c71e75a7b640b8f48184b421e02e971d54,0.099290070992999996,0.49645035496500001,False,False,,0.123043241181,240,0.123043241181,240,0.123043241181,240,0.107766858351,240,0.107766858351,240,True,True,True,True,True,True,True
equity,ridge,0.10000000000000001,1,264,42010397,306,184247233e99576bf6868ad7645014389508f943657bef23800d5b1126ea6fc5,0.18568143185700001,0.92840715928499995,False,False,,0.021565630081999999,240,0.021565630081999999,240,0.021565630081999999,240,0.087044819985999999,240,0.087044819985999999,240,True,True,True,True,True,True,True
equity,ridge,0.10000000000000001,1,265,42010398,307,0ad9edb5bafba77b85e4dbcd3a8d25214d1f265a0535b0da147a337c1c4c1e3d,0.17568243175699999,0.87841215878500001,False,False,,0.10832308708000001,240,0.10832308708000001,240,0.10832308708000001,240,0.087959126989000005,240,0.087959126989000005,240,True,True,True,True,True,True,True
equity,ridge,0.10000000000000001,1,266,42010399,308,6aacc6b297e954968d459839ecb073687a1e946847ba57f77f86fc7f1ded0a7a,0.15718428157200001,0.78592140785999998,False,False,,0.10002449988000001,240,0.10002449988000001,240,0.10002449988000001,240,0.091889199453999995,240,0.091889199453999995,240,True,True,True,True,True,True,True
equity,ridge,0.10000000000000001,1,267,42010400,309,48382fb491d34af7196e76e450f46d8932e0b3666bf92b540ad4c71ccb5a364c,0.022097790220999999,0.110488951105,False,True,,0.20342408483300001,240,0.20342408483300001,240,0.20342408483300001,240,0.14742954501,240,0.14742954501,240,True,True,True,True,True,True,True
equity,ridge,0.10000000000000001,1,268,42010401,310,5b03ee7e6e43ba0dc0d3aee4a447667e4792a1a7abd71790c973aa538f457d7f,0.111688831117,0.55844415558500005,False,False,,0.16666775487499999,240,0.16666775487499999,240,0.16666775487499999,240,0.102882996132,240,0.102882996132,240,True,True,True,True,True,True,True
equity,ridge,0.10000000000000001,1,269,42010402,311,37cf2459383bae09a3ebdb13fa1ea3c5662cc89c25f6b29f763c37f9fe996e30,0.25707429257100001,1,False,False,,0.064605074148,240,0.064605074148,240,0.064605074148,240,0.074277565466999998,240,0.074277565466999998,240,True,True,True,True,True,True,True
equity,ridge,0.10000000000000001,1,270,42010403,312,e9704f3585b6bb90dffbe9be365dcb79f51662df30bcb41d2f3c29143cac3ca9,0.191380861914,0.95690430956999994,False,False,,0.13100669817899999,240,0.13100669817899999,240,0.13100669817899999,240,0.084388137481000006,240,0.084388137481000006,240,True,True,True,True,True,True,True
equity,ridge,0.10000000000000001,1,271,42010404,313,49f292506cdadcaf304448aed5436d13fd091f0229334c2ea0cffda101326fcb,0.18598140186000001,0.92990700930000003,False,False,,0.096381551733000004,240,0.096381551733000004,240,0.096381551733000004,240,0.086841553340999994,240,0.086841553340999994,240,True,True,True,True,True,True,True
equity,ridge,0.10000000000000001,1,272,42010405,314,633397d69b76df4fe68ddbfe58ea351b6c0fe88690aa8ad1d2dca1b930e0b108,0.18658134186600001,0.93290670932999997,False,False,,0.032787138701000001,240,0.032787138701000001,240,0.032787138701000001,240,0.086279300269999998,240,0.086279300269999998,240,True,True,True,True,True,True,True
equity,ridge,0.10000000000000001,1,273,42010406,315,4cc983ae55f4e356d1ce94be972d4908047e698b7bbb16d4e93662b317f59ca4,0.15388461153899999,0.76942305769499997,False,False,,0.089210524104999994,240,0.089210524104999994,240,0.089210524104999994,240,0.093459785012000002,240,0.093459785012000002,240,True,True,True,True,True,True,True
equity,ridge,0.10000000000000001,1,274,42010407,316,5434ea31bc6104da1bf7e4b25e01451c092f78780532b91c4cfdb9de396634da,0.13878612138800001,0.69393060693999997,False,False,,0.041108354892000001,240,0.041108354892000001,240,0.041108354892000001,240,0.095241278390999995,240,0.095241278390999995,240,True,True,True,True,True,True,True
equity,ridge,0.10000000000000001,1,275,42010408,317,94aa81eeeed4ec573a4ea5147c8692621f879bfd7c41968f3d7a076912a09c21,0.094190580942000002,0.47095290471000001,False,False,,0.092421732965000003,240,0.092421732965000003,240,0.092421732965000003,240,0.110759467478,240,0.110759467478,240,True,True,True,True,True,True,True
equity,ridge,0.10000000000000001,1,276,42010409,318,6c3c3fbb9be98c0d5f364dee0fc7e120a2f19ea34e401525b49c1437b1c3ffb7,0.140085991401,0.70042995700499999,False,False,,0.081709589983,240,0.081709589983,240,0.081709589983,240,0.096280802201999999,240,0.096280802201999999,240,True,True,True,True,True,True,True
equity,ridge,0.10000000000000001,1,277,42010410,319,1c2a8b8f00e6869a86c289da3e46fca295c27401b300e10747fd0e9beabdc849,0.078392160784000006,0.39196080391999999,False,False,,0.026606368246,240,0.026606368246,240,0.026606368246,240,0.114486895157,240,0.114486895157,240,True,True,True,True,True,True,True
equity,ridge,0.10000000000000001,1,278,42010411,320,1410d138a2ae49179540c1cadebbaf0b4c3dd11676a9fc0a447175732c82b58c,0.25737426257399998,1,False,False,,0.047670512535000001,240,0.047670512535000001,240,0.047670512535000001,240,0.073558416301999996,240,0.073558416301999996,240,True,True,True,True,True,True,True
equity,ridge,0.10000000000000001,1,279,42010412,321,d2d7a9c6f1416a6283c3407ec8035c3b4d37c1e42d5afca7a94e5c65531cd1e6,0.068393160684000004,0.34196580341999999,False,False,,0.094842984874000003,240,0.094842984874000003,240,0.094842984874000003,240,0.117565410338,240,0.117565410338,240,True,True,True,True,True,True,True
equity,ridge,0.10000000000000001,1,280,42010413,322,5d417ddc3085738991c7e4e1274fcb98a2cec13885603afa3baa2282253d427f,0.081391860814000003,0.40695930407000003,False,False,,0.20393144238700001,240,0.20393144238700001,240,0.20393144238700001,240,0.112954877419,240,0.112954877419,240,True,True,True,True,True,True,True
equity,ridge,0.10000000000000001,1,281,42010414,323,26c6cf26ddbce704b03ce769d836c69fbf6f761dadb58e65f71e3a2123c466ab,0.14798520147999999,0.73992600740000003,False,False,,0.047062258731999998,240,0.047062258731999998,240,0.047062258731999998,240,0.093514483805999998,240,0.093514483805999998,240,True,True,True,True,True,True,True
equity,ridge,0.10000000000000001,1,282,42010415,324,77aef4dac08cdaffbecfbe14a5fe8df9bb08e0b193e42cb76cd342ce14c1cbfb,0.28097190281000001,1,False,False,,0.073058290723999997,240,0.073058290723999997,240,0.073058290723999997,240,0.071002883736,240,0.071002883736,240,True,True,True,True,True,True,True
equity,ridge,0.10000000000000001,1,283,42010416,325,483ba2b991f091c57d84cf8f017165c9f425ce193350cb4f31ce6d280474ad38,0.042395760423999999,0.21197880212,False,True,,0.147102123206,240,0.147102123206,240,0.147102123206,240,0.13257514120700001,240,0.13257514120700001,240,True,True,True,True,True,True,True
equity,ridge,0.10000000000000001,1,284,42010417,326,7c0aece892e6340632142a2ebfab7601e8c250562e7fb8387f8bfa3c106d42ff,0.025797420258000001,0.12898710128999999,False,True,,0.23785925263999999,240,0.23785925263999999,240,0.23785925263999999,240,0.14352274537500001,240,0.14352274537500001,240,True,True,True,True,True,True,True
equity,ridge,0.10000000000000001,1,285,42010418,327,ac8c59d16f69257c431b3bd613ad62b1f15bf8ab0b5731d93e1cf64c17c79dad,0.041495850415,0.20747925207500001,False,True,,0.22459131973900001,240,0.22459131973900001,240,0.22459131973900001,240,0.12851235839399999,240,0.12851235839399999,240,True,True,True,True,True,True,True
equity,ridge,0.10000000000000001,1,286,42010419,328,6b7d95d1655256c2fd224f1561d27670734f4757c9883bd06483294c034e8b03,0.16288371162900001,0.81441855814499997,False,False,,0.119808037437,240,0.119808037437,240,0.119808037437,240,0.091373301180999997,240,0.091373301180999997,240,True,True,True,True,True,True,True
equity,ridge,0.10000000000000001,1,287,42010420,329,d8d0de797d105f5dc80d155e539c8626e16c4a1d244723d5413c2a5fb2be1240,0.215778422158,1,False,False,,0.027973679283,240,0.027973679283,240,0.027973679283,240,0.080567154328999996,240,0.080567154328999996,240,True,True,True,True,True,True,True
equity,ridge,0.10000000000000001,1,288,42010421,330,5ae4b8e13ad26f95fa7b3618ad56a44ae63a5cbba52787f2367b107df6690033,0.17758224177599999,0.88791120887999997,False,False,,0.082006000701999995,240,0.082006000701999995,240,0.082006000701999995,240,0.088458891723999997,240,0.088458891723999997,240,True,True,True,True,True,True,True
equity,ridge,0.10000000000000001,1,289,42010422,331,00afd5185c4ceffb54335e2530bcc2da8b504aff9b43484cfc382a0430b53cc9,0.11348865113499999,0.56744325567499998,False,False,,0.13542821116500001,240,0.13542821116500001,240,0.13542821116500001,240,0.103258208781,240,0.103258208781,240,True,True,True,True,True,True,True
equity,ridge,0.10000000000000001,1,290,42010423,332,35c640c3fb59a259a8d170842bc0e6b728097e543f3105c6ca0ae246fb5986be,0.077392260773999993,0.38696130387,False,False,,0.097618095663000004,240,0.097618095663000004,240,0.097618095663000004,240,0.116072970964,240,0.116072970964,240,True,True,True,True,True,True,True
equity,ridge,0.10000000000000001,1,291,42010424,333,451a43bd447079dbf14fcaee95b20f71b7cb936312b49fc289b506d5e8b17bea,0.070892910709000001,0.35446455354500001,False,False,,0.114979578481,240,0.114979578481,240,0.114979578481,240,0.117471334666,240,0.117471334666,240,True,True,True,True,True,True,True
equity,ridge,0.10000000000000001,1,292,42010425,334,a9db595c154320b91c29f93761208ad6ffa450108ccfd7ff0555a975ea22f83f,0.116588341166,0.58294170583000005,False,False,,0.044311395965999999,240,0.044311395965999999,240,0.044311395965999999,240,0.101648486296,240,0.101648486296,240,True,True,True,True,True,True,True
equity,ridge,0.10000000000000001,1,293,42010426,335,19aa5fd951415ed084fc29514f43659d167ed58b930db5ceb911ca29b6617ee9,0.16698330167,0.83491650834999998,False,False,,-0.0027426374649999999,240,-0.0027426374649999999,240,-0.0027426374649999999,240,0.089959139324000001,240,0.089959139324000001,240,True,True,True,True,True,True,True
equity,ridge,0.10000000000000001,1,294,42010427,336,33beb58c7ea2ad9a12c611977e17b4b894cd76c233923cbd6f3736c4cb0ee003,0.163583641636,0.81791820818000005,False,False,,-0.029745866661000001,240,-0.029745866661000001,240,-0.029745866661000001,240,0.090459090524999994,240,0.090459090524999994,240,True,True,True,True,True,True,True
equity,ridge,0.10000000000000001,1,295,42010428,337,90cbdbd19830a4caa156b13e77a936961f4c01cd931276b81add44c7c7e1339e,0.17458254174599999,0.87291270873000004,False,False,,0.023582458077000001,240,0.023582458077000001,240,0.023582458077000001,240,0.088513516516999999,240,0.088513516516999999,240,True,True,True,True,True,True,True
equity,ridge,0.10000000000000001,1,296,42010429,338,fcf500b76adbc2de0f1641a61c20ce2a8f797a2b7b5d0a4507404c6d24bf3684,0.13078692130799999,0.65393460654000002,False,False,,0.23786739514899999,240,0.23786739514899999,240,0.23786739514899999,240,0.097522741287000003,240,0.097522741287000003,240,True,True,True,True,True,True,True
equity,ridge,0.10000000000000001,1,297,42010430,339,70d7f435344340452796cf17d5f1447730a0ece7d8fa1c0d7e3e6dc741bbe255,0.27707229277099998,1,False,False,,0.198338145287,240,0.198338145287,240,0.198338145287,240,0.069486470726999996,240,0.069486470726999996,240,True,True,True,True,True,True,True
equity,ridge,0.10000000000000001,1,298,42010431,340,94de94992d53f7407acc6cc7fde205e707b241bc330e244b5b2ac2fdbf48b8a3,0.22837716228400001,1,False,False,,0.100930602829,240,0.100930602829,240,0.100930602829,240,0.079535513476999997,240,0.079535513476999997,240,True,True,True,True,True,True,True
equity,ridge,0.10000000000000001,1,299,42010432,341,5c124af03ed0b7ad265e5237aba735a02d9c520719dc68568a90fb81fd5d180b,0.17738226177399999,0.88691130887000003,False,False,,0.097742751239999995,240,0.097742751239999995,240,0.097742751239999995,240,0.087278951179999995,240,0.087278951179999995,240,True,True,True,True,True,True,True
equity,ridge,0.10000000000000001,1,300,42010433,342,d5223f8562d767a2b84d584a22ff253e38513336d4e2bdcc4807e250f510dfdf,0.066293370663000006,0.33146685331499998,False,False,,0.056156842245999997,240,0.056156842245999997,240,0.056156842245999997,240,0.118190228127,240,0.118190228127,240,True,True,True,True,True,True,True
equity,ridge,0.10000000000000001,1,301,42010434,343,0e6b29190f9a693af611113c11a42e24d767631250c06c11e2c978c088e15e95,0.118588141186,0.59294070593000003,False,False,,0.13287459546399999,240,0.13287459546399999,240,0.13287459546399999,240,0.101437568768,240,0.101437568768,240,True,True,True,True,True,True,True
equity,ridge,0.10000000000000001,1,302,42010435,344,da4511d5b03865973d70327a10fc6dadbb2402714d43c64110905ef7cce72c42,0.19958004199599999,0.99790020997999995,False,False,,0.11415307040100001,240,0.11415307040100001,240,0.11415307040100001,240,0.083637623347000006,240,0.083637623347000006,240,True,True,True,True,True,True,True
equity,ridge,0.10000000000000001,1,303,42010436,345,76d2d3148b437251d7786a54a62a7cd581e7f0c1ba7c5741069d8a16097a89a1,0.111188881112,0.55594440556000002,False,False,,0.165137263851,240,0.165137263851,240,0.165137263851,240,0.103696173712,240,0.103696173712,240,True,True,True,True,True,True,True
equity,ridge,0.10000000000000001,1,304,42010437,346,18ff6086c90d65ada59961a47d04c72005dfb498fd12e920db18abebfdd9badc,0.090090990901000007,0.450454954505,False,False,,0.135553299022,240,0.135553299022,240,0.135553299022,240,0.109618550479,240,0.109618550479,240,True,True,True,True,True,True,True
equity,ridge,0.10000000000000001,1,305,42010438,347,d578cb5709dbe9dc803a71219dfa8e7e54d939953ba797779f0f98b7dc9e19d6,0.241275872413,1,False,False,,0.056885357490000003,240,0.056885357490000003,240,0.056885357490000003,240,0.076160119031999998,240,0.076160119031999998,240,True,True,True,True,True,True,True
equity,ridge,0.10000000000000001,1,306,42010439,348,45c344f3d87eb17dd93531121cc839a95e05e215c0eb212c5f775eeb41fd069d,0.13728627137300001,0.68643135686500001,False,False,,0.099235469214000005,240,0.099235469214000005,240,0.099235469214000005,240,0.096514894931000003,240,0.096514894931000003,240,True,True,True,True,True,True,True
equity,ridge,0.10000000000000001,1,307,42010440,349,746315929dd1e1f4e7c8939e5ff48c050f70e4d3cdea530d7e9ed5bc85d7f66a,0.17368263173699999,0.86841315868500002,False,False,,-0.01269028428,240,-0.01269028428,240,-0.01269028428,240,0.088849626308000001,240,0.088849626308000001,240,True,True,True,True,True,True,True
equity,ridge,0.10000000000000001,1,308,42010441,350,5645dbc9e3d95c3ac37bcaaded9b26ac6e5920010c8b6705172826c54b2c2a04,0.109489051095,0.547445255475,False,False,,0.116534258364,240,0.116534258364,240,0.116534258364,240,0.10361766467,240,0.10361766467,240,True,True,True,True,True,True,True
equity,ridge,0.10000000000000001,1,309,42010442,351,1f0eb139d603a5640cad560689460bd879e88645214a14a55e51c774ecd8b823,0.104689531047,0.52344765523500003,False,False,,0.133451089021,240,0.133451089021,240,0.133451089021,240,0.10583679180900001,240,0.10583679180900001,240,True,True,True,True,True,True,True
equity,ridge,0.10000000000000001,1,310,42010443,352,df95b38004339e292749eb428ca9da67c0792d886b4f224b5a0cde0dc84b587c,0.193480651935,0.96740325967499996,False,False,,0.031871291610999997,240,0.031871291610999997,240,0.031871291610999997,240,0.084388008346000007,240,0.084388008346000007,240,True,True,True,True,True,True,True
equity,ridge,0.10000000000000001,1,311,42010444,353,2541147ce3eb52ae8dadc051ee79b7a18c627c4571298ef5f7060c6efe765f7e,0.22067793220699999,1,False,False,,-0.002414120676,240,-0.002414120676,240,-0.002414120676,240,0.080215695330000003,240,0.080215695330000003,240,True,True,True,True,True,True,True
equity,ridge,0.10000000000000001,1,312,42010445,354,061878b411edf69b10777825432ed178a7cccb99735363ed151189d2f8775283,0.188081191881,0.94040595940500005,False,False,,-0.013064937713,240,-0.013064937713,240,-0.013064937713,240,0.084653673573999999,240,0.084653673573999999,240,True,True,True,True,True,True,True
equity,ridge,0.10000000000000001,1,313,42010446,355,eb0c607b8c47c54438add6dcb588856f0b57b9940ede5fa04eafaa3168cb3276,0.057194280572000003,0.28597140286,False,False,,0.141351943018,240,0.141351943018,240,0.141351943018,240,0.12502768578699999,240,0.12502768578699999,240,True,True,True,True,True,True,True
equity,ridge,0.10000000000000001,1,314,42010447,356,2df25818dfd590a8967fc4c820fc3c27924e95a6d1d2d1871e6ab487a8a407f9,0.17388261173899999,0.86941305869499996,False,False,,0.016370356507999999,240,0.016370356507999999,240,0.016370356507999999,240,0.089310633643000001,240,0.089310633643000001,240,True,True,True,True,True,True,True
equity,ridge,0.10000000000000001,1,315,42010448,357,7a8d423cf117f5ad856c5bc81a1ef3216a398d8c132788909eed82f4dd80f4e1,0.103589641036,0.51794820517999995,False,False,,0.11304168613,240,0.11304168613,240,0.11304168613,240,0.105766353658,240,0.105766353658,240,True,True,True,True,True,True,True
equity,ridge,0.10000000000000001,1,316,42010449,358,53c0ff40ec64c432c494391e8602436801875e17f672eb5e00d78f1f0bffa422,0.12398760123999999,0.61993800619999995,False,False,,0.10322731675500001,240,0.10322731675500001,240,0.10322731675500001,240,0.099210885075999997,240,0.099210885075999997,240,True,True,True,True,True,True,True
equity,ridge,0.10000000000000001,1,317,42010450,359,05ad3f1d4a268662e0e4114506e3a5f3490fd087a2fb8524c0de6c041bab8156,0.074592540745999997,0.37296270373000001,False,False,,0.114619098677,240,0.114619098677,240,0.114619098677,240,0.115416024208,240,0.115416024208,240,True,True,True,True,True,True,True
equity,ridge,0.10000000000000001,1,318,42010451,360,75b2febcff2239c36574dca3400b1ea1a556426212d1a073edf6faf4a7686379,0.17788221177899999,0.88941105889500005,False,False,,0.023190271509999999,240,0.023190271509999999,240,0.023190271509999999,240,0.087966664124000005,240,0.087966664124000005,240,True,True,True,True,True,True,True
equity,ridge,0.10000000000000001,1,319,42010452,361,d7cd8d2769f2ee0088f70fbc17093cd91b04d58dd70c2d69edac0995a309c1ac,0.035596440356,0.17798220177999999,False,True,,0.155962932522,240,0.155962932522,240,0.155962932522,240,0.13677133371,240,0.13677133371,240,True,True,True,True,True,True,True
equity,ridge,0.10000000000000001,1,320,42010453,362,2c00895767739228683a8931c6d208d12961513d73d8c326ac39758737788086,0.17838216178399999,0.89191080891999996,False,False,,0.13228704829099999,240,0.13228704829099999,240,0.13228704829099999,240,0.087747852281000002,240,0.087747852281000002,240,True,True,True,True,True,True,True
equity,ridge,0.10000000000000001,1,321,42010454,363,460f57ac3a1eb6d67604c32bae3f50913159cb9e311d4e3c9cff4d9472d410e8,0.13688631136900001,0.68443155684500001,False,False,,0.076856075777999994,240,0.076856075777999994,240,0.076856075777999994,240,0.097476015570999996,240,0.097476015570999996,240,True,True,True,True,True,True,True
equity,ridge,0.10000000000000001,1,322,42010455,364,98757fc417ba69c87070bef53555f282d847f2048a50df726fc2ccaf7133cf9c,0.104689531047,0.52344765523500003,False,False,,0.061104577192999998,240,0.061104577192999998,240,0.061104577192999998,240,0.105578970159,240,0.105578970159,240,True,True,True,True,True,True,True
equity,ridge,0.10000000000000001,1,323,42010456,365,dcfd2e3b88ebd7e598cb8522ae14a33d41ccf5671dbdf0862824290ed723666f,0.13738626137400001,0.68693130687000004,False,False,,0.11048602497899999,240,0.11048602497899999,240,0.11048602497899999,240,0.096382029071999997,240,0.096382029071999997,240,True,True,True,True,True,True,True
equity,ridge,0.10000000000000001,1,324,42010457,366,22b4343986fa8f9d38613f1a136baf195d1e2aec7b6c0c634ca5059858958a34,0.15168483151699999,0.75842415758500004,False,False,,0.025215187978999999,240,0.025215187978999999,240,0.025215187978999999,240,0.093014299430999994,240,0.093014299430999994,240,True,True,True,True,True,True,True
equity,ridge,0.10000000000000001,1,325,42010458,367,7a78121f3cb65db12545f157d8edd0b07c24317c9b94aa2b2b6216c51b8dfa78,0.03599640036,0.17998200180000001,False,True,,0.17641247354199999,240,0.17641247354199999,240,0.17641247354199999,240,0.13447464909099999,240,0.13447464909099999,240,True,True,True,True,True,True,True
equity,ridge,0.10000000000000001,1,326,42010459,368,4d91f475e13f971f8f56433a6355784bbc3e37dda8e56be7c66bd5f78e444827,0.12868713128699999,0.643435656435,False,False,,0.072449700988999999,240,0.072449700988999999,240,0.072449700988999999,240,0.099710875658999998,240,0.099710875658999998,240,True,True,True,True,True,True,True
equity,ridge,0.10000000000000001,1,327,42010460,369,85cab80db4f84836369e5279a7e28148e68c2c9fdf5c03c738de7b325cfc6077,0.171582841716,0.85791420858,False,False,,0.144984768964,240,0.144984768964,240,0.144984768964,240,0.089255855171000001,240,0.089255855171000001,240,True,True,True,True,True,True,True
equity,ridge,0.10000000000000001,1,328,42010461,370,8836b37acb83c414105e32bf08986ffdc9a764ceef7fba08f2ce1538214ad425,0.168283171683,0.841415858415,False,False,,0.0072743920819999999,240,0.0072743920819999999,240,0.0072743920819999999,240,0.090115538479999993,240,0.090115538479999993,240,True,True,True,True,True,True,True
equity,ridge,0.10000000000000001,1,329,42010462,371,3446ce83d5d9bad0e7fa48ed4e487ec826bfa71a64442a1008c7465d8d46e5c7,0.072492750724999999,0.362463753625,False,False,,0.032755381934000002,240,0.032755381934000002,240,0.032755381934000002,240,0.11714338093899999,240,0.11714338093899999,240,True,True,True,True,True,True,True
equity,ridge,0.10000000000000001,1,330,42010463,372,1a0b485898f03e0f51ff9d5f78792001093285ec47e84582204093e1984f2382,0.22667733226699999,1,False,False,,0.074761948024000005,240,0.074761948024000005,240,0.074761948024000005,240,0.077683939310000005,240,0.077683939310000005,240,True,True,True,True,True,True,True
equity,ridge,0.10000000000000001,1,331,42010464,373,9fffcae09d0ce2a25b3b437e2b2f8924a803cc6ffad3bb1712a6e1c44c1bed5d,0.20807919208100001,1,False,False,,-0.029294898002999999,240,-0.029294898002999999,240,-0.029294898002999999,240,0.080316746541000003,240,0.080316746541000003,240,True,True,True,True,True,True,True
equity,ridge,0.10000000000000001,1,332,42010465,374,f0c016864b52fb369c0cd5150167a3549c2a0ad9dfd078a2a93bba679e45c363,0.216078392161,1,False,False,,0.082005773571999993,240,0.082005773571999993,240,0.082005773571999993,240,0.080098399764000003,240,0.080098399764000003,240,True,True,True,True,True,True,True
equity,ridge,0.10000000000000001,1,333,42010466,375,a887116f483542904ec10fc5aea29e0d77d3773839a88992ce606a2f26dd00ab,0.14398560144,0.71992800720000005,False,False,,0.185514445641,240,0.185514445641,240,0.185514445641,240,0.094772373260000001,240,0.094772373260000001,240,True,True,True,True,True,True,True
equity,ridge,0.10000000000000001,1,334,42010467,376,a2c0c7878b38fa721435f263f353c9a6d0cefb3e7e8d8cd3429dea4a49fd01ad,0.18158184181600001,0.90790920907999995,False,False,,0.029247624978,240,0.029247624978,240,0.029247624978,240,0.086263309236999999,240,0.086263309236999999,240,True,True,True,True,True,True,True
equity,ridge,0.10000000000000001,1,335,42010468,377,c32265e317d96462a51fae6db91b3c71564b07415d7eb7ceaf8deca35ad12321,0.13298670133000001,0.66493350664999995,False,False,,0.032098418693000001,240,0.032098418693000001,240,0.032098418693000001,240,0.097772926891000006,240,0.097772926891000006,240,True,True,True,True,True,True,True
equity,ridge,0.10000000000000001,1,336,42010469,378,99fb51a934bf678e81378fc007910a56a6c578a6bda7216badd345c6ea57fcf7,0.219578042196,1,False,False,,0.092912214046999994,240,0.092912214046999994,240,0.092912214046999994,240,0.080309266554999995,240,0.080309266554999995,240,True,True,True,True,True,True,True
equity,ridge,0.10000000000000001,1,337,42010470,379,508381ad76e358b525ec0aa2ddc647d80b18aea0e3458264194b1f8b24906339,0.14818518148199999,0.74092590740999997,False,False,,0.066948521482999998,240,0.066948521482999998,240,0.066948521482999998,240,0.095405458846999996,240,0.095405458846999996,240,True,True,True,True,True,True,True
equity,ridge,0.10000000000000001,1,338,42010471,380,f0a7d5d7cb147bcf2a7bbb6b0ce77bc66df5ce015cb1d6b219a06cf0940b0fd8,0.068993100690000003,0.34496550344999999,False,False,,0.14470340504099999,240,0.14470340504099999,240,0.14470340504099999,240,0.119628097292,240,0.119628097292,240,True,True,True,True,True,True,True
equity,ridge,0.10000000000000001,1,339,42010472,381,26735cc31c8efb9e39d11bddcd866273fbabaab1b2ac34576a282700312fc595,0.094290570943000002,0.47145285471499998,False,False,,0.13534282934200001,240,0.13534282934200001,240,0.13534282934200001,240,0.107071240284,240,0.107071240284,240,True,True,True,True,True,True,True
equity,ridge,0.10000000000000001,1,340,42010473,382,83eb96df72bcb12f61c18542576010b9b7dec92098ceea5b94a90f7cd4c50959,0.24617538246199999,1,False,False,,-0.031513901503999998,240,-0.031513901503999998,240,-0.031513901503999998,240,0.074831895832000006,240,0.074831895832000006,240,True,True,True,True,True,True,True
equity,ridge,0.10000000000000001,1,341,42010474,383,dbb4a741942e7b8735ece8a142033f7f5a6b9d16177b2bd3e8e2aacc4332deab,0.261273872613,1,False,False,,0.052749646157000001,240,0.052749646157000001,240,0.052749646157000001,240,0.073480043354999997,240,0.073480043354999997,240,True,True,True,True,True,True,True
equity,ridge,0.10000000000000001,1,342,42010475,384,a9a727092516a9d683f36c1fe4e3572cf35956e95020ecfbb2c8695c1285d409,0.053894610539,0.26947305269499999,False,False,,0.15016559470499999,240,0.15016559470499999,240,0.15016559470499999,240,0.126973366216,240,0.126973366216,240,True,True,True,True,True,True,True
equity,ridge,0.10000000000000001,1,343,42010476,385,f97ac404043fdc1d9e27d612e7214f602ecc0b1bba54d1f1352a8f36c87e80bc,0.15358464153599999,0.76792320768,False,False,,0.03509131393,240,0.03509131393,240,0.03509131393,240,0.091771907917000003,240,0.091771907917000003,240,True,True,True,True,True,True,True
equity,ridge,0.10000000000000001,1,344,42010477,386,3d84a948388399db3773a39672156b78a6f148c535c67b8d0aa727edd02b4617,0.064193580641999995,0.32096790321000002,False,False,,0.074692764396999997,240,0.074692764396999997,240,0.074692764396999997,240,0.117784322375,240,0.117784322375,240,True,True,True,True,True,True,True
equity,ridge,0.10000000000000001,1,345,42010478,387,dd5af8c431c5be5db3bdd289f0d6d1f1cf5ef6b73e8cafd97b54c97412e1434b,0.170182981702,0.85091490850999996,False,False,,0.17237152513099999,240,0.17237152513099999,240,0.17237152513099999,240,0.089232393675999999,240,0.089232393675999999,240,True,True,True,True,True,True,True
equity,ridge,0.10000000000000001,1,346,42010479,388,5424b1e5190ffbfb3a4f1fe691013523a4931daa75ab528b10957236567f1035,0.18238176182400001,0.91190880912000005,False,False,,0.034022358317999997,240,0.034022358317999997,240,0.034022358317999997,240,0.087833929047999998,240,0.087833929047999998,240,True,True,True,True,True,True,True
equity,ridge,0.10000000000000001,1,347,42010480,389,333022228167c4eb7043c5d502597921bf4d7b7e51a1acbf36990238f247fc8c,0.11268873112699999,0.56344365563499998,False,False,,0.106384625256,240,0.106384625256,240,0.106384625256,240,0.104570884584,240,0.104570884584,240,True,True,True,True,True,True,True
equity,ridge,0.10000000000000001,1,348,42010481,390,452e2269fa04c1879da0c010a4904378084af8396ba4262027afe62bc5d029c0,0.13708629137100001,0.68543145685499995,False,False,,0.068347140523000005,240,0.068347140523000005,240,0.068347140523000005,240,0.096913308606999995,240,0.096913308606999995,240,True,True,True,True,True,True,True
equity,ridge,0.10000000000000001,1,349,42010482,391,791586a9a5815f0fe2622b462f50829c9a9dcb8fb38cf927cc440a2270d03204,0.049095090490999999,0.24547545245499999,False,True,,0.16072947261500001,240,0.16072947261500001,240,0.16072947261500001,240,0.127934045602,240,0.127934045602,240,True,True,True,True,True,True,True
equity,ridge,0.10000000000000001,1,350,42010483,392,bd4a33dad8d3496987c3679ad5e3495575b042f9bd4f814424a2df78a8123c42,0.071792820718,0.35896410359000003,False,False,,0.14056949444299999,240,0.14056949444299999,240,0.14056949444299999,240,0.116424513121,240,0.116424513121,240,True,True,True,True,True,True,True
equity,ridge,0.10000000000000001,1,351,42010484,393,362da148deb3ed362d3c6451b00026aed3caccdda582555d383468f4315892d2,0.17818218178199999,0.89091090891000002,False,False,,0.039615969735999998,240,0.039615969735999998,240,0.039615969735999998,240,0.087755756854,240,0.087755756854,240,True,True,True,True,True,True,True
equity,ridge,0.10000000000000001,1,352,42010485,394,638391be77218bd9e36b84016e807354ad8e463da85083ef3eee4851095bca71,0.071492850715,0.357464253575,False,False,,0.119495938099,240,0.119495938099,240,0.119495938099,240,0.116080620015,240,0.116080620015,240,True,True,True,True,True,True,True
equity,ridge,0.10000000000000001,1,353,42010486,395,63676ebf4d705cc6fd6d4a6de8d27432cfe881b0dc45bd5e88681f57c6d02d16,0.010798920108,0.05399460054,False,True,,0.23463200896899999,240,0.23463200896899999,240,0.23463200896899999,240,0.16258825109899999,240,0.16258825109899999,240,True,True,True,True,True,True,True
equity,ridge,0.10000000000000001,1,354,42010487,396,7af99acb2d7200bcb09292375105aa316e8cd8cfda8b1b2546a89758caf13007,0.119488051195,0.59744025597499995,False,False,,0.128402979306,240,0.128402979306,240,0.128402979306,240,0.102187748617,240,0.102187748617,240,True,True,True,True,True,True,True
equity,ridge,0.10000000000000001,1,355,42010488,397,e74c0c8f95e0db161f1c36354284b230280e09885825a4dcd0bc5dac08a90ea6,0.104589541046,0.52294770523,False,False,,0.14411801981299999,240,0.14411801981299999,240,0.14411801981299999,240,0.10385192738,240,0.10385192738,240,True,True,True,True,True,True,True
equity,ridge,0.10000000000000001,1,356,42010489,398,1b070a01364a827b4045d242a748d50e8b2aef7a4ea09fa23e3836034f14aa85,0.118788121188,0.59394060593999998,False,False,,0.16418479877700001,240,0.16418479877700001,240,0.16418479877700001,240,0.102383037238,240,0.102383037238,240,True,True,True,True,True,True,True
equity,ridge,0.10000000000000001,1,357,42010490,399,19406fce7dcbd6f395456e15feebc929a33eeb16ca21ebd9c84db5d091fbdb9f,0.050794920507999997,0.25397460253999998,False,False,,0.086771342868000007,240,0.086771342868000007,240,0.086771342868000007,240,0.12822329541399999,240,0.12822329541399999,240,True,True,True,True,True,True,True
equity,ridge,0.10000000000000001,1,358,42010491,400,cc70eb9c700891ecd5f63dce4fa92676ba85377b6cf5bc40a1370ef193abaf66,0.13138686131399999,0.65693430656999996,False,False,,0.031536985304000002,240,0.031536985304000002,240,0.031536985304000002,240,0.097374532631000002,240,0.097374532631000002,240,True,True,True,True,True,True,True
equity,ridge,0.10000000000000001,1,359,42010492,401,61af1e31ad4109709f64a1d815ee919b3bc25ccb4557e234985edac21af4a8cf,0.15598440156000001,0.77992200779999998,False,False,,0.087936923316999996,240,0.087936923316999996,240,0.087936923316999996,240,0.090951485907000001,240,0.090951485907000001,240,True,True,True,True,True,True,True
equity,ridge,0.10000000000000001,1,360,42010493,402,8e4ea4f29491e3af36bcc2db0d184fc57c8a327a6e68003036a3072a2166e259,0.164683531647,0.82341765823500002,False,False,,0.037732738629,240,0.037732738629,240,0.037732738629,240,0.089552915955999998,240,0.089552915955999998,240,True,True,True,True,True,True,True
equity,ridge,0.10000000000000001,1,361,42010494,403,3c5dd3e5d6458303c21701a20ca01d198827554b3fecddb63432a2bdd7f3f651,0.066993300670000006,0.33496650335,False,False,,0.16778660649400001,240,0.16778660649400001,240,0.16778660649400001,240,0.123082116359,240,0.123082116359,240,True,True,True,True,True,True,True
equity,ridge,0.10000000000000001,1,362,42010495,404,d312f3c9766861f64598f0fb5744342b05c5669521e36d6963fe1501c428ca8f,0.029697030297,0.14848515148499999,False,True,,0.14234439419100001,240,0.14234439419100001,240,0.14234439419100001,240,0.141132093155,240,0.141132093155,240,True,True,True,True,True,True,True
equity,ridge,0.10000000000000001,1,363,42010496,405,b99559bb76869cc2270322a4625de218d43c05236811049695ff941093b669a1,0.15168483151699999,0.75842415758500004,False,False,,0.11338479490599999,240,0.11338479490599999,240,0.11338479490599999,240,0.093530068019999996,240,0.093530068019999996,240,True,True,True,True,True,True,True
equity,ridge,0.10000000000000001,1,364,42010497,406,5fd4514d091661695cc67af5f92630b68017cba078c0503f56467c937873c754,0.217178282172,1,False,False,,0.010845666235000001,240,0.010845666235000001,240,0.010845666235000001,240,0.079910823571000003,240,0.079910823571000003,240,True,True,True,True,True,True,True
equity,ridge,0.10000000000000001,1,365,42010498,407,87af185e6c8a65745cebc17ec35e0a41e4c3e0dca89593be81936df43ac35f0d,0.10268973102700001,0.51344865513500004,False,False,,0.12161307253799999,240,0.12161307253799999,240,0.12161307253799999,240,0.10685245866400001,240,0.10685245866400001,240,True,True,True,True,True,True,True
equity,ridge,0.10000000000000001,1,366,42010499,408,7a967631634869d6676358eca07a43ba83b10e5d53f2eb90baab6da696de996d,0.12678732126799999,0.63393660634000004,False,False,,0.073042476267000001,240,0.073042476267000001,240,0.073042476267000001,240,0.099382588196999994,240,0.099382588196999994,240,True,True,True,True,True,True,True
equity,ridge,0.10000000000000001,1,367,42010500,409,d39fc50b89b607e2dc6552b4840a7ba1dd62e23dd3f8d872ea64b1e6027cf2ae,0.065193480651999994,0.32596740326000001,False,False,,0.15600979598100001,240,0.15600979598100001,240,0.15600979598100001,240,0.11939362412,240,0.11939362412,240,True,True,True,True,True,True,True
equity,ridge,0.10000000000000001,1,368,42010501,410,ad556d7212ed1972f50417a440fad0ad405a97c8050387bc91582b9ff32b3e49,0.15698430157000001,0.78492150785000003,False,False,,0.020894097383999999,240,0.020894097383999999,240,0.020894097383999999,240,0.090365568206999994,240,0.090365568206999994,240,True,True,True,True,True,True,True
equity,ridge,0.10000000000000001,1,369,42010502,411,19703f22d5381bfa6f31877d548a0b4ba593dbfec836ddb7f3a499fd600b1071,0.15928407159300001,0.79642035796499999,False,False,,0.037444287800000003,240,0.037444287800000003,240,0.037444287800000003,240,0.092693987978000006,240,0.092693987978000006,240,True,True,True,True,True,True,True
equity,ridge,0.10000000000000001,1,370,42010503,412,96816398652c2c82d93392a2b869850b3c877254370fe0069fda34fcf73d04b3,0.24687531246899999,1,False,False,,0.045007096823999997,240,0.045007096823999997,240,0.045007096823999997,240,0.076582004277000001,240,0.076582004277000001,240,True,True,True,True,True,True,True
equity,ridge,0.10000000000000001,1,371,42010504,413,fc6d7d1579a9bc87e24e0f9d436c362d6cb7d46b6ea47f467e1d100d1fd561ee,0.111188881112,0.55594440556000002,False,False,,0.098976341018,240,0.098976341018,240,0.098976341018,240,0.103617425451,240,0.103617425451,240,True,True,True,True,True,True,True
equity,ridge,0.10000000000000001,1,372,42010505,414,e3b114a1953fd6a262467316d1a61dfdb88637985bfac7b36402b37457a80049,0.265273472653,1,False,False,,0.123419410338,240,0.123419410338,240,0.123419410338,240,0.071854700022000006,240,0.071854700022000006,240,True,True,True,True,True,True,True
equity,ridge,0.10000000000000001,1,373,42010506,415,a1c005f74c96c8375d347f099eb859c2b6a3dd5243e8e0f5e40b152a4fb48b0f,0.123387661234,0.61693830617000001,False,False,,0.074684194371000004,240,0.074684194371000004,240,0.074684194371000004,240,0.099414026983000003,240,0.099414026983000003,240,True,True,True,True,True,True,True
equity,ridge,0.10000000000000001,1,374,42010507,416,2a140b670db0873c46043d429573e727b5ec0391d61bd5052bcdd677ad8f5982,0.051294870513000003,0.25647435256500001,False,False,,0.144976901208,240,0.144976901208,240,0.144976901208,240,0.126465140807,240,0.126465140807,240,True,True,True,True,True,True,True
equity,ridge,0.10000000000000001,1,375,42010508,417,58e434315208dae52cb5693378f6a967fd13ad2a9147eac9735c0327bee9519c,0.142585741426,0.71292870713000001,False,False,,0.110752780247,240,0.110752780247,240,0.110752780247,240,0.095858603188000005,240,0.095858603188000005,240,True,True,True,True,True,True,True
equity,ridge,0.10000000000000001,1,376,42010509,418,ff09f6641994893c99e5fd6676a8034bc289d547fce0f025b917ffb43a0266a9,0.040295970403000002,0.20147985201499999,False,True,,0.27137268346100002,240,0.27137268346100002,240,0.27137268346100002,240,0.13359873443199999,240,0.13359873443199999,240,True,True,True,True,True,True,True
equity,ridge,0.10000000000000001,1,377,42010510,419,be7a0cc522a8e80bc5ee44695696ca416fcefb2cf3a82fbd90b304915f3e65d5,0.121187881212,0.60593940605999996,False,False,,0.122066437599,240,0.122066437599,240,0.122066437599,240,0.10191444606,240,0.10191444606,240,True,True,True,True,True,True,True
equity,ridge,0.10000000000000001,1,378,42010511,420,fe23c4b047b28132707ae0c570786179ad64cd15a4e27de450e4d42c7c570c61,0.24997500249999999,1,False,False,,0.101274238583,240,0.101274238583,240,0.101274238583,240,0.074972491887000003,240,0.074972491887000003,240,True,True,True,True,True,True,True
equity,ridge,0.10000000000000001,1,379,42010512,421,6ef989afd982bb87c5a159ded597d0a53b4a5d6e1c6cc40c9ba1cd9e974028af,0.073992600739999997,0.36996300370000001,False,False,,0.19778195337500001,240,0.19778195337500001,240,0.19778195337500001,240,0.11599449196100001,240,0.11599449196100001,240,True,True,True,True,True,True,True
equity,ridge,0.10000000000000001,1,380,42010513,422,83fe0727286cf5bb9011711d126d6e667daf8a1744d948c34f812438487f29c3,0.096090390961,0.48045195480500003,False,False,,0.061665252078999998,240,0.061665252078999998,240,0.061665252078999998,240,0.108423240213,240,0.108423240213,240,True,True,True,True,True,True,True
equity,ridge,0.10000000000000001,1,381,42010514,423,fadbd8348cd5302e2ce4587ae7ffe34f1d5d4b0be1233a75cc02cbb6616f804b,0.194880511949,0.97440255974500001,False,False,,0.105588309862,240,0.105588309862,240,0.105588309862,240,0.084684907027000003,240,0.084684907027000003,240,True,True,True,True,True,True,True
equity,ridge,0.10000000000000001,1,382,42010515,424,070050a3eb69dc7a19ff7125c5b9d8816018d3029a53abec3dddd64797e92946,0.099090090990999996,0.49545045495500001,False,False,,0.13445112183899999,240,0.13445112183899999,240,0.13445112183899999,240,0.107274388052,240,0.107274388052,240,True,True,True,True,True,True,True
equity,ridge,0.10000000000000001,1,383,42010516,425,febd6081ce90b57c229cb35f7691c39a1c15558a04eb030f16010b165ecffbe8,0.093590640936000002,0.46795320468000001,False,False,,0.189186283042,240,0.189186283042,240,0.189186283042,240,0.108009022154,240,0.108009022154,240,True,True,True,True,True,True,True
equity,ridge,0.10000000000000001,1,384,42010517,426,5ce7ac59e6be65775ded644ca7ca6332aab02b1f0baf911bd78696fdb52b577e,0.218878112189,1,False,False,,0.035083412836999998,240,0.035083412836999998,240,0.035083412836999998,240,0.079722937640000005,240,0.079722937640000005,240,True,True,True,True,True,True,True
equity,ridge,0.10000000000000001,1,385,42010518,427,08e78cb2a30a4dbcb875656850f7596d94a677f907d40cfbd06d0d12f111e3d6,0.13488651134900001,0.67443255674500002,False,False,,0.051656190115,240,0.051656190115,240,0.051656190115,240,0.096608706106999995,240,0.096608706106999995,240,True,True,True,True,True,True,True
equity,ridge,0.10000000000000001,1,386,42010519,428,15219d392761262635a2ec519bd528e50dab4c8d79d33cf805828ad58c48499e,0.090490950905000006,0.452454754525,False,False,,0.15829958071,240,0.15829958071,240,0.15829958071,240,0.110657836537,240,0.110657836537,240,True,True,True,True,True,True,True
equity,ridge,0.10000000000000001,1,387,42010520,429,4995b33585c75f038aeba10c4f29c032cdddf84f2a70856262c22e61837add65,0.12908709129099999,0.645435456455,False,False,,0.15561174681199999,240,0.15561174681199999,240,0.15561174681199999,240,0.097999628470999994,240,0.097999628470999994,240,True,True,True,True,True,True,True
equity,ridge,0.10000000000000001,1,388,42010521,430,a16aca74098f28a91207d145c25259711e80fe2d8d249d3e27c82f15b1b2f23c,0.11418858114200001,0.57094290570999995,False,False,,0.052923527342000003,240,0.052923527342000003,240,0.052923527342000003,240,0.103180162607,240,0.103180162607,240,True,True,True,True,True,True,True
equity,ridge,0.10000000000000001,1,389,42010522,431,62360d0c63e7009cc838e89933fa4e20fc17bbdaac3884fdb0b4ca6ddf074916,0.097090290970999998,0.48545145485500002,False,False,,0.140703211307,240,0.140703211307,240,0.140703211307,240,0.109064171025,240,0.109064171025,240,True,True,True,True,True,True,True
equity,ridge,0.10000000000000001,1,390,42010523,432,b18b5744a2d717ea77feda70a403cd129d6048c160b4f9f745a114bcf10cf088,0.031396860313999998,0.15698430157000001,False,True,,0.128435464537,240,0.128435464537,240,0.128435464537,240,0.14147579173499999,240,0.14147579173499999,240,True,True,True,True,True,True,True
equity,ridge,0.10000000000000001,1,391,42010524,433,ac2592c9e6e93711edba9b5be269aa90f5139adb9d374f4465739feea909ded5,0.20907909209100001,1,False,False,,0.024215418009000001,240,0.024215418009000001,240,0.024215418009000001,240,0.082739306459999995,240,0.082739306459999995,240,True,True,True,True,True,True,True
equity,ridge,0.10000000000000001,1,392,42010525,434,d15da5ec76a8da4a22b52e236ccef35b1e6dff478babaa23fc2f593aad5da113,0.23037696230400001,1,False,False,,0.022824306797,240,0.022824306797,240,0.022824306797,240,0.078394606369999995,240,0.078394606369999995,240,True,True,True,True,True,True,True
equity,ridge,0.10000000000000001,1,393,42010526,435,f6448e753ee30bc184c12b6938da2d1c54009aadbc6924b923f663be55e44120,0.17188281171899999,0.85941405859499997,False,False,,0.106095278547,240,0.106095278547,240,0.106095278547,240,0.088083860230000005,240,0.088083860230000005,240,True,True,True,True,True,True,True
equity,ridge,0.10000000000000001,1,394,42010527,436,133dcb791762e2020b76db78600db05dd603c3661d60f46e0f6adcbbca3d2ae7,0.189381061894,0.94690530946999996,False,False,,0.105549102049,240,0.105549102049,240,0.105549102049,240,0.083755222608000002,240,0.083755222608000002,240,True,True,True,True,True,True,True
equity,ridge,0.10000000000000001,1,395,42010528,437,c161c2e74386ffdd8272abe2359f986a9b5f334772fd13a79946103a505dbc88,0.31766823317699999,1,False,False,,0.15671448962100001,240,0.15671448962100001,240,0.15671448962100001,240,0.065095372243999999,240,0.065095372243999999,240,True,True,True,True,True,True,True
equity,ridge,0.10000000000000001,1,396,42010529,438,a69256978170abd77ea19d6fcbea4fc34e44f234b425b398bea546c6890dcd24,0.20697930207000001,1,False,False,,0.069418508655000002,240,0.069418508655000002,240,0.069418508655000002,240,0.08209060772,240,0.08209060772,240,True,True,True,True,True,True,True
equity,ridge,0.10000000000000001,1,397,42010530,439,d9499c19600e27636750ff9ce797202110fc6e205626348cb2254a4ac3dea04b,0.141585841416,0.70792920707999996,False,False,,0.096570853562,240,0.096570853562,240,0.096570853562,240,0.095108419675,240,0.095108419675,240,True,True,True,True,True,True,True
equity,ridge,0.10000000000000001,1,398,42010531,440,4a763d33cb7631b5f191fbdc9ff2053d4f8f49b2852ed52e38780722cfc15aa3,0.165883411659,0.82941705829500001,False,False,,0.111190461266,240,0.111190461266,240,0.111190461266,240,0.091029703710000007,240,0.091029703710000007,240,True,True,True,True,True,True,True
equity,ridge,0.10000000000000001,1,399,42010532,441,daa7a2fa5fa430f842acb8c71fce6aa1aaa848d624e278076f8b59ba7126726e,0.060593940605999999,0.30296970302999998,False,False,,0.11749510132,240,0.11749510132,240,0.11749510132,240,0.122800363934,240,0.122800363934,240,True,True,True,True,True,True,True
equity,ridge,0.10000000000000001,1,400,42010533,442,f1f701f40fd3a869bae5b6fcf86d8cd0ab2563cc3d4f26b2568e11edc2bc28f4,0.25317468253199998,1,False,False,,0.00972166912,240,0.00972166912,240,0.00972166912,240,0.074011551118999999,240,0.074011551118999999,240,True,True,True,True,True,True,True
equity,ridge,0.10000000000000001,1,401,42010534,443,4fb830e799d129af9a73b2e0a68fbc4b0e4844c0b1d704deee4d810ebe727b73,0.099390060993999996,0.49695030496999998,False,False,,0.199328854522,240,0.199328854522,240,0.199328854522,240,0.106250931289,240,0.106250931289,240,True,True,True,True,True,True,True
equity,ridge,0.10000000000000001,1,402,42010535,444,33d724d2db178eadf219d7d079ea7a569e6f921ea5d74d798a2a50c6ba47abab,0.217578242176,1,False,False,,0.0021477685629999999,240,0.0021477685629999999,240,0.0021477685629999999,240,0.081551768152999998,240,0.081551768152999998,240,True,True,True,True,True,True,True
equity,ridge,0.10000000000000001,1,403,42010536,445,b437f5a213e586021bb785fdfc4f4f9e87a7db86a4a7a193bb03c8ce41cc1ebc,0.15078492150799999,0.75392460754000001,False,False,,0.0067825634249999997,240,0.0067825634249999997,240,0.0067825634249999997,240,0.093155045684000001,240,0.093155045684000001,240,True,True,True,True,True,True,True
equity,ridge,0.10000000000000001,1,404,42010537,446,97fb9c9c2dbe8ad09c641aa2406ff278c97f4839b0133604a6e704e01d5a2de4,0.19858014198599999,0.99290070993000001,False,False,,0.035942651595,240,0.035942651595,240,0.035942651595,240,0.082833011764,240,0.082833011764,240,True,True,True,True,True,True,True
equity,ridge,0.10000000000000001,1,405,42010538,447,3e6c78f2ba5957e7156a9b50c7874e8911fd42d96e77c0814d4437e411fd0e45,0.15998400160000001,0.79992000799999996,False,False,,-0.0051101721819999998,240,-0.0051101721819999998,240,-0.0051101721819999998,240,0.091818865341999997,240,0.091818865341999997,240,True,True,True,True,True,True,True
equity,ridge,0.10000000000000001,1,406,42010539,448,f61d4bce694d324fc3b539bbd362ea9b3d98eaaaccd4c9100ec47fc2b9bfb164,0.17098290171,0.85491450854999995,False,False,,0.057853261891999998,240,0.057853261891999998,240,0.057853261891999998,240,0.088380811480000002,240,0.088380811480000002,240,True,True,True,True,True,True,True
equity,ridge,0.10000000000000001,1,407,42010540,449,e90b390272dc8f502ce562c9ea4da2722ac142425b7047dbcd8fe3f023555f13,0.11488851114900001,0.57444255574500003,False,False,,0.026363273943999999,240,0.026363273943999999,240,0.026363273943999999,240,0.102578598232,240,0.102578598232,240,True,True,True,True,True,True,True
equity,ridge,0.10000000000000001,1,408,42010541,450,7a74b37da5fac84366651d07fbe61c59ab067fe88b8b35b81f72f6f778969ad4,0.29537046295399999,1,False,False,,-0.061673368578000001,240,-0.061673368578000001,240,-0.061673368578000001,240,0.067128141631999996,240,0.067128141631999996,240,True,True,True,True,True,True,True
equity,ridge,0.10000000000000001,1,409,42010542,451,5adda86fa87c6a441d10fffa240bba0d1a42229c8eb5123193d44c3befb7063e,0.055994400559999997,0.27997200280000001,False,False,,0.17001907897099999,240,0.17001907897099999,240,0.17001907897099999,240,0.12290143969,240,0.12290143969,240,True,True,True,True,True,True,True
equity,ridge,0.10000000000000001,1,410,42010543,452,c7d0b7af2278af8264f9817a1518ae9479ffad9f6124c3fc7949be260849795d,0.118888111189,0.594440555945,False,False,,0.019237656876999999,240,0.019237656876999999,240,0.019237656876999999,240,0.101890885837,240,0.101890885837,240,True,True,True,True,True,True,True
equity,ridge,0.10000000000000001,1,411,42010544,453,4cd498c3321f6a809e2ecab3cbf4f58dd7465661607dd23f14273f90d5063b6b,0.15438456154399999,0.77192280771999999,False,False,,0.111104298593,240,0.111104298593,240,0.111104298593,240,0.092326824057000004,240,0.092326824057000004,240,True,True,True,True,True,True,True
equity,ridge,0.10000000000000001,1,412,42010545,454,b12e9f4fc81d1651fb2078c0596b8cc02276933e7b9a41b08f7f8aa89c45c9db,0.17598240175999999,0.87991200879999998,False,False,,0.163714570433,240,0.163714570433,240,0.163714570433,240,0.087693101649999994,240,0.087693101649999994,240,True,True,True,True,True,True,True
equity,ridge,0.10000000000000001,1,413,42010546,455,2e378cb8bdbf25535712d41b21ed5e5692f2af805354f3f1895a7c9a50e94f7c,0.15208479152099999,0.76042395760500003,False,False,,0.15167264035299999,240,0.15167264035299999,240,0.15167264035299999,240,0.093545720555999995,240,0.093545720555999995,240,True,True,True,True,True,True,True
equity,ridge,0.10000000000000001,1,414,42010547,456,c6766a24e73ee99c8cba1ebe151d6f00f2ff7b48a0a4588b3d6a8f67474a8873,0.26237376262399997,1,False,False,,0.105892617277,240,0.105892617277,240,0.105892617277,240,0.073229823498000002,240,0.073229823498000002,240,True,True,True,True,True,True,True
equity,ridge,0.10000000000000001,1,415,42010548,457,700ee5eb97b273683a71676e917ad05f68b3a2c795f3eacfae4a93efe6d2b2e4,0.17438256174399999,0.87191280871999999,False,False,,0.104587968586,240,0.104587968586,240,0.104587968586,240,0.088005763685000002,240,0.088005763685000002,240,True,True,True,True,True,True,True
equity,ridge,0.10000000000000001,1,416,42010549,458,8f4fb7e4928fb3f018da157aebf86fe3e21987bb4f91f5e8f59221d1aa346153,0.192180781922,0.96090390961000005,False,False,,0.097673339018999994,240,0.097673339018999994,240,0.097673339018999994,240,0.083684775298000003,240,0.083684775298000003,240,True,True,True,True,True,True,True
equity,ridge,0.10000000000000001,1,417,42010550,459,0af4cc7b5b3798363e0c803276ae3248dcfdb675bb734688f72b13f8ba822b8a,0.13718628137200001,0.68593140685999998,False,False,,0.026138464500999999,240,0.026138464500999999,240,0.026138464500999999,240,0.097632656693999995,240,0.097632656693999995,240,True,True,True,True,True,True,True
equity,ridge,0.10000000000000001,1,418,42010551,460,50b33605288ea7aca45dd5d52208ff0945a523be4a2e3d3fa7583418e75b962c,0.22457754224599999,1,False,False,,0.11295565387299999,240,0.11295565387299999,240,0.11295565387299999,240,0.079082480137000005,240,0.079082480137000005,240,True,True,True,True,True,True,True
equity,ridge,0.10000000000000001,1,419,42010552,461,c442270dc29369084545111387932e269b734199d3b979a76bdabb608e8aebbd,0.11368863113700001,0.56844315568500003,False,False,,0.082568674879000006,240,0.082568674879000006,240,0.082568674879000006,240,0.10253974302,240,0.10253974302,240,True,True,True,True,True,True,True
equity,ridge,0.10000000000000001,1,420,42010553,462,336ee2e7d173036c3da87bd8ae100515a55d48ce3ccca6c8da83aa7feff41eee,0.15348465153499999,0.76742325767499997,False,False,,0.024379774307000002,240,0.024379774307000002,240,0.024379774307000002,240,0.093569054565000004,240,0.093569054565000004,240,True,True,True,True,True,True,True
equity,ridge,0.10000000000000001,1,421,42010554,463,88c7cada28cba92dfcdcc83c96ea1a7667d1cd4270c73f447eaa129cdc960143,0.064593540645999994,0.32296770323000001,False,False,,0.085014209795000004,240,0.085014209795000004,240,0.085014209795000004,240,0.120613001071,240,0.120613001071,240,True,True,True,True,True,True,True
equity,ridge,0.10000000000000001,1,422,42010555,464,945cb854edf1d03f52d5feab2542f2405b048a7e4e155aa50c9e3b5aff17778f,0.215878412159,1,False,False,,0.079381161236000003,240,0.079381161236000003,240,0.079381161236000003,240,0.079832594595,240,0.079832594595,240,True,True,True,True,True,True,True
equity,ridge,0.10000000000000001,1,423,42010556,465,a7519cf75d94516c4c3b1a34d38f2908dadc6b4e7b29b9e4fc74c39cd5fc8485,0.012498750124999999,0.062493750624999997,False,True,,0.147431123562,240,0.147431123562,240,0.147431123562,240,0.161869541723,240,0.161869541723,240,True,True,True,True,True,True,True
equity,ridge,0.10000000000000001,1,424,42010557,466,06df25b83a0bc0adedaebae49928bfa740e45b2a8753e14cccd866ebb96f0ae6,0.120287971203,0.60143985601500005,False,False,,0.15756424635300001,240,0.15756424635300001,240,0.15756424635300001,240,0.100218665675,240,0.100218665675,240,True,True,True,True,True,True,True
equity,ridge,0.10000000000000001,1,425,42010558,467,00fbdb3c0d9959f0af00a1c0ecfb0f0dccae31d6b75c7a985c9967f3e8dd7df0,0.058694130587000001,0.29347065293500002,False,False,,0.165636386395,240,0.165636386395,240,0.165636386395,240,0.123308426323,240,0.123308426323,240,True,True,True,True,True,True,True
equity,ridge,0.10000000000000001,1,426,42010559,468,59d07de6656ce780eac1bd256c582f757e46b072fa6c20c0bb5397c0f2854195,0.039896010399000002,0.19948005199499999,False,True,,0.161918031175,240,0.161918031175,240,0.161918031175,240,0.13656861474099999,240,0.13656861474099999,240,True,True,True,True,True,True,True
equity,ridge,0.10000000000000001,1,427,42010560,469,40009ca1d6fa26a90258ea516a6ed49c8a388e94af2967ea9e5b83f72cf5f990,0.144685531447,0.72342765723500002,False,False,,0.09644544461,240,0.09644544461,240,0.09644544461,240,0.095194388005999997,240,0.095194388005999997,240,True,True,True,True,True,True,True
equity,ridge,0.10000000000000001,1,428,42010561,470,82dd69e8cb3d19d7f793f8ea40adeff49e28ca2616e87da36b8c8e4c15b19cb0,0.039696030397000003,0.19848015198499999,False,True,,0.187561615421,240,0.187561615421,240,0.187561615421,240,0.13411478748200001,240,0.13411478748200001,240,True,True,True,True,True,True,True
equity,ridge,0.10000000000000001,1,429,42010562,471,f262b3e54dacffb9fd9d3352c3fe3c7a3709acf8b2d00850d6573fe9a5d462a1,0.025497450255000002,0.12748725127499999,False,True,,0.24178175023699999,240,0.24178175023699999,240,0.24178175023699999,240,0.14324107794099999,240,0.14324107794099999,240,True,True,True,True,True,True,True
equity,ridge,0.10000000000000001,1,430,42010563,472,cca1dd127ff0b6faab7f589bab09b970e508657221c602fabe6c922868208da9,0.13828617138300001,0.69143085691499995,False,False,,0.093476921584999997,240,0.093476921584999997,240,0.093476921584999997,240,0.096312005980999996,240,0.096312005980999996,240,True,True,True,True,True,True,True
equity,ridge,0.10000000000000001,1,431,42010564,473,ad2e4662c7a0f0fc46d12494049ed7d2a26a78ac62c33c8219b73f9f19effd63,0.075792420757999995,0.37896210379,False,False,,0.104876843818,240,0.104876843818,240,0.104876843818,240,0.114689972955,240,0.114689972955,240,True,True,True,True,True,True,True
equity,ridge,0.10000000000000001,1,432,42010565,474,1fe0c0c008a627f73e0ef26b3fe08b271f9132bb4c7271806e149b05627a5e27,0.10318968103200001,0.51594840515999996,False,False,,0.14902453758199999,240,0.14902453758199999,240,0.14902453758199999,240,0.10564918612599999,240,0.10564918612599999,240,True,True,True,True,True,True,True
equity,ridge,0.10000000000000001,1,433,42010566,475,207fb5a05e6992123b28478970d93e5b63874eac2cf2796d21d6c22391c0066e,0.14798520147999999,0.73992600740000003,False,False,,0.044561633406000001,240,0.044561633406000001,240,0.044561633406000001,240,0.093303554920999995,240,0.093303554920999995,240,True,True,True,True,True,True,True
equity,ridge,0.10000000000000001,1,434,42010567,476,25da1e290981745dd59cb9c398a79c35442e6f29d1d10298b7c9b189fa197e43,0.15548445155499999,0.77742225777499996,False,False,,0.061581449906000001,240,0.061581449906000001,240,0.061581449906000001,240,0.092280150177999995,240,0.092280150177999995,240,True,True,True,True,True,True,True
equity,ridge,0.10000000000000001,1,435,42010568,477,fa1cdc9582749ad7a787fb2d9f51865c96321349632ed0287ebb16583ba8a1ad,0.15418458154199999,0.77092290771000005,False,False,,0.12531004120399999,240,0.12531004120399999,240,0.12531004120399999,240,0.092990885927,240,0.092990885927,240,True,True,True,True,True,True,True
equity,ridge,0.10000000000000001,1,436,42010569,478,e27b7a4cf9dc2af374b3483d404737d6341818ed5e417ad3b4823f82a78f4bbf,0.019498050195000002,0.097490250974999998,False,True,,0.20726039209800001,240,0.20726039209800001,240,0.20726039209800001,240,0.15188307358200001,240,0.15188307358200001,240,True,True,True,True,True,True,True
equity,ridge,0.10000000000000001,1,437,42010570,479,29a20324bc212af0af0991c85997e598167cb7eed18535f04c3432c890c66f4a,0.16068393160700001,0.80341965803500004,False,False,,0.067972280474999994,240,0.067972280474999994,240,0.067972280474999994,240,0.091842319692999996,240,0.091842319692999996,240,True,True,True,True,True,True,True
equity,ridge,0.10000000000000001,1,438,42010571,480,c736f51c19d932bdc27341f4d582379a1d1f29cc0711a2954475ede75441e493,0.110588941106,0.55294470552999997,False,False,,0.036966158546000001,240,0.036966158546000001,240,0.036966158546000001,240,0.104672638981,240,0.104672638981,240,True,True,True,True,True,True,True
equity,ridge,0.10000000000000001,1,439,42010572,481,c310271defa2ba1e85fe1ccf1deb13424c963eccd49dbb8febfd3a5248cc56b5,0.190580941906,0.95290470952999995,False,False,,0.0047049904979999998,240,0.0047049904979999998,240,0.0047049904979999998,240,0.085614878839,240,0.085614878839,240,True,True,True,True,True,True,True
equity,ridge,0.10000000000000001,1,440,42010573,482,bc2e11f21fb3c2ba91cecccc1cfaea78ce5897eea581f0e8d26ec985b4c9ed08,0.145485451455,0.72742725727500002,False,False,,-0.052953979212999998,240,-0.052953979212999998,240,-0.052953979212999998,240,0.095350728731000006,240,0.095350728731000006,240,True,True,True,True,True,True,True
equity,ridge,0.10000000000000001,1,441,42010574,483,a9596f565c31349c93d7f11727536df78a37ea197e2f4055528db2165cd8bab1,0.18508149185100001,0.92540745925500001,False,False,,0.012237728644000001,240,0.012237728644000001,240,0.012237728644000001,240,0.086513479455,240,0.086513479455,240,True,True,True,True,True,True,True
equity,ridge,0.10000000000000001,1,442,42010575,484,9c7b308d9ca45a82aa78d98d9980be89a5b9d2c4cd3b910451c27f2f6d6c49ca,0.12198780122,0.60993900609999996,False,False,,0.076800892135999999,240,0.076800892135999999,240,0.076800892135999999,240,0.099531093954000005,240,0.099531093954000005,240,True,True,True,True,True,True,True
equity,ridge,0.10000000000000001,1,443,42010576,485,43a99035491bff002db421e3b8c07f095be84b6eae983d920330d9750727045c,0.19828017198299999,0.99140085991500004,False,False,,0.050470673995,240,0.050470673995,240,0.050470673995,240,0.083591278805999994,240,0.083591278805999994,240,True,True,True,True,True,True,True
equity,ridge,0.10000000000000001,1,444,42010577,486,de0bda182830a5b4eb225b91136b0f398aab37ca59f65d4c6b81dd3c4f1358aa,0.123087691231,0.61543845615500004,False,False,,0.073207355879,240,0.073207355879,240,0.073207355879,240,0.100078067238,240,0.100078067238,240,True,True,True,True,True,True,True
equity,ridge,0.10000000000000001,1,445,42010578,487,753dbfb03b0b225c6359af672c439816ff32e06afaf0fe359cdcdac4476b8e2c,0.17558244175599999,0.87791220877999998,False,False,,0.15615878292300001,240,0.15615878292300001,240,0.15615878292300001,240,0.087935252630999994,240,0.087935252630999994,240,True,True,True,True,True,True,True
equity,ridge,0.10000000000000001,1,446,42010579,488,9b64cee45741b901ecfa853218598687990e5edcf8e727f317b062171a713e67,0.23297670233000001,1,False,False,,0.12864729992599999,240,0.12864729992599999,240,0.12864729992599999,240,0.077285208384999998,240,0.077285208384999998,240,True,True,True,True,True,True,True
equity,ridge,0.10000000000000001,1,447,42010580,489,18057f042a72ed5613d0ec884069cac6c9540c8bdff800b42bd9ca6285ce81bb,0.089091090890999994,0.44545545445500001,False,False,,0.19845397861399999,240,0.19845397861399999,240,0.19845397861399999,240,0.111134319649,240,0.111134319649,240,True,True,True,True,True,True,True
equity,ridge,0.10000000000000001,1,448,42010581,490,fb84fd8707b32213c55839b3e66957797dbf01810b8bc7ff1cf7523fa7dd4b76,0.12598740125999999,0.62993700630000005,False,False,,0.170114502951,240,0.170114502951,240,0.170114502951,240,0.099218428255999996,240,0.099218428255999996,240,True,True,True,True,True,True,True
equity,ridge,0.10000000000000001,1,449,42010582,491,2293d427908b7f633a24831436b26bde437f56ad063189272961ba64076e13b3,0.104389561044,0.52194780521999995,False,False,,0.037749519303000002,240,0.037749519303000002,240,0.037749519303000002,240,0.10532123588,240,0.10532123588,240,True,True,True,True,True,True,True
equity,ridge,0.10000000000000001,1,450,42010583,492,3e7b3e8fbabd0565e593f67d60331d79626d349edb7af6693868e2b95b75abf9,0.15758424157600001,0.78792120787999997,False,False,,0.175396644583,240,0.175396644583,240,0.175396644583,240,0.090146701046000005,240,0.090146701046000005,240,True,True,True,True,True,True,True
equity,ridge,0.10000000000000001,1,451,42010584,493,e8f730ad66b518e741f8fdb94b24cfbe87409ee3c567bc535236b8e58108e638,0.18688131186900001,0.93440655934500005,False,False,,0.040303240142999998,240,0.040303240142999998,240,0.040303240142999998,240,0.085778919354000005,240,0.085778919354000005,240,True,True,True,True,True,True,True
equity,ridge,0.10000000000000001,1,452,42010585,494,d6e6be74815873179d8ce896a0cd296910bdcc5aae1df29764259007704c8732,0.104089591041,0.52044795520499998,False,False,,0.024582409933999998,240,0.024582409933999998,240,0.024582409933999998,240,0.105836911236,240,0.105836911236,240,True,True,True,True,True,True,True
equity,ridge,0.10000000000000001,1,453,42010586,495,00e04f66f4806f633b568a9f52aede404bf1abfd2dbbcd15baa748e4309102c0,0.13498650135000001,0.67493250675000005,False,False,,0.132373730982,240,0.132373730982,240,0.132373730982,240,0.097139942231000004,240,0.097139942231000004,240,True,True,True,True,True,True,True
equity,ridge,0.10000000000000001,1,454,42010587,496,46879c4e1bb63edad757b9199ed2351e0d49d62c5a9116b9b5b7732af1477e61,0.218478152185,1,False,False,,-0.011876729371999999,240,-0.011876729371999999,240,-0.011876729371999999,240,0.080535682940000006,240,0.080535682940000006,240,True,True,True,True,True,True,True
equity,ridge,0.10000000000000001,1,455,42010588,497,e0785119076f7358274d6c08dee01fcbeda72fd3a454adff3155e6af6b9661fa,0.109489051095,0.547445255475,False,False,,0.087716521748000001,240,0.087716521748000001,240,0.087716521748000001,240,0.104539644903,240,0.104539644903,240,True,True,True,True,True,True,True
equity,ridge,0.10000000000000001,1,456,42010589,498,54eaf4a8d44001b56224f8f6d7d57c2c28ce3d17096dc8d11ed46d546759961c,0.17418258174199999,0.87091290871000004,False,False,,0.015548030270999999,240,0.015548030270999999,240,0.015548030270999999,240,0.088021247888000004,240,0.088021247888000004,240,True,True,True,True,True,True,True
equity,ridge,0.10000000000000001,1,457,42010590,499,e14ed3a5c885e744780a01978e6d5986c148b7be3bc924a1567a0603886374e3,0.20317968203199999,1,False,False,,0.036364834306000002,240,0.036364834306000002,240,0.036364834306000002,240,0.083083093878000003,240,0.083083093878000003,240,True,True,True,True,True,True,True
equity,ridge,0.10000000000000001,1,458,42010591,500,b7ccd1f43e65ed1effe0f99d1300398095e06d67216723a681063c0db979b7b8,0.120287971203,0.60143985601500005,False,False,,0.067370268252000001,240,0.067370268252000001,240,0.067370268252000001,240,0.100718628782,240,0.100718628782,240,True,True,True,True,True,True,True
equity,ridge,0.10000000000000001,1,459,42010592,501,608b4276f337e615f377a316387730b00f39e1c2dd80f3e3c1940b572d5642b6,0.121687831217,0.60843915608499999,False,False,,0.108330152372,240,0.108330152372,240,0.108330152372,240,0.10074213625099999,240,0.10074213625099999,240,True,True,True,True,True,True,True
equity,ridge,0.10000000000000001,1,460,42010593,502,36037b0f747f99cf018d02178446803c0c3e9867fae57e211358a549a5d22c6b,0.10188981101900001,0.50944905509500005,False,False,,0.14439151579699999,240,0.14439151579699999,240,0.14439151579699999,240,0.104289860256,240,0.104289860256,240,True,True,True,True,True,True,True
equity,ridge,0.10000000000000001,1,461,42010594,503,30714a4e2bf61d667d7e1609235db61bcef48f48d9d3004d525230ca60604184,0.13618638136200001,0.68093190681000004,False,False,,-0.065385780783999994,240,-0.065385780783999994,240,-0.065385780783999994,240,0.098398061746000007,240,0.098398061746000007,240,True,True,True,True,True,True,True
equity,ridge,0.10000000000000001,1,462,42010595,504,9626f96c1483b1ccea4341683a714cb385ca628e5ec6609f0a769e83dcb21104,0.13458654134600001,0.67293270673000005,False,False,,0.074292289701999997,240,0.074292289701999997,240,0.074292289701999997,240,0.097655557140999993,240,0.097655557140999993,240,True,True,True,True,True,True,True
equity,ridge,0.10000000000000001,1,463,42010596,505,95a9e06f371d461827d37ca3dde2187fd0693052404627cdaaf97dc7b8d1a80d,0.026097390261000001,0.13048695130499999,False,True,,0.15689233760900001,240,0.15689233760900001,240,0.15689233760900001,240,0.14532746689100001,240,0.14532746689100001,240,True,True,True,True,True,True,True
equity,ridge,0.10000000000000001,1,464,42010597,506,d010dae16a7796a2e0c39be07763f79fdd86cf17b071e40936b421373eb00ff4,0.019698030197000001,0.098490150984999997,False,True,,0.20755722978400001,240,0.20755722978400001,240,0.20755722978400001,240,0.14885917458600001,240,0.14885917458600001,240,True,True,True,True,True,True,True
equity,ridge,0.10000000000000001,1,465,42010598,507,1cc247390e4c3d6dfeac5f40d72931312cba41a336b6a4f423ae0b20969fa47b,0.077592240775999993,0.38796120387999999,False,False,,0.112237167963,240,0.112237167963,240,0.112237167963,240,0.115190051275,240,0.115190051275,240,True,True,True,True,True,True,True
equity,ridge,0.10000000000000001,1,466,42010599,508,78bfd939459918b04fefe0be051ddb01d240663d2b0c8ecbdd480b201f73d867,0.056794320567999997,0.28397160284,False,False,,0.11859785255499999,240,0.11859785255499999,240,0.11859785255499999,240,0.122792809031,240,0.122792809031,240,True,True,True,True,True,True,True
equity,ridge,0.10000000000000001,1,467,42010600,509,6e29c101e9bc12ff39e7e422b3e6d1ffbf63ca1963638346a728ffb28e12b1ae,0.11478852114800001,0.57394260574,False,False,,0.153431052313,240,0.153431052313,240,0.153431052313,240,0.103703630802,240,0.103703630802,240,True,True,True,True,True,True,True
equity,ridge,0.10000000000000001,1,468,42010601,510,11386bbc69bfd06dd9652f0f93dd3790d309f10e99c94428f8c28e7109bfbd8f,0.23187681231900001,1,False,False,,0.0270674461,240,0.0270674461,240,0.0270674461,240,0.079113757000000007,240,0.079113757000000007,240,True,True,True,True,True,True,True
equity,ridge,0.10000000000000001,1,469,42010602,511,2b559976d4453d4fdc63f73e9402ef47de86f5944448e543e2e6ee89653b2a17,0.38666133386700002,1,False,False,,0.056454124666,240,0.056454124666,240,0.056454124666,240,0.055938288120999997,240,0.055938288120999997,240,True,True,True,True,True,True,True
equity,ridge,0.10000000000000001,1,470,42010603,512,81e73f10c55f9ae73b06cc76ae5b8a4d6fee2998c38391fac3ebcf8a40ace7c4,0.098390160983999997,0.49195080491999998,False,False,,0.124278726943,240,0.124278726943,240,0.124278726943,240,0.10710263364399999,240,0.10710263364399999,240,True,True,True,True,True,True,True
equity,ridge,0.10000000000000001,1,471,42010604,513,5353c0a311f4bd18ee0c148fd806a60b7d226032128c3bd79f532c8e79df668a,0.12418758124199999,0.62093790621,False,False,,0.062908201524999999,240,0.062908201524999999,240,0.062908201524999999,240,0.099296609608999997,240,0.099296609608999997,240,True,True,True,True,True,True,True
equity,ridge,0.10000000000000001,1,472,42010605,514,e6dd8c0fc822567f4c8898fbdf26264332b049b43ab4b7c5a4bd6e78d58f5d12,0.047595240476,0.23797620238,False,True,,0.165925745742,240,0.165925745742,240,0.165925745742,240,0.130231274599,240,0.130231274599,240,True,True,True,True,True,True,True
equity,ridge,0.10000000000000001,1,473,42010606,515,a5d0c19d11d781f4daa850d184f1e5df77151b50730807ca7a31b68f327d2bbc,0.104389561044,0.52194780521999995,False,False,,-0.0094778762110000001,240,-0.0094778762110000001,240,-0.0094778762110000001,240,0.104992983953,240,0.104992983953,240,True,True,True,True,True,True,True
equity,ridge,0.10000000000000001,1,474,42010607,516,e5c8675b50f97f112006f06f1dd291fcf87e8dcf0f929b18205736556d453c4f,0.145585441456,0.72792720728000004,False,False,,0.144891849272,240,0.144891849272,240,0.144891849272,240,0.093240829563999997,240,0.093240829563999997,240,True,True,True,True,True,True,True
equity,ridge,0.10000000000000001,1,475,42010608,517,0fd61a2734c634ec6d334c213b41f1def8d9a3ef205f26ca416fa865a24a3aed,0.061193880611999998,0.30596940305999998,False,False,,0.19189965392399999,240,0.19189965392399999,240,0.19189965392399999,240,0.121448717522,240,0.121448717522,240,True,True,True,True,True,True,True
equity,ridge,0.10000000000000001,1,476,42010609,518,f6f0718a8890f93ae471a3e084dcb6451a51624a16feefb6833cdd9fa53f8316,0.085791420857999998,0.42895710429,False,False,,0.083897603463000001,240,0.083897603463000001,240,0.083897603463000001,240,0.112736363958,240,0.112736363958,240,True,True,True,True,True,True,True
equity,ridge,0.10000000000000001,1,477,42010610,519,4f37761ec5ffbcd76a978373a2b59de4b6c7a66e637a8fb4ea492ead11b42200,0.17368263173699999,0.86841315868500002,False,False,,0.053805555364000002,240,0.053805555364000002,240,0.053805555364000002,240,0.089271505325,240,0.089271505325,240,True,True,True,True,True,True,True
equity,ridge,0.10000000000000001,1,478,42010611,520,f883b2f493e328489257b30b62d088c6b8b32b0d13f928f43f23c37bda059ec9,0.117288271173,0.58644135586500001,False,False,,0.044445031684999997,240,0.044445031684999997,240,0.044445031684999997,240,0.10157053335500001,240,0.10157053335500001,240,True,True,True,True,True,True,True
equity,ridge,0.10000000000000001,1,479,42010612,521,423c39bad2081456088d8d61930041ec36196f06bef9d971a07cefd25992349a,0.052094790521000002,0.260473952605,False,False,,0.17165264046199999,240,0.17165264046199999,240,0.17165264046199999,240,0.12483193393100001,240,0.12483193393100001,240,True,True,True,True,True,True,True
equity,ridge,0.10000000000000001,1,480,42010613,522,fe9d76e671d57676595b18a5f7fde52b0360c92f02bf0f6dee3fdd16973cbafb,0.087591240875999996,0.43795620437999999,False,False,,0.117308808044,240,0.117308808044,240,0.117308808044,240,0.109985932189,240,0.109985932189,240,True,True,True,True,True,True,True
equity,ridge,0.10000000000000001,1,481,42010614,523,fb55fd60162fe5bff4be4fbcc224f19585034774048a24fa8239df61f0847dbf,0.031496850314999998,0.15748425157500001,False,True,,0.18216255500199999,240,0.18216255500199999,240,0.18216255500199999,240,0.139115523612,240,0.139115523612,240,True,True,True,True,True,True,True
equity,ridge,0.10000000000000001,1,482,42010615,524,50cb5fa93bd4faffa670cdcf04c458a066c0b1b245fb99c42e835b03d11984a8,0.87641235876400003,1,False,False,,0.20567457767399999,240,0.20567457767399999,240,0.20567457767399999,240,0.010172328955000001,240,0.010172328955000001,240,True,True,True,True,True,True,True
equity,ridge,0.10000000000000001,1,483,42010616,525,6d0e9f4187b5c5e8640335bae32f80e793f866da490c936756470a2103a56b82,0.15068493150699999,0.75342465753499999,False,False,,0.068909846937000002,240,0.068909846937000002,240,0.068909846937000002,240,0.093819223500000007,240,0.093819223500000007,240,True,True,True,True,True,True,True
equity,ridge,0.10000000000000001,1,484,42010617,526,bfccd19fa93422d0a2e71ca2baa8a02b4acee780e37f3aa08834607d43f30b0d,0.16598340166,0.82991700830000004,False,False,,0.0036825490410000001,240,0.0036825490410000001,240,0.0036825490410000001,240,0.090349666743999996,240,0.090349666743999996,240,True,True,True,True,True,True,True
equity,ridge,0.10000000000000001,1,485,42010618,527,0ed4739fc5583018cc8af142692be89a0e1d53844d7542dfa0e595ac84f34939,0.15348465153499999,0.76742325767499997,False,False,,0.1807157002,240,0.1807157002,240,0.1807157002,240,0.092764314030999995,240,0.092764314030999995,240,True,True,True,True,True,True,True
equity,ridge,0.10000000000000001,1,486,42010619,528,fc8408d3cbc49b965c4546dad07a9bbc9d0c7a32b7a033c3c19e7ae568fdb775,0.18198180182000001,0.90990900910000005,False,False,,0.026309285296000001,240,0.026309285296000001,240,0.026309285296000001,240,0.086857213204,240,0.086857213204,240,True,True,True,True,True,True,True
equity,ridge,0.10000000000000001,1,487,42010620,529,590c9b228111f70adb0bcb6fe18a2ee553a84892aab58d5e424c7179af800208,0.23387661233900001,1,False,False,,0.060166918413000002,240,0.060166918413000002,240,0.060166918413000002,240,0.076769650989999993,240,0.076769650989999993,240,True,True,True,True,True,True,True
equity,ridge,0.10000000000000001,1,488,42010621,530,e6d2a5cf49f531313372bc38113a50f3653b627acf34375417db33001560b205,0.023497650235,0.117488251175,False,True,,0.25761296586400001,240,0.25761296586400001,240,0.25761296586400001,240,0.146116626325,240,0.146116626325,240,True,True,True,True,True,True,True
equity,ridge,0.10000000000000001,1,489,42010622,531,36b63da91eec2e4b341a3443d84920b40eb9788fe7c879ae5ba6b8666da475dd,0.090090990901000007,0.450454954505,False,False,,0.085599697414000003,240,0.085599697414000003,240,0.085599697414000003,240,0.11024362635399999,240,0.11024362635399999,240,True,True,True,True,True,True,True
equity,ridge,0.10000000000000001,1,490,42010623,532,28b5d26c2c89adedebdc9123c1a11ad17904f9d8737a5924ac2a3a50f0eb551d,0.069593040696000003,0.34796520347999998,False,False,,0.17646601177599999,240,0.17646601177599999,240,0.17646601177599999,240,0.119784095674,240,0.119784095674,240,True,True,True,True,True,True,True
equity,ridge,0.10000000000000001,1,491,42010624,533,dc10555d7944b27dbedab5b066dac2756853223342a731f8470f610585c04c17,0.123487651235,0.61743825617500003,False,False,,0.085038008137999999,240,0.085038008137999999,240,0.085038008137999999,240,0.10019527891299999,240,0.10019527891299999,240,True,True,True,True,True,True,True
equity,ridge,0.10000000000000001,1,492,42010625,534,8603d5fcbe7112f7311b5862245836d2f76382af289617bf41b620212b71f9f1,0.044695530446999997,0.22347765223499999,False,True,,0.164706421544,240,0.164706421544,240,0.164706421544,240,0.13034872274500001,240,0.13034872274500001,240,True,True,True,True,True,True,True
equity,ridge,0.10000000000000001,1,493,42010626,535,b5b2982591bd4b0d36ff038dd96405a4bb4b37b9e08c85c8c7e5fddf4889e9e9,0.095290470953,0.47645235476499997,False,False,,0.146851822572,240,0.146851822572,240,0.146851822572,240,0.10754788348700001,240,0.10754788348700001,240,True,True,True,True,True,True,True
equity,ridge,0.10000000000000001,1,494,42010627,536,7cf5bc58b1a4603defe010a26a4acbd998634a4a21b67142354e05750b7adbd9,0.096390360963999999,0.48195180482,False,False,,0.170575210438,240,0.170575210438,240,0.170575210438,240,0.107727724904,240,0.107727724904,240,True,True,True,True,True,True,True
equity,ridge,0.10000000000000001,1,495,42010628,537,ce0c9bc84f229a93325fb18229ec7dbc1be9bdc57b6b1fd467d53650732ef83d,0.170082991701,0.85041495850500004,False,False,,0.070925178990000004,240,0.070925178990000004,240,0.070925178990000004,240,0.089248156662999997,240,0.089248156662999997,240,True,True,True,True,True,True,True
equity,ridge,0.10000000000000001,1,496,42010629,538,63c0f2c729371584607d5c9391f412fd4c4cb8613021f1049b0475ed44bdb398,0.037996200379999998,0.1899810019,False,True,,0.19625201607199999,240,0.19625201607199999,240,0.19625201607199999,240,0.13527937991700001,240,0.13527937991700001,240,True,True,True,True,True,True,True
equity,ridge,0.10000000000000001,1,497,42010630,539,e50b35b3f69fba1058d7e0691042d820260620607c0a61b86cf52f1b8cde6a4b,0.13738626137400001,0.68693130687000004,False,False,,0.103814118979,240,0.103814118979,240,0.103814118979,240,0.095272535655000004,240,0.095272535655000004,240,True,True,True,True,True,True,True
equity,ridge,0.10000000000000001,1,498,42010631,540,e75ad8ff0c7318cd3f685b4528bfd8cd8c0c57052d709a6d4bd4a00a23f08a78,0.15288471152899999,0.76442355764500003,False,False,,0.18874920996200001,240,0.18874920996200001,240,0.18874920996200001,240,0.093428529029999999,240,0.093428529029999999,240,True,True,True,True,True,True,True
equity,ridge,0.10000000000000001,1,499,42010632,541,61b9189ed10f8372edf62a01479cfadfa9e48cfb597f66fc8211d2c903aa97bb,0.17318268173199999,0.86591340865999999,False,False,,0.042124592135,240,0.042124592135,240,0.042124592135,240,0.087693288300000005,240,0.087693288300000005,240,True,True,True,True,True,True,True
equity,ridge,0.10000000000000001,1,500,42010633,542,1810075fdd6b71f98781faf543af4cf4eef001f9f14f0ca5be57c4b165160a36,0.20237976202399999,1,False,False,,0.105424262203,240,0.105424262203,240,0.105424262203,240,0.083004951906000005,240,0.083004951906000005,240,True,True,True,True,True,True,True
equity,ridge,0.10000000000000001,1,501,42010634,543,7edf35b2b434a2f4d9ecd8d68fb7d21b97dac8b801d4ae461e41a10113a4298c,0.15908409159100001,0.79542045795500005,False,False,,0.087584365853000001,240,0.087584365853000001,240,0.087584365853000001,240,0.091764146948999994,240,0.091764146948999994,240,True,True,True,True,True,True,True
equity,ridge,0.10000000000000001,1,502,42010635,544,ada6cfb8f1af7e0f3a88a8698502ad615c01efbb53b4c5747d40f4984864c736,0.22327767223299999,1,False,False,,0.055024039365999998,240,0.055024039365999998,240,0.055024039365999998,240,0.079262584585000004,240,0.079262584585000004,240,True,True,True,True,True,True,True
equity,ridge,0.10000000000000001,1,503,42010636,545,6d117e19471469addec02a621647cf736dd5e955ecb0f1658693091010b9e895,0.063693630636999995,0.31846815318499999,False,False,,0.231233718289,240,0.231233718289,240,0.231233718289,240,0.121026932105,240,0.121026932105,240,True,True,True,True,True,True,True
equity,ridge,0.10000000000000001,1,504,42010637,546,e20c6e665e927c6ec6174f3c969eb351e96edb4040decd6cfe4c7fdc4cc17ffa,0.195480451955,0.97740225977499995,False,False,,0.086804843404999998,240,0.086804843404999998,240,0.086804843404999998,240,0.084520674002000001,240,0.084520674002000001,240,True,True,True,True,True,True,True
equity,ridge,0.10000000000000001,1,505,42010638,547,868ad28fa44fadc3c614fb20917fdc7e35fa6b5b6d4afbb7f3ccd74082e5b674,0.140585941406,0.70292970703000002,False,False,,-0.048445118997999997,240,-0.048445118997999997,240,-0.048445118997999997,240,0.094569248755000002,240,0.094569248755000002,240,True,True,True,True,True,True,True
equity,ridge,0.10000000000000001,1,506,42010639,548,728917d86c3aea57af5c36f38c2ccd2a087e246b46e5a193376b5c5b2b063436,0.123787621238,0.61893810619,False,False,,-0.0081799583460000005,240,-0.0081799583460000005,240,-0.0081799583460000005,240,0.098382344918000006,240,0.098382344918000006,240,True,True,True,True,True,True,True
equity,ridge,0.10000000000000001,1,507,42010640,549,64bbfeda3924ab80699bfb8235fd7856f26eda9ae35c55c8e3afd1d795cd4a57,0.15858414158600001,0.79292070793000002,False,False,,0.040882100976999999,240,0.040882100976999999,240,0.040882100976999999,240,0.092147020189000006,240,0.092147020189000006,240,True,True,True,True,True,True,True
equity,ridge,0.10000000000000001,1,508,42010641,550,13cc534183ba8512d8fcb475691dec66174f147f04c2ec334f6b04785ea5f40a,0.15098490150999999,0.75492450754999996,False,False,,0.079951250375000005,240,0.079951250375000005,240,0.079951250375000005,240,0.092701805178999994,240,0.092701805178999994,240,True,True,True,True,True,True,True
equity,ridge,0.10000000000000001,1,509,42010642,551,d8325f81ff719a0d631cc324b9321e9e27d5b4cabb1db602152e58a780250d2a,0.44165583441700001,1,False,False,,0.073667613869000004,240,0.073667613869000004,240,0.073667613869000004,240,0.049843300447,240,0.049843300447,240,True,True,True,True,True,True,True
equity,ridge,0.10000000000000001,1,510,42010643,552,16898bb67998d8d7cf3c3b0cc6ccdeee8e709723ff6287b1f3affe4cd215d5af,0.12818718128199999,0.64093590640999998,False,False,,-0.016228848271000001,240,-0.016228848271000001,240,-0.016228848271000001,240,0.098374773346000005,240,0.098374773346000005,240,True,True,True,True,True,True,True
equity,ridge,0.10000000000000001,1,511,42010644,553,0b2a9949bb8a1479627dd5dd8810fb6c7b657d5db3f2963db5c5c00a0948620d,0.15148485151499999,0.75742425757499998,False,False,,0.242900073962,240,0.242900073962,240,0.242900073962,240,0.094022199639000006,240,0.094022199639000006,240,True,True,True,True,True,True,True
equity,ridge,0.10000000000000001,1,512,42010645,554,ad1eebd9433c252108c08818b0833f43ca23adfc5052158d5fea8f125fddb716,0.15448455154499999,0.77242275772500002,False,False,,0.082333420490999995,240,0.082333420490999995,240,0.082333420490999995,240,0.093256633398,240,0.093256633398,240,True,True,True,True,True,True,True
equity,ridge,0.10000000000000001,1,513,42010646,555,6f76811604bf5023430d05cab872e5e176afef0582350915163e6e0aa1955a58,0.18798120188,0.93990600940000002,False,False,,-0.082919041823,240,-0.082919041823,240,-0.082919041823,240,0.086622703214999999,240,0.086622703214999999,240,True,True,True,True,True,True,True
equity,ridge,0.10000000000000001,1,514,42010647,556,7739240f138ff805b1492a8382b4a348b168cb3726ca33eaf9b007c509ef7746,0.120187981202,0.60093990601000002,False,False,,0.097602226254999994,240,0.097602226254999994,240,0.097602226254999994,240,0.100382848695,240,0.100382848695,240,True,True,True,True,True,True,True
equity,ridge,0.10000000000000001,1,515,42010648,557,330e22ba8fca3b9699a3eccf11f7dfaf6a36a06154a71381626d4c7350abb5f7,0.15388461153899999,0.76942305769499997,False,False,,0.039734684313,240,0.039734684313,240,0.039734684313,240,0.090873604218999995,240,0.090873604218999995,240,True,True,True,True,True,True,True
equity,ridge,0.10000000000000001,1,516,42010649,558,2730502db37b3cd5eb860a4c018a9e4fe63eb7b8c13ef971a3d3c8d8e65963a9,0.25677432256799998,1,False,False,,0.062557464213,240,0.062557464213,240,0.062557464213,240,0.072448463680999997,240,0.072448463680999997,240,True,True,True,True,True,True,True
equity,ridge,0.10000000000000001,1,517,42010650,559,829b60b73c989f76c232935c5f904fc97a8a543f5e43e3a4a14883e78bfdfdf4,0.142385761424,0.71192880711999995,False,False,,0.064596432869000006,240,0.064596432869000006,240,0.064596432869000006,240,0.095092749005000005,240,0.095092749005000005,240,True,True,True,True,True,True,True
equity,ridge,0.10000000000000001,1,518,42010651,560,888cc72a34a9f00daef562284f15bd4bd8b2446ee8da037a56cc975c66688e1e,0.13048695130499999,0.65243475652500005,False,False,,0.092234200000999994,240,0.092234200000999994,240,0.092234200000999994,240,0.098788832598000004,240,0.098788832598000004,240,True,True,True,True,True,True,True
equity,ridge,0.10000000000000001,1,519,42010652,561,e2651704c0cd93dec977fc782012c69df912857ff536d2df6d69a9193cc57a1d,0.046895310469000001,0.23447655234500001,False,True,,0.21982559584799999,240,0.21982559584799999,240,0.21982559584799999,240,0.129075037516,240,0.129075037516,240,True,True,True,True,True,True,True
equity,ridge,0.10000000000000001,1,520,42010653,562,ec638c87c7a31ca2b852683094081c977df1893a4a67a19a186fe9429e254ed1,0.18218178182200001,0.91090890911,False,False,,0.19114147077400001,240,0.19114147077400001,240,0.19114147077400001,240,0.086661388263000003,240,0.086661388263000003,240,True,True,True,True,True,True,True
equity,ridge,0.10000000000000001,1,521,42010654,563,995ab3bec99a9b7cbdda968a77bc1c779faad2f9cbd7fcd8000f25a7b899808c,0.12528747125299999,0.62643735626499997,False,False,,0.0080320559479999994,240,0.0080320559479999994,240,0.0080320559479999994,240,0.100062415801,240,0.100062415801,240,True,True,True,True,True,True,True
equity,ridge,0.10000000000000001,1,522,42010655,564,adf9ffac0091b9c9043f3b40af9c1e0f6941c3623f370dc1436612f6a41eabc9,0.20517948205200001,1,False,False,,0.121966626992,240,0.121966626992,240,0.121966626992,240,0.082145747768000002,240,0.082145747768000002,240,True,True,True,True,True,True,True
equity,ridge,0.10000000000000001,1,523,42010656,565,8158e26d3348c2570494b5cf7888d4129149c4156032984e629a0c71956db260,0.051394860514000003,0.25697430256999998,False,False,,0.145320779111,240,0.145320779111,240,0.145320779111,240,0.127668589369,240,0.127668589369,240,True,True,True,True,True,True,True
equity,ridge,0.10000000000000001,1,524,42010657,566,e93446a29984a6c817ad59a16e9a62f2f061f7cad7e9c6acce59832447a98856,0.140885911409,0.70442955704499999,False,False,,0.056274556902999998,240,0.056274556902999998,240,0.056274556902999998,240,0.095624134228999999,240,0.095624134228999999,240,True,True,True,True,True,True,True
equity,ridge,0.10000000000000001,1,525,42010658,567,f5049890e2344c0a022da08a34e7a711f858d8b7e1e91f63c752d7fe27dcb9ee,0.13708629137100001,0.68543145685499995,False,False,,0.01290049679,240,0.01290049679,240,0.01290049679,240,0.097421303040000004,240,0.097421303040000004,240,True,True,True,True,True,True,True
equity,ridge,0.10000000000000001,1,526,42010659,568,dd4b14f4ad5735dd38d5f9de013e54ad43ff0146df5caef5217b9b5ce16962a1,0.14858514148599999,0.74292570742999997,False,False,,0.157204759325,240,0.157204759325,240,0.157204759325,240,0.093475439746000005,240,0.093475439746000005,240,True,True,True,True,True,True,True
equity,ridge,0.10000000000000001,1,527,42010660,569,c251b1ff755ef524c3c24897638184138183347ff6b4e3caaf4d251e4181cfdf,0.12878712128799999,0.64393560644000003,False,False,,0.097094298494999995,240,0.097094298494999995,240,0.097094298494999995,240,0.098718510575000001,240,0.098718510575000001,240,True,True,True,True,True,True,True
equity,ridge,0.10000000000000001,1,528,42010661,570,34e22891fc7da6061c22dcf701d2096954ab850af058fdf039174c30dc66f17a,0.140185981402,0.70092990701000002,False,False,,0.073597648476999997,240,0.073597648476999997,240,0.073597648476999997,240,0.095577220032000004,240,0.095577220032000004,240,True,True,True,True,True,True,True
equity,ridge,0.10000000000000001,1,529,42010662,571,ffd0d623ee5b9117b6a8c5678629309649dc20dccacdae7465f3b3bda1cc93ae,0.20217978202199999,1,False,False,,0.071200154431000001,240,0.071200154431000001,240,0.071200154431000001,240,0.083309840334000004,240,0.083309840334000004,240,True,True,True,True,True,True,True
equity,ridge,0.10000000000000001,1,530,42010663,572,882f82eb1c14e32ad5c04fdf67481b95af32de7bfd364cf25d8bf75b4b41dffc,0.19938006199399999,0.99690030997000001,False,False,,0.16270704480600001,240,0.16270704480600001,240,0.16270704480600001,240,0.083606331096999997,240,0.083606331096999997,240,True,True,True,True,True,True,True
equity,ridge,0.10000000000000001,1,531,42010664,573,23785696c20ddac26fda3dfe080ec3df1d98b5f9b63217f4454afe7f557bdfa4,0.10118988101199999,0.50594940505999997,False,False,,0.14482844215900001,240,0.14482844215900001,240,0.14482844215900001,240,0.105844557723,240,0.105844557723,240,True,True,True,True,True,True,True
equity,ridge,0.10000000000000001,1,532,42010665,574,9e698dc75249cc55e870609ce7728de3fcd57d99848bbb07469b32c19e733f9a,0.13348665133500001,0.66743325667499998,False,False,,0.11861326330700001,240,0.11861326330700001,240,0.11861326330700001,240,0.098054077971000006,240,0.098054077971000006,240,True,True,True,True,True,True,True
equity,ridge,0.10000000000000001,1,533,42010666,575,aed772c7800c557385532696eaa40c1307d96b2e8f31c58626b49c82960edd84,0.147485251475,0.737426257375,False,False,,0.18903885560299999,240,0.18903885560299999,240,0.18903885560299999,240,0.093858175059000001,240,0.093858175059000001,240,True,True,True,True,True,True,True
equity,ridge,0.10000000000000001,1,534,42010667,576,64b7e25356c52375d294ea2d3d9b559fcdba1460f2a84da74d4e1198c8bd23f3,0.079792020798000005,0.39896010398999998,False,False,,0.090241238486999997,240,0.090241238486999997,240,0.090241238486999997,240,0.113205068884,240,0.113205068884,240,True,True,True,True,True,True,True
equity,ridge,0.10000000000000001,1,535,42010668,577,78e847177c22cb75bdbcba6acbcc4bb34a41032fe8de0fff8e3998714bb2b4ba,0.12768723127699999,0.63843615638499995,False,False,,0.16311196400899999,240,0.16311196400899999,240,0.16311196400899999,240,0.10044458658700001,240,0.10044458658700001,240,True,True,True,True,True,True,True
equity,ridge,0.10000000000000001,1,536,42010669,578,0b4c42aae5bb7b62398d2afcee26367ca06c9752daca18f291cc601c65224985,0.079192080792000005,0.39596040395999998,False,False,,0.161706867467,240,0.161706867467,240,0.161706867467,240,0.113424306963,240,0.113424306963,240,True,True,True,True,True,True,True
equity,ridge,0.10000000000000001,1,537,42010670,579,b052ab8eb492b7bde5089fa0a303c5705f571f6fe563e0847d02ab61f5987b0d,0.123087691231,0.61543845615500004,False,False,,0.13558604563500001,240,0.13558604563500001,240,0.13558604563500001,240,0.100047068059,240,0.100047068059,240,True,True,True,True,True,True,True
equity,ridge,0.10000000000000001,1,538,42010671,580,3ed94a2e392ce4400cebfc4a061430a3f1af9baecca6bdb16881a2696b36b496,0.216078392161,1,False,False,,0.17884944887199999,240,0.17884944887199999,240,0.17884944887199999,240,0.081465588810999995,240,0.081465588810999995,240,True,True,True,True,True,True,True
equity,ridge,0.10000000000000001,1,539,42010672,581,0e8670f952c10d2892fd18ffe67b265f9da86999939cde2d0ea111cc474cb455,0.088991100889999994,0.44495550444999998,False,False,,0.17165239996100001,240,0.17165239996100001,240,0.17165239996100001,240,0.110618703273,240,0.110618703273,240,True,True,True,True,True,True,True
equity,ridge,0.10000000000000001,1,540,42010673,582,b99eee6f1e618ffe7fa3d4ed403151beb48215c965cde9cce803fb079aed5f6c,0.11368863113700001,0.56844315568500003,False,False,,0.124232113327,240,0.124232113327,240,0.124232113327,240,0.103352256977,240,0.103352256977,240,True,True,True,True,True,True,True
equity,ridge,0.10000000000000001,1,541,42010674,583,6b48817272f48a518cfde6f1c790820b9207dd56c57c95a8f57687459017b6d2,0.17728227177299999,0.886411358865,False,False,,0.017345603702000001,240,0.017345603702000001,240,0.017345603702000001,240,0.087614957664000001,240,0.087614957664000001,240,True,True,True,True,True,True,True
equity,ridge,0.10000000000000001,1,542,42010675,584,3448f7ee0be717c3fa44812145d330ad54c00f73ecec84c02cbbc0dcc2ffae73,0.067393260674000005,0.33696630337,False,False,,0.099125044048000002,240,0.099125044048000002,240,0.099125044048000002,240,0.118971654617,240,0.118971654617,240,True,True,True,True,True,True,True
equity,ridge,0.10000000000000001,1,543,42010676,585,3310114084c9fd9101a63bf31917a7f85308411d9b2fc03490c813e14215cbfa,0.076592340765999994,0.38296170383,False,False,,0.16730901410900001,240,0.16730901410900001,240,0.16730901410900001,240,0.115533437369,240,0.115533437369,240,True,True,True,True,True,True,True
equity,ridge,0.10000000000000001,1,544,42010677,586,1cf3d34e2a3c6ea7345c93c0b1b1d0625a9ebd090de946e2c9bd8a9da023f6d3,0.13608639136100001,0.68043195680500002,False,False,,0.17682616260799999,240,0.17682616260799999,240,0.17682616260799999,240,0.097593203434000006,240,0.097593203434000006,240,True,True,True,True,True,True,True
equity,ridge,0.10000000000000001,1,545,42010678,587,8c3220dd6cd26e90fc39675aeea705309e77a4acd3e52aa70bdff72e0c8a549f,0.042995700429999999,0.21497850215,False,True,,0.141944083065,240,0.141944083065,240,0.141944083065,240,0.131817445836,240,0.131817445836,240,True,True,True,True,True,True,True
equity,ridge,0.10000000000000001,1,546,42010679,588,c7c86162a789b281decb9afe27f5332f6435ce9ca8efcce11414e8fae67057c5,0.107289271073,0.53644635536499996,False,False,,0.235382773495,240,0.235382773495,240,0.235382773495,240,0.105203928224,240,0.105203928224,240,True,True,True,True,True,True,True
equity,ridge,0.10000000000000001,1,547,42010680,589,bc7dead20556ee16f2fd3e0d7a95cff538bcd010686f80e05499ab950cb5b0e5,0.12668733126699999,0.63343665633500001,False,False,,0.037356979221000002,240,0.037356979221000002,240,0.037356979221000002,240,0.098812205437999998,240,0.098812205437999998,240,True,True,True,True,True,True,True
equity,ridge,0.10000000000000001,1,548,42010681,590,c583d99655b102caecae04e7a0f2a048523d086e0562e52c2c55d9c4c25d22e5,0.19778022197799999,0.98890110989000002,False,False,,0.124419725604,240,0.124419725604,240,0.124419725604,240,0.084051976767999997,240,0.084051976767999997,240,True,True,True,True,True,True,True
equity,ridge,0.10000000000000001,1,549,42010682,591,4ef2ef4df878d44c0ed621e6e65c1bf371dec6bfa00aea108f5af984cf36cf3c,0.076992300769999994,0.38496150385,False,False,,0.16784014033200001,240,0.16784014033200001,240,0.16784014033200001,240,0.117400965752,240,0.117400965752,240,True,True,True,True,True,True,True
equity,ridge,0.10000000000000001,1,550,42010683,592,3845e5857881c7195ae2e878d5719f5a53491576ad672d4cf64fa99dc6c72a39,0.105089491051,0.52544745525500003,False,False,,0.161441383759,240,0.161441383759,240,0.161441383759,240,0.10606337671,240,0.10606337671,240,True,True,True,True,True,True,True
equity,ridge,0.10000000000000001,1,551,42010684,593,6ca3499f2284b1e1792d6d3740c56b548e49e8bbb237ea2a7bf0fe2defa7a3e9,0.165183481652,0.82591740826000004,False,False,,0.20057962886200001,240,0.20057962886200001,240,0.20057962886200001,240,0.090295085910999995,240,0.090295085910999995,240,True,True,True,True,True,True,True
equity,ridge,0.10000000000000001,1,552,42010685,594,d255a55a4a1ffff2a6caa36dfdbb040f1764dad0f5a6ed5adbdfd94d571277e3,0.015598440155999999,0.077992200780000007,False,True,,0.194344290946,240,0.194344290946,240,0.194344290946,240,0.15682967324700001,240,0.15682967324700001,240,True,True,True,True,True,True,True
equity,ridge,0.10000000000000001,1,553,42010686,595,d4268dc50036c07f8253e3716e802a2acc13a55bf11207be41878b6c571cc524,0.15808419158100001,0.790420957905,False,False,,-0.016705308487000001,240,-0.016705308487000001,240,-0.016705308487000001,240,0.091287508875999998,240,0.091287508875999998,240,True,True,True,True,True,True,True
equity,ridge,0.10000000000000001,1,554,42010687,596,24352363ccad372d393dafa83d522dc54b994813997cd971dd45e9b8b691f69d,0.056094390560999997,0.28047195280499998,False,False,,0.098188372733000004,240,0.098188372733000004,240,0.098188372733000004,240,0.122964445662,240,0.122964445662,240,True,True,True,True,True,True,True
equity,ridge,0.10000000000000001,1,555,42010688,597,b5b70a4960e502d2c5bf2ed8d12b54b0f858a612749a9515d981e93afb4ff1ec,0.32516748325200001,1,False,False,,0.057839025252999998,240,0.057839025252999998,240,0.057839025252999998,240,0.062837270648000002,240,0.062837270648000002,240,True,True,True,True,True,True,True
equity,ridge,0.10000000000000001,1,556,42010689,598,e27ff630d523cfe80d76265a9e51bf9f76cbdfea093d855e568cd43040c4fc7c,0.062393760623999997,0.31196880312000003,False,False,,0.157111321814,240,0.157111321814,240,0.157111321814,240,0.12112049142300001,240,0.12112049142300001,240,True,True,True,True,True,True,True
equity,ridge,0.10000000000000001,1,557,42010690,599,9c33bd6985fba4e3d77fff2db165b93bb6a26434f8ed6f702d9c9f99213b6502,0.26977302269800002,1,False,False,,0.103352598221,240,0.103352598221,240,0.103352598221,240,0.071807752855000004,240,0.071807752855000004,240,True,True,True,True,True,True,True
equity,ridge,0.10000000000000001,1,558,42010691,600,939ed27c515046a18527744060ac82475110edf123e0be57ee50bc83b3c20224,0.15078492150799999,0.75392460754000001,False,False,,0.106814005874,240,0.106814005874,240,0.106814005874,240,0.094795787864000003,240,0.094795787864000003,240,True,True,True,True,True,True,True
equity,ridge,0.10000000000000001,1,559,42010692,601,c482552fbf2171ce475f4c685bbca621531f67f1f3aa01d74e2ede7a581ae43f,0.18478152184800001,0.92390760924000004,False,False,,0.077770743990999994,240,0.077770743990999994,240,0.077770743990999994,240,0.086279013427000006,240,0.086279013427000006,240,True,True,True,True,True,True,True
equity,ridge,0.10000000000000001,1,560,42010693,602,0a723d395815b0946b1f38d48ec16df9ada4550c31f29c748a2e1a2085e0271d,0.107689231077,0.53844615538499996,False,False,,0.146454332252,240,0.146454332252,240,0.146454332252,240,0.104688199932,240,0.104688199932,240,True,True,True,True,True,True,True
equity,ridge,0.10000000000000001,1,561,42010694,603,f203b66977fa2e94ebcc0e4ba058ec1c9e608cc7411fbadc498cf66f332e1c57,0.20407959204100001,1,False,False,,0.012188708552000001,240,0.012188708552000001,240,0.012188708552000001,240,0.082239240411999995,240,0.082239240411999995,240,True,True,True,True,True,True,True
equity,ridge,0.10000000000000001,1,562,42010695,604,728db67297ad73a8377377b3d03f8132ba20222185536d56c79b60ecc29f234d,0.15508449155099999,0.77542245775499996,False,False,,0.047758192948000003,240,0.047758192948000003,240,0.047758192948000003,240,0.092084527823000001,240,0.092084527823000001,240,True,True,True,True,True,True,True
equity,ridge,0.10000000000000001,1,563,42010696,605,4754c30e5f1760713847c00c5ce6171f671ab179e2f52a90ee27c7a4c7397a95,0.109189081092,0.54594540546000003,False,False,,0.17759092601900001,240,0.17759092601900001,240,0.17759092601900001,240,0.10385196437999999,240,0.10385196437999999,240,True,True,True,True,True,True,True
equity,ridge,0.10000000000000001,1,564,42010697,606,7218a901abcd292cd08c95212e41d4ffa464fee2f797db2f8f45efd7542f055b,0.16108389161100001,0.80541945805500004,False,False,,0.014618717319,240,0.014618717319,240,0.014618717319,240,0.090904664760000004,240,0.090904664760000004,240,True,True,True,True,True,True,True
equity,ridge,0.10000000000000001,1,565,42010698,607,fe4c593f3c8118516b4b4ff5d22c170e6ea4e2595264afd6ccfe52f3028918af,0.079992000800000004,0.39996000399999998,False,False,,0.14810225750100001,240,0.14810225750100001,240,0.14810225750100001,240,0.11232227246900001,240,0.11232227246900001,240,True,True,True,True,True,True,True
equity,ridge,0.10000000000000001,1,566,42010699,608,4690a1c75928451cdc432d4375f0dbd1fd84819f69d50da6fd71e20d1312eb7d,0.147785221478,0.73892610738999998,False,False,,0.133976169654,240,0.133976169654,240,0.133976169654,240,0.093397792514999994,240,0.093397792514999994,240,True,True,True,True,True,True,True
equity,ridge,0.10000000000000001,1,567,42010700,609,c0760ebe98c66628603ed74244cd4957fec9cbe01c0e55091748fc3a3254a0e9,0.111588841116,0.55794420558000002,False,False,,0.20755007364,240,0.20755007364,240,0.20755007364,240,0.104695745677,240,0.104695745677,240,True,True,True,True,True,True,True
equity,ridge,0.10000000000000001,1,568,42010701,610,236e8180d667f91039a82efd8d07e2a84eb8478cfe0f904881e008c5e56d1371,0.099290070992999996,0.49645035496500001,False,False,,0.144617449166,240,0.144617449166,240,0.144617449166,240,0.107235509211,240,0.107235509211,240,True,True,True,True,True,True,True
equity,ridge,0.10000000000000001,1,569,42010702,611,fa9ea3756111c343ebb175d7b511a13cdfa4b4abeb6f770e4d4febfb53bfd24b,0.081691830817000002,0.408459154085,False,False,,0.16978581563199999,240,0.16978581563199999,240,0.16978581563199999,240,0.113845697468,240,0.113845697468,240,True,True,True,True,True,True,True
equity,ridge,0.10000000000000001,1,570,42010703,612,6aace9f54e9da200a2d6129629257dfe3958c21fe2649a35a1495173f002cb14,0.117588241176,0.58794120587999998,False,False,,0.23319468638099999,240,0.23319468638099999,240,0.23319468638099999,240,0.101812512523,240,0.101812512523,240,True,True,True,True,True,True,True
equity,ridge,0.10000000000000001,1,571,42010704,613,b2f3a70ba45fa16b266db0f8c9ff5d16001dcc3ac06e09c8aa6138b69bc726f8,0.139286071393,0.696430356965,False,False,,0.027597844592000001,240,0.027597844592000001,240,0.027597844592000001,240,0.095421098378000002,240,0.095421098378000002,240,True,True,True,True,True,True,True
equity,ridge,0.10000000000000001,1,572,42010705,614,1f35f1da21bdccad673b048893428fa09c80a2635215d5b0a4bdfb65ce6ccebe,0.22497750224999999,1,False,False,,0.0070021588659999997,240,0.0070021588659999997,240,0.0070021588659999997,240,0.078950170011999998,240,0.078950170011999998,240,True,True,True,True,True,True,True
equity,ridge,0.10000000000000001,1,573,42010706,615,f9dd43d56fc5055228d9fbb4a77bb68e32ffd3aa927e118fb999924f79a0670c,0.18678132186800001,0.93390660934000003,False,False,,-0.023518373421000001,240,-0.023518373421000001,240,-0.023518373421000001,240,0.087349464064999993,240,0.087349464064999993,240,True,True,True,True,True,True,True
equity,ridge,0.10000000000000001,1,574,42010707,616,689d280fa7736560f2a4373fb25ad0573e0f96f0c2005a1590e623b020d32877,0.20647935206500001,1,False,False,,0.044632853873999997,240,0.044632853873999997,240,0.044632853873999997,240,0.082270262671000002,240,0.082270262671000002,240,True,True,True,True,True,True,True
equity,ridge,0.10000000000000001,1,575,42010708,617,d453bd687e9d4364801ab265aca12122a714d7e1416bbece9967ee54365776d5,0.111888811119,0.55944405559499999,False,False,,0.054102826244,240,0.054102826244,240,0.054102826244,240,0.102156504174,240,0.102156504174,240,True,True,True,True,True,True,True
equity,ridge,0.10000000000000001,1,576,42010709,618,cf487d97ad54d4c46a586576f603f75c42aa0bab36a38c1964e5b396010017ce,0.20657934206600001,1,False,False,,0.223521295152,240,0.223521295152,240,0.223521295152,240,0.082926628597999999,240,0.082926628597999999,240,True,True,True,True,True,True,True
equity,ridge,0.10000000000000001,1,577,42010710,619,fff1e70a9f6240468aeb14b18721641b986f60a8092d71f15f6d8c799154d818,0.170082991701,0.85041495850500004,False,False,,0.113535215696,240,0.113535215696,240,0.113535215696,240,0.088451233879999994,240,0.088451233879999994,240,True,True,True,True,True,True,True
equity,ridge,0.10000000000000001,1,578,42010711,620,82e3e6248679c3fbdaba12e01453220690d43be8e36f42a5e72bf383aefd8a0f,0.058094190581000002,0.29047095290500002,False,False,,0.17885800278,240,0.17885800278,240,0.17885800278,240,0.122035023907,240,0.122035023907,240,True,True,True,True,True,True,True
equity,ridge,0.10000000000000001,1,579,42010712,621,ed5a55eddb55398e4ef607f500fdf62a4089cbc764cabfa66fe52ea0af644f53,0.122187781222,0.61093890611000001,False,False,,0.092982645054999993,240,0.092982645054999993,240,0.092982645054999993,240,0.099546490969000007,240,0.099546490969000007,240,True,True,True,True,True,True,True
equity,ridge,0.10000000000000001,1,580,42010713,622,615ec56f8ccec9e5c5c7776793564cb8d8127e1c160285aa882d6a8e665aa031,0.10088991100899999,0.504449555045,False,False,,0.13342836716299999,240,0.13342836716299999,240,0.13342836716299999,240,0.106461935823,240,0.106461935823,240,True,True,True,True,True,True,True
equity,ridge,0.10000000000000001,1,581,42010714,623,a98c97e1a97bcc569b549660a51919a773c74d365375dbd4c936ffd4d097140a,0.111788821118,0.55894410558999996,False,False,,0.14338317085499999,240,0.14338317085499999,240,0.14338317085499999,240,0.10338348090500001,240,0.10338348090500001,240,True,True,True,True,True,True,True
equity,ridge,0.10000000000000001,1,582,42010715,624,82a37e37e1d6b1963dc0ee4845afda142fb5a18a3bd5148f65fdaa0c18126e47,0.15958404159600001,0.79792020797999996,False,False,,0.13216269292800001,240,0.13216269292800001,240,0.13216269292800001,240,0.091576683039000004,240,0.091576683039000004,240,True,True,True,True,True,True,True
equity,ridge,0.10000000000000001,1,583,42010716,625,abf00f1c16911c6a3c1f1d9d526888a6eb05ca7041b375eca70dcd1b5bbaf8e3,0.13548645135500001,0.67743225677499996,False,False,,0.124770514936,240,0.124770514936,240,0.124770514936,240,0.096061699119000005,240,0.096061699119000005,240,True,True,True,True,True,True,True
equity,ridge,0.10000000000000001,1,584,42010717,626,291dbe632cbc8cf2196890a671d6fd1f4468d881719e213e2054cd07ed7e879c,0.146185381462,0.73092690730999998,False,False,,0.035841231665000001,240,0.035841231665000001,240,0.035841231665000001,240,0.094030185904999994,240,0.094030185904999994,240,True,True,True,True,True,True,True
equity,ridge,0.10000000000000001,1,585,42010718,627,78950c995f1d3a95ab2b19c71da077a2bef7e1850cc55c7da2c3576ad131b14c,0.085591440855999998,0.42795720428,False,False,,0.13557722631499999,240,0.13557722631499999,240,0.13557722631499999,240,0.111822276941,240,0.111822276941,240,True,True,True,True,True,True,True
equity,ridge,0.10000000000000001,1,586,42010719,628,ac48a78f6e84e9a28b895b194875ee8aad3420acb9e61bf20e2a678f3af491c2,0.10328967103300001,0.51644835516499998,False,False,,0.16070573929699999,240,0.16070573929699999,240,0.16070573929699999,240,0.105883603248,240,0.105883603248,240,True,True,True,True,True,True,True
equity,ridge,0.10000000000000001,1,587,42010720,629,08608a696267c82d618a91225c4f02e95c976e671434ca6a7f4b704146694e0e,0.12818718128199999,0.64093590640999998,False,False,,0.16385500090300001,240,0.16385500090300001,240,0.16385500090300001,240,0.099257517192000003,240,0.099257517192000003,240,True,True,True,True,True,True,True
equity,ridge,0.10000000000000001,1,588,42010721,630,cc908e92837825eccff74d2fda3548da48cdd8b70b4f4548a5b00080dadcd24d,0.077092290770999994,0.38546145385500002,False,False,,0.115134777147,240,0.115134777147,240,0.115134777147,240,0.114924180165,240,0.114924180165,240,True,True,True,True,True,True,True
equity,ridge,0.10000000000000001,1,589,42010722,631,e96bee44b5914bcf58dc586291d6d5be0664f2d5695a8c6058f2dde79f2a9b56,0.15528447155299999,0.77642235776500002,False,False,,0.016291889045000001,240,0.016291889045000001,240,0.016291889045000001,240,0.092061221656000003,240,0.092061221656000003,240,True,True,True,True,True,True,True
equity,ridge,0.10000000000000001,1,590,42010723,632,40d919c775f58a1ff2b2bec4e310398ebc209ea138256c3d828fb3c9577edb78,0.110088991101,0.55044495550500006,False,False,,0.091475662966999993,240,0.091475662966999993,240,0.091475662966999993,240,0.102250178156,240,0.102250178156,240,True,True,True,True,True,True,True
equity,ridge,0.10000000000000001,1,591,42010724,633,25ecc1782c5f8b89698ed8a4d42b8420faaa212a76c69318d5fed0edf9072ee8,0.18698130187000001,0.93490650934999997,False,False,,0.095946100064999998,240,0.095946100064999998,240,0.095946100064999998,240,0.086380456802999994,240,0.086380456802999994,240,True,True,True,True,True,True,True
equity,ridge,0.10000000000000001,1,592,42010725,634,c12bf5019523600eae9ac90a33fad422dff5e469bb7c21e4bc48292a12a659ef,0.122087791221,0.61043895610499999,False,False,,0.079614658665999996,240,0.079614658665999996,240,0.079614658665999996,240,0.10010932267100001,240,0.10010932267100001,240,True,True,True,True,True,True,True
equity,ridge,0.10000000000000001,1,593,42010726,635,e3861d292e28d93572acb848e7adbc96555fb0d7cf938505bd53fa6e684b6cd9,0.12808719128099999,0.64043595640499995,False,False,,0.059924166638000001,240,0.059924166638000001,240,0.059924166638000001,240,0.098749791468999995,240,0.098749791468999995,240,True,True,True,True,True,True,True
equity,ridge,0.10000000000000001,1,594,42010727,636,e922f3b57baf95b67ea77c8d64b67a193ac49204d2db90dfeba353601b16b979,0.187381261874,0.93690630936999997,False,False,,0.036092995271000003,240,0.036092995271000003,240,0.036092995271000003,240,0.085950850337000007,240,0.085950850337000007,240,True,True,True,True,True,True,True
equity,ridge,0.10000000000000001,1,595,42010728,637,4ed561692799225a034b6b2f7cea29ba991b26dae85f7149c624f46128a5c97e,0.027397260273999999,0.13698630137000001,False,True,,0.138842903909,240,0.138842903909,240,0.138842903909,240,0.14342881550600001,240,0.14342881550600001,240,True,True,True,True,True,True,True
equity,ridge,0.10000000000000001,1,596,42010729,638,065636add4ecb85f6322b4e46ce57c8ed738071620970373c7978f019af25092,0.12918708129199999,0.64593540646000003,False,False,,0.169809902466,240,0.169809902466,240,0.169809902466,240,0.10011714115500001,240,0.10011714115500001,240,True,True,True,True,True,True,True
equity,ridge,0.10000000000000001,1,597,42010730,639,ec6029e57e16bfb56a882e5cd6c0a5934dca6395dc34575912f2d9e1681b460a,0.15448455154499999,0.77242275772500002,False,False,,0.139280136897,240,0.139280136897,240,0.139280136897,240,0.092795548216000001,240,0.092795548216000001,240,True,True,True,True,True,True,True
equity,ridge,0.10000000000000001,1,598,42010731,640,af03023b72a1b425370c2e677e6c0d293666281cd4d59a2ed023655e18e2ddc0,0.118388161184,0.59194080591999998,False,False,,0.16951927412199999,240,0.16951927412199999,240,0.16951927412199999,240,0.10225798326799999,240,0.10225798326799999,240,True,True,True,True,True,True,True
equity,ridge,0.10000000000000001,1,599,42010732,641,60128f447b92ce825f134119945751cbc8fbe11250b97adbae9999b11a897a44,0.013798620138,0.068993100690000003,False,True,,0.14434344909999999,240,0.14434344909999999,240,0.14434344909999999,240,0.15733001294900001,240,0.15733001294900001,240,True,True,True,True,True,True,True
equity,ridge,0.20000000000000001,2,200,42020340,242,3726c8a64526867a2c478241b6344b75a7c83a8792d603f368bf9aa563b686bd,0.032596740325999997,0.16298370163000001,False,True,,0.211159935396,240,0.211159935396,240,0.211159935396,240,0.14034999278499999,240,0.14034999278499999,240,True,True,True,True,True,True,True
equity,ridge,0.20000000000000001,2,201,42020341,243,f62c735c899f55bdc1eb9b12d0a106031ca2166c10eb91c83620609bbf5db76f,0.080191980802000004,0.40095990400999998,False,False,,0.202050364983,240,0.202050364983,240,0.202050364983,240,0.11342455479000001,240,0.11342455479000001,240,True,True,True,True,True,True,True
equity,ridge,0.20000000000000001,2,202,42020342,244,ea6210d49e581cf28e745bfbed053c99f9954d1b5bc8f730f11a56671b02bfdb,0.074092590740999997,0.37046295370499999,False,False,,0.135779405302,240,0.135779405302,240,0.135779405302,240,0.11668991422,240,0.11668991422,240,True,True,True,True,True,True,True
equity,ridge,0.20000000000000001,2,203,42020343,245,ab4c5ad54831b9844267ea9528d8865e87ba9e1300b87afa12fbe82ef0504b1a,0.10078992100799999,0.50394960503999997,False,False,,0.17331689926999999,240,0.17331689926999999,240,0.17331689926999999,240,0.10618051438499999,240,0.10618051438499999,240,True,True,True,True,True,True,True
equity,ridge,0.20000000000000001,2,204,42020344,246,97f0116f2a203592cbc3a1635fc7607ce948d6d8f2ec434ed74ed142338b6000,0.035196480352000001,0.17598240175999999,False,True,,0.169183725378,240,0.169183725378,240,0.169183725378,240,0.136982365902,240,0.136982365902,240,True,True,True,True,True,True,True
equity,ridge,0.20000000000000001,2,205,42020345,247,111c3a08cacbf25481d2ae274b845902a70c20afb1e03c584bfe071a9c33530c,0.0019998000199999998,0.0099990001000000005,True,True,,0.28695384078800001,240,0.28695384078800001,240,0.28695384078800001,240,0.20218031588800001,240,0.20218031588800001,240,True,True,True,True,True,True,True
equity,ridge,0.20000000000000001,2,206,42020346,248,336677208d433b5b1d314daf3a18de08d85b269ef8a2477165805491a5342e12,0.052994700530000001,0.26497350265000003,False,False,,0.12992039589900001,240,0.12992039589900001,240,0.12992039589900001,240,0.126903059762,240,0.126903059762,240,True,True,True,True,True,True,True
equity,ridge,0.20000000000000001,2,207,42020347,249,1d1c549ee2676e86c638593064628a2ba91e2f70fc1fc3cbea63a08faac0ec5f,0.043895610438999998,0.219478052195,False,True,,0.17609090664800001,240,0.17609090664800001,240,0.17609090664800001,240,0.12995011802299999,240,0.12995011802299999,240,True,True,True,True,True,True,True
equity,ridge,0.20000000000000001,2,208,42020348,250,161e3095d1c81cd410360948948e9f025e3d27f07d330355c6df379c21e28cc2,0.052594740526000001,0.26297370262999997,False,False,,0.22517827564199999,240,0.22517827564199999,240,0.22517827564199999,240,0.126606050814,240,0.126606050814,240,True,True,True,True,True,True,True
equity,ridge,0.20000000000000001,2,209,42020349,251,53bcbe187f357a461bbc8f8a2e743192660065af78e0db1020cb550bbf1e2fdf,0.037996200379999998,0.1899810019,False,True,,0.256354287317,240,0.256354287317,240,0.256354287317,240,0.13563832787800001,240,0.13563832787800001,240,True,True,True,True,True,True,True
equity,ridge,0.20000000000000001,2,210,42020350,252,7e8e3ce44ee449b0472ddf647bf3ac8b47dc082324b4937500b4e5039820dc2c,0.084791520847999999,0.42395760424000001,False,False,,0.26084741202,240,0.26084741202,240,0.26084741202,240,0.11230646222399999,240,0.11230646222399999,240,True,True,True,True,True,True,True
equity,ridge,0.20000000000000001,2,211,42020351,253,ba50e2ec0a0b4fc9d9392fa9ca20226f1710eb22af0ac4bc9d555ecbc49be035,0.027697230276999999,0.13848615138500001,False,True,,0.30665140067300001,240,0.30665140067300001,240,0.30665140067300001,240,0.14310847199900001,240,0.14310847199900001,240,True,True,True,True,True,True,True
equity,ridge,0.20000000000000001,2,212,42020352,254,b8a6d35fc57ac5ecf51e622b8ce84d6a26b91b8f018ed5c362de835a590ba264,0.055994400559999997,0.27997200280000001,False,False,,0.143641385037,240,0.143641385037,240,0.143641385037,240,0.125434334107,240,0.125434334107,240,True,True,True,True,True,True,True
equity,ridge,0.20000000000000001,2,213,42020353,255,557458eff9eec7110a3995fd6520ecfc46f7d0380cc4f847098ce2a3780dad9c,0.038496150384999997,0.192480751925,False,True,,0.200258070028,240,0.200258070028,240,0.200258070028,240,0.135333370945,240,0.135333370945,240,True,True,True,True,True,True,True
equity,ridge,0.20000000000000001,2,214,42020354,256,60043a4f4b029dd0cd75aa5f5ef4a70d0684a306a1ef185df892dde20a279a95,0.111488851115,0.55744425557499999,False,False,,0.20761966518399999,240,0.20761966518399999,240,0.20761966518399999,240,0.102625025748,240,0.102625025748,240,True,True,True,True,True,True,True
equity,ridge,0.20000000000000001,2,215,42020355,257,46ae3bf9c4370bb4abc702c237d0e0b2e99f160cf623736b4221a2b1ea42c3b7,0.12898710128999999,0.64493550644999997,False,False,,0.088037522465999996,240,0.088037522465999996,240,0.088037522465999996,240,0.097147518564999993,240,0.097147518564999993,240,True,True,True,True,True,True,True
equity,ridge,0.20000000000000001,2,216,42020356,258,4121738af18b8adf71125a7935d6bb745b90535e9fc197eb2f2c1422a32aab1e,0.011598840116,0.057994200580000002,False,True,,0.25073710596900001,240,0.25073710596900001,240,0.25073710596900001,240,0.16658136488799999,240,0.16658136488799999,240,True,True,True,True,True,True,True
equity,ridge,0.20000000000000001,2,217,42020357,259,f4160efdca84dde0ffb66b59ad95eca15bf81eacf66c2c54de74fdb0ce027238,0.10068993100699999,0.50344965503500005,False,False,,0.082481299992000004,240,0.082481299992000004,240,0.082481299992000004,240,0.10681354373800001,240,0.10681354373800001,240,True,True,True,True,True,True,True
equity,ridge,0.20000000000000001,2,218,42020358,260,fa8b6246761ab51ba36a2f7c914b96217bc9b1a2ae399711e7ebd9fb37e0acb6,0.11598840116,0.57994200579999999,False,False,,0.10615094136,240,0.10615094136,240,0.10615094136,240,0.102078642452,240,0.102078642452,240,True,True,True,True,True,True,True
equity,ridge,0.20000000000000001,2,219,42020359,261,f37b7f134680d09e5c6147c132924b3186597d04e04e2e59184361397b0f75e6,0.039896010399000002,0.19948005199499999,False,True,,0.23631119001699999,240,0.23631119001699999,240,0.23631119001699999,240,0.13501333406300001,240,0.13501333406300001,240,True,True,True,True,True,True,True
equity,ridge,0.20000000000000001,2,220,42020360,262,c16c1d5ae7a77efc775be0d6abd7d9cf050b62bf1388aba443410d47c30dcac9,0.166583341666,0.83291670832999998,False,False,,0.094226918997999995,240,0.094226918997999995,240,0.094226918997999995,240,0.089716911777999994,240,0.089716911777999994,240,True,True,True,True,True,True,True
equity,ridge,0.20000000000000001,2,221,42020361,263,43809671021927734e85eba1526cbff6aa82c1b1ec54de265e13c00b44c7b35d,0.067893210679000005,0.33946605339500002,False,False,,0.16876882940999999,240,0.16876882940999999,240,0.16876882940999999,240,0.11884646253800001,240,0.11884646253800001,240,True,True,True,True,True,True,True
equity,ridge,0.20000000000000001,2,222,42020362,264,8134462e79dda4d17c529e15868c5ea32caef0855f509362b00227558e3c0847,0.214778522148,1,False,False,,0.120106336447,240,0.120106336447,240,0.120106336447,240,0.080144932786000003,240,0.080144932786000003,240,True,True,True,True,True,True,True
equity,ridge,0.20000000000000001,2,223,42020363,265,b2b3800ad5125a7c2ab0e0f60606c9f54a18df83cc5ee286d81cb6aface70667,0.017898210179,0.089491050894999993,False,True,,0.21390112948699999,240,0.21390112948699999,240,0.21390112948699999,240,0.15112493677300001,240,0.15112493677300001,240,True,True,True,True,True,True,True
equity,ridge,0.20000000000000001,2,224,42020364,266,c71933c6f8c03a614adce8c8fd12a2de55aab05a44f40dab6d78785fd5b45f03,0.11498850115000001,0.57494250575000005,False,False,,0.17885014491500001,240,0.17885014491500001,240,0.17885014491500001,240,0.102148976564,240,0.102148976564,240,True,True,True,True,True,True,True
equity,ridge,0.20000000000000001,2,225,42020365,267,e4ec2f37c06d1c120dd4ff8551d9d93bf47eb87b2a623a82d512757034175579,0.073692630736999998,0.36846315368499999,False,False,,0.178325378417,240,0.178325378417,240,0.178325378417,240,0.116658610063,240,0.116658610063,240,True,True,True,True,True,True,True
equity,ridge,0.20000000000000001,2,226,42020366,268,2263ededed8e70efe6e4429f8decc06e5208b1d0052a5f60bfb2e48ca45dd1a5,0.022697730227000001,0.11348865113499999,False,True,,0.182826940715,240,0.182826940715,240,0.182826940715,240,0.149140911258,240,0.149140911258,240,True,True,True,True,True,True,True
equity,ridge,0.20000000000000001,2,227,42020367,269,641c24f6c1bc90b89a7cfa541f3119aed52ce7d98c26837367a368b81e8e6358,0.011298870113000001,0.056494350564999997,False,True,,0.19416484737100001,240,0.19416484737100001,240,0.19416484737100001,240,0.16185404598,240,0.16185404598,240,True,True,True,True,True,True,True
equity,ridge,0.20000000000000001,2,228,42020368,270,b0108c3f5a832dccb85cee1ef1b4a6e396a6d35e4eafa1cd987d2f8f4ffd11c5,0.023497650235,0.117488251175,False,True,,0.15615044369,240,0.15615044369,240,0.15615044369,240,0.14791375080899999,240,0.14791375080899999,240,True,True,True,True,True,True,True
equity,ridge,0.20000000000000001,2,229,42020369,271,72a5756f1c28814d76e6ac3664155b7ce8072f828482304658f39da07d5131f7,0.032996700330000003,0.16498350165,False,True,,0.255090609626,240,0.255090609626,240,0.255090609626,240,0.137983197887,240,0.137983197887,240,True,True,True,True,True,True,True
equity,ridge,0.20000000000000001,2,230,42020370,272,d0807460d288940c5c5eb96366e6e669d6115cd0b1a2a990d4db15cfee5596dd,0.066793320668000006,0.33396660334,False,False,,0.22924924364400001,240,0.22924924364400001,240,0.22924924364400001,240,0.120346903564,240,0.120346903564,240,True,True,True,True,True,True,True
equity,ridge,0.20000000000000001,2,231,42020371,273,bc220feb72f717ad678852905d47e55badc95bed43e00d55904062db32198d49,0.065293470652999994,0.32646735326499998,False,False,,0.187179170797,240,0.187179170797,240,0.187179170797,240,0.12156600557900001,240,0.12156600557900001,240,True,True,True,True,True,True,True
equity,ridge,0.20000000000000001,2,232,42020372,274,7799920adeb25ceb8a7b36e08ac60e62eac34ec8cc67ef9f08de6f148d102407,0.139286071393,0.696430356965,False,False,,0.065463331119000004,240,0.065463331119000004,240,0.065463331119000004,240,0.095397559219999997,240,0.095397559219999997,240,True,True,True,True,True,True,True
equity,ridge,0.20000000000000001,2,233,42020373,275,d86f048e09de85f80ea99a5ee3ea6cf0f7d675aab95a3aafe871a39905c5df95,0.014098590140999999,0.070492950705000001,False,True,,0.28890686199499999,240,0.28890686199499999,240,0.28890686199499999,240,0.16065813839900001,240,0.16065813839900001,240,True,True,True,True,True,True,True
equity,ridge,0.20000000000000001,2,234,42020374,276,ebfe5f16b3f54fddc682463c8a6318b78d809d67dd3d99245bc711251b000555,0.029097090291000001,0.145485451455,False,True,,0.28500010595399999,240,0.28500010595399999,240,0.28500010595399999,240,0.143983530709,240,0.143983530709,240,True,True,True,True,True,True,True
equity,ridge,0.20000000000000001,2,235,42020375,277,55531dfb88053c229946a6b5db1691547d61213270d4a70d92e3343afed3fb39,0.081391860814000003,0.40695930407000003,False,False,,0.189578268489,240,0.189578268489,240,0.189578268489,240,0.114658662388,240,0.114658662388,240,True,True,True,True,True,True,True
equity,ridge,0.20000000000000001,2,236,42020376,278,c037648f62bd25e4d4e007abdfdfb72e4239c4290ed3a246c5ee582200749937,0.021597840215999999,0.10798920108,False,True,,0.19958873426099999,240,0.19958873426099999,240,0.19958873426099999,240,0.147953672432,240,0.147953672432,240,True,True,True,True,True,True,True
equity,ridge,0.20000000000000001,2,237,42020377,279,914f930d1156b48be06040ea1a2a4ea5764071b0ee0e7689748b5832d03cc7a4,0.13298670133000001,0.66493350664999995,False,False,,0.13488123366800001,240,0.13488123366800001,240,0.13488123366800001,240,0.096546141572000005,240,0.096546141572000005,240,True,True,True,True,True,True,True
equity,ridge,0.20000000000000001,2,238,42020378,280,af4b2135d27dc4ac38de8de0a653c34a7b1931d9d6cb2b93706130a09f56a44f,0.026597340266,0.13298670133000001,False,True,,0.23460017307299999,240,0.23460017307299999,240,0.23460017307299999,240,0.14022504505300001,240,0.14022504505300001,240,True,True,True,True,True,True,True
equity,ridge,0.20000000000000001,2,239,42020379,281,6b7c44b82a475b4dc5b3175e15693d6524d1a8d93121d0240c180bb1262da617,0.107689231077,0.53844615538499996,False,False,,0.10610413102000001,240,0.10610413102000001,240,0.10610413102000001,240,0.102906718826,240,0.102906718826,240,True,True,True,True,True,True,True
equity,ridge,0.20000000000000001,2,240,42020380,282,4a161b709f7241704d6cbe4cc2b8cdba879101246b3662df68eec16e35358055,0.0048995100490000004,0.024497550244999999,True,True,,0.27483401216800002,240,0.27483401216800002,240,0.27483401216800002,240,0.17945056210099999,240,0.17945056210099999,240,True,True,True,True,True,True,True
equity,ridge,0.20000000000000001,2,241,42020381,283,547d59e9eb3c94ac886da1332a6389bc571a3eec53336fefb8250651ed8ce277,0.001299870013,0.0064993500650000003,True,True,,0.27728738187000002,240,0.27728738187000002,240,0.27728738187000002,240,0.20064876376599999,240,0.20064876376599999,240,True,True,True,True,True,True,True
equity,ridge,0.20000000000000001,2,242,42020382,284,99ac1848d8dad057fc6c3d2014e81ca1db90a5279670fdaa58f16109a4bf3120,0.081591840816000002,0.40795920408000003,False,False,,0.20129153432899999,240,0.20129153432899999,240,0.20129153432899999,240,0.11265859382,240,0.11265859382,240,True,True,True,True,True,True,True
equity,ridge,0.20000000000000001,2,243,42020383,285,27e1fdacf6fb909a023d66d5615df41d6c47bb08a0bfcf9fa2144f11d48f3236,0.040395960404000002,0.20197980201999999,False,True,,0.176724828951,240,0.176724828951,240,0.176724828951,240,0.133115103968,240,0.133115103968,240,True,True,True,True,True,True,True
equity,ridge,0.20000000000000001,2,244,42020384,286,24707b481cc149491f652b569cd0a278e9f4db2d12891dad2084f49cf9028116,0.039896010399000002,0.19948005199499999,False,True,,0.20854980771000001,240,0.20854980771000001,240,0.20854980771000001,240,0.134200685293,240,0.134200685293,240,True,True,True,True,True,True,True
equity,ridge,0.20000000000000001,2,245,42020385,287,401675af1f0e233a2ff1b8b28974575873f14ea33ac40a65a3676a0167e7d171,0.032796720327999997,0.16398360164,False,True,,0.27582635087500001,240,0.27582635087500001,240,0.27582635087500001,240,0.13649805258299999,240,0.13649805258299999,240,True,True,True,True,True,True,True
equity,ridge,0.20000000000000001,2,246,42020386,288,a453df292d6f11e49e169e677259a86c1c4b79143e354d1471a410e9f746a1ac,0.11298870112999999,0.56494350564999996,False,False,,0.198275613357,240,0.198275613357,240,0.198275613357,240,0.103484907063,240,0.103484907063,240,True,True,True,True,True,True,True
equity,ridge,0.20000000000000001,2,247,42020387,289,08ece143877367cda2360584cd86a9cdf140322f0a9b3844a8191e9a8f68fff6,0.0027997200279999998,0.013998600139999999,True,True,,0.25848722888800002,240,0.25848722888800002,240,0.25848722888800002,240,0.19193712767500001,240,0.19193712767500001,240,True,True,True,True,True,True,True
equity,ridge,0.20000000000000001,2,248,42020388,290,7f0043e3524f7455540340942149e851857489b0ac1dd99455c5b6ea1556957a,0.050494950504999997,0.25247475252500001,False,False,,0.213456968951,240,0.213456968951,240,0.213456968951,240,0.127973149191,240,0.127973149191,240,True,True,True,True,True,True,True
equity,ridge,0.20000000000000001,2,249,42020389,291,72b9e1c56aca8faa540748058a5b3091dbf6caeb6722f1455a0fbd0fab1abc75,0.018498150184999999,0.092490750925000004,False,True,,0.19990826010099999,240,0.19990826010099999,240,0.19990826010099999,240,0.15383659923599999,240,0.15383659923599999,240,True,True,True,True,True,True,True
equity,ridge,0.20000000000000001,2,250,42020390,292,d67fe2bfda64854530d06fb0c37e8bd0a4a75444ab6669038b24d1e0bb5c7e02,0.027297270273,0.13648635136500001,False,True,,0.20024404549899999,240,0.20024404549899999,240,0.20024404549899999,240,0.142702099715,240,0.142702099715,240,True,True,True,True,True,True,True
equity,ridge,0.20000000000000001,2,251,42020391,293,6e117be14c000e3837347d7746392451c1381b898cc37f921be4389e4be839e2,0.096990300969999999,0.48495150484999999,False,False,,0.150672005824,240,0.150672005824,240,0.150672005824,240,0.108524326043,240,0.108524326043,240,True,True,True,True,True,True,True
equity,ridge,0.20000000000000001,2,252,42020392,294,06fe11c34514c2c7406f02854a92a397eeda77da29f08e4d7930b81b51c3814b,0.001499850015,0.007499250075,True,True,,0.29792351180100002,240,0.29792351180100002,240,0.29792351180100002,240,0.20292317217799999,240,0.20292317217799999,240,True,True,True,True,True,True,True
equity,ridge,0.20000000000000001,2,253,42020393,295,db2903ac617f4af549cc725da0b532aca11c6edbc76f9f44cc71cae19271bb4d,0.038196180381999997,0.19098090191,False,True,,0.13887374702800001,240,0.13887374702800001,240,0.13887374702800001,240,0.13242708568100001,240,0.13242708568100001,240,True,True,True,True,True,True,True
equity,ridge,0.20000000000000001,2,254,42020394,296,75291d2f6aedc2460d679c36da42d1c35f732e291f7a8b66d977ac26319cb1d7,0.12908709129099999,0.645435456455,False,False,,0.22210030905299999,240,0.22210030905299999,240,0.22210030905299999,240,0.10056237451199999,240,0.10056237451199999,240,True,True,True,True,True,True,True
equity,ridge,0.20000000000000001,2,255,42020395,297,16678a651e703635a6fae86086b535010bd7d7b107b686dbbcdbc4886dddfc4a,0.045495450455000003,0.22747725227500001,False,True,,0.217059513191,240,0.217059513191,240,0.217059513191,240,0.128113887935,240,0.128113887935,240,True,True,True,True,True,True,True
equity,ridge,0.20000000000000001,2,256,42020396,298,423bb721c3a461eb7f34bc853b3a85c5842b118944dcba938ba87f3af8a6adbe,0.1199880012,0.59994000599999997,False,False,,0.28989927836500001,240,0.28989927836500001,240,0.28989927836500001,240,0.101132676127,240,0.101132676127,240,True,True,True,True,True,True,True
equity,ridge,0.20000000000000001,2,257,42020397,299,217926ce038728bee1c33325bf2fd925e011b51a35e3fe91b58f9caf0cb2e361,0.019198080191999999,0.09599040096,False,True,,0.19698483661499999,240,0.19698483661499999,240,0.19698483661499999,240,0.15314125995299999,240,0.15314125995299999,240,True,True,True,True,True,True,True
equity,ridge,0.20000000000000001,2,258,42020398,300,15cdfed07e520fd31306e342f9bc4f7c38847a23ec3982038f27f191ea723863,0.0054994500549999997,0.027497250274999999,True,True,,0.30810396531500001,240,0.30810396531500001,240,0.30810396531500001,240,0.179395256285,240,0.179395256285,240,True,True,True,True,True,True,True
equity,ridge,0.20000000000000001,2,259,42020399,301,9d1101463c63a6ae262905bdc6784f8dcf55e85ff95e020d91af20bf1d4eda14,0.020697930207,0.103489651035,False,True,,0.18307647130599999,240,0.18307647130599999,240,0.18307647130599999,240,0.14899996663199999,240,0.14899996663199999,240,True,True,True,True,True,True,True
equity,ridge,0.20000000000000001,2,260,42020400,302,367d71e5419855929786abf6b99e8e4e0d2688695ebedd22e3148a2b849dd001,0.083291670833000001,0.41645835416499999,False,False,,0.16287086295299999,240,0.16287086295299999,240,0.16287086295299999,240,0.113056710945,240,0.113056710945,240,True,True,True,True,True,True,True
equity,ridge,0.20000000000000001,2,261,42020401,303,5aa967a5799cd986ee7541ff49356d174712ebc7fef3bc8b0be01751e3bf8bfa,0.038496150384999997,0.192480751925,False,True,,0.17968534373,240,0.17968534373,240,0.17968534373,240,0.13235688729699999,240,0.13235688729699999,240,True,True,True,True,True,True,True
equity,ridge,0.20000000000000001,2,262,42020402,304,f127e9478c824f4b3bd18468567ccdbfb3a21885dca49070db9e1aceab5c8b63,0.19918008199199999,0.99590040995999995,False,False,,0.21599533234099999,240,0.21599533234099999,240,0.21599533234099999,240,0.082957967556000003,240,0.082957967556000003,240,True,True,True,True,True,True,True
equity,ridge,0.20000000000000001,2,263,42020403,305,d2321ab8958096c7fdff75bac5a8802c895bbd469bde3bce81824ca7ab6b2850,0.23347665233500001,1,False,False,,0.061838618742000001,240,0.061838618742000001,240,0.061838618742000001,240,0.078137242275999996,240,0.078137242275999996,240,True,True,True,True,True,True,True
equity,ridge,0.20000000000000001,2,264,42020404,306,9c57156bccf682fe05c90bef5c8920b4eab52f13b68e55b779cb981ff876b4be,0.039496050395000003,0.19748025197499999,False,True,,0.24848574600500001,240,0.24848574600500001,240,0.24848574600500001,240,0.13416933479500001,240,0.13416933479500001,240,True,True,True,True,True,True,True
equity,ridge,0.20000000000000001,2,265,42020405,307,d84f52800476481937a663c90a57c4c2fba0e4f75b2d9776d2901cb51e998de2,0.031896810318999998,0.15948405159500001,False,True,,0.24524367809,240,0.24524367809,240,0.24524367809,240,0.140061317391,240,0.140061317391,240,True,True,True,True,True,True,True
equity,ridge,0.20000000000000001,2,266,42020406,308,a6f2dc622d6ac3449d751e810a767ae3077aff6cf9987a1bffa24b24c23575c6,0.017798220178,0.088991100889999994,False,True,,0.23589913024,240,0.23589913024,240,0.23589913024,240,0.152274047568,240,0.152274047568,240,True,True,True,True,True,True,True
equity,ridge,0.20000000000000001,2,267,42020407,309,167a254b30e0e140e06fbb3bcdabf158dfedfdca235148f8e822c45c926e0bee,0.0088991100890000001,0.044495550444999997,True,True,,0.20536235378000001,240,0.20536235378000001,240,0.20536235378000001,240,0.17269224413500001,240,0.17269224413500001,240,True,True,True,True,True,True,True
equity,ridge,0.20000000000000001,2,268,42020408,310,c4d0fbff098b84a304dcdf16fe8cb0c61c76b00eb39fa814c773f0317f1e5982,0.0019998000199999998,0.0099990001000000005,True,True,,0.24403212530000001,240,0.24403212530000001,240,0.24403212530000001,240,0.195078086682,240,0.195078086682,240,True,True,True,True,True,True,True
equity,ridge,0.20000000000000001,2,269,42020409,311,325b62c48519fd0f169d911ab1d866de178e7da20fdfd9d1bc7fdc076de17179,0.023597640236,0.11798820118,False,True,,0.24704053349800001,240,0.24704053349800001,240,0.24704053349800001,240,0.147554500802,240,0.147554500802,240,True,True,True,True,True,True,True
equity,ridge,0.20000000000000001,2,270,42020410,312,055f566e695ace9607f82050bb5aad9480a95f2c3150abe3e174a2352e90cc36,0.005199480052,0.025997400260000001,True,True,,0.341328929738,240,0.341328929738,240,0.341328929738,240,0.17751236459,240,0.17751236459,240,True,True,True,True,True,True,True
equity,ridge,0.20000000000000001,2,271,42020411,313,989903c2d8212e973f93ad6308c1a22e4353957ab5d01109d54a4e4e3b080076,0.001699830017,0.0084991500850000005,True,True,,0.31440406561299999,240,0.31440406561299999,240,0.31440406561299999,240,0.20954934450599999,240,0.20954934450599999,240,True,True,True,True,True,True,True
equity,ridge,0.20000000000000001,2,272,42020412,314,9e79dbd4e1ea5409bf9c6824001efcece9fb11cdc7c9b507fb2ce20ec633669e,0.092390760924000004,0.46195380462000002,False,False,,0.16903550738100001,240,0.16903550738100001,240,0.16903550738100001,240,0.11133001472200001,240,0.11133001472200001,240,True,True,True,True,True,True,True
equity,ridge,0.20000000000000001,2,273,42020413,315,e73ab733b912753bfdd3df6b634aacb76b77346d96b72bf67819efd0b95eb9c3,0.103389661034,0.51694830517000001,False,False,,0.24298496837299999,240,0.24298496837299999,240,0.24298496837299999,240,0.106719618998,240,0.106719618998,240,True,True,True,True,True,True,True
equity,ridge,0.20000000000000001,2,274,42020414,316,fe8c092aa7a069f2c8027e4d1f828e386b5dc621a469c1be6cb1a37f58ba1ee8,0.031196880311999999,0.15598440156000001,False,True,,0.23262405835899999,240,0.23262405835899999,240,0.23262405835899999,240,0.13959236518599999,240,0.13959236518599999,240,True,True,True,True,True,True,True
equity,ridge,0.20000000000000001,2,275,42020415,317,37319bb77324b9fe94cc5119213430b5d1357acee19afe9cba2e72a22607c480,0.27017298270200002,1,False,False,,0.21618543993100001,240,0.21618543993100001,240,0.21618543993100001,240,0.072049775250999995,240,0.072049775250999995,240,True,True,True,True,True,True,True
equity,ridge,0.20000000000000001,2,276,42020416,318,55928852ebe6302ac37755a4bb403a1b4e7f8ce4899e8e8947e24c8c4456a699,0.070892910709000001,0.35446455354500001,False,False,,0.13525701615499999,240,0.13525701615499999,240,0.13525701615499999,240,0.11690883999399999,240,0.11690883999399999,240,True,True,True,True,True,True,True
equity,ridge,0.20000000000000001,2,277,42020417,319,5fece8b21b04e93b6d92028fcb861e109348c0001ca0133dc3dc1fd2a6dae5a7,0.027997200279999999,0.1399860014,False,True,,0.21082281139699999,240,0.21082281139699999,240,0.21082281139699999,240,0.142076983544,240,0.142076983544,240,True,True,True,True,True,True,True
equity,ridge,0.20000000000000001,2,278,42020418,320,39dea8ddaae41fe8142fbbf09e2ce93762e2db1bb3f1f4b69a31a812b86a6a45,0.0015998400160000001,0.0079992000799999994,True,True,,0.30462730040500002,240,0.30462730040500002,240,0.30462730040500002,240,0.20464168486100001,240,0.20464168486100001,240,True,True,True,True,True,True,True
equity,ridge,0.20000000000000001,2,279,42020419,321,6e1df98b64b5b02c8b251837ed20e8703bdf8a1d1d15282000884a94d50898b3,0.0028997100290000001,0.014498550145000001,True,True,,0.28832821748300003,240,0.28832821748300003,240,0.28832821748300003,240,0.194453082976,240,0.194453082976,240,True,True,True,True,True,True,True
equity,ridge,0.20000000000000001,2,280,42020420,322,2e25239a4b47fa158665005088c19fa4e8fc3a73939dae93d4fa5b556b1843ef,0.042395760423999999,0.21197880212,False,True,,0.16201945824899999,240,0.16201945824899999,240,0.16201945824899999,240,0.13271616771,240,0.13271616771,240,True,True,True,True,True,True,True
equity,ridge,0.20000000000000001,2,281,42020421,323,2322f44313ba95f926c4bb71679bb27dc7a4eeb3e02b65f4906a74d803cf5538,0.042995700429999999,0.21497850215,False,True,,0.12983385186800001,240,0.12983385186800001,240,0.12983385186800001,240,0.12935630765600001,240,0.12935630765600001,240,True,True,True,True,True,True,True
equity,ridge,0.20000000000000001,2,282,42020422,324,4ab65436519c1d0e240bcd3855448a38ad3d472557bb744aa18f90e5a041ab9c,0.069193080692000003,0.34596540345999999,False,False,,0.19951753925400001,240,0.19951753925400001,240,0.19951753925400001,240,0.11757315134,240,0.11757315134,240,True,True,True,True,True,True,True
equity,ridge,0.20000000000000001,2,283,42020423,325,24e96f9f1370c6d7e04fb92fc2986666aa9a6791d4cbfd638111c0f7ba0e34ca,0.213578642136,1,False,False,,0.21601174667699999,240,0.21601174667699999,240,0.21601174667699999,240,0.080223139599000001,240,0.080223139599000001,240,True,True,True,True,True,True,True
equity,ridge,0.20000000000000001,2,284,42020424,326,fc81a99c3bee193f5f960574aa97e3f54028af892f69653fb798023863d5d44a,0.170182981702,0.85091490850999996,False,False,,0.171418800506,240,0.171418800506,240,0.171418800506,240,0.088537046883000001,240,0.088537046883000001,240,True,True,True,True,True,True,True
equity,ridge,0.20000000000000001,2,285,42020425,327,5a182139477c14c6b6e6d1ad4e9e41d5ebd71fe72a46aa8638892597f71fec7d,0.024097590241,0.120487951205,False,True,,0.25696493843899998,240,0.25696493843899998,240,0.25696493843899998,240,0.14514782054799999,240,0.14514782054799999,240,True,True,True,True,True,True,True
equity,ridge,0.20000000000000001,2,286,42020426,328,5bc751c092d7ffbc6c9cc9cc36a97106d6d037fdad3b7eedc184d15ef7df0193,0.025097490250999999,0.12548745125499999,False,True,,0.26430885923800002,240,0.26430885923800002,240,0.26430885923800002,240,0.14578842403699999,240,0.14578842403699999,240,True,True,True,True,True,True,True
equity,ridge,0.20000000000000001,2,287,42020427,329,4b8368cc9ab4692c7ef9fc8bd5edbe923cd69ef7e063a2429a0693df5e35d3bd,0.20457954204600001,1,False,False,,0.16280952968199999,240,0.16280952968199999,240,0.16280952968199999,240,0.082817318382000002,240,0.082817318382000002,240,True,True,True,True,True,True,True
equity,ridge,0.20000000000000001,2,288,42020428,330,b58eca480f735b5144f355635fc10cbe21df9b0515a2a969459d046530f0a906,0.046095390461000002,0.23047695230500001,False,True,,0.218653483496,240,0.218653483496,240,0.218653483496,240,0.12900482411299999,240,0.12900482411299999,240,True,True,True,True,True,True,True
equity,ridge,0.20000000000000001,2,289,42020429,331,074d4070e6696be5bf4961cb12813c13ffa6f049eb8ceb98a66ef06c1c990b10,0.108289171083,0.54144585541500001,False,False,,0.175646694825,240,0.175646694825,240,0.175646694825,240,0.10455537931599999,240,0.10455537931599999,240,True,True,True,True,True,True,True
equity,ridge,0.20000000000000001,2,290,42020430,332,0115f4d1a758faec2452762bf2dc1c29ae1d6603fba500fb6c193c7cc7495f06,0.18638136186400001,0.93190680932000003,False,False,,0.15755478337699999,240,0.15755478337699999,240,0.15755478337699999,240,0.086482003303000002,240,0.086482003303000002,240,True,True,True,True,True,True,True
equity,ridge,0.20000000000000001,2,291,42020431,333,6db1ab2e2abd96964c49fb9edb8fd213b2e3f5933a917143d0accc4ef79416a9,0.068393160684000004,0.34196580341999999,False,False,,0.112158441683,240,0.112158441683,240,0.112158441683,240,0.118502908111,240,0.118502908111,240,True,True,True,True,True,True,True
equity,ridge,0.20000000000000001,2,292,42020432,334,073fe118816ad0004921db67594974401e96db026739e3b57388b59e9ab2e562,0.074392560743999997,0.37196280372000001,False,False,,0.16617631050600001,240,0.16617631050600001,240,0.16617631050600001,240,0.114588221854,240,0.114588221854,240,True,True,True,True,True,True,True
equity,ridge,0.20000000000000001,2,293,42020433,335,f39c0d31b4435545140d8f18d4377b3cb60325ad4eecc8a66bc8eba7eb724fa2,0.22277772222799999,1,False,False,,0.065246263228999998,240,0.065246263228999998,240,0.065246263228999998,240,0.079019808447999995,240,0.079019808447999995,240,True,True,True,True,True,True,True
equity,ridge,0.20000000000000001,2,294,42020434,336,bfa91c35d0baaebca302d28cacb86bad41f15044ef70e0cffdc6a80532f139b9,0.0020997900210000002,0.010498950105,True,True,,0.217003111291,240,0.217003111291,240,0.217003111291,240,0.19458524052000001,240,0.19458524052000001,240,True,True,True,True,True,True,True
equity,ridge,0.20000000000000001,2,295,42020435,337,2523534fa1f9c6f6880103ae7a19ac299a4124f868b3ea97a6c48b08f38ac2cf,0.01199880012,0.0599940006,False,True,,0.186500310876,240,0.186500310876,240,0.186500310876,240,0.161799433642,240,0.161799433642,240,True,True,True,True,True,True,True
equity,ridge,0.20000000000000001,2,296,42020436,338,6b6a24a86e42403accf79fbdf9154d4c2a0f813c397fa0201888a5e06fd3450f,0.193680631937,0.96840315968500001,False,False,,0.152659285339,240,0.152659285339,240,0.152659285339,240,0.084286738065000005,240,0.084286738065000005,240,True,True,True,True,True,True,True
equity,ridge,0.20000000000000001,2,297,42020437,339,3e65e1ff23866390b2a749130146d9e55a30dee437556dcb2d97a14c78c22200,0.027997200279999999,0.1399860014,False,True,,0.177372256132,240,0.177372256132,240,0.177372256132,240,0.141014131402,240,0.141014131402,240,True,True,True,True,True,True,True
equity,ridge,0.20000000000000001,2,298,42020438,340,df97eb1cc5252e336f8db95d974cf2c0b59184e71d3c23dd9fb39eac98e44fbe,0.022597740226000002,0.11298870112999999,False,True,,0.24430574455599999,240,0.24430574455599999,240,0.24430574455599999,240,0.14894540356700001,240,0.14894540356700001,240,True,True,True,True,True,True,True
equity,ridge,0.20000000000000001,2,299,42020439,341,680de98b2762601dbb71e47e6b00c3e599ff490a2ba67c46b2de44e57e52db08,0.0058994100590000001,0.029497050295,True,True,,0.30855863655400001,240,0.30855863655400001,240,0.30855863655400001,240,0.179802142542,240,0.179802142542,240,True,True,True,True,True,True,True
equity,ridge,0.20000000000000001,2,300,42020440,342,81ea9e27a97d2d7e11bc7ecb74c26ae79511c607d28b3ad8116e3961a5ba1f88,0.012398760123999999,0.061993800619999997,False,True,,0.22246583122999999,240,0.22246583122999999,240,0.22246583122999999,240,0.16005643591499999,240,0.16005643591499999,240,True,True,True,True,True,True,True
equity,ridge,0.20000000000000001,2,301,42020441,343,30f63c131440adc9fc7e6bc4cc56df0af2c653b16478f7847a4450118c9d0255,0.083291670833000001,0.41645835416499999,False,False,,0.209511496174,240,0.209511496174,240,0.209511496174,240,0.113142514241,240,0.113142514241,240,True,True,True,True,True,True,True
equity,ridge,0.20000000000000001,2,302,42020442,344,3326ec0ddf7b0eb6a30db88f92dbb36ef5f024f267b680c028b3362135b0d75b,0.023597640236,0.11798820118,False,True,,0.16662955247700001,240,0.16662955247700001,240,0.16662955247700001,240,0.145694906299,240,0.145694906299,240,True,True,True,True,True,True,True
equity,ridge,0.20000000000000001,2,303,42020443,345,ca11c773101ec62956423b7174d58c1af979179a3fbfb1113b7a938cc9bbdc92,0.038296170382999997,0.191480851915,False,True,,0.18566273709,240,0.18566273709,240,0.18566273709,240,0.13592751834399999,240,0.13592751834399999,240,True,True,True,True,True,True,True
equity,ridge,0.20000000000000001,2,304,42020444,346,3ea33e2f8f652a699920ffd044def992d2e4faba90c7a5fe668451e969097161,0.08399160084,0.41995800420000001,False,False,,0.23076305711699999,240,0.23076305711699999,240,0.23076305711699999,240,0.11176726566,240,0.11176726566,240,True,True,True,True,True,True,True
equity,ridge,0.20000000000000001,2,305,42020445,347,49abbd04fe0f4f02f209f0a422b0c2c2024a509052b08aaa146867c0fa3905a0,0.043295670432999998,0.216478352165,False,True,,0.123778529929,240,0.123778529929,240,0.123778529929,240,0.13060670595099999,240,0.13060670595099999,240,True,True,True,True,True,True,True
equity,ridge,0.20000000000000001,2,306,42020446,348,32e15db4171a9263f3b474e0d5ba7dee058663ec1bf284bf92357775033b25c4,0.12798720127999999,0.63993600640000003,False,False,,0.16315024864899999,240,0.16315024864899999,240,0.16315024864899999,240,0.098624612394,240,0.098624612394,240,True,True,True,True,True,True,True
equity,ridge,0.20000000000000001,2,307,42020447,349,f1c53a4c40e6add949079230ed9c5df26d9b4adf7f9883b881498df51127be03,0.018798120187999999,0.093990600940000002,False,True,,0.154916646564,240,0.154916646564,240,0.154916646564,240,0.15270449954199999,240,0.15270449954199999,240,True,True,True,True,True,True,True
equity,ridge,0.20000000000000001,2,308,42020448,350,824d687cb71430647a2b138abc47031de86202fc9b0802e11b93423a6538ceb8,0.090590940906000006,0.45295470452999997,False,False,,0.178975732823,240,0.178975732823,240,0.178975732823,240,0.110173697412,240,0.110173697412,240,True,True,True,True,True,True,True
equity,ridge,0.20000000000000001,2,309,42020449,351,00fa72ba1e3f59839cfcbed26fc19b56d3a9be26c419d20fc12892826025d46d,0.074492550744999997,0.37246275372499998,False,False,,0.16805137107900001,240,0.16805137107900001,240,0.16805137107900001,240,0.116369784105,240,0.116369784105,240,True,True,True,True,True,True,True
equity,ridge,0.20000000000000001,2,310,42020450,352,59ffa9f4fb9572ce16d70a6ec3fbedd027c396c117db3557e15b44e0f724b42f,0.094490550945000001,0.47245275472499998,False,False,,0.198867426997,240,0.198867426997,240,0.198867426997,240,0.109579469786,240,0.109579469786,240,True,True,True,True,True,True,True
equity,ridge,0.20000000000000001,2,311,42020451,353,7abd64cf1ec279404cd16ce567c0fb216bdf7f7dfccba3dc16cafaa44fbb6ee4,0.0069993000699999997,0.034996500350000001,True,True,,0.29948635599000001,240,0.29948635599000001,240,0.29948635599000001,240,0.17556676035999999,240,0.17556676035999999,240,True,True,True,True,True,True,True
equity,ridge,0.20000000000000001,2,312,42020452,354,46f75da61e8e8e4f0a1a86cd4a9f6dc0898601495efc07ab3002933399a22644,0.0032996700330000001,0.016498350165000002,True,True,,0.27371649566900003,240,0.27371649566900003,240,0.27371649566900003,240,0.18688124618599999,240,0.18688124618599999,240,True,True,True,True,True,True,True
equity,ridge,0.20000000000000001,2,313,42020453,355,2fc116bad55db2f92c96527cf0bf24a599b6ede4f6457b613ac1ad838bbdc2b3,0.011598840116,0.057994200580000002,False,True,,0.272817397016,240,0.272817397016,240,0.272817397016,240,0.16254875021599999,240,0.16254875021599999,240,True,True,True,True,True,True,True
equity,ridge,0.20000000000000001,2,314,42020454,356,2dcd2f2ac8ae2af2af86f6cfd38bab1650885e1d8c127a3e1fcd956ef3d61dfd,0.036296370363,0.18148185181500001,False,True,,0.22043508293,240,0.22043508293,240,0.22043508293,240,0.13655281328800001,240,0.13655281328800001,240,True,True,True,True,True,True,True
equity,ridge,0.20000000000000001,2,315,42020455,357,6dbcbf87bf14df75faa2ca542ae82f59958a8d6ca68616f8149bf4847da81a76,0.22427757224299999,1,False,False,,0.17476469354599999,240,0.17476469354599999,240,0.17476469354599999,240,0.079308905131000001,240,0.079308905131000001,240,True,True,True,True,True,True,True
equity,ridge,0.20000000000000001,2,316,42020456,358,229fe17992d84fb9de7051d3801a17b9b512e7705f5270ec82c45e8416efa688,0.003699630037,0.018498150184999999,True,True,,0.30762004782500002,240,0.30762004782500002,240,0.30762004782500002,240,0.18629488924599999,240,0.18629488924599999,240,True,True,True,True,True,True,True
equity,ridge,0.20000000000000001,2,317,42020457,359,3b3eef353da368b26df8c755b1d3f817123c6e22fe1f9e120ec08df9fda7fb53,0.029397060294000001,0.14698530147,False,True,,0.14791508922499999,240,0.14791508922499999,240,0.14791508922499999,240,0.13905337743499999,240,0.13905337743499999,240,True,True,True,True,True,True,True
equity,ridge,0.20000000000000001,2,318,42020458,360,a41fcdbc6029d8d4c519202168ec3cbd1456a0c23dfe6a922d9c22b505fab6f9,0.20187981201899999,1,False,False,,0.22241966472899999,240,0.22241966472899999,240,0.22241966472899999,240,0.083543888918999998,240,0.083543888918999998,240,True,True,True,True,True,True,True
equity,ridge,0.20000000000000001,2,319,42020459,361,a6f7cef3d51ac882a62c54f2c55b8354b01a2d22b4837b0a325b706fb2b7ba75,0.016798320168000001,0.08399160084,False,True,,0.25679158642900002,240,0.25679158642900002,240,0.25679158642900002,240,0.15686846105300001,240,0.15686846105300001,240,True,True,True,True,True,True,True
equity,ridge,0.20000000000000001,2,320,42020460,362,aba5510df9575d335807716bd9336840efd469cae0e18ebe91f4d4568bbb1627,0.02699730027,0.13498650135000001,False,True,,0.34691641808599999,240,0.34691641808599999,240,0.34691641808599999,240,0.14435843416800001,240,0.14435843416800001,240,True,True,True,True,True,True,True
equity,ridge,0.20000000000000001,2,321,42020461,363,0cc0536431306d5518504c7d5fbac90c9eda53d9293ab240337952aa3089dcc0,0.049795020497999998,0.24897510248999999,False,True,,0.13756905859099999,240,0.13756905859099999,240,0.13756905859099999,240,0.128215338638,240,0.128215338638,240,True,True,True,True,True,True,True
equity,ridge,0.20000000000000001,2,322,42020462,364,ad980ee2ad09824c6b7d5b7da0c8d8ba36224eb696c656472d7be97ce1a7df16,0.040195980402000002,0.20097990200999999,False,True,,0.21624580368900001,240,0.21624580368900001,240,0.21624580368900001,240,0.134021041881,240,0.134021041881,240,True,True,True,True,True,True,True
equity,ridge,0.20000000000000001,2,323,42020463,365,ca9787c38ef09896ac5074568b00647128cd7ed10bd4b3ffd39c1d707bc82660,0.0067993200679999999,0.033996600340000002,True,True,,0.26305108646199998,240,0.26305108646199998,240,0.26305108646199998,240,0.17770815930799999,240,0.17770815930799999,240,True,True,True,True,True,True,True
equity,ridge,0.20000000000000001,2,324,42020464,366,59fc36e89a707007dece2b68c0ae8ca3499ef745dedcb7f3b7e5173d3d8b1f9c,0.0082991700830000008,0.041495850415,True,True,,0.26931802673400002,240,0.26931802673400002,240,0.26931802673400002,240,0.17262929128099999,240,0.17262929128099999,240,True,True,True,True,True,True,True
equity,ridge,0.20000000000000001,2,325,42020465,367,a31f9d0c013a9e03d7d70591398ef54e4f2aac74f62f822f7220a40ef64b6ef8,0.025197480251999999,0.12598740125999999,False,True,,0.13910118256699999,240,0.13910118256699999,240,0.13910118256699999,240,0.14429660615600001,240,0.14429660615600001,240,True,True,True,True,True,True,True
equity,ridge,0.20000000000000001,2,326,42020466,368,1306bc0e7fd443a77d3378598480b18b8f32c0fe688e5e7c13a60674007daed1,0.046695330467000001,0.23347665233500001,False,True,,0.13899955474,240,0.13899955474,240,0.13899955474,240,0.13001265856300001,240,0.13001265856300001,240,True,True,True,True,True,True,True
equity,ridge,0.20000000000000001,2,327,42020467,369,2cc137933a242b8fbf654608341d69ea8a59fc92def726b72923a1ac420d6def,0.044695530446999997,0.22347765223499999,False,True,,0.18768746269700001,240,0.18768746269700001,240,0.18768746269700001,240,0.13052822584900001,240,0.13052822584900001,240,True,True,True,True,True,True,True
equity,ridge,0.20000000000000001,2,328,42020468,370,defeabbc6c07237e0eaa4cd20e500bb22dfbdf7b1e29c6437e22ec46ded21313,0.037396260373999998,0.18698130187000001,False,True,,0.24091496994799999,240,0.24091496994799999,240,0.24091496994799999,240,0.135997800069,240,0.135997800069,240,True,True,True,True,True,True,True
equity,ridge,0.20000000000000001,2,329,42020469,371,907f0405a08e55f52ab56dca2e8d59fdb8bb2957d8644f0db8bbd8270ff03b23,0.023897610239,0.119488051195,False,True,,0.230342205129,240,0.230342205129,240,0.230342205129,240,0.14921089496699999,240,0.14921089496699999,240,True,True,True,True,True,True,True
equity,ridge,0.20000000000000001,2,330,42020470,372,98f6d8b9b86f3f33d0aed8b91cffce7d9ed429467f4f45ac51839ee0964ba106,0.057094290571000003,0.28547145285499997,False,False,,0.19623559019600001,240,0.19623559019600001,240,0.19623559019600001,240,0.121612734408,240,0.121612734408,240,True,True,True,True,True,True,True
equity,ridge,0.20000000000000001,2,331,42020471,373,3694b11f2f316e5b6c813f7ac89c29549f6eb67dfbbce263b320a3f9d93f12ed,0.1099890011,0.54994500550000003,False,False,,0.124144917396,240,0.124144917396,240,0.124144917396,240,0.10157047675600001,240,0.10157047675600001,240,True,True,True,True,True,True,True
equity,ridge,0.20000000000000001,2,332,42020472,374,e79e68477bfd5f374f4afcc353a13f44161e039ce7685264519f47e03f28ea9d,0.087691230876999995,0.43845615438500002,False,False,,0.115893789321,240,0.115893789321,240,0.115893789321,240,0.109782706757,240,0.109782706757,240,True,True,True,True,True,True,True
equity,ridge,0.20000000000000001,2,333,42020473,375,75fb2b280593a91b898e7a10ac3106491026f615abb40af9c27a886021ad98ea,0.050194980501999997,0.25097490250999999,False,False,,0.226350605599,240,0.226350605599,240,0.226350605599,240,0.12880189028700001,240,0.12880189028700001,240,True,True,True,True,True,True,True
equity,ridge,0.20000000000000001,2,334,42020474,376,4e47793b9223d2e15dafdd01b526c01be3c0ac2e604c2ee2e72c21fa2fe7a873,0.018998100189999999,0.094990500950000001,False,True,,0.1850310315,240,0.1850310315,240,0.1850310315,240,0.15029722343999999,240,0.15029722343999999,240,True,True,True,True,True,True,True
equity,ridge,0.20000000000000001,2,335,42020475,377,f6b264df7a68cce6467ea2b9faa643edde58186a03581829720c7d1f1687c87a,0.023197680232000001,0.11598840116,False,True,,0.25872130329999998,240,0.25872130329999998,240,0.25872130329999998,240,0.14778877981399999,240,0.14778877981399999,240,True,True,True,True,True,True,True
equity,ridge,0.20000000000000001,2,336,42020476,378,9cbab130f7388e44a0de060fd546899980bc3756f5fcda3f69d39a1eaa7dcf80,0.18198180182000001,0.90990900910000005,False,False,,0.18418569857700001,240,0.18418569857700001,240,0.18418569857700001,240,0.087466695706000006,240,0.087466695706000006,240,True,True,True,True,True,True,True
equity,ridge,0.20000000000000001,2,337,42020477,379,2fd5a5e12777062dea1f91ebf0886b1a58f649d370a48391e210784514a8ad0d,0.116888311169,0.58444155584500002,False,False,,0.17435647968000001,240,0.17435647968000001,240,0.17435647968000001,240,0.103758311279,240,0.103758311279,240,True,True,True,True,True,True,True
equity,ridge,0.20000000000000001,2,338,42020478,380,4da8a5cdc8ecc9f543a0ff1a65b6ac97657a9fd2b202ad51e43b5a224aaae053,0.043195680431999998,0.21597840216,False,True,,0.27262199189899999,240,0.27262199189899999,240,0.27262199189899999,240,0.13369264689999999,240,0.13369264689999999,240,True,True,True,True,True,True,True
equity,ridge,0.20000000000000001,2,339,42020479,381,17049337865ff36253ecae269bf80d5d3aeb06ed327b02e3809d755542d28ebd,0.01799820018,0.089991000900000007,False,True,,0.26543485124799998,240,0.26543485124799998,240,0.26543485124799998,240,0.15320397542,240,0.15320397542,240,True,True,True,True,True,True,True
equity,ridge,0.20000000000000001,2,340,42020480,382,310846ba90b98c2dc56d15efc4d166e2492b336278f690bbbe5cbcc598429603,0.086591340865999997,0.43295670433,False,False,,0.19907082552399999,240,0.19907082552399999,240,0.19907082552399999,240,0.11105626211899999,240,0.11105626211899999,240,True,True,True,True,True,True,True
equity,ridge,0.20000000000000001,2,341,42020481,383,55b450c8f4d635b1dec15665f5577f38f79f688da519fc201c12582e3c9b2eb2,0.17728227177299999,0.886411358865,False,False,,0.244258009029,240,0.244258009029,240,0.244258009029,240,0.088623077857999999,240,0.088623077857999999,240,True,True,True,True,True,True,True
equity,ridge,0.20000000000000001,2,342,42020482,384,cc185e40156293935926849647441a9eacc49466f5e4fba52625fcdd8e4f8b9d,0.121087891211,0.60543945605500005,False,False,,0.16796498420700001,240,0.16796498420700001,240,0.16796498420700001,240,0.10128912638699999,240,0.10128912638699999,240,True,True,True,True,True,True,True
equity,ridge,0.20000000000000001,2,343,42020483,385,eeb257b192fb1d8c81b6aaed569860eb49becb91d5dd56cad71cc3c2fc4bbe14,0.073192680731999998,0.36596340366000002,False,False,,0.16576054851499999,240,0.16576054851499999,240,0.16576054851499999,240,0.115713167236,240,0.115713167236,240,True,True,True,True,True,True,True
equity,ridge,0.20000000000000001,2,344,42020484,386,b2011c50be98b04e648ab4051c0bb80158a634c94351c7d93e99b2c2496836f2,0.018398160183999999,0.091990800920000004,False,True,,0.194461451516,240,0.194461451516,240,0.194461451516,240,0.154204156605,240,0.154204156605,240,True,True,True,True,True,True,True
equity,ridge,0.20000000000000001,2,345,42020485,387,d8383633add11d8e29935c76b33d8aa201a04690fc93e1217ed873f12fcd7f41,0.014398560144000001,0.07199280072,False,True,,0.17960751937399999,240,0.17960751937399999,240,0.17960751937399999,240,0.15568865330699999,240,0.15568865330699999,240,True,True,True,True,True,True,True
equity,ridge,0.20000000000000001,2,346,42020486,388,cd8fa5a8c44dc1fafd212f2ba9cdc97b6a58bc29da4c697acd48db0bd0cca4f8,0.081891810819000002,0.409459054095,False,False,,0.19825090319800001,240,0.19825090319800001,240,0.19825090319800001,240,0.114032733311,240,0.114032733311,240,True,True,True,True,True,True,True
equity,ridge,0.20000000000000001,2,347,42020487,389,9d2fc1ff24e7e2c7a4cb30129e4805365a4ff68e12559bb182846b949641466d,0.027897210278999999,0.139486051395,False,True,,0.22387380865600001,240,0.22387380865600001,240,0.22387380865600001,240,0.13928796563699999,240,0.13928796563699999,240,True,True,True,True,True,True,True
equity,ridge,0.20000000000000001,2,348,42020488,390,e2ded74a00e3ff86c5dd67173469e124bdeb3dc36fe8007c9dc877574ff29178,0.13268673132700001,0.66343365663499998,False,False,,0.129504550016,240,0.129504550016,240,0.129504550016,240,0.098686492426,240,0.098686492426,240,True,True,True,True,True,True,True
equity,ridge,0.20000000000000001,2,349,42020489,391,4bc1eba615d75c50aa88edd88271797d39577caaddbb1b3ad41c3bf9db1d5054,0.0085991400860000004,0.042995700429999999,True,True,,0.233765715544,240,0.233765715544,240,0.233765715544,240,0.168378404565,240,0.168378404565,240,True,True,True,True,True,True,True
equity,ridge,0.20000000000000001,2,350,42020490,392,0e3589f60c76933413dcfbcef29cadc6528c1ba658c95f93805a21edf50a4080,0.017898210179,0.089491050894999993,False,True,,0.20089884606200001,240,0.20089884606200001,240,0.20089884606200001,240,0.15236786130800001,240,0.15236786130800001,240,True,True,True,True,True,True,True
equity,ridge,0.20000000000000001,2,351,42020491,393,bab91963ddcc81fc1289e94116a859b280a60138793035c0d1964c6cac2ea3d3,0.080191980802000004,0.40095990400999998,False,False,,0.173318303811,240,0.173318303811,240,0.173318303811,240,0.11663567518,240,0.11663567518,240,True,True,True,True,True,True,True
equity,ridge,0.20000000000000001,2,352,42020492,394,d1411b569f684b2eda9cb968c4ecb121f32f7ee86e3821c686dcace2ff4a0cfe,0.075792420757999995,0.37896210379,False,False,,0.21311342441600001,240,0.21311342441600001,240,0.21311342441600001,240,0.11551017534499999,240,0.11551017534499999,240,True,True,True,True,True,True,True
equity,ridge,0.20000000000000001,2,353,42020493,395,6fda4902865b0f6f284e307b42a62dbd47db66b0f0ba7ed2be22a33d478e9bf9,0.011598840116,0.057994200580000002,False,True,,0.20959829719199999,240,0.20959829719199999,240,0.20959829719199999,240,0.16669910885299999,240,0.16669910885299999,240,True,True,True,True,True,True,True
equity,ridge,0.20000000000000001,2,354,42020494,396,210f746321bd8b23e90d706c6a3cd9909f0a94eb9b1141337bbe02b0e164263e,0.030396960303999999,0.15198480151999999,False,True,,0.205205829886,240,0.205205829886,240,0.205205829886,240,0.13906898747599999,240,0.13906898747599999,240,True,True,True,True,True,True,True
equity,ridge,0.20000000000000001,2,355,42020495,397,4cd43628976684e2da2b581b18f32753b273e10ef4a679b0be2674f006f65b13,0.090090990901000007,0.450454954505,False,False,,0.111235676752,240,0.111235676752,240,0.111235676752,240,0.107954239102,240,0.107954239102,240,True,True,True,True,True,True,True
equity,ridge,0.20000000000000001,2,356,42020496,398,16bd5b83835d6567ed270e3076232a3db3b7890392eba6fa56281dcd315fcef2,0.048395160483999999,0.24197580242,False,True,,0.22039499773599999,240,0.22039499773599999,240,0.22039499773599999,240,0.128543525356,240,0.128543525356,240,True,True,True,True,True,True,True
equity,ridge,0.20000000000000001,2,357,42020497,399,062641162b38183392ae1665533ae525b5e8ce4525d291136a8c127731044579,0.0011998800119999999,0.00599940006,True,True,,0.23804735251299999,240,0.23804735251299999,240,0.23804735251299999,240,0.20407173877699999,240,0.20407173877699999,240,True,True,True,True,True,True,True
equity,ridge,0.20000000000000001,2,358,42020498,400,0714d303aa92e86b605e40b788cfe0aaa280fcc7676b026563a701255abe5cc3,0.036896310368999999,0.18448155184500001,False,True,,0.30983300262199998,240,0.30983300262199998,240,0.30983300262199998,240,0.13516934893099999,240,0.13516934893099999,240,True,True,True,True,True,True,True
equity,ridge,0.20000000000000001,2,359,42020499,401,6cc6574abdfc0c7fac70163b9465b76702107a4b977fa540dc303a193e9e07a3,0.024397560243999999,0.12198780122,False,True,,0.20785353408099999,240,0.20785353408099999,240,0.20785353408099999,240,0.14463967884699999,240,0.14463967884699999,240,True,True,True,True,True,True,True
equity,ridge,0.20000000000000001,2,360,42020500,402,5f32200bde96bdceebdb64e2a84b00aefc6f07fe5e387de1152a37e23d9375dd,0.040795920408000001,0.20397960204000001,False,True,,0.196884763528,240,0.196884763528,240,0.196884763528,240,0.13302883908599999,240,0.13302883908599999,240,True,True,True,True,True,True,True
equity,ridge,0.20000000000000001,2,361,42020501,403,f4a43c364d08a9146735b55eaed681d4341bdeff0359d339cea29371f56a77f5,0.13118688131199999,0.65593440656000002,False,False,,0.24082859809500001,240,0.24082859809500001,240,0.24082859809500001,240,0.099609079315999993,240,0.099609079315999993,240,True,True,True,True,True,True,True
equity,ridge,0.20000000000000001,2,362,42020502,404,2be4211979233f14819f31e03083e74a7e13eea007a2026d70bff817fe899838,0.027497250274999999,0.13748625137500001,False,True,,0.22084079378999999,240,0.22084079378999999,240,0.22084079378999999,240,0.14514007991200001,240,0.14514007991200001,240,True,True,True,True,True,True,True
equity,ridge,0.20000000000000001,2,363,42020503,405,814f2aefd77a12586d67b195929666b5482d692f88b674f0b423dd73714e18ba,0.15068493150699999,0.75342465753499999,False,False,,0.15652675645200001,240,0.15652675645200001,240,0.15652675645200001,240,0.093256782496999993,240,0.093256782496999993,240,True,True,True,True,True,True,True
equity,ridge,0.20000000000000001,2,364,42020504,406,923694550e224e368238af69bf7b931b4ddb6c3a1e6d0c298e63a4f29a51c32c,0.029097090291000001,0.145485451455,False,True,,0.18831123385699999,240,0.18831123385699999,240,0.18831123385699999,240,0.141123590168,240,0.141123590168,240,True,True,True,True,True,True,True
equity,ridge,0.20000000000000001,2,365,42020505,407,bb96a5652b70ab872c55dbf943331a1b502c60080dca40123b3b4c1ab2cf02aa,0.067093290671000005,0.33546645335500003,False,False,,0.19912645023700001,240,0.19912645023700001,240,0.19912645023700001,240,0.119698320769,240,0.119698320769,240,True,True,True,True,True,True,True
equity,ridge,0.20000000000000001,2,366,42020506,408,d8d4e6f5d80696ca7e030d30e5dc7bc1c1ef160e1c0b3de3c141cfce529d8f9d,0.0041995800420000003,0.02099790021,True,True,,0.203462531212,240,0.203462531212,240,0.203462531212,240,0.18820970237699999,240,0.18820970237699999,240,True,True,True,True,True,True,True
equity,ridge,0.20000000000000001,2,367,42020507,409,70fec1676ae586d9209b848413daaec879a86b42e27c88e4352d9d2c285ca2f4,0.063693630636999995,0.31846815318499999,False,False,,0.140930123164,240,0.140930123164,240,0.140930123164,240,0.119722174795,240,0.119722174795,240,True,True,True,True,True,True,True
equity,ridge,0.20000000000000001,2,368,42020508,410,f26376101cb30336767087e825f3cc0b5a897180756ea3471111a6d194a236bd,0.012898710129000001,0.064493550644999995,False,True,,0.23491416308400001,240,0.23491416308400001,240,0.23491416308400001,240,0.16128368959799999,240,0.16128368959799999,240,True,True,True,True,True,True,True
equity,ridge,0.20000000000000001,2,369,42020509,411,94b5a1a1541721313565005710e770ab7c08e14af2221fe1b70353f628a6778f,0.071092890711000001,0.355464453555,False,False,,0.14700782113700001,240,0.14700782113700001,240,0.14700782113700001,240,0.118416779508,240,0.118416779508,240,True,True,True,True,True,True,True
equity,ridge,0.20000000000000001,2,370,42020510,412,91df5f86a7ef41ca40df41e0ca3d974b38cc78b4b3640e4f65fbca40f41ee800,0.115688431157,0.57844215578500002,False,False,,0.15965099559599999,240,0.15965099559599999,240,0.15965099559599999,240,0.103336278217,240,0.103336278217,240,True,True,True,True,True,True,True
equity,ridge,0.20000000000000001,2,371,42020511,413,d04b56d2eb9d645afa56efda9ccff0f78d6b6f8ee257d29f78f079bec65f7feb,0.018998100189999999,0.094990500950000001,False,True,,0.24336050468100001,240,0.24336050468100001,240,0.24336050468100001,240,0.15608700195799999,240,0.15608700195799999,240,True,True,True,True,True,True,True
equity,ridge,0.20000000000000001,2,372,42020512,414,3b3adb646b6b859e237030ea1dba0f2593bd371c72d9fb9a0b1aa3b13efad04f,0.013998600139999999,0.069993000700000002,False,True,,0.33953168711100001,240,0.33953168711100001,240,0.33953168711100001,240,0.160618757675,240,0.160618757675,240,True,True,True,True,True,True,True
equity,ridge,0.20000000000000001,2,373,42020513,415,f39f1714cff80de2cff5bf262ef0a736e1b6e6750f2920dc8b690d8c1aeefd40,0.058894110589000001,0.29447055294500002,False,False,,0.15772873764699999,240,0.15772873764699999,240,0.15772873764699999,240,0.122339261901,240,0.122339261901,240,True,True,True,True,True,True,True
equity,ridge,0.20000000000000001,2,374,42020514,416,3beb4f0fb862b934c47df9ebfbc34919d7b156a7ff619dacb59c47db13fc312d,0.22327767223299999,1,False,False,,0.257276999678,240,0.257276999678,240,0.257276999678,240,0.078347804088999995,240,0.078347804088999995,240,True,True,True,True,True,True,True
equity,ridge,0.20000000000000001,2,375,42020515,417,6e7245bd839e471f495f6b93cf85b6c1959aa3eb3aaf88bb531b56c2eac3b881,0.067593240676000005,0.33796620338,False,False,,0.077410904545999998,240,0.077410904545999998,240,0.077410904545999998,240,0.119229275331,240,0.119229275331,240,True,True,True,True,True,True,True
equity,ridge,0.20000000000000001,2,376,42020516,418,28b01b15b20cc50515be126d61226aac625df039ec6a8a72e20a38bf1bf37c7b,0.075992400759999995,0.3799620038,False,False,,0.21101252517399999,240,0.21101252517399999,240,0.21101252517399999,240,0.115729520394,240,0.115729520394,240,True,True,True,True,True,True,True
equity,ridge,0.20000000000000001,2,377,42020517,419,553d045447cd2f5427ad264d8c7cbfb5603482b3197fdc1be31559f90fd2b859,0.02699730027,0.13498650135000001,False,True,,0.387400165101,240,0.387400165101,240,0.387400165101,240,0.14760148075599999,240,0.14760148075599999,240,True,True,True,True,True,True,True
equity,ridge,0.20000000000000001,2,378,42020518,420,b9f3b1e2d18a1ec663ce3a3b23aba9c27d149af49504e7103122ae7667fe6771,0.048995100489999999,0.24497550244999999,False,True,,0.17846737241800001,240,0.17846737241800001,240,0.17846737241800001,240,0.12933299855899999,240,0.12933299855899999,240,True,True,True,True,True,True,True
equity,ridge,0.20000000000000001,2,379,42020519,421,8ba36a4d2497685ec449d2bf9b58bc7d3fa5b644095bae4305ee47759e2d7cf9,0.075292470752999996,0.37646235376499998,False,False,,0.17338823678199999,240,0.17338823678199999,240,0.17338823678199999,240,0.115627237371,240,0.115627237371,240,True,True,True,True,True,True,True
equity,ridge,0.20000000000000001,2,380,42020520,422,4032cddff9cdab205d22e6acc7c620045886b8ccb306b294b149b1fe10e9a452,0.111388861114,0.55694430556999996,False,False,,0.094172155911999997,240,0.094172155911999997,240,0.094172155911999997,240,0.10470419700899999,240,0.10470419700899999,240,True,True,True,True,True,True,True
equity,ridge,0.20000000000000001,2,381,42020521,423,03e9515bab717fd75339be5bc387549ac9d715abd817200cc8d46f1229d144cd,0.10328967103300001,0.51644835516499998,False,False,,0.14439042319299999,240,0.14439042319299999,240,0.14439042319299999,240,0.10614150989,240,0.10614150989,240,True,True,True,True,True,True,True
equity,ridge,0.20000000000000001,2,382,42020522,424,cb91bb6781331eb5d11efb9fdbacd97e7b81541e0074774db7edd9dc0dabdaf9,0.051794820518000002,0.25897410258999998,False,False,,0.12572281277700001,240,0.12572281277700001,240,0.12572281277700001,240,0.12668378559999999,240,0.12668378559999999,240,True,True,True,True,True,True,True
equity,ridge,0.20000000000000001,2,383,42020523,425,e86599d329e0b4e46623c63f3e6679007feeb7086debee8b44c342a766fedd91,0.019598040196000002,0.097990200979999997,False,True,,0.20698745313200001,240,0.20698745313200001,240,0.20698745313200001,240,0.15125108004999999,240,0.15125108004999999,240,True,True,True,True,True,True,True
equity,ridge,0.20000000000000001,2,384,42020524,426,95a04f991d922a3f2dcd67a200a41fac762d850bcc40abac046f7526d15bda9b,0.076692330766999994,0.38346165383500003,False,False,,0.14871943704500001,240,0.14871943704500001,240,0.14871943704500001,240,0.112814494573,240,0.112814494573,240,True,True,True,True,True,True,True
equity,ridge,0.20000000000000001,2,385,42020525,427,76cb2e7172a6cc5fb1addedc375e601411f3b76df1196ded4dff77d83df14cec,0.032596740325999997,0.16298370163000001,False,True,,0.22752279250099999,240,0.22752279250099999,240,0.22752279250099999,240,0.13879532828899999,240,0.13879532828899999,240,True,True,True,True,True,True,True
equity,ridge,0.20000000000000001,2,386,42020526,428,ed5246827004628aefd8767c9ac67bf2c05dafc578dce8b8c26946b7418114b8,0.031296870312999998,0.15648435156500001,False,True,,0.23765718483699999,240,0.23765718483699999,240,0.23765718483699999,240,0.14131186679999999,240,0.14131186679999999,240,True,True,True,True,True,True,True
equity,ridge,0.20000000000000001,2,387,42020527,429,5d44f08c6951e14cf8f8e3b4fbb0040122f0ca0354881df0edd01a3e5ba29ab1,0.015298470153,0.076492350764999995,False,True,,0.32424884875900001,240,0.32424884875900001,240,0.32424884875900001,240,0.157087059871,240,0.157087059871,240,True,True,True,True,True,True,True
equity,ridge,0.20000000000000001,2,388,42020528,430,517a2e0287cb9195efc7100afb420ae53379662d5492350dae2f58a6992d5074,0.033196680332000003,0.16598340166,False,True,,0.27120229604399998,240,0.27120229604399998,240,0.27120229604399998,240,0.14055340083599999,240,0.14055340083599999,240,True,True,True,True,True,True,True
equity,ridge,0.20000000000000001,2,389,42020529,431,9885e17c48096536578c2adb48e461f657b55a9c3cf66a6e88bf72f6b5220c7c,0.080491950805000004,0.402459754025,False,False,,0.17179360908300001,240,0.17179360908300001,240,0.17179360908300001,240,0.113330057463,240,0.113330057463,240,True,True,True,True,True,True,True
equity,ridge,0.20000000000000001,2,390,42020530,432,c9a6e18ea7af52ace0d2b28ebf3f9dd07b0f28d0f4c9a30316fbb06fafddece5,0.012398760123999999,0.061993800619999997,False,True,,0.190609535676,240,0.190609535676,240,0.190609535676,240,0.16208070066800001,240,0.16208070066800001,240,True,True,True,True,True,True,True
equity,ridge,0.20000000000000001,2,391,42020531,433,65adb93c64ec420922113eb81c97377f65d18bb6954f15402a03f6661c097768,0.059194080592000001,0.29597040295999999,False,False,,0.20296984752200001,240,0.20296984752200001,240,0.20296984752200001,240,0.122706563932,240,0.122706563932,240,True,True,True,True,True,True,True
equity,ridge,0.20000000000000001,2,392,42020532,434,cbba635ce7627ee0d48399bee2ec431f59e98932e43177f351f029649e207847,0.065793420657999993,0.32896710329000001,False,False,,0.28122483632599998,240,0.28122483632599998,240,0.28122483632599998,240,0.11845573747800001,240,0.11845573747800001,240,True,True,True,True,True,True,True
equity,ridge,0.20000000000000001,2,393,42020533,435,7f5d7a43e560f610df5b95101834ddddf08f399ce0ce7e672851f1240bede2f5,0.013398660134,0.066993300670000006,False,True,,0.22071638915399999,240,0.22071638915399999,240,0.22071638915399999,240,0.15784574966699999,240,0.15784574966699999,240,True,True,True,True,True,True,True
equity,ridge,0.20000000000000001,2,394,42020534,436,8af6c3365403a7a7013e17175f56c20fc3bb2598784cadc4dfe64740830f9b18,0.083291670833000001,0.41645835416499999,False,False,,0.191343834578,240,0.191343834578,240,0.191343834578,240,0.110290750279,240,0.110290750279,240,True,True,True,True,True,True,True
equity,ridge,0.20000000000000001,2,395,42020535,437,9bb0937c63a09420d764d836b5313fd8a178e3cb940af4ee354ebf43dcb162fe,0.073792620737999998,0.36896310369000002,False,False,,0.091570057353000001,240,0.091570057353000001,240,0.091570057353000001,240,0.115611810866,240,0.115611810866,240,True,True,True,True,True,True,True
equity,ridge,0.20000000000000001,2,396,42020536,438,c32c48433c1437415caac2aaaeba95a67191a815dff1978de3b9566219126ce5,0.018098190181,0.090490950905000006,False,True,,0.23712539847299999,240,0.23712539847299999,240,0.23712539847299999,240,0.15522823577700001,240,0.15522823577700001,240,True,True,True,True,True,True,True
equity,ridge,0.20000000000000001,2,397,42020537,439,94842586a1aeebdcc5491b86281753ad25b639f5019407a80e5fc5b192138a1d,0.023297670233000001,0.116488351165,False,True,,0.20618255507200001,240,0.20618255507200001,240,0.20618255507200001,240,0.14928934997500001,240,0.14928934997500001,240,True,True,True,True,True,True,True
equity,ridge,0.20000000000000001,2,398,42020538,440,758592bf66750d8bfaa4808fb0fea68906798f0801bc6ac766bfe16a6e5d4c79,0.020197980202000001,0.10098990100999999,False,True,,0.295564040646,240,0.295564040646,240,0.295564040646,240,0.15260176610599999,240,0.15260176610599999,240,True,True,True,True,True,True,True
equity,ridge,0.20000000000000001,2,399,42020539,441,20890c4313b541557082df398edcf678dd69a0464dae13773835e24b2c33fda1,0.060193980602,0.30096990300999998,False,False,,0.25682986484199999,240,0.25682986484199999,240,0.25682986484199999,240,0.12376929646400001,240,0.12376929646400001,240,True,True,True,True,True,True,True
equity,ridge,0.20000000000000001,2,400,42020540,442,9ccd5a68197545fc9a82fc42d628b35fc481192540f812002768826499681f81,0.084391560843999999,0.42195780422000001,False,False,,0.13264644794700001,240,0.13264644794700001,240,0.13264644794700001,240,0.112220538403,240,0.112220538403,240,True,True,True,True,True,True,True
equity,ridge,0.20000000000000001,2,401,42020541,443,6f52c3eeb17a76213169aa8c1c7ffb7483ce53c5f55e59e2811b75e81f9b1d4f,0.0078992100789999995,0.039496050395000003,True,True,,0.25718233933000001,240,0.25718233933000001,240,0.25718233933000001,240,0.16970670982399999,240,0.16970670982399999,240,True,True,True,True,True,True,True
equity,ridge,0.20000000000000001,2,402,42020542,444,18871bd90bd0d194250f9e37373c221e225c7d39c054f8c39f16a191f7d5c025,0.170082991701,0.85041495850500004,False,False,,0.15153400970299999,240,0.15153400970299999,240,0.15153400970299999,240,0.089779425758000006,240,0.089779425758000006,240,True,True,True,True,True,True,True
equity,ridge,0.20000000000000001,2,403,42020543,445,75ed9e4799521978c6d38a79cb5146b54534f8632e7cefc81de309e7e170a231,0.077092290770999994,0.38546145385500002,False,False,,0.21053574551000001,240,0.21053574551000001,240,0.21053574551000001,240,0.114744526129,240,0.114744526129,240,True,True,True,True,True,True,True
equity,ridge,0.20000000000000001,2,404,42020544,446,7fe00ad561620c8037e8e679fcd6791872332279ce789cef9289eae0db40d12c,0.0081991800819999992,0.040995900410000001,True,True,,0.30054928359700001,240,0.30054928359700001,240,0.30054928359700001,240,0.17301152819099999,240,0.17301152819099999,240,True,True,True,True,True,True,True
equity,ridge,0.20000000000000001,2,405,42020545,447,ae3a13eaa8bf8daa150f976d4d1379801cb2e761fa24912467ebe6f1f49f4fe8,0.21077892210800001,1,False,False,,0.19532097748300001,240,0.19532097748300001,240,0.19532097748300001,240,0.081598271318000001,240,0.081598271318000001,240,True,True,True,True,True,True,True
equity,ridge,0.20000000000000001,2,406,42020546,448,12b21941c26a2d60d157aec3336560bf6efd174bfb9f3feb9fc7895bd2a90718,0.039996000400000002,0.19998000199999999,False,True,,0.27470156979600002,240,0.27470156979600002,240,0.27470156979600002,240,0.132958314844,240,0.132958314844,240,True,True,True,True,True,True,True
equity,ridge,0.20000000000000001,2,407,42020547,449,069f1f1b2b8a9e5bef3b9cde800eb050137cae9e7eeed3bec9b022c7b78f064f,0.12468753124699999,0.62343765623500003,False,False,,0.131755215585,240,0.131755215585,240,0.131755215585,240,0.100874926462,240,0.100874926462,240,True,True,True,True,True,True,True
equity,ridge,0.20000000000000001,2,408,42020548,450,dc02271de52f44ecb969cda03c56bae435474ad021cd65b9617ff1191a42d54f,0.106689331067,0.53344665533500002,False,False,,0.24482947358500001,240,0.24482947358500001,240,0.24482947358500001,240,0.104828697442,240,0.104828697442,240,True,True,True,True,True,True,True
equity,ridge,0.20000000000000001,2,409,42020549,451,7d4718e8c439a66b87a3e56b642f71701f73536f6c8cc9c2c426e1f1326ac228,0.016298370162999998,0.081491850815000003,False,True,,0.22728787606,240,0.22728787606,240,0.22728787606,240,0.15411809705599999,240,0.15411809705599999,240,True,True,True,True,True,True,True
equity,ridge,0.20000000000000001,2,410,42020550,452,72b2bb5ea3dc0423a09f073efb8d2aeef7867fa490890dff115cfbe431c67c97,0.012798720128000001,0.063993600639999995,False,True,,0.20325162760500001,240,0.20325162760500001,240,0.20325162760500001,240,0.16068947955599999,240,0.16068947955599999,240,True,True,True,True,True,True,True
equity,ridge,0.20000000000000001,2,411,42020551,453,27440fb444e5e2559f6af4289ed18c2492783fe7c78f174d3d5e9dee0412fa55,0.049295070492999998,0.24647535246499999,False,True,,0.222021974388,240,0.222021974388,240,0.222021974388,240,0.12809083582399999,240,0.12809083582399999,240,True,True,True,True,True,True,True
equity,ridge,0.20000000000000001,2,412,42020552,454,1c3db969ed2594944cf137411c1fa6d3a8cf2622e2f8677087e644e84e930eff,0.066993300670000006,0.33496650335,False,False,,0.12501216659799999,240,0.12501216659799999,240,0.12501216659799999,240,0.1184717025,240,0.1184717025,240,True,True,True,True,True,True,True
equity,ridge,0.20000000000000001,2,413,42020553,455,037d2ffaef4fb832d2f45323ac8f3d02337b0586d552e818c6443964cdcefa00,0.026297370263000001,0.13148685131499999,False,True,,0.26003606613300001,240,0.26003606613300001,240,0.26003606613300001,240,0.145577619524,240,0.145577619524,240,True,True,True,True,True,True,True
equity,ridge,0.20000000000000001,2,414,42020554,456,4d24d906909e581620d190455ff2d59ab8fd4f9fa82f405e271bd2bbfde4e01f,0.031696830316999998,0.15848415158500001,False,True,,0.19109311485300001,240,0.19109311485300001,240,0.19109311485300001,240,0.13736526551799999,240,0.13736526551799999,240,True,True,True,True,True,True,True
equity,ridge,0.20000000000000001,2,415,42020555,457,dc5932256dc1716cef15f72ccc76e9c00f815f070bd3bc932584131a98d6405e,0.021097890211,0.105489451055,False,True,,0.257519260744,240,0.257519260744,240,0.257519260744,240,0.148070309688,240,0.148070309688,240,True,True,True,True,True,True,True
equity,ridge,0.20000000000000001,2,416,42020556,458,662eba314ef29bbb6ecf0781da77b9011ae292f37074f0a3513881bedc45a850,0.034496550345000002,0.17248275172499999,False,True,,0.250236728716,240,0.250236728716,240,0.250236728716,240,0.133692700202,240,0.133692700202,240,True,True,True,True,True,True,True
equity,ridge,0.20000000000000001,2,417,42020557,459,5bc3c289f169ba2c26818c29460f377084fad9c7ff47951d086e3107f798c2b6,0.14808519148099999,0.74042595740499995,False,False,,0.22227113241300001,240,0.22227113241300001,240,0.22227113241300001,240,0.094670753859000006,240,0.094670753859000006,240,True,True,True,True,True,True,True
equity,ridge,0.20000000000000001,2,418,42020558,460,b3edc6f1e60d6dea35295614b46dc9ed677fb4a9c2c2e2cb1988b54600e9e0af,0.027797220277999999,0.13898610139000001,False,True,,0.193954341241,240,0.193954341241,240,0.193954341241,240,0.143304349143,240,0.143304349143,240,True,True,True,True,True,True,True
equity,ridge,0.20000000000000001,2,419,42020559,461,ad978fcb84982de6ac496cd1bd1c22a72b6e294c88da79a1276528c74c1a1aa6,0.010998900109999999,0.054994500549999999,False,True,,0.232319489928,240,0.232319489928,240,0.232319489928,240,0.16727668750300001,240,0.16727668750300001,240,True,True,True,True,True,True,True
equity,ridge,0.20000000000000001,2,420,42020560,462,f3a4b325bde450f82fca68b9d1113c2fca9df5af6db83ec4f1253a7c2c96da0b,0.012198780122,0.060993900609999999,False,True,,0.242094280755,240,0.242094280755,240,0.242094280755,240,0.16447126203699999,240,0.16447126203699999,240,True,True,True,True,True,True,True
equity,ridge,0.20000000000000001,2,421,42020561,463,666e1b38a8a27d5d0c2cd6733d40a867905b9444e050cc0b35b860c752c0a29d,0.0021997800220000001,0.010998900109999999,True,True,,0.34653386447700002,240,0.34653386447700002,240,0.34653386447700002,240,0.198695694935,240,0.198695694935,240,True,True,True,True,True,True,True
equity,ridge,0.20000000000000001,2,422,42020562,464,ccdfdf6e7d587d1d75c83f7123334d321912c8a250bcc0cfe88354ae5fca246f,0.0094990500949999994,0.047495250475,True,True,,0.26334832986700002,240,0.26334832986700002,240,0.26334832986700002,240,0.16758120354700001,240,0.16758120354700001,240,True,True,True,True,True,True,True
equity,ridge,0.20000000000000001,2,423,42020563,465,a121739642c1711265c7d7c94ba4f83e71e936e9083613e4be7a9a3656a39e5a,0.014898510149,0.074492550744999997,False,True,,0.27376426599800002,240,0.27376426599800002,240,0.27376426599800002,240,0.158188825655,240,0.158188825655,240,True,True,True,True,True,True,True
equity,ridge,0.20000000000000001,2,424,42020564,466,39929ab9321f48a087a3faaef5ed20bbf89168207654c43ac177345d43e527bc,0.17388261173899999,0.86941305869499996,False,False,,0.211738246539,240,0.211738246539,240,0.211738246539,240,0.088607306445000006,240,0.088607306445000006,240,True,True,True,True,True,True,True
equity,ridge,0.20000000000000001,2,425,42020565,467,be1daab6b80823affe423848b1baae8018b58169716192c9e14631a14c57e0c3,0.15848415158500001,0.792420757925,False,False,,0.15297058606,240,0.15297058606,240,0.15297058606,240,0.093381403821999998,240,0.093381403821999998,240,True,True,True,True,True,True,True
equity,ridge,0.20000000000000001,2,426,42020566,468,b41345d37b1678399383bb2c3f63beba77994b867aa75403914ae6ee63cb078e,0.045795420458000002,0.22897710229000001,False,True,,0.26297343977999998,240,0.26297343977999998,240,0.26297343977999998,240,0.13263780905,240,0.13263780905,240,True,True,True,True,True,True,True
equity,ridge,0.20000000000000001,2,427,42020567,469,5b1eeea13ffe3aed8c026439c1fb5b80f38d64b0bb02cd82390a789b746ca23b,0.0056994300570000003,0.028497150285000002,True,True,,0.26698118255600001,240,0.26698118255600001,240,0.26698118255600001,240,0.17994267174,240,0.17994267174,240,True,True,True,True,True,True,True
equity,ridge,0.20000000000000001,2,428,42020568,470,a38747f8bf1b80cc1e495a482a19e09fe473fb6a4c6cda0887ae04f8be6e51c0,0.047695230477,0.238476152385,False,True,,0.27673281246999998,240,0.27673281246999998,240,0.27673281246999998,240,0.12883269603899999,240,0.12883269603899999,240,True,True,True,True,True,True,True
equity,ridge,0.20000000000000001,2,429,42020569,471,428fe366ba92f610b2efb16250ef64ac8d8dfd73a9e83301bed7ee9618003d7a,0.043995600439999998,0.21997800219999999,False,True,,0.20600985551100001,240,0.20600985551100001,240,0.20600985551100001,240,0.13084818873099999,240,0.13084818873099999,240,True,True,True,True,True,True,True
equity,ridge,0.20000000000000001,2,430,42020570,472,30845028de365affe2e52dff6fd90093dd76476500541f76a882233e1132ede6,0.0032996700330000001,0.016498350165000002,True,True,,0.27235797464400002,240,0.27235797464400002,240,0.27235797464400002,240,0.18392799268900001,240,0.18392799268900001,240,True,True,True,True,True,True,True
equity,ridge,0.20000000000000001,2,431,42020571,473,775c058baed71ed1fac49e9b8e9c300a53ac7dc568c2acae575e573c9693d23f,0.16028397160300001,0.80141985801500004,False,False,,0.201946402665,240,0.201946402665,240,0.201946402665,240,0.091037486658999994,240,0.091037486658999994,240,True,True,True,True,True,True,True
equity,ridge,0.20000000000000001,2,432,42020572,474,527034e15f7e632dc85f18a07cfa2ae8d902fbb5dfaa84fb7e0125292b5f0c11,0.117888211179,0.58944105589499995,False,False,,0.069620448606000002,240,0.069620448606000002,240,0.069620448606000002,240,0.102336319582,240,0.102336319582,240,True,True,True,True,True,True,True
equity,ridge,0.20000000000000001,2,433,42020573,475,ca4be16d23a7e03c5556bc91cda9baffaa18db6edf5e7f127764c3d457b561f8,0.063293670632999996,0.31646835316499999,False,False,,0.21526223099899999,240,0.21526223099899999,240,0.21526223099899999,240,0.11922173032,240,0.11922173032,240,True,True,True,True,True,True,True
equity,ridge,0.20000000000000001,2,434,42020574,476,acc0ecd6875a5fa5bf71b2739d8e8925ed91fc2d5ad94835d0dc1153d2199e6d,0.042695730426999999,0.213478652135,False,True,,0.186560374236,240,0.186560374236,240,0.186560374236,240,0.133856595464,240,0.133856595464,240,True,True,True,True,True,True,True
equity,ridge,0.20000000000000001,2,435,42020575,477,88cd0c77b78e4aec3577bd586efce87f3e3703c9c0fa49c9c5e415678ab8a9a4,0.095090490951000001,0.47545245475499998,False,False,,0.16482352056899999,240,0.16482352056899999,240,0.16482352056899999,240,0.109524868255,240,0.109524868255,240,True,True,True,True,True,True,True
equity,ridge,0.20000000000000001,2,436,42020576,478,8532e3e16e5d21ebd34d7371938524405236f68745ccaed40c954e7423b26eeb,0.11798820118,0.58994100589999998,False,False,,0.15484601461899999,240,0.15484601461899999,240,0.15484601461899999,240,0.10210171562799999,240,0.10210171562799999,240,True,True,True,True,True,True,True
equity,ridge,0.20000000000000001,2,437,42020577,479,29a99aaaf0f20b5e6758d6f4e6f2f1388c083737aaec45164272340812c79572,0.038596140385999997,0.19298070193,False,True,,0.198392777041,240,0.198392777041,240,0.198392777041,240,0.13607638402700001,240,0.13607638402700001,240,True,True,True,True,True,True,True
equity,ridge,0.20000000000000001,2,438,42020578,480,649847ddcc729d30266d273802f621823692826305dbc97ab474e66a9f5148fb,0.018898110188999999,0.094490550945000001,False,True,,0.25033792133400001,240,0.25033792133400001,240,0.25033792133400001,240,0.152398874958,240,0.152398874958,240,True,True,True,True,True,True,True
equity,ridge,0.20000000000000001,2,439,42020579,481,22ef2c6ba108e426524bb82b347737621e385099dfbfc2904f8c0cdf6b0e61ef,0.18258174182600001,0.91290870913,False,False,,0.19901800860999999,240,0.19901800860999999,240,0.19901800860999999,240,0.087732096620999997,240,0.087732096620999997,240,True,True,True,True,True,True,True
equity,ridge,0.20000000000000001,2,440,42020580,482,77b058d3f88b93d812a5ae98779d14603ce62a82c93b8539eb477e2f60045d72,0.097990200979999997,0.48995100489999999,False,False,,0.074996526884000006,240,0.074996526884000006,240,0.074996526884000006,240,0.108610647341,240,0.108610647341,240,True,True,True,True,True,True,True
equity,ridge,0.20000000000000001,2,441,42020581,483,d071e0f86a03016ab33cf28f75698575d7a4e349a20c37ab82de66549ccbafc4,0.050094990500999997,0.25047495250500001,False,False,,0.25823703980399998,240,0.25823703980399998,240,0.25823703980399998,240,0.12712145031700001,240,0.12712145031700001,240,True,True,True,True,True,True,True
equity,ridge,0.20000000000000001,2,442,42020582,484,8dc00f5fbad3894146307c85e688e2f09f5f3700ea816fd86eb1839e4405b0e2,0.031296870312999998,0.15648435156500001,False,True,,0.118221258262,240,0.118221258262,240,0.118221258262,240,0.139420425411,240,0.139420425411,240,True,True,True,True,True,True,True
equity,ridge,0.20000000000000001,2,443,42020583,485,87e82db04d6f3541b83407fe478352522149b06a738e2cf87e4ba7029d237306,0.10228977102300001,0.51144885511500005,False,False,,0.10997794006100001,240,0.10997794006100001,240,0.10997794006100001,240,0.105469389951,240,0.105469389951,240,True,True,True,True,True,True,True
equity,ridge,0.20000000000000001,2,444,42020584,486,20bac93ae581b568ca08aa1d1ddfb830c98586c1606da3d9373c69186d9ead72,0.0090990900909999999,0.045495450455000003,True,True,,0.16944290394600001,240,0.16944290394600001,240,0.16944290394600001,240,0.16160431811600001,240,0.16160431811600001,240,True,True,True,True,True,True,True
equity,ridge,0.20000000000000001,2,445,42020585,487,84ed85115e7966a81d669cd36f4e7e02540ab4f71552753de5e0f9d1c3c4c05b,0.026497350265,0.13248675132500001,False,True,,0.21531623942799999,240,0.21531623942799999,240,0.21531623942799999,240,0.144655643137,240,0.144655643137,240,True,True,True,True,True,True,True
equity,ridge,0.20000000000000001,2,446,42020586,488,12e80cdf52100b5473d0a30b41538de5d857e86a58666399e0c1d7c4140780b9,0.12798720127999999,0.63993600640000003,False,False,,0.12156719727699999,240,0.12156719727699999,240,0.12156719727699999,240,0.099616950368000001,240,0.099616950368000001,240,True,True,True,True,True,True,True
equity,ridge,0.20000000000000001,2,447,42020587,489,be031a9f7bb890849920e39a501780a2763ccccc515470ac4a4ebbe3c30c4c4c,0.094990500950000001,0.47495250475,False,False,,0.122441025823,240,0.122441025823,240,0.122441025823,240,0.107868287989,240,0.107868287989,240,True,True,True,True,True,True,True
equity,ridge,0.20000000000000001,2,448,42020588,490,893875f29e1b114a631eda88b1a8b118f93b0f2c6f33d6dfc253fd6a45c686a9,0.238576142386,1,False,False,,0.16178363713499999,240,0.16178363713499999,240,0.16178363713499999,240,0.076464585803999993,240,0.076464585803999993,240,True,True,True,True,True,True,True
equity,ridge,0.20000000000000001,2,449,42020589,491,2ca4eafc6a9ae49d34413da61d58b73d83a3c9507559d036273d6fd0f4284bed,0.17278272172799999,0.86391360864,False,False,,0.18692933742699999,240,0.18692933742699999,240,0.18692933742699999,240,0.087513284410999995,240,0.087513284410999995,240,True,True,True,True,True,True,True
equity,ridge,0.20000000000000001,2,450,42020590,492,578cc9d9bca2411742bdd38476ca0fba49d7c09426cf684e38fd98a37809b889,0.027197280272,0.13598640136000001,False,True,,0.21167495537299999,240,0.21167495537299999,240,0.21167495537299999,240,0.14252219565400001,240,0.14252219565400001,240,True,True,True,True,True,True,True
equity,ridge,0.20000000000000001,2,451,42020591,493,912dff47d780e3a0332fffc865450e02677a210788cc0d578559fdfdaa9b19c6,0.042895710428999999,0.214478552145,False,True,,0.26071354184500001,240,0.26071354184500001,240,0.26071354184500001,240,0.132161239298,240,0.132161239298,240,True,True,True,True,True,True,True
equity,ridge,0.20000000000000001,2,452,42020592,494,f221afffdc2aa0a976f9cdfb2abbbaad6a21bf501977341d16436257da8e50a6,0.058994100590000001,0.29497050294999999,False,False,,0.17573245599099999,240,0.17573245599099999,240,0.17573245599099999,240,0.122222373154,240,0.122222373154,240,True,True,True,True,True,True,True
equity,ridge,0.20000000000000001,2,453,42020593,495,22cfa72a29985e61c1d418c412f2fbed9afef85ffbdb617b9804d19793f67345,0.044295570442999997,0.22147785221499999,False,True,,0.16297237227,240,0.16297237227,240,0.16297237227,240,0.12945044926900001,240,0.12945044926900001,240,True,True,True,True,True,True,True
equity,ridge,0.20000000000000001,2,454,42020594,496,4a05da2354cfe6001f4ce4281f3b2a0da6ac6408eb1732f5a505550f106b6704,0.061293870612999998,0.30646935306500001,False,False,,0.28033532025899999,240,0.28033532025899999,240,0.28033532025899999,240,0.123433370025,240,0.123433370025,240,True,True,True,True,True,True,True
equity,ridge,0.20000000000000001,2,455,42020595,497,7994fcd972cc58952a1ba748d0caf61f3bfb1e5e94e84d43050e357ff5386c9c,0.024697530246999999,0.123487651235,False,True,,0.163557812632,240,0.163557812632,240,0.163557812632,240,0.148890700194,240,0.148890700194,240,True,True,True,True,True,True,True
equity,ridge,0.20000000000000001,2,456,42020596,498,388bb8e7e66ca3304821f56c9ec0adc871f19d2bd3afded245de09c32c26ccc1,0.077892210779000007,0.38946105389500002,False,False,,0.20358844699299999,240,0.20358844699299999,240,0.20358844699299999,240,0.114088147197,240,0.114088147197,240,True,True,True,True,True,True,True
equity,ridge,0.20000000000000001,2,457,42020597,499,50f5f6d5944b96c54eefe6e50719b0dc8f919f99521b135900d7a935ed5e48e3,0.0053994600539999998,0.02699730027,True,True,,0.35883195376499999,240,0.35883195376499999,240,0.35883195376499999,240,0.183107327613,240,0.183107327613,240,True,True,True,True,True,True,True
equity,ridge,0.20000000000000001,2,458,42020598,500,c943e52e2bdd1edcf13033602c2a2294ca98c4bd8cefca6736befca185c49b14,0.016398360163999998,0.081991800820000002,False,True,,0.22127788115800001,240,0.22127788115800001,240,0.22127788115800001,240,0.151219106411,240,0.151219106411,240,True,True,True,True,True,True,True
equity,ridge,0.20000000000000001,2,459,42020599,501,d4854d111398709791de6e9bef1a6a2545d6cc01b4bc603718d2c78d4548385e,0.099790020997999995,0.49895010498999998,False,False,,0.13388197437300001,240,0.13388197437300001,240,0.13388197437300001,240,0.106899563906,240,0.106899563906,240,True,True,True,True,True,True,True
equity,ridge,0.20000000000000001,2,460,42020600,502,0d2d32efc313ad0d79fdc98ad058ef19070724c015cd5fb842177a8a067e9010,0.012898710129000001,0.064493550644999995,False,True,,0.22812381487799999,240,0.22812381487799999,240,0.22812381487799999,240,0.16090053189600001,240,0.16090053189600001,240,True,True,True,True,True,True,True
equity,ridge,0.20000000000000001,2,461,42020601,503,b841e25615d7feed145a1c004f8e8f81dd08201e3050ad95fc78524f87c63282,0.029797020298,0.14898510148999999,False,True,,0.18647499387800001,240,0.18647499387800001,240,0.18647499387800001,240,0.14162413392199999,240,0.14162413392199999,240,True,True,True,True,True,True,True
equity,ridge,0.20000000000000001,2,462,42020602,504,c57280aa9729fc8b0af34399a06c155e9a61edf2f17d5b78302d2dad31d0ef95,0.0064993500650000003,0.032496750324999997,True,True,,0.26413685077400001,240,0.26413685077400001,240,0.26413685077400001,240,0.17503546782000001,240,0.17503546782000001,240,True,True,True,True,True,True,True
equity,ridge,0.20000000000000001,2,463,42020603,505,cac7b03e58aac3fc352a015792679422a43b554c81965a6a83696d172e5cd348,0.091690830917000005,0.458454154585,False,False,,0.10246235662100001,240,0.10246235662100001,240,0.10246235662100001,240,0.109102942712,240,0.109102942712,240,True,True,True,True,True,True,True
equity,ridge,0.20000000000000001,2,464,42020604,506,e9dd883fe9fd7434700f1bebe6337c3d9ba10b1d97a4f9352cec5c868f239b65,0.021197880212,0.10598940106,False,True,,0.19894628937299999,240,0.19894628937299999,240,0.19894628937299999,240,0.147343222247,240,0.147343222247,240,True,True,True,True,True,True,True
equity,ridge,0.20000000000000001,2,465,42020605,507,3dc65e2f42a2d122204136f5298296c032ff8d2999d0a95db30a93b429282740,0.077892210779000007,0.38946105389500002,False,False,,0.117215359726,240,0.117215359726,240,0.117215359726,240,0.11444811248,240,0.11444811248,240,True,True,True,True,True,True,True
equity,ridge,0.20000000000000001,2,466,42020606,508,c74e876c7dafec1a9cd0e1065166630b2d9f02c176a9fee076c013ed38a3b83f,0.59124087591200003,1,False,False,,0.15224320225099999,240,0.15224320225099999,240,0.15224320225099999,240,0.035520866544000003,240,0.035520866544000003,240,True,True,True,True,True,True,True
equity,ridge,0.20000000000000001,2,467,42020607,509,22119d09705ed3da79d9e87ad6d7361f2bdab9b72707a36f48cb09d104fa6640,0.00059994000599999995,0.00299970003,True,True,,0.262972830193,240,0.262972830193,240,0.262972830193,240,0.22146482633299999,240,0.22146482633299999,240,True,True,True,True,True,True,True
equity,ridge,0.20000000000000001,2,468,42020608,510,8de43aebcf203d0efc2cff3d69439b2adbedb16671ac7c3f1b3a372e604d9913,0.0095990400959999993,0.04799520048,True,True,,0.247393216799,240,0.247393216799,240,0.247393216799,240,0.17126954503799999,240,0.17126954503799999,240,True,True,True,True,True,True,True
equity,ridge,0.20000000000000001,2,469,42020609,511,f808531ce47620e65ab3f258298f1ac1601d61750150e181952fb2c41cc688ca,0.086291370862999997,0.43145685431500003,False,False,,0.26359756464,240,0.26359756464,240,0.26359756464,240,0.11089218826699999,240,0.11089218826699999,240,True,True,True,True,True,True,True
equity,ridge,0.20000000000000001,2,470,42020610,512,97fd945492d75beca77ed3359bddafd63571c6ac7b7bcafeade92abe78922f7d,0.001499850015,0.007499250075,True,True,,0.27099049747199999,240,0.27099049747199999,240,0.27099049747199999,240,0.205103526348,240,0.205103526348,240,True,True,True,True,True,True,True
equity,ridge,0.20000000000000001,2,471,42020611,513,257c9d877231109becaa0a4003d328f1c94c7afb754894cd4d1d99a20397f277,0.14498550145,0.72492750724999999,False,False,,0.15954252740800001,240,0.15954252740800001,240,0.15954252740800001,240,0.094764619253000004,240,0.094764619253000004,240,True,True,True,True,True,True,True
equity,ridge,0.20000000000000001,2,472,42020612,514,393dd41dfc9bdcdf7916d79040cbfb45581671032720743cbb5b4370639899fc,0.047295270473000001,0.236476352365,False,True,,0.14900102168599999,240,0.14900102168599999,240,0.14900102168599999,240,0.12758270090000001,240,0.12758270090000001,240,True,True,True,True,True,True,True
equity,ridge,0.20000000000000001,2,473,42020613,515,5515c356f5d1c992a9c045df2dd63abcd7de779a878e30cb3184ad38d06e258c,0.055794420557999998,0.27897210279000001,False,False,,0.24014838107299999,240,0.24014838107299999,240,0.24014838107299999,240,0.122636416103,240,0.122636416103,240,True,True,True,True,True,True,True
equity,ridge,0.20000000000000001,2,474,42020614,516,48876cd9fc3517e7de6c274a2a1e3a1fa80094ff7371c42032f88ef1290b3453,0.055994400559999997,0.27997200280000001,False,False,,0.17759921231600001,240,0.17759921231600001,240,0.17759921231600001,240,0.122339339565,240,0.122339339565,240,True,True,True,True,True,True,True
equity,ridge,0.20000000000000001,2,475,42020615,517,257b120867e9f43029450b79d39a0f23553f99b348213fe86b45f250824f9def,0.047295270473000001,0.236476352365,False,True,,0.27307700914499999,240,0.27307700914499999,240,0.27307700914499999,240,0.129215642913,240,0.129215642913,240,True,True,True,True,True,True,True
equity,ridge,0.20000000000000001,2,476,42020616,518,223386cf6771d308e890cad5178f48af4e1b7a5bcbe5b5eda0dbbddc9551a59b,0.048595140485999999,0.24297570243,False,True,,0.25769068325,240,0.25769068325,240,0.25769068325,240,0.130340730801,240,0.130340730801,240,True,True,True,True,True,True,True
equity,ridge,0.20000000000000001,2,477,42020617,519,57514b13cb8d7430132a110d8e08cd792554fc9c92108486e3b02ae539bf9fdc,0.11268873112699999,0.56344365563499998,False,False,,0.161502875839,240,0.161502875839,240,0.161502875839,240,0.102117381169,240,0.102117381169,240,True,True,True,True,True,True,True
equity,ridge,0.20000000000000001,2,478,42020618,520,7e8f523d1630536d9050723a3ee0fe6c30ab2471cacc1c14c9d20c052ab0a15b,0.050094990500999997,0.25047495250500001,False,False,,0.118213556823,240,0.118213556823,240,0.118213556823,240,0.12531614540800001,240,0.12531614540800001,240,True,True,True,True,True,True,True
equity,ridge,0.20000000000000001,2,479,42020619,521,39b0b018aea120b9788309d87392ebcd6f092ee2676c0b62dcdfd8cdd7d3856f,0.059394060594,0.29697030296999999,False,False,,0.23382855593099999,240,0.23382855593099999,240,0.23382855593099999,240,0.121151755648,240,0.121151755648,240,True,True,True,True,True,True,True
equity,ridge,0.20000000000000001,2,480,42020620,522,f6f423916769907283c57339a164dbf362b93cd41fa582c3e15ae4c6cdc3448f,0.15738426157400001,0.78692130787000003,False,False,,0.070520261069000001,240,0.070520261069000001,240,0.070520261069000001,240,0.091803353663000006,240,0.091803353663000006,240,True,True,True,True,True,True,True
equity,ridge,0.20000000000000001,2,481,42020621,523,d8eac2593e7215b5fcd1ec714f643f41edf60afe90052284ba8f1ab36c3c61fe,0.13538646135400001,0.67693230677000005,False,False,,0.15757276893800001,240,0.15757276893800001,240,0.15757276893800001,240,0.098249595553999994,240,0.098249595553999994,240,True,True,True,True,True,True,True
equity,ridge,0.20000000000000001,2,482,42020622,524,eb2af540b01c3ef3225def78118e791f0da5c981f4f12fff4e230adeebcb250c,0.0043995600440000001,0.021997800219999999,True,True,,0.33901527944400001,240,0.33901527944400001,240,0.33901527944400001,240,0.18888897058199999,240,0.18888897058199999,240,True,True,True,True,True,True,True
equity,ridge,0.20000000000000001,2,483,42020623,525,7f2e8a7e8e878719d9e34687768815404a82fc8af8a4a6aa7f406708a4af14ab,0.018798120187999999,0.093990600940000002,False,True,,0.22859822634800001,240,0.22859822634800001,240,0.22859822634800001,240,0.15212508938399999,240,0.15212508938399999,240,True,True,True,True,True,True,True
equity,ridge,0.20000000000000001,2,484,42020624,526,110efb1c440289b8aa4669a982ebfa6e9339a051c1bee1749058fdb4ecb58d7b,0.0038996100389999998,0.019498050195000002,True,True,,0.26160738400099998,240,0.26160738400099998,240,0.26160738400099998,240,0.18672588321700001,240,0.18672588321700001,240,True,True,True,True,True,True,True
equity,ridge,0.20000000000000001,2,485,42020625,527,b4e117a45f8f2ec78747693cca8988fd354e7efb7d2077eec11d18c29c71de0c,0.036196380362,0.18098190181000001,False,True,,0.26090898707499999,240,0.26090898707499999,240,0.26090898707499999,240,0.13771726156899999,240,0.13771726156899999,240,True,True,True,True,True,True,True
equity,ridge,0.20000000000000001,2,486,42020626,528,e897b36190b82901298b52edba0b3ed7c60e7a057b1511e24606cdc042fe68d3,0.11248875112499999,0.56244375562500004,False,False,,0.198032224152,240,0.198032224152,240,0.198032224152,240,0.10203144049600001,240,0.10203144049600001,240,True,True,True,True,True,True,True
equity,ridge,0.20000000000000001,2,487,42020627,529,a7fbc78048be0530411e5c13ed885b9bf3325ef3d682f7278c432abafe0d735f,0.080991900810000003,0.40495950404999997,False,False,,0.19476569372300001,240,0.19476569372300001,240,0.19476569372300001,240,0.111900309011,240,0.111900309011,240,True,True,True,True,True,True,True
equity,ridge,0.20000000000000001,2,488,42020628,530,bf8905320a6c30d77f4232198afecbc4df7851f03145736a65de0b200069e808,0.030096990301,0.15048495150499999,False,True,,0.23673518024199999,240,0.23673518024199999,240,0.23673518024199999,240,0.14040505516900001,240,0.14040505516900001,240,True,True,True,True,True,True,True
equity,ridge,0.20000000000000001,2,489,42020629,531,b4dbfe495f91b9d154cae02d515a3c4f907020c6dd664804f2864f8f50dacc9b,0.072692730726999999,0.36346365363499999,False,False,,0.18321764324500001,240,0.18321764324500001,240,0.18321764324500001,240,0.116947939738,240,0.116947939738,240,True,True,True,True,True,True,True
equity,ridge,0.20000000000000001,2,490,42020630,532,e3c5c343af74430b097e332e5e3a624034b77894521baba1efa02edefa3b47e2,0.11348865113499999,0.56744325567499998,False,False,,0.20165112905999999,240,0.20165112905999999,240,0.20165112905999999,240,0.10502412344000001,240,0.10502412344000001,240,True,True,True,True,True,True,True
equity,ridge,0.20000000000000001,2,491,42020631,533,5e33e013ba82a9cda1dd38e8f9b4ecd87dd1b2e0ce5c70e1bb897f41cd0dcb35,0.0062993700629999996,0.031496850314999998,True,True,,0.22116031266899999,240,0.22116031266899999,240,0.22116031266899999,240,0.16945637933400001,240,0.16945637933400001,240,True,True,True,True,True,True,True
equity,ridge,0.20000000000000001,2,492,42020632,534,d9556b16f51238f2b69adf6800f91adc692fc2b8cf94fba05b51d2ebb9323ba9,0.048095190481,0.240475952405,False,True,,0.10855680358,240,0.10855680358,240,0.10855680358,240,0.128996727762,240,0.128996727762,240,True,True,True,True,True,True,True
equity,ridge,0.20000000000000001,2,493,42020633,535,c08e60aed5183137992ce395a4bb4f6c1815d537c6859c5ed8b9c55a9d1d16d9,0.08399160084,0.41995800420000001,False,False,,0.152641797814,240,0.152641797814,240,0.152641797814,240,0.11104063321099999,240,0.11104063321099999,240,True,True,True,True,True,True,True
equity,ridge,0.20000000000000001,2,494,42020634,536,4b435a62e28d8c54b0d0dcdaf54ce474d8af2d4fcd7fd1fa4e76756c693c175c,0.051994800520000002,0.25997400259999998,False,False,,0.13445098739299999,240,0.13445098739299999,240,0.13445098739299999,240,0.126394500253,240,0.126394500253,240,True,True,True,True,True,True,True
equity,ridge,0.20000000000000001,2,495,42020635,537,9cd2b905062a1309e178a1369a13e3e076864959f1e04b8e835d462420ea34ca,0.0056994300570000003,0.028497150285000002,True,True,,0.28256254228400002,240,0.28256254228400002,240,0.28256254228400002,240,0.174098037269,240,0.174098037269,240,True,True,True,True,True,True,True
equity,ridge,0.20000000000000001,2,496,42020636,538,d4814014f92b910fba535888788971ce822ce436ef7a5648b152a087df7fca6d,0.21977802219799999,1,False,False,,0.22196523307499999,240,0.22196523307499999,240,0.22196523307499999,240,0.079004510710000003,240,0.079004510710000003,240,True,True,True,True,True,True,True
equity,ridge,0.20000000000000001,2,497,42020637,539,efbfcc177868c2df6852a100b36a27eb6bf1c97891a4986ed94ef8b57352a162,0.0299970003,0.14998500149999999,False,True,,0.195664580083,240,0.195664580083,240,0.195664580083,240,0.13810768842900001,240,0.13810768842900001,240,True,True,True,True,True,True,True
equity,ridge,0.20000000000000001,2,498,42020638,540,3e2311898d1ff3372dd7188ba62065618181aae5f287574518386b22f56a9081,0.020697930207,0.103489651035,False,True,,0.23867108923800001,240,0.23867108923800001,240,0.23867108923800001,240,0.15053160337800001,240,0.15053160337800001,240,True,True,True,True,True,True,True
equity,ridge,0.20000000000000001,2,499,42020639,541,6663213b43e3c343435378c49af10686d9cb4323f978129b96a79bb39d411ec0,0.108789121088,0.54394560544000004,False,False,,0.15808804718300001,240,0.15808804718300001,240,0.15808804718300001,240,0.103219113433,240,0.103219113433,240,True,True,True,True,True,True,True
equity,ridge,0.20000000000000001,2,500,42020640,542,e8f4c1234b4ac18753e74b67d0bedd06be94da4e6929c85a8d7dfdf1d52314be,0.12738726127399999,0.63693630636999998,False,False,,0.122051175762,240,0.122051175762,240,0.122051175762,240,0.099070065555000003,240,0.099070065555000003,240,True,True,True,True,True,True,True
equity,ridge,0.20000000000000001,2,501,42020641,543,990b1342d690bb6138246a4fbcf289c0c107a7c23eb8e5045cc9c7bddf4929df,0.047195280472000001,0.23597640236,False,True,,0.22762247214100001,240,0.22762247214100001,240,0.22762247214100001,240,0.128715448097,240,0.128715448097,240,True,True,True,True,True,True,True
equity,ridge,0.20000000000000001,2,502,42020642,544,997a4dc42b4ab25c7d696d1994c87b91183b62c44cd1b6d46ee61f0216b18901,0.036096390361,0.18048195180500001,False,True,,0.20719986568599999,240,0.20719986568599999,240,0.20719986568599999,240,0.13742016103499999,240,0.13742016103499999,240,True,True,True,True,True,True,True
equity,ridge,0.20000000000000001,2,503,42020643,545,1386a43a0e3843822daf4ba7e4c967aaf6ae1572b6cc437d7d67dd3954965594,0.169083091691,0.84541545845499999,False,False,,0.087568344047999999,240,0.087568344047999999,240,0.087568344047999999,240,0.088654102498000001,240,0.088654102498000001,240,True,True,True,True,True,True,True
equity,ridge,0.20000000000000001,2,504,42020644,546,b1c74ee80683fe34ac2337d5bc25ed60f6a716a445ed8a313037c8c2e1268b52,0.031896810318999998,0.15948405159500001,False,True,,0.278967155104,240,0.278967155104,240,0.278967155104,240,0.14013106847500001,240,0.14013106847500001,240,True,True,True,True,True,True,True
equity,ridge,0.20000000000000001,2,505,42020645,547,5ab0c0f58f0bf4d51dc640cbae1f85870886accf5272759fea336698a3c6ba80,0.070992900710000001,0.35496450354999998,False,False,,0.10250076856400001,240,0.10250076856400001,240,0.10250076856400001,240,0.118096603051,240,0.118096603051,240,True,True,True,True,True,True,True
equity,ridge,0.20000000000000001,2,506,42020646,548,8f881dcf982b255cd1b72d8832f92d07b21ae2e30bf5f5663b038581c756cac3,0.042495750424999999,0.212478752125,False,True,,0.17910851057800001,240,0.17910851057800001,240,0.17910851057800001,240,0.13035674765999999,240,0.13035674765999999,240,True,True,True,True,True,True,True
equity,ridge,0.20000000000000001,2,507,42020647,549,55fee191066cb02404dfe496dbcea92b7603b91978e70703a423dd3c3ee16eef,0.115388461154,0.57694230577000005,False,False,,0.104392632708,240,0.104392632708,240,0.104392632708,240,0.10290664043,240,0.10290664043,240,True,True,True,True,True,True,True
equity,ridge,0.20000000000000001,2,508,42020648,550,64374698f40410b738666e624648d3015ec64158830b4ded9110bd21880e8819,0.032196780321999997,0.16098390161000001,False,True,,0.20236903285800001,240,0.20236903285800001,240,0.20236903285800001,240,0.138912599493,240,0.138912599493,240,True,True,True,True,True,True,True
equity,ridge,0.20000000000000001,2,509,42020649,551,29e9f328295531972a63e0f97be374de5ddb48f3c58787d99a07456d4c73d368,0.028797120288000001,0.14398560144,False,True,,0.156792292912,240,0.156792292912,240,0.156792292912,240,0.142389791381,240,0.142389791381,240,True,True,True,True,True,True,True
equity,ridge,0.20000000000000001,2,510,42020650,552,ab653a9ba58640a9d3ff1e6727dcfa83a8318e2423874fa07136390f482ec491,0.044095590440999997,0.22047795220499999,False,True,,0.160628256735,240,0.160628256735,240,0.160628256735,240,0.13218503159600001,240,0.13218503159600001,240,True,True,True,True,True,True,True
equity,ridge,0.20000000000000001,2,511,42020651,553,2edfedc407fb022e3bf5cb6c5a4c47d3c25764460ac12913a7a9701f126d7fc7,0.047295270473000001,0.236476352365,False,True,,0.14412685708299999,240,0.14412685708299999,240,0.14412685708299999,240,0.12941976642299999,240,0.12941976642299999,240,True,True,True,True,True,True,True
equity,ridge,0.20000000000000001,2,512,42020652,554,619a394b2d7da642e98a89e8a2fc2b837c9d4b7bb9838c5238a5e59d27dc60dd,0.10058994100599999,0.50294970503000003,False,False,,0.19847732947499999,240,0.19847732947499999,240,0.19847732947499999,240,0.107282239872,240,0.107282239872,240,True,True,True,True,True,True,True
equity,ridge,0.20000000000000001,2,513,42020653,555,09be08158c0528a29ea592448db417c70409dede0e9f7952942aa07fbdb9d0d3,0.00089991000900000004,0.004499550045,True,True,,0.26637896957899998,240,0.26637896957899998,240,0.26637896957899998,240,0.22942695645300001,240,0.22942695645300001,240,True,True,True,True,True,True,True
equity,ridge,0.20000000000000001,2,514,42020654,556,f997f6bcb61b474179987648a9bbe793bec57ebca2db903ecfd336d355617ce6,0.011198880111999999,0.055994400559999997,False,True,,0.23672695915299999,240,0.23672695915299999,240,0.23672695915299999,240,0.165479360617,240,0.165479360617,240,True,True,True,True,True,True,True
equity,ridge,0.20000000000000001,2,515,42020655,557,40b0f5cfea5845bbd6a1974b20aef713b809e06731163c180f7d28803d8aecda,0.20257974202599999,1,False,False,,0.19739177855500001,240,0.19739177855500001,240,0.19739177855500001,240,0.081067056624000003,240,0.081067056624000003,240,True,True,True,True,True,True,True
equity,ridge,0.20000000000000001,2,516,42020656,558,de6f487cc02438b49a7114942f68adaa35167a9cbd9d287d5229dc3082cf25c6,0.02699730027,0.13498650135000001,False,True,,0.22063004294499999,240,0.22063004294499999,240,0.22063004294499999,240,0.14346761961400001,240,0.14346761961400001,240,True,True,True,True,True,True,True
equity,ridge,0.20000000000000001,2,517,42020657,559,28b07421b2e5cda3c517bf3cf1552cca488f3b64db3ddbd3dc7692546e694118,0.13038696130399999,0.65193480652000002,False,False,,0.04540639246,240,0.04540639246,240,0.04540639246,240,0.097507210009000006,240,0.097507210009000006,240,True,True,True,True,True,True,True
equity,ridge,0.20000000000000001,2,518,42020658,560,3c5db59235d2abc35dd75d8360ab465ff54a9e8a0251bbaf0d365a8b3c836f56,0.031896810318999998,0.15948405159500001,False,True,,0.18400644330099999,240,0.18400644330099999,240,0.18400644330099999,240,0.14070161919999999,240,0.14070161919999999,240,True,True,True,True,True,True,True
equity,ridge,0.20000000000000001,2,519,42020659,561,8ba8203b3b8487a6df6389a19bd86d0cf80eac576d6e5198e9ae9208a3d14408,0.050194980501999997,0.25097490250999999,False,False,,0.17202113290900001,240,0.17202113290900001,240,0.17202113290900001,240,0.12615256889099999,240,0.12615256889099999,240,True,True,True,True,True,True,True
equity,ridge,0.20000000000000001,2,520,42020660,562,136ba39b0c93cc9e67f330dcc1d9dee77b25725398ab6a1dfd60727b12083bd5,0.055694430556999998,0.27847215278499998,False,False,,0.26130957148900003,240,0.26130957148900003,240,0.26130957148900003,240,0.124496063542,240,0.124496063542,240,True,True,True,True,True,True,True
equity,ridge,0.20000000000000001,2,521,42020661,563,1362d15b7dfec1e79cb0021c3f77c09642d76616536cce3836aee41970c41cae,0.12098790121,0.60493950605000002,False,False,,0.197884219547,240,0.197884219547,240,0.197884219547,240,0.101179686305,240,0.101179686305,240,True,True,True,True,True,True,True
equity,ridge,0.20000000000000001,2,522,42020662,564,68a89be4c652bf45857ade453ff8fa394db9d41de977604f454dfd5d64e42761,0.13468653134700001,0.67343265673499997,False,False,,0.31027768647300003,240,0.31027768647300003,240,0.31027768647300003,240,0.097132188955999996,240,0.097132188955999996,240,True,True,True,True,True,True,True
equity,ridge,0.20000000000000001,2,523,42020663,565,2e3b7f6464864a1840b27d795ba657f3afc1177e9d6461b93c82bc4a121d54f8,0.0028997100290000001,0.014498550145000001,True,True,,0.203618865343,240,0.203618865343,240,0.203618865343,240,0.192882299412,240,0.192882299412,240,True,True,True,True,True,True,True
equity,ridge,0.20000000000000001,2,524,42020664,566,6d2cd9840f9288991c5a7877dba380d108394aa28192f1c1587ff26955ac2145,0.020497950205000001,0.10248975102500001,False,True,,0.20268892723500001,240,0.20268892723500001,240,0.20268892723500001,240,0.14876547239599999,240,0.14876547239599999,240,True,True,True,True,True,True,True
equity,ridge,0.20000000000000001,2,525,42020665,567,6270c969f698efc3fee9d143ba0628bfc64421363c4ede87867aed4f18112839,0.040595940406000001,0.20297970202999999,False,True,,0.24711122222500001,240,0.24711122222500001,240,0.24711122222500001,240,0.13095020304499999,240,0.13095020304499999,240,True,True,True,True,True,True,True
equity,ridge,0.20000000000000001,2,526,42020666,568,f125f2f50fe11781ba7eae513896699907c75523c682dea90b16c3e0ecb9cb3e,0.053194680532000001,0.26597340266000002,False,False,,0.26137990944799999,240,0.26137990944799999,240,0.26137990944799999,240,0.125691623468,240,0.125691623468,240,True,True,True,True,True,True,True
equity,ridge,0.20000000000000001,2,527,42020667,569,963c15935a1725b1ce5a410b8e293b1d06f8435be84241b2d768f9613cbce631,0.119188081192,0.59594040595999997,False,False,,0.254072381884,240,0.254072381884,240,0.254072381884,240,0.100710743075,240,0.100710743075,240,True,True,True,True,True,True,True
equity,ridge,0.20000000000000001,2,528,42020668,570,0875479286dc8ae2b785502e20b53c44e35f56f1c6c8e9c8e26f8b5fd04868de,0.010298970103,0.051494850515000003,False,True,,0.27672621554100002,240,0.27672621554100002,240,0.27672621554100002,240,0.16738666005799999,240,0.16738666005799999,240,True,True,True,True,True,True,True
equity,ridge,0.20000000000000001,2,529,42020669,571,df3b565a7ef7e8c22deb5e6799bad41ae4c7d3e081a6fb1e2705a285d0999a9d,0.042895710428999999,0.214478552145,False,True,,0.18464641412300001,240,0.18464641412300001,240,0.18464641412300001,240,0.131590869911,240,0.131590869911,240,True,True,True,True,True,True,True
equity,ridge,0.20000000000000001,2,530,42020670,572,d9733d42dd64b7be9577aa1f97b5843b510cac8757dcb8c068125ed0b8e85642,0.032896710328999997,0.164483551645,False,True,,0.236366155322,240,0.236366155322,240,0.236366155322,240,0.13668548846799999,240,0.13668548846799999,240,True,True,True,True,True,True,True
equity,ridge,0.20000000000000001,2,531,42020671,573,643ac1227f0bf4e762f78f789c2c20617af6ab006b122cbad2cb585b9ae957ed,0.022997700230000001,0.11498850115000001,False,True,,0.171480963717,240,0.171480963717,240,0.171480963717,240,0.14541358413800001,240,0.14541358413800001,240,True,True,True,True,True,True,True
equity,ridge,0.20000000000000001,2,532,42020672,574,e13cdfb1e01a67a739682cc7eed45edd1a1cbb54f7e84449b032c18f2d512233,0.011698830117,0.058494150585000002,False,True,,0.23117836081900001,240,0.23117836081900001,240,0.23117836081900001,240,0.163197796245,240,0.163197796245,240,True,True,True,True,True,True,True
equity,ridge,0.20000000000000001,2,533,42020673,575,b7ea4124d7f53f49bbca386e42fae0715be61b76f58274c5e536269972c5083c,0.051894810519000002,0.259474052595,False,False,,0.17385624841299999,240,0.17385624841299999,240,0.17385624841299999,240,0.12557449348700001,240,0.12557449348700001,240,True,True,True,True,True,True,True
equity,ridge,0.20000000000000001,2,534,42020674,576,55928ef218a12797a30ad1e1bd127c0dcd784617f8f0272f8c789736fe540688,0.111188881112,0.55594440556000002,False,False,,0.15733138506899999,240,0.15733138506899999,240,0.15733138506899999,240,0.102547497027,240,0.102547497027,240,True,True,True,True,True,True,True
equity,ridge,0.20000000000000001,2,535,42020675,577,2d81c0242bd763e407fe2c3251726162f12d6c63c7d081b93d8b43774ade2e95,0.16248375162500001,0.81241875812499997,False,False,,0.16369129851899999,240,0.16369129851899999,240,0.16369129851899999,240,0.092092471593999997,240,0.092092471593999997,240,True,True,True,True,True,True,True
equity,ridge,0.20000000000000001,2,536,42020676,578,46c83fa65ab4799c4d0093ac9aa64ebaa2a64d8bb2c94e5811b0a2c88b43b3ca,0.087591240875999996,0.43795620437999999,False,False,,0.17312267944000001,240,0.17312267944000001,240,0.17312267944000001,240,0.111032922432,240,0.111032922432,240,True,True,True,True,True,True,True
equity,ridge,0.20000000000000001,2,537,42020677,579,253166c40cbe9c018fb9d1fdb9cd569ca280a66e09562264734b56970741091f,0.028997100290000001,0.14498550145,False,True,,0.24343739469100001,240,0.24343739469100001,240,0.24343739469100001,240,0.14103751669799999,240,0.14103751669799999,240,True,True,True,True,True,True,True
equity,ridge,0.20000000000000001,2,538,42020678,580,cbee7d8e9e5bf97442178a3642f3236b7680a38162315b5c08a26685e5498a8b,0.057494250575000003,0.28747125287500003,False,False,,0.237681053517,240,0.237681053517,240,0.237681053517,240,0.12526227362299999,240,0.12526227362299999,240,True,True,True,True,True,True,True
equity,ridge,0.20000000000000001,2,539,42020679,581,56c812e803a4937d4b16edd77377868a1f431ecfadbfad54d5003d35acece87d,0.18188181181900001,0.90940905909500003,False,False,,0.057244370293000002,240,0.057244370293000002,240,0.057244370293000002,240,0.087458637637,240,0.087458637637,240,True,True,True,True,True,True,True
equity,ridge,0.20000000000000001,2,540,42020680,582,f28a518ca30ea76d486e259dd1bf633e6aba3db2db4b5859aa15ad336d3caa48,0.17608239176099999,0.88041195880500001,False,False,,0.17238935115199999,240,0.17238935115199999,240,0.17238935115199999,240,0.087669774601999997,240,0.087669774601999997,240,True,True,True,True,True,True,True
equity,ridge,0.20000000000000001,2,541,42020681,583,910ad7c921fad5fda87303244d65c50bb2054f104d488248858ddb4a34bb647d,0.078392160784000006,0.39196080391999999,False,False,,0.254917489326,240,0.254917489326,240,0.254917489326,240,0.113369161419,240,0.113369161419,240,True,True,True,True,True,True,True
equity,ridge,0.20000000000000001,2,542,42020682,584,45f35f14c250381f250cfdbdaf57689e5e4f1c8b39211fedc79aa6d125dddae0,0.036896310368999999,0.18448155184500001,False,True,,0.150267480984,240,0.150267480984,240,0.150267480984,240,0.135021352018,240,0.135021352018,240,True,True,True,True,True,True,True
equity,ridge,0.20000000000000001,2,543,42020683,585,ccfd35dceb2df52280300c40713b471aadbe7c3d191abd016bd598196d636117,0.087391260873999996,0.43695630436999999,False,False,,0.15873110202499999,240,0.15873110202499999,240,0.15873110202499999,240,0.11087698174799999,240,0.11087698174799999,240,True,True,True,True,True,True,True
equity,ridge,0.20000000000000001,2,544,42020684,586,ad4c3f909fdb5a5f16a4b8c1c35a9ae16d5447828bcbb58eaaeef1417f0429ce,0.12598740125999999,0.62993700630000005,False,False,,0.13577845593599999,240,0.13577845593599999,240,0.13577845593599999,240,0.101351605382,240,0.101351605382,240,True,True,True,True,True,True,True
equity,ridge,0.20000000000000001,2,545,42020685,587,388f8b406c320b4ab22a2699014e4c416da6cfce4e27d087a7e62bdfce6bd694,0.043995600439999998,0.21997800219999999,False,True,,0.24875113794500001,240,0.24875113794500001,240,0.24875113794500001,240,0.13137197490800001,240,0.13137197490800001,240,True,True,True,True,True,True,True
equity,ridge,0.20000000000000001,2,546,42020686,588,2bc55a8f876e1569c6d1f19c8952cd69a9856dbbbb44c69836467f29720f3a26,0.049095090490999999,0.24547545245499999,False,True,,0.20896388784299999,240,0.20896388784299999,240,0.20896388784299999,240,0.129535648107,240,0.129535648107,240,True,True,True,True,True,True,True
equity,ridge,0.20000000000000001,2,547,42020687,589,638f3faa4676a569236f655a0eed1cf2dfb53d2c29e8a6825d525dc14cf763e6,0.44395560443999998,1,False,False,,0.30290193618799999,240,0.30290193618799999,240,0.30290193618799999,240,0.049701925739000001,240,0.049701925739000001,240,True,True,True,True,True,True,True
equity,ridge,0.20000000000000001,2,548,42020688,590,3eba3f277df6684e93f6ee426e83cfdfb59d36c90b42c8b731e1bb1cbf0859db,0.041295870413000001,0.20647935206500001,False,True,,0.14501461912300001,240,0.14501461912300001,240,0.14501461912300001,240,0.13198941675100001,240,0.13198941675100001,240,True,True,True,True,True,True,True
equity,ridge,0.20000000000000001,2,549,42020689,591,5acdad80fd93c0fdae3a8d330e73cbcebf53fa7772b5083874524de15bbb11f3,0.041895810419,0.20947905209500001,False,True,,0.12450501108000001,240,0.12450501108000001,240,0.12450501108000001,240,0.13610731873099999,240,0.13610731873099999,240,True,True,True,True,True,True,True
equity,ridge,0.20000000000000001,2,550,42020690,592,7fb2d11434047e4837199956cdbb4a39477c352580b2bc7cf692324b4c3b8a53,0.090390960904000006,0.45195480451999998,False,False,,0.20176826215499999,240,0.20176826215499999,240,0.20176826215499999,240,0.109853268182,240,0.109853268182,240,True,True,True,True,True,True,True
equity,ridge,0.20000000000000001,2,551,42020691,593,56701f20b160bf686a525d930c014924580d137f58381b9ffe9dea05d8a4fd86,0.077992200780000007,0.38996100389999999,False,False,,0.135428518523,240,0.135428518523,240,0.135428518523,240,0.114478968055,240,0.114478968055,240,True,True,True,True,True,True,True
equity,ridge,0.20000000000000001,2,552,42020692,594,965e18f181cfc06828dfbbc367e22d2f280b6ce7d6f2c271ea270d1de47aff64,0.164883511649,0.82441755824499996,False,False,,0.141406913818,240,0.141406913818,240,0.141406913818,240,0.088740282022999994,240,0.088740282022999994,240,True,True,True,True,True,True,True
equity,ridge,0.20000000000000001,2,553,42020693,595,b1ae9f6bbbd51e165cf47f6e37d25ec78a6fedc97f7f3a7ed27123717cb40bb6,0.051694830517000002,0.25847415258500001,False,False,,0.18095222761400001,240,0.18095222761400001,240,0.18095222761400001,240,0.12555124446800001,240,0.12555124446800001,240,True,True,True,True,True,True,True
equity,ridge,0.20000000000000001,2,554,42020694,596,ba807fff2baa48245f3f29fb89c36a23d0ebb2f11e648d8ee870cb0f81a1395e,0.00299970003,0.01499850015,True,True,,0.313513134197,240,0.313513134197,240,0.313513134197,240,0.19505452883999999,240,0.19505452883999999,240,True,True,True,True,True,True,True
equity,ridge,0.20000000000000001,2,555,42020695,597,b45d48473041b51c7a7100e9a7e700d383ad786ad8a206d7d5317703b4cbf416,0.046395360464000002,0.23197680232000001,False,True,,0.236570642789,240,0.236570642789,240,0.236570642789,240,0.128113926584,240,0.128113926584,240,True,True,True,True,True,True,True
equity,ridge,0.20000000000000001,2,556,42020696,598,672934206cbe17e0c3aac2443ad0d5b7595f06e0eaa06f52c4077708d42ac0b4,0.13428657134300001,0.67143285671499997,False,False,,0.18141962049900001,240,0.18141962049900001,240,0.18141962049900001,240,0.098444883992000007,240,0.098444883992000007,240,True,True,True,True,True,True,True
equity,ridge,0.20000000000000001,2,557,42020697,599,e7601ad9cd2f49b7148b468aa90958d9430333684fb0714adfb0e3c17c6605fe,0.051994800520000002,0.25997400259999998,False,False,,0.158096706413,240,0.158096706413,240,0.158096706413,240,0.123628751696,240,0.123628751696,240,True,True,True,True,True,True,True
equity,ridge,0.20000000000000001,2,558,42020698,600,f7572c4f8ea18638d09475b5f070e46c8c0f09490845d1a2179ae50316130c72,0.042695730426999999,0.213478652135,False,True,,0.239633126823,240,0.239633126823,240,0.239633126823,240,0.13288049305300001,240,0.13288049305300001,240,True,True,True,True,True,True,True
equity,ridge,0.20000000000000001,2,559,42020699,601,9632175b72dc3937711b1c77fb8e63751d999f11141c32a6641a80be8284fc30,0.12648735126499999,0.63243675632499996,False,False,,0.101226921047,240,0.101226921047,240,0.101226921047,240,0.099132600416,240,0.099132600416,240,True,True,True,True,True,True,True
equity,ridge,0.20000000000000001,2,560,42020700,602,353189c6385f479e5d40b9f7c8f4f6f61d821e6011c948b5443e8826fa58f6e6,0.0064993500650000003,0.032496750324999997,True,True,,0.20212669064899999,240,0.20212669064899999,240,0.20212669064899999,240,0.178942725927,240,0.178942725927,240,True,True,True,True,True,True,True
equity,ridge,0.20000000000000001,2,561,42020701,603,6867c08181a90edd4f2c1c7f07b7b808ad717117988f48eedb5e5c318dd7c398,0.086191380861999997,0.43095690431,False,False,,0.18865606057600001,240,0.18865606057600001,240,0.18865606057600001,240,0.11279894644299999,240,0.11279894644299999,240,True,True,True,True,True,True,True
equity,ridge,0.20000000000000001,2,562,42020702,604,8c759e09a1d1bb78f6e0a18733d044dfaf462ca9d3290f0a50cd53ba6650c89a,0.04199580042,0.20997900210000001,False,True,,0.18695211167100001,240,0.18695211167100001,240,0.18695211167100001,240,0.12890280961600001,240,0.12890280961600001,240,True,True,True,True,True,True,True
equity,ridge,0.20000000000000001,2,563,42020703,605,9fc37e04eb30f65ad07f205bd0dc7be91f4918a38fb55e66e78265b39a61c9cd,0.028397160283999998,0.14198580142,False,True,,0.203915635806,240,0.203915635806,240,0.203915635806,240,0.14149866598899999,240,0.14149866598899999,240,True,True,True,True,True,True,True
equity,ridge,0.20000000000000001,2,564,42020704,606,3b74aa327677a560ab579f8733f2858dce7aaf6a57a7b27005830845b5408ff8,0.165683431657,0.82841715828499995,False,False,,0.10077544336200001,240,0.10077544336200001,240,0.10077544336200001,240,0.091021998975000004,240,0.091021998975000004,240,True,True,True,True,True,True,True
equity,ridge,0.20000000000000001,2,565,42020705,607,3a627ca8a70fab29c50197cea04424446dce07f33ccfbb48f56d295070c28ed9,0.099790020997999995,0.49895010498999998,False,False,,0.203228788519,240,0.203228788519,240,0.203228788519,240,0.107063676956,240,0.107063676956,240,True,True,True,True,True,True,True
equity,ridge,0.20000000000000001,2,566,42020706,608,b3a4b8da155c40309001af944c983e79a7faf9f6cc4b735ae8acc0303ce830dd,0.066993300670000006,0.33496650335,False,False,,0.300510135131,240,0.300510135131,240,0.300510135131,240,0.118073125254,240,0.118073125254,240,True,True,True,True,True,True,True
equity,ridge,0.20000000000000001,2,567,42020707,609,eca61d3cc0397e847e23e731aba756269f683e7c7ae36d086bcb9e8965b0f808,0.079192080792000005,0.39596040395999998,False,False,,0.17960879826100001,240,0.17960879826100001,240,0.17960879826100001,240,0.114721662499,240,0.114721662499,240,True,True,True,True,True,True,True
equity,ridge,0.20000000000000001,2,568,42020708,610,e9c6fc88f22eedb5f187bafa8ada447e2c641ac34a9216d5c3b79b0a01d31938,0.11198880111999999,0.55994400560000002,False,False,,0.19414840482699999,240,0.19414840482699999,240,0.19414840482699999,240,0.103086243728,240,0.103086243728,240,True,True,True,True,True,True,True
equity,ridge,0.20000000000000001,2,569,42020709,611,a76dc664412f8e93c65fe2257a60281263a64636a8238cbc8da0751d08a48eb8,0.105589441056,0.52794720528000005,False,False,,0.19233610826,240,0.19233610826,240,0.19233610826,240,0.106680786315,240,0.106680786315,240,True,True,True,True,True,True,True
equity,ridge,0.20000000000000001,2,570,42020710,612,0770400ce37a8eb67048b1ef50f97bba20cc407c2ec14649ea6036730074d0ba,0.13308669133100001,0.66543345665499998,False,False,,0.135991474231,240,0.135991474231,240,0.135991474231,240,0.097812013811999998,240,0.097812013811999998,240,True,True,True,True,True,True,True
equity,ridge,0.20000000000000001,2,571,42020711,613,daf0e1f532705846f6c76be125cff6bb8ee814d3c1c281bd233ad3247b18e3cf,0.024697530246999999,0.123487651235,False,True,,0.23877309824000001,240,0.23877309824000001,240,0.23877309824000001,240,0.14705439500600001,240,0.14705439500600001,240,True,True,True,True,True,True,True
equity,ridge,0.20000000000000001,2,572,42020712,614,502a32389312a7f448c022c1f3d180932c8b2e59a35a8159f1bd2c4c4ee62c47,0.11288871112899999,0.56444355564500004,False,False,,0.10869601689199999,240,0.10869601689199999,240,0.10869601689199999,240,0.103968555478,240,0.103968555478,240,True,True,True,True,True,True,True
equity,ridge,0.20000000000000001,2,573,42020713,615,9ee4ccf5b933d897317553a5b01d53e3dc99e59546691ee4163df05981b8c916,0.079692030797000005,0.39846015398500001,False,False,,0.22287226194400001,240,0.22287226194400001,240,0.22287226194400001,240,0.115510071305,240,0.115510071305,240,True,True,True,True,True,True,True
equity,ridge,0.20000000000000001,2,574,42020714,616,6512baaf8ba04bec0f3d7c9de4022b329c4c424c56d6960108a4dca6d05f8543,0.0071992800720000003,0.03599640036,True,True,,0.19449410398,240,0.19449410398,240,0.19449410398,240,0.170410940229,240,0.170410940229,240,True,True,True,True,True,True,True
equity,ridge,0.20000000000000001,2,575,42020715,617,d7ea841c0aca8bd44a0f928af8dccc9ea6bc685d795dc0a7124363e362c188c1,0.115388461154,0.57694230577000005,False,False,,0.12373968662199999,240,0.12373968662199999,240,0.12373968662199999,240,0.100554416637,240,0.100554416637,240,True,True,True,True,True,True,True
equity,ridge,0.20000000000000001,2,576,42020716,618,9d9967f29f3da366c5d27093114bf4c8a52e9d73284dfd443398cbedf18c4ce4,0.043695630436999998,0.218478152185,False,True,,0.129583911711,240,0.129583911711,240,0.129583911711,240,0.13291933269600001,240,0.13291933269600001,240,True,True,True,True,True,True,True
equity,ridge,0.20000000000000001,2,577,42020717,619,9ea3d8df4b65a73b28adb904a83bf8a78f4cf1a11d16d51bcbe19ef621f7c3ac,0.011198880111999999,0.055994400559999997,False,True,,0.21244867950900001,240,0.21244867950900001,240,0.21244867950900001,240,0.167362241322,240,0.167362241322,240,True,True,True,True,True,True,True
equity,ridge,0.20000000000000001,2,578,42020718,620,242e753bb1213de18d6bce12e3843240694a4144518ae615eb4b89fe89bc81d3,0.0024997500250000001,0.012498750124999999,True,True,,0.20251050666000001,240,0.20251050666000001,240,0.20251050666000001,240,0.194101855869,240,0.194101855869,240,True,True,True,True,True,True,True
equity,ridge,0.20000000000000001,2,579,42020719,621,40aca1d3f1f71e8d5530ca4995250d4ad829e456d5fa391f47eede22f42bd4d4,0.040595940406000001,0.20297970202999999,False,True,,0.18777279304899999,240,0.18777279304899999,240,0.18777279304899999,240,0.13105981054499999,240,0.13105981054499999,240,True,True,True,True,True,True,True
equity,ridge,0.20000000000000001,2,580,42020720,622,145988e9c57de2182ca175737dd29e15dd01c28e36c1ef7ce04aaf12b267b3e6,0.022697730227000001,0.11348865113499999,False,True,,0.20077671363999999,240,0.20077671363999999,240,0.20077671363999999,240,0.14757871402200001,240,0.14757871402200001,240,True,True,True,True,True,True,True
equity,ridge,0.20000000000000001,2,581,42020721,623,b16a923c529eec81a0300e054092f9947616bffce4a0b22fc106bb068c353eb0,0.057394260574000003,0.28697130287,False,False,,0.189828428632,240,0.189828428632,240,0.189828428632,240,0.122730229111,240,0.122730229111,240,True,True,True,True,True,True,True
equity,ridge,0.20000000000000001,2,582,42020722,624,ec87d497c1dc66a1f5621d02dbdb2c5322b46f9e4d4335737ab075f4772dec95,0.030496950304999999,0.15248475152499999,False,True,,0.28609331270299998,240,0.28609331270299998,240,0.28609331270299998,240,0.14239731825900001,240,0.14239731825900001,240,True,True,True,True,True,True,True
equity,ridge,0.20000000000000001,2,583,42020723,625,9b45afc201199728b3dab00391ac5e3d0cc2079776cb4f8f251150a85a77e1b0,0.016198380161999999,0.080991900810000003,False,True,,0.215559262478,240,0.215559262478,240,0.215559262478,240,0.15414165764500001,240,0.15414165764500001,240,True,True,True,True,True,True,True
equity,ridge,0.20000000000000001,2,584,42020724,626,249921e32e3ddd50c619f825645db2176acca82904ed776ac778ab500a7a0a91,0.092690730927000003,0.46345365463499999,False,False,,0.22284102006600001,240,0.22284102006600001,240,0.22284102006600001,240,0.108462253684,240,0.108462253684,240,True,True,True,True,True,True,True
equity,ridge,0.20000000000000001,2,585,42020725,627,6696310bf0bcd43e4f6258ba9dc5ae9000aec077c122e5c5abb354f865ef1e6e,0.024297570243,0.121487851215,False,True,,0.20367282449999999,240,0.20367282449999999,240,0.20367282449999999,240,0.145624502766,240,0.145624502766,240,True,True,True,True,True,True,True
equity,ridge,0.20000000000000001,2,586,42020726,628,0385fd78926560704a5294996a7906c945932dd06f82a51d9f2b82a7d828a3c6,0.014498550145000001,0.072492750724999999,False,True,,0.29351812539200001,240,0.29351812539200001,240,0.29351812539200001,240,0.15944733458800001,240,0.15944733458800001,240,True,True,True,True,True,True,True
equity,ridge,0.20000000000000001,2,587,42020727,629,209b91e9f18519f4042c8cda77e84de78f568cb86cbc3fca32e96aec318b11ab,0.045295470453000003,0.22647735226499999,False,True,,0.18691420106199999,240,0.18691420106199999,240,0.18691420106199999,240,0.13012990998599999,240,0.13012990998599999,240,True,True,True,True,True,True,True
equity,ridge,0.20000000000000001,2,588,42020728,630,8a487021c70f2fb7895e3327532391878c43b7e95aa62dd91a64620320e1d08c,0.028197180281999999,0.14098590141,False,True,,0.22222485656099999,240,0.22222485656099999,240,0.22222485656099999,240,0.143468601951,240,0.143468601951,240,True,True,True,True,True,True,True
equity,ridge,0.20000000000000001,2,589,42020729,631,3d3f494e3fbe2602c498ccb76557120475fbe6a002ec03d26734927c9dca0d23,0.097790220977999998,0.48895110488999999,False,False,,0.153549066268,240,0.153549066268,240,0.153549066268,240,0.10735281210399999,240,0.10735281210399999,240,True,True,True,True,True,True,True
equity,ridge,0.20000000000000001,2,590,42020730,632,06ef7c6b2e081890d4fd05d2c23b5e513fe9a93c508b4efd8fb5525aa120e92a,0.081291870813000003,0.406459354065,False,False,,0.189820515084,240,0.189820515084,240,0.189820515084,240,0.111689519884,240,0.111689519884,240,True,True,True,True,True,True,True
equity,ridge,0.20000000000000001,2,591,42020731,633,09cdbc6e1213de1a595445021725f4edcc3e5c7ffa5d43d4792135e368ab35bf,0.070992900710000001,0.35496450354999998,False,False,,0.13200591168199999,240,0.13200591168199999,240,0.13200591168199999,240,0.116502642088,240,0.116502642088,240,True,True,True,True,True,True,True
equity,ridge,0.20000000000000001,2,592,42020732,634,57fcba2aaecc19ba99f6f27ed77f7a6688c2b89d438c07f19c960c16d7a381c5,0.078392160784000006,0.39196080391999999,False,False,,0.133614904604,240,0.133614904604,240,0.133614904604,240,0.113533049537,240,0.113533049537,240,True,True,True,True,True,True,True
equity,ridge,0.20000000000000001,2,593,42020733,635,462acee36aeca490fb776e5567ac75ecf2bbef2f4033389f4bd93155c51fad06,0.014598540146,0.072992700729999999,False,True,,0.23824127560800001,240,0.23824127560800001,240,0.23824127560800001,240,0.15775123823600001,240,0.15775123823600001,240,True,True,True,True,True,True,True
equity,ridge,0.20000000000000001,2,594,42020734,636,07ba6dc02e2a71dbe90745ab9f961c784faf045cb7a037326d65ac3466f1a24f,0.0065993400660000002,0.032996700330000003,True,True,,0.26354303253,240,0.26354303253,240,0.26354303253,240,0.174238820706,240,0.174238820706,240,True,True,True,True,True,True,True
equity,ridge,0.20000000000000001,2,595,42020735,637,2e78a197a6b1273cf5a0d617c227362453f45c385c7b232ce40f4afa4165da39,0.053194680532000001,0.26597340266000002,False,False,,0.16172227638799999,240,0.16172227638799999,240,0.16172227638799999,240,0.12644197970900001,240,0.12644197970900001,240,True,True,True,True,True,True,True
equity,ridge,0.20000000000000001,2,596,42020736,638,f24b735b71644abd1005bf328c74e46d76d28c36a1436906ca1e5b60c7c2cfc9,0.054194580542,0.27097290271000002,False,False,,0.17235576983699999,240,0.17235576983699999,240,0.17235576983699999,240,0.12344101834399999,240,0.12344101834399999,240,True,True,True,True,True,True,True
equity,ridge,0.20000000000000001,2,597,42020737,639,3fde22f5bc38bdecbcaec91ffd39d5e896ebfad74fc65179227d41f2f2c1cbd6,0.12868713128699999,0.643435656435,False,False,,0.194523991689,240,0.194523991689,240,0.194523991689,240,0.098327558386000005,240,0.098327558386000005,240,True,True,True,True,True,True,True
equity,ridge,0.20000000000000001,2,598,42020738,640,22ee45c4afc93c47d0f1f65f75a0d756a78c02c9f3c2df1d267de88651572151,0.088791120887999994,0.44395560443999998,False,False,,0.13442055054300001,240,0.13442055054300001,240,0.13442055054300001,240,0.111111090596,240,0.111111090596,240,True,True,True,True,True,True,True
equity,ridge,0.20000000000000001,2,599,42020739,641,868809450803b864e0f0bf512ff674df34141474ee6c09f39cd07287fd9aa872,0.13318668133200001,0.66593340666,False,False,,0.14779033547000001,240,0.14779033547000001,240,0.14779033547000001,240,0.096819854061999999,240,0.096819854061999999,240,True,True,True,True,True,True,True
equity,ridge,0.29999999999999999,3,200,42030347,242,17c062b63fa1d6a63c937c4fa7d794c50349672e998ca11696185f81c003e986,0.0019998000199999998,0.0099990001000000005,True,True,,0.27353673759300001,240,0.27353673759300001,240,0.27353673759300001,240,0.200883694128,240,0.200883694128,240,True,True,True,True,True,True,True
equity,ridge,0.29999999999999999,3,201,42030348,243,ba53af50bf1d9382dfa2039b61465ad9b10fde2fa240d0fad56511624d5b089e,0.01199880012,0.0599940006,False,True,,0.31565379955299999,240,0.31565379955299999,240,0.31565379955299999,240,0.16396319836600001,240,0.16396319836600001,240,True,True,True,True,True,True,True
equity,ridge,0.29999999999999999,3,202,42030349,244,2daeb2a81e2987b42c24d5ba8c394503041b1a4a3e585810408220bd81cb1dc5,9.9990001000000006e-05,0.00049995000499999996,True,True,,0.35967616221199999,240,0.35967616221199999,240,0.35967616221199999,240,0.28042810074199997,240,0.28042810074199997,240,True,True,True,True,True,True,True
equity,ridge,0.29999999999999999,3,203,42030350,245,46d14edfd229d25a7abdefd4c43b901ef425959d1f3fbebb1f8b37f1ae535f56,0.026797320268,0.13398660134000001,False,True,,0.275475994738,240,0.275475994738,240,0.275475994738,240,0.14248336553499999,240,0.14248336553499999,240,True,True,True,True,True,True,True
equity,ridge,0.29999999999999999,3,204,42030351,246,56e7944bda0d48ccf4b63d2da09203c5b932901ac01e0b952e90c704e8e0ed7f,0.00049995000499999996,0.0024997500250000001,True,True,,0.39590786598,240,0.39590786598,240,0.39590786598,240,0.239912854496,240,0.239912854496,240,True,True,True,True,True,True,True
equity,ridge,0.29999999999999999,3,205,42030352,247,029acb7bed5407f613df4da219ec7d57b2eccc6e62bcf83899ecb4849644f016,0.0045995400459999999,0.022997700230000001,True,True,,0.35051802157,240,0.35051802157,240,0.35051802157,240,0.186177500813,240,0.186177500813,240,True,True,True,True,True,True,True
equity,ridge,0.29999999999999999,3,206,42030353,248,cd70e974bd02d75cc745957978f9b1d983c02fdfaf53ce8a3e110f54653d5106,0.057294270573000003,0.28647135286499997,False,False,,0.20953372933700001,240,0.20953372933700001,240,0.20953372933700001,240,0.122995586065,240,0.122995586065,240,True,True,True,True,True,True,True
equity,ridge,0.29999999999999999,3,207,42030354,249,51835823627893f028177cbc2ef7a2fb89d13be2a18fec5d32eb3b3cd521dfd6,0.0013998600139999999,0.0069993000699999997,True,True,,0.299909584048,240,0.299909584048,240,0.299909584048,240,0.21044034955499999,240,0.21044034955499999,240,True,True,True,True,True,True,True
equity,ridge,0.29999999999999999,3,208,42030355,250,b4483014812f4a9eb47ee3c71ff320c519cce50151355e01de8aa274d62ad7d9,0.0013998600139999999,0.0069993000699999997,True,True,,0.31450521463600001,240,0.31450521463600001,240,0.31450521463600001,240,0.206228641528,240,0.206228641528,240,True,True,True,True,True,True,True
equity,ridge,0.29999999999999999,3,209,42030356,251,2bcfb82ecc189f73147db62a7be8f94b9169e38a1d73594e91952e7231428794,0.026097390261000001,0.13048695130499999,False,True,,0.35233144114699999,240,0.35233144114699999,240,0.35233144114699999,240,0.14603072887999999,240,0.14603072887999999,240,True,True,True,True,True,True,True
equity,ridge,0.29999999999999999,3,210,42030357,252,9130fed454b18a0ce1f7c841bd2942e3fd244b152f0855b727719f696c7dff63,0.0042995700430000002,0.021497850214999999,True,True,,0.32607781866300001,240,0.32607781866300001,240,0.32607781866300001,240,0.187100478219,240,0.187100478219,240,True,True,True,True,True,True,True
equity,ridge,0.29999999999999999,3,211,42030358,253,faf6804165acfc3be6169b6a9a5136497dc2be7cfc174b0f91f0de9bd62a54ad,0.00019998000200000001,0.00099990000999999992,True,True,,0.40063515869499999,240,0.40063515869499999,240,0.40063515869499999,240,0.27273856120000001,240,0.27273856120000001,240,True,True,True,True,True,True,True
equity,ridge,0.29999999999999999,3,212,42030359,254,0051f7ce88df3b8d5267e2c6e88bd670ebbb7e280c992119627f281149e54442,0.092190780922000004,0.46095390461000002,False,False,,0.31800552915500002,240,0.31800552915500002,240,0.31800552915500002,240,0.111493514522,240,0.111493514522,240,True,True,True,True,True,True,True
equity,ridge,0.29999999999999999,3,213,42030360,255,457693b966adb84de425c34e17c496c1d38b2cfe7840d234cfe7819dc5ebd1a9,0.0067993200679999999,0.033996600340000002,True,True,,0.31917775617100003,240,0.31917775617100003,240,0.31917775617100003,240,0.17724691696700001,240,0.17724691696700001,240,True,True,True,True,True,True,True
equity,ridge,0.29999999999999999,3,214,42030361,256,472f5c5f131ac94a9ea816648e700101eac342a620a77acca07688c3f16d23de,0.00039996000400000002,0.0019998000199999998,True,True,,0.31487157535999999,240,0.31487157535999999,240,0.31487157535999999,240,0.234990377749,240,0.234990377749,240,True,True,True,True,True,True,True
equity,ridge,0.29999999999999999,3,215,42030362,257,0dd04368f95f54274a1daef8f76c0da01e2b6eadc31fb3849eff60dc77996448,0.053694630537,0.26847315268499999,False,False,,0.30931687135800001,240,0.30931687135800001,240,0.30931687135800001,240,0.123308228134,240,0.123308228134,240,True,True,True,True,True,True,True
equity,ridge,0.29999999999999999,3,216,42030363,258,f83c96c3c007971e227b211bce504d0df6a910dd0cf935015aa9a691979cc4d7,0.0011998800119999999,0.00599940006,True,True,,0.36940463377600002,240,0.36940463377600002,240,0.36940463377600002,240,0.211760478419,240,0.211760478419,240,True,True,True,True,True,True,True
equity,ridge,0.29999999999999999,3,217,42030364,259,4570a5415265cc52346950d0f68a9e78821825e4a098aeb5f8f975e9f0b93b7c,0.059494050595,0.29747025297500002,False,False,,0.234124727797,240,0.234124727797,240,0.234124727797,240,0.12249564567100001,240,0.12249564567100001,240,True,True,True,True,True,True,True
equity,ridge,0.29999999999999999,3,218,42030365,260,e081443fac098e691d482ecde623861fc0e7966b037136f83ec8028d57ff7e22,0.0043995600440000001,0.021997800219999999,True,True,,0.23817965586000001,240,0.23817965586000001,240,0.23817965586000001,240,0.18447446225899999,240,0.18447446225899999,240,True,True,True,True,True,True,True
equity,ridge,0.29999999999999999,3,219,42030366,261,632a2e87335544f10dd2b759c3d3cedefbaa40ca3ed54ff6f17f7304e3905677,0.022497750225000002,0.11248875112499999,False,True,,0.268762202442,240,0.268762202442,240,0.268762202442,240,0.14925784653099999,240,0.14925784653099999,240,True,True,True,True,True,True,True
equity,ridge,0.29999999999999999,3,220,42030367,262,cf56283b26ad0f774d7ef47f390e157e44c4b3f560418a8cab56a2ea3eac7b8b,0.00039996000400000002,0.0019998000199999998,True,True,,0.342259280527,240,0.342259280527,240,0.342259280527,240,0.24403934994900001,240,0.24403934994900001,240,True,True,True,True,True,True,True
equity,ridge,0.29999999999999999,3,221,42030368,263,a15204c2ceea0a8d45b526141fe534c459c5b9b517bacef808c1712db19b0058,0.0024997500250000001,0.012498750124999999,True,True,,0.26647359292700001,240,0.26647359292700001,240,0.26647359292700001,240,0.19658622804699999,240,0.19658622804699999,240,True,True,True,True,True,True,True
equity,ridge,0.29999999999999999,3,222,42030369,264,36fd04651e1c987c3eb95fe0b684afff9cc61469209d3f80cfdc66bed5bb182b,0.0099990001000000005,0.049995000499999998,True,True,,0.29297789703600002,240,0.29297789703600002,240,0.29297789703600002,240,0.164604056094,240,0.164604056094,240,True,True,True,True,True,True,True
equity,ridge,0.29999999999999999,3,223,42030370,265,06547181975bf2e070cf01e924b23ff2741b78c134f6c8e4644df4676302099c,9.9990001000000006e-05,0.00049995000499999996,True,True,,0.27956941057599999,240,0.27956941057599999,240,0.27956941057599999,240,0.23441236517200001,240,0.23441236517200001,240,True,True,True,True,True,True,True
equity,ridge,0.29999999999999999,3,224,42030371,266,025ab65e26dec96b4b7500fe90e7aa3fcb56df8769602c249d7acc9a1ae4194f,0.099690030996999995,0.498450154985,False,False,,0.32199160988999997,240,0.32199160988999997,240,0.32199160988999997,240,0.10601588663,240,0.10601588663,240,True,True,True,True,True,True,True
equity,ridge,0.29999999999999999,3,225,42030372,267,b23b94f359e2933456ba0e6d76de5921ba4ecd3c7856b1672753f63729adade7,0.060293970602999999,0.30146985301500001,False,False,,0.16163647748900001,240,0.16163647748900001,240,0.16163647748900001,240,0.121268905228,240,0.121268905228,240,True,True,True,True,True,True,True
equity,ridge,0.29999999999999999,3,226,42030373,268,92ab5d538c5596418f58353cb045942d0d0ffa5cf9b83c1d9009a9f15c229e5b,0.0058994100590000001,0.029497050295,True,True,,0.38104678099099998,240,0.38104678099099998,240,0.38104678099099998,240,0.17852798180599999,240,0.17852798180599999,240,True,True,True,True,True,True,True
equity,ridge,0.29999999999999999,3,227,42030374,269,433091b3a28b812a342d3074e9143a014ebfe5e044d9877e3e0d275d440e32f3,0.015698430156999999,0.078492150785000006,False,True,,0.30145518304500002,240,0.30145518304500002,240,0.30145518304500002,240,0.157922927436,240,0.157922927436,240,True,True,True,True,True,True,True
equity,ridge,0.29999999999999999,3,228,42030375,270,e98ffc5e031de17a4c92d69852db10ff6f4e654bfbadd4d1924d300b6a393799,0.00079992000800000005,0.0039996000399999997,True,True,,0.38900828357400002,240,0.38900828357400002,240,0.38900828357400002,240,0.22425424134999999,240,0.22425424134999999,240,True,True,True,True,True,True,True
equity,ridge,0.29999999999999999,3,229,42030376,271,580f2affef4fd7775e6127aecb778b20ce7400cc77c68b69db4687a6ce06f3b3,0.001499850015,0.007499250075,True,True,,0.27754634100100001,240,0.27754634100100001,240,0.27754634100100001,240,0.21050318811099999,240,0.21050318811099999,240,True,True,True,True,True,True,True
equity,ridge,0.29999999999999999,3,230,42030377,272,1184726e1dd0086c8053748f3592104b558d458ee7c6bcd3c94658f02ab33bc9,0.00299970003,0.01499850015,True,True,,0.38270334238999998,240,0.38270334238999998,240,0.38270334238999998,240,0.195983885936,240,0.195983885936,240,True,True,True,True,True,True,True
equity,ridge,0.29999999999999999,3,231,42030378,273,3029b31ff95caacc1ff45324d3e22d9aa4cd3bf59da56ee7b29d01ac82a5a7df,0.0086991300870000003,0.043495650434999998,True,True,,0.249836524196,240,0.249836524196,240,0.249836524196,240,0.169112337311,240,0.169112337311,240,True,True,True,True,True,True,True
equity,ridge,0.29999999999999999,3,232,42030379,274,85e13b59a9f5cf9775fa3de204fc47e3847d306fa4dc10e646d4e1c459569ae4,0.013998600139999999,0.069993000700000002,False,True,,0.28010092969599998,240,0.28010092969599998,240,0.28010092969599998,240,0.16280719519100001,240,0.16280719519100001,240,True,True,True,True,True,True,True
equity,ridge,0.29999999999999999,3,233,42030380,275,0a2a4bac91e1343b197c717e8ab6f125176cb717409302529e9cb646248bc4da,0.023197680232000001,0.11598840116,False,True,,0.249135166799,240,0.249135166799,240,0.249135166799,240,0.14902336255199999,240,0.14902336255199999,240,True,True,True,True,True,True,True
equity,ridge,0.29999999999999999,3,234,42030381,276,bb3a768b087834c88e018f9f85be3ccf19bbf90f0efaae0f469cba53a265ebea,0.0042995700430000002,0.021497850214999999,True,True,,0.36382607501499997,240,0.36382607501499997,240,0.36382607501499997,240,0.18828759725300001,240,0.18828759725300001,240,True,True,True,True,True,True,True
equity,ridge,0.29999999999999999,3,235,42030382,277,9845bda0c6c58e4a65bb4c3746e7c7ca18940305bcd4d1eb5ef5c8ddf9090059,0.0049995000500000003,0.024997500249999999,True,True,,0.24035164039099999,240,0.24035164039099999,240,0.24035164039099999,240,0.18237273179399999,240,0.18237273179399999,240,True,True,True,True,True,True,True
equity,ridge,0.29999999999999999,3,236,42030383,278,53826098dfaa53fb1d42a593aaa48474c4ed91dec8087dce7138b45b7366990e,0.028897110289000001,0.144485551445,False,True,,0.246891894394,240,0.246891894394,240,0.246891894394,240,0.14160834199399999,240,0.14160834199399999,240,True,True,True,True,True,True,True
equity,ridge,0.29999999999999999,3,237,42030384,279,bd0799561e0d30ab3c0ca06809592e5dd6d8752ff37055ccbdebcb8bf8f0a5a4,9.9990001000000006e-05,0.00049995000499999996,True,True,,0.37297422826799997,240,0.37297422826799997,240,0.37297422826799997,240,0.26971436675299998,240,0.26971436675299998,240,True,True,True,True,True,True,True
equity,ridge,0.29999999999999999,3,238,42030385,280,f97bae132345260e951c50edb98cd3e0de343721ae3c538327018bf12a094ccb,0.00059994000599999995,0.00299970003,True,True,,0.33352988948500001,240,0.33352988948500001,240,0.33352988948500001,240,0.23063015535600001,240,0.23063015535600001,240,True,True,True,True,True,True,True
equity,ridge,0.29999999999999999,3,239,42030386,281,44cff05036d54a1a76e6cd0e214522a169f92c2508b3859ccbc7795bd11936c9,0.042195780422,0.21097890211000001,False,True,,0.25537049940399997,240,0.25537049940399997,240,0.25537049940399997,240,0.13226301421,240,0.13226301421,240,True,True,True,True,True,True,True
equity,ridge,0.29999999999999999,3,240,42030387,282,b88017f59d5450837b8f831c57ec31f9793c5a89d7e6d5c5b8a5b3e3a58d9fce,0.082491750825000001,0.41245875412499999,False,False,,0.121160043777,240,0.121160043777,240,0.121160043777,240,0.111603024759,240,0.111603024759,240,True,True,True,True,True,True,True
equity,ridge,0.29999999999999999,3,241,42030388,283,07d60826e28fe1751cd4ffe11f314b7739c6f431edf257593cb91ffa7d001c2e,0.019698030197000001,0.098490150984999997,False,True,,0.24297670918399999,240,0.24297670918399999,240,0.24297670918399999,240,0.14928116808399999,240,0.14928116808399999,240,True,True,True,True,True,True,True
equity,ridge,0.29999999999999999,3,242,42030389,284,3af4ec8fe5af80aea84fca61bbdc9369181058d301937854441fb1654555cf0e,0.0071992800720000003,0.03599640036,True,True,,0.31762216996699999,240,0.31762216996699999,240,0.31762216996699999,240,0.172191225058,240,0.172191225058,240,True,True,True,True,True,True,True
equity,ridge,0.29999999999999999,3,243,42030390,285,149106356195d7212c7059d1220d9536f1dffe743c60377a2bab54ffa5a53069,0.018198180182,0.090990900910000005,False,True,,0.34565945931399999,240,0.34565945931399999,240,0.34565945931399999,240,0.154321127596,240,0.154321127596,240,True,True,True,True,True,True,True
equity,ridge,0.29999999999999999,3,244,42030391,286,44250b07a514ac62d9bcade2bf75ff0b49dd69b72abc280c5f6b9f3747dd2346,0.12488751124899999,0.62443755624499997,False,False,,0.36401276485200001,240,0.36401276485200001,240,0.36401276485200001,240,0.099163661690000002,240,0.099163661690000002,240,True,True,True,True,True,True,True
equity,ridge,0.29999999999999999,3,245,42030392,287,80245093366a8ea6219d65c4e62841619c2c5cc1ed53b20efd9c76c19c782f25,0.0047995200479999996,0.02399760024,True,True,,0.28471992768499998,240,0.28471992768499998,240,0.28471992768499998,240,0.18277967813000001,240,0.18277967813000001,240,True,True,True,True,True,True,True
equity,ridge,0.29999999999999999,3,246,42030393,288,fb9578afff7791c56457cc324fa92cc5218fda2324cb4cddd41b1cb71aabfb5d,0.00069993000699999995,0.0034996500349999998,True,True,,0.31068330428300001,240,0.31068330428300001,240,0.31068330428300001,240,0.228512902223,240,0.228512902223,240,True,True,True,True,True,True,True
equity,ridge,0.29999999999999999,3,247,42030394,289,23ce8ce104b1f90a3b39f1318b5b64c369f8238e081599d012cdb72746d641fd,0.0011998800119999999,0.00599940006,True,True,,0.29872871025699999,240,0.29872871025699999,240,0.29872871025699999,240,0.209884874384,240,0.209884874384,240,True,True,True,True,True,True,True
equity,ridge,0.29999999999999999,3,248,42030395,290,6428889110fb83f2fca08f907f56f780b43172a62658a5c78e6fd7db592a8358,0.00059994000599999995,0.00299970003,True,True,,0.37199033759700001,240,0.37199033759700001,240,0.37199033759700001,240,0.23403710599800001,240,0.23403710599800001,240,True,True,True,True,True,True,True
equity,ridge,0.29999999999999999,3,249,42030396,291,c53bd41229c0e0ad02a9fc16d6d5d480c54689c93a919418c93534d209ccea32,0.00079992000800000005,0.0039996000399999997,True,True,,0.36422411008099997,240,0.36422411008099997,240,0.36422411008099997,240,0.21745633054800001,240,0.21745633054800001,240,True,True,True,True,True,True,True
equity,ridge,0.29999999999999999,3,250,42030397,292,be85b79b1de5fc9496cd8d8f81d0dace24146e1cb26a9ee034e8a86c843b243c,0.0052994700529999999,0.026497350265,True,True,,0.29039974298999999,240,0.29039974298999999,240,0.29039974298999999,240,0.18111539532699999,240,0.18111539532699999,240,True,True,True,True,True,True,True
equity,ridge,0.29999999999999999,3,251,42030398,293,763dcce816dc143b0185f465984107502d54b7101856396e410b2d55dcd00240,0.42175782421800001,1,False,False,,0.29492377968400002,240,0.29492377968400002,240,0.29492377968400002,240,0.052101107688999997,240,0.052101107688999997,240,True,True,True,True,True,True,True
equity,ridge,0.29999999999999999,3,252,42030399,294,d3da1a6e50c740e035d4c66edf9361266ae1ac372fce42b7b53f3bed0e52576e,0.043095690430999999,0.215478452155,False,True,,0.20512033633000001,240,0.20512033633000001,240,0.20512033633000001,240,0.12998938793100001,240,0.12998938793100001,240,True,True,True,True,True,True,True
equity,ridge,0.29999999999999999,3,253,42030400,295,2454f6f043fbe684b40be62bbe0c675f2b05d343a4083fa2db06136fd2f600d9,0.00049995000499999996,0.0024997500250000001,True,True,,0.302807451866,240,0.302807451866,240,0.302807451866,240,0.21473732089600001,240,0.21473732089600001,240,True,True,True,True,True,True,True
equity,ridge,0.29999999999999999,3,254,42030401,296,bd0555dad17abc706217f6b7a316a85ed52bb1bc86e51792c633cf92c59adb95,0.015398460153999999,0.076992300769999994,False,True,,0.33939290845999998,240,0.33939290845999998,240,0.33939290845999998,240,0.15799370774800001,240,0.15799370774800001,240,True,True,True,True,True,True,True
equity,ridge,0.29999999999999999,3,255,42030402,297,7fc2d620aa87218697cc5fc02c68c9d9989dc74ce785c802b5a656387c9fe032,0.001299870013,0.0064993500650000003,True,True,,0.31090278341100003,240,0.31090278341100003,240,0.31090278341100003,240,0.210807150985,240,0.210807150985,240,True,True,True,True,True,True,True
equity,ridge,0.29999999999999999,3,256,42030403,298,07e8fe3a74f9e1372fd8731bbef7cd01632686718ad2fbb0bb3dffaa7100bf2e,9.9990001000000006e-05,0.00049995000499999996,True,True,,0.40757382710599999,240,0.40757382710599999,240,0.40757382710599999,240,0.27713017640299997,240,0.27713017640299997,240,True,True,True,True,True,True,True
equity,ridge,0.29999999999999999,3,257,42030404,299,f260b6ff27667863a8d333b8016d3ba46433170620fc3ba3f6b58c494e41ceaf,0.051094890511000003,0.25547445255500001,False,False,,0.23214802163000001,240,0.23214802163000001,240,0.23214802163000001,240,0.128520015505,240,0.128520015505,240,True,True,True,True,True,True,True
equity,ridge,0.29999999999999999,3,258,42030405,300,304fb42e54e5abc5997f8ea9dbd866ec4aa5ca7b3701d283005c1bdc440e7aef,0.034396560344000002,0.17198280171999999,False,True,,0.27366230480300002,240,0.27366230480300002,240,0.27366230480300002,240,0.13732607931900001,240,0.13732607931900001,240,True,True,True,True,True,True,True
equity,ridge,0.29999999999999999,3,259,42030406,301,2d91f6c28472f3493b27b496289255c42ee791dfef34d271a399002b72e9a040,0.045195480452000003,0.22597740225999999,False,True,,0.231568714595,240,0.231568714595,240,0.231568714595,240,0.13102031405699999,240,0.13102031405699999,240,True,True,True,True,True,True,True
equity,ridge,0.29999999999999999,3,260,42030407,302,0a6a2b1c4d22885829eb8a3f875521c8efae5f71a5e90c151eafeff1750ca782,0.0078992100789999995,0.039496050395000003,True,True,,0.20833989687900001,240,0.20833989687900001,240,0.20833989687900001,240,0.17308253013800001,240,0.17308253013800001,240,True,True,True,True,True,True,True
equity,ridge,0.29999999999999999,3,261,42030408,303,3371142af01a016d00ba251864c41481196244910c521a51a825af8bae34e28b,0.0073992600740000001,0.036996300369999999,True,True,,0.30829282240900002,240,0.30829282240900002,240,0.30829282240900002,240,0.17272265699,240,0.17272265699,240,True,True,True,True,True,True,True
equity,ridge,0.29999999999999999,3,262,42030409,304,026fe20c9765f432c071d487f7b5c2be49a7c589dd71da3473b7cb0cd0b98838,0.0017998200180000001,0.00899910009,True,True,,0.30039331470500003,240,0.30039331470500003,240,0.30039331470500003,240,0.205736002897,240,0.205736002897,240,True,True,True,True,True,True,True
equity,ridge,0.29999999999999999,3,263,42030410,305,1856a25f276f2c11e680cee2245fb02473d45efe79acc75cf4f70ff8e420291f,0.0093990600939999995,0.046995300470000001,True,True,,0.321129265316,240,0.321129265316,240,0.321129265316,240,0.16962771721600001,240,0.16962771721600001,240,True,True,True,True,True,True,True
equity,ridge,0.29999999999999999,3,264,42030411,306,c450f9e12e673fe62406a08e642ee96d016ae94ccd7aa0f0d879463d6b3eb82b,0.035596440356,0.17798220177999999,False,True,,0.262458009504,240,0.262458009504,240,0.262458009504,240,0.13566965071699999,240,0.13566965071699999,240,True,True,True,True,True,True,True
equity,ridge,0.29999999999999999,3,265,42030412,307,d1f1fb7f1ea5c1f974603f6c6a558de077c143ab51e7ab17eb053dda5a3fe713,0.0078992100789999995,0.039496050395000003,True,True,,0.285038911161,240,0.285038911161,240,0.285038911161,240,0.17404330916800001,240,0.17404330916800001,240,True,True,True,True,True,True,True
equity,ridge,0.29999999999999999,3,266,42030413,308,817915a356efde8689e21c14c15e9fd1ac3a5084338af5b4c5c278b1afb72c22,0.00019998000200000001,0.00099990000999999992,True,True,,0.36094204837299998,240,0.36094204837299998,240,0.36094204837299998,240,0.25414196262099997,240,0.25414196262099997,240,True,True,True,True,True,True,True
equity,ridge,0.29999999999999999,3,267,42030414,309,b86b2bfb6da189e6043b972ed3839709a5b04cbdf9f16da7417e0011f30817c4,0.0011998800119999999,0.00599940006,True,True,,0.26717025066099997,240,0.26717025066099997,240,0.26717025066099997,240,0.206275510115,240,0.206275510115,240,True,True,True,True,True,True,True
equity,ridge,0.29999999999999999,3,268,42030415,310,996358988e3a206fcc58dcfe7b4b86cf0b7602ce778f67f6ce872f3807e3afd3,0.001899810019,0.0094990500949999994,True,True,,0.36479456738900001,240,0.36479456738900001,240,0.36479456738900001,240,0.19820325724099999,240,0.19820325724099999,240,True,True,True,True,True,True,True
equity,ridge,0.29999999999999999,3,269,42030416,311,1eee6ba6d5b1ef75540696f453fab1d65229a043a3faabb2fae0915e8b291299,0.014798520148,0.073992600739999997,False,True,,0.26874689756100001,240,0.26874689756100001,240,0.26874689756100001,240,0.158525084363,240,0.158525084363,240,True,True,True,True,True,True,True
equity,ridge,0.29999999999999999,3,270,42030417,312,6b34cf1c87fa3837645b306f8085041a34cefeae940812aa50aa64feddb633d2,0.011198880111999999,0.055994400559999997,False,True,,0.221278237238,240,0.221278237238,240,0.221278237238,240,0.16414301780400001,240,0.16414301780400001,240,True,True,True,True,True,True,True
equity,ridge,0.29999999999999999,3,271,42030418,313,19fe1c4b3afd9a775d36a920046bad39357be7a0f66caeb1a1975d601fe353d0,0.010298970103,0.051494850515000003,False,True,,0.220824845252,240,0.220824845252,240,0.220824845252,240,0.16955775402100001,240,0.16955775402100001,240,True,True,True,True,True,True,True
equity,ridge,0.29999999999999999,3,272,42030419,314,02a159d944f2bbe24972d260588378b2dda3364fb529195fda018a050d1d209a,0.042595740425999999,0.21297870213,False,True,,0.35895701268000002,240,0.35895701268000002,240,0.35895701268000002,240,0.132465730798,240,0.132465730798,240,True,True,True,True,True,True,True
equity,ridge,0.29999999999999999,3,273,42030420,315,0a518b1a8404e7435bc74641440c7e84c7750ad8542726e1e28315fbdb4070eb,0.044695530446999997,0.22347765223499999,False,True,,0.32454597768299998,240,0.32454597768299998,240,0.32454597768299998,240,0.130574973545,240,0.130574973545,240,True,True,True,True,True,True,True
equity,ridge,0.29999999999999999,3,274,42030421,316,cb64deeb65706c8515f4fddbcf3ca8c763126cbbb9a9694601144feec500a695,0.0015998400160000001,0.0079992000799999994,True,True,,0.29111713318100002,240,0.29111713318100002,240,0.29111713318100002,240,0.20304787940800001,240,0.20304787940800001,240,True,True,True,True,True,True,True
equity,ridge,0.29999999999999999,3,275,42030422,317,1b687e93e2027e665e57bf86b1ba33f2047832fc05138496df8f34e523d64a17,0.032896710328999997,0.164483551645,False,True,,0.285953723529,240,0.285953723529,240,0.285953723529,240,0.14041285148900001,240,0.14041285148900001,240,True,True,True,True,True,True,True
equity,ridge,0.29999999999999999,3,276,42030423,318,d3ce48cbf7705c16381770b2645107d4f42f266e62124824bd62c4b9dc16f4e8,0.010198980102,0.050994900510000003,False,True,,0.32059908021700001,240,0.32059908021700001,240,0.32059908021700001,240,0.16531493636299999,240,0.16531493636299999,240,True,True,True,True,True,True,True
equity,ridge,0.29999999999999999,3,277,42030424,319,a94781fc81a603b3e4ea3da2d265d1a7df8e1645ca4755d496444771a1b9ab44,0.0017998200180000001,0.00899910009,True,True,,0.25291724198499999,240,0.25291724198499999,240,0.25291724198499999,240,0.20482978693199999,240,0.20482978693199999,240,True,True,True,True,True,True,True
equity,ridge,0.29999999999999999,3,278,42030425,320,80c292419adc189d656b43034aa0b50ec86ead53690c96b42d63c2451d408aea,0.0090990900909999999,0.045495450455000003,True,True,,0.29963458955700001,240,0.29963458955700001,240,0.29963458955700001,240,0.16880017294800001,240,0.16880017294800001,240,True,True,True,True,True,True,True
equity,ridge,0.29999999999999999,3,279,42030426,321,4d97cf090215d6e5ac6a4018b3ea12b6dc2aad7ac617268e340ad81382481533,9.9990001000000006e-05,0.00049995000499999996,True,True,,0.43427436389099999,240,0.43427436389099999,240,0.43427436389099999,240,0.30804156453300002,240,0.30804156453300002,240,True,True,True,True,True,True,True
equity,ridge,0.29999999999999999,3,280,42030427,322,a434c7d8a4c4c83e06ddf7170dbffe5df7cc16bd19b939d34438a0a82be6f0d8,0.0049995000500000003,0.024997500249999999,True,True,,0.32646714431099999,240,0.32646714431099999,240,0.32646714431099999,240,0.18495085342000001,240,0.18495085342000001,240,True,True,True,True,True,True,True
equity,ridge,0.29999999999999999,3,281,42030428,323,343f3cc04f2b7928ad829611e8e451af64112acf6af58b8b53dd5b427db8670c,0.023897610239,0.119488051195,False,True,,0.32604618974799998,240,0.32604618974799998,240,0.32604618974799998,240,0.146358962856,240,0.146358962856,240,True,True,True,True,True,True,True
equity,ridge,0.29999999999999999,3,282,42030429,324,cd4f82fe01fae55a9f775f4a2eda66583d6018254042f18367ab4bebe5fb7698,0.028597140286000002,0.14298570143,False,True,,0.28983644493799998,240,0.28983644493799998,240,0.28983644493799998,240,0.13984236707200001,240,0.13984236707200001,240,True,True,True,True,True,True,True
equity,ridge,0.29999999999999999,3,283,42030430,325,d97b20463f926e8f9c968b1ed5bc7f49de41a11b7e960b2dc7f218931a693a45,0.011398860114000001,0.056994300570000003,False,True,,0.26781711533000002,240,0.26781711533000002,240,0.26781711533000002,240,0.162330443553,240,0.162330443553,240,True,True,True,True,True,True,True
equity,ridge,0.29999999999999999,3,284,42030431,326,64a89586c65d0b943759feb84e20ffb6c01d0802dbc85256a15e574b16492bd3,0.056494350564999997,0.28247175282499998,False,False,,0.40274510255500001,240,0.40274510255500001,240,0.40274510255500001,240,0.122972154794,240,0.122972154794,240,True,True,True,True,True,True,True
equity,ridge,0.29999999999999999,3,285,42030432,327,5a30a2cd4aea3df4dabd2998a2f25f3dce68407533d2b6ae0d1626df864c1fe2,0.0026997300269999999,0.013498650135,True,True,,0.43004035236400001,240,0.43004035236400001,240,0.43004035236400001,240,0.193718079239,240,0.193718079239,240,True,True,True,True,True,True,True
equity,ridge,0.29999999999999999,3,286,42030433,328,0ae80ac985b6def001dc611774f4ea42363c9d8aa7d639b48eba112963b235b9,0.014898510149,0.074492550744999997,False,True,,0.37740604845699999,240,0.37740604845699999,240,0.37740604845699999,240,0.160181308731,240,0.160181308731,240,True,True,True,True,True,True,True
equity,ridge,0.29999999999999999,3,287,42030434,329,c0fba76152016527d8cc14145825a629e222cb0dd24e5495edb89262e466bc05,0.049095090490999999,0.24547545245499999,False,True,,0.29750903675500001,240,0.29750903675500001,240,0.29750903675500001,240,0.12825405665699999,240,0.12825405665699999,240,True,True,True,True,True,True,True
equity,ridge,0.29999999999999999,3,288,42030435,330,275e894b8a3b5e8d629ff9c851caca8772c33e2f8f78362dbddb0dd6ea52afd4,0.0013998600139999999,0.0069993000699999997,True,True,,0.36100440098100001,240,0.36100440098100001,240,0.36100440098100001,240,0.21449535235100001,240,0.21449535235100001,240,True,True,True,True,True,True,True
equity,ridge,0.29999999999999999,3,289,42030436,331,0a8b066035eb28500eb66a06493db85bb61f7485e11510731d7f6605bbe10f56,0.0053994600539999998,0.02699730027,True,True,,0.32463938643599999,240,0.32463938643599999,240,0.32463938643599999,240,0.18140372544800001,240,0.18140372544800001,240,True,True,True,True,True,True,True
equity,ridge,0.29999999999999999,3,290,42030437,332,fbc774644d23636088afe55465cf73d4505989c080c560dadd6065b03452c9af,0.0056994300570000003,0.028497150285000002,True,True,,0.30313528671599999,240,0.30313528671599999,240,0.30313528671599999,240,0.17844221276300001,240,0.17844221276300001,240,True,True,True,True,True,True,True
equity,ridge,0.29999999999999999,3,291,42030438,333,40e7a0aa84e34b569f11ece88d3a0decd44738ddb48eb70fb4b3e3751617a4ec,0.011898810119,0.059494050595,False,True,,0.32374854898700001,240,0.32374854898700001,240,0.32374854898700001,240,0.16490086392299999,240,0.16490086392299999,240,True,True,True,True,True,True,True
equity,ridge,0.29999999999999999,3,292,42030439,334,f8b4ab7d6bc3e484c7a4ea8f7489f34aee3d882e27345f24e3e172015697e1eb,0.010398960104,0.051994800520000002,False,True,,0.20364269976999999,240,0.20364269976999999,240,0.20364269976999999,240,0.164260113899,240,0.164260113899,240,True,True,True,True,True,True,True
equity,ridge,0.29999999999999999,3,293,42030440,335,6cb6cd2327753b86696bd2422d1ee0d0ef39e6a197ae3b1f0d1f4d827e398c5c,0.036596340365999999,0.18298170183000001,False,True,,0.20311847215500001,240,0.20311847215500001,240,0.20311847215500001,240,0.13386422033699999,240,0.13386422033699999,240,True,True,True,True,True,True,True
equity,ridge,0.29999999999999999,3,294,42030441,336,d313448e1410d394e2c5099cf0da9dfbb7985b3c885d794c9a02a8974bb724d8,0.013298670133,0.066493350665000006,False,True,,0.30608220301799999,240,0.30608220301799999,240,0.30608220301799999,240,0.15781452116,240,0.15781452116,240,True,True,True,True,True,True,True
equity,ridge,0.29999999999999999,3,295,42030442,337,9a2add1b001a27f3457d9c2ade6ff2c5dd90793f1218e8674791e63546e9369e,0.00079992000800000005,0.0039996000399999997,True,True,,0.36970850103500003,240,0.36970850103500003,240,0.36970850103500003,240,0.21578419446,240,0.21578419446,240,True,True,True,True,True,True,True
equity,ridge,0.29999999999999999,3,296,42030443,338,a8bf8b6d6075d642828c501aa45f67a4cdb84e2666fa6f41a02d00e7ef8565ba,0.012098790121,0.060493950604999999,False,True,,0.287821055554,240,0.287821055554,240,0.287821055554,240,0.16224468128700001,240,0.16224468128700001,240,True,True,True,True,True,True,True
equity,ridge,0.29999999999999999,3,297,42030444,339,ea990e52c7e43ebccc4a903ea5d4d490f1669e85f6de556cb0ddf828533a1341,0.019898010199000001,0.099490050994999996,False,True,,0.25508099791700001,240,0.25508099791700001,240,0.25508099791700001,240,0.15082057971900001,240,0.15082057971900001,240,True,True,True,True,True,True,True
equity,ridge,0.29999999999999999,3,298,42030445,340,7f10f4de26b87caf0f265c10166e4893aa40cb64fd60ebd7040440da4ba3116a,0.017898210179,0.089491050894999993,False,True,,0.32914872472200002,240,0.32914872472200002,240,0.32914872472200002,240,0.15784506699600001,240,0.15784506699600001,240,True,True,True,True,True,True,True
equity,ridge,0.29999999999999999,3,299,42030446,341,292a6032ae6a7d0f945ccbae9444a242e7b13630a297dedb10a812a172f6ab9e,0.032996700330000003,0.16498350165,False,True,,0.27230184639799998,240,0.27230184639799998,240,0.27230184639799998,240,0.13862335352800001,240,0.13862335352800001,240,True,True,True,True,True,True,True
equity,ridge,0.29999999999999999,3,300,42030447,342,327db9328a7e0016411685cf9c978d8a6d55738d59447ec416412a6fe68f123b,9.9990001000000006e-05,0.00049995000499999996,True,True,,0.40312056724400003,240,0.40312056724400003,240,0.40312056724400003,240,0.26719892945399998,240,0.26719892945399998,240,True,True,True,True,True,True,True
equity,ridge,0.29999999999999999,3,301,42030448,343,9332a550edb246b69f8ddc9c8e00813fb0a39fb1df259a7b9f7db8a58f05ebae,0.0081991800819999992,0.040995900410000001,True,True,,0.26894154802100001,240,0.26894154802100001,240,0.26894154802100001,240,0.169683262251,240,0.169683262251,240,True,True,True,True,True,True,True
equity,ridge,0.29999999999999999,3,302,42030449,344,7f5d35b9be2aff0b82c92c427ee07a7f2e9e49d1986637fd78834584bef24528,0.00019998000200000001,0.00099990000999999992,True,True,,0.32958506164599999,240,0.32958506164599999,240,0.32958506164599999,240,0.242054033641,240,0.242054033641,240,True,True,True,True,True,True,True
equity,ridge,0.29999999999999999,3,303,42030450,345,690e3f8e33e10bab616030b8aa2674d5ba32b3b0e5044ebaa315a27c860f34d1,0.013098690131,0.065493450654999993,False,True,,0.32202294042200003,240,0.32202294042200003,240,0.32202294042200003,240,0.16621422148199999,240,0.16621422148199999,240,True,True,True,True,True,True,True
equity,ridge,0.29999999999999999,3,304,42030451,346,31791f5ad66b1700fc413207536b8b1d7cd186fddb4c9d81fcb7483c90942f6d,0.0015998400160000001,0.0079992000799999994,True,True,,0.33785258867200002,240,0.33785258867200002,240,0.33785258867200002,240,0.204759021091,240,0.204759021091,240,True,True,True,True,True,True,True
equity,ridge,0.29999999999999999,3,305,42030452,347,751c287719c68645a771472cd9ad38b1fb7205fb661714e362669ce678575e8e,0.033196680332000003,0.16598340166,False,True,,0.18651543441900001,240,0.18651543441900001,240,0.18651543441900001,240,0.13723248171800001,240,0.13723248171800001,240,True,True,True,True,True,True,True
equity,ridge,0.29999999999999999,3,306,42030453,348,b8467beef705c3dc7d622bec69cc3ee3ba435f3f4b61254b0af46a8740d704b3,0.015798420157999999,0.078992100790000006,False,True,,0.342564417698,240,0.342564417698,240,0.342564417698,240,0.15936885814999999,240,0.15936885814999999,240,True,True,True,True,True,True,True
equity,ridge,0.29999999999999999,3,307,42030454,349,7af74c6928714ada3c0aded0955d20b0fa6d8e701b181a2c81af2eff4e4ef0ce,0.00099990000999999992,0.0049995000500000003,True,True,,0.34104010579400001,240,0.34104010579400001,240,0.34104010579400001,240,0.20932196318599999,240,0.20932196318599999,240,True,True,True,True,True,True,True
equity,ridge,0.29999999999999999,3,308,42030455,350,53e5ec2a79a88d9e81d975ea0c1b6491465e71a6c49dac26a0e9309c265a8681,0.024797520247999999,0.12398760123999999,False,True,,0.258676337107,240,0.258676337107,240,0.258676337107,240,0.142061582499,240,0.142061582499,240,True,True,True,True,True,True,True
equity,ridge,0.29999999999999999,3,309,42030456,351,86c482f10f70779708d0d7025ce50aa6d7ff1e3cf96c11a6b184d894df7807da,0.00899910009,0.044995500450000003,True,True,,0.25449518389100001,240,0.25449518389100001,240,0.25449518389100001,240,0.16915988985300001,240,0.16915988985300001,240,True,True,True,True,True,True,True
equity,ridge,0.29999999999999999,3,310,42030457,352,92344951357155e51ed594d407fd58da09367838932ecf37a30c1ab233b9cb90,0.0043995600440000001,0.021997800219999999,True,True,,0.33201489731900002,240,0.33201489731900002,240,0.33201489731900002,240,0.18234145621299999,240,0.18234145621299999,240,True,True,True,True,True,True,True
equity,ridge,0.29999999999999999,3,311,42030458,353,f5615f6440b04c6de88dfcfae392d5b58daef52f5e821817acb3ec3e660435ba,0.013398660134,0.066993300670000006,False,True,,0.26743469946300003,240,0.26743469946300003,240,0.26743469946300003,240,0.16215042409399999,240,0.16215042409399999,240,True,True,True,True,True,True,True
equity,ridge,0.29999999999999999,3,312,42030459,354,4c69f41992f607e958b3a4260e6059520b13eb480180b9c2ee2fb472e6ba6cf1,0.0058994100590000001,0.029497050295,True,True,,0.35841752158099999,240,0.35841752158099999,240,0.35841752158099999,240,0.17777785067900001,240,0.17777785067900001,240,True,True,True,True,True,True,True
equity,ridge,0.29999999999999999,3,313,42030460,355,0368caba1cfe951b30cad2b9a3055b286a224ffdd96152f069bfdc3778519f29,0.00049995000499999996,0.0024997500250000001,True,True,,0.29946248492900002,240,0.29946248492900002,240,0.29946248492900002,240,0.21790169010999999,240,0.21790169010999999,240,True,True,True,True,True,True,True
equity,ridge,0.29999999999999999,3,314,42030461,356,673d1d4cd4bf73bb089992539f72e931a8776ec8bdffc26d5191e210a87cde9c,0.00049995000499999996,0.0024997500250000001,True,True,,0.45357526137900001,240,0.45357526137900001,240,0.45357526137900001,240,0.22641855613100001,240,0.22641855613100001,240,True,True,True,True,True,True,True
equity,ridge,0.29999999999999999,3,315,42030462,357,0a237b6b28e609561c4dd945f5d824803e8469a8d7fd3094a0e5f4912e883fa8,0.019798020198000001,0.098990100989999996,False,True,,0.29387742613599999,240,0.29387742613599999,240,0.29387742613599999,240,0.148609357518,240,0.148609357518,240,True,True,True,True,True,True,True
equity,ridge,0.29999999999999999,3,316,42030463,358,4b8f56e0cc5b95ac74a375b34fcc82f07c3bb7f89c446c81fa9f061ebaa6a8b8,0.0047995200479999996,0.02399760024,True,True,,0.364989105566,240,0.364989105566,240,0.364989105566,240,0.183685299528,240,0.183685299528,240,True,True,True,True,True,True,True
equity,ridge,0.29999999999999999,3,317,42030464,359,fbdb6cfeb153b62e71acc18c88a93883358fbea45eabfcc5e59708078ee408bc,0.0015998400160000001,0.0079992000799999994,True,True,,0.37630391523500001,240,0.37630391523500001,240,0.37630391523500001,240,0.203641749855,240,0.203641749855,240,True,True,True,True,True,True,True
equity,ridge,0.29999999999999999,3,318,42030465,360,0b90dcc7c4318f90347fadb6609c5c3ecfb11b9a70ee76bb4a8fdf14ff101e0f,0.011298870113000001,0.056494350564999997,False,True,,0.22050516426799999,240,0.22050516426799999,240,0.22050516426799999,240,0.16193223612499999,240,0.16193223612499999,240,True,True,True,True,True,True,True
equity,ridge,0.29999999999999999,3,319,42030466,361,c5ab5b7dc3b19c9aced78cf46fe090710acc742aa45a547e81d80fc80c352f80,0.0088991100890000001,0.044495550444999997,True,True,,0.22806038267199999,240,0.22806038267199999,240,0.22806038267199999,240,0.16674488392100001,240,0.16674488392100001,240,True,True,True,True,True,True,True
equity,ridge,0.29999999999999999,3,320,42030467,362,e51c5c5ff2d751eebc49e40088e2e1bfb4cdecee212646085209cbaacd3b36ce,0.00019998000200000001,0.00099990000999999992,True,True,,0.41974084778999998,240,0.41974084778999998,240,0.41974084778999998,240,0.23402150438300001,240,0.23402150438300001,240,True,True,True,True,True,True,True
equity,ridge,0.29999999999999999,3,321,42030468,363,b3398d5b976e173b747625b71b82350d6a32730e890bbb66b0d511728d918674,0.045995400460000002,0.22997700230000001,False,True,,0.33458612802999999,240,0.33458612802999999,240,0.33458612802999999,240,0.12942622780599999,240,0.12942622780599999,240,True,True,True,True,True,True,True
equity,ridge,0.29999999999999999,3,322,42030469,364,92107a4f691862f81fe7d261f6396f91f6fec79ec4e92569e7b2bf1d63bfbbfd,0.0035996400360000002,0.01799820018,True,True,,0.321897365702,240,0.321897365702,240,0.321897365702,240,0.179848744984,240,0.179848744984,240,True,True,True,True,True,True,True
equity,ridge,0.29999999999999999,3,323,42030470,365,98c7d920644f638566bf7e2b943dc8f1796354ecaf381228182a5e908e6a4d2c,0.00069993000699999995,0.0034996500349999998,True,True,,0.37999111503299998,240,0.37999111503299998,240,0.37999111503299998,240,0.22721552031100001,240,0.22721552031100001,240,True,True,True,True,True,True,True
equity,ridge,0.29999999999999999,3,324,42030471,366,8fc7839f07d3d563212e37a46721cce378182238dc13b20f02a8d928dec7806e,0.0011998800119999999,0.00599940006,True,True,,0.28483636547000002,240,0.28483636547000002,240,0.28483636547000002,240,0.21223722511199999,240,0.21223722511199999,240,True,True,True,True,True,True,True
equity,ridge,0.29999999999999999,3,325,42030472,367,feb3b5b72e3a09cf54765c5d33554fc2ff508796f8ed913249fc6177750a0089,0.0053994600539999998,0.02699730027,True,True,,0.29489213666500003,240,0.29489213666500003,240,0.29489213666500003,240,0.18047413536000001,240,0.18047413536000001,240,True,True,True,True,True,True,True
equity,ridge,0.29999999999999999,3,326,42030473,368,d120dda76e5d13c2575b79267a4c74421cd9c3752889d6fb08227f7ac31b74e5,0.00049995000499999996,0.0024997500250000001,True,True,,0.39052530269000002,240,0.39052530269000002,240,0.39052530269000002,240,0.232333956993,240,0.232333956993,240,True,True,True,True,True,True,True
equity,ridge,0.29999999999999999,3,327,42030474,369,d1c5668ec5f1a915eb372f1ab72bd1cf11ebd391f0fe9cf4705be90355d7f78d,0.001899810019,0.0094990500949999994,True,True,,0.29044503650600001,240,0.29044503650600001,240,0.29044503650600001,240,0.196812106465,240,0.196812106465,240,True,True,True,True,True,True,True
equity,ridge,0.29999999999999999,3,328,42030475,370,2d840e4143fb5770adc2fedd7f183c95d8d50d20bbaffb3a57f6a1c0e9a3b0c7,0.029797020298,0.14898510148999999,False,True,,0.3513000919,240,0.3513000919,240,0.3513000919,240,0.142100099215,240,0.142100099215,240,True,True,True,True,True,True,True
equity,ridge,0.29999999999999999,3,329,42030476,371,93509c555a436779600b8d1d68b8a883d5f6d67d791ef03593660b8b1cf299de,0.00019998000200000001,0.00099990000999999992,True,True,,0.30804361840900002,240,0.30804361840900002,240,0.30804361840900002,240,0.241718883656,240,0.241718883656,240,True,True,True,True,True,True,True
equity,ridge,0.29999999999999999,3,330,42030477,372,e2a9e46cd1ab8208954eea0a6129095a36473ba1a5b93239a9268362cee18a84,0.00039996000400000002,0.0019998000199999998,True,True,,0.32046639459600001,240,0.32046639459600001,240,0.32046639459600001,240,0.23107602943899999,240,0.23107602943899999,240,True,True,True,True,True,True,True
equity,ridge,0.29999999999999999,3,331,42030478,373,234d0397a3e2d706dee4709682e377ebf4a678491933b90162f9a76416b99bee,0.0091990800919999997,0.045995400460000002,True,True,,0.32436562852099998,240,0.32436562852099998,240,0.32436562852099998,240,0.16591686029899999,240,0.16591686029899999,240,True,True,True,True,True,True,True
equity,ridge,0.29999999999999999,3,332,42030479,374,f09a78f623f52c5e5f54e587288dc41a2a0ecdf6f43f383bacd3b7a8f6ee1e5a,0.026297370263000001,0.13148685131499999,False,True,,0.22405245910800001,240,0.22405245910800001,240,0.22405245910800001,240,0.14176450614399999,240,0.14176450614399999,240,True,True,True,True,True,True,True
equity,ridge,0.29999999999999999,3,333,42030480,375,f5e63355efc20ec07cf100dcd13ac83cb006f7b29a1f32ec0a8e9402b8ad7cb1,0.014198580141999999,0.070992900710000001,False,True,,0.296455098448,240,0.296455098448,240,0.296455098448,240,0.15897788342999999,240,0.15897788342999999,240,True,True,True,True,True,True,True
equity,ridge,0.29999999999999999,3,334,42030481,376,a0b15e517d0b1df85812f60e1decf6269d93af77342772ea1d4f237e71e4b9cd,0.012698730126999999,0.063493650634999996,False,True,,0.32510744532500002,240,0.32510744532500002,240,0.32510744532500002,240,0.15990010581399999,240,0.15990010581399999,240,True,True,True,True,True,True,True
equity,ridge,0.29999999999999999,3,335,42030482,377,c8834c9cf6bd175d030a8b37bff53ca6faa7c4e84c9939cf012a0e141ade83a1,0.0022997700229999999,0.011498850115000001,True,True,,0.37487452780899999,240,0.37487452780899999,240,0.37487452780899999,240,0.197273359979,240,0.197273359979,240,True,True,True,True,True,True,True
equity,ridge,0.29999999999999999,3,336,42030483,378,f703f5cdb77135024ae81188dad2778f2f1ad71c1bac86350bdfa67e2870ebea,0.0032996700330000001,0.016498350165000002,True,True,,0.30204220214100003,240,0.30204220214100003,240,0.30204220214100003,240,0.19105369767700001,240,0.19105369767700001,240,True,True,True,True,True,True,True
equity,ridge,0.29999999999999999,3,337,42030484,379,eb549bf80e9c3358ec9932d7eaf51d39e1baec118b82f55ef66818f299e15c93,0.13788621137900001,0.68943105689499995,False,False,,0.258114431325,240,0.258114431325,240,0.258114431325,240,0.097866852547000005,240,0.097866852547000005,240,True,True,True,True,True,True,True
equity,ridge,0.29999999999999999,3,338,42030485,380,3d6c48e6debda52df82c977f30c72fea08417f4fd11c5110f3b083608daf2f3b,0.0069993000699999997,0.034996500350000001,True,True,,0.27626363569899998,240,0.27626363569899998,240,0.27626363569899998,240,0.17605890425099999,240,0.17605890425099999,240,True,True,True,True,True,True,True
equity,ridge,0.29999999999999999,3,339,42030486,381,8bb3458ff3da5245af2b56819f9ea292f91707d6629b7f8b23bb76179298a59b,0.056594340565999997,0.28297170283,False,False,,0.203915743692,240,0.203915743692,240,0.203915743692,240,0.121987643911,240,0.121987643911,240,True,True,True,True,True,True,True
equity,ridge,0.29999999999999999,3,340,42030487,382,a0046bcca4522b92cc19c761f7985acb07121233242b053fff71c61f2589dd4b,0.00019998000200000001,0.00099990000999999992,True,True,,0.34646303397700001,240,0.34646303397700001,240,0.34646303397700001,240,0.24588358132300001,240,0.24588358132300001,240,True,True,True,True,True,True,True
equity,ridge,0.29999999999999999,3,341,42030488,383,28d44b46b74cc54a2ab56d32d16493178e3be9486822bc1ec122b993225cb6ea,0.018198180182,0.090990900910000005,False,True,,0.29866598691500001,240,0.29866598691500001,240,0.29866598691500001,240,0.15468838365099999,240,0.15468838365099999,240,True,True,True,True,True,True,True
equity,ridge,0.29999999999999999,3,342,42030489,384,a3eda599c16080aed32b4819a38175d7946eb3fc3ccfa1e983f13385270e19fe,0.0046995300469999998,0.023497650235,True,True,,0.28297663652100002,240,0.28297663652100002,240,0.28297663652100002,240,0.180318053453,240,0.180318053453,240,True,True,True,True,True,True,True
equity,ridge,0.29999999999999999,3,343,42030490,385,b736b59fd65bf785fe825b4c70bb95724d205f52442a96407848ddd8c2caaf8c,0.00019998000200000001,0.00099990000999999992,True,True,,0.31609850593299998,240,0.31609850593299998,240,0.31609850593299998,240,0.24419541335600001,240,0.24419541335600001,240,True,True,True,True,True,True,True
equity,ridge,0.29999999999999999,3,344,42030491,386,c90934b7490675b56946e3e08a2f38388c21e698ccfd3e6d021e49a6be1df10f,0.00059994000599999995,0.00299970003,True,True,,0.39224442514300001,240,0.39224442514300001,240,0.39224442514300001,240,0.22659092012599999,240,0.22659092012599999,240,True,True,True,True,True,True,True
equity,ridge,0.29999999999999999,3,345,42030492,387,95e20c75850f81cf350a3a1e12618dfc2cdbd9fd81f7813dae81e52b816416e5,0.00039996000400000002,0.0019998000199999998,True,True,,0.34269713335899998,240,0.34269713335899998,240,0.34269713335899998,240,0.23612311450599999,240,0.23612311450599999,240,True,True,True,True,True,True,True
equity,ridge,0.29999999999999999,3,346,42030493,388,655c5173d1dddcb1a31d1e58db14dc93ab31503e7294672614bd8f4efa2d8d16,0.0020997900210000002,0.010498950105,True,True,,0.336196384269,240,0.336196384269,240,0.336196384269,240,0.20372015284200001,240,0.20372015284200001,240,True,True,True,True,True,True,True
equity,ridge,0.29999999999999999,3,347,42030494,389,7147a7062f8d14c7b8b3a5937b361fb23a2c7f67e1d9d9791c62e8b5928dae1b,9.9990001000000006e-05,0.00049995000499999996,True,True,,0.47514741841899999,240,0.47514741841899999,240,0.47514741841899999,240,0.27126178205500001,240,0.27126178205500001,240,True,True,True,True,True,True,True
equity,ridge,0.29999999999999999,3,348,42030495,390,38baee33fba2845037707108e5a04f2eda6b83b61f5651edb0143dfe7678c792,0.014898510149,0.074492550744999997,False,True,,0.22383407606299999,240,0.22383407606299999,240,0.22383407606299999,240,0.160306340721,240,0.160306340721,240,True,True,True,True,True,True,True
equity,ridge,0.29999999999999999,3,349,42030496,391,cb86add2093068d264bd4b691a10f33ce03ba66147646cb15de31ee9176930f8,0.0026997300269999999,0.013498650135,True,True,,0.25947174581400001,240,0.25947174581400001,240,0.25947174581400001,240,0.18990492592800001,240,0.18990492592800001,240,True,True,True,True,True,True,True
equity,ridge,0.29999999999999999,3,350,42030497,392,0b9f82281cfd2280d5aca13dbd8e850e66823e5024392d011b1527a9d01ac645,0.061993800619999997,0.30996900309999997,False,False,,0.26856117705499999,240,0.26856117705499999,240,0.26856117705499999,240,0.120972010028,240,0.120972010028,240,True,True,True,True,True,True,True
equity,ridge,0.29999999999999999,3,351,42030498,393,343f44cf9a1f33228cd7513b13828d6d3985b60ad5b5211488ef441f647fcf9b,0.00069993000699999995,0.0034996500349999998,True,True,,0.30418227769200001,240,0.30418227769200001,240,0.30418227769200001,240,0.22115204139200001,240,0.22115204139200001,240,True,True,True,True,True,True,True
equity,ridge,0.29999999999999999,3,352,42030499,394,7dee6fa93669ebed42cf37b0ff377281241f472f7245a72f7ee7dd525b49c2de,0.001899810019,0.0094990500949999994,True,True,,0.34174273456799997,240,0.34174273456799997,240,0.34174273456799997,240,0.20462605906799999,240,0.20462605906799999,240,True,True,True,True,True,True,True
equity,ridge,0.29999999999999999,3,353,42030500,395,f8c699f5fa65faf83c2ae237e6dd03da7fd8207e0e267c7fc150c1795c3eb889,0.052594740526000001,0.26297370262999997,False,False,,0.24485961901299999,240,0.24485961901299999,240,0.24485961901299999,240,0.12612123744299999,240,0.12612123744299999,240,True,True,True,True,True,True,True
equity,ridge,0.29999999999999999,3,354,42030501,396,c6f69608787e27a111765c9f205172b0a9f4c719b6874ed82bb56f75ec5d2046,0.00079992000800000005,0.0039996000399999997,True,True,,0.36090382362899998,240,0.36090382362899998,240,0.36090382362899998,240,0.21145553522400001,240,0.21145553522400001,240,True,True,True,True,True,True,True
equity,ridge,0.29999999999999999,3,355,42030502,397,71b8bbbc286c563f28244738d16ab61a497f7ca4ad2d4dcbf955b3187abbc73e,0.00039996000400000002,0.0019998000199999998,True,True,,0.32044971924299998,240,0.32044971924299998,240,0.32044971924299998,240,0.234380633132,240,0.234380633132,240,True,True,True,True,True,True,True
equity,ridge,0.29999999999999999,3,356,42030503,398,a9e5ae9a088ce3e1091581a28a25f986c50f17e1601344128fefb3bf488a2410,0.0013998600139999999,0.0069993000699999997,True,True,,0.339907394315,240,0.339907394315,240,0.339907394315,240,0.207157639246,240,0.207157639246,240,True,True,True,True,True,True,True
equity,ridge,0.29999999999999999,3,357,42030504,399,40b0f1ebcd75af5eb13997d6d5f6e92f1ecc2d60b2eafcf5391b9559bc9d195f,0.00059994000599999995,0.00299970003,True,True,,0.30343187584100001,240,0.30343187584100001,240,0.30343187584100001,240,0.23694437927699999,240,0.23694437927699999,240,True,True,True,True,True,True,True
equity,ridge,0.29999999999999999,3,358,42030505,400,c9fd3cd7b992f471a2f7720ed4f2ec036fa4e3cf8711cd66430a82e7597987be,0.054994500549999999,0.27497250275000001,False,False,,0.174466767469,240,0.174466767469,240,0.174466767469,240,0.12344164240200001,240,0.12344164240200001,240,True,True,True,True,True,True,True
equity,ridge,0.29999999999999999,3,359,42030506,401,f148e93c90fa667552e7cbf45b686e2bc5c6479badded4afb405ff2270373a62,0.0023997600239999998,0.01199880012,True,True,,0.32800667225800001,240,0.32800667225800001,240,0.32800667225800001,240,0.19951581508300001,240,0.19951581508300001,240,True,True,True,True,True,True,True
equity,ridge,0.29999999999999999,3,360,42030507,402,e8d8ab9da2b5fa16a3af14dab1f59cd676c2a5ebb26f6a640f1695bad012490c,0.00029997000299999998,0.001499850015,True,True,,0.28594530553300002,240,0.28594530553300002,240,0.28594530553300002,240,0.24217166715399999,240,0.24217166715399999,240,True,True,True,True,True,True,True
equity,ridge,0.29999999999999999,3,361,42030508,403,f6111015d99c4cb1b433180f52b290899c45c9f2481ef1d1871dd12f9fa25344,0.013998600139999999,0.069993000700000002,False,True,,0.27090386515300002,240,0.27090386515300002,240,0.27090386515300002,240,0.16249459085500001,240,0.16249459085500001,240,True,True,True,True,True,True,True
equity,ridge,0.29999999999999999,3,362,42030509,404,01a477c73a3ce35c849fbb76fbfe46fdd8dbc4e347d1cb7f78acc57fe05cc18d,0.0017998200180000001,0.00899910009,True,True,,0.31709877852000001,240,0.31709877852000001,240,0.31709877852000001,240,0.20221943578000001,240,0.20221943578000001,240,True,True,True,True,True,True,True
equity,ridge,0.29999999999999999,3,363,42030510,405,30074fe3aed6d882e7dd8f464d638fb6e8653571dd9a222e542fa30d39bd0c32,0.062793720627999997,0.31396860314000002,False,False,,0.220661308453,240,0.220661308453,240,0.220661308453,240,0.12187079655999999,240,0.12187079655999999,240,True,True,True,True,True,True,True
equity,ridge,0.29999999999999999,3,364,42030511,406,65e239b57dc27ebb9e87d488776669f5a1ce11abe4dbe2bf2eaecc92ca4e6d6d,0.0078992100789999995,0.039496050395000003,True,True,,0.34146236800099999,240,0.34146236800099999,240,0.34146236800099999,240,0.17498887068899999,240,0.17498887068899999,240,True,True,True,True,True,True,True
equity,ridge,0.29999999999999999,3,365,42030512,407,58c44543745ca413ce1202bd83482fad4171acfd9dcc298c842e553f446d5030,9.9990001000000006e-05,0.00049995000499999996,True,True,,0.44611218584700002,240,0.44611218584700002,240,0.44611218584700002,240,0.27514541326600001,240,0.27514541326600001,240,True,True,True,True,True,True,True
equity,ridge,0.29999999999999999,3,366,42030513,408,218d8f4dbc3d3ea4a69d6bbaa3be96b916121c5af54e62d797c1ec6c39e33f69,0.0021997800220000001,0.010998900109999999,True,True,,0.29285239008899999,240,0.29285239008899999,240,0.29285239008899999,240,0.196476416864,240,0.196476416864,240,True,True,True,True,True,True,True
equity,ridge,0.29999999999999999,3,367,42030514,409,3b6c4dc0dbf39ecd6dcd76c44b3fa3e57ad52d2b3b3241470626214f9ef6dbf3,9.9990001000000006e-05,0.00049995000499999996,True,True,,0.35358076991600002,240,0.35358076991600002,240,0.35358076991600002,240,0.28264683736500001,240,0.28264683736500001,240,True,True,True,True,True,True,True
equity,ridge,0.29999999999999999,3,368,42030515,410,5697e09bb7bdf7c7669e376b7c0ea0215f3745d4ae45a550a50f337ea2e2119d,0.0015998400160000001,0.0079992000799999994,True,True,,0.27625604013299998,240,0.27625604013299998,240,0.27625604013299998,240,0.19664904810299999,240,0.19664904810299999,240,True,True,True,True,True,True,True
equity,ridge,0.29999999999999999,3,369,42030516,411,11723f709c20f028270c60ae48eb70ce8dd83096b10b3fd4e266606cb1790d92,0.011598840116,0.057994200580000002,False,True,,0.24625912972,240,0.24625912972,240,0.24625912972,240,0.16091593678800001,240,0.16091593678800001,240,True,True,True,True,True,True,True
equity,ridge,0.29999999999999999,3,370,42030517,412,54e783cd2bf141936b64973cb0b5a8f2162b853ac04a0064b56718791fd859b8,0.0020997900210000002,0.010498950105,True,True,,0.268614101306,240,0.268614101306,240,0.268614101306,240,0.19903949517399999,240,0.19903949517399999,240,True,True,True,True,True,True,True
equity,ridge,0.29999999999999999,3,371,42030518,413,5f2cb38042a57837453816d3d95d430913c68e6e9a1c80777b35d4780da27e15,0.0060993900609999999,0.030496950304999999,True,True,,0.34294068137099998,240,0.34294068137099998,240,0.34294068137099998,240,0.18034933654499999,240,0.18034933654499999,240,True,True,True,True,True,True,True
equity,ridge,0.29999999999999999,3,372,42030519,414,988662ca46ebb0dc4c602f5fea9cbf8183500b30aac55c642166add1e3af9900,0.0083991600840000007,0.04199580042,True,True,,0.341173298427,240,0.341173298427,240,0.341173298427,240,0.16740131633700001,240,0.16740131633700001,240,True,True,True,True,True,True,True
equity,ridge,0.29999999999999999,3,373,42030520,415,7673dcf37528d1fac7710649d8ff8d74ba70b9daff1d26262dd696922c3449d2,0.0017998200180000001,0.00899910009,True,True,,0.35665991153499998,240,0.35665991153499998,240,0.35665991153499998,240,0.19904743051900001,240,0.19904743051900001,240,True,True,True,True,True,True,True
equity,ridge,0.29999999999999999,3,374,42030521,416,6a07cd2a2c63cb1cce9bc460630936d0cc3d6efb41a64050fb1a489f45ee8df5,0.020697930207,0.103489651035,False,True,,0.25016694374600001,240,0.25016694374600001,240,0.25016694374600001,240,0.15007829565,240,0.15007829565,240,True,True,True,True,True,True,True
equity,ridge,0.29999999999999999,3,375,42030522,417,850e9ecaa21727fbc1e520299021af5b41c483117a9eb6c1eab6d198ff3f90d3,0.0065993400660000002,0.032996700330000003,True,True,,0.311011483857,240,0.311011483857,240,0.311011483857,240,0.174496252756,240,0.174496252756,240,True,True,True,True,True,True,True
equity,ridge,0.29999999999999999,3,376,42030523,418,4a9b706ba37d3c8b5650623fbd075bab6fb1c7d0e85cf83b5c4a52baeed0c6d0,9.9990001000000006e-05,0.00049995000499999996,True,True,,0.35679356062599998,240,0.35679356062599998,240,0.35679356062599998,240,0.23193574260499999,240,0.23193574260499999,240,True,True,True,True,True,True,True
equity,ridge,0.29999999999999999,3,377,42030524,419,7ed6d9f736b485f0299bde6f8ef95ff85f01496360060cd4c3b25d45491c0f05,0.0071992800720000003,0.03599640036,True,True,,0.32869562287600002,240,0.32869562287600002,240,0.32869562287600002,240,0.17880176792999999,240,0.17880176792999999,240,True,True,True,True,True,True,True
equity,ridge,0.29999999999999999,3,378,42030525,420,dc7aa8836da5b80b3e8151f7e9b9415c1b9f4d9ddd5a94088479b4c69726d104,0.0073992600740000001,0.036996300369999999,True,True,,0.23625727005899999,240,0.23625727005899999,240,0.23625727005899999,240,0.17852851720900001,240,0.17852851720900001,240,True,True,True,True,True,True,True
equity,ridge,0.29999999999999999,3,379,42030526,421,c982f72ec32381c8aa49360d436bf82e033b2ddf88e5bd6385ac7457fea36487,0.00079992000800000005,0.0039996000399999997,True,True,,0.346603865954,240,0.346603865954,240,0.346603865954,240,0.22529398661200001,240,0.22529398661200001,240,True,True,True,True,True,True,True
equity,ridge,0.29999999999999999,3,380,42030527,422,dee859424f0875920c0db224db8de402bbbba3a54e8293b520050eec8ed4f353,0.0043995600440000001,0.021997800219999999,True,True,,0.27355209449399998,240,0.27355209449399998,240,0.27355209449399998,240,0.19030340114899999,240,0.19030340114899999,240,True,True,True,True,True,True,True
equity,ridge,0.29999999999999999,3,381,42030528,423,3f05727b43716170f63717cbf3142faa0e9012a2b63ff736381ac52be9cca0a6,0.017398260174000001,0.086991300869999996,False,True,,0.30550233420400003,240,0.30550233420400003,240,0.30550233420400003,240,0.15426629160800001,240,0.15426629160800001,240,True,True,True,True,True,True,True
equity,ridge,0.29999999999999999,3,382,42030529,424,1b556e6a3bd1c34371c0bb30e1d5a1e327907cddb0ed42a43fb1b02286617dcc,0.00039996000400000002,0.0019998000199999998,True,True,,0.31778684552999997,240,0.31778684552999997,240,0.31778684552999997,240,0.223309371476,240,0.223309371476,240,True,True,True,True,True,True,True
equity,ridge,0.29999999999999999,3,383,42030530,425,ba5947f69e214f28fe84b39bcf45192229ff2b2a0c27cfe20eef8f66e0513be8,0.022497750225000002,0.11248875112499999,False,True,,0.26523911660999999,240,0.26523911660999999,240,0.26523911660999999,240,0.14939867191299999,240,0.14939867191299999,240,True,True,True,True,True,True,True
equity,ridge,0.29999999999999999,3,384,42030531,426,c1dca3ff51234b50f2ba3aa8d1b959a41d46fd624b43b86f8b63bf67acc9e4c5,0.00099990000999999992,0.0049995000500000003,True,True,,0.27892090507799999,240,0.27892090507799999,240,0.27892090507799999,240,0.20952545329700001,240,0.20952545329700001,240,True,True,True,True,True,True,True
equity,ridge,0.29999999999999999,3,385,42030532,427,af238d38d29fdd9ed2323aa506a7be8f32e1c4cce51072ca9ccc19b7ef47e07f,0.0011998800119999999,0.00599940006,True,True,,0.327616347606,240,0.327616347606,240,0.327616347606,240,0.21497922752900001,240,0.21497922752900001,240,True,True,True,True,True,True,True
equity,ridge,0.29999999999999999,3,386,42030533,428,5f4d0c40c695ea1b6b4f96b81f35d6d64150993a107e357db9a39fa6336d5ead,0.023597640236,0.11798820118,False,True,,0.34934634534300002,240,0.34934634534300002,240,0.34934634534300002,240,0.14850773005699999,240,0.14850773005699999,240,True,True,True,True,True,True,True
equity,ridge,0.29999999999999999,3,387,42030534,429,ac87976b532508be1193c8bef720d4ba0ba0ca208ceaa37a4f808c7465e570fe,0.0026997300269999999,0.013498650135,True,True,,0.32772650424700001,240,0.32772650424700001,240,0.32772650424700001,240,0.195992299536,240,0.195992299536,240,True,True,True,True,True,True,True
equity,ridge,0.29999999999999999,3,388,42030535,430,0a0928e19b11993abd599f304709a1ab9c5dcc45a718bd76ea682f9cc44f89e9,0.043495650434999998,0.217478252175,False,True,,0.30825298907400001,240,0.30825298907400001,240,0.30825298907400001,240,0.132403302724,240,0.132403302724,240,True,True,True,True,True,True,True
equity,ridge,0.29999999999999999,3,389,42030536,431,7d087075e59f666fcf44558d410919a70214159edc80784ea3ce2dffe978c9c7,0.0069993000699999997,0.034996500350000001,True,True,,0.25415847696799998,240,0.25415847696799998,240,0.25415847696799998,240,0.17734828652599999,240,0.17734828652599999,240,True,True,True,True,True,True,True
equity,ridge,0.29999999999999999,3,390,42030537,432,dc38f3f451732ef0b18cb20c8c090dd4c5e313266352c0782d0a250d0d9de8d8,0.012298770123,0.061493850614999998,False,True,,0.31587912754699998,240,0.31587912754699998,240,0.31587912754699998,240,0.16499455732099999,240,0.16499455732099999,240,True,True,True,True,True,True,True
equity,ridge,0.29999999999999999,3,391,42030538,433,399544607d6f31d6dc1cf71e50c554473b7640e69c5e697f5ebbbcb2b6b95d7c,0.024797520247999999,0.12398760123999999,False,True,,0.239024010476,240,0.239024010476,240,0.239024010476,240,0.14490544243799999,240,0.14490544243799999,240,True,True,True,True,True,True,True
equity,ridge,0.29999999999999999,3,392,42030539,434,72eb6e650d1249ee9b2df4c23be937e700d74d7052e90decd85913d0b8f1fc45,0.0020997900210000002,0.010498950105,True,True,,0.27044262189700002,240,0.27044262189700002,240,0.27044262189700002,240,0.193921329216,240,0.193921329216,240,True,True,True,True,True,True,True
equity,ridge,0.29999999999999999,3,393,42030540,435,b9931e903ec83f8d3594eb26da3052f1f68e1da7451a9e3b544c8e9c73438712,0.0058994100590000001,0.029497050295,True,True,,0.28968635073900001,240,0.28968635073900001,240,0.28968635073900001,240,0.17935616038800001,240,0.17935616038800001,240,True,True,True,True,True,True,True
equity,ridge,0.29999999999999999,3,394,42030541,436,6b2e150e93e5a189fb59a514b7da3c26396782b33e692fdef67bb18c32a3645b,0.0047995200479999996,0.02399760024,True,True,,0.245767688283,240,0.245767688283,240,0.245767688283,240,0.176489213353,240,0.176489213353,240,True,True,True,True,True,True,True
equity,ridge,0.29999999999999999,3,395,42030542,437,c69d5000b369bdf677ec9affd36fbb4d1d26860840d8d85ceb18d79b44b89a52,0.017698230177,0.088491150884999994,False,True,,0.25505009654999999,240,0.25505009654999999,240,0.25505009654999999,240,0.15421177305299999,240,0.15421177305299999,240,True,True,True,True,True,True,True
equity,ridge,0.29999999999999999,3,396,42030543,438,5a5fec815e9676e7ab1d96309958c8aca060021c717efbcf8a0199e5d6591327,0.001499850015,0.007499250075,True,True,,0.28401613597100001,240,0.28401613597100001,240,0.28401613597100001,240,0.20615086845899999,240,0.20615086845899999,240,True,True,True,True,True,True,True
equity,ridge,0.29999999999999999,3,397,42030544,439,d1e84cd6b812d610705b7d45cdb4da51988bb832b2a9cb272069cb5ba1cf9688,0.0022997700229999999,0.011498850115000001,True,True,,0.33338286666599998,240,0.33338286666599998,240,0.33338286666599998,240,0.20225892439099999,240,0.20225892439099999,240,True,True,True,True,True,True,True
equity,ridge,0.29999999999999999,3,398,42030545,440,a4c841160a319d26e20becaa31d3920a9c25dcac6d7da0b07d8eed574ac694c0,0.013298670133,0.066493350665000006,False,True,,0.22085597191799999,240,0.22085597191799999,240,0.22085597191799999,240,0.15954898219700001,240,0.15954898219700001,240,True,True,True,True,True,True,True
equity,ridge,0.29999999999999999,3,399,42030546,441,4a969d147e47720bfa06d3c512f270c714e8a8646cee90f199cc7a0ddf6af94a,0.014198580141999999,0.070992900710000001,False,True,,0.33489872558799999,240,0.33489872558799999,240,0.33489872558799999,240,0.16136898276700001,240,0.16136898276700001,240,True,True,True,True,True,True,True
equity,ridge,0.29999999999999999,3,400,42030547,442,d151cabf8fab315b653e64659f13114e923c6e5eb40e6630dbb51db5d5bfb889,0.014298570143000001,0.071492850715,False,True,,0.326216507012,240,0.326216507012,240,0.326216507012,240,0.15847787324900001,240,0.15847787324900001,240,True,True,True,True,True,True,True
equity,ridge,0.29999999999999999,3,401,42030548,443,3b8b5b06edaf0a2c9064fb318307ae0c52af0d8bf5bd375fa261bca5f552aa2b,0.11278872112799999,0.56394360564000001,False,False,,0.26402874416200001,240,0.26402874416200001,240,0.26402874416200001,240,0.102766037048,240,0.102766037048,240,True,True,True,True,True,True,True
equity,ridge,0.29999999999999999,3,402,42030549,444,2c2a9f7e8f9819f6650f48af17e166d89980f010067f258cc93455f9912d60ea,0.00089991000900000004,0.004499550045,True,True,,0.32713937451699998,240,0.32713937451699998,240,0.32713937451699998,240,0.213385465488,240,0.213385465488,240,True,True,True,True,True,True,True
equity,ridge,0.29999999999999999,3,403,42030550,445,9d5b191729ee9c9107ef42a014336487edc54178144857db4922ae88078c3d3a,0.0050994900510000002,0.025497450255000002,True,True,,0.296587585514,240,0.296587585514,240,0.296587585514,240,0.18175513169400001,240,0.18175513169400001,240,True,True,True,True,True,True,True
equity,ridge,0.29999999999999999,3,404,42030551,446,e8328854850fd5b70275b08bfa3ff973127ac85f22e8285af65884c3ca2799d6,0.00049995000499999996,0.0024997500250000001,True,True,,0.34611959421400001,240,0.34611959421400001,240,0.34611959421400001,240,0.21405785376899999,240,0.21405785376899999,240,True,True,True,True,True,True,True
equity,ridge,0.29999999999999999,3,405,42030552,447,65a691073990c6ddc59754936ae80ef749644ff1c6d519007a6590f2fc8bb750,9.9990001000000006e-05,0.00049995000499999996,True,True,,0.48933841573100001,240,0.48933841573100001,240,0.48933841573100001,240,0.32968556921100001,240,0.32968556921100001,240,True,True,True,True,True,True,True
equity,ridge,0.29999999999999999,3,406,42030553,448,73b7f82a615842f8b340f1c21722b3abbbdaa36af36b0662f57ed6a390f2f234,0.032696730326999997,0.163483651635,False,True,,0.269410872242,240,0.269410872242,240,0.269410872242,240,0.137998026345,240,0.137998026345,240,True,True,True,True,True,True,True
equity,ridge,0.29999999999999999,3,407,42030554,449,1fe44b878188c52c5ce43c184f391767d8d5c37d36893507875428ca047cf301,0.0053994600539999998,0.02699730027,True,True,,0.37128765497100003,240,0.37128765497100003,240,0.37128765497100003,240,0.18266167846199999,240,0.18266167846199999,240,True,True,True,True,True,True,True
equity,ridge,0.29999999999999999,3,408,42030555,450,092ce3ca8d21cf738d8685841d4f5a145057720f7649cb3dbaaec571a35bb357,0.0013998600139999999,0.0069993000699999997,True,True,,0.32426473337,240,0.32426473337,240,0.32426473337,240,0.21505750467900001,240,0.21505750467900001,240,True,True,True,True,True,True,True
equity,ridge,0.29999999999999999,3,409,42030556,451,7954295267d6d1e09867c3cc02440e42b56f571a2c08561bf46614ed646b4a82,0.0077992200779999996,0.038996100390000003,True,True,,0.24926793063300001,240,0.24926793063300001,240,0.24926793063300001,240,0.17049604217,240,0.17049604217,240,True,True,True,True,True,True,True
equity,ridge,0.29999999999999999,3,410,42030557,452,606c82cfeaac4ed5fffdcfe335db7d4b46b8144e11d17a4d1420bdcb680b56d1,0.001099890011,0.0054994500549999997,True,True,,0.36609155731999998,240,0.36609155731999998,240,0.36609155731999998,240,0.20317341602899999,240,0.20317341602899999,240,True,True,True,True,True,True,True
equity,ridge,0.29999999999999999,3,411,42030558,453,a9e06b9d8d8ee2c0a9a38e0aba16d7e20a8598fe9e72feb06df047f931e5c85d,0.011798820118,0.058994100590000001,False,True,,0.25732336619899998,240,0.25732336619899998,240,0.25732336619899998,240,0.16407272490499999,240,0.16407272490499999,240,True,True,True,True,True,True,True
equity,ridge,0.29999999999999999,3,412,42030559,454,5402d8b95833810356c44b76aac6326142204dbf5b97f9a6f482164cf22e6968,0.0028997100290000001,0.014498550145000001,True,True,,0.31772434455499998,240,0.31772434455499998,240,0.31772434455499998,240,0.19710941324699999,240,0.19710941324699999,240,True,True,True,True,True,True,True
equity,ridge,0.29999999999999999,3,413,42030560,455,49c0c346401adad53468823dce9af62b5f1ac382eecedf1e1a70d18032762e19,0.0015998400160000001,0.0079992000799999994,True,True,,0.37833446754400002,240,0.37833446754400002,240,0.37833446754400002,240,0.209391969974,240,0.209391969974,240,True,True,True,True,True,True,True
equity,ridge,0.29999999999999999,3,414,42030561,456,2a00fc6cfd56ef24a3215515ac1baaa25c6b09e5c92c8ee3a5f6e5054e070bd6,0.0031996800320000002,0.015998400159999999,True,True,,0.26904430581900002,240,0.26904430581900002,240,0.26904430581900002,240,0.18952262271100001,240,0.18952262271100001,240,True,True,True,True,True,True,True
equity,ridge,0.29999999999999999,3,415,42030562,457,0964208c45a6711123277f6834e881295725bd104a953cfb19affaffa80942c5,0.00039996000400000002,0.0019998000199999998,True,True,,0.317935158409,240,0.317935158409,240,0.317935158409,240,0.22637251033899999,240,0.22637251033899999,240,True,True,True,True,True,True,True
equity,ridge,0.29999999999999999,3,416,42030563,458,7073055b53cf3a4d68f9f54e199ef9e6c6d0ffde3535f9abac46a3a9f8e5041f,0.002599740026,0.012998700130000001,True,True,,0.30344048415000002,240,0.30344048415000002,240,0.30344048415000002,240,0.19998490851100001,240,0.19998490851100001,240,True,True,True,True,True,True,True
equity,ridge,0.29999999999999999,3,417,42030564,459,92486bc9bd6f2828dee67cbb00aface98cfdf6ff77bf473a5fa15f9b3724f1f5,0.006699330067,0.033496650335000003,True,True,,0.32997663423000001,240,0.32997663423000001,240,0.32997663423000001,240,0.17603553580699999,240,0.17603553580699999,240,True,True,True,True,True,True,True
equity,ridge,0.29999999999999999,3,418,42030565,460,8d5445ae6496bbd786553e89778a4b807d426129a2d42a0d8e921a627e88f7c3,0.00029997000299999998,0.001499850015,True,True,,0.38350798474499997,240,0.38350798474499997,240,0.38350798474499997,240,0.252586701543,240,0.252586701543,240,True,True,True,True,True,True,True
equity,ridge,0.29999999999999999,3,419,42030566,461,1ee9637c6ea0a5916f1953264950be9c1adca04f84f0216c45f47dbbcc905261,0.0037996200379999999,0.018998100189999999,True,True,,0.37595966788000001,240,0.37595966788000001,240,0.37595966788000001,240,0.18413037169599999,240,0.18413037169599999,240,True,True,True,True,True,True,True
equity,ridge,0.29999999999999999,3,420,42030567,462,c6aa80a255ae23813b782051a5a58ee472807ab5727830e7d2b6f0a7594bda42,0.046795320468000001,0.23397660234000001,False,True,,0.33853343378,240,0.33853343378,240,0.33853343378,240,0.130598665833,240,0.130598665833,240,True,True,True,True,True,True,True
equity,ridge,0.29999999999999999,3,421,42030568,463,3f33ddc58efd2c3f226d821ccc89b4cc26402f84cebfa163ea3c712c2647bb4a,0.00019998000200000001,0.00099990000999999992,True,True,,0.378562122886,240,0.378562122886,240,0.378562122886,240,0.24696133518999999,240,0.24696133518999999,240,True,True,True,True,True,True,True
equity,ridge,0.29999999999999999,3,422,42030569,464,f4944dc187fba2e4f2317298ca7fe810873c3e3bd8f7fb67deb3364341daa127,0.049295070492999998,0.24647535246499999,False,True,,0.20766634785499999,240,0.20766634785499999,240,0.20766634785499999,240,0.128160542032,240,0.128160542032,240,True,True,True,True,True,True,True
equity,ridge,0.29999999999999999,3,423,42030570,465,ea8227e4030eb942588403666eab9e33aac0333164fdcca7745613e51fc3293a,0.0053994600539999998,0.02699730027,True,True,,0.243150142338,240,0.243150142338,240,0.243150142338,240,0.18334977441200001,240,0.18334977441200001,240,True,True,True,True,True,True,True
equity,ridge,0.29999999999999999,3,424,42030571,466,79bd8a20068c093c3b936b9de0171214ec8ad8cf27ea414d5c35ccec4b46015c,0.190180981902,0.95090490950999995,False,False,,0.22416373692700001,240,0.22416373692700001,240,0.22416373692700001,240,0.086067924269000007,240,0.086067924269000007,240,True,True,True,True,True,True,True
equity,ridge,0.29999999999999999,3,425,42030572,467,0df9c5b0bf631773f78da92b050c468a28c17ee7f174dacd5de5ec6c103bfa23,0.00059994000599999995,0.00299970003,True,True,,0.31746573948899998,240,0.31746573948899998,240,0.31746573948899998,240,0.24553141071199999,240,0.24553141071199999,240,True,True,True,True,True,True,True
equity,ridge,0.29999999999999999,3,426,42030573,468,27e10272c22bd57b79cb56fb6040b3ec49f3f95e6171816a7f90ffd7ffe4396c,0.0071992800720000003,0.03599640036,True,True,,0.23323277649599999,240,0.23323277649599999,240,0.23323277649599999,240,0.17959094714599999,240,0.17959094714599999,240,True,True,True,True,True,True,True
equity,ridge,0.29999999999999999,3,427,42030574,469,5bae93144a7addaf5e9ece3eeb6490a98947b1590e128b5b45f2385b669290e4,0.0097990200980000008,0.048995100489999999,True,True,,0.29757233433300001,240,0.29757233433300001,240,0.29757233433300001,240,0.169628564373,240,0.169628564373,240,True,True,True,True,True,True,True
equity,ridge,0.29999999999999999,3,428,42030575,470,c2428c2988af8743d84bffa418b29c4a75dcdf1add01d6a87302a56ecb13e9a1,0.0032996700330000001,0.016498350165000002,True,True,,0.27722518532200002,240,0.27722518532200002,240,0.27722518532200002,240,0.191015788534,240,0.191015788534,240,True,True,True,True,True,True,True
equity,ridge,0.29999999999999999,3,429,42030576,471,e596412ea730baa4fe3df241bb336843d7388757071286762e41c1fc2bc29ae5,0.02099790021,0.10498950105,False,True,,0.24025876484399999,240,0.24025876484399999,240,0.24025876484399999,240,0.14715640126099999,240,0.14715640126099999,240,True,True,True,True,True,True,True
equity,ridge,0.29999999999999999,3,430,42030577,472,64411759609c4ad27d2381bd09ae42fdadc2879afa21bffdd020c76cee0729c6,0.015198480152,0.075992400759999995,False,True,,0.30255034420799998,240,0.30255034420799998,240,0.30255034420799998,240,0.154922859936,240,0.154922859936,240,True,True,True,True,True,True,True
equity,ridge,0.29999999999999999,3,431,42030578,473,8ac99797e3d9cad009e5f098ed9c1a6fb519e20df90ab0d1ce5e5ac9521385b5,0.0013998600139999999,0.0069993000699999997,True,True,,0.34202470514700001,240,0.34202470514700001,240,0.34202470514700001,240,0.21098668028199999,240,0.21098668028199999,240,True,True,True,True,True,True,True
equity,ridge,0.29999999999999999,3,432,42030579,474,86bd1e88041c1c0e000cb601f0a8be5960c63c72f03b15fbe9e75209393eaff7,0.003699630037,0.018498150184999999,True,True,,0.26783270540499998,240,0.26783270540499998,240,0.26783270540499998,240,0.18885010034999999,240,0.18885010034999999,240,True,True,True,True,True,True,True
equity,ridge,0.29999999999999999,3,433,42030580,475,cdfd67185cb575ae657623d05c6ddccc8e2a614d1d7b4ef3c72e5c5a88f59f3e,0.056794320567999997,0.28397160284,False,False,,0.367216282166,240,0.367216282166,240,0.367216282166,240,0.12333156672200001,240,0.12333156672200001,240,True,True,True,True,True,True,True
equity,ridge,0.29999999999999999,3,434,42030581,476,b6ef00a0372a8c584fefaeada92743dabb35947be87026c4376d76fe42232fef,0.00039996000400000002,0.0019998000199999998,True,True,,0.335969480288,240,0.335969480288,240,0.335969480288,240,0.23147472391400001,240,0.23147472391400001,240,True,True,True,True,True,True,True
equity,ridge,0.29999999999999999,3,435,42030582,477,49819d94d3b4dcd3ff89e6affbc07bc741fb2b9d9711164deb1f1e2e769eb0b7,9.9990001000000006e-05,0.00049995000499999996,True,True,,0.309371642138,240,0.309371642138,240,0.309371642138,240,0.24073430188700001,240,0.24073430188700001,240,True,True,True,True,True,True,True
equity,ridge,0.29999999999999999,3,436,42030583,478,f5f8ea290083f04b50579a4bf1104cf6ec10450704e64bd91839d02bdb560f30,0.0027997200279999998,0.013998600139999999,True,True,,0.270614961348,240,0.270614961348,240,0.270614961348,240,0.196296837561,240,0.196296837561,240,True,True,True,True,True,True,True
equity,ridge,0.29999999999999999,3,437,42030584,479,2046c49808f1504f93bdf956ebeb1a3ce36cbabe551bf7406a44380337911493,0.001299870013,0.0064993500650000003,True,True,,0.27108298488499999,240,0.27108298488499999,240,0.27108298488499999,240,0.21097118215800001,240,0.21097118215800001,240,True,True,True,True,True,True,True
equity,ridge,0.29999999999999999,3,438,42030585,480,ee563203095d954eb25828acf3194155388d93301c6bbcf92ef0281c3c26e9f3,0.018298170183,0.091490850915000005,False,True,,0.321177665015,240,0.321177665015,240,0.321177665015,240,0.154750852754,240,0.154750852754,240,True,True,True,True,True,True,True
equity,ridge,0.29999999999999999,3,439,42030586,481,9a75ad03834a6a0004719eb9fa11f97c949bc8e5d30425c902a714018f80bea0,0.0053994600539999998,0.02699730027,True,True,,0.221887951449,240,0.221887951449,240,0.221887951449,240,0.179935049248,240,0.179935049248,240,True,True,True,True,True,True,True
equity,ridge,0.29999999999999999,3,440,42030587,482,5d0847c0933f16a9898449b8759fbc66d71239011feade6a009ab270f6f4f27f,0.028997100290000001,0.14498550145,False,True,,0.26596573550500002,240,0.26596573550500002,240,0.26596573550500002,240,0.142991087229,240,0.142991087229,240,True,True,True,True,True,True,True
equity,ridge,0.29999999999999999,3,441,42030588,483,44f542176a25ec2d0b65391ff5eb05ce9c1f050084aac96a95cb1bee6baad2eb,0.061093890610999999,0.30546945305500001,False,False,,0.230294790148,240,0.230294790148,240,0.230294790148,240,0.123167573282,240,0.123167573282,240,True,True,True,True,True,True,True
equity,ridge,0.29999999999999999,3,442,42030589,484,3ae76eaf76222188c2ca0990fe63e100eaa3f7789b9d2d923a2e267e06099c74,0.0083991600840000007,0.04199580042,True,True,,0.23713958052699999,240,0.23713958052699999,240,0.23713958052699999,240,0.170682983132,240,0.170682983132,240,True,True,True,True,True,True,True
equity,ridge,0.29999999999999999,3,443,42030590,485,b6415b1e42ac4164866c7626e525a1a9975cc2b84ddf6ef22f442cd65ca08bd8,0.026797320268,0.13398660134000001,False,True,,0.22214586505100001,240,0.22214586505100001,240,0.22214586505100001,240,0.14110055417600001,240,0.14110055417600001,240,True,True,True,True,True,True,True
equity,ridge,0.29999999999999999,3,444,42030591,486,9280ffc6f7f177ad9c7493854f3d33d65489455566544dbae8c3a9a9ee6ca8a5,0.00089991000900000004,0.004499550045,True,True,,0.287687620955,240,0.287687620955,240,0.287687620955,240,0.20945535126000001,240,0.20945535126000001,240,True,True,True,True,True,True,True
equity,ridge,0.29999999999999999,3,445,42030592,487,2ae3ef653a1cc8fa4f62aa0e7c99477d12c250443d7959e6fb3907fa201815fe,9.9990001000000006e-05,0.00049995000499999996,True,True,,0.43980551096699999,240,0.43980551096699999,240,0.43980551096699999,240,0.28504552420899998,240,0.28504552420899998,240,True,True,True,True,True,True,True
equity,ridge,0.29999999999999999,3,446,42030593,488,1456e3987a9c944732eb4f7c35b990d205c970c2a63b2c83ac4b1fcca9d09fde,0.0056994300570000003,0.028497150285000002,True,True,,0.28023375928799998,240,0.28023375928799998,240,0.28023375928799998,240,0.182059947586,240,0.182059947586,240,True,True,True,True,True,True,True
equity,ridge,0.29999999999999999,3,447,42030594,489,1d1fb805f28170886ce6f55c6a56c48ed0102c6b4ab9b8c5fef9338cc1ce0481,0.00019998000200000001,0.00099990000999999992,True,True,,0.311628130379,240,0.311628130379,240,0.311628130379,240,0.23683413911199999,240,0.23683413911199999,240,True,True,True,True,True,True,True
equity,ridge,0.29999999999999999,3,448,42030595,490,52a35217ec8a6abaea63427786370f7bce6ac840f0f2db25f12d85473cab5904,0.0053994600539999998,0.02699730027,True,True,,0.22960849768,240,0.22960849768,240,0.22960849768,240,0.174621639361,240,0.174621639361,240,True,True,True,True,True,True,True
equity,ridge,0.29999999999999999,3,449,42030596,491,89abcf7a5c86c43d0af03fad259631910206c6737d3726c55121b00d33adce8b,0.0024997500250000001,0.012498750124999999,True,True,,0.353426228279,240,0.353426228279,240,0.353426228279,240,0.20014164817899999,240,0.20014164817899999,240,True,True,True,True,True,True,True
equity,ridge,0.29999999999999999,3,450,42030597,492,3bd449daacc6c6dc6b04a7d1dd90c3015fe588abde8423c4e8a736e3318b4178,0.0064993500650000003,0.032496750324999997,True,True,,0.228998342764,240,0.228998342764,240,0.228998342764,240,0.17413696629799999,240,0.17413696629799999,240,True,True,True,True,True,True,True
equity,ridge,0.29999999999999999,3,451,42030598,493,195a672959f14784b98cdaca7829d28ce719e2847a09896c732b16db2dfce071,0.0075992400759999999,0.037996200379999998,True,True,,0.29168866422799999,240,0.29168866422799999,240,0.29168866422799999,240,0.17294945326799999,240,0.17294945326799999,240,True,True,True,True,True,True,True
equity,ridge,0.29999999999999999,3,452,42030599,494,2b9992b057e07e1de072f46b558b088cee5a5458f2a9d38ade10a985b189e985,0.0026997300269999999,0.013498650135,True,True,,0.28670355517399998,240,0.28670355517399998,240,0.28670355517399998,240,0.19319546113200001,240,0.19319546113200001,240,True,True,True,True,True,True,True
equity,ridge,0.29999999999999999,3,453,42030600,495,e891614aea98af51f32ebbc63b58ed7e43db20bc75983272a904e7c54579ad0d,0.0024997500250000001,0.012498750124999999,True,True,,0.29614198307,240,0.29614198307,240,0.29614198307,240,0.18987361774200001,240,0.18987361774200001,240,True,True,True,True,True,True,True
equity,ridge,0.29999999999999999,3,454,42030601,496,d12ac6e7f7673c9e5a7db930763f690a84909faa2a85708bb5be80985f850379,0.00899910009,0.044995500450000003,True,True,,0.30030719232899999,240,0.30030719232899999,240,0.30030719232899999,240,0.17093346730199999,240,0.17093346730199999,240,True,True,True,True,True,True,True
equity,ridge,0.29999999999999999,3,455,42030602,497,2b4c0d0b4907554ab20f9c5aca2bf1524776aeab6d262f5a44a9862bc260f513,0.00039996000400000002,0.0019998000199999998,True,True,,0.37405405139699999,240,0.37405405139699999,240,0.37405405139699999,240,0.23474848595299999,240,0.23474848595299999,240,True,True,True,True,True,True,True
equity,ridge,0.29999999999999999,3,456,42030603,498,ac314bb9408761ebd7e47deae6378aa7d8603b7288cfb8769a0a3e8ee102d4db,0.00019998000200000001,0.00099990000999999992,True,True,,0.39463495610600002,240,0.39463495610600002,240,0.39463495610600002,240,0.24060112812100001,240,0.24060112812100001,240,True,True,True,True,True,True,True
equity,ridge,0.29999999999999999,3,457,42030604,499,50adf8b2233273e6ae456a091c590a19aa743dd3a6ac8b1353ccc4702b2de092,0.012798720128000001,0.063993600639999995,False,True,,0.27284832494299999,240,0.27284832494299999,240,0.27284832494299999,240,0.16300972860999999,240,0.16300972860999999,240,True,True,True,True,True,True,True
equity,ridge,0.29999999999999999,3,458,42030605,500,3935183b62486d5349f761089292faa50b47de8af015941707336c2bd9adba18,0.0056994300570000003,0.028497150285000002,True,True,,0.33630504863100003,240,0.33630504863100003,240,0.33630504863100003,240,0.176980749306,240,0.176980749306,240,True,True,True,True,True,True,True
equity,ridge,0.29999999999999999,3,459,42030606,501,f6318728ef2292b616159003fa589df21157e0fa2402879b44abda2f933f9b37,0.044695530446999997,0.22347765223499999,False,True,,0.263481862096,240,0.263481862096,240,0.263481862096,240,0.13022323356500001,240,0.13022323356500001,240,True,True,True,True,True,True,True
equity,ridge,0.29999999999999999,3,460,42030607,502,dfd23173245c29a99dfbcb1ced3a62706071d7f455bad5877eebe1b9713a29b1,0.00039996000400000002,0.0019998000199999998,True,True,,0.29366647270700003,240,0.29366647270700003,240,0.29366647270700003,240,0.229200921975,240,0.229200921975,240,True,True,True,True,True,True,True
equity,ridge,0.29999999999999999,3,461,42030608,503,12746ae10a5897bd9c2a20ba7b10ee34cbde93d7d259b715b1e14f92a325ca87,0.030196980302,0.15098490150999999,False,True,,0.26526966794099999,240,0.26526966794099999,240,0.26526966794099999,240,0.14188135899000001,240,0.14188135899000001,240,True,True,True,True,True,True,True
equity,ridge,0.29999999999999999,3,462,42030609,504,ece194c463b156684937a422251206e6d82a4393cb0f91b7a2741044c2df0d97,0.00039996000400000002,0.0019998000199999998,True,True,,0.37169257252600002,240,0.37169257252600002,240,0.37169257252600002,240,0.23530294014,240,0.23530294014,240,True,True,True,True,True,True,True
equity,ridge,0.29999999999999999,3,463,42030610,505,bf126f6f23aa2cb20b879e556477e79f138c209aa09b486ed8e84fd2a5c76997,0.023697630237,0.118488151185,False,True,,0.27352089053099998,240,0.27352089053099998,240,0.27352089053099998,240,0.14619485951399999,240,0.14619485951399999,240,True,True,True,True,True,True,True
equity,ridge,0.29999999999999999,3,464,42030611,506,ef680b73821057b1cd646bae3ee8b484d3cc58bad5cccb0b48be9cf2a182fef5,0.0058994100590000001,0.029497050295,True,True,,0.19727389098600001,240,0.19727389098600001,240,0.19727389098600001,240,0.175473194631,240,0.175473194631,240,True,True,True,True,True,True,True
equity,ridge,0.29999999999999999,3,465,42030612,507,4178d7da1c2acb849a2371889fb9e7154849e194d434c1f03dfb3efeb0e037b0,9.9990001000000006e-05,0.00049995000499999996,True,True,,0.35287888462599998,240,0.35287888462599998,240,0.35287888462599998,240,0.29107038841600003,240,0.29107038841600003,240,True,True,True,True,True,True,True
equity,ridge,0.29999999999999999,3,466,42030613,508,08439d683fc4c3cd5b60149453e7f673172b785913def522a17d69b1e299bc87,0.001899810019,0.0094990500949999994,True,True,,0.29819050463899999,240,0.29819050463899999,240,0.29819050463899999,240,0.20194680563699999,240,0.20194680563699999,240,True,True,True,True,True,True,True
equity,ridge,0.29999999999999999,3,467,42030614,509,ead1e6013fecb4ce7addb30cbb9f419bb41ce9c440b13b646daf1090c4fcf13a,0.047295270473000001,0.236476352365,False,True,,0.314708823074,240,0.314708823074,240,0.314708823074,240,0.13105981036100001,240,0.13105981036100001,240,True,True,True,True,True,True,True
equity,ridge,0.29999999999999999,3,468,42030615,510,2030a908caa9732da885e91301fc8b7fc443aa759fe7419aa97017680262da62,0.037496250374999998,0.187481251875,False,True,,0.24294479672399999,240,0.24294479672399999,240,0.24294479672399999,240,0.13623195141200001,240,0.13623195141200001,240,True,True,True,True,True,True,True
equity,ridge,0.29999999999999999,3,469,42030616,511,0df660b12a867b4ae81431847093572fed9fd1cc90d8267ee571d63768a38074,0.00049995000499999996,0.0024997500250000001,True,True,,0.38168869359000002,240,0.38168869359000002,240,0.38168869359000002,240,0.22484097873200001,240,0.22484097873200001,240,True,True,True,True,True,True,True
equity,ridge,0.29999999999999999,3,470,42030617,512,fa70fbbece6eda8fde9a09f151fdd61c1b0265044799f9779ae2baace6eb8d20,0.00019998000200000001,0.00099990000999999992,True,True,,0.301377697369,240,0.301377697369,240,0.301377697369,240,0.23699074085300001,240,0.23699074085300001,240,True,True,True,True,True,True,True
equity,ridge,0.29999999999999999,3,471,42030618,513,a3461cb22ef8b45884e448f1e729a97b135e703852ac4ceadf83d6bef24566ba,0.015598440155999999,0.077992200780000007,False,True,,0.23636074826100001,240,0.23636074826100001,240,0.23636074826100001,240,0.15864280414900001,240,0.15864280414900001,240,True,True,True,True,True,True,True
equity,ridge,0.29999999999999999,3,472,42030619,514,0d706d038a313e955eab5f04a015f16c3a0e9769063bf068b561143ce0f080c5,0.01199880012,0.0599940006,False,True,,0.19861172681100001,240,0.19861172681100001,240,0.19861172681100001,240,0.15954882778599999,240,0.15954882778599999,240,True,True,True,True,True,True,True
equity,ridge,0.29999999999999999,3,473,42030620,515,7d34efb808361a7e494620d8b78881bfd4258172c31bf80cc4b646027ef1e54b,0.016698330167000001,0.083491650835,False,True,,0.255885025923,240,0.255885025923,240,0.255885025923,240,0.15303986896399999,240,0.15303986896399999,240,True,True,True,True,True,True,True
equity,ridge,0.29999999999999999,3,474,42030621,516,0f247e2d134f5077b3c4c9e9c89468a969a2511fdd410301df72aaf1ce8da171,0.00049995000499999996,0.0024997500250000001,True,True,,0.33321873456599999,240,0.33321873456599999,240,0.33321873456599999,240,0.23259974567700001,240,0.23259974567700001,240,True,True,True,True,True,True,True
equity,ridge,0.29999999999999999,3,475,42030622,517,78910cbc8f3d6bbe9166f607004f74c28c75d22b5aec63c4453fc1fa9d9875d0,0.00059994000599999995,0.00299970003,True,True,,0.37337368271100002,240,0.37337368271100002,240,0.37337368271100002,240,0.230036521198,240,0.230036521198,240,True,True,True,True,True,True,True
equity,ridge,0.29999999999999999,3,476,42030623,518,c6a95386246bdf2a5aa9e267bf3829e490e616ce6ea899cbee462ecf3243a349,0.0020997900210000002,0.010498950105,True,True,,0.29481242914700001,240,0.29481242914700001,240,0.29481242914700001,240,0.195835277788,240,0.195835277788,240,True,True,True,True,True,True,True
equity,ridge,0.29999999999999999,3,477,42030624,519,0958acc092a66f79829027865180422f563b5f672715a687c6f81b5fd18fc244,0.0065993400660000002,0.032996700330000003,True,True,,0.269427890487,240,0.269427890487,240,0.269427890487,240,0.17345764698899999,240,0.17345764698899999,240,True,True,True,True,True,True,True
equity,ridge,0.29999999999999999,3,478,42030625,520,331d1292e37504b03e202f0de5b51cab34fba0ef0cb7bacaaff16419e323fd0c,0.016198380161999999,0.080991900810000003,False,True,,0.26992039906800003,240,0.26992039906800003,240,0.26992039906800003,240,0.1564939232,240,0.1564939232,240,True,True,True,True,True,True,True
equity,ridge,0.29999999999999999,3,479,42030626,521,b8edfd2229847d6a0cdbc02a888875d345ad5e4e99340e9dc342f7701c18e3ee,0.033096690331000003,0.165483451655,False,True,,0.210096936353,240,0.210096936353,240,0.210096936353,240,0.13976397177700001,240,0.13976397177700001,240,True,True,True,True,True,True,True
equity,ridge,0.29999999999999999,3,480,42030627,522,012dbfa482e527a6e47772b16a4cace80cb1e80051eef02f62eee6acbb8e8ad6,0.026097390261000001,0.13048695130499999,False,True,,0.326553415786,240,0.326553415786,240,0.326553415786,240,0.14009991506800001,240,0.14009991506800001,240,True,True,True,True,True,True,True
equity,ridge,0.29999999999999999,3,481,42030628,523,b890a3b29f5ac4d5ea5c666cae357990fece76e64ad75e64230979d9523be6bf,0.010098990101,0.050494950504999997,False,True,,0.31747314529300003,240,0.31747314529300003,240,0.31747314529300003,240,0.166956068693,240,0.166956068693,240,True,True,True,True,True,True,True
equity,ridge,0.29999999999999999,3,482,42030629,524,576d22952b918808b9b05d8a548d0b26e8073f809f2cec1520ace8e48cf274d7,0.00049995000499999996,0.0024997500250000001,True,True,,0.33064777348000002,240,0.33064777348000002,240,0.33064777348000002,240,0.22925526908400001,240,0.22925526908400001,240,True,True,True,True,True,True,True
equity,ridge,0.29999999999999999,3,483,42030630,525,98436604768f1e5e23856bb4a467dc9bbdbd4adef48008ee3620af4c1cab0d8f,0.037096290370999999,0.18548145185500001,False,True,,0.30744926769300002,240,0.30744926769300002,240,0.30744926769300002,240,0.135974383817,240,0.135974383817,240,True,True,True,True,True,True,True
equity,ridge,0.29999999999999999,3,484,42030631,526,a5648e580f98aac121e9b749ac2cf06af26256e860ff49a00509cb08fb739ede,0.0053994600539999998,0.02699730027,True,True,,0.37115485486999999,240,0.37115485486999999,240,0.37115485486999999,240,0.180348699483,240,0.180348699483,240,True,True,True,True,True,True,True
equity,ridge,0.29999999999999999,3,485,42030632,527,b7fd90f870679add2499db1d1bad1bcca8e27ab5ada6f540526f05b46ffbc618,0.00029997000299999998,0.001499850015,True,True,,0.38750071369599998,240,0.38750071369599998,240,0.38750071369599998,240,0.25818937058399999,240,0.25818937058399999,240,True,True,True,True,True,True,True
equity,ridge,0.29999999999999999,3,486,42030633,528,1b82789de6aad4fe5e60934aa787e13353cca130a0b81e4f5e71e785c5b787ef,0.010698930107,0.053494650535,False,True,,0.30804288225199999,240,0.30804288225199999,240,0.30804288225199999,240,0.166729234315,240,0.166729234315,240,True,True,True,True,True,True,True
equity,ridge,0.29999999999999999,3,487,42030634,529,1cc2227c98b31878f6fc18c149d274e24afd6b3167f3cb55d244e1d3935d38c1,0.025797420258000001,0.12898710128999999,False,True,,0.22924922459399999,240,0.22924922459399999,240,0.22924922459399999,240,0.14615611511900001,240,0.14615611511900001,240,True,True,True,True,True,True,True
equity,ridge,0.29999999999999999,3,488,42030635,530,f2fd9bbb7e987d23a49e516d1deab87bc1348c8a3855952186af6aea4c69d52a,9.9990001000000006e-05,0.00049995000499999996,True,True,,0.41094298858,240,0.41094298858,240,0.41094298858,240,0.26401123190999998,240,0.26401123190999998,240,True,True,True,True,True,True,True
equity,ridge,0.29999999999999999,3,489,42030636,531,46e3be04df6bda1dabb396ad3e86d1e49f6053ad3a34604fb8a6b538571956f1,0.015798420157999999,0.078992100790000006,False,True,,0.23889065518899999,240,0.23889065518899999,240,0.23889065518899999,240,0.15431361244,240,0.15431361244,240,True,True,True,True,True,True,True
equity,ridge,0.29999999999999999,3,490,42030637,532,d56ef03bbf041b1436448abe5d262d7f7286590852385a03ce271827f6da771b,0.0041995800420000003,0.02099790021,True,True,,0.25704998286399999,240,0.25704998286399999,240,0.25704998286399999,240,0.18354471940799999,240,0.18354471940799999,240,True,True,True,True,True,True,True
equity,ridge,0.29999999999999999,3,491,42030638,533,7182fea3c71ddf5a28f91a6f8f6b2791e5335be54fc09ca05f0474e5be1ef0d1,0.014598540146,0.072992700729999999,False,True,,0.228632042486,240,0.228632042486,240,0.228632042486,240,0.15872854186999999,240,0.15872854186999999,240,True,True,True,True,True,True,True
equity,ridge,0.29999999999999999,3,492,42030639,534,d50b6e603d1afe855f75ebe6a0b85dd1935a24145e3a92223fa1fa003c58f484,0.0017998200180000001,0.00899910009,True,True,,0.41863909592600002,240,0.41863909592600002,240,0.41863909592600002,240,0.19872688644200001,240,0.19872688644200001,240,True,True,True,True,True,True,True
equity,ridge,0.29999999999999999,3,493,42030640,535,c4dda35d602f57cda06662815674eb89be6825d34e1b21262496e7ec08e9236c,0.0024997500250000001,0.012498750124999999,True,True,,0.36223120736499997,240,0.36223120736499997,240,0.36223120736499997,240,0.198289196265,240,0.198289196265,240,True,True,True,True,True,True,True
equity,ridge,0.29999999999999999,3,494,42030641,536,40392e13426ceb17307d148b83c18665d16d3e7958958b438ca4a4f45e90d927,0.00059994000599999995,0.00299970003,True,True,,0.31298853017,240,0.31298853017,240,0.31298853017,240,0.220535322152,240,0.220535322152,240,True,True,True,True,True,True,True
equity,ridge,0.29999999999999999,3,495,42030642,537,85639841f451ad0f0b173d0b758068e3c629a11cacfe0de29443fc0d196faf33,0.0024997500250000001,0.012498750124999999,True,True,,0.248611002744,240,0.248611002744,240,0.248611002744,240,0.19732885299399999,240,0.19732885299399999,240,True,True,True,True,True,True,True
equity,ridge,0.29999999999999999,3,496,42030643,538,636d1ce855a98286c7bb804cfcb4f683c5c940097fab7037f6360553ff4f0b28,0.016898310169000001,0.084491550844999999,False,True,,0.248453499444,240,0.248453499444,240,0.248453499444,240,0.15652450383800001,240,0.15652450383800001,240,True,True,True,True,True,True,True
equity,ridge,0.29999999999999999,3,497,42030644,539,ab6992260428de1e3040b470f2b9f25a74c5767356b361fbdbe7d8f13c0cd5e2,0.00019998000200000001,0.00099990000999999992,True,True,,0.33088247194999998,240,0.33088247194999998,240,0.33088247194999998,240,0.249766766334,240,0.249766766334,240,True,True,True,True,True,True,True
equity,ridge,0.29999999999999999,3,498,42030645,540,fbc4025127d2656771ce99b35555cc60388f895bf34e2c18a60caee21e1907dc,0.00059994000599999995,0.00299970003,True,True,,0.35015836346200002,240,0.35015836346200002,240,0.35015836346200002,240,0.22750463531000001,240,0.22750463531000001,240,True,True,True,True,True,True,True
equity,ridge,0.29999999999999999,3,499,42030646,541,e471c715ea4821f817fc0bbe848b6f624f7f83a58338c6d88b9b465dde76c770,0.020597940206,0.10298970103000001,False,True,,0.28917094024500001,240,0.28917094024500001,240,0.28917094024500001,240,0.149312355378,240,0.149312355378,240,True,True,True,True,True,True,True
equity,ridge,0.29999999999999999,3,500,42030647,542,3980939a80fc44e30eb2f7843e4611c67a0e63af4e64cfd145082970511dc9a2,0.001099890011,0.0054994500549999997,True,True,,0.35443177000100001,240,0.35443177000100001,240,0.35443177000100001,240,0.217120059019,240,0.217120059019,240,True,True,True,True,True,True,True
equity,ridge,0.29999999999999999,3,501,42030648,543,41304a72c5d03b7b46d49943194f7d6a313108a7020ac472f75ea8e6f1c16c12,0.013898610138999999,0.069493050695000003,False,True,,0.281968087895,240,0.281968087895,240,0.281968087895,240,0.16027541828899999,240,0.16027541828899999,240,True,True,True,True,True,True,True
equity,ridge,0.29999999999999999,3,502,42030649,544,943b5a8a0cb4bbe053d00843235127258d7cde70da103263e7ce86938b98a0cf,0.00099990000999999992,0.0049995000500000003,True,True,,0.30887013070199998,240,0.30887013070199998,240,0.30887013070199998,240,0.220105218199,240,0.220105218199,240,True,True,True,True,True,True,True
equity,ridge,0.29999999999999999,3,503,42030650,545,e869a03b3a0614f1b9612429efbda7355bf879537510dc835c988171cf3bbfce,0.00069993000699999995,0.0034996500349999998,True,True,,0.31905180595400001,240,0.31905180595400001,240,0.31905180595400001,240,0.22082397739699999,240,0.22082397739699999,240,True,True,True,True,True,True,True
equity,ridge,0.29999999999999999,3,504,42030651,546,2b75c3f70012b164866f972d74bbd630690957ce3ce8d618e78d94fcd4ff9dfa,0.0054994500549999997,0.027497250274999999,True,True,,0.241952180515,240,0.241952180515,240,0.241952180515,240,0.183731906916,240,0.183731906916,240,True,True,True,True,True,True,True
equity,ridge,0.29999999999999999,3,505,42030652,547,68e9c30ac414328626e5d8ea83315d0d695a69f08215071dde953ec2cbb65249,9.9990001000000006e-05,0.00049995000499999996,True,True,,0.38280521419800001,240,0.38280521419800001,240,0.38280521419800001,240,0.27651338536100001,240,0.27651338536100001,240,True,True,True,True,True,True,True
equity,ridge,0.29999999999999999,3,506,42030653,548,c8494f582b780dd9aecb924badadeab2478ef9aca5e081cdb475fef44882684e,9.9990001000000006e-05,0.00049995000499999996,True,True,,0.35586322632200001,240,0.35586322632200001,240,0.35586322632200001,240,0.30043127440400003,240,0.30043127440400003,240,True,True,True,True,True,True,True
equity,ridge,0.29999999999999999,3,507,42030654,549,dfd1cd0cfef852b2662693d60548f9645c6c62ffb27741c7189da5a4c7379654,0.0028997100290000001,0.014498550145000001,True,True,,0.34613478461500002,240,0.34613478461500002,240,0.34613478461500002,240,0.19350714229499999,240,0.19350714229499999,240,True,True,True,True,True,True,True
equity,ridge,0.29999999999999999,3,508,42030655,550,f9f6faa06402aa91d28ba60abe5a56b956fdb5e251cff94727e30de59dfa5b4c,0.01799820018,0.089991000900000007,False,True,,0.33783654397099999,240,0.33783654397099999,240,0.33783654397099999,240,0.153195834009,240,0.153195834009,240,True,True,True,True,True,True,True
equity,ridge,0.29999999999999999,3,509,42030656,551,99baa8280bc73e4dc37c39777b3a551ce2a7c7d68f5b498ca385bf08ce240608,0.01499850015,0.074992500749999996,False,True,,0.26759886489899998,240,0.26759886489899998,240,0.26759886489899998,240,0.158353131949,240,0.158353131949,240,True,True,True,True,True,True,True
equity,ridge,0.29999999999999999,3,510,42030657,552,4b69b7ef3a6b8ce9b80d4186751d97365ca50f4aeb565de5f8704d015ac87ea0,0.078492150785000006,0.39246075392500002,False,False,,0.19786123044500001,240,0.19786123044500001,240,0.19786123044500001,240,0.11358013573,240,0.11358013573,240,True,True,True,True,True,True,True
equity,ridge,0.29999999999999999,3,511,42030658,553,e9eed075f3238323ba776a4aa22ffe51989ca2776880f920eff0c1ecf32ecdd4,0.010098990101,0.050494950504999997,False,True,,0.32384970826699999,240,0.32384970826699999,240,0.32384970826699999,240,0.167776258628,240,0.167776258628,240,True,True,True,True,True,True,True
equity,ridge,0.29999999999999999,3,512,42030659,554,cda2f84e9542519d0dbc1999f75464837edd8418f9bec84477ffe20117fbb569,0.13108689131099999,0.65543445655499999,False,False,,0.25329974430699997,240,0.25329974430699997,240,0.25329974430699997,240,0.098734014011000001,240,0.098734014011000001,240,True,True,True,True,True,True,True
equity,ridge,0.29999999999999999,3,513,42030660,555,f2c427533c4b5b9ef19cefc8257784a3b58ab4229d38094b7a2814396a6d594b,0.0087991200880000002,0.043995600439999998,True,True,,0.232271403632,240,0.232271403632,240,0.232271403632,240,0.173933789773,240,0.173933789773,240,True,True,True,True,True,True,True
equity,ridge,0.29999999999999999,3,514,42030661,556,3f2856e3f7ef4ffb835a89a51ea82e18b8132f4067ef44b27eb1bddec8810f22,0.012198780122,0.060993900609999999,False,True,,0.24436858934,240,0.24436858934,240,0.24436858934,240,0.16417457491699999,240,0.16417457491699999,240,True,True,True,True,True,True,True
equity,ridge,0.29999999999999999,3,515,42030662,557,5536df4624e762903d4459dfa87eeb784d037eaec2b95f6b9b2c2751caf62eea,0.026297370263000001,0.13148685131499999,False,True,,0.31516062863200001,240,0.31516062863200001,240,0.31516062863200001,240,0.144194332658,240,0.144194332658,240,True,True,True,True,True,True,True
equity,ridge,0.29999999999999999,3,516,42030663,558,18229dc3072cb76ccbcd48ac99f6db1ae014b0549d902719dd9029349b2102df,0.0056994300570000003,0.028497150285000002,True,True,,0.28222625463599998,240,0.28222625463599998,240,0.28222625463599998,240,0.17927810230899999,240,0.17927810230899999,240,True,True,True,True,True,True,True
equity,ridge,0.29999999999999999,3,517,42030664,559,3992897bcd145a83303b4f244ff69850eed62a7c56be6d6204620dab388a202c,0.016798320168000001,0.08399160084,False,True,,0.28156131465399997,240,0.28156131465399997,240,0.28156131465399997,240,0.15411011115600001,240,0.15411011115600001,240,True,True,True,True,True,True,True
equity,ridge,0.29999999999999999,3,518,42030665,560,65b1d02e7e7c03c8fb3c33e4eb8dc70a1872cfa5bd6e1a5f8f7d721a9949a7a7,0.072592740725999999,0.36296370363000002,False,False,,0.29788531691300002,240,0.29788531691300002,240,0.29788531691300002,240,0.117049344465,240,0.117049344465,240,True,True,True,True,True,True,True
equity,ridge,0.29999999999999999,3,519,42030666,561,45fc185e9cb109380545e6268116365e8fc5627227604062470fec22f414599d,0.056294370562999997,0.28147185281499998,False,False,,0.25615840412899998,240,0.25615840412899998,240,0.25615840412899998,240,0.12271429889,240,0.12271429889,240,True,True,True,True,True,True,True
equity,ridge,0.29999999999999999,3,520,42030667,562,c4adf22fb2613e8b1a008725b2f50465d9ce4adb550284149b895bab4751dcbb,0.0027997200279999998,0.013998600139999999,True,True,,0.352658612925,240,0.352658612925,240,0.352658612925,240,0.191381271878,240,0.191381271878,240,True,True,True,True,True,True,True
equity,ridge,0.29999999999999999,3,521,42030668,563,ebd69d2d3358945c4432b9f53c4328cd636b4a75944f7eb0b014a27ee7b36465,0.0073992600740000001,0.036996300369999999,True,True,,0.38771183765599998,240,0.38771183765599998,240,0.38771183765599998,240,0.17155062541499999,240,0.17155062541499999,240,True,True,True,True,True,True,True
equity,ridge,0.29999999999999999,3,522,42030669,564,1bb7e0b7408525202e8c77e5a4e00c39e5bd3dbf301548d9b946f3274ac010fe,0.015598440155999999,0.077992200780000007,False,True,,0.34789259816099999,240,0.34789259816099999,240,0.34789259816099999,240,0.15819670202,240,0.15819670202,240,True,True,True,True,True,True,True
equity,ridge,0.29999999999999999,3,523,42030670,565,8d9181c449f84bf0064c6fa13fdef5f36c6072a618ac8138fb962c3d1abdf61d,0.001499850015,0.007499250075,True,True,,0.34593894172400003,240,0.34593894172400003,240,0.34593894172400003,240,0.195843043153,240,0.195843043153,240,True,True,True,True,True,True,True
equity,ridge,0.29999999999999999,3,524,42030671,566,7a52429272276e9132e545755c6a8a22604dd739bd1a3483978b35c1a5c53e88,0.0054994500549999997,0.027497250274999999,True,True,,0.31698038210700002,240,0.31698038210700002,240,0.31698038210700002,240,0.17804350858099999,240,0.17804350858099999,240,True,True,True,True,True,True,True
equity,ridge,0.29999999999999999,3,525,42030672,567,a30c27b4ba74a0f0761058591f5c038db29670e214b8841ec56cd978cfd29269,0.00089991000900000004,0.004499550045,True,True,,0.35601837791300001,240,0.35601837791300001,240,0.35601837791300001,240,0.213104374304,240,0.213104374304,240,True,True,True,True,True,True,True
equity,ridge,0.29999999999999999,3,526,42030673,568,a563362e2d9a08f3f1fc51fdc27833862556de778139ce414b28ee780474d0e0,9.9990001000000006e-05,0.00049995000499999996,True,True,,0.30699501774299998,240,0.30699501774299998,240,0.30699501774299998,240,0.23234960678200001,240,0.23234960678200001,240,True,True,True,True,True,True,True
equity,ridge,0.29999999999999999,3,527,42030674,569,cceec825d19fab5f8dd99a3709915006d98ba9c8d57dd73c5715ec7ed87da3e7,0.0027997200279999998,0.013998600139999999,True,True,,0.30491016924499997,240,0.30491016924499997,240,0.30491016924499997,240,0.19656271435,240,0.19656271435,240,True,True,True,True,True,True,True
equity,ridge,0.29999999999999999,3,528,42030675,570,8cdc358455a6ec34c929e19cdf970fe6b6ddeff8f086c679d0d0a0ddcae35ee5,0.0020997900210000002,0.010498950105,True,True,,0.37088036134699998,240,0.37088036134699998,240,0.37088036134699998,240,0.202008290939,240,0.202008290939,240,True,True,True,True,True,True,True
equity,ridge,0.29999999999999999,3,529,42030676,571,0a3d76c47b0970fccac791dccd0538858ff4912273f7c0441dcd2d8583500ecf,0.00299970003,0.01499850015,True,True,,0.290313334137,240,0.290313334137,240,0.290313334137,240,0.19142080225200001,240,0.19142080225200001,240,True,True,True,True,True,True,True
equity,ridge,0.29999999999999999,3,530,42030677,572,5df3feb7be1c253ba75fc4fbac94a17c43fb915fd6d576892b3a26c76d49fffd,0.0049995000500000003,0.024997500249999999,True,True,,0.37413205562500002,240,0.37413205562500002,240,0.37413205562500002,240,0.186545077048,240,0.186545077048,240,True,True,True,True,True,True,True
equity,ridge,0.29999999999999999,3,531,42030678,573,06c8df5436e453b14289ca78001cfe54231f0215c1a1fb7f8b8bc644a7a7c4a0,0.014598540146,0.072992700729999999,False,True,,0.22945190656299999,240,0.22945190656299999,240,0.22945190656299999,240,0.15768912374800001,240,0.15768912374800001,240,True,True,True,True,True,True,True
equity,ridge,0.29999999999999999,3,532,42030679,574,0e0ddc590d715bc1b8cdf68745b0df6cab5a8429098cb738fef27be3325d9b11,0.024097590241,0.120487951205,False,True,,0.17709930892199999,240,0.17709930892199999,240,0.17709930892199999,240,0.145382229428,240,0.145382229428,240,True,True,True,True,True,True,True
equity,ridge,0.29999999999999999,3,533,42030680,575,0d18930363071c13f49a2be7f14ce29156b811963bbb69edecf750db5745d378,0.0084991500850000005,0.042495750424999999,True,True,,0.25737059837699999,240,0.25737059837699999,240,0.25737059837699999,240,0.169065778646,240,0.169065778646,240,True,True,True,True,True,True,True
equity,ridge,0.29999999999999999,3,534,42030681,576,7a297f312e669d588798bcfc69152b697f8d6e295fb8e83692d96e50305e1174,0.0011998800119999999,0.00599940006,True,True,,0.40634043423499999,240,0.40634043423499999,240,0.40634043423499999,240,0.21554209604899999,240,0.21554209604899999,240,True,True,True,True,True,True,True
equity,ridge,0.29999999999999999,3,535,42030682,577,7140b6f93b4736f694976d3de025d40077da0452394e35ff169857ce655d0294,0.036696330366999999,0.18348165183500001,False,True,,0.207323538561,240,0.207323538561,240,0.207323538561,240,0.13574022313199999,240,0.13574022313199999,240,True,True,True,True,True,True,True
equity,ridge,0.29999999999999999,3,536,42030683,578,ea1182f21e875b82c84e23b7f29d365bdab8dbc6dbc8ffc551d2b21a3cda4f10,0.00089991000900000004,0.004499550045,True,True,,0.37662426863300003,240,0.37662426863300003,240,0.37662426863300003,240,0.21398688772300001,240,0.21398688772300001,240,True,True,True,True,True,True,True
equity,ridge,0.29999999999999999,3,537,42030684,579,1f5a2ec27f57f704675e473e3c0614673fd4dd4cdce802a2fbb2eae09ce6f489,0.017398260174000001,0.086991300869999996,False,True,,0.28382812200399998,240,0.28382812200399998,240,0.28382812200399998,240,0.15221925828899999,240,0.15221925828899999,240,True,True,True,True,True,True,True
equity,ridge,0.29999999999999999,3,538,42030685,580,11ccb45671a06b28a396119dc9a5fe2acec300c5ee4a98049552cf24b5036456,0.00019998000200000001,0.00099990000999999992,True,True,,0.33253119544999998,240,0.33253119544999998,240,0.33253119544999998,240,0.25666622290300001,240,0.25666622290300001,240,True,True,True,True,True,True,True
equity,ridge,0.29999999999999999,3,539,42030686,581,58622da6b8385288098ba2ff5ca8d0fced624df9abf13f3f494979d32bcb60cf,0.00059994000599999995,0.00299970003,True,True,,0.33517240785500002,240,0.33517240785500002,240,0.33517240785500002,240,0.220378663079,240,0.220378663079,240,True,True,True,True,True,True,True
equity,ridge,0.29999999999999999,3,540,42030687,582,bddd37d04385c9172b4b5f08033b2492779541da8e8c668758c82fd4472963ac,0.00899910009,0.044995500450000003,True,True,,0.31291019678699999,240,0.31291019678699999,240,0.31291019678699999,240,0.16861235955100001,240,0.16861235955100001,240,True,True,True,True,True,True,True
equity,ridge,0.29999999999999999,3,541,42030688,583,c5118494469382fbc21edaa1699ed1ac13d930ba0c7681c8ce56ee8f5ca6cd9e,0.075692430756999995,0.37846215378499998,False,False,,0.22754509233699999,240,0.22754509233699999,240,0.22754509233699999,240,0.11647134709,240,0.11647134709,240,True,True,True,True,True,True,True
equity,ridge,0.29999999999999999,3,542,42030689,584,d9770688b66d54783ba0cc278cc677caf9241ae97d078786cdc85021b4806381,0.00079992000800000005,0.0039996000399999997,True,True,,0.37258551458900002,240,0.37258551458900002,240,0.37258551458900002,240,0.20920494621999999,240,0.20920494621999999,240,True,True,True,True,True,True,True
equity,ridge,0.29999999999999999,3,543,42030690,585,efee39a0b42f7dd2eddf91e6c6816d7d67cbf4724a271543e2b398c65556d4d8,0.055294470552999998,0.27647235276499998,False,False,,0.23268576309799999,240,0.23268576309799999,240,0.23268576309799999,240,0.12438636427499999,240,0.12438636427499999,240,True,True,True,True,True,True,True
equity,ridge,0.29999999999999999,3,544,42030691,586,26c3b33e773615878324436ceb3305762594418f8ea5ce48e8b1d5ae966750d1,0.0039996000399999997,0.019998000200000001,True,True,,0.359026881726,240,0.359026881726,240,0.359026881726,240,0.18869375358000001,240,0.18869375358000001,240,True,True,True,True,True,True,True
equity,ridge,0.29999999999999999,3,545,42030692,587,684a039bbd5b58a952ec1acb321f4a49aa6d68bbbeb43be46a730cacedd05c55,0.043295670432999998,0.216478352165,False,True,,0.32181915028000002,240,0.32181915028000002,240,0.32181915028000002,240,0.131802088752,240,0.131802088752,240,True,True,True,True,True,True,True
equity,ridge,0.29999999999999999,3,546,42030693,588,e815e29ed7a8397d074513da906103c8404f73adc53a894e32743da1ac633ec2,0.00099990000999999992,0.0049995000500000003,True,True,,0.32202078781799998,240,0.32202078781799998,240,0.32202078781799998,240,0.20911931583599999,240,0.20911931583599999,240,True,True,True,True,True,True,True
equity,ridge,0.29999999999999999,3,547,42030694,589,cfae0fc50b7648152eb6ac368dd4bd797e773d4a83542b30cb5102f278d52ed6,0.119588041196,0.59794020597999997,False,False,,0.28504654537700003,240,0.28504654537700003,240,0.28504654537700003,240,0.100468560406,240,0.100468560406,240,True,True,True,True,True,True,True
equity,ridge,0.29999999999999999,3,548,42030695,590,da550b4fad18c7943ce3d85a5a2a06461af24f08d0339a3f51e595c9f1e5c8b4,0.085991400859999997,0.4299570043,False,False,,0.30203320166800002,240,0.30203320166800002,240,0.30203320166800002,240,0.111587558506,240,0.111587558506,240,True,True,True,True,True,True,True
equity,ridge,0.29999999999999999,3,549,42030696,591,af20fe9bdb99bca26fbc960b14ad75dca0c7256e27ece26567458283c344b840,0.12728727127299999,0.63643635636499996,False,False,,0.29348568833499999,240,0.29348568833499999,240,0.29348568833499999,240,0.102164216419,240,0.102164216419,240,True,True,True,True,True,True,True
equity,ridge,0.29999999999999999,3,550,42030697,592,6830d6455763855a26d9014501cad9b291a7dd832bb7c765043e5278b8c33850,0.066293370663000006,0.33146685331499998,False,False,,0.383922327176,240,0.383922327176,240,0.383922327176,240,0.118768120546,240,0.118768120546,240,True,True,True,True,True,True,True
equity,ridge,0.29999999999999999,3,551,42030698,593,ab058cf68121e81c49431089f6fee49a742d2f2e674427f0ee66d783327ccc68,0.0026997300269999999,0.013498650135,True,True,,0.38139069149799998,240,0.38139069149799998,240,0.38139069149799998,240,0.198007832159,240,0.198007832159,240,True,True,True,True,True,True,True
equity,ridge,0.29999999999999999,3,552,42030699,594,1554a6a33dff6fe7933f6ac04a4e2e95a653468718109ce4c9be1a6ffbc25cbf,0.020297970203000001,0.10148985101499999,False,True,,0.21047178687500001,240,0.21047178687500001,240,0.21047178687500001,240,0.150648639577,240,0.150648639577,240,True,True,True,True,True,True,True
equity,ridge,0.29999999999999999,3,553,42030700,595,abaac04b423988650f4ec636740ed111f51e4ca0f068d8b1f153039c771fb2cc,0.016398360163999998,0.081991800820000002,False,True,,0.26488754001699999,240,0.26488754001699999,240,0.26488754001699999,240,0.15328964408599999,240,0.15328964408599999,240,True,True,True,True,True,True,True
equity,ridge,0.29999999999999999,3,554,42030701,596,c0a3ac4af9bb1e8a3842c32bd3b3561e367c5b0738789f10cb140688a690a93a,0.061593840615999998,0.30796920307999998,False,False,,0.174614046542,240,0.174614046542,240,0.174614046542,240,0.120925082643,240,0.120925082643,240,True,True,True,True,True,True,True
equity,ridge,0.29999999999999999,3,555,42030702,597,3ba76951e2a272feb5bd150ab362e5426d025bc22b18a4d12fdb48ed400a6e69,0.0067993200679999999,0.033996600340000002,True,True,,0.29535360833300001,240,0.29535360833300001,240,0.29535360833300001,240,0.17437131271699999,240,0.17437131271699999,240,True,True,True,True,True,True,True
equity,ridge,0.29999999999999999,3,556,42030703,598,6d552c5635d91a4204eba9d7d8c746df84383f5bd01ed6acf54789a2905661c9,0.0041995800420000003,0.02099790021,True,True,,0.35247181410200001,240,0.35247181410200001,240,0.35247181410200001,240,0.192772852735,240,0.192772852735,240,True,True,True,True,True,True,True
equity,ridge,0.29999999999999999,3,557,42030704,599,a57571a528eab1ef3b5c0e54c1a660c37a26aba18b924e8c53b25b89fcf06aec,0.024797520247999999,0.12398760123999999,False,True,,0.23837554619199999,240,0.23837554619199999,240,0.23837554619199999,240,0.14546043880500001,240,0.14546043880500001,240,True,True,True,True,True,True,True
equity,ridge,0.29999999999999999,3,558,42030705,600,a87d2816ce965767c8d13f89db50bbb83a7eae3628cec3493d631793b4ef1f79,0.00039996000400000002,0.0019998000199999998,True,True,,0.39640904331499999,240,0.39640904331499999,240,0.39640904331499999,240,0.23305260500700001,240,0.23305260500700001,240,True,True,True,True,True,True,True
equity,ridge,0.29999999999999999,3,559,42030706,601,e2e7212a505760cacdd8fa131e515350f3c4d2ce96fe3b5e0dc65dc5668e7eb7,0.0096990300969999992,0.048495150484999999,True,True,,0.30262869407699999,240,0.30262869407699999,240,0.30262869407699999,240,0.17174614226500001,240,0.17174614226500001,240,True,True,True,True,True,True,True
equity,ridge,0.29999999999999999,3,560,42030707,602,e5d5defd612761f99623c015892dce9fed1e96e363da2d70165501c63a6a264c,0.005199480052,0.025997400260000001,True,True,,0.234937776609,240,0.234937776609,240,0.234937776609,240,0.18366978198700001,240,0.18366978198700001,240,True,True,True,True,True,True,True
equity,ridge,0.29999999999999999,3,561,42030708,603,b783b80853f625ad11272730d21aa46e5a3b1b174c5415774476103364a5aeb1,0.001499850015,0.007499250075,True,True,,0.37348295959099997,240,0.37348295959099997,240,0.37348295959099997,240,0.20222763562099999,240,0.20222763562099999,240,True,True,True,True,True,True,True
equity,ridge,0.29999999999999999,3,562,42030709,604,2e267849fe150636797bb03d0cb850777c381b862cfb17b2c5534b8e508a2d3c,0.003699630037,0.018498150184999999,True,True,,0.25205737477399998,240,0.25205737477399998,240,0.25205737477399998,240,0.182044740334,240,0.182044740334,240,True,True,True,True,True,True,True
equity,ridge,0.29999999999999999,3,563,42030710,605,e19bb10c76079b90666421aa84895d12ff5e581cc5e31cf870cfbba6f735ffee,0.025997400260000001,0.12998700129999999,False,True,,0.231819071829,240,0.231819071829,240,0.231819071829,240,0.14360058768200001,240,0.14360058768200001,240,True,True,True,True,True,True,True
equity,ridge,0.29999999999999999,3,564,42030711,606,b2c66b4cbf35518ab7dfa22632896bf9c5f0a0ed2eb5e885968437e6af4c8004,0.001899810019,0.0094990500949999994,True,True,,0.28759364364500001,240,0.28759364364500001,240,0.28759364364500001,240,0.20873657136400001,240,0.20873657136400001,240,True,True,True,True,True,True,True
equity,ridge,0.29999999999999999,3,565,42030712,607,4c0a45a518265875329f6a0d4ded35649ef983ac420e097e7c32031b0ebaea1c,0.00019998000200000001,0.00099990000999999992,True,True,,0.29414940053400002,240,0.29414940053400002,240,0.29414940053400002,240,0.236952437712,240,0.236952437712,240,True,True,True,True,True,True,True
equity,ridge,0.29999999999999999,3,566,42030713,608,79b7e04d6ef73b94ffd56d3587ac11e3d3d7f04b6f2b0cd983f0ca6b49960fb2,0.0046995300469999998,0.023497650235,True,True,,0.27905271002199999,240,0.27905271002199999,240,0.27905271002199999,240,0.18159108275300001,240,0.18159108275300001,240,True,True,True,True,True,True,True
equity,ridge,0.29999999999999999,3,567,42030714,609,eb166ad9398c55d5f65e4f941bed61ea1aa169d1394c9f5b0794566f31480332,0.018298170183,0.091490850915000005,False,True,,0.37169463629299998,240,0.37169463629299998,240,0.37169463629299998,240,0.15450875068,240,0.15450875068,240,True,True,True,True,True,True,True
equity,ridge,0.29999999999999999,3,568,42030715,610,5c61f76f648d35f3e30fb5e1eaf4e6a2a44fb71bdce3c19205fe7d900a1f0a06,0.0055994400559999996,0.027997200279999999,True,True,,0.27981067446899999,240,0.27981067446899999,240,0.27981067446899999,240,0.17794963512699999,240,0.17794963512699999,240,True,True,True,True,True,True,True
equity,ridge,0.29999999999999999,3,569,42030716,611,b11b85156915e367d3a994c1b32fca825ae03071e60607533cd9b3879f0349e5,0.036196380362,0.18098190181000001,False,True,,0.25672151992699999,240,0.25672151992699999,240,0.25672151992699999,240,0.13951385706,240,0.13951385706,240,True,True,True,True,True,True,True
equity,ridge,0.29999999999999999,3,570,42030717,612,9ddb255a570d302302666aff02bed2a5bcb5e36cd9a33938fe7d7c57161fba4d,0.00089991000900000004,0.004499550045,True,True,,0.31966171120999998,240,0.31966171120999998,240,0.31966171120999998,240,0.214619990161,240,0.214619990161,240,True,True,True,True,True,True,True
equity,ridge,0.29999999999999999,3,571,42030718,613,ea0770476f047a7323af02344843955759772e7ae802ba2fc987a100244cc65e,0.037596240375999998,0.18798120188,False,True,,0.21991156234799999,240,0.21991156234799999,240,0.21991156234799999,240,0.13328689207899999,240,0.13328689207899999,240,True,True,True,True,True,True,True
equity,ridge,0.29999999999999999,3,572,42030719,614,eaf63614dc073c073812db73082d757a03deedf0d3bf29d7b9a907220f81f8d9,0.029597040296,0.14798520147999999,False,True,,0.21358295708399999,240,0.21358295708399999,240,0.21358295708399999,240,0.14232734370799999,240,0.14232734370799999,240,True,True,True,True,True,True,True
equity,ridge,0.29999999999999999,3,573,42030720,615,a960a999747ca84dea12a5a2f619bdc95a07b648e60c130cf2875bcfbd9ae917,0.00019998000200000001,0.00099990000999999992,True,True,,0.33675832283899998,240,0.33675832283899998,240,0.33675832283899998,240,0.24847729522199999,240,0.24847729522199999,240,True,True,True,True,True,True,True
equity,ridge,0.29999999999999999,3,574,42030721,616,0887e5a0e2854fe9dc14d7a45a10f5be1b3c65ba368fe423070ff31693221678,0.010998900109999999,0.054994500549999999,False,True,,0.23643703143200001,240,0.23643703143200001,240,0.23643703143200001,240,0.16286151995299999,240,0.16286151995299999,240,True,True,True,True,True,True,True
equity,ridge,0.29999999999999999,3,575,42030722,617,f9f96959f2b07d330de62680e0f51b488e2dded47a17acd28a1a3e8313b64296,0.011298870113000001,0.056494350564999997,False,True,,0.187444298057,240,0.187444298057,240,0.187444298057,240,0.16125998228999999,240,0.16125998228999999,240,True,True,True,True,True,True,True
equity,ridge,0.29999999999999999,3,576,42030723,618,ca8bee5b09f88e6250635cdb3e83d14c7d3d5fd5087d65790419b6b55a6de118,0.014898510149,0.074492550744999997,False,True,,0.35130844761800001,240,0.35130844761800001,240,0.35130844761800001,240,0.15557896283200001,240,0.15557896283200001,240,True,True,True,True,True,True,True
equity,ridge,0.29999999999999999,3,577,42030724,619,2a99b88f38e7877fc7a160fde790148a3db6b019792471c293dca79871af1156,0.023897610239,0.119488051195,False,True,,0.217246999631,240,0.217246999631,240,0.217246999631,240,0.15114115017300001,240,0.15114115017300001,240,True,True,True,True,True,True,True
equity,ridge,0.29999999999999999,3,578,42030725,620,45ee8f8315618d6aa7657764b5ff5da616c38bdce5b87c72611fcc3ddfb40346,0.0038996100389999998,0.019498050195000002,True,True,,0.29988489623600001,240,0.29988489623600001,240,0.29988489623600001,240,0.19106150205700001,240,0.19106150205700001,240,True,True,True,True,True,True,True
equity,ridge,0.29999999999999999,3,579,42030726,621,8a89ad08fad8eb0767f4e34030e0c26754cd655991a4cc64840f7bdfcf8475b8,0.0011998800119999999,0.00599940006,True,True,,0.417700492177,240,0.417700492177,240,0.417700492177,240,0.21077519859300001,240,0.21077519859300001,240,True,True,True,True,True,True,True
equity,ridge,0.29999999999999999,3,580,42030727,622,77621d7b11906946e09eaf79f212b0e5933aa409dfa051ffab7797596ceb6511,9.9990001000000006e-05,0.00049995000499999996,True,True,,0.36521621634599999,240,0.36521621634599999,240,0.36521621634599999,240,0.31664444596000002,240,0.31664444596000002,240,True,True,True,True,True,True,True
equity,ridge,0.29999999999999999,3,581,42030728,623,6fd51ede20c8d335f486caf16a663752bcf8b96a28289b98f75b288745f4ce6e,0.064993500649999994,0.32496750325000001,False,False,,0.33702311215199998,240,0.33702311215199998,240,0.33702311215199998,240,0.11935431996,240,0.11935431996,240,True,True,True,True,True,True,True
equity,ridge,0.29999999999999999,3,582,42030729,624,7fc6f67b1cb6ef76b3c0a3827137ba816a1f3bc9b3975c8291258589405b63c7,0.037296270372999998,0.18648135186500001,False,True,,0.240445827064,240,0.240445827064,240,0.240445827064,240,0.13554478925800001,240,0.13554478925800001,240,True,True,True,True,True,True,True
equity,ridge,0.29999999999999999,3,583,42030730,625,c45417a928a1f45ed4a692a8cf87e2d50ca3a8d2e33eebded90af0c38a6c2af8,9.9990001000000006e-05,0.00049995000499999996,True,True,,0.37242851555399997,240,0.37242851555399997,240,0.37242851555399997,240,0.29493010607100001,240,0.29493010607100001,240,True,True,True,True,True,True,True
equity,ridge,0.29999999999999999,3,584,42030731,626,1ac1caed8aa8c95cb686e6336e73c7baaecfddbf77228f4c7af3269cce298752,0.0046995300469999998,0.023497650235,True,True,,0.32674793198300001,240,0.32674793198300001,240,0.32674793198300001,240,0.18455248865000001,240,0.18455248865000001,240,True,True,True,True,True,True,True
equity,ridge,0.29999999999999999,3,585,42030732,627,43fca31166e5b2d5a98e89dded5d2e68234b9d173315d5c38fa6dce48ebe84ab,0.087791220877999995,0.43895610438999999,False,False,,0.169630487099,240,0.169630487099,240,0.169630487099,240,0.11038499904600001,240,0.11038499904600001,240,True,True,True,True,True,True,True
equity,ridge,0.29999999999999999,3,586,42030733,628,2886308d3563dcac37cfb50b4d166a777213d5d94aaac6f784c6881cc3613987,0.10298970103000001,0.51494850515000001,False,False,,0.22353726493699999,240,0.22353726493699999,240,0.22353726493699999,240,0.106922726835,240,0.106922726835,240,True,True,True,True,True,True,True
equity,ridge,0.29999999999999999,3,587,42030734,629,f2978f76b1586846e69ea72ce20d99382a83c46b1047b8256ded11fcb7cc5a25,0.019698030197000001,0.098490150984999997,False,True,,0.30214345557099997,240,0.30214345557099997,240,0.30214345557099997,240,0.15107083767500001,240,0.15107083767500001,240,True,True,True,True,True,True,True
equity,ridge,0.29999999999999999,3,588,42030735,630,5ea2fbe0b033649f5e76174c9f6bf9d18900ce0254dd7a8dcc5ce88195d7ee65,0.0024997500250000001,0.012498750124999999,True,True,,0.34345445030299998,240,0.34345445030299998,240,0.34345445030299998,240,0.196781117177,240,0.196781117177,240,True,True,True,True,True,True,True
equity,ridge,0.29999999999999999,3,589,42030736,631,4fd940934ffd3e661e764d8e24cf7c675e7cb9e33afebc85ac286b7a287beba7,9.9990001000000006e-05,0.00049995000499999996,True,True,,0.41470817172500002,240,0.41470817172500002,240,0.41470817172500002,240,0.30966648291299997,240,0.30966648291299997,240,True,True,True,True,True,True,True
equity,ridge,0.29999999999999999,3,590,42030737,632,0ffcfa6f94498ccd54b684642230b26aba233fd6aa898cf9e868709f09e79ae2,0.0062993700629999996,0.031496850314999998,True,True,,0.25840129297800002,240,0.25840129297800002,240,0.25840129297800002,240,0.178613934201,240,0.178613934201,240,True,True,True,True,True,True,True
equity,ridge,0.29999999999999999,3,591,42030738,633,427c6fa37925518e19d89f895a415c7f9b21c5bf1dd99e4ea16b8cd41c9094d5,0.011698830117,0.058494150585000002,False,True,,0.22730274701299999,240,0.22730274701299999,240,0.22730274701299999,240,0.16194760932800001,240,0.16194760932800001,240,True,True,True,True,True,True,True
equity,ridge,0.29999999999999999,3,592,42030739,634,7314754144bd0a76f3c05cd3263ceeb1b0f2c0d7e3cc2f8ee0138504242a9696,0.0032996700330000001,0.016498350165000002,True,True,,0.28330301883999998,240,0.28330301883999998,240,0.28330301883999998,240,0.19531964840800001,240,0.19531964840800001,240,True,True,True,True,True,True,True
equity,ridge,0.29999999999999999,3,593,42030740,635,1bc513136d7b2ae920272986f0320d559a1ea0f14aadc9bf66935075dad1d16a,0.029097090291000001,0.145485451455,False,True,,0.32500682089799998,240,0.32500682089799998,240,0.32500682089799998,240,0.14057593952399999,240,0.14057593952399999,240,True,True,True,True,True,True,True
equity,ridge,0.29999999999999999,3,594,42030741,636,6a1c29ba87b091501ac11f7fcd6b353c9e1c70a9151de1dc93857511b1d45f6a,0.004499550045,0.022497750225000002,True,True,,0.31370778740499999,240,0.31370778740499999,240,0.31370778740499999,240,0.18504477797800001,240,0.18504477797800001,240,True,True,True,True,True,True,True
equity,ridge,0.29999999999999999,3,595,42030742,637,7671e75390ccfc021c0afdfba47ef2594057739bda97c1757ca2a17c98c405b6,0.00049995000499999996,0.0024997500250000001,True,True,,0.36953694957799998,240,0.36953694957799998,240,0.36953694957799998,240,0.23438892071199999,240,0.23438892071199999,240,True,True,True,True,True,True,True
equity,ridge,0.29999999999999999,3,596,42030743,638,0bf530dc566214f1d5c60d006de6515822da2f3f1d1aa7dabbab113ec920b71b,0.0015998400160000001,0.0079992000799999994,True,True,,0.304378972686,240,0.304378972686,240,0.304378972686,240,0.20189203302600001,240,0.20189203302600001,240,True,True,True,True,True,True,True
equity,ridge,0.29999999999999999,3,597,42030744,639,43f7917e4ce16e0bbf62be5162969bb7fb1a6a406821b38b296cc1bb1a421eb1,0.0045995400459999999,0.022997700230000001,True,True,,0.30326802160900002,240,0.30326802160900002,240,0.30326802160900002,240,0.182669232815,240,0.182669232815,240,True,True,True,True,True,True,True
equity,ridge,0.29999999999999999,3,598,42030745,640,38dfa3d09f6e901d2b65babf2a7e3c86ff22f9b7ab871ed2181714c6957c6038,0.024797520247999999,0.12398760123999999,False,True,,0.34221208699700001,240,0.34221208699700001,240,0.34221208699700001,240,0.14621815817200001,240,0.14621815817200001,240,True,True,True,True,True,True,True
equity,ridge,0.29999999999999999,3,599,42030746,641,610cc109ccfcab3d7b421ba7719133e33544c37eea5a38a3c287156f151a0818,0.0011998800119999999,0.00599940006,True,True,,0.3974869439,240,0.3974869439,240,0.3974869439,240,0.21186916567700001,240,0.21186916567700001,240,True,True,True,True,True,True,True
equity,ridge,0.34999999999999998,5,200,42050361,242,dc7b71e8a1b65f5ee3ec01888be3eeb83e0ae51e8cd905dcf31dc03cc5a44170,0.00039996000400000002,0.0019998000199999998,True,True,,0.374873272368,240,0.374873272368,240,0.374873272368,240,0.22380885596200001,240,0.22380885596200001,240,True,True,True,True,True,True,True
equity,ridge,0.34999999999999998,5,201,42050362,243,59d8547a9b43e69d7a9f94e9743cea7c207260d5eae73aa1cdc5cda80ba865e7,0.00019998000200000001,0.00099990000999999992,True,True,,0.344969698356,240,0.344969698356,240,0.344969698356,240,0.23720907370899999,240,0.23720907370899999,240,True,True,True,True,True,True,True
equity,ridge,0.34999999999999998,5,202,42050363,244,802ce876dd1e82b960ce3c66b1a08b481d6b5fb02918c7133ed50f1248be53dd,0.002599740026,0.012998700130000001,True,True,,0.289383528093,240,0.289383528093,240,0.289383528093,240,0.203938508228,240,0.203938508228,240,True,True,True,True,True,True,True
equity,ridge,0.34999999999999998,5,203,42050364,245,149518dae5b0a450422a01d053350135a6851436daaddca89a1442dea6bc9b87,9.9990001000000006e-05,0.00049995000499999996,True,True,,0.43346974369899999,240,0.43346974369899999,240,0.43346974369899999,240,0.29152356939099999,240,0.29152356939099999,240,True,True,True,True,True,True,True
equity,ridge,0.34999999999999998,5,204,42050365,246,fc32483a6c66b75ca9d2efe944d840791b48287a7452e27a7539dd39264ba26c,0.0085991400860000004,0.042995700429999999,True,True,,0.307121269822,240,0.307121269822,240,0.307121269822,240,0.17004238403899999,240,0.17004238403899999,240,True,True,True,True,True,True,True
equity,ridge,0.34999999999999998,5,205,42050366,247,d1d7d5043b632769a6b6d61ac2eea323e6857d1fba7feacaac2c3415dc720e91,0.0011998800119999999,0.00599940006,True,True,,0.357965213773,240,0.357965213773,240,0.357965213773,240,0.23341231696699999,240,0.23341231696699999,240,True,True,True,True,True,True,True
equity,ridge,0.34999999999999998,5,206,42050367,248,1b72a0587ab9d216544e345ff295d0f85a962a328c6dc3b5408d4f607385fe9e,0.00019998000200000001,0.00099990000999999992,True,True,,0.37374813850499999,240,0.37374813850499999,240,0.37374813850499999,240,0.25559533558899999,240,0.25559533558899999,240,True,True,True,True,True,True,True
equity,ridge,0.34999999999999998,5,207,42050368,249,02933c75b739dddcc5f16eb34ddb22c226a47fe60cd6bc2d51c1a1b41703af07,9.9990001000000006e-05,0.00049995000499999996,True,True,,0.41964773705300001,240,0.41964773705300001,240,0.41964773705300001,240,0.30619042154600001,240,0.30619042154600001,240,True,True,True,True,True,True,True
equity,ridge,0.34999999999999998,5,208,42050369,250,88427eaff5fa579aea7bf046cd12dce141035b20de00da9b09a9942a2ac7893a,0.0013998600139999999,0.0069993000699999997,True,True,,0.32844410251900003,240,0.32844410251900003,240,0.32844410251900003,240,0.21250263408699999,240,0.21250263408699999,240,True,True,True,True,True,True,True
equity,ridge,0.34999999999999998,5,209,42050370,251,6e8567567593ecc4ce541b0c6acb67ab533e56fd15a08f336c6358205938822f,0.0057994200580000002,0.028997100290000001,True,True,,0.29138419415799999,240,0.29138419415799999,240,0.29138419415799999,240,0.18207591132699999,240,0.18207591132699999,240,True,True,True,True,True,True,True
equity,ridge,0.34999999999999998,5,210,42050371,252,95d5c13313cce71144cd482a1e3856fc809b8770862fc1ff4fce5dacefa92190,9.9990001000000006e-05,0.00049995000499999996,True,True,,0.35950455708599999,240,0.35950455708599999,240,0.35950455708599999,240,0.26980127272600002,240,0.26980127272600002,240,True,True,True,True,True,True,True
equity,ridge,0.34999999999999998,5,211,42050372,253,f1105c544553fe3e4930f46a43df11333c6e4a59441f59b67372640788d8d3c3,9.9990001000000006e-05,0.00049995000499999996,True,True,,0.46361478034199999,240,0.46361478034199999,240,0.46361478034199999,240,0.33254606603699999,240,0.33254606603699999,240,True,True,True,True,True,True,True
equity,ridge,0.34999999999999998,5,212,42050373,254,d260b039b13c0920a658dd24a69866c3665c543bec1d9c7da4f279da71405d95,0.00069993000699999995,0.0034996500349999998,True,True,,0.30513551757200003,240,0.30513551757200003,240,0.30513551757200003,240,0.216760769814,240,0.216760769814,240,True,True,True,True,True,True,True
equity,ridge,0.34999999999999998,5,213,42050374,255,1dc990e46885b2a60ac3edb51b3c2037cd923eaed36a1dc67838c240271d0dbd,9.9990001000000006e-05,0.00049995000499999996,True,True,,0.36908394920799997,240,0.36908394920799997,240,0.36908394920799997,240,0.260776081652,240,0.260776081652,240,True,True,True,True,True,True,True
equity,ridge,0.34999999999999998,5,214,42050375,256,3474f38375d40aa669c46dac902e15f66a996d698e0663bf6b7d6db54665e8ff,0.0038996100389999998,0.019498050195000002,True,True,,0.30465881062599998,240,0.30465881062599998,240,0.30465881062599998,240,0.18345061406300001,240,0.18345061406300001,240,True,True,True,True,True,True,True
equity,ridge,0.34999999999999998,5,215,42050376,257,68bf3c8978aee64c0b9e512f3f2ac3794ea4067b7807e856c73bba7efb635135,0.0080991900809999993,0.040495950405000002,True,True,,0.38521149789100001,240,0.38521149789100001,240,0.38521149789100001,240,0.16946407088099999,240,0.16946407088099999,240,True,True,True,True,True,True,True
equity,ridge,0.34999999999999998,5,216,42050377,258,16e4831f785470e0eb7255d2fad5d2e3b56a12380456fccb5c5d1f35bfab63d3,0.00039996000400000002,0.0019998000199999998,True,True,,0.36180971648299998,240,0.36180971648299998,240,0.36180971648299998,240,0.244711174069,240,0.244711174069,240,True,True,True,True,True,True,True
equity,ridge,0.34999999999999998,5,217,42050378,259,e77604a530cd28fae98ec24a52930649456d43097d18ef5218c2470c75031f18,0.00039996000400000002,0.0019998000199999998,True,True,,0.29613456591100001,240,0.29613456591100001,240,0.29613456591100001,240,0.226559875887,240,0.226559875887,240,True,True,True,True,True,True,True
equity,ridge,0.34999999999999998,5,218,42050379,260,08538e1fafe690b868210183dc1270fed74a5e3e406a30971f05bda3a8e5abfb,0.0032996700330000001,0.016498350165000002,True,True,,0.35045543084199998,240,0.35045543084199998,240,0.35045543084199998,240,0.189959489909,240,0.189959489909,240,True,True,True,True,True,True,True
equity,ridge,0.34999999999999998,5,219,42050380,261,9ae3bcdba9769421e19f0e220d754c17fa92bec7c88e846415338ffc4e92d9cd,0.013998600139999999,0.069993000700000002,False,True,,0.323521935328,240,0.323521935328,240,0.323521935328,240,0.15826730942,240,0.15826730942,240,True,True,True,True,True,True,True
equity,ridge,0.34999999999999998,5,220,42050381,262,cf8b911ef3baaf49b6847fa2a9d4d3c44af1029949a8d21a429312d616e3c345,0.00029997000299999998,0.001499850015,True,True,,0.35131542004299998,240,0.35131542004299998,240,0.35131542004299998,240,0.26778549795399997,240,0.26778549795399997,240,True,True,True,True,True,True,True
equity,ridge,0.34999999999999998,5,221,42050382,263,3fa632a1eda44d7f3b9dc6e9b98803d1f43995b0b4d09f4b39d56a5d3c9cb7d2,0.0027997200279999998,0.013998600139999999,True,True,,0.32303716152200002,240,0.32303716152200002,240,0.32303716152200002,240,0.190897509898,240,0.190897509898,240,True,True,True,True,True,True,True
equity,ridge,0.34999999999999998,5,222,42050383,264,5f19ef157b641621253ba4f2388356b21443f6e1e8dd837b0a16531731e8fe9e,0.0072992700730000002,0.036496350364999999,True,True,,0.30036161508699999,240,0.30036161508699999,240,0.30036161508699999,240,0.171628732768,240,0.171628732768,240,True,True,True,True,True,True,True
equity,ridge,0.34999999999999998,5,223,42050384,265,74da237b25e2d6cc7ab54b4e80f2879a56ddf26732dceb3c352a881da25d586b,9.9990001000000006e-05,0.00049995000499999996,True,True,,0.44359632084799999,240,0.44359632084799999,240,0.44359632084799999,240,0.34166428670400001,240,0.34166428670400001,240,True,True,True,True,True,True,True
equity,ridge,0.34999999999999998,5,224,42050385,266,c5b8024a16cd6517ecc3e91c2fc642e4110f711414d92593e5c8e148c7db5e80,9.9990001000000006e-05,0.00049995000499999996,True,True,,0.38707835001300001,240,0.38707835001300001,240,0.38707835001300001,240,0.27773190105099999,240,0.27773190105099999,240,True,True,True,True,True,True,True
equity,ridge,0.34999999999999998,5,225,42050386,267,d1bbcd519a5e269a65389d5395ab8c3cdb036bdd5ca9946b2b7a6aa3a1f51769,0.0075992400759999999,0.037996200379999998,True,True,,0.31087902280200003,240,0.31087902280200003,240,0.31087902280200003,240,0.17346509711899999,240,0.17346509711899999,240,True,True,True,True,True,True,True
equity,ridge,0.34999999999999998,5,226,42050387,268,2054bbb6650974b2b6467564a616f48b5dfba6d0001b0def281b2dcc00cf318b,0.0041995800420000003,0.02099790021,True,True,,0.31207522400299997,240,0.31207522400299997,240,0.31207522400299997,240,0.18114632929899999,240,0.18114632929899999,240,True,True,True,True,True,True,True
equity,ridge,0.34999999999999998,5,227,42050388,269,b709ee91c823ecd9315e3cfe064c8ab165ffba813f9a4e159c57cce9dca3a3ca,0.018898110188999999,0.094490550945000001,False,True,,0.27448931586600001,240,0.27448931586600001,240,0.27448931586600001,240,0.15037501647400001,240,0.15037501647400001,240,True,True,True,True,True,True,True
equity,ridge,0.34999999999999998,5,228,42050389,270,cf199035a6acc2f84229900f2177529e444dfd119308fb680aa1999db5df7952,0.0013998600139999999,0.0069993000699999997,True,True,,0.344204329388,240,0.344204329388,240,0.344204329388,240,0.20848613701599999,240,0.20848613701599999,240,True,True,True,True,True,True,True
equity,ridge,0.34999999999999998,5,229,42050390,271,d42b8b0edb368ed7144063d09093bb8600ce0f3ce49e2f0043389fc14ed4c821,0.00099990000999999992,0.0049995000500000003,True,True,,0.37426532555600001,240,0.37426532555600001,240,0.37426532555600001,240,0.21976955277599999,240,0.21976955277599999,240,True,True,True,True,True,True,True
equity,ridge,0.34999999999999998,5,230,42050391,272,6d993c505c2629b0d7681c2e9896fa42e176dfe49e0d7cc04de31825ea301dd7,0.0043995600440000001,0.021997800219999999,True,True,,0.33160853327700002,240,0.33160853327700002,240,0.33160853327700002,240,0.18957686523,240,0.18957686523,240,True,True,True,True,True,True,True
equity,ridge,0.34999999999999998,5,231,42050392,273,4b4c694979dcd9f2ace43fb54163ebcfadc3e7f5cafd3f4b63d4490fc194da28,0.0061993800619999997,0.030996900309999999,True,True,,0.31218521286000001,240,0.31218521286000001,240,0.31218521286000001,240,0.18093526157199999,240,0.18093526157199999,240,True,True,True,True,True,True,True
equity,ridge,0.34999999999999998,5,232,42050393,274,a6c8e802245a90a8440995747ab4d3a22618b6ca83e6558d3a48aa70aaa2e27c,0.0043995600440000001,0.021997800219999999,True,True,,0.390267005532,240,0.390267005532,240,0.390267005532,240,0.18752149231199999,240,0.18752149231199999,240,True,True,True,True,True,True,True
equity,ridge,0.34999999999999998,5,233,42050394,275,d011f307a7fe75492e08b9bf09d9289c493926f97ae163f67a94801ac1c34944,0.00019998000200000001,0.00099990000999999992,True,True,,0.41832646118400002,240,0.41832646118400002,240,0.41832646118400002,240,0.23844383302200001,240,0.23844383302200001,240,True,True,True,True,True,True,True
equity,ridge,0.34999999999999998,5,234,42050395,276,93b385c107c46659ed039dfa31a4f310d30d2aad359c26a9e3b5a65fe4b9ab73,0.00019998000200000001,0.00099990000999999992,True,True,,0.42635790809500002,240,0.42635790809500002,240,0.42635790809500002,240,0.26647195301299997,240,0.26647195301299997,240,True,True,True,True,True,True,True
equity,ridge,0.34999999999999998,5,235,42050396,277,420b9dc999c009c37d0dc4cfc68b0602325b0db42622d42c69efc2b2a9fd93d4,0.0043995600440000001,0.021997800219999999,True,True,,0.321763141827,240,0.321763141827,240,0.321763141827,240,0.185029072322,240,0.185029072322,240,True,True,True,True,True,True,True
equity,ridge,0.34999999999999998,5,236,42050397,278,4bf14cbf82bde5e18773b2348706b8c3b1c88dac27436d062a9571ae2630f644,0.004499550045,0.022497750225000002,True,True,,0.268153751366,240,0.268153751366,240,0.268153751366,240,0.18721749243800001,240,0.18721749243800001,240,True,True,True,True,True,True,True
equity,ridge,0.34999999999999998,5,237,42050398,279,5d9313caf3ed93b815a53d5de9370ad34f7dc9e68c699d98ff7a7f573c3838b5,0.00099990000999999992,0.0049995000500000003,True,True,,0.32167795984100001,240,0.32167795984100001,240,0.32167795984100001,240,0.211635741332,240,0.211635741332,240,True,True,True,True,True,True,True
equity,ridge,0.34999999999999998,5,238,42050399,280,edbc4ac2be420adff192cabfa0077ce83fbf31cb5a5f58615871cae241211ff1,9.9990001000000006e-05,0.00049995000499999996,True,True,,0.46420931221200001,240,0.46420931221200001,240,0.46420931221200001,240,0.34091454627700002,240,0.34091454627700002,240,True,True,True,True,True,True,True
equity,ridge,0.34999999999999998,5,239,42050400,281,260eb827bc7b09209863a76f7f8a82e5f2a74e5ee8e44b3bb4f597cc744c948b,9.9990001000000006e-05,0.00049995000499999996,True,True,,0.44572986724300001,240,0.44572986724300001,240,0.44572986724300001,240,0.32738096316800003,240,0.32738096316800003,240,True,True,True,True,True,True,True
equity,ridge,0.34999999999999998,5,240,42050401,282,e82e77277ae3382c27d94c6a8773cb482b5e8579f0767014e28aaaa2328c0597,0.0028997100290000001,0.014498550145000001,True,True,,0.33758665143700001,240,0.33758665143700001,240,0.33758665143700001,240,0.19131155449699999,240,0.19131155449699999,240,True,True,True,True,True,True,True
equity,ridge,0.34999999999999998,5,241,42050402,283,06b65ef5a72a9ef7f93cc060f631645766013ddf1f6585220e3c0c026e0bb7cb,9.9990001000000006e-05,0.00049995000499999996,True,True,,0.40409886347200002,240,0.40409886347200002,240,0.40409886347200002,240,0.256721522491,240,0.256721522491,240,True,True,True,True,True,True,True
equity,ridge,0.34999999999999998,5,242,42050403,284,8f778c6e6dc4e77db9d282f3581bdf1beaa3c5b7d50c282d3c12bd8fdde12919,0.010498950105,0.052494750525000002,False,True,,0.32102903250499998,240,0.32102903250499998,240,0.32102903250499998,240,0.168080951797,240,0.168080951797,240,True,True,True,True,True,True,True
equity,ridge,0.34999999999999998,5,243,42050404,285,19bc06b4107e66f4fc67f066d2839b9b920254dca55f6c8f1bc1fb8ab6b32d9d,9.9990001000000006e-05,0.00049995000499999996,True,True,,0.42826495348100002,240,0.42826495348100002,240,0.42826495348100002,240,0.332436190927,240,0.332436190927,240,True,True,True,True,True,True,True
equity,ridge,0.34999999999999998,5,244,42050405,286,b5a6b06ba2762bfc121147d80f74a0e4a8fa38b135ed57f0b20d466d19f9e7ef,0.001899810019,0.0094990500949999994,True,True,,0.31969198613900002,240,0.31969198613900002,240,0.31969198613900002,240,0.20090656728299999,240,0.20090656728299999,240,True,True,True,True,True,True,True
equity,ridge,0.34999999999999998,5,245,42050406,287,9592771f78651e4e9c7479cdc590acf6fa03f4f19837442d2e810e94f94bfddb,0.0020997900210000002,0.010498950105,True,True,,0.32498303226399999,240,0.32498303226399999,240,0.32498303226399999,240,0.20130521413300001,240,0.20130521413300001,240,True,True,True,True,True,True,True
equity,ridge,0.34999999999999998,5,246,42050407,288,df128d156663e221f01b0f87fa01996e7b97b4fb45e36825d4b4abe8d71fdd97,9.9990001000000006e-05,0.00049995000499999996,True,True,,0.46543559235100002,240,0.46543559235100002,240,0.46543559235100002,240,0.33328009036799999,240,0.33328009036799999,240,True,True,True,True,True,True,True
equity,ridge,0.34999999999999998,5,247,42050408,289,0a4883e5edd724563beb87aca92eb8bb1d6a58dfd5334ddb538a0e4040fd53da,0.002599740026,0.012998700130000001,True,True,,0.35766847444900002,240,0.35766847444900002,240,0.35766847444900002,240,0.18974913929000001,240,0.18974913929000001,240,True,True,True,True,True,True,True
equity,ridge,0.34999999999999998,5,248,42050409,290,dd72394dfab4778b107d409f6fdb316fcd1d14050c988ebcacffe90debdcc0f7,9.9990001000000006e-05,0.00049995000499999996,True,True,,0.36699788831399999,240,0.36699788831399999,240,0.36699788831399999,240,0.29914997107899999,240,0.29914997107899999,240,True,True,True,True,True,True,True
equity,ridge,0.34999999999999998,5,249,42050410,291,8d21dd6597cd33a15750f428b79a3f978f29365ba1c0600b2a242452e9a95ecb,0.0030996900309999999,0.015498450154999999,True,True,,0.407114087668,240,0.407114087668,240,0.407114087668,240,0.189154163051,240,0.189154163051,240,True,True,True,True,True,True,True
equity,ridge,0.34999999999999998,5,250,42050411,292,50791dceca852bce1ca0ee713a2092e94b7d0f526d72c3b6cfbedaa06ae47766,0.00039996000400000002,0.0019998000199999998,True,True,,0.40021430927099999,240,0.40021430927099999,240,0.40021430927099999,240,0.224277941147,240,0.224277941147,240,True,True,True,True,True,True,True
equity,ridge,0.34999999999999998,5,251,42050412,293,cd2fe73b6f9b0867202414fb05027d6e4511323b707e6be6918abbf08f26f1c3,0.00029997000299999998,0.001499850015,True,True,,0.38144450247099998,240,0.38144450247099998,240,0.38144450247099998,240,0.25402476193700002,240,0.25402476193700002,240,True,True,True,True,True,True,True
equity,ridge,0.34999999999999998,5,252,42050413,294,4bb1d029d0de3b32b838d97a1a6e418bb273fc62bdd46575bdceb2a82c73a066,0.0031996800320000002,0.015998400159999999,True,True,,0.433227185716,240,0.433227185716,240,0.433227185716,240,0.192335007413,240,0.192335007413,240,True,True,True,True,True,True,True
equity,ridge,0.34999999999999998,5,253,42050414,295,d84c49bb7986ed6c62ec2c01020ef569b79b733a93d41b075dcfc276c44fe201,9.9990001000000006e-05,0.00049995000499999996,True,True,,0.415763626306,240,0.415763626306,240,0.415763626306,240,0.22845784844700001,240,0.22845784844700001,240,True,True,True,True,True,True,True
equity,ridge,0.34999999999999998,5,254,42050415,296,0afad2db84ae8f7c33515655f327cd5420241bd5151b0adaf28b0359c4a3c700,9.9990001000000006e-05,0.00049995000499999996,True,True,,0.45370670548000003,240,0.45370670548000003,240,0.45370670548000003,240,0.29053838151599998,240,0.29053838151599998,240,True,True,True,True,True,True,True
equity,ridge,0.34999999999999998,5,255,42050416,297,9e52300e9b467c1f488b97a25a6f867c36551cebd188eb0ab39776c130536e15,0.00039996000400000002,0.0019998000199999998,True,True,,0.363810408925,240,0.363810408925,240,0.363810408925,240,0.23419418471199999,240,0.23419418471199999,240,True,True,True,True,True,True,True
equity,ridge,0.34999999999999998,5,256,42050417,298,836f49355551dc34961d764c48ac771a750c95e384098f7af6c0b52bcf4d41b7,0.006699330067,0.033496650335000003,True,True,,0.34253250212300002,240,0.34253250212300002,240,0.34253250212300002,240,0.18016160978699999,240,0.18016160978699999,240,True,True,True,True,True,True,True
equity,ridge,0.34999999999999998,5,257,42050418,299,d47164680df8a2ec3b3e7b998170c2e0fc68dee41a4ed74f053c568aaab175e4,0.00089991000900000004,0.004499550045,True,True,,0.34800236904699999,240,0.34800236904699999,240,0.34800236904699999,240,0.22566865854500001,240,0.22566865854500001,240,True,True,True,True,True,True,True
equity,ridge,0.34999999999999998,5,258,42050419,300,3e7c731ca4456d49b274c3fa1a868d594efb7e2b69408bc789fee9048f20d5a2,0.001899810019,0.0094990500949999994,True,True,,0.31180938421400001,240,0.31180938421400001,240,0.31180938421400001,240,0.196945561396,240,0.196945561396,240,True,True,True,True,True,True,True
equity,ridge,0.34999999999999998,5,259,42050420,301,030f5576d384ae3d4dfc5cf851891d665084eb89d4391ec42e6c61f299c7224b,0.108289171083,0.54144585541500001,False,False,,0.34387821522899997,240,0.34387821522899997,240,0.34387821522899997,240,0.105758571075,240,0.105758571075,240,True,True,True,True,True,True,True
equity,ridge,0.34999999999999998,5,260,42050421,302,8e512942e6d9fa1eddc5b98f4bc6d4489371dfab233ce418b07ce0165bb27210,0.00069993000699999995,0.0034996500349999998,True,True,,0.35175296698199998,240,0.35175296698199998,240,0.35175296698199998,240,0.22966914498400001,240,0.22966914498400001,240,True,True,True,True,True,True,True
equity,ridge,0.34999999999999998,5,261,42050422,303,6c2e17e3aef6ecf880db3d0745e184494d7babc290847bdfbd596b7567951ea4,9.9990001000000006e-05,0.00049995000499999996,True,True,,0.32589766695700001,240,0.32589766695700001,240,0.32589766695700001,240,0.24002332710300001,240,0.24002332710300001,240,True,True,True,True,True,True,True
equity,ridge,0.34999999999999998,5,262,42050423,304,0a0ef57ab1836ec3db8e6c5ea25405600f16e67fdb813c31b547ce0af5f71259,0.00019998000200000001,0.00099990000999999992,True,True,,0.34068154816700003,240,0.34068154816700003,240,0.34068154816700003,240,0.25648681907600002,240,0.25648681907600002,240,True,True,True,True,True,True,True
equity,ridge,0.34999999999999998,5,263,42050424,305,e432c9f668754d82adecb101fde94e053a7de7393b5e91eee763d9d4a00b2c83,0.003699630037,0.018498150184999999,True,True,,0.28220299499399998,240,0.28220299499399998,240,0.28220299499399998,240,0.193843386166,240,0.193843386166,240,True,True,True,True,True,True,True
equity,ridge,0.34999999999999998,5,264,42050425,306,78faf1159bfc7086847199b48d839ace251a0a63694e4b7d6420186760dfed86,9.9990001000000006e-05,0.00049995000499999996,True,True,,0.394815436051,240,0.394815436051,240,0.394815436051,240,0.27477887541700002,240,0.27477887541700002,240,True,True,True,True,True,True,True
equity,ridge,0.34999999999999998,5,265,42050426,307,32f6d67b3acfeb841578084c8ec20880c06ee6b5a52eb261d3f95db6b588d83d,0.0063993600640000004,0.031996800319999998,True,True,,0.37481929709200001,240,0.37481929709200001,240,0.37481929709200001,240,0.177418620271,240,0.177418620271,240,True,True,True,True,True,True,True
equity,ridge,0.34999999999999998,5,266,42050427,308,7be0a7fa24aa16b162ef9e725bebd7d1fb00d29166e34729492704ec4b3981df,0.019498050195000002,0.097490250974999998,False,True,,0.28473455209300003,240,0.28473455209300003,240,0.28473455209300003,240,0.150594273419,240,0.150594273419,240,True,True,True,True,True,True,True
equity,ridge,0.34999999999999998,5,267,42050428,309,f7df1cc58eaa50991df50e1617a43436da90be5a5f0dc13fc484ad625135caa2,0.00049995000499999996,0.0024997500250000001,True,True,,0.42294420043499997,240,0.42294420043499997,240,0.42294420043499997,240,0.23444357279700001,240,0.23444357279700001,240,True,True,True,True,True,True,True
equity,ridge,0.34999999999999998,5,268,42050429,310,63bd8aaec4d2b73ed75513fa7660d1c115d05d4006cabfa5a0674d8f07640763,0.054294570542999999,0.27147285271499999,False,False,,0.26312928539899999,240,0.26312928539899999,240,0.26312928539899999,240,0.124699407301,240,0.124699407301,240,True,True,True,True,True,True,True
equity,ridge,0.34999999999999998,5,269,42050430,311,c2084d6cf95c2b8c3454f01922fe3f9fce5acf30324d34472b05cdee9b4329f0,0.0050994900510000002,0.025497450255000002,True,True,,0.33218788335600002,240,0.33218788335600002,240,0.33218788335600002,240,0.17950539680700001,240,0.17950539680700001,240,True,True,True,True,True,True,True
equity,ridge,0.34999999999999998,5,270,42050431,312,0ef4ddfc0ed96303834cfbaeb230b70032943f1e7b922324b7090aa80f419929,0.0013998600139999999,0.0069993000699999997,True,True,,0.37246673736699998,240,0.37246673736699998,240,0.37246673736699998,240,0.20436027038400001,240,0.20436027038400001,240,True,True,True,True,True,True,True
equity,ridge,0.34999999999999998,5,271,42050432,313,36f9181764c8f16d78700f02c2b903f35715845f9318b91a2e358a797bbd85ab,0.0080991900809999993,0.040495950405000002,True,True,,0.33120218828600001,240,0.33120218828600001,240,0.33120218828600001,240,0.174847949325,240,0.174847949325,240,True,True,True,True,True,True,True
equity,ridge,0.34999999999999998,5,272,42050433,314,1b5e60edb7d7f061dae78b3d1ede04adacff098ab76cae6419cce61fd109765c,0.00059994000599999995,0.00299970003,True,True,,0.29002375718399998,240,0.29002375718399998,240,0.29002375718399998,240,0.22389458672199999,240,0.22389458672199999,240,True,True,True,True,True,True,True
equity,ridge,0.34999999999999998,5,273,42050434,315,9f6ebdb5883d09efdc4d76a36b9299d610d9d3a05c6e1d546144700c0ec2080c,9.9990001000000006e-05,0.00049995000499999996,True,True,,0.457394060238,240,0.457394060238,240,0.457394060238,240,0.28992062608800001,240,0.28992062608800001,240,True,True,True,True,True,True,True
equity,ridge,0.34999999999999998,5,274,42050435,316,b43ed27f73ecbb4f7dd7c6125c27289e404caed690c63a32246d1aaa56b348d5,0.001699830017,0.0084991500850000005,True,True,,0.382132601352,240,0.382132601352,240,0.382132601352,240,0.20368071771599999,240,0.20368071771599999,240,True,True,True,True,True,True,True
equity,ridge,0.34999999999999998,5,275,42050436,317,d67d910d02a6d99940186e3fa72b07398dfff8800376375d86788fd7c8d25b8a,0.00099990000999999992,0.0049995000500000003,True,True,,0.37443661288300001,240,0.37443661288300001,240,0.37443661288300001,240,0.21377649405900001,240,0.21377649405900001,240,True,True,True,True,True,True,True
equity,ridge,0.34999999999999998,5,276,42050437,318,847e32ec6cc28f615f5b6d09b3e659271e04e861cdfa1b5d0b2ed9a1eaa98a0b,0.00039996000400000002,0.0019998000199999998,True,True,,0.36497410291499999,240,0.36497410291499999,240,0.36497410291499999,240,0.228044401713,240,0.228044401713,240,True,True,True,True,True,True,True
equity,ridge,0.34999999999999998,5,277,42050438,319,bccad4e514a80435801a669fee04a25d5b246d355b8b23d0c01a4de7626bda45,0.00029997000299999998,0.001499850015,True,True,,0.41212212684299998,240,0.41212212684299998,240,0.41212212684299998,240,0.246187709049,240,0.246187709049,240,True,True,True,True,True,True,True
equity,ridge,0.34999999999999998,5,278,42050439,320,a0c9bf9c4dc3e2de1875a01d573e638139476297fe80efb5535c6d2ce4fd1f11,0.0020997900210000002,0.010498950105,True,True,,0.41417657145999998,240,0.41417657145999998,240,0.41417657145999998,240,0.203766461299,240,0.203766461299,240,True,True,True,True,True,True,True
equity,ridge,0.34999999999999998,5,279,42050440,321,37a10f1ebf1eccfc6347d6c2a1fe6a01a0d54e1220e7ef7b74ea00b6d5a936bd,0.0013998600139999999,0.0069993000699999997,True,True,,0.34565742943400002,240,0.34565742943400002,240,0.34565742943400002,240,0.20621183301099999,240,0.20621183301099999,240,True,True,True,True,True,True,True
equity,ridge,0.34999999999999998,5,280,42050441,322,a9edbb3095b1b504fc29f900f174073d3d0e5a33193b754f0bb4296d5ee7b713,0.0032996700330000001,0.016498350165000002,True,True,,0.36678669584899998,240,0.36678669584899998,240,0.36678669584899998,240,0.18924853728900001,240,0.18924853728900001,240,True,True,True,True,True,True,True
equity,ridge,0.34999999999999998,5,281,42050442,323,de123d2afbbd6d8b89728d2d60048d10ed60780ce766f729585b52f48230bc45,9.9990001000000006e-05,0.00049995000499999996,True,True,,0.35601893346500002,240,0.35601893346500002,240,0.35601893346500002,240,0.27008974974799999,240,0.27008974974799999,240,True,True,True,True,True,True,True
equity,ridge,0.34999999999999998,5,282,42050443,324,c8669ab3a57fbff9e2e88c3eb8a6c93620267cb7d6f1a9c7d5e30f1e59abb9f1,0.012798720128000001,0.063993600639999995,False,True,,0.24495460595099999,240,0.24495460595099999,240,0.24495460595099999,240,0.16129124816400001,240,0.16129124816400001,240,True,True,True,True,True,True,True
equity,ridge,0.34999999999999998,5,283,42050444,325,c394f5c23f1b191661fc4ede16f1ce9228326490b50b46ba6992b457f2e6d960,0.00019998000200000001,0.00099990000999999992,True,True,,0.35193297490100001,240,0.35193297490100001,240,0.35193297490100001,240,0.22173827597500001,240,0.22173827597500001,240,True,True,True,True,True,True,True
equity,ridge,0.34999999999999998,5,284,42050445,326,314f328f3b6c30611b562f4360f33a7b3199ff8c94103083a4769a0f08ea2818,0.0048995100490000004,0.024497550244999999,True,True,,0.31380836072700002,240,0.31380836072700002,240,0.31380836072700002,240,0.19160053999599999,240,0.19160053999599999,240,True,True,True,True,True,True,True
equity,ridge,0.34999999999999998,5,285,42050446,327,a90bae9d07900280ad7c4dcf1cd202a0ba9a0fe6c5bb8b490c93c29f4e3ac99d,0.001699830017,0.0084991500850000005,True,True,,0.36790428323500002,240,0.36790428323500002,240,0.36790428323500002,240,0.199406630704,240,0.199406630704,240,True,True,True,True,True,True,True
equity,ridge,0.34999999999999998,5,286,42050447,328,704cf00b8defbb32ff801dd97bedbc2f8728c2b0b9e35d3a6718133f8595d8ef,9.9990001000000006e-05,0.00049995000499999996,True,True,,0.35319843263,240,0.35319843263,240,0.35319843263,240,0.252852861145,240,0.252852861145,240,True,True,True,True,True,True,True
equity,ridge,0.34999999999999998,5,287,42050448,329,a4b2c68ef4428a51d0fbcf023599aab8543119f52ae015d966c60eb45ea6f451,0.065293470652999994,0.32646735326499998,False,False,,0.19109363944900001,240,0.19109363944900001,240,0.19109363944900001,240,0.12120641854100001,240,0.12120641854100001,240,True,True,True,True,True,True,True
equity,ridge,0.34999999999999998,5,288,42050449,330,de6eaab6fba8bc9feb3d30e0e9220845f24fb6e1bf8868e945af003d7d74869c,0.0076992300769999997,0.038496150384999997,True,True,,0.338226319665,240,0.338226319665,240,0.338226319665,240,0.172284522627,240,0.172284522627,240,True,True,True,True,True,True,True
equity,ridge,0.34999999999999998,5,289,42050450,331,3dd9ee6c49e47eb7b99a3672716146c02069844d0429eb98b70d24ff0925ccc8,9.9990001000000006e-05,0.00049995000499999996,True,True,,0.50605166505900001,240,0.50605166505900001,240,0.50605166505900001,240,0.27251964440100002,240,0.27251964440100002,240,True,True,True,True,True,True,True
equity,ridge,0.34999999999999998,5,290,42050451,332,6db1a9617ca7de373e43bec2978025ed4f81cac837509a1a728256489e4ccc07,0.00069993000699999995,0.0034996500349999998,True,True,,0.31567680257500003,240,0.31567680257500003,240,0.31567680257500003,240,0.22737241805300001,240,0.22737241805300001,240,True,True,True,True,True,True,True
equity,ridge,0.34999999999999998,5,291,42050452,333,e490284b5b518d1528fa5910f46fd2d6c425c677858a3dc6aedbb40f91156336,0.063093690630999996,0.31546845315499999,False,False,,0.25896457802400003,240,0.25896457802400003,240,0.25896457802400003,240,0.120370357915,240,0.120370357915,240,True,True,True,True,True,True,True
equity,ridge,0.34999999999999998,5,292,42050453,334,f7fd9682401b2fb99e9d85b3464dcb383e3971c1a2ea8bbd5ff8ae1857ee4b18,0.00019998000200000001,0.00099990000999999992,True,True,,0.31008130140099999,240,0.31008130140099999,240,0.31008130140099999,240,0.25003201063899999,240,0.25003201063899999,240,True,True,True,True,True,True,True
equity,ridge,0.34999999999999998,5,293,42050454,335,6d7df5bf505f9f49e5063674877723b438fe78867b7222d01dc00ed3269c5b9c,0.00059994000599999995,0.00299970003,True,True,,0.365255745071,240,0.365255745071,240,0.365255745071,240,0.219792910047,240,0.219792910047,240,True,True,True,True,True,True,True
equity,ridge,0.34999999999999998,5,294,42050455,336,899eb510f142e3c7e3fc3acb56a010d580e73d127f95be11ad53a0aaa71f0e3c,0.00039996000400000002,0.0019998000199999998,True,True,,0.31624744286899997,240,0.31624744286899997,240,0.31624744286899997,240,0.241593466645,240,0.241593466645,240,True,True,True,True,True,True,True
equity,ridge,0.34999999999999998,5,295,42050456,337,6a30201cdfe5793b3bfd8531b1229ef65661c4d75147bc7acc74ed73d896746d,0.00019998000200000001,0.00099990000999999992,True,True,,0.33284232215999998,240,0.33284232215999998,240,0.33284232215999998,240,0.215721117785,240,0.215721117785,240,True,True,True,True,True,True,True
equity,ridge,0.34999999999999998,5,296,42050457,338,b39c636b0460ffaeafec21c831b8c0141681dd5f261db51ac34557eedbe32676,0.001099890011,0.0054994500549999997,True,True,,0.35032277287899999,240,0.35032277287899999,240,0.35032277287899999,240,0.21504193182199999,240,0.21504193182199999,240,True,True,True,True,True,True,True
equity,ridge,0.34999999999999998,5,297,42050458,339,b662b01fdc5e6d1392830e2e117e9b7b5ca2c9e2cc60c25bce698eb2060eec5f,0.00039996000400000002,0.0019998000199999998,True,True,,0.35047227123000002,240,0.35047227123000002,240,0.35047227123000002,240,0.22709101566500001,240,0.22709101566500001,240,True,True,True,True,True,True,True
equity,ridge,0.34999999999999998,5,298,42050459,340,dc6cfa91ec2c5c00f8d0ba266dbedb0ebb07aeeb75e4c774d696273b7dfb9d15,0.001299870013,0.0064993500650000003,True,True,,0.39027417358099997,240,0.39027417358099997,240,0.39027417358099997,240,0.20948647023200001,240,0.20948647023200001,240,True,True,True,True,True,True,True
equity,ridge,0.34999999999999998,5,299,42050460,341,fb4f4105fd8e633d8cfc00aee458fdd9d04f0f71119bda4f2f76e40c4981d68e,0.00039996000400000002,0.0019998000199999998,True,True,,0.42425730027399999,240,0.42425730027399999,240,0.42425730027399999,240,0.231989802322,240,0.231989802322,240,True,True,True,True,True,True,True
equity,ridge,0.34999999999999998,5,300,42050461,342,f477d24a2703ab5132acf3167c8888e4693363634d3572e8020fe60c2f4ecdfa,0.0048995100490000004,0.024497550244999999,True,True,,0.29893232583899998,240,0.29893232583899998,240,0.29893232583899998,240,0.17833315092400001,240,0.17833315092400001,240,True,True,True,True,True,True,True
equity,ridge,0.34999999999999998,5,301,42050462,343,184fbc73c79025bda285d043e2f0342eceed5b95157dfb1b9246a298494c1bf3,0.00019998000200000001,0.00099990000999999992,True,True,,0.31872441547199998,240,0.31872441547199998,240,0.31872441547199998,240,0.22124647003100001,240,0.22124647003100001,240,True,True,True,True,True,True,True
equity,ridge,0.34999999999999998,5,302,42050463,344,74f2e53962a0eb2b24f4554d8aad4d771b1a2cd32997527bf27becb2ea563a24,0.001699830017,0.0084991500850000005,True,True,,0.30129925848,240,0.30129925848,240,0.30129925848,240,0.204360445493,240,0.204360445493,240,True,True,True,True,True,True,True
equity,ridge,0.34999999999999998,5,303,42050464,345,12ec8541c03ce8552c78c2880601afeeb6ddcbb3a050bf599c7ac0eb490106f1,0.00039996000400000002,0.0019998000199999998,True,True,,0.35973066373200002,240,0.35973066373200002,240,0.35973066373200002,240,0.235365180831,240,0.235365180831,240,True,True,True,True,True,True,True
equity,ridge,0.34999999999999998,5,304,42050465,346,197e40c22f3d2654dbbbd1297dacf7274da9c1b57498ae4c41f235fa166a2d13,0.0079992000799999994,0.039996000400000002,True,True,,0.31106725675500002,240,0.31106725675500002,240,0.31106725675500002,240,0.171730837384,240,0.171730837384,240,True,True,True,True,True,True,True
equity,ridge,0.34999999999999998,5,305,42050466,347,8c52b47869d8f024962d4d6928833377dcdb94e98d62f8db84a612d6345a06da,0.00079992000800000005,0.0039996000399999997,True,True,,0.33603269360799998,240,0.33603269360799998,240,0.33603269360799998,240,0.21703513401999999,240,0.21703513401999999,240,True,True,True,True,True,True,True
equity,ridge,0.34999999999999998,5,306,42050467,348,dc27e8a037876f5a86da60b2b5d3de0e51c0b9935f8cb87a2237d11bc67e65fc,0.0040995900409999996,0.020497950205000001,True,True,,0.34011887307400002,240,0.34011887307400002,240,0.34011887307400002,240,0.18970991114499999,240,0.18970991114499999,240,True,True,True,True,True,True,True
equity,ridge,0.34999999999999998,5,307,42050468,349,96724adbc97059bc385b6238f6f58b2336eee433b301b8af86caf9a8a022dea3,0.0094990500949999994,0.047495250475,True,True,,0.34744838542200002,240,0.34744838542200002,240,0.34744838542200002,240,0.169800195875,240,0.169800195875,240,True,True,True,True,True,True,True
equity,ridge,0.34999999999999998,5,308,42050469,350,141a1948497d62d992dcee123b22fb4bc99f6173a0ac612d7285b706da6175e7,0.001299870013,0.0064993500650000003,True,True,,0.35058853024199998,240,0.35058853024199998,240,0.35058853024199998,240,0.20016467647799999,240,0.20016467647799999,240,True,True,True,True,True,True,True
equity,ridge,0.34999999999999998,5,309,42050470,351,a4ce275433c57ef4ad5e549992d9d25b9b834c03ee6bb54aa1362adc2388badb,0.00029997000299999998,0.001499850015,True,True,,0.37186565271299998,240,0.37186565271299998,240,0.37186565271299998,240,0.244906325679,240,0.244906325679,240,True,True,True,True,True,True,True
equity,ridge,0.34999999999999998,5,310,42050471,352,e3f11472e07b73c4e029e3c62f9f9780a1002bef28d5a03346c7b1b26fa2542b,0.00079992000800000005,0.0039996000399999997,True,True,,0.396182896738,240,0.396182896738,240,0.396182896738,240,0.21755064122600001,240,0.21755064122600001,240,True,True,True,True,True,True,True
equity,ridge,0.34999999999999998,5,311,42050472,353,3358dcf0501ddb4a853c61f263f6a46981f3f3808b1988771fdbd8e6f10276c3,0.00029997000299999998,0.001499850015,True,True,,0.41364639771700001,240,0.41364639771700001,240,0.41364639771700001,240,0.24281208747399999,240,0.24281208747399999,240,True,True,True,True,True,True,True
equity,ridge,0.34999999999999998,5,312,42050473,354,8ab2c112a35e9547616fc381756455b7b2b7d9a922be7bc56896b4ca04992fde,0.001499850015,0.007499250075,True,True,,0.40445724195999999,240,0.40445724195999999,240,0.40445724195999999,240,0.210174101483,240,0.210174101483,240,True,True,True,True,True,True,True
equity,ridge,0.34999999999999998,5,313,42050474,355,8f4c6511f0fa0bdaa47fa040376c50841adfc15f761677c75e6110462afb46f7,9.9990001000000006e-05,0.00049995000499999996,True,True,,0.36753730926,240,0.36753730926,240,0.36753730926,240,0.27870127465200001,240,0.27870127465200001,240,True,True,True,True,True,True,True
equity,ridge,0.34999999999999998,5,314,42050475,356,78d0a542de522ea0318c7803133a9a2158825c9a1f9ceab604559ae6127b9825,0.0011998800119999999,0.00599940006,True,True,,0.40487877661900001,240,0.40487877661900001,240,0.40487877661900001,240,0.21737834463700001,240,0.21737834463700001,240,True,True,True,True,True,True,True
equity,ridge,0.34999999999999998,5,315,42050476,357,d7c0bec87885de0c0dc8312e49ad38824fe818247b2302325966d0c0fc3319df,0.0091990800919999997,0.045995400460000002,True,True,,0.436235373378,240,0.436235373378,240,0.436235373378,240,0.16761221536599999,240,0.16761221536599999,240,True,True,True,True,True,True,True
equity,ridge,0.34999999999999998,5,316,42050477,358,2985ebdf44d6dae9ffd579d17183221cf9a151b352310c5115b25dee3241269d,0.0027997200279999998,0.013998600139999999,True,True,,0.41293610047500001,240,0.41293610047500001,240,0.41293610047500001,240,0.195921426541,240,0.195921426541,240,True,True,True,True,True,True,True
equity,ridge,0.34999999999999998,5,317,42050478,359,4ca38fb41f1cd457aea5d6f86cad12bf716c00328ce4b0b28fdcaae8cf20423e,0.00029997000299999998,0.001499850015,True,True,,0.372569363283,240,0.372569363283,240,0.372569363283,240,0.238171475435,240,0.238171475435,240,True,True,True,True,True,True,True
equity,ridge,0.34999999999999998,5,318,42050479,360,aaa0dd78152af4e600f4d6c69c2e77a7f43252f4c0d239c3aaea9c4239e9d775,0.00019998000200000001,0.00099990000999999992,True,True,,0.39149468251800001,240,0.39149468251800001,240,0.39149468251800001,240,0.25390827121600001,240,0.25390827121600001,240,True,True,True,True,True,True,True
equity,ridge,0.34999999999999998,5,319,42050480,361,ebc80cc9878cbd4511ab3999728051c680523b7aed8a76e828a03dda052253ae,0.00029997000299999998,0.001499850015,True,True,,0.36139548578500003,240,0.36139548578500003,240,0.36139548578500003,240,0.23363101725999999,240,0.23363101725999999,240,True,True,True,True,True,True,True
equity,ridge,0.34999999999999998,5,320,42050481,362,7a26a2b5ce55a40c6604a5ffa13d22abd77379a453cfdb44b26f68516ed87091,0.042195780422,0.21097890211000001,False,True,,0.21012896073000001,240,0.21012896073000001,240,0.21012896073000001,240,0.13169280491300001,240,0.13169280491300001,240,True,True,True,True,True,True,True
equity,ridge,0.34999999999999998,5,321,42050482,363,414c4eb30cd372760c4340ae576d5b9fd7ed3d622482d97d013d303c6d022902,9.9990001000000006e-05,0.00049995000499999996,True,True,,0.450362086015,240,0.450362086015,240,0.450362086015,240,0.282107246438,240,0.282107246438,240,True,True,True,True,True,True,True
equity,ridge,0.34999999999999998,5,322,42050483,364,9ab519442291f7d53ce58756fc84d816e4275ec474cc7d92170234f3ad46c978,0.0096990300969999992,0.048495150484999999,True,True,,0.28678984954600001,240,0.28678984954600001,240,0.28678984954600001,240,0.16379235998700001,240,0.16379235998700001,240,True,True,True,True,True,True,True
equity,ridge,0.34999999999999998,5,323,42050484,365,80d8407a809d5346401eea83d631bb7b7a17fe13526e1fffb73604e71c99aa8e,0.00089991000900000004,0.004499550045,True,True,,0.34023689582200001,240,0.34023689582200001,240,0.34023689582200001,240,0.222879969244,240,0.222879969244,240,True,True,True,True,True,True,True
equity,ridge,0.34999999999999998,5,324,42050485,366,4ed2e7d6c1223ef50682c51fcd2f5b54b4240a3558f4956505869c5f3e3ffa7f,0.00029997000299999998,0.001499850015,True,True,,0.31143341232999999,240,0.31143341232999999,240,0.31143341232999999,240,0.218589623772,240,0.218589623772,240,True,True,True,True,True,True,True
equity,ridge,0.34999999999999998,5,325,42050486,367,4023ed15509905b84ffd5d833ad4b6ecb1db738c22d4e7642a794b97da58d2db,0.0042995700430000002,0.021497850214999999,True,True,,0.39057887865699997,240,0.39057887865699997,240,0.39057887865699997,240,0.18647473157899999,240,0.18647473157899999,240,True,True,True,True,True,True,True
equity,ridge,0.34999999999999998,5,326,42050487,368,b296fdfe3b19364f440b85b54b0637b467929e5140d246ed599485baeda7c0a1,0.00079992000800000005,0.0039996000399999997,True,True,,0.31200402991199999,240,0.31200402991199999,240,0.31200402991199999,240,0.222808833767,240,0.222808833767,240,True,True,True,True,True,True,True
equity,ridge,0.34999999999999998,5,327,42050488,369,4307cedda75e201223d27c434e0ed02838ad4b67289ecd11b3ca42f24f780cbf,0.003699630037,0.018498150184999999,True,True,,0.30779259041000001,240,0.30779259041000001,240,0.30779259041000001,240,0.18548986260200001,240,0.18548986260200001,240,True,True,True,True,True,True,True
equity,ridge,0.34999999999999998,5,328,42050489,370,f335f9637e707476d2bf22669e24a0339c348162986d30e179ca7620003d93ec,9.9990001000000006e-05,0.00049995000499999996,True,True,,0.39658785568799998,240,0.39658785568799998,240,0.39658785568799998,240,0.27892757728899997,240,0.27892757728899997,240,True,True,True,True,True,True,True
equity,ridge,0.34999999999999998,5,329,42050490,371,2859d6cab7ba0c4497cdf7b997abed9d30b6f117b6172d978a44e5648517b0da,0.0034996500349999998,0.017498250175000001,True,True,,0.30339394398399999,240,0.30339394398399999,240,0.30339394398399999,240,0.193195244259,240,0.193195244259,240,True,True,True,True,True,True,True
equity,ridge,0.34999999999999998,5,330,42050491,372,e28b519d69c0e930ec5c40df37770cd357f97b557b732763c44345674c8ecd23,0.00029997000299999998,0.001499850015,True,True,,0.365153403983,240,0.365153403983,240,0.365153403983,240,0.24250741683499999,240,0.24250741683499999,240,True,True,True,True,True,True,True
equity,ridge,0.34999999999999998,5,331,42050492,373,4be2117fd588a7064335b612dab7ac9d82727c7ee864476d7f15b800858037fd,0.0019998000199999998,0.0099990001000000005,True,True,,0.335439173014,240,0.335439173014,240,0.335439173014,240,0.20551007154299999,240,0.20551007154299999,240,True,True,True,True,True,True,True
equity,ridge,0.34999999999999998,5,332,42050493,374,581b38796cc35418fc63c39b84ea572b56836a2e44ccbb713109734b569fd82e,0.031896810318999998,0.15948405159500001,False,True,,0.378429746821,240,0.378429746821,240,0.378429746821,240,0.13777131945400001,240,0.13777131945400001,240,True,True,True,True,True,True,True
equity,ridge,0.34999999999999998,5,333,42050494,375,93eb8cb0f456b98c23e058eda321664b225e5640541564ba16250288a44a7a6d,0.0039996000399999997,0.019998000200000001,True,True,,0.28074141797199997,240,0.28074141797199997,240,0.28074141797199997,240,0.18989733713900001,240,0.18989733713900001,240,True,True,True,True,True,True,True
equity,ridge,0.34999999999999998,5,334,42050495,376,388974da085344b1f29dba5cb4d6dae0793337e1652d6110648071b3adc30e4d,0.001899810019,0.0094990500949999994,True,True,,0.30016660378400001,240,0.30016660378400001,240,0.30016660378400001,240,0.20175092922599999,240,0.20175092922599999,240,True,True,True,True,True,True,True
equity,ridge,0.34999999999999998,5,335,42050496,377,a761483f88834d7ef965e7f72eac2f15b11f443e244f96a5eb5d8076199a6864,0.0020997900210000002,0.010498950105,True,True,,0.31635657358000002,240,0.31635657358000002,240,0.31635657358000002,240,0.19989874473899999,240,0.19989874473899999,240,True,True,True,True,True,True,True
equity,ridge,0.34999999999999998,5,336,42050497,378,9f2b7e811479eecc8a02f95abe5661345d2387fa13e4141b8dccb634890875f0,0.0034996500349999998,0.017498250175000001,True,True,,0.36185611231100001,240,0.36185611231100001,240,0.36185611231100001,240,0.18723291601200001,240,0.18723291601200001,240,True,True,True,True,True,True,True
equity,ridge,0.34999999999999998,5,337,42050498,379,c731c7849ab59eaa180639ea0b18fb86008af599c036bf933bd5bafe660098b6,0.0019998000199999998,0.0099990001000000005,True,True,,0.29943928738100001,240,0.29943928738100001,240,0.29943928738100001,240,0.20096917925800001,240,0.20096917925800001,240,True,True,True,True,True,True,True
equity,ridge,0.34999999999999998,5,338,42050499,380,ac99e803277f70ef9d254c1e35053e02630411e4d1feb306715726ac5e558900,0.031896810318999998,0.15948405159500001,False,True,,0.23506164785600001,240,0.23506164785600001,240,0.23506164785600001,240,0.14084241381099999,240,0.14084241381099999,240,True,True,True,True,True,True,True
equity,ridge,0.34999999999999998,5,339,42050500,381,950416712618645b076b0879c46b35615e4264c156d940489975fb6816a5e351,0.00019998000200000001,0.00099990000999999992,True,True,,0.33943055145899997,240,0.33943055145899997,240,0.33943055145899997,240,0.25068881214200001,240,0.25068881214200001,240,True,True,True,True,True,True,True
equity,ridge,0.34999999999999998,5,340,42050501,382,807fa3daf4902bde5c611df6b478740469a25757343b03c2fccb546b47579c74,0.027897210278999999,0.139486051395,False,True,,0.33646168810499999,240,0.33646168810499999,240,0.33646168810499999,240,0.14232710302400001,240,0.14232710302400001,240,True,True,True,True,True,True,True
equity,ridge,0.34999999999999998,5,341,42050502,383,5a6676c07681a29dc3c1edf0086fcf57edd88756766c55398167b46e1ebc9bfd,0.00019998000200000001,0.00099990000999999992,True,True,,0.37701503508899997,240,0.37701503508899997,240,0.37701503508899997,240,0.242538840783,240,0.242538840783,240,True,True,True,True,True,True,True
equity,ridge,0.34999999999999998,5,342,42050503,384,135ddecbdec4824d85d608e96c5858b960e75ebf5860205db95818b6e52aba09,0.0015998400160000001,0.0079992000799999994,True,True,,0.37797516112099999,240,0.37797516112099999,240,0.37797516112099999,240,0.21538550090200001,240,0.21538550090200001,240,True,True,True,True,True,True,True
equity,ridge,0.34999999999999998,5,343,42050504,385,085976f3c260e31c542f7e0975e42cfae3a55d033c716fad5b41542316ab69f8,0.001499850015,0.007499250075,True,True,,0.35685487851100001,240,0.35685487851100001,240,0.35685487851100001,240,0.21309650892900001,240,0.21309650892900001,240,True,True,True,True,True,True,True
equity,ridge,0.34999999999999998,5,344,42050505,386,bc567542b17934599ac2e982913d0772b623ef0d2d6c4ec29d4e0f95bfce6ba2,0.014898510149,0.074492550744999997,False,True,,0.30159715598300002,240,0.30159715598300002,240,0.30159715598300002,240,0.15663438316,240,0.15663438316,240,True,True,True,True,True,True,True
equity,ridge,0.34999999999999998,5,345,42050506,387,822016ab2d29d86c09d104c253d6c93465fbc11b5814a934b9152247d6a73e5f,0.0082991700830000008,0.041495850415,True,True,,0.35768444423399998,240,0.35768444423399998,240,0.35768444423399998,240,0.16684675371400001,240,0.16684675371400001,240,True,True,True,True,True,True,True
equity,ridge,0.34999999999999998,5,346,42050507,388,5fd379788286499620965d4c8dd1f19e7303709211ceb69fa8e030c92a7f7402,9.9990001000000006e-05,0.00049995000499999996,True,True,,0.44168991252500001,240,0.44168991252500001,240,0.44168991252500001,240,0.26924631244300001,240,0.26924631244300001,240,True,True,True,True,True,True,True
equity,ridge,0.34999999999999998,5,347,42050508,389,d69a2e519f3ec2d4f45b210f30534d4b75c2dbb200f81bbd4cfeaf2aefd7e982,0.001099890011,0.0054994500549999997,True,True,,0.30695661330899998,240,0.30695661330899998,240,0.30695661330899998,240,0.21549512122299999,240,0.21549512122299999,240,True,True,True,True,True,True,True
equity,ridge,0.34999999999999998,5,348,42050509,390,aabefb179d66fd45c1798992699e3ce477966d0526830fe1fe34277d57c74955,0.00039996000400000002,0.0019998000199999998,True,True,,0.40220706252100002,240,0.40220706252100002,240,0.40220706252100002,240,0.25102454057500001,240,0.25102454057500001,240,True,True,True,True,True,True,True
equity,ridge,0.34999999999999998,5,349,42050510,391,955e90b16e0a59a0ad283f68c5acf59e18f6aeebdb133e401a9671276d44b64a,0.0021997800220000001,0.010998900109999999,True,True,,0.29557991005500001,240,0.29557991005500001,240,0.29557991005500001,240,0.192749456815,240,0.192749456815,240,True,True,True,True,True,True,True
equity,ridge,0.34999999999999998,5,350,42050511,392,57a537ba99a0c0571a62e1a85a0501bd19724228dbef625a4294946b0d69be86,0.00019998000200000001,0.00099990000999999992,True,True,,0.42092841723699997,240,0.42092841723699997,240,0.42092841723699997,240,0.28628788128600002,240,0.28628788128600002,240,True,True,True,True,True,True,True
equity,ridge,0.34999999999999998,5,351,42050512,393,a8eff923489e779fb86282bdf2157192414e2de848cb31c6adfd20b26267f073,0.023797620238,0.11898810119,False,True,,0.30449635159400001,240,0.30449635159400001,240,0.30449635159400001,240,0.147601704955,240,0.147601704955,240,True,True,True,True,True,True,True
equity,ridge,0.34999999999999998,5,352,42050513,394,33f8c1a25657144314730decc8a023cb961b7b37c05cd2337bd521da0e220419,0.00019998000200000001,0.00099990000999999992,True,True,,0.43032789394100002,240,0.43032789394100002,240,0.43032789394100002,240,0.25936137047000002,240,0.25936137047000002,240,True,True,True,True,True,True,True
equity,ridge,0.34999999999999998,5,353,42050514,395,4936fb5917d64387bfa75c6f6523a2c2207015fc29768bb31f57d30959a39133,0.0079992000799999994,0.039996000400000002,True,True,,0.30629176765900001,240,0.30629176765900001,240,0.30629176765900001,240,0.17163618253099999,240,0.17163618253099999,240,True,True,True,True,True,True,True
equity,ridge,0.34999999999999998,5,354,42050515,396,3c4dfda1b77457b19fc47a62b79a8709117299c46d174c297bd6e7d9198f2a72,0.0023997600239999998,0.01199880012,True,True,,0.301542196905,240,0.301542196905,240,0.301542196905,240,0.19513229348300001,240,0.19513229348300001,240,True,True,True,True,True,True,True
equity,ridge,0.34999999999999998,5,355,42050516,397,89bff9ab104de0388ac49a242621c5fe26e9614d07475000e62a345e326beca3,0.0043995600440000001,0.021997800219999999,True,True,,0.34797850824400001,240,0.34797850824400001,240,0.34797850824400001,240,0.18646676106599999,240,0.18646676106599999,240,True,True,True,True,True,True,True
equity,ridge,0.34999999999999998,5,356,42050517,398,725c5badcb52625f19abfefb50556d6e9807e20b9a9fcde07da62648a1a791ae,0.0042995700430000002,0.021497850214999999,True,True,,0.34630657071100002,240,0.34630657071100002,240,0.34630657071100002,240,0.18657649824899999,240,0.18657649824899999,240,True,True,True,True,True,True,True
equity,ridge,0.34999999999999998,5,357,42050518,399,9ec07f17c9935acf510f3e0eaf0aa47d0729bc059a1eefddafac30a194865ebf,0.0013998600139999999,0.0069993000699999997,True,True,,0.33167040616499999,240,0.33167040616499999,240,0.33167040616499999,240,0.208142172475,240,0.208142172475,240,True,True,True,True,True,True,True
equity,ridge,0.34999999999999998,5,358,42050519,400,e712f7de8e6ddd774ff5d05a054a8f0b1d5f2e257013d9747b47f5a39a620796,9.9990001000000006e-05,0.00049995000499999996,True,True,,0.45881759110600001,240,0.45881759110600001,240,0.45881759110600001,240,0.277528731852,240,0.277528731852,240,True,True,True,True,True,True,True
equity,ridge,0.34999999999999998,5,359,42050520,401,d0a54c3fe4685ed77c804228da589d1230623fb0d947295fcdba39d043dc5df2,0.00099990000999999992,0.0049995000500000003,True,True,,0.386493964706,240,0.386493964706,240,0.386493964706,240,0.21549570828,240,0.21549570828,240,True,True,True,True,True,True,True
equity,ridge,0.34999999999999998,5,360,42050521,402,5e729cc16a7d0b2dd454e71d9547936304ac77ecac8f763d81e138e0e0853e95,0.058494150585000002,0.29247075292500002,False,False,,0.32908451734400002,240,0.32908451734400002,240,0.32908451734400002,240,0.12297996338599999,240,0.12297996338599999,240,True,True,True,True,True,True,True
equity,ridge,0.34999999999999998,5,361,42050522,403,43362c19875b3cadeeb3c995bad96aab14e9e6882e67a55db7745356b8f19097,0.0021997800220000001,0.010998900109999999,True,True,,0.36384811383499999,240,0.36384811383499999,240,0.36384811383499999,240,0.19958635013100001,240,0.19958635013100001,240,True,True,True,True,True,True,True
equity,ridge,0.34999999999999998,5,362,42050523,404,ae4aa5324e084e866321fe52385843e415d196d7a5d6ca3a11f714dd1dd7f82e,0.00019998000200000001,0.00099990000999999992,True,True,,0.39386246689600002,240,0.39386246689600002,240,0.39386246689600002,240,0.25091533220099999,240,0.25091533220099999,240,True,True,True,True,True,True,True
equity,ridge,0.34999999999999998,5,363,42050524,405,a1d86222e5736eaeb5c916e58098eeec252469138d4b1d5ce6d18fe50f93f65a,9.9990001000000006e-05,0.00049995000499999996,True,True,,0.45451217319499998,240,0.45451217319499998,240,0.45451217319499998,240,0.29121825619399999,240,0.29121825619399999,240,True,True,True,True,True,True,True
equity,ridge,0.34999999999999998,5,364,42050525,406,9731dd29c214e7b37f34577e3940c0951b1ba3a22144f2c6ff2ab4d6cbf3a937,0.00059994000599999995,0.00299970003,True,True,,0.32942182524399999,240,0.32942182524399999,240,0.32942182524399999,240,0.219434040483,240,0.219434040483,240,True,True,True,True,True,True,True
equity,ridge,0.34999999999999998,5,365,42050526,407,6316cc81ebe3fc17e2148bbfe7042d7b743554b331c9a5c340b687fcf3308971,0.003399660034,0.016998300170000001,True,True,,0.311574057658,240,0.311574057658,240,0.311574057658,240,0.194741589854,240,0.194741589854,240,True,True,True,True,True,True,True
equity,ridge,0.34999999999999998,5,366,42050527,408,b9a6d9a940d03fa1f2f0bfc1172223a84ae8bec9e93c41a96d75f9b071587ae0,0.0020997900210000002,0.010498950105,True,True,,0.35533920202500002,240,0.35533920202500002,240,0.35533920202500002,240,0.19547623403,240,0.19547623403,240,True,True,True,True,True,True,True
equity,ridge,0.34999999999999998,5,367,42050528,409,14cae01b95f130d6623c8b1ad101964833a7bad5cfad286f31d4fac148f794fc,0.00899910009,0.044995500450000003,True,True,,0.25753434307400003,240,0.25753434307400003,240,0.25753434307400003,240,0.16454148753,240,0.16454148753,240,True,True,True,True,True,True,True
equity,ridge,0.34999999999999998,5,368,42050529,410,77bddc93442aad79fcb2b55e5d99a6cedc959b63b5d6614aeefccfc54ee87897,0.0068993100689999998,0.034496550345000002,True,True,,0.31544257136999998,240,0.31544257136999998,240,0.31544257136999998,240,0.17671541103499999,240,0.17671541103499999,240,True,True,True,True,True,True,True
equity,ridge,0.34999999999999998,5,369,42050530,411,8f550c8440ae0068200f36544601973b1d95a06fed34b61b23f0cc1a8b5980f6,9.9990001000000006e-05,0.00049995000499999996,True,True,,0.41498225696399998,240,0.41498225696399998,240,0.41498225696399998,240,0.27667708023499998,240,0.27667708023499998,240,True,True,True,True,True,True,True
equity,ridge,0.34999999999999998,5,370,42050531,412,ef61a15a63352fe466da80e0e2450fc6a1e2c91399336ac0c51eb3a800e6ebe6,0.00019998000200000001,0.00099990000999999992,True,True,,0.36289625230299999,240,0.36289625230299999,240,0.36289625230299999,240,0.25044651865500001,240,0.25044651865500001,240,True,True,True,True,True,True,True
equity,ridge,0.34999999999999998,5,371,42050532,413,0240138cd8a15fe874adb2c45899e82ce430fa00a1c6a8e9991eea01a61a0823,0.00099990000999999992,0.0049995000500000003,True,True,,0.37646041348600001,240,0.37646041348600001,240,0.37646041348600001,240,0.21246387467200001,240,0.21246387467200001,240,True,True,True,True,True,True,True
equity,ridge,0.34999999999999998,5,372,42050533,414,018601062e39856b9b885636d940bcba0c9ce5f4dc7343eeb1ed3f6fb15be37e,0.003399660034,0.016998300170000001,True,True,,0.29612549198600002,240,0.29612549198600002,240,0.29612549198600002,240,0.18542754131600001,240,0.18542754131600001,240,True,True,True,True,True,True,True
equity,ridge,0.34999999999999998,5,373,42050534,415,44bb8b8246a8a820ca6f41491e3cf30ac291b36cf75f81784002992dbb927c84,0.0013998600139999999,0.0069993000699999997,True,True,,0.32978743992100001,240,0.32978743992100001,240,0.32978743992100001,240,0.20428973368700001,240,0.20428973368700001,240,True,True,True,True,True,True,True
equity,ridge,0.34999999999999998,5,374,42050535,416,fdaabfd28f3589a8fcf75855e0dc719006a79d1fcc1e7917f5086d596a4aa287,0.00059994000599999995,0.00299970003,True,True,,0.341453670672,240,0.341453670672,240,0.341453670672,240,0.23904635006,240,0.23904635006,240,True,True,True,True,True,True,True
equity,ridge,0.34999999999999998,5,375,42050536,417,d0bcaabdf7501841231e21768c56d79d7e4783c79b8943cfebc91a0a5ed29ea7,0.005199480052,0.025997400260000001,True,True,,0.356081976621,240,0.356081976621,240,0.356081976621,240,0.180536245269,240,0.180536245269,240,True,True,True,True,True,True,True
equity,ridge,0.34999999999999998,5,376,42050537,418,2641f43e7271ba7c0d6963129c9641ecbcef082735a189cb91fc10439bc574fd,0.0041995800420000003,0.02099790021,True,True,,0.182264939318,240,0.182264939318,240,0.182264939318,240,0.181958615943,240,0.181958615943,240,True,True,True,True,True,True,True
equity,ridge,0.34999999999999998,5,377,42050538,419,139acc930cd660c654f7e544d7284b1e00d61c67189286a465ebaad7e67276d3,0.00029997000299999998,0.001499850015,True,True,,0.43909628251799998,240,0.43909628251799998,240,0.43909628251799998,240,0.23407590919099999,240,0.23407590919099999,240,True,True,True,True,True,True,True
equity,ridge,0.34999999999999998,5,378,42050539,420,49825e52f9388fb8a73f67ca71e743e85ad67fa9acd0764e9b8254b10752cd00,0.0021997800220000001,0.010998900109999999,True,True,,0.31074667640999998,240,0.31074667640999998,240,0.31074667640999998,240,0.19962552167700001,240,0.19962552167700001,240,True,True,True,True,True,True,True
equity,ridge,0.34999999999999998,5,379,42050540,421,41aad0ebe458f31a1a79eb6a4fea3a384d25b0fef6fcdca4034ebbd84a34f91f,9.9990001000000006e-05,0.00049995000499999996,True,True,,0.39722130852900001,240,0.39722130852900001,240,0.39722130852900001,240,0.300267126918,240,0.300267126918,240,True,True,True,True,True,True,True
equity,ridge,0.34999999999999998,5,380,42050541,422,73079cb310dd742dc6505ee6eb766dfada2c06180517c2d73f7f978a8efd3279,0.015798420157999999,0.078992100790000006,False,True,,0.30018239589500001,240,0.30018239589500001,240,0.30018239589500001,240,0.15995465092899999,240,0.15995465092899999,240,True,True,True,True,True,True,True
equity,ridge,0.34999999999999998,5,381,42050542,423,5800f1aa224f62e6272a690d2a1035d6d2fe700cf973108ce8ddbb65150635b6,9.9990001000000006e-05,0.00049995000499999996,True,True,,0.38058559213499998,240,0.38058559213499998,240,0.38058559213499998,240,0.29921174084199997,240,0.29921174084199997,240,True,True,True,True,True,True,True
equity,ridge,0.34999999999999998,5,382,42050543,424,3e4f3305002fb2e30809bd52ec58a06909837f49429835366a6f436e588997d7,0.001299870013,0.0064993500650000003,True,True,,0.34792423165500003,240,0.34792423165500003,240,0.34792423165500003,240,0.21052543519399999,240,0.21052543519399999,240,True,True,True,True,True,True,True
equity,ridge,0.34999999999999998,5,383,42050544,425,412a99e0d18ddee58d33d40bb578814319bf5639744ffa9ebf9efb7d95ddcddc,0.00019998000200000001,0.00099990000999999992,True,True,,0.38381308070300002,240,0.38381308070300002,240,0.38381308070300002,240,0.24067921056200001,240,0.24067921056200001,240,True,True,True,True,True,True,True
equity,ridge,0.34999999999999998,5,384,42050545,426,bfe380e09a9da62ea1585009770d2aa2415eedacaa6258d057c769397e7a5924,0.00029997000299999998,0.001499850015,True,True,,0.43511772023500001,240,0.43511772023500001,240,0.43511772023500001,240,0.244390120415,240,0.244390120415,240,True,True,True,True,True,True,True
equity,ridge,0.34999999999999998,5,385,42050546,427,17c77b9bc24872647be4727563de7bf670411060a081031166f8c61b9d640733,9.9990001000000006e-05,0.00049995000499999996,True,True,,0.42613204414799999,240,0.42613204414799999,240,0.42613204414799999,240,0.28604583672599998,240,0.28604583672599998,240,True,True,True,True,True,True,True
equity,ridge,0.34999999999999998,5,386,42050547,428,fd061be274bced9cb0e130cf12133a4dc03085cc4d569925d43ab26c4a8f596d,0.0067993200679999999,0.033996600340000002,True,True,,0.28069508533699999,240,0.28069508533699999,240,0.28069508533699999,240,0.173090099878,240,0.173090099878,240,True,True,True,True,True,True,True
equity,ridge,0.34999999999999998,5,387,42050548,429,f827f6a6e1ec89c50dd53f1f29a0b75d2eb93ae5e713d3d822ab8fa4d9bbeb97,0.032996700330000003,0.16498350165,False,True,,0.23508623492399999,240,0.23508623492399999,240,0.23508623492399999,240,0.13919379288600001,240,0.13919379288600001,240,True,True,True,True,True,True,True
equity,ridge,0.34999999999999998,5,388,42050549,430,dda603f67be07ce85f71fdde0cb00ef578822285c1c41f5e5b4372b152e50571,0.011398860114000001,0.056994300570000003,False,True,,0.29384458775599998,240,0.29384458775599998,240,0.29384458775599998,240,0.164049102039,240,0.164049102039,240,True,True,True,True,True,True,True
equity,ridge,0.34999999999999998,5,389,42050550,431,48fac64612f80bf78a2c71d4b510b5a6835ff84f11793479350e86e91a7f071c,9.9990001000000006e-05,0.00049995000499999996,True,True,,0.415169102495,240,0.415169102495,240,0.415169102495,240,0.24674239732600001,240,0.24674239732600001,240,True,True,True,True,True,True,True
equity,ridge,0.34999999999999998,5,390,42050551,432,b4aa365c008f568e91b3998dc636dafffd1658cf81fb1f4a01bd78250166382c,0.007499250075,0.037496250374999998,True,True,,0.27488231515299999,240,0.27488231515299999,240,0.27488231515299999,240,0.17534150197000001,240,0.17534150197000001,240,True,True,True,True,True,True,True
equity,ridge,0.34999999999999998,5,391,42050552,433,c1a1c69237e30df2a867f24ac904b49d0b3acc85a95ea13041d0c9176fb9c0ba,0.0013998600139999999,0.0069993000699999997,True,True,,0.35845730143100002,240,0.35845730143100002,240,0.35845730143100002,240,0.20456381544499999,240,0.20456381544499999,240,True,True,True,True,True,True,True
equity,ridge,0.34999999999999998,5,392,42050553,434,d276a8aa617f8350917ee1d2a51cb344ac07b842315266b8e13ef715a5c36138,0.0055994400559999996,0.027997200279999999,True,True,,0.35572889254500001,240,0.35572889254500001,240,0.35572889254500001,240,0.18007536029099999,240,0.18007536029099999,240,True,True,True,True,True,True,True
equity,ridge,0.34999999999999998,5,393,42050554,435,a28c507b25b12ab3c485b7852e9dd081d3d0e0e22c790e449bd0b27c9fb553de,0.0013998600139999999,0.0069993000699999997,True,True,,0.44486207750899998,240,0.44486207750899998,240,0.44486207750899998,240,0.205665344576,240,0.205665344576,240,True,True,True,True,True,True,True
equity,ridge,0.34999999999999998,5,394,42050555,436,1cdc5263b77d41277c89b70133d01c8c72b438c2b862316d5d4cbbfc6f6ec752,9.9990001000000006e-05,0.00049995000499999996,True,True,,0.42588250018500001,240,0.42588250018500001,240,0.42588250018500001,240,0.24918828191199999,240,0.24918828191199999,240,True,True,True,True,True,True,True
equity,ridge,0.34999999999999998,5,395,42050556,437,5154de40a023d28c9d7bf44aa615f0e488cd5d340fe0d71b44631893d65eabb4,0.00049995000499999996,0.0024997500250000001,True,True,,0.38171169807700001,240,0.38171169807700001,240,0.38171169807700001,240,0.21601898268299999,240,0.21601898268299999,240,True,True,True,True,True,True,True
equity,ridge,0.34999999999999998,5,396,42050557,438,c1c0df10664428f69bb9efa7c36ffc0fad4a471de8dac9f842f46d8200bf3a51,0.001899810019,0.0094990500949999994,True,True,,0.28736880782599999,240,0.28736880782599999,240,0.28736880782599999,240,0.20301709911599999,240,0.20301709911599999,240,True,True,True,True,True,True,True
equity,ridge,0.34999999999999998,5,397,42050558,439,96032fe1b7b75a918dde258ce7c486751c206a2f26742085809aa82b6342ff08,0.00019998000200000001,0.00099990000999999992,True,True,,0.31071352920599998,240,0.31071352920599998,240,0.31071352920599998,240,0.242202447263,240,0.242202447263,240,True,True,True,True,True,True,True
equity,ridge,0.34999999999999998,5,398,42050559,440,8d10e44755a24674b36367f299ff82bbd85d74657f3ee5770c8d5e2aad1cdb48,0.00299970003,0.01499850015,True,True,,0.38725191834599998,240,0.38725191834599998,240,0.38725191834599998,240,0.186600031729,240,0.186600031729,240,True,True,True,True,True,True,True
equity,ridge,0.34999999999999998,5,399,42050560,441,07fa7e081a0e979333c72c4d95fa34c18cf776d146521969448f8003dda32409,9.9990001000000006e-05,0.00049995000499999996,True,True,,0.396120247762,240,0.396120247762,240,0.396120247762,240,0.273520872947,240,0.273520872947,240,True,True,True,True,True,True,True
equity,ridge,0.34999999999999998,5,400,42050561,442,1ed02f4cc94aa98be1d410edaf52106ea254f3512fdcc41f9bd5ccb5b767c6b1,0.0053994600539999998,0.02699730027,True,True,,0.41856039492300001,240,0.41856039492300001,240,0.41856039492300001,240,0.18110627176399999,240,0.18110627176399999,240,True,True,True,True,True,True,True
equity,ridge,0.34999999999999998,5,401,42050562,443,e171d9774eac2053509be4bb2acb331ea7c6deb538cb4cc9143ba20c7e0135ac,0.00599940006,0.0299970003,True,True,,0.33196181425999999,240,0.33196181425999999,240,0.33196181425999999,240,0.180333110873,240,0.180333110873,240,True,True,True,True,True,True,True
equity,ridge,0.34999999999999998,5,402,42050563,444,07d3d7b3090877c570a6e9ab61fd35c7bfb2c7f1b70b1872b8d49b88503cbc8d,0.001699830017,0.0084991500850000005,True,True,,0.35621532659600003,240,0.35621532659600003,240,0.35621532659600003,240,0.21405819043400001,240,0.21405819043400001,240,True,True,True,True,True,True,True
equity,ridge,0.34999999999999998,5,403,42050564,445,fff213e7ec20c19657142ce3e66d445e7b9ae2a4c1459b4af608da0a732f622d,0.0019998000199999998,0.0099990001000000005,True,True,,0.40661359501900002,240,0.40661359501900002,240,0.40661359501900002,240,0.200437807223,240,0.200437807223,240,True,True,True,True,True,True,True
equity,ridge,0.34999999999999998,5,404,42050565,446,be9ce1aafa66aa296877f27b8dd85578cb1653b1cd843e43e3af3f0b69ee5c6d,0.0023997600239999998,0.01199880012,True,True,,0.33099238973799999,240,0.33099238973799999,240,0.33099238973799999,240,0.194054753558,240,0.194054753558,240,True,True,True,True,True,True,True
equity,ridge,0.34999999999999998,5,405,42050566,447,90ab0aef1a9330078b947a3ae4dd62ebd1bf9278d24a2ea07c5452cbc49d1e6b,9.9990001000000006e-05,0.00049995000499999996,True,True,,0.461912871758,240,0.461912871758,240,0.461912871758,240,0.28675684777799998,240,0.28675684777799998,240,True,True,True,True,True,True,True
equity,ridge,0.34999999999999998,5,406,42050567,448,01b6de315f0288995fe54a55747a154451f30a1f2c356e9bd6cdfa4043e70ba7,0.0054994500549999997,0.027497250274999999,True,True,,0.35232420532399999,240,0.35232420532399999,240,0.35232420532399999,240,0.17859874270199999,240,0.17859874270199999,240,True,True,True,True,True,True,True
equity,ridge,0.34999999999999998,5,407,42050568,449,f1f534d9d7688c88d781b5e37145b628365281b04e3a17251da6beb91d472112,0.00029997000299999998,0.001499850015,True,True,,0.30868430615600001,240,0.30868430615600001,240,0.30868430615600001,240,0.232413110974,240,0.232413110974,240,True,True,True,True,True,True,True
equity,ridge,0.34999999999999998,5,408,42050569,450,588a12796e03ea9ed060fb9cdaa62515e806b94b3abe4d8eb0aab55b8bda7896,0.011498850115000001,0.057494250575000003,False,True,,0.35526048984800002,240,0.35526048984800002,240,0.35526048984800002,240,0.16479914268000001,240,0.16479914268000001,240,True,True,True,True,True,True,True
equity,ridge,0.34999999999999998,5,409,42050570,451,ba432f480d29a5e8c22633f57c83ae7778aa3c3077091164e286552d8a43eec7,0.011498850115000001,0.057494250575000003,False,True,,0.31486481174800002,240,0.31486481174800002,240,0.31486481174800002,240,0.16192365785599999,240,0.16192365785599999,240,True,True,True,True,True,True,True
equity,ridge,0.34999999999999998,5,410,42050571,452,b6de789635574117c41ebb72d7e47f8d7bf40d075a92a4799e2f66cee05024aa,0.00029997000299999998,0.001499850015,True,True,,0.33941466812999999,240,0.33941466812999999,240,0.33941466812999999,240,0.233045181071,240,0.233045181071,240,True,True,True,True,True,True,True
equity,ridge,0.34999999999999998,5,411,42050572,453,80df24e72f111b8692ea54355d61ecf457d2cba9a3f03b16d6499d46743e1207,0.00019998000200000001,0.00099990000999999992,True,True,,0.37431136493700001,240,0.37431136493700001,240,0.37431136493700001,240,0.23874864451899999,240,0.23874864451899999,240,True,True,True,True,True,True,True
equity,ridge,0.34999999999999998,5,412,42050573,454,932b240f8f0caa2ba2a5f488e15d75b0607f421325a4361d39558356d9be949c,0.00029997000299999998,0.001499850015,True,True,,0.34851822830500001,240,0.34851822830500001,240,0.34851822830500001,240,0.23919439166600001,240,0.23919439166600001,240,True,True,True,True,True,True,True
equity,ridge,0.34999999999999998,5,413,42050574,455,a3387cb1bf1c898134b1f34aa48934cf748f3f7f80303f7661e34d9a08728244,0.0011998800119999999,0.00599940006,True,True,,0.31516950711500002,240,0.31516950711500002,240,0.31516950711500002,240,0.20581421850199999,240,0.20581421850199999,240,True,True,True,True,True,True,True
equity,ridge,0.34999999999999998,5,414,42050575,456,6c9e3d48a3fed7866140f2f3b37c40e206717dba900c91a20d2e0353b57e7d78,0.013898610138999999,0.069493050695000003,False,True,,0.27617946792100001,240,0.27617946792100001,240,0.27617946792100001,240,0.16040891846300001,240,0.16040891846300001,240,True,True,True,True,True,True,True
equity,ridge,0.34999999999999998,5,415,42050576,457,42fdd1d176197d9f0a7cea2cc2a233097abc66023a05bf39332fdad50056b264,9.9990001000000006e-05,0.00049995000499999996,True,True,,0.43614205529400002,240,0.43614205529400002,240,0.43614205529400002,240,0.275434966773,240,0.275434966773,240,True,True,True,True,True,True,True
equity,ridge,0.34999999999999998,5,416,42050577,458,9662beb6090d1e06cbd355b9d9f77b49f18b3a5840491434bcb5f0473e8f6c70,0.00049995000499999996,0.0024997500250000001,True,True,,0.437626968156,240,0.437626968156,240,0.437626968156,240,0.230349178653,240,0.230349178653,240,True,True,True,True,True,True,True
equity,ridge,0.34999999999999998,5,417,42050578,459,5146e98d340b8f22691b0cb31ff2c2b1e7b7a56c46c1dc16cdf9c30a13717ef7,0.0053994600539999998,0.02699730027,True,True,,0.32867870281,240,0.32867870281,240,0.32867870281,240,0.18257563026900001,240,0.18257563026900001,240,True,True,True,True,True,True,True
equity,ridge,0.34999999999999998,5,418,42050579,460,95c65191a2e667afb3882af9cf34c332fe0fdc308cfc3bd8e74fe264e073a1fb,9.9990001000000006e-05,0.00049995000499999996,True,True,,0.37650682433400001,240,0.37650682433400001,240,0.37650682433400001,240,0.26704268928899999,240,0.26704268928899999,240,True,True,True,True,True,True,True
equity,ridge,0.34999999999999998,5,419,42050580,461,063ed9a06af4ac5c417ef7e5fa0cb287a394b0e287188d79858b1b125792901b,0.013398660134,0.066993300670000006,False,True,,0.286399387334,240,0.286399387334,240,0.286399387334,240,0.161822670754,240,0.161822670754,240,True,True,True,True,True,True,True
equity,ridge,0.34999999999999998,5,420,42050581,462,eab2b0ffbd1f1b9195a81d97c8222d723ffe336f947fa10df9bad26046a5dd7f,0.00029997000299999998,0.001499850015,True,True,,0.39578340309600002,240,0.39578340309600002,240,0.39578340309600002,240,0.238201836636,240,0.238201836636,240,True,True,True,True,True,True,True
equity,ridge,0.34999999999999998,5,421,42050582,463,6779e3526b13c504695a75e53a281d8222783c8c4fa7eb02b24a105a70c7de21,0.00029997000299999998,0.001499850015,True,True,,0.30421411029099998,240,0.30421411029099998,240,0.30421411029099998,240,0.242398074381,240,0.242398074381,240,True,True,True,True,True,True,True
equity,ridge,0.34999999999999998,5,422,42050583,464,66954c464c8fd5588ac815095865c3fb16855b600d5ffa5ab640db2033b8e551,0.00039996000400000002,0.0019998000199999998,True,True,,0.48021154829000001,240,0.48021154829000001,240,0.48021154829000001,240,0.25079750416199997,240,0.25079750416199997,240,True,True,True,True,True,True,True
equity,ridge,0.34999999999999998,5,423,42050584,465,2dc10fe97f099f635f76408f36b11e4e647f8507f8ea5d1ab69b8568b04b6f0e,0.0024997500250000001,0.012498750124999999,True,True,,0.38913378905599999,240,0.38913378905599999,240,0.38913378905599999,240,0.20276654790699999,240,0.20276654790699999,240,True,True,True,True,True,True,True
equity,ridge,0.34999999999999998,5,424,42050585,466,4a1b9ae4d68f0ae7f3e65c5427ad1134f574128b654c50d8b04bedda2002b64c,0.0011998800119999999,0.00599940006,True,True,,0.34056389395499997,240,0.34056389395499997,240,0.34056389395499997,240,0.22050400462399999,240,0.22050400462399999,240,True,True,True,True,True,True,True
equity,ridge,0.34999999999999998,5,425,42050586,467,0ee5bcbaf871b7b47301482808b6596797cc105a22756f0d05390e8485cd78f7,0.0011998800119999999,0.00599940006,True,True,,0.36491179390099998,240,0.36491179390099998,240,0.36491179390099998,240,0.21257317408099999,240,0.21257317408099999,240,True,True,True,True,True,True,True
equity,ridge,0.34999999999999998,5,426,42050587,468,54450129063e51ecbafa0c813d8681757c60bedadacef0c0e4055024788e4a92,0.015298470153,0.076492350764999995,False,True,,0.35467543450799999,240,0.35467543450799999,240,0.35467543450799999,240,0.16358846305700001,240,0.16358846305700001,240,True,True,True,True,True,True,True
equity,ridge,0.34999999999999998,5,427,42050588,469,448067079e85d7af2a94a3725fc0ca14d6e12601b3d2206d5ee6380ff7502e7d,0.00059994000599999995,0.00299970003,True,True,,0.353197843924,240,0.353197843924,240,0.353197843924,240,0.22398111939699999,240,0.22398111939699999,240,True,True,True,True,True,True,True
equity,ridge,0.34999999999999998,5,428,42050589,470,d33f194d79f0d690d291f82039f466a82f9c6e6ba499161a89a677c8a1a86c33,0.001499850015,0.007499250075,True,True,,0.33000661663699998,240,0.33000661663699998,240,0.33000661663699998,240,0.201594489406,240,0.201594489406,240,True,True,True,True,True,True,True
equity,ridge,0.34999999999999998,5,429,42050590,471,8991350821a5c8582926fca90792a6b56b15f2832b45619cc619a7812aad1c57,0.00089991000900000004,0.004499550045,True,True,,0.30824537647200001,240,0.30824537647200001,240,0.30824537647200001,240,0.21411979790999999,240,0.21411979790999999,240,True,True,True,True,True,True,True
equity,ridge,0.34999999999999998,5,430,42050591,472,24ded88d520c14ee9c7802da98231088ab7b0246c98e27859ebcf277419ed13f,9.9990001000000006e-05,0.00049995000499999996,True,True,,0.50424691185500004,240,0.50424691185500004,240,0.50424691185500004,240,0.23130236138400001,240,0.23130236138400001,240,True,True,True,True,True,True,True
equity,ridge,0.34999999999999998,5,431,42050592,473,5e4fa9cf23b763ad5223fefbd04174ea31f26da924c3d4519e7d16dec67dd18a,0.001899810019,0.0094990500949999994,True,True,,0.25788665380999998,240,0.25788665380999998,240,0.25788665380999998,240,0.19530462634000001,240,0.19530462634000001,240,True,True,True,True,True,True,True
equity,ridge,0.34999999999999998,5,432,42050593,474,47076037af20d25e8b6960b76c627933217b1a2ed5a2dab332b6871377f2a6bf,9.9990001000000006e-05,0.00049995000499999996,True,True,,0.39615782921600001,240,0.39615782921600001,240,0.39615782921600001,240,0.28763930185100001,240,0.28763930185100001,240,True,True,True,True,True,True,True
equity,ridge,0.34999999999999998,5,433,42050594,475,7372f2e85a967e020437ce872897fe60cd0eabd42ad47bdbe06be4b086e40c23,0.013698630137,0.068493150685000004,False,True,,0.25630821111899998,240,0.25630821111899998,240,0.25630821111899998,240,0.15755636870600001,240,0.15755636870600001,240,True,True,True,True,True,True,True
equity,ridge,0.34999999999999998,5,434,42050595,476,2e8dc88b97566c96275386edc72a2468ccd6ca01a53855af7aebdf8e133a8363,9.9990001000000006e-05,0.00049995000499999996,True,True,,0.35608875213899999,240,0.35608875213899999,240,0.35608875213899999,240,0.27800546737199999,240,0.27800546737199999,240,True,True,True,True,True,True,True
equity,ridge,0.34999999999999998,5,435,42050596,477,1b7de95fa5bf0145652a08fba73086025077a13c5b4bdc300b114867bdc5ac83,0.002599740026,0.012998700130000001,True,True,,0.37424872347100002,240,0.37424872347100002,240,0.37424872347100002,240,0.19878904745500001,240,0.19878904745500001,240,True,True,True,True,True,True,True
equity,ridge,0.34999999999999998,5,436,42050597,478,7dd983e98a78aa1e7589662198587fd1df0cfe7860367e305db50f95729b7403,0.001099890011,0.0054994500549999997,True,True,,0.34359485806000001,240,0.34359485806000001,240,0.34359485806000001,240,0.226567822955,240,0.226567822955,240,True,True,True,True,True,True,True
equity,ridge,0.34999999999999998,5,437,42050598,479,edfc35f7d94fe490f995109b8dc4a632ebc1b107da8e66ae2b59ad1febfc2d28,0.0023997600239999998,0.01199880012,True,True,,0.31914706434899998,240,0.31914706434899998,240,0.31914706434899998,240,0.200727818103,240,0.200727818103,240,True,True,True,True,True,True,True
equity,ridge,0.34999999999999998,5,438,42050599,480,79454b4082e95f5d1beddc30208e2ee28e153379894513f8bab0b5299564cb8f,0.00039996000400000002,0.0019998000199999998,True,True,,0.34495526187999997,240,0.34495526187999997,240,0.34495526187999997,240,0.22908426273900001,240,0.22908426273900001,240,True,True,True,True,True,True,True
equity,ridge,0.34999999999999998,5,439,42050600,481,ed45af7422998548afa631533155cde66075f23c3f0ec796b12f9695b9838e2a,0.001099890011,0.0054994500549999997,True,True,,0.41307579881899997,240,0.41307579881899997,240,0.41307579881899997,240,0.21934753070400001,240,0.21934753070400001,240,True,True,True,True,True,True,True
equity,ridge,0.34999999999999998,5,440,42050601,482,0f34742e34e9171e6733fbeed14e08f2a9d140615d33d010d2f2c46d0531a81f,0.00019998000200000001,0.00099990000999999992,True,True,,0.39558787653799998,240,0.39558787653799998,240,0.39558787653799998,240,0.26657337386000002,240,0.26657337386000002,240,True,True,True,True,True,True,True
equity,ridge,0.34999999999999998,5,441,42050602,483,268e7e0c5aefec5576dad118d51062d3dc5a4dbb17b74061d01fbb5d27667090,0.00059994000599999995,0.00299970003,True,True,,0.38636032715500002,240,0.38636032715500002,240,0.38636032715500002,240,0.22248828291299999,240,0.22248828291299999,240,True,True,True,True,True,True,True
equity,ridge,0.34999999999999998,5,442,42050603,484,3b0353262f8af6c85e69fedd7332b9d18793ae08e643c87b9b136b41f29d0630,0.0094990500949999994,0.047495250475,True,True,,0.27792071290300002,240,0.27792071290300002,240,0.27792071290300002,240,0.16855019560699999,240,0.16855019560699999,240,True,True,True,True,True,True,True
equity,ridge,0.34999999999999998,5,443,42050604,485,f3332b2c002c77f5470ec950d55fa69a544de5e52cf0288c1e16f02ad10e8771,0.001099890011,0.0054994500549999997,True,True,,0.35539453183699998,240,0.35539453183699998,240,0.35539453183699998,240,0.21290853068000001,240,0.21290853068000001,240,True,True,True,True,True,True,True
equity,ridge,0.34999999999999998,5,444,42050605,486,6165bc39d2c8e3421e8b1caf0ec543db6d76e6c85bebca69b88a95e03392cafd,0.001299870013,0.0064993500650000003,True,True,,0.382812652606,240,0.382812652606,240,0.382812652606,240,0.19501531131899999,240,0.19501531131899999,240,True,True,True,True,True,True,True
equity,ridge,0.34999999999999998,5,445,42050606,487,4212457b78a71916b1c07f8b27ce8fd6f56c661fdcfbe2f543a0413b7d13660e,0.001099890011,0.0054994500549999997,True,True,,0.367801486422,240,0.367801486422,240,0.367801486422,240,0.22699665553100001,240,0.22699665553100001,240,True,True,True,True,True,True,True
equity,ridge,0.34999999999999998,5,446,42050607,488,fbf3c78b7ff77396bfad0c0a23b24f0c0ccb3377c58d6e9f6568c1e188c5b409,0.001299870013,0.0064993500650000003,True,True,,0.24549381039099999,240,0.24549381039099999,240,0.24549381039099999,240,0.21179220734500001,240,0.21179220734500001,240,True,True,True,True,True,True,True
equity,ridge,0.34999999999999998,5,447,42050608,489,065c3d3c6ac3477d78e13ec2e851979e04b419764e3c43e386e09901dafaea28,0.00029997000299999998,0.001499850015,True,True,,0.34399356370700002,240,0.34399356370700002,240,0.34399356370700002,240,0.23703011040399999,240,0.23703011040399999,240,True,True,True,True,True,True,True
equity,ridge,0.34999999999999998,5,448,42050609,490,4e3914ef5c4166c7ad26e9e094de4f8a034e9f32570266ac9edd49bf6329f85c,0.0060993900609999999,0.030496950304999999,True,True,,0.313068051588,240,0.313068051588,240,0.313068051588,240,0.17464492281499999,240,0.17464492281499999,240,True,True,True,True,True,True,True
equity,ridge,0.34999999999999998,5,449,42050610,491,c66ec55e730e4b2028285960998b839f6bec5349d9e183ab7ca46747fb4b3b8d,9.9990001000000006e-05,0.00049995000499999996,True,True,,0.38071109999899999,240,0.38071109999899999,240,0.38071109999899999,240,0.30329884183299999,240,0.30329884183299999,240,True,True,True,True,True,True,True
equity,ridge,0.34999999999999998,5,450,42050611,492,070fc3787280998d24f026c9d379a781f42247c0d0adb9495042b85e25205b67,0.0028997100290000001,0.014498550145000001,True,True,,0.25891019831099998,240,0.25891019831099998,240,0.25891019831099998,240,0.189662865066,240,0.189662865066,240,True,True,True,True,True,True,True
equity,ridge,0.34999999999999998,5,451,42050612,493,760080c7210453a5afa7f87f2b335a21278fa16a1d913dd3d12c76f0d3e2e8ce,0.0011998800119999999,0.00599940006,True,True,,0.33178869121100002,240,0.33178869121100002,240,0.33178869121100002,240,0.20374309541899999,240,0.20374309541899999,240,True,True,True,True,True,True,True
equity,ridge,0.34999999999999998,5,452,42050613,494,13061a8af8e4893e7dd18b22e131249260f4796e10750d20b7217d2215370987,9.9990001000000006e-05,0.00049995000499999996,True,True,,0.39629107973099997,240,0.39629107973099997,240,0.39629107973099997,240,0.26841016975699999,240,0.26841016975699999,240,True,True,True,True,True,True,True
equity,ridge,0.34999999999999998,5,453,42050614,495,f6a337395d7f17d87e51c6354b9542ebbd02469945310fe6d9950cfa0325acab,0.00049995000499999996,0.0024997500250000001,True,True,,0.38035892682299999,240,0.38035892682299999,240,0.38035892682299999,240,0.23198197101699999,240,0.23198197101699999,240,True,True,True,True,True,True,True
equity,ridge,0.34999999999999998,5,454,42050615,496,cb205664a12129932dc200a918d5eea1318e0cc518af9a91518d0e22eceedda1,0.015798420157999999,0.078992100790000006,False,True,,0.30507310415099997,240,0.30507310415099997,240,0.30507310415099997,240,0.15913429870500001,240,0.15913429870500001,240,True,True,True,True,True,True,True
equity,ridge,0.34999999999999998,5,455,42050616,497,44047c4b0b7171191855ced32fce58a7abed0f1d30c90f543481e45d47688268,0.0039996000399999997,0.019998000200000001,True,True,,0.42366284240500002,240,0.42366284240500002,240,0.42366284240500002,240,0.196663682402,240,0.196663682402,240,True,True,True,True,True,True,True
equity,ridge,0.34999999999999998,5,456,42050617,498,054ae2b8e438b2cdf377c91c2aa3fe8e33d9520b55ac13695117e9b3a0d93e36,0.011198880111999999,0.055994400559999997,False,True,,0.25318264802899998,240,0.25318264802899998,240,0.25318264802899998,240,0.16498727698900001,240,0.16498727698900001,240,True,True,True,True,True,True,True
equity,ridge,0.34999999999999998,5,457,42050618,499,6026a94643050c96339b7e2a75799763365bdb73e4b578d6fe6027b31a4421ac,9.9990001000000006e-05,0.00049995000499999996,True,True,,0.35161955546200002,240,0.35161955546200002,240,0.35161955546200002,240,0.24705498261299999,240,0.24705498261299999,240,True,True,True,True,True,True,True
equity,ridge,0.34999999999999998,5,458,42050619,500,d5e91d811e7b54c96dd3123eecf40891fd510988a09cb94648045ffc7785b60a,0.00059994000599999995,0.00299970003,True,True,,0.35232231336999997,240,0.35232231336999997,240,0.35232231336999997,240,0.21812793926099999,240,0.21812793926099999,240,True,True,True,True,True,True,True
equity,ridge,0.34999999999999998,5,459,42050620,501,3eac73e19b12f23609e2957547785e7e833d0257f6fd2061f73b7d9faf42d145,0.0032996700330000001,0.016498350165000002,True,True,,0.352456396389,240,0.352456396389,240,0.352456396389,240,0.193796606782,240,0.193796606782,240,True,True,True,True,True,True,True
equity,ridge,0.34999999999999998,5,460,42050621,502,33f6f90cea7f9b501fe081ef0f2be2e64c23d7530d6bfc3ea51033b043338eb4,0.00019998000200000001,0.00099990000999999992,True,True,,0.3687964232,240,0.3687964232,240,0.3687964232,240,0.25788600081200003,240,0.25788600081200003,240,True,True,True,True,True,True,True
equity,ridge,0.34999999999999998,5,461,42050622,503,a1d4e679adf46b7f1d13ab4894e67c5a696fcf0c20f54687e58b58dea14c291d,0.010898910108999999,0.054494550544999999,False,True,,0.33447690317099998,240,0.33447690317099998,240,0.33447690317099998,240,0.16322893848,240,0.16322893848,240,True,True,True,True,True,True,True
equity,ridge,0.34999999999999998,5,462,42050623,504,ae77e96e2d61822617688cace5aafd63a14fca542f88516e858227443523834c,0.00029997000299999998,0.001499850015,True,True,,0.33917421604199999,240,0.33917421604199999,240,0.33917421604199999,240,0.24686003761700001,240,0.24686003761700001,240,True,True,True,True,True,True,True
equity,ridge,0.34999999999999998,5,463,42050624,505,4cde6569940145a45998bc90525ace03d8268ff5bfc4719a889f61ff25da2a13,0.00019998000200000001,0.00099990000999999992,True,True,,0.34160321976000002,240,0.34160321976000002,240,0.34160321976000002,240,0.25325160544100001,240,0.25325160544100001,240,True,True,True,True,True,True,True
equity,ridge,0.34999999999999998,5,464,42050625,506,f741f0692ebccdc85abc021c47f891d399e140fdb927d8a94304ee1b70467479,0.0021997800220000001,0.010998900109999999,True,True,,0.33002200540999999,240,0.33002200540999999,240,0.33002200540999999,240,0.19683564214300001,240,0.19683564214300001,240,True,True,True,True,True,True,True
equity,ridge,0.34999999999999998,5,465,42050626,507,99911773d5c17611a9136a73e7b166b8078e9fe1e291f0cb0df301ecfd124997,9.9990001000000006e-05,0.00049995000499999996,True,True,,0.457668577573,240,0.457668577573,240,0.457668577573,240,0.35054892934800003,240,0.35054892934800003,240,True,True,True,True,True,True,True
equity,ridge,0.34999999999999998,5,466,42050627,508,c7dfa9744e2a3aeee514f17fee3410affa8763194aee78ebd6f5adc98c3d7e12,0.029297070293000001,0.146485351465,False,True,,0.31145723686600002,240,0.31145723686600002,240,0.31145723686600002,240,0.14236605586500001,240,0.14236605586500001,240,True,True,True,True,True,True,True
equity,ridge,0.34999999999999998,5,467,42050628,509,dc04832f75c936e830323ff971f8990e5eb2372d0c999eb39ac6259faea099d1,0.001099890011,0.0054994500549999997,True,True,,0.40306524494200002,240,0.40306524494200002,240,0.40306524494200002,240,0.20621197038799999,240,0.20621197038799999,240,True,True,True,True,True,True,True
equity,ridge,0.34999999999999998,5,468,42050629,510,b229d9b3363e791f925e90c53ff0040b52ed7297c4459ed628788042536fe921,0.00019998000200000001,0.00099990000999999992,True,True,,0.34308713105400002,240,0.34308713105400002,240,0.34308713105400002,240,0.24028832211600001,240,0.24028832211600001,240,True,True,True,True,True,True,True
equity,ridge,0.34999999999999998,5,469,42050630,511,838d822485967ccde7215b2ee82fb4ccb192df2133b84bd85826f4e4a6007004,0.00019998000200000001,0.00099990000999999992,True,True,,0.389079567234,240,0.389079567234,240,0.389079567234,240,0.224043959968,240,0.224043959968,240,True,True,True,True,True,True,True
equity,ridge,0.34999999999999998,5,470,42050631,512,7dde82caf296aab017f4c85b042b8e648cecf7d00cb02b18f2366d08c829ceca,0.0015998400160000001,0.0079992000799999994,True,True,,0.38894665631499997,240,0.38894665631499997,240,0.38894665631499997,240,0.21377639862799999,240,0.21377639862799999,240,True,True,True,True,True,True,True
equity,ridge,0.34999999999999998,5,471,42050632,513,03bb775c7b0ab01237adfcaed51fc0304cafdea2dc90d57145a0a4939514bfca,0.00039996000400000002,0.0019998000199999998,True,True,,0.36441035609900002,240,0.36441035609900002,240,0.36441035609900002,240,0.23939687233199999,240,0.23939687233199999,240,True,True,True,True,True,True,True
equity,ridge,0.34999999999999998,5,472,42050633,514,b52a864d4a84ea0671dd32e360f938cf6f7e231bbb8d6946a4b113e6e1fc668f,0.00069993000699999995,0.0034996500349999998,True,True,,0.35016070564599999,240,0.35016070564599999,240,0.35016070564599999,240,0.21441704552800001,240,0.21441704552800001,240,True,True,True,True,True,True,True
equity,ridge,0.34999999999999998,5,473,42050634,515,fdd04044197dffe7a287fedcfd2308110cb9324b90639dc98db63b5f6483894a,0.001499850015,0.007499250075,True,True,,0.35080636103099999,240,0.35080636103099999,240,0.35080636103099999,240,0.21077516507300001,240,0.21077516507300001,240,True,True,True,True,True,True,True
equity,ridge,0.34999999999999998,5,474,42050635,516,602d1a4864bc0d54b027855667851b0ab7b8eb2ce44146a7a9f871dc389246b2,0.003699630037,0.018498150184999999,True,True,,0.36783429458,240,0.36783429458,240,0.36783429458,240,0.18378726841599999,240,0.18378726841599999,240,True,True,True,True,True,True,True
equity,ridge,0.34999999999999998,5,475,42050636,517,1b1f43ef070421d99b2f630ffe71958261d13a336ae6c3e03b20474881d41dc4,0.00049995000499999996,0.0024997500250000001,True,True,,0.392197875636,240,0.392197875636,240,0.392197875636,240,0.242492186503,240,0.242492186503,240,True,True,True,True,True,True,True
equity,ridge,0.34999999999999998,5,476,42050637,518,88fbefee3190d130f16a89d1cba9fccc3a73852d3b98b9fb64132d5cb186ef97,0.066493350665000006,0.33246675332499998,False,False,,0.360801094406,240,0.360801094406,240,0.360801094406,240,0.12071380628599999,240,0.12071380628599999,240,True,True,True,True,True,True,True
equity,ridge,0.34999999999999998,5,477,42050638,519,7dca3bf6f9a8daa6cbdb32376c37479e95f8638f446e453d1314b2fa11a70a59,0.010398960104,0.051994800520000002,False,True,,0.32164740649500001,240,0.32164740649500001,240,0.32164740649500001,240,0.165237181062,240,0.165237181062,240,True,True,True,True,True,True,True
equity,ridge,0.34999999999999998,5,478,42050639,520,f840f3955fb0197c61e57e0f0e5c9438fe5460ff9ae87a11b9d283fa368deeff,0.00019998000200000001,0.00099990000999999992,True,True,,0.33880534553399999,240,0.33880534553399999,240,0.33880534553399999,240,0.23884268282400001,240,0.23884268282400001,240,True,True,True,True,True,True,True
equity,ridge,0.34999999999999998,5,479,42050640,521,ac1d1019beb66a79141574328a3ea2e9b75952f33f0b73d245e61b06810f3fb5,0.0030996900309999999,0.015498450154999999,True,True,,0.33677324031700001,240,0.33677324031700001,240,0.33677324031700001,240,0.18535698868299999,240,0.18535698868299999,240,True,True,True,True,True,True,True
equity,ridge,0.34999999999999998,5,480,42050641,522,6b9ca054f7683afbedbfb4c744dc133d1c0642c6ea2c8011bfc0a51e5cbe98cb,0.011098890110999999,0.055494450554999998,False,True,,0.24611154457199999,240,0.24611154457199999,240,0.24611154457199999,240,0.161096165608,240,0.161096165608,240,True,True,True,True,True,True,True
equity,ridge,0.34999999999999998,5,481,42050642,523,00b42a0817ee3be275de6773b0d3d2fd26e0ae006d3b60a0427c4e30e2403439,0.001499850015,0.007499250075,True,True,,0.33235113734299998,240,0.33235113734299998,240,0.33235113734299998,240,0.20915006480600001,240,0.20915006480600001,240,True,True,True,True,True,True,True
equity,ridge,0.34999999999999998,5,482,42050643,524,0dcd6639b1efb79d23f4c614c45292e276bb49d7013eab5c849ab274ddd9411c,0.0030996900309999999,0.015498450154999999,True,True,,0.25998757942900003,240,0.25998757942900003,240,0.25998757942900003,240,0.191881811052,240,0.191881811052,240,True,True,True,True,True,True,True
equity,ridge,0.34999999999999998,5,483,42050644,525,0dbfbeb69b533896a8d1e7e2fcf2f9444d3eb58a06a8ac923856a51974548ffc,0.00029997000299999998,0.001499850015,True,True,,0.35212843075599998,240,0.35212843075599998,240,0.35212843075599998,240,0.22469191724000001,240,0.22469191724000001,240,True,True,True,True,True,True,True
equity,ridge,0.34999999999999998,5,484,42050645,526,79aad656ed97e43b3bf9c9028f13221544c7ab928096e8e32d8f5a9f274050d5,0.0076992300769999997,0.038496150384999997,True,True,,0.368552774995,240,0.368552774995,240,0.368552774995,240,0.17265972043799999,240,0.17265972043799999,240,True,True,True,True,True,True,True
equity,ridge,0.34999999999999998,5,485,42050646,527,8f7060c14282685e0dc529c3212ff45cb4284c23997103a0ca8b9d241a7fd34e,0.00059994000599999995,0.00299970003,True,True,,0.38426611990499998,240,0.38426611990499998,240,0.38426611990499998,240,0.23775663515000001,240,0.23775663515000001,240,True,True,True,True,True,True,True
equity,ridge,0.34999999999999998,5,486,42050647,528,8d510e8db1a35ef1e23a820336247f3b517a3b12da3220f99f926b822a25093f,0.00049995000499999996,0.0024997500250000001,True,True,,0.42586684252099999,240,0.42586684252099999,240,0.42586684252099999,240,0.224433752514,240,0.224433752514,240,True,True,True,True,True,True,True
equity,ridge,0.34999999999999998,5,487,42050648,529,d09c2a91ba41f7e2051382aa478326c2b6e1afe0821af5193da05d41f637518b,0.011598840116,0.057994200580000002,False,True,,0.32400596162099998,240,0.32400596162099998,240,0.32400596162099998,240,0.16294781982000001,240,0.16294781982000001,240,True,True,True,True,True,True,True
equity,ridge,0.34999999999999998,5,488,42050649,530,5db73d0dacd8305673581f3a33a58711aa48fb523b53c231d8cff087d87f107f,9.9990001000000006e-05,0.00049995000499999996,True,True,,0.42445374267800001,240,0.42445374267800001,240,0.42445374267800001,240,0.26823888004899998,240,0.26823888004899998,240,True,True,True,True,True,True,True
equity,ridge,0.34999999999999998,5,489,42050650,531,8205110af5e783511faa4a215b826852270beb7f81eca04206232eda8f6c36b3,0.0046995300469999998,0.023497650235,True,True,,0.30833252459600002,240,0.30833252459600002,240,0.30833252459600002,240,0.179301788002,240,0.179301788002,240,True,True,True,True,True,True,True
equity,ridge,0.34999999999999998,5,490,42050651,532,c236808827f5505d86ef1e7dd6507cafd614ba1d99f1e66e67b87d4770817430,0.0013998600139999999,0.0069993000699999997,True,True,,0.29152409032400001,240,0.29152409032400001,240,0.29152409032400001,240,0.20246177450899999,240,0.20246177450899999,240,True,True,True,True,True,True,True
equity,ridge,0.34999999999999998,5,491,42050652,533,4f8065f1feebe3302ba72a71fbb7e147c82f99060724e0033bedbbdc22363eaa,0.062793720627999997,0.31396860314000002,False,False,,0.38240632061899998,240,0.38240632061899998,240,0.38240632061899998,240,0.121026487736,240,0.121026487736,240,True,True,True,True,True,True,True
equity,ridge,0.34999999999999998,5,492,42050653,534,bcdcece97ea084540487cdb6f03a5be1d9e9454a6b4fce4f327977b451b8f284,0.0011998800119999999,0.00599940006,True,True,,0.36938116440500002,240,0.36938116440500002,240,0.36938116440500002,240,0.20845527319900001,240,0.20845527319900001,240,True,True,True,True,True,True,True
equity,ridge,0.34999999999999998,5,493,42050654,535,684af3708f48672738f280b50df5a75095974d999d09fdcc4ac23f7ba2531e9d,0.00019998000200000001,0.00099990000999999992,True,True,,0.41656839797799999,240,0.41656839797799999,240,0.41656839797799999,240,0.23577983629900001,240,0.23577983629900001,240,True,True,True,True,True,True,True
equity,ridge,0.34999999999999998,5,494,42050655,536,84486820f56c054c42bc3a1f3fd05934f625d7eb30bbf6353aaac4ef196f51a2,0.00089991000900000004,0.004499550045,True,True,,0.42852459271900001,240,0.42852459271900001,240,0.42852459271900001,240,0.22045720252699999,240,0.22045720252699999,240,True,True,True,True,True,True,True
equity,ridge,0.34999999999999998,5,495,42050656,537,3290d10de8e4a6bff1fce52f8140d4d538a262f2716f515e4fb5a5ccd40fb7c9,0.013298670133,0.066493350665000006,False,True,,0.34523539911899997,240,0.34523539911899997,240,0.34523539911899997,240,0.15785295746399999,240,0.15785295746399999,240,True,True,True,True,True,True,True
equity,ridge,0.34999999999999998,5,496,42050657,538,d4105ae06ae65d25cb7221d9c079a5562e768f25b8d05e00b0519aa42b82012a,0.00039996000400000002,0.0019998000199999998,True,True,,0.39054919115100001,240,0.39054919115100001,240,0.39054919115100001,240,0.26801187184399999,240,0.26801187184399999,240,True,True,True,True,True,True,True
equity,ridge,0.34999999999999998,5,497,42050658,539,8e4446a5c5d2d899e728532e28c35ee66961dd422348f567531e634b0e0065e8,0.00029997000299999998,0.001499850015,True,True,,0.38523440859500002,240,0.38523440859500002,240,0.38523440859500002,240,0.25307183912300002,240,0.25307183912300002,240,True,True,True,True,True,True,True
equity,ridge,0.34999999999999998,5,498,42050659,540,78f0057a0073162ba8695f63c7de89750c4e53deaeab7a5f2107afb504a8b0ef,0.007499250075,0.037496250374999998,True,True,,0.28392324228900001,240,0.28392324228900001,240,0.28392324228900001,240,0.171488940092,240,0.171488940092,240,True,True,True,True,True,True,True
equity,ridge,0.34999999999999998,5,499,42050660,541,ac98ad757fe6f9057ee0419c82f5a8f456c019e02659529594c44d13f3ecb879,0.0055994400559999996,0.027997200279999999,True,True,,0.37652170700999998,240,0.37652170700999998,240,0.37652170700999998,240,0.17780132114899999,240,0.17780132114899999,240,True,True,True,True,True,True,True
equity,ridge,0.34999999999999998,5,500,42050661,542,6e1299b5e1ad1ad2f364b42d4df603dc07450474c9a969db20aafe4d477a8bfa,0.00029997000299999998,0.001499850015,True,True,,0.33386040355000002,240,0.33386040355000002,240,0.33386040355000002,240,0.231123352103,240,0.231123352103,240,True,True,True,True,True,True,True
equity,ridge,0.34999999999999998,5,501,42050662,543,1b3d1199c4e0efce618c1e66ce8cc3721157b58df2c59b22ff4388dc29099daa,0.0049995000500000003,0.024997500249999999,True,True,,0.30570656303600002,240,0.30570656303600002,240,0.30570656303600002,240,0.183404150829,240,0.183404150829,240,True,True,True,True,True,True,True
equity,ridge,0.34999999999999998,5,502,42050663,544,d63922a8beba5f4acbea64fb41e00d62a88f827a41279367d7634ea0ad18e0d7,0.0017998200180000001,0.00899910009,True,True,,0.46341946516100002,240,0.46341946516100002,240,0.46341946516100002,240,0.21215064609500001,240,0.21215064609500001,240,True,True,True,True,True,True,True
equity,ridge,0.34999999999999998,5,503,42050664,545,935882f08a171a7bf5eb24521ef353a41552d08dda0e260ec3bac18ed6ce40dd,0.0013998600139999999,0.0069993000699999997,True,True,,0.33721170914699999,240,0.33721170914699999,240,0.33721170914699999,240,0.211244604142,240,0.211244604142,240,True,True,True,True,True,True,True
equity,ridge,0.34999999999999998,5,504,42050665,546,2aa96408005a3cca8fae48f6eb72dd5ed8b0c776b613db11c620e3b2fc67d510,0.00019998000200000001,0.00099990000999999992,True,True,,0.39740151555199998,240,0.39740151555199998,240,0.39740151555199998,240,0.243328098213,240,0.243328098213,240,True,True,True,True,True,True,True
equity,ridge,0.34999999999999998,5,505,42050666,547,8ba9868cbfd935945c4c7aa2ca3f3cf04165afecf26a745c2f27bd7ec59aee12,9.9990001000000006e-05,0.00049995000499999996,True,True,,0.43947829870900001,240,0.43947829870900001,240,0.43947829870900001,240,0.26394812775900001,240,0.26394812775900001,240,True,True,True,True,True,True,True
equity,ridge,0.34999999999999998,5,506,42050667,548,9ae8f14c14273b91d6d76d20e90f3f87c22f0bcb4b6f19546b4222653efa0fad,0.001699830017,0.0084991500850000005,True,True,,0.40686499521800001,240,0.40686499521800001,240,0.40686499521800001,240,0.209939826867,240,0.209939826867,240,True,True,True,True,True,True,True
equity,ridge,0.34999999999999998,5,507,42050668,549,d3ab5b27e5589d0965bb1b509f0fa65bd42e89cfbaa41f48accbbfcc4ec9072b,0.001099890011,0.0054994500549999997,True,True,,0.351807408973,240,0.351807408973,240,0.351807408973,240,0.213361575011,240,0.213361575011,240,True,True,True,True,True,True,True
equity,ridge,0.34999999999999998,5,508,42050669,550,bc5d70ed40c4cd88cedce7ceb931b30d53a2ea24ac8581a059e325ce237e1815,0.033796620338000002,0.16898310169,False,True,,0.21755976845300001,240,0.21755976845300001,240,0.21755976845300001,240,0.137302790003,240,0.137302790003,240,True,True,True,True,True,True,True
equity,ridge,0.34999999999999998,5,509,42050670,551,4200e530b7fe23f823ae8247ebaf6bdc4a6d7a53c55753bc9628bacceb003eb9,0.00089991000900000004,0.004499550045,True,True,,0.36818633331,240,0.36818633331,240,0.36818633331,240,0.218089784121,240,0.218089784121,240,True,True,True,True,True,True,True
equity,ridge,0.34999999999999998,5,510,42050671,552,9a3aeec0762448dc1b25f737d2a8c313f68c9d73724e688bfeac2305dadb78e6,0.001499850015,0.007499250075,True,True,,0.361488843068,240,0.361488843068,240,0.361488843068,240,0.21036161704699999,240,0.21036161704699999,240,True,True,True,True,True,True,True
equity,ridge,0.34999999999999998,5,511,42050672,553,6d49f954d2e5343bd6cc02950ae88cb6ad20d4f01425b25002101d0ae48cd2b7,0.00019998000200000001,0.00099990000999999992,True,True,,0.36865420151900002,240,0.36865420151900002,240,0.36865420151900002,240,0.246227074937,240,0.246227074937,240,True,True,True,True,True,True,True
equity,ridge,0.34999999999999998,5,512,42050673,554,37faffae254a1808e085432889140b25a6c0290db5812a11f3a17000ead8ed3a,0.00049995000499999996,0.0024997500250000001,True,True,,0.42985978687800003,240,0.42985978687800003,240,0.42985978687800003,240,0.24937601068500001,240,0.24937601068500001,240,True,True,True,True,True,True,True
equity,ridge,0.34999999999999998,5,513,42050674,555,a143ebc1cd6456b9209e9d39fc18386f3efc2568d2e907fb2d2f8c597755788d,0.00029997000299999998,0.001499850015,True,True,,0.34957371530699999,240,0.34957371530699999,240,0.34957371530699999,240,0.24486800788499999,240,0.24486800788499999,240,True,True,True,True,True,True,True
equity,ridge,0.34999999999999998,5,514,42050675,556,1d1c8174a5d6335af741fa8d1fe3167d519a3a663bbd241af5df02d5491ab938,0.0011998800119999999,0.00599940006,True,True,,0.332788667797,240,0.332788667797,240,0.332788667797,240,0.21112683013700001,240,0.21112683013700001,240,True,True,True,True,True,True,True
equity,ridge,0.34999999999999998,5,515,42050676,557,8fc7a99019b1625782b40f568366d21104b668afa39f1b5747ec26ca3a2d5037,0.0035996400360000002,0.01799820018,True,True,,0.32508503888500001,240,0.32508503888500001,240,0.32508503888500001,240,0.186818695205,240,0.186818695205,240,True,True,True,True,True,True,True
equity,ridge,0.34999999999999998,5,516,42050677,558,e8326369842cb5b7f115fb8152d5359a0fc7c1a9c6ea281001e7dfb9ec24c4e7,9.9990001000000006e-05,0.00049995000499999996,True,True,,0.50001892613499999,240,0.50001892613499999,240,0.50001892613499999,240,0.324505276309,240,0.324505276309,240,True,True,True,True,True,True,True
equity,ridge,0.34999999999999998,5,517,42050678,559,5aabd3a4f85f10e8efaac749c9dda30af449a5dc2e0685d068e90c2b155d3cb3,0.001699830017,0.0084991500850000005,True,True,,0.37899945881399999,240,0.37899945881399999,240,0.37899945881399999,240,0.201469426827,240,0.201469426827,240,True,True,True,True,True,True,True
equity,ridge,0.34999999999999998,5,518,42050679,560,7ef67261b39ec41dbb8d820416cc20fbb26aca5816d7ee250598d9f7cc683c5f,0.0011998800119999999,0.00599940006,True,True,,0.35413691475499998,240,0.35413691475499998,240,0.35413691475499998,240,0.20538471332899999,240,0.20538471332899999,240,True,True,True,True,True,True,True
equity,ridge,0.34999999999999998,5,519,42050680,561,5b3feae3f2913c639b2ddc70c96ed2546dbfa58b571c051fb8b6059940a5c054,0.00019998000200000001,0.00099990000999999992,True,True,,0.40604329706800002,240,0.40604329706800002,240,0.40604329706800002,240,0.26242524567300002,240,0.26242524567300002,240,True,True,True,True,True,True,True
equity,ridge,0.34999999999999998,5,520,42050681,562,94c27eee43871c1c59dfaa3017bcddd47ab9aea9c48c23e4a0797307e61d745b,0.00019998000200000001,0.00099990000999999992,True,True,,0.331874729147,240,0.331874729147,240,0.331874729147,240,0.242953334878,240,0.242953334878,240,True,True,True,True,True,True,True
equity,ridge,0.34999999999999998,5,521,42050682,563,273e50c16241b65adcf3a71261ea78fb7f8b3b83bf68ea4c4c40255960c09620,0.00069993000699999995,0.0034996500349999998,True,True,,0.33339857543500001,240,0.33339857543500001,240,0.33339857543500001,240,0.21277614087800001,240,0.21277614087800001,240,True,True,True,True,True,True,True
equity,ridge,0.34999999999999998,5,522,42050683,564,c8692cbfe70fde4a654fd0c05860a2039d40f062bd20a5a810a84c86381835a4,0.035196480352000001,0.17598240175999999,False,True,,0.25335380548899999,240,0.25335380548899999,240,0.25335380548899999,240,0.13800611646800001,240,0.13800611646800001,240,True,True,True,True,True,True,True
equity,ridge,0.34999999999999998,5,523,42050684,565,bfa09ea068467eec2c2cc6ffe645f5756e989365de925cf3e0c314359e4f1ed8,0.168583141686,0.84291570842999997,False,False,,0.29452226220599997,240,0.29452226220599997,240,0.29452226220599997,240,0.091482741630000003,240,0.091482741630000003,240,True,True,True,True,True,True,True
equity,ridge,0.34999999999999998,5,524,42050685,566,941b8c567d1ca47e7ab6bddfe14332f74013803dc257e397b203fb380b8b3bd1,0.00089991000900000004,0.004499550045,True,True,,0.31559111137899998,240,0.31559111137899998,240,0.31559111137899998,240,0.21584648552300001,240,0.21584648552300001,240,True,True,True,True,True,True,True
equity,ridge,0.34999999999999998,5,525,42050686,567,0b48d117afcd0d4ef1e7a7bbde3ce72a09c9e4c516fe44b3585806ea4480f94d,9.9990001000000006e-05,0.00049995000499999996,True,True,,0.43182877347400001,240,0.43182877347400001,240,0.43182877347400001,240,0.262362524529,240,0.262362524529,240,True,True,True,True,True,True,True
equity,ridge,0.34999999999999998,5,526,42050687,568,2160ba37ac04a23fbae4883f615092e6bf6c8260b5e9e607620a9bf94baff6ac,0.024697530246999999,0.123487651235,False,True,,0.30195547255900002,240,0.30195547255900002,240,0.30195547255900002,240,0.14543671427999999,240,0.14543671427999999,240,True,True,True,True,True,True,True
equity,ridge,0.34999999999999998,5,527,42050688,569,ab328d17df50beaee590e6f1412d8aadbe6447d9b442451c7179cdf18672a49f,0.0057994200580000002,0.028997100290000001,True,True,,0.27245040014499999,240,0.27245040014499999,240,0.27245040014499999,240,0.18261437869399999,240,0.18261437869399999,240,True,True,True,True,True,True,True
equity,ridge,0.34999999999999998,5,528,42050689,570,7bcdc5682b42e4fd15d01d2affc5038fe694544b127afcb704d41fe8bb089ff8,0.001899810019,0.0094990500949999994,True,True,,0.34327469277599998,240,0.34327469277599998,240,0.34327469277599998,240,0.21141608746000001,240,0.21141608746000001,240,True,True,True,True,True,True,True
equity,ridge,0.34999999999999998,5,529,42050690,571,cc2c8c2bae59f9a7a1c98176958f6ed970a1dab76f54bb668c35d8728f0c88c0,0.00029997000299999998,0.001499850015,True,True,,0.37968019915000001,240,0.37968019915000001,240,0.37968019915000001,240,0.249751053719,240,0.249751053719,240,True,True,True,True,True,True,True
equity,ridge,0.34999999999999998,5,530,42050691,572,30c04aef95419737232b8e4b9d7ca5a3c7b65a9cf2ce9e7b047f2a55b0eef1dc,0.025497450255000002,0.12748725127499999,False,True,,0.30606445081400002,240,0.30606445081400002,240,0.30606445081400002,240,0.14409267845400001,240,0.14409267845400001,240,True,True,True,True,True,True,True
equity,ridge,0.34999999999999998,5,531,42050692,573,d186586eae686b36e12f7c5dca30170935df02bf6d38d047c2904c4204cec6cb,0.001299870013,0.0064993500650000003,True,True,,0.327359272004,240,0.327359272004,240,0.327359272004,240,0.19560156714999999,240,0.19560156714999999,240,True,True,True,True,True,True,True
equity,ridge,0.34999999999999998,5,532,42050693,574,bff9ea727dfa0286d9963530da0908259ac0badeb0e6d0d41df1be2b7d9d30a8,0.0021997800220000001,0.010998900109999999,True,True,,0.45917671692399997,240,0.45917671692399997,240,0.45917671692399997,240,0.19340531609600001,240,0.19340531609600001,240,True,True,True,True,True,True,True
equity,ridge,0.34999999999999998,5,533,42050694,575,a02e310092013d68de17303558dd43ca4f38eefa744e5df2d623e72bc2b9f77e,0.010598940106,0.052994700530000001,False,True,,0.27102025494799997,240,0.27102025494799997,240,0.27102025494799997,240,0.163455126087,240,0.163455126087,240,True,True,True,True,True,True,True
equity,ridge,0.34999999999999998,5,534,42050695,576,d27797135b8ed34ff181849a7969a8d9da02963f4bf828132080b21ae15ee3fd,0.00049995000499999996,0.0024997500250000001,True,True,,0.300299483747,240,0.300299483747,240,0.300299483747,240,0.239577134306,240,0.239577134306,240,True,True,True,True,True,True,True
equity,ridge,0.34999999999999998,5,535,42050696,577,c1f56ea86cb0392fc9b46ae3a34ce024aa7b2667080be699b48616cfcaae230c,0.00599940006,0.0299970003,True,True,,0.27749091612499999,240,0.27749091612499999,240,0.27749091612499999,240,0.17890355493099999,240,0.17890355493099999,240,True,True,True,True,True,True,True
equity,ridge,0.34999999999999998,5,536,42050697,578,90b3c94437211e9e2775813efbc316cbf896460ead7120b3e633d5598c381c28,9.9990001000000006e-05,0.00049995000499999996,True,True,,0.404948911626,240,0.404948911626,240,0.404948911626,240,0.23644408023800001,240,0.23644408023800001,240,True,True,True,True,True,True,True
equity,ridge,0.34999999999999998,5,537,42050698,579,4160bdec3a53dc02a8f893840b68051b5efd4868db318300bd97385e0d70105d,0.003399660034,0.016998300170000001,True,True,,0.42783535232699998,240,0.42783535232699998,240,0.42783535232699998,240,0.19056882972299999,240,0.19056882972299999,240,True,True,True,True,True,True,True
equity,ridge,0.34999999999999998,5,538,42050699,580,77357824108e9332b3a9f02057b571411d171a30d83f0969571e24fd1be8304f,9.9990001000000006e-05,0.00049995000499999996,True,True,,0.323021508437,240,0.323021508437,240,0.323021508437,240,0.285639948925,240,0.285639948925,240,True,True,True,True,True,True,True
equity,ridge,0.34999999999999998,5,539,42050700,581,0dd0bba0d4729b66705ba9eac8ab3096c99d5b2397dd4f65f1db8def22e07b92,9.9990001000000006e-05,0.00049995000499999996,True,True,,0.41516127430400002,240,0.41516127430400002,240,0.41516127430400002,240,0.28272524383300002,240,0.28272524383300002,240,True,True,True,True,True,True,True
equity,ridge,0.34999999999999998,5,540,42050701,582,084855faf35af0bc113bf7f930ac614e8ca40d7042389f52a62be6282759e12c,0.0079992000799999994,0.039996000400000002,True,True,,0.36995884196700002,240,0.36995884196700002,240,0.36995884196700002,240,0.17142555715800001,240,0.17142555715800001,240,True,True,True,True,True,True,True
equity,ridge,0.34999999999999998,5,541,42050702,583,4b52120839574b491b3f9409724e8038c48fde8bdf341add467c91c9c5288ad0,0.00019998000200000001,0.00099990000999999992,True,True,,0.39433821348499998,240,0.39433821348499998,240,0.39433821348499998,240,0.26293243709300002,240,0.26293243709300002,240,True,True,True,True,True,True,True
equity,ridge,0.34999999999999998,5,542,42050703,584,200335aa5f0ec3dfd41fdc314a7c184eea0e82789569d2923826c4ec19951921,0.014398560144000001,0.07199280072,False,True,,0.23080443584999999,240,0.23080443584999999,240,0.23080443584999999,240,0.156587250259,240,0.156587250259,240,True,True,True,True,True,True,True
equity,ridge,0.34999999999999998,5,543,42050704,585,d17bba7bebb0b0c9d5c5fb24a96845ffeb8e7601c74d6e7060d707d39d474089,0.0035996400360000002,0.01799820018,True,True,,0.28445283318800002,240,0.28445283318800002,240,0.28445283318800002,240,0.19173350696399999,240,0.19173350696399999,240,True,True,True,True,True,True,True
equity,ridge,0.34999999999999998,5,544,42050705,586,8fa89ff718ac3e5be0578f400262c6d91bb70df4d29ea6f6471423800740cd59,0.00019998000200000001,0.00099990000999999992,True,True,,0.357355590231,240,0.357355590231,240,0.357355590231,240,0.231052605312,240,0.231052605312,240,True,True,True,True,True,True,True
equity,ridge,0.34999999999999998,5,545,42050706,587,8b994e504975c20bcdd9995e616cb9ce075c14abcf2e45602778e6173f5540bd,0.00019998000200000001,0.00099990000999999992,True,True,,0.33117954445800002,240,0.33117954445800002,240,0.33117954445800002,240,0.24553931363600001,240,0.24553931363600001,240,True,True,True,True,True,True,True
equity,ridge,0.34999999999999998,5,546,42050707,588,ae319785020d0abe29ac90d14de2d9be8afc5076cd4c8e633454a1d7b872c81a,0.019898010199000001,0.099490050994999996,False,True,,0.346612352638,240,0.346612352638,240,0.346612352638,240,0.15113310071300001,240,0.15113310071300001,240,True,True,True,True,True,True,True
equity,ridge,0.34999999999999998,5,547,42050708,589,20260e9ad823d8d1d4b603dcefbb538a9b4844494a5bbcc4d9889d2e768dffaa,0.0050994900510000002,0.025497450255000002,True,True,,0.31137857762499999,240,0.31137857762499999,240,0.31137857762499999,240,0.18162220722,240,0.18162220722,240,True,True,True,True,True,True,True
equity,ridge,0.34999999999999998,5,548,42050709,590,c80608ec9bdefa5b6621b60345411f0fdb9b65e14727d2129e1a7ca0d47ba470,0.0030996900309999999,0.015498450154999999,True,True,,0.30108035230500002,240,0.30108035230500002,240,0.30108035230500002,240,0.19457811734700001,240,0.19457811734700001,240,True,True,True,True,True,True,True
equity,ridge,0.34999999999999998,5,549,42050710,591,0e407c783e49d464d32f7eb7ec2afe4fcbb2c6cd3a6a27b04cfb99ac8ec7872a,0.033696630337000003,0.168483151685,False,True,,0.28347572884200001,240,0.28347572884200001,240,0.28347572884200001,240,0.14042027414399999,240,0.14042027414399999,240,True,True,True,True,True,True,True
equity,ridge,0.34999999999999998,5,550,42050711,592,ac4256f614fc59d0c2dbcf4a81d001585f564b9b1b3fc3a73abaf82f4a5a4458,9.9990001000000006e-05,0.00049995000499999996,True,True,,0.40221541439300001,240,0.40221541439300001,240,0.40221541439300001,240,0.28353817010400001,240,0.28353817010400001,240,True,True,True,True,True,True,True
equity,ridge,0.34999999999999998,5,551,42050712,593,b2236b8b134edbd38a5977936002205e54408d290562c1f69ad3597e35ca5770,0.017098290171000001,0.085491450854999998,False,True,,0.34858879943799997,240,0.34858879943799997,240,0.34858879943799997,240,0.15478209756399999,240,0.15478209756399999,240,True,True,True,True,True,True,True
equity,ridge,0.34999999999999998,5,552,42050713,594,9f8bec298d02a319e6bd6b7c500f98f7b53aa99794e9ded17305a97a8b4dbe88,0.0034996500349999998,0.017498250175000001,True,True,,0.34641618059200002,240,0.34641618059200002,240,0.34641618059200002,240,0.19080403373900001,240,0.19080403373900001,240,True,True,True,True,True,True,True
equity,ridge,0.34999999999999998,5,553,42050714,595,0f8cf198643725090e5ac30462c31af203222cc2d906a117cad1267c5ea8571c,9.9990001000000006e-05,0.00049995000499999996,True,True,,0.35465117403000002,240,0.35465117403000002,240,0.35465117403000002,240,0.26266700485599997,240,0.26266700485599997,240,True,True,True,True,True,True,True
equity,ridge,0.34999999999999998,5,554,42050715,596,dce0b8cc177fa323a24cb7b3b4a3288eaa386526ed8eca29044ff80ac5fcd407,0.050694930506999997,0.25347465253500001,False,False,,0.287492418606,240,0.287492418606,240,0.287492418606,240,0.126582120223,240,0.126582120223,240,True,True,True,True,True,True,True
equity,ridge,0.34999999999999998,5,555,42050716,597,31ef19d9e7fed9d94220aefdabedc5f4dd162bdb7c03ac74aa37b07f2fd8f486,9.9990001000000006e-05,0.00049995000499999996,True,True,,0.33319652576600001,240,0.33319652576600001,240,0.33319652576600001,240,0.22758362627100001,240,0.22758362627100001,240,True,True,True,True,True,True,True
equity,ridge,0.34999999999999998,5,556,42050717,598,e3b2f6e4167c528f762630fec26b3b7a1494e4713b4cfc98a349c8b0fe4e09ca,0.00039996000400000002,0.0019998000199999998,True,True,,0.44630768383000002,240,0.44630768383000002,240,0.44630768383000002,240,0.25331359464199998,240,0.25331359464199998,240,True,True,True,True,True,True,True
equity,ridge,0.34999999999999998,5,557,42050718,599,a38fdf585249ab32fa72785a729b9fe4cdc68041654d8805a0513fcaea1453fb,0.0081991800819999992,0.040995900410000001,True,True,,0.32277950216000001,240,0.32277950216000001,240,0.32277950216000001,240,0.16969855705699999,240,0.16969855705699999,240,True,True,True,True,True,True,True
equity,ridge,0.34999999999999998,5,558,42050719,600,15fba732b6165fbb4ed88ca0d6a9787f671fbdc131364a43261134900995c86d,9.9990001000000006e-05,0.00049995000499999996,True,True,,0.47064028713799999,240,0.47064028713799999,240,0.47064028713799999,240,0.26486273589199999,240,0.26486273589199999,240,True,True,True,True,True,True,True
equity,ridge,0.34999999999999998,5,559,42050720,601,db7c1ce2b0e438a4fee1c66239ddd30ec2cad6218e5b442b79f02469e4d4a549,0.0095990400959999993,0.04799520048,True,True,,0.26942728108399999,240,0.26942728108399999,240,0.26942728108399999,240,0.17086296705599999,240,0.17086296705599999,240,True,True,True,True,True,True,True
equity,ridge,0.34999999999999998,5,560,42050721,602,825ff9e34e380bd68f26f507867660a059fec3eaebbc333cfc6ebbd247ab8deb,0.00069993000699999995,0.0034996500349999998,True,True,,0.37942150598000002,240,0.37942150598000002,240,0.37942150598000002,240,0.229755443202,240,0.229755443202,240,True,True,True,True,True,True,True
equity,ridge,0.34999999999999998,5,561,42050722,603,ccd70132486bf7375f5ba446bae93601fe4dd49344d0db1dbda60a640d72b5cf,0.00049995000499999996,0.0024997500250000001,True,True,,0.39902618006000001,240,0.39902618006000001,240,0.39902618006000001,240,0.224457126087,240,0.224457126087,240,True,True,True,True,True,True,True
equity,ridge,0.34999999999999998,5,562,42050723,604,cbb868a71e3c18900ee72864c8cbe8395db00827389e7c887f8145da30225610,0.0030996900309999999,0.015498450154999999,True,True,,0.31108140180900001,240,0.31108140180900001,240,0.31108140180900001,240,0.18348944308199999,240,0.18348944308199999,240,True,True,True,True,True,True,True
equity,ridge,0.34999999999999998,5,563,42050724,605,06cdd1c04fb76445ad791bf62ff06790b8309309b777d6eea8d04eea1f966ed8,0.0023997600239999998,0.01199880012,True,True,,0.420575653524,240,0.420575653524,240,0.420575653524,240,0.196507292587,240,0.196507292587,240,True,True,True,True,True,True,True
equity,ridge,0.34999999999999998,5,564,42050725,606,0e3530de65e6d3782b0b8185388e4775f5a8a850bcd92539c449a06913335f73,9.9990001000000006e-05,0.00049995000499999996,True,True,,0.41516165273099997,240,0.41516165273099997,240,0.41516165273099997,240,0.28945269340300001,240,0.28945269340300001,240,True,True,True,True,True,True,True
equity,ridge,0.34999999999999998,5,565,42050726,607,e3cdf82903ff049f33d938bdc42fcc5bc5905a9deceaa50a229f608b0c9a95dc,0.021297870213,0.106489351065,False,True,,0.39018166070900001,240,0.39018166070900001,240,0.39018166070900001,240,0.14921087005600001,240,0.14921087005600001,240,True,True,True,True,True,True,True
equity,ridge,0.34999999999999998,5,566,42050727,608,e852d33539da49f9e1f4f26044a954a571bf031f3e20a69c507faeb6f04965ad,0.00019998000200000001,0.00099990000999999992,True,True,,0.39472855993400002,240,0.39472855993400002,240,0.39472855993400002,240,0.25410286086299999,240,0.25410286086299999,240,True,True,True,True,True,True,True
equity,ridge,0.34999999999999998,5,567,42050728,609,6bf4ea112998af13d4ee4fb91e5da12675a3084ac6810321eb897e7b4e5319a0,0.0081991800819999992,0.040995900410000001,True,True,,0.19136088286299999,240,0.19136088286299999,240,0.19136088286299999,240,0.170738824718,240,0.170738824718,240,True,True,True,True,True,True,True
equity,ridge,0.34999999999999998,5,568,42050729,610,bd8bda8fd89235cd3dd3b7b328dad48fcc149ebdc167fdf975704fa06827d6da,9.9990001000000006e-05,0.00049995000499999996,True,True,,0.42570324600800002,240,0.42570324600800002,240,0.42570324600800002,240,0.28575726665500001,240,0.28575726665500001,240,True,True,True,True,True,True,True
equity,ridge,0.34999999999999998,5,569,42050730,611,76f27d646958530e95d59e40990c4b700118ae6cee78f75037c22e116c74166c,0.00299970003,0.01499850015,True,True,,0.378647717918,240,0.378647717918,240,0.378647717918,240,0.19339002019000001,240,0.19339002019000001,240,True,True,True,True,True,True,True
equity,ridge,0.34999999999999998,5,570,42050731,612,8a418b011ec2a5da9102cf07c1402a83dc69cf731051e56231ead62ac3bafc39,0.096590340965999999,0.48295170482999999,False,False,,0.22476246218000001,240,0.22476246218000001,240,0.22476246218000001,240,0.10846204871700001,240,0.10846204871700001,240,True,True,True,True,True,True,True
equity,ridge,0.34999999999999998,5,571,42050732,613,369e039a4b5ff14123a4003d30a93b6438da0b8b59e650304ab052bc93a63906,0.01799820018,0.089991000900000007,False,True,,0.30736343948599998,240,0.30736343948599998,240,0.30736343948599998,240,0.15522757050700001,240,0.15522757050700001,240,True,True,True,True,True,True,True
equity,ridge,0.34999999999999998,5,572,42050733,614,55eee9b8ac10850cbc149e514e8acac476544aa3a6952194f7a13f5ebf0b8d96,0.0067993200679999999,0.033996600340000002,True,True,,0.38537555745500002,240,0.38537555745500002,240,0.38537555745500002,240,0.178426345736,240,0.178426345736,240,True,True,True,True,True,True,True
equity,ridge,0.34999999999999998,5,573,42050734,615,30bc275df60a2d22057ca50396c917620f3dd80fec5fc6ddc8148eae117ceb30,0.00049995000499999996,0.0024997500250000001,True,True,,0.393392569355,240,0.393392569355,240,0.393392569355,240,0.25478357537200003,240,0.25478357537200003,240,True,True,True,True,True,True,True
equity,ridge,0.34999999999999998,5,574,42050735,616,320a7c91745373aff8a7e0727756857ad152f0b9cb126281ffb97b66b4894cbd,0.0041995800420000003,0.02099790021,True,True,,0.29895596317599998,240,0.29895596317599998,240,0.29895596317599998,240,0.18534257968199999,240,0.18534257968199999,240,True,True,True,True,True,True,True
equity,ridge,0.34999999999999998,5,575,42050736,617,dd4743b036fdfdcc5c3a7aa9209c9c4c50e25ab4b0c4e4dce28b95cf04fa4de7,0.00019998000200000001,0.00099990000999999992,True,True,,0.35041826279999999,240,0.35041826279999999,240,0.35041826279999999,240,0.23204538637200001,240,0.23204538637200001,240,True,True,True,True,True,True,True
equity,ridge,0.34999999999999998,5,576,42050737,618,2529524eafd211dc24a9dafae4831c95e611c21a7087d70b06556aa9efa51e6b,0.001499850015,0.007499250075,True,True,,0.29376642929899999,240,0.29376642929899999,240,0.29376642929899999,240,0.203305513494,240,0.203305513494,240,True,True,True,True,True,True,True
equity,ridge,0.34999999999999998,5,577,42050738,619,2cc0592c02254b5f063bacd5a1dcaa5b083614d473567316a20d81844659aaf3,0.060093990601,0.30046995300500001,False,False,,0.23922664225699999,240,0.23922664225699999,240,0.23922664225699999,240,0.121886240466,240,0.121886240466,240,True,True,True,True,True,True,True
equity,ridge,0.34999999999999998,5,578,42050739,620,ad5f859280751983f70e7e37b2959c13887593c586be2cc162a995268ae39ae3,0.051194880512000003,0.25597440255999998,False,False,,0.31412207323699998,240,0.31412207323699998,240,0.31412207323699998,240,0.12602743652500001,240,0.12602743652500001,240,True,True,True,True,True,True,True
equity,ridge,0.34999999999999998,5,579,42050740,621,38a422119eb6312f477b28d216de24c8bf9f3f388a7fff0e153aa5d70ba41231,0.0046995300469999998,0.023497650235,True,True,,0.30298722257999999,240,0.30298722257999999,240,0.30298722257999999,240,0.18453713358099999,240,0.18453713358099999,240,True,True,True,True,True,True,True
equity,ridge,0.34999999999999998,5,580,42050741,622,00b38679a634f55ba05e66633ce3ee2d735659adb0ea514a84c30b730f005495,0.058494150585000002,0.29247075292500002,False,False,,0.32828068880900002,240,0.32828068880900002,240,0.32828068880900002,240,0.122745556704,240,0.122745556704,240,True,True,True,True,True,True,True
equity,ridge,0.34999999999999998,5,581,42050742,623,1ecfa7efc165f25a99f51706c88dba86934f4e188653dfdac479fab9d5dc5404,0.00019998000200000001,0.00099990000999999992,True,True,,0.32849139569300001,240,0.32849139569300001,240,0.32849139569300001,240,0.24353911153800001,240,0.24353911153800001,240,True,True,True,True,True,True,True
equity,ridge,0.34999999999999998,5,582,42050743,624,06216f8276df10f7ef1658b84d8a2c159d7e3027707c3058e29f81f24142c3ac,0.0024997500250000001,0.012498750124999999,True,True,,0.29437672873499998,240,0.29437672873499998,240,0.29437672873499998,240,0.19777341503699999,240,0.19777341503699999,240,True,True,True,True,True,True,True
equity,ridge,0.34999999999999998,5,583,42050744,625,412f516555ea24d970d0fca055bd80b44ac58a6e922cce4d2bf6ad0d49bf85c6,0.001099890011,0.0054994500549999997,True,True,,0.335219663296,240,0.335219663296,240,0.335219663296,240,0.21401850748000001,240,0.21401850748000001,240,True,True,True,True,True,True,True
equity,ridge,0.34999999999999998,5,584,42050745,626,ac7e798c1afbe58e5c971dadaf7f9c0cbf450a7e2abdbf7046538a409de58bed,0.0076992300769999997,0.038496150384999997,True,True,,0.33532151055999998,240,0.33532151055999998,240,0.33532151055999998,240,0.17022205181300001,240,0.17022205181300001,240,True,True,True,True,True,True,True
equity,ridge,0.34999999999999998,5,585,42050746,627,b438153c960f3f3fed49e33519aea3e5e452c860d7ad98512c50ed3acfbda069,0.00019998000200000001,0.00099990000999999992,True,True,,0.35947256549599998,240,0.35947256549599998,240,0.35947256549599998,240,0.25911921509300001,240,0.25911921509300001,240,True,True,True,True,True,True,True
equity,ridge,0.34999999999999998,5,586,42050747,628,4ba27e20ca20f89d2f7c8aeef2f33740f383a886210412c9d0f2ed7bd8ec411c,0.00029997000299999998,0.001499850015,True,True,,0.38828291169500001,240,0.38828291169500001,240,0.38828291169500001,240,0.23930394879399999,240,0.23930394879399999,240,True,True,True,True,True,True,True
equity,ridge,0.34999999999999998,5,587,42050748,629,ae52475e42b209c05c4e609afaaab32cc65a76e8c013df4833110abd6b64d14b,0.00019998000200000001,0.00099990000999999992,True,True,,0.43548594269099999,240,0.43548594269099999,240,0.43548594269099999,240,0.25980721488000003,240,0.25980721488000003,240,True,True,True,True,True,True,True
equity,ridge,0.34999999999999998,5,588,42050749,630,8ae8d7c930a4d91829f0a501fad2ce294d95734dcf403fe5bf50fb5ba2813f69,0.02399760024,0.1199880012,False,True,,0.262886828159,240,0.262886828159,240,0.262886828159,240,0.14869524104199999,240,0.14869524104199999,240,True,True,True,True,True,True,True
equity,ridge,0.34999999999999998,5,589,42050750,631,72e35047e8c57a9482c9956fb33f98f359f141a3226bcaa0707e8b6f6fbf0511,0.0032996700330000001,0.016498350165000002,True,True,,0.32335756932199999,240,0.32335756932199999,240,0.32335756932199999,240,0.19575761828400001,240,0.19575761828400001,240,True,True,True,True,True,True,True
equity,ridge,0.34999999999999998,5,590,42050751,632,2db2072030d21bc96593921ea68971c961702b2edc2754beff1c59e95fd02eb6,9.9990001000000006e-05,0.00049995000499999996,True,True,,0.422249470189,240,0.422249470189,240,0.422249470189,240,0.25772898694000002,240,0.25772898694000002,240,True,True,True,True,True,True,True
equity,ridge,0.34999999999999998,5,591,42050752,633,0e606c3119592bc40428ccbc81020d32211ab8ae015668990ead74508d4721f5,0.00019998000200000001,0.00099990000999999992,True,True,,0.39224371334800001,240,0.39224371334800001,240,0.39224371334800001,240,0.26925376275599999,240,0.26925376275599999,240,True,True,True,True,True,True,True
equity,ridge,0.34999999999999998,5,592,42050753,634,729d2517dd18c1ac9469dbeec9b0c51cd91e2f1191e20f53b7d17fa05a0cb35c,0.00299970003,0.01499850015,True,True,,0.32134180151000002,240,0.32134180151000002,240,0.32134180151000002,240,0.194046661786,240,0.194046661786,240,True,True,True,True,True,True,True
equity,ridge,0.34999999999999998,5,593,42050754,635,d4654b7dfa705d750a23fd4070df5f059073742a3533f637e65b6c3bb0159c75,9.9990001000000006e-05,0.00049995000499999996,True,True,,0.45913112978800003,240,0.45913112978800003,240,0.45913112978800003,240,0.25613487357999998,240,0.25613487357999998,240,True,True,True,True,True,True,True
equity,ridge,0.34999999999999998,5,594,42050755,636,85a8392957fda8d9dd8816529600ebfee52de8f5ca8d250adeb2c10129a5aff2,0.0093990600939999995,0.046995300470000001,True,True,,0.29594709540699998,240,0.29594709540699998,240,0.29594709540699998,240,0.17080063294799999,240,0.17080063294799999,240,True,True,True,True,True,True,True
equity,ridge,0.34999999999999998,5,595,42050756,637,d983fd69c2b3f9f9d59203af729cd95979e16a5acbc4d19d439ee1e859d2c1d2,9.9990001000000006e-05,0.00049995000499999996,True,True,,0.41400438825300001,240,0.41400438825300001,240,0.41400438825300001,240,0.25729825819699997,240,0.25729825819699997,240,True,True,True,True,True,True,True
equity,ridge,0.34999999999999998,5,596,42050757,638,37943c7eaa3312a877205df3b6b915affac68fcb8bc9e48752f22b0d8f04095d,0.00029997000299999998,0.001499850015,True,True,,0.44073607514800001,240,0.44073607514800001,240,0.44073607514800001,240,0.234185971499,240,0.234185971499,240,True,True,True,True,True,True,True
equity,ridge,0.34999999999999998,5,597,42050758,639,d58ba83e53131e3a7971c8f28de7e7f430340f43f69b899d6acbf424c370e827,0.0069993000699999997,0.034996500350000001,True,True,,0.38964957870900002,240,0.38964957870900002,240,0.38964957870900002,240,0.17529346622899999,240,0.17529346622899999,240,True,True,True,True,True,True,True
equity,ridge,0.34999999999999998,5,598,42050759,640,b6b372971be48e34e6e62ffca36227f0f39fe00e0164fca00cad77068e75b5f0,0.0035996400360000002,0.01799820018,True,True,,0.289914721539,240,0.289914721539,240,0.289914721539,240,0.19364001731300001,240,0.19364001731300001,240,True,True,True,True,True,True,True
equity,ridge,0.34999999999999998,5,599,42050760,641,b31b777c126ec0cf7e70591a59ac0b811a2b742a1bcd5da2c3176895ae9c9877,0.0011998800119999999,0.00599940006,True,True,,0.36149801040899998,240,0.36149801040899998,240,0.36149801040899998,240,0.21156503483700001,240,0.21156503483700001,240,True,True,True,True,True,True,True
equity,ridge,0.40000000000000002,4,200,42040354,242,75c441fd9abf60589ef253d325d154bf54635af83f3c735d198cb08032be702a,0.001099890011,0.0054994500549999997,True,True,,0.38249268935800002,240,0.38249268935800002,240,0.38249268935800002,240,0.218300793051,240,0.218300793051,240,True,True,True,True,True,True,True
equity,ridge,0.40000000000000002,4,201,42040355,243,cf3957aa481e88cc6d810e1ab294b01825c67713fa5f5fe042cadd2ebff7fe26,9.9990001000000006e-05,0.00049995000499999996,True,True,,0.48391434274200001,240,0.48391434274200001,240,0.48391434274200001,240,0.32997448034400001,240,0.32997448034400001,240,True,True,True,True,True,True,True
equity,ridge,0.40000000000000002,4,202,42040356,244,4307d2b9736335e09552f4081a74e42a0f88c58b7dc86b0f5373b3bfb8e3ab5f,0.00019998000200000001,0.00099990000999999992,True,True,,0.43078927768800002,240,0.43078927768800002,240,0.43078927768800002,240,0.25203245342199998,240,0.25203245342199998,240,True,True,True,True,True,True,True
equity,ridge,0.40000000000000002,4,203,42040357,245,55e4db524611ea66c58f2b6dbae972dde019cf9661bcb3d4c5439c6c24f865eb,9.9990001000000006e-05,0.00049995000499999996,True,True,,0.42592943031800001,240,0.42592943031800001,240,0.42592943031800001,240,0.32744372186199999,240,0.32744372186199999,240,True,True,True,True,True,True,True
equity,ridge,0.40000000000000002,4,204,42040358,246,6c2eec1a4470b7f87db8e89d01c8fe38dc5ad2701b36b11d56cec3e4ae2e1bb7,0.001099890011,0.0054994500549999997,True,True,,0.37632004968900001,240,0.37632004968900001,240,0.37632004968900001,240,0.20611099171200001,240,0.20611099171200001,240,True,True,True,True,True,True,True
equity,ridge,0.40000000000000002,4,205,42040359,247,9b627dac9c2b95aee9c9a7caa5d45d79b92611e1eaf13573d5494ec7ac785317,9.9990001000000006e-05,0.00049995000499999996,True,True,,0.44682381912399999,240,0.44682381912399999,240,0.44682381912399999,240,0.32685001242200001,240,0.32685001242200001,240,True,True,True,True,True,True,True
equity,ridge,0.40000000000000002,4,206,42040360,248,b97c5577092355cd082a05d59ac8b1dce0f9f8efce3631a24bee619acd7c2793,0.0019998000199999998,0.0099990001000000005,True,True,,0.38740706883800002,240,0.38740706883800002,240,0.38740706883800002,240,0.208916123924,240,0.208916123924,240,True,True,True,True,True,True,True
equity,ridge,0.40000000000000002,4,207,42040361,249,db0be8a2662cddfd14a2ad5df36bd66325c9f715f7363c9e5f2f1cdf884b31f9,0.0023997600239999998,0.01199880012,True,True,,0.33924450930799999,240,0.33924450930799999,240,0.33924450930799999,240,0.195296919407,240,0.195296919407,240,True,True,True,True,True,True,True
equity,ridge,0.40000000000000002,4,208,42040362,250,a85db4106134af2644c3eeca51d462e24f24c2888a6e9febbe1d8a204614008b,0.00029997000299999998,0.001499850015,True,True,,0.41341252057799999,240,0.41341252057799999,240,0.41341252057799999,240,0.24598488182700001,240,0.24598488182700001,240,True,True,True,True,True,True,True
equity,ridge,0.40000000000000002,4,209,42040363,251,5b02e66a9c08704924fedd3dab598f09150c0210d28c96619c4eba327783ad59,0.0021997800220000001,0.010998900109999999,True,True,,0.33031182011600002,240,0.33031182011600002,240,0.33031182011600002,240,0.19710146617900001,240,0.19710146617900001,240,True,True,True,True,True,True,True
equity,ridge,0.40000000000000002,4,210,42040364,252,82017af7900eae8482605eb67fed09ce726db89caaee7be8fd157d7134139f25,0.001699830017,0.0084991500850000005,True,True,,0.41968564125199997,240,0.41968564125199997,240,0.41968564125199997,240,0.203649390298,240,0.203649390298,240,True,True,True,True,True,True,True
equity,ridge,0.40000000000000002,4,211,42040365,253,39d385feef0013a7d9e42f7312e33b2961fddf967c1333aa7b3cb47d137d5a7a,0.00019998000200000001,0.00099990000999999992,True,True,,0.41617765405200002,240,0.41617765405200002,240,0.41617765405200002,240,0.28333444040799999,240,0.28333444040799999,240,True,True,True,True,True,True,True
equity,ridge,0.40000000000000002,4,212,42040366,254,25c3954b0be6e66a96801a4e932316b9a85f72fe8f71d04e3fffd9110af39694,9.9990001000000006e-05,0.00049995000499999996,True,True,,0.48015723195299997,240,0.48015723195299997,240,0.48015723195299997,240,0.32425559790000003,240,0.32425559790000003,240,True,True,True,True,True,True,True
equity,ridge,0.40000000000000002,4,213,42040367,255,b454e0843fb83b6c928cf169d0c602df849ac9263b0e6ddd8f8e72933ea313d1,9.9990001000000006e-05,0.00049995000499999996,True,True,,0.41041884906999998,240,0.41041884906999998,240,0.41041884906999998,240,0.262346264238,240,0.262346264238,240,True,True,True,True,True,True,True
equity,ridge,0.40000000000000002,4,214,42040368,256,d3cbd40cc3e05e04a1a96d7854b0b13fe4cee690ea4e2c03705bab0203eb572f,0.00019998000200000001,0.00099990000999999992,True,True,,0.39426007920700001,240,0.39426007920700001,240,0.39426007920700001,240,0.28045123729400001,240,0.28045123729400001,240,True,True,True,True,True,True,True
equity,ridge,0.40000000000000002,4,215,42040369,257,8eba4d6f8c1aebde0bd41a3e69e8c71b4021a298e2490d67eb071e895a97d7a6,9.9990001000000006e-05,0.00049995000499999996,True,True,,0.42941365470999998,240,0.42941365470999998,240,0.42941365470999998,240,0.27920852779900002,240,0.27920852779900002,240,True,True,True,True,True,True,True
equity,ridge,0.40000000000000002,4,216,42040370,258,5417d8ffdfc0f8edb14b1fdcc52acaf66c35f5ec1a82ad66c3b19f4154903976,0.00059994000599999995,0.00299970003,True,True,,0.42834294928299999,240,0.42834294928299999,240,0.42834294928299999,240,0.224144609489,240,0.224144609489,240,True,True,True,True,True,True,True
equity,ridge,0.40000000000000002,4,217,42040371,259,589e0b0a2122f76de314382d643df566accdf4b043923b22b5f8382cf99530a6,9.9990001000000006e-05,0.00049995000499999996,True,True,,0.51403792670600001,240,0.51403792670600001,240,0.51403792670600001,240,0.37810794840099998,240,0.37810794840099998,240,True,True,True,True,True,True,True
equity,ridge,0.40000000000000002,4,218,42040372,260,a67399978be1f15d7da50bee77544d0e254c8d42d97d3db4084d23d325de2367,9.9990001000000006e-05,0.00049995000499999996,True,True,,0.39500927617100001,240,0.39500927617100001,240,0.39500927617100001,240,0.25676699459699998,240,0.25676699459699998,240,True,True,True,True,True,True,True
equity,ridge,0.40000000000000002,4,219,42040373,261,208942842bb1feebf2a16f49cf1a6678d2375561d6909b1a7ba77498760dbd74,0.00019998000200000001,0.00099990000999999992,True,True,,0.38199240130899997,240,0.38199240130899997,240,0.38199240130899997,240,0.23917078821500001,240,0.23917078821500001,240,True,True,True,True,True,True,True
equity,ridge,0.40000000000000002,4,220,42040374,262,16c8c55f47789346b5a3d7bfe5608ff7ebc3988988718e41784e21df13a67bcf,0.00019998000200000001,0.00099990000999999992,True,True,,0.37095148528400002,240,0.37095148528400002,240,0.37095148528400002,240,0.25557949567100002,240,0.25557949567100002,240,True,True,True,True,True,True,True
equity,ridge,0.40000000000000002,4,221,42040375,263,75addb11a54bad31fc2ba2df1d89a07578409417136e1618273409463f214b72,0.00029997000299999998,0.001499850015,True,True,,0.42683587872399997,240,0.42683587872399997,240,0.42683587872399997,240,0.24668005918800001,240,0.24668005918800001,240,True,True,True,True,True,True,True
equity,ridge,0.40000000000000002,4,222,42040376,264,b98a7fe7459d7ab0b15485bea029afc7b4feffdbd8e8e82f58074af434b1cd87,0.0062993700629999996,0.031496850314999998,True,True,,0.360192425175,240,0.360192425175,240,0.360192425175,240,0.174558759226,240,0.174558759226,240,True,True,True,True,True,True,True
equity,ridge,0.40000000000000002,4,223,42040377,265,ee8f0a22ac186466b390c46a05853ce46571d48446c66a4525696d0c0e153daa,0.00049995000499999996,0.0024997500250000001,True,True,,0.40537110679299998,240,0.40537110679299998,240,0.40537110679299998,240,0.208618661082,240,0.208618661082,240,True,True,True,True,True,True,True
equity,ridge,0.40000000000000002,4,224,42040378,266,2c566925d225b55d90fa5ac764739d4b1acdcdf6bbdeea4f4efa962e67e203f0,0.00039996000400000002,0.0019998000199999998,True,True,,0.40210529255499999,240,0.40210529255499999,240,0.40210529255499999,240,0.237225143138,240,0.237225143138,240,True,True,True,True,True,True,True
equity,ridge,0.40000000000000002,4,225,42040379,267,c3b91e1f2785fb7035240d6bec021b71803a5c247fc0721f5c8c17e868b76b9a,0.00019998000200000001,0.00099990000999999992,True,True,,0.470772084571,240,0.470772084571,240,0.470772084571,240,0.24128083428399999,240,0.24128083428399999,240,True,True,True,True,True,True,True
equity,ridge,0.40000000000000002,4,226,42040380,268,8c3742436125254f762d4aae0b7779a6a3a91fe572e8186ff84179601624e948,9.9990001000000006e-05,0.00049995000499999996,True,True,,0.436993267671,240,0.436993267671,240,0.436993267671,240,0.26387775279999998,240,0.26387775279999998,240,True,True,True,True,True,True,True
equity,ridge,0.40000000000000002,4,227,42040381,269,18fe5216a500be0bb46381969fcb774d32d0797075c5fc3dc0b7a3153c3b375e,0.00029997000299999998,0.001499850015,True,True,,0.40737166314000001,240,0.40737166314000001,240,0.40737166314000001,240,0.247602208854,240,0.247602208854,240,True,True,True,True,True,True,True
equity,ridge,0.40000000000000002,4,228,42040382,270,b0775e4c5218c2a53cfdc8fc114bc3dd3debb6d842b43eead8b8dbe3f57a8b62,0.0063993600640000004,0.031996800319999998,True,True,,0.37346057110100001,240,0.37346057110100001,240,0.37346057110100001,240,0.17896614877299999,240,0.17896614877299999,240,True,True,True,True,True,True,True
equity,ridge,0.40000000000000002,4,229,42040383,271,c64e5cacfaae8939c39aa77eb6f020597a3827bbf31e321642d7b2f36818439e,9.9990001000000006e-05,0.00049995000499999996,True,True,,0.50789562717400005,240,0.50789562717400005,240,0.50789562717400005,240,0.35291579146800001,240,0.35291579146800001,240,True,True,True,True,True,True,True
equity,ridge,0.40000000000000002,4,230,42040384,272,d3b44067af1c335cefe2ac1a5e9d47352d7276a89e5a5a4129e4f6ccc71de7cb,9.9990001000000006e-05,0.00049995000499999996,True,True,,0.44768243877000002,240,0.44768243877000002,240,0.44768243877000002,240,0.31194047498100003,240,0.31194047498100003,240,True,True,True,True,True,True,True
equity,ridge,0.40000000000000002,4,231,42040385,273,98505483ea7e5c1809c5407286325038e80bca5001aeaaaf5cef25e19a18398c,0.00099990000999999992,0.0049995000500000003,True,True,,0.41414607801100001,240,0.41414607801100001,240,0.41414607801100001,240,0.21303343774899999,240,0.21303343774899999,240,True,True,True,True,True,True,True
equity,ridge,0.40000000000000002,4,232,42040386,274,fdabeec9a051277bfbae8e1fb92cbd90804bc42b9e0d11d5c5bf071f45a666bd,0.00069993000699999995,0.0034996500349999998,True,True,,0.38699443061200001,240,0.38699443061200001,240,0.38699443061200001,240,0.22355161092699999,240,0.22355161092699999,240,True,True,True,True,True,True,True
equity,ridge,0.40000000000000002,4,233,42040387,275,6f85619103638a0a7a10daaa5bc12a01f300da36675dc9838f430d8c48ce7361,9.9990001000000006e-05,0.00049995000499999996,True,True,,0.48823660287199999,240,0.48823660287199999,240,0.48823660287199999,240,0.32048896478900002,240,0.32048896478900002,240,True,True,True,True,True,True,True
equity,ridge,0.40000000000000002,4,234,42040388,276,86a802c67fd260db810503a6c7b511562a64626ed6a0a60100b0bc4f56ab6083,9.9990001000000006e-05,0.00049995000499999996,True,True,,0.47455436399099998,240,0.47455436399099998,240,0.47455436399099998,240,0.28846756633999998,240,0.28846756633999998,240,True,True,True,True,True,True,True
equity,ridge,0.40000000000000002,4,235,42040389,277,887591f61458a4d02410b7d9ef1ee26bbb81c705932a1ec649fcd5fd4a81b2bf,0.00059994000599999995,0.00299970003,True,True,,0.42499960467499998,240,0.42499960467499998,240,0.42499960467499998,240,0.22886465301,240,0.22886465301,240,True,True,True,True,True,True,True
equity,ridge,0.40000000000000002,4,236,42040390,278,6b18dfd02cb6fb1c670a5237591b54bae1daba0bdc0919174b3d41223086af63,0.0043995600440000001,0.021997800219999999,True,True,,0.36148197962799999,240,0.36148197962799999,240,0.36148197962799999,240,0.18889698505700001,240,0.18889698505700001,240,True,True,True,True,True,True,True
equity,ridge,0.40000000000000002,4,237,42040391,279,de183802cfbddc6a4b8cfcddbea5639f75ab21ac0d3efc331ce7c5cfa9f4a458,0.0021997800220000001,0.010998900109999999,True,True,,0.43239163668199998,240,0.43239163668199998,240,0.43239163668199998,240,0.20060205343599999,240,0.20060205343599999,240,True,True,True,True,True,True,True
equity,ridge,0.40000000000000002,4,238,42040392,280,5b9e814d70d752e84feed3a99f2ca8ff60e6e1664fc29d571c23cbe1f70646b5,9.9990001000000006e-05,0.00049995000499999996,True,True,,0.32907712820899998,240,0.32907712820899998,240,0.32907712820899998,240,0.255931682035,240,0.255931682035,240,True,True,True,True,True,True,True
equity,ridge,0.40000000000000002,4,239,42040393,281,ffd6cee3b759167f2e1d6788c9d0754c3aacc4f542fcb13553a363dd57b0aa11,0.0017998200180000001,0.00899910009,True,True,,0.40576975144499999,240,0.40576975144499999,240,0.40576975144499999,240,0.200351537395,240,0.200351537395,240,True,True,True,True,True,True,True
equity,ridge,0.40000000000000002,4,240,42040394,282,639d09274ab97fdf66a8873abd1741ce3b85e2e3f991fa8e2edadd5a40e84ef4,0.00049995000499999996,0.0024997500250000001,True,True,,0.37010817363300003,240,0.37010817363300003,240,0.37010817363300003,240,0.21312026642500001,240,0.21312026642500001,240,True,True,True,True,True,True,True
equity,ridge,0.40000000000000002,4,241,42040395,283,0b64972a1ddefbd455ecfad4a807f28e3886067c5e8e8167e58ddc251801b73a,0.003699630037,0.018498150184999999,True,True,,0.37415494141900002,240,0.37415494141900002,240,0.37415494141900002,240,0.182887888049,240,0.182887888049,240,True,True,True,True,True,True,True
equity,ridge,0.40000000000000002,4,242,42040396,284,0a0dc4877ea4e523111a7cc6904470d04161bd8620a3f7bc9e8d111e7147f67b,9.9990001000000006e-05,0.00049995000499999996,True,True,,0.47233468734299999,240,0.47233468734299999,240,0.47233468734299999,240,0.27555155329100001,240,0.27555155329100001,240,True,True,True,True,True,True,True
equity,ridge,0.40000000000000002,4,243,42040397,285,56a4787785350a22b773fe62a9b5fc184b0f708bfd664872b1aa88c3d694a338,0.00019998000200000001,0.00099990000999999992,True,True,,0.43767337149399999,240,0.43767337149399999,240,0.43767337149399999,240,0.24632036810999999,240,0.24632036810999999,240,True,True,True,True,True,True,True
equity,ridge,0.40000000000000002,4,244,42040398,286,5e9e00af566aba24d66d6704a77c7e28750961e504a2959e22552cd7d943244d,9.9990001000000006e-05,0.00049995000499999996,True,True,,0.41059911507399999,240,0.41059911507399999,240,0.41059911507399999,240,0.28624906472200001,240,0.28624906472200001,240,True,True,True,True,True,True,True
equity,ridge,0.40000000000000002,4,245,42040399,287,5b6372ec96a8533d338d6028b35fbcac282357f090e9a2a94d4067b11e2a3cd1,0.00039996000400000002,0.0019998000199999998,True,True,,0.43600229119299999,240,0.43600229119299999,240,0.43600229119299999,240,0.22711430314799999,240,0.22711430314799999,240,True,True,True,True,True,True,True
equity,ridge,0.40000000000000002,4,246,42040400,288,f51e0582f772b53d6a479bf3cf411a64844ff86e58ea9a13cc4f2d1bd450ee32,9.9990001000000006e-05,0.00049995000499999996,True,True,,0.40097226748999998,240,0.40097226748999998,240,0.40097226748999998,240,0.249321314456,240,0.249321314456,240,True,True,True,True,True,True,True
equity,ridge,0.40000000000000002,4,247,42040401,289,d73ccadd5e3e5a55b9957713fd313f573d9c15158637fffa5ca83c3d21869abe,9.9990001000000006e-05,0.00049995000499999996,True,True,,0.52861082829299999,240,0.52861082829299999,240,0.52861082829299999,240,0.36617651382400002,240,0.36617651382400002,240,True,True,True,True,True,True,True
equity,ridge,0.40000000000000002,4,248,42040402,290,4214439eedf8ba8787b493379de12865a20f525d5997c5260575a16e05383efa,9.9990001000000006e-05,0.00049995000499999996,True,True,,0.43005481356800002,240,0.43005481356800002,240,0.43005481356800002,240,0.276223280332,240,0.276223280332,240,True,True,True,True,True,True,True
equity,ridge,0.40000000000000002,4,249,42040403,291,b00101f950502b27baedc3affd5e308058545ffd1e912173867ee3545a4e47ef,9.9990001000000006e-05,0.00049995000499999996,True,True,,0.42489752753400001,240,0.42489752753400001,240,0.42489752753400001,240,0.287905626671,240,0.287905626671,240,True,True,True,True,True,True,True
equity,ridge,0.40000000000000002,4,250,42040404,292,219cf9ad93e7b66d94e638050585684533bf95bb3000b7026c12c10f3ad549fa,0.00039996000400000002,0.0019998000199999998,True,True,,0.44790913961700002,240,0.44790913961700002,240,0.44790913961700002,240,0.23163832628799999,240,0.23163832628799999,240,True,True,True,True,True,True,True
equity,ridge,0.40000000000000002,4,251,42040405,293,7622d4b9dab5f76a613e7b1285a6711344434216d872e93afcaf754c33216e07,0.00019998000200000001,0.00099990000999999992,True,True,,0.40775570719699999,240,0.40775570719699999,240,0.40775570719699999,240,0.25381453660499997,240,0.25381453660499997,240,True,True,True,True,True,True,True
equity,ridge,0.40000000000000002,4,252,42040406,294,5d509cf2424dd515bc71fa2d67d651dfb93e3bcbc06d5999207ba03d13bea2c1,0.010698930107,0.053494650535,False,True,,0.30669178552999998,240,0.30669178552999998,240,0.30669178552999998,240,0.16731579512200001,240,0.16731579512200001,240,True,True,True,True,True,True,True
equity,ridge,0.40000000000000002,4,253,42040407,295,b5dc8149353f2c727a541a0e2206aa7e87fa1696dc032a9812ec882f34d51a86,0.00019998000200000001,0.00099990000999999992,True,True,,0.44715864599900002,240,0.44715864599900002,240,0.44715864599900002,240,0.234701406354,240,0.234701406354,240,True,True,True,True,True,True,True
equity,ridge,0.40000000000000002,4,254,42040408,296,aef2d2a3a865846eac66903018ea35bdf9517668ca0e22244da2eff14413728d,9.9990001000000006e-05,0.00049995000499999996,True,True,,0.35258196433099998,240,0.35258196433099998,240,0.35258196433099998,240,0.244539844979,240,0.244539844979,240,True,True,True,True,True,True,True
equity,ridge,0.40000000000000002,4,255,42040409,297,f762acd179d422f45583abfa360d702a07234e6b2f79fe4d70a56a4aa5ac7918,9.9990001000000006e-05,0.00049995000499999996,True,True,,0.37500652453099997,240,0.37500652453099997,240,0.37500652453099997,240,0.254360642034,240,0.254360642034,240,True,True,True,True,True,True,True
equity,ridge,0.40000000000000002,4,256,42040410,298,bcf35828e3b878aeeb425c324cc7fe1e3d87f7e6c6b055e095a33c571ab7a0b2,9.9990001000000006e-05,0.00049995000499999996,True,True,,0.51066970415699997,240,0.51066970415699997,240,0.51066970415699997,240,0.28761601784700003,240,0.28761601784700003,240,True,True,True,True,True,True,True
equity,ridge,0.40000000000000002,4,257,42040411,299,353723ec937fdd41cdbcbc081d329251fee43d5825222147e599dcdd16602939,0.0019998000199999998,0.0099990001000000005,True,True,,0.37807047959599999,240,0.37807047959599999,240,0.37807047959599999,240,0.20141494637099999,240,0.20141494637099999,240,True,True,True,True,True,True,True
equity,ridge,0.40000000000000002,4,258,42040412,300,2e3da19b04148e6f5b9efcc91940dc7ada382e5a4ad50019ccc033ed0ef725e8,0.0020997900210000002,0.010498950105,True,True,,0.32798294022300001,240,0.32798294022300001,240,0.32798294022300001,240,0.19324929005499999,240,0.19324929005499999,240,True,True,True,True,True,True,True
equity,ridge,0.40000000000000002,4,259,42040413,301,17cca412ce40957b6dbc05b80f8cffc508ab4582918f3f0cadda468e03a19c34,9.9990001000000006e-05,0.00049995000499999996,True,True,,0.39794868647600001,240,0.39794868647600001,240,0.39794868647600001,240,0.27029368514300001,240,0.27029368514300001,240,True,True,True,True,True,True,True
equity,ridge,0.40000000000000002,4,260,42040414,302,8af1ba55d7e2fa1bdb8493bb4c72d107bb3b383bb05fb64cda30cd50c669af3c,9.9990001000000006e-05,0.00049995000499999996,True,True,,0.44059437036999999,240,0.44059437036999999,240,0.44059437036999999,240,0.28994449879700002,240,0.28994449879700002,240,True,True,True,True,True,True,True
equity,ridge,0.40000000000000002,4,261,42040415,303,c0e4799fec8b1096846d4a3245f8064c52156541a6a26aeca0ac739e936ebb73,9.9990001000000006e-05,0.00049995000499999996,True,True,,0.45988009101299998,240,0.45988009101299998,240,0.45988009101299998,240,0.245468561349,240,0.245468561349,240,True,True,True,True,True,True,True
equity,ridge,0.40000000000000002,4,262,42040416,304,0cba2b0b164b78e211aa073612c41c92f018deec0f6bc31d1d51c860cba9fc58,0.00019998000200000001,0.00099990000999999992,True,True,,0.430273007032,240,0.430273007032,240,0.430273007032,240,0.25636899250200001,240,0.25636899250200001,240,True,True,True,True,True,True,True
equity,ridge,0.40000000000000002,4,263,42040417,305,e5ef11345b7e1b01fe60ff2694ff73069182a18c8cc975e3ee0662d95e0209de,9.9990001000000006e-05,0.00049995000499999996,True,True,,0.48434565506100002,240,0.48434565506100002,240,0.48434565506100002,240,0.28370213258900001,240,0.28370213258900001,240,True,True,True,True,True,True,True
equity,ridge,0.40000000000000002,4,264,42040418,306,0af6e0ef3979e085d2bd392876db898bf45e91dda842ace3c49e4100e73c7fde,0.011098890110999999,0.055494450554999998,False,True,,0.409059900345,240,0.409059900345,240,0.409059900345,240,0.168698335758,240,0.168698335758,240,True,True,True,True,True,True,True
equity,ridge,0.40000000000000002,4,265,42040419,307,35a3619306d6523ed62aaa584b87b260a7a87ba801b1691ba5778079886bcab5,0.0023997600239999998,0.01199880012,True,True,,0.32474077064899998,240,0.32474077064899998,240,0.32474077064899998,240,0.19468722314600001,240,0.19468722314600001,240,True,True,True,True,True,True,True
equity,ridge,0.40000000000000002,4,266,42040420,308,06db5070f5049cb07e3b63613d69e4f73e76f23831cba79bdb0290430aff187f,9.9990001000000006e-05,0.00049995000499999996,True,True,,0.44906674442299999,240,0.44906674442299999,240,0.44906674442299999,240,0.29222707865899999,240,0.29222707865899999,240,True,True,True,True,True,True,True
equity,ridge,0.40000000000000002,4,267,42040421,309,a28f62d27d9d84980667e3a8c0af36e75c4969d57b482569a17c2e28c44ecdf2,0.00049995000499999996,0.0024997500250000001,True,True,,0.48759562809899998,240,0.48759562809899998,240,0.48759562809899998,240,0.23491250595300001,240,0.23491250595300001,240,True,True,True,True,True,True,True
equity,ridge,0.40000000000000002,4,268,42040422,310,86d61654ca714d10109582d8a60be99af1361d91affbeb00a58ce11e667670d0,9.9990001000000006e-05,0.00049995000499999996,True,True,,0.49070542270799999,240,0.49070542270799999,240,0.49070542270799999,240,0.25600117485099999,240,0.25600117485099999,240,True,True,True,True,True,True,True
equity,ridge,0.40000000000000002,4,269,42040423,311,e02bf7f5047dafd6c4939504275ffe77c80b7f88f84a3c0708e39ede982fc98f,0.0027997200279999998,0.013998600139999999,True,True,,0.36464607903399998,240,0.36464607903399998,240,0.36464607903399998,240,0.19743784303,240,0.19743784303,240,True,True,True,True,True,True,True
equity,ridge,0.40000000000000002,4,270,42040424,312,2d70cbc59e8f09a8bfe7f3dcda97947b6be58d9b9994b78f2904301e0c6fbb94,9.9990001000000006e-05,0.00049995000499999996,True,True,,0.50860676882599998,240,0.50860676882599998,240,0.50860676882599998,240,0.27191019486899998,240,0.27191019486899998,240,True,True,True,True,True,True,True
equity,ridge,0.40000000000000002,4,271,42040425,313,018a70d15f067cd2d2e11b37301601234b576ff617d72c7df27b78e172659db1,0.00019998000200000001,0.00099990000999999992,True,True,,0.39634628114100001,240,0.39634628114100001,240,0.39634628114100001,240,0.26584700938700001,240,0.26584700938700001,240,True,True,True,True,True,True,True
equity,ridge,0.40000000000000002,4,272,42040426,314,16165ba65107f66ba06ab8df7b25793034628f7ccbcd6bc6c414a265771eef97,9.9990001000000006e-05,0.00049995000499999996,True,True,,0.47501492878899998,240,0.47501492878899998,240,0.47501492878899998,240,0.33123259454699999,240,0.33123259454699999,240,True,True,True,True,True,True,True
equity,ridge,0.40000000000000002,4,273,42040427,315,7c9959b9d69bf592cdc56e4242fda5908eb2d4b1ad041f5ade5c37e6815c34e8,9.9990001000000006e-05,0.00049995000499999996,True,True,,0.50667725105899997,240,0.50667725105899997,240,0.50667725105899997,240,0.27596585029699999,240,0.27596585029699999,240,True,True,True,True,True,True,True
equity,ridge,0.40000000000000002,4,274,42040428,316,f1c1d30badf726f9278a91d53f6d2db6fb46d139c7de5f2fc2f08f3c1b4d0182,0.003699630037,0.018498150184999999,True,True,,0.33464815148299998,240,0.33464815148299998,240,0.33464815148299998,240,0.18527132148200001,240,0.18527132148200001,240,True,True,True,True,True,True,True
equity,ridge,0.40000000000000002,4,275,42040429,317,4dd24578f32e1131fc76fe1a11c9b4534b480cd9178e52d06db4e6515d0f78a9,0.00069993000699999995,0.0034996500349999998,True,True,,0.384867023039,240,0.384867023039,240,0.384867023039,240,0.22532460461699999,240,0.22532460461699999,240,True,True,True,True,True,True,True
equity,ridge,0.40000000000000002,4,276,42040430,318,343ef1f352f4c54707a55dcb0ebf92a872d3b63f0c06065ea4bdebf5e8cbe1be,0.00069993000699999995,0.0034996500349999998,True,True,,0.35390166714400001,240,0.35390166714400001,240,0.35390166714400001,240,0.226497162802,240,0.226497162802,240,True,True,True,True,True,True,True
equity,ridge,0.40000000000000002,4,277,42040431,319,e1def8982722dd511b4aab301a30838a247d84643d0401fc73c61f683c809e9a,0.001499850015,0.007499250075,True,True,,0.31303590393800002,240,0.31303590393800002,240,0.31303590393800002,240,0.210963724884,240,0.210963724884,240,True,True,True,True,True,True,True
equity,ridge,0.40000000000000002,4,278,42040432,320,6fa79dc17fd6c0fdd94ee7874f9bfc594ca87f0483247d1a5477d1e782c2ef17,0.0050994900510000002,0.025497450255000002,True,True,,0.35609774162300001,240,0.35609774162300001,240,0.35609774162300001,240,0.18168514413799999,240,0.18168514413799999,240,True,True,True,True,True,True,True
equity,ridge,0.40000000000000002,4,279,42040433,321,b2e4d2a70ce4f12af56bc3fabdfc101f61cdc0099a63175c6fd63abd83ac9f89,0.0020997900210000002,0.010498950105,True,True,,0.40390318763100003,240,0.40390318763100003,240,0.40390318763100003,240,0.20049286429499999,240,0.20049286429499999,240,True,True,True,True,True,True,True
equity,ridge,0.40000000000000002,4,280,42040434,322,43a0bb9875d857b9059f88b0d03a8c16fe3d462674854aba5c13845db5c21d89,0.0023997600239999998,0.01199880012,True,True,,0.319655469814,240,0.319655469814,240,0.319655469814,240,0.196344486816,240,0.196344486816,240,True,True,True,True,True,True,True
equity,ridge,0.40000000000000002,4,281,42040435,323,fa1fa5cd7bdb920c1321a5d4b5ed91104431ff597a9eeadaf252f4be4c0175ba,0.00049995000499999996,0.0024997500250000001,True,True,,0.32038814931699999,240,0.32038814931699999,240,0.32038814931699999,240,0.23098981749399999,240,0.23098981749399999,240,True,True,True,True,True,True,True
equity,ridge,0.40000000000000002,4,282,42040436,324,d44c72fdeea2f4dc19b21e6e48f08156aaea4f2bdd0fd7d62728cc006aee1307,9.9990001000000006e-05,0.00049995000499999996,True,True,,0.43851009097999999,240,0.43851009097999999,240,0.43851009097999999,240,0.263643983548,240,0.263643983548,240,True,True,True,True,True,True,True
equity,ridge,0.40000000000000002,4,283,42040437,325,d6e0f9d816a40bec9f7ec91708dd7e350570c69bd76ef899e02a331f999df9df,9.9990001000000006e-05,0.00049995000499999996,True,True,,0.44224480045699999,240,0.44224480045699999,240,0.44224480045699999,240,0.33276462052799999,240,0.33276462052799999,240,True,True,True,True,True,True,True
equity,ridge,0.40000000000000002,4,284,42040438,326,1a331b2af4779ccf15daa54cd64cb11ce41c710672baec48b9eeedf564a34537,9.9990001000000006e-05,0.00049995000499999996,True,True,,0.41220119363500002,240,0.41220119363500002,240,0.41220119363500002,240,0.26711406050399999,240,0.26711406050399999,240,True,True,True,True,True,True,True
equity,ridge,0.40000000000000002,4,285,42040439,327,ec2cafc91cb59554e6b33a78187e94ff9c2eb0ee4721f9d1bb84e69c686c5ddf,0.003399660034,0.016998300170000001,True,True,,0.26901258751700002,240,0.26901258751700002,240,0.26901258751700002,240,0.19180347107500001,240,0.19180347107500001,240,True,True,True,True,True,True,True
equity,ridge,0.40000000000000002,4,286,42040440,328,fb0fcfa26990863f34749206f9a9a444163e289affc40e172900c2a6fa725205,9.9990001000000006e-05,0.00049995000499999996,True,True,,0.49219007253899999,240,0.49219007253899999,240,0.49219007253899999,240,0.30969034554800001,240,0.30969034554800001,240,True,True,True,True,True,True,True
equity,ridge,0.40000000000000002,4,287,42040441,329,0106c75a7775d48eaa79686d8692279e4be35dec367b23857e58edbd97cdfc53,0.0086991300870000003,0.043495650434999998,True,True,,0.38898530729399999,240,0.38898530729399999,240,0.38898530729399999,240,0.16910447431799999,240,0.16910447431799999,240,True,True,True,True,True,True,True
equity,ridge,0.40000000000000002,4,288,42040442,330,19daf664924b3c2d1e3abf9d5562682762d58d28535792f64eea98e35ff960a2,0.00089991000900000004,0.004499550045,True,True,,0.36745784737199999,240,0.36745784737199999,240,0.36745784737199999,240,0.217964545334,240,0.217964545334,240,True,True,True,True,True,True,True
equity,ridge,0.40000000000000002,4,289,42040443,331,15e848bf445e85a185538c71809bab1913a59cd9c440f1f8ce4c5cfe45377af4,0.00049995000499999996,0.0024997500250000001,True,True,,0.37171824597100001,240,0.37171824597100001,240,0.37171824597100001,240,0.22316909999599999,240,0.22316909999599999,240,True,True,True,True,True,True,True
equity,ridge,0.40000000000000002,4,290,42040444,332,47d1f4256212bd5f194f77951349002eadf0081cf9d9d3e1609c00052e75878b,9.9990001000000006e-05,0.00049995000499999996,True,True,,0.42778938346599998,240,0.42778938346599998,240,0.42778938346599998,240,0.26828501577699998,240,0.26828501577699998,240,True,True,True,True,True,True,True
equity,ridge,0.40000000000000002,4,291,42040445,333,132efd203e0702006033839704a5911b0c35c16a9e0022befbb04447a43e6715,0.00019998000200000001,0.00099990000999999992,True,True,,0.481867655063,240,0.481867655063,240,0.481867655063,240,0.26041588759099998,240,0.26041588759099998,240,True,True,True,True,True,True,True
equity,ridge,0.40000000000000002,4,292,42040446,334,6b069ba264cd7260d116572f870413b52d6bc64a7cf19da04ab33a37e6f12df9,9.9990001000000006e-05,0.00049995000499999996,True,True,,0.38182835658100001,240,0.38182835658100001,240,0.38182835658100001,240,0.26749625381999997,240,0.26749625381999997,240,True,True,True,True,True,True,True
equity,ridge,0.40000000000000002,4,293,42040447,335,d1bd76cd11f18b86e9cb60827efad78838da38124c172b3e794e992d55693cc3,0.00049995000499999996,0.0024997500250000001,True,True,,0.50566109312800001,240,0.50566109312800001,240,0.50566109312800001,240,0.22908282577700001,240,0.22908282577700001,240,True,True,True,True,True,True,True
equity,ridge,0.40000000000000002,4,294,42040448,336,3754418b5fc3af966fcb2a6678af56b1aaa27612cd83d7d97529c42643d8a0b4,0.00019998000200000001,0.00099990000999999992,True,True,,0.32431046154600002,240,0.32431046154600002,240,0.32431046154600002,240,0.24747719847800001,240,0.24747719847800001,240,True,True,True,True,True,True,True
equity,ridge,0.40000000000000002,4,295,42040449,337,5ad072f410eea0b32952c9ae3905c851c617c266917f6897b30c194e54e413ae,9.9990001000000006e-05,0.00049995000499999996,True,True,,0.307221595317,240,0.307221595317,240,0.307221595317,240,0.233701024599,240,0.233701024599,240,True,True,True,True,True,True,True
equity,ridge,0.40000000000000002,4,296,42040450,338,861858d590ce94d8a435f2fd2daa37ead555efe042c8fb601229d9e19bdb4379,0.00089991000900000004,0.004499550045,True,True,,0.32950715229999999,240,0.32950715229999999,240,0.32950715229999999,240,0.220965059583,240,0.220965059583,240,True,True,True,True,True,True,True
equity,ridge,0.40000000000000002,4,297,42040451,339,e463430932e3c61f28c9945ed6954edc7894e7ec1ed1564873dde7803ea7d8ea,9.9990001000000006e-05,0.00049995000499999996,True,True,,0.45090914960099998,240,0.45090914960099998,240,0.45090914960099998,240,0.28910080578800001,240,0.28910080578800001,240,True,True,True,True,True,True,True
equity,ridge,0.40000000000000002,4,298,42040452,340,0aba274ed36644dba51498ce8880f74d045fc7a3cc5c87ef38e0993378ef6e21,9.9990001000000006e-05,0.00049995000499999996,True,True,,0.45116808748499998,240,0.45116808748499998,240,0.45116808748499998,240,0.34732166168200002,240,0.34732166168200002,240,True,True,True,True,True,True,True
equity,ridge,0.40000000000000002,4,299,42040453,341,e294dc83db32556dd287699e27e6a5d8211af3a1085977b0ba8a4d37b6d11425,9.9990001000000006e-05,0.00049995000499999996,True,True,,0.42904730259399998,240,0.42904730259399998,240,0.42904730259399998,240,0.31225326688299998,240,0.31225326688299998,240,True,True,True,True,True,True,True
equity,ridge,0.40000000000000002,4,300,42040454,342,d3af964c0ef24c87886c2f4b8865c1569b9a5ce683486a745d304906cdc09af5,9.9990001000000006e-05,0.00049995000499999996,True,True,,0.40333206688399997,240,0.40333206688399997,240,0.40333206688399997,240,0.27664601017000001,240,0.27664601017000001,240,True,True,True,True,True,True,True
equity,ridge,0.40000000000000002,4,301,42040455,343,2925eaa6bf307fdc443fa28347ca9814eabbefab6e9393aac9e16713872d0843,0.00029997000299999998,0.001499850015,True,True,,0.40012830448999998,240,0.40012830448999998,240,0.40012830448999998,240,0.222394417885,240,0.222394417885,240,True,True,True,True,True,True,True
equity,ridge,0.40000000000000002,4,302,42040456,344,6aac8cf9abcc8cb01cc103a7a2da29efd987120f8926e16d7731aa94c4e6ed4e,9.9990001000000006e-05,0.00049995000499999996,True,True,,0.53532233115799999,240,0.53532233115799999,240,0.53532233115799999,240,0.369700379774,240,0.369700379774,240,True,True,True,True,True,True,True
equity,ridge,0.40000000000000002,4,303,42040457,345,fd4f2ffeadc5d8121f7923e19bf1695f7fbece1605c5545d4467b0a66cc739f9,9.9990001000000006e-05,0.00049995000499999996,True,True,,0.45404314241100002,240,0.45404314241100002,240,0.45404314241100002,240,0.29357855600600002,240,0.29357855600600002,240,True,True,True,True,True,True,True
equity,ridge,0.40000000000000002,4,304,42040458,346,68d0cfcfd63fab6c38988f847aefb0350453562620c13f26f84c2746e9ab8dd3,9.9990001000000006e-05,0.00049995000499999996,True,True,,0.39433057615599998,240,0.39433057615599998,240,0.39433057615599998,240,0.259924098316,240,0.259924098316,240,True,True,True,True,True,True,True
equity,ridge,0.40000000000000002,4,305,42040459,347,bb7b241bf0daf52d94cd2849819d2e5be3239feebab05115e58093ee8b7739d4,0.00019998000200000001,0.00099990000999999992,True,True,,0.3844841128,240,0.3844841128,240,0.3844841128,240,0.245312521388,240,0.245312521388,240,True,True,True,True,True,True,True
equity,ridge,0.40000000000000002,4,306,42040460,348,85d1f9511cd8460aec4b81500f812d29817961608b0f0585258ee05e4e89fd42,9.9990001000000006e-05,0.00049995000499999996,True,True,,0.37285778114099999,240,0.37285778114099999,240,0.37285778114099999,240,0.24597660102499999,240,0.24597660102499999,240,True,True,True,True,True,True,True
equity,ridge,0.40000000000000002,4,307,42040461,349,81d02f0a52c2cf32880424e1292803f376c8583dc180467537329db11b6f0dab,0.002599740026,0.012998700130000001,True,True,,0.39011806493200002,240,0.39011806493200002,240,0.39011806493200002,240,0.201844218553,240,0.201844218553,240,True,True,True,True,True,True,True
equity,ridge,0.40000000000000002,4,308,42040462,350,c1c249577765eef0588f23833184efa2e697a7e651edb17cdab1f369bc20b119,0.0048995100490000004,0.024497550244999999,True,True,,0.36927927116600001,240,0.36927927116600001,240,0.36927927116600001,240,0.17811422185299999,240,0.17811422185299999,240,True,True,True,True,True,True,True
equity,ridge,0.40000000000000002,4,309,42040463,351,c237327d291e8fde9a351e4663234f36bef5071e938f057a0cfc2d502f04e19c,9.9990001000000006e-05,0.00049995000499999996,True,True,,0.47614020002899998,240,0.47614020002899998,240,0.47614020002899998,240,0.31189406266800002,240,0.31189406266800002,240,True,True,True,True,True,True,True
equity,ridge,0.40000000000000002,4,310,42040464,352,6e113498ea81be8129c6ae278e0c60526d5a958ff1b71ceb97a5ad8898d4b8e1,0.00079992000800000005,0.0039996000399999997,True,True,,0.35529238032900001,240,0.35529238032900001,240,0.35529238032900001,240,0.22301958717600001,240,0.22301958717600001,240,True,True,True,True,True,True,True
equity,ridge,0.40000000000000002,4,311,42040465,353,f8a1d34c3d68181415bb444b4d555618825d0b4d7209ece6b52b73d9fe381479,9.9990001000000006e-05,0.00049995000499999996,True,True,,0.39119031612299998,240,0.39119031612299998,240,0.39119031612299998,240,0.29668094096499997,240,0.29668094096499997,240,True,True,True,True,True,True,True
equity,ridge,0.40000000000000002,4,312,42040466,354,45ab974c8c99b215f2c088dc7079b86ee70697ee5fdebb530d2e170a2915b68c,9.9990001000000006e-05,0.00049995000499999996,True,True,,0.37825748338499998,240,0.37825748338499998,240,0.37825748338499998,240,0.24966487859,240,0.24966487859,240,True,True,True,True,True,True,True
equity,ridge,0.40000000000000002,4,313,42040467,355,22423c7594105c3039af2f9def8704a6f53dcb99f4ec9aef3ea5416ddb942eea,0.00019998000200000001,0.00099990000999999992,True,True,,0.42705427477399999,240,0.42705427477399999,240,0.42705427477399999,240,0.26141699213199998,240,0.26141699213199998,240,True,True,True,True,True,True,True
equity,ridge,0.40000000000000002,4,314,42040468,356,22dae63a2f1ffcb97e58c12cccb78c65fc02c5385edc331a4f4fb34d8f7892dd,9.9990001000000006e-05,0.00049995000499999996,True,True,,0.43252349675899998,240,0.43252349675899998,240,0.43252349675899998,240,0.28799923288000001,240,0.28799923288000001,240,True,True,True,True,True,True,True
equity,ridge,0.40000000000000002,4,315,42040469,357,e2c01849bb0ea8bc209cecb752f14b98bd1551167052f954f9cede6f8282cd0c,0.00019998000200000001,0.00099990000999999992,True,True,,0.34757388485899998,240,0.34757388485899998,240,0.34757388485899998,240,0.264215139647,240,0.264215139647,240,True,True,True,True,True,True,True
equity,ridge,0.40000000000000002,4,316,42040470,358,8dda7b662b7e779005c21ef2840285f624c60cde858645accde51cc6dc2d999c,0.00049995000499999996,0.0024997500250000001,True,True,,0.38344550355200002,240,0.38344550355200002,240,0.38344550355200002,240,0.24285145391099999,240,0.24285145391099999,240,True,True,True,True,True,True,True
equity,ridge,0.40000000000000002,4,317,42040471,359,dbe66990e858b82e732f7b0c64457adeceddfcd8a637282dd4959ef942c1f378,9.9990001000000006e-05,0.00049995000499999996,True,True,,0.52406941599099999,240,0.52406941599099999,240,0.52406941599099999,240,0.28983474274799997,240,0.28983474274799997,240,True,True,True,True,True,True,True
equity,ridge,0.40000000000000002,4,318,42040472,360,38e3e68013da0c2de5680366ec169a56db9dac47069e4f71289f4684cd811386,0.0049995000500000003,0.024997500249999999,True,True,,0.36245096710899999,240,0.36245096710899999,240,0.36245096710899999,240,0.183334152832,240,0.183334152832,240,True,True,True,True,True,True,True
equity,ridge,0.40000000000000002,4,319,42040473,361,1a68a40c0186bd160a1f0b77a48d14aade23c95e7be4fbe5952911b46cbe87a9,0.00019998000200000001,0.00099990000999999992,True,True,,0.49387031999800002,240,0.49387031999800002,240,0.49387031999800002,240,0.25558708610899999,240,0.25558708610899999,240,True,True,True,True,True,True,True
equity,ridge,0.40000000000000002,4,320,42040474,362,5dcfe3f92cc3027a0f88c426d40bca407a691eb27c7ac38070cac6128fc5f3f3,9.9990001000000006e-05,0.00049995000499999996,True,True,,0.47634493294199998,240,0.47634493294199998,240,0.47634493294199998,240,0.29254697706499999,240,0.29254697706499999,240,True,True,True,True,True,True,True
equity,ridge,0.40000000000000002,4,321,42040475,363,06a078598b5e1e7e5c7283ba799e21403c7da666e17d4cd02722799cbf973a69,0.0022997700229999999,0.011498850115000001,True,True,,0.28414007315799999,240,0.28414007315799999,240,0.28414007315799999,240,0.20043008288799999,240,0.20043008288799999,240,True,True,True,True,True,True,True
equity,ridge,0.40000000000000002,4,322,42040476,364,a9eb672a92c0b566bea240bb3751150f9597e8d87f445992c2c79aa138efe516,9.9990001000000006e-05,0.00049995000499999996,True,True,,0.43554010388300002,240,0.43554010388300002,240,0.43554010388300002,240,0.32516179701300002,240,0.32516179701300002,240,True,True,True,True,True,True,True
equity,ridge,0.40000000000000002,4,323,42040477,365,c52cfb34fbfecb57383f5b1acb646e1f33b95acc3594110218d3ebd7952e49cf,0.001299870013,0.0064993500650000003,True,True,,0.31348963057399998,240,0.31348963057399998,240,0.31348963057399998,240,0.21060429573799999,240,0.21060429573799999,240,True,True,True,True,True,True,True
equity,ridge,0.40000000000000002,4,324,42040478,366,ed7e7753476eb89eff9019d41698b32e3a45296e4315dedece1c61b322bb7e48,0.001499850015,0.007499250075,True,True,,0.34199317880699998,240,0.34199317880699998,240,0.34199317880699998,240,0.21054124415700001,240,0.21054124415700001,240,True,True,True,True,True,True,True
equity,ridge,0.40000000000000002,4,325,42040479,367,3ed30efc68d2c2fb7fb169d28a4512a9b6f5c28f11bc7afee482ef402bb21189,9.9990001000000006e-05,0.00049995000499999996,True,True,,0.41599040957900002,240,0.41599040957900002,240,0.41599040957900002,240,0.27267674051500002,240,0.27267674051500002,240,True,True,True,True,True,True,True
equity,ridge,0.40000000000000002,4,326,42040480,368,dfa78197de4839f38ce968f5f02caedd43519128a06f75e8fc492e6fcc5309a2,9.9990001000000006e-05,0.00049995000499999996,True,True,,0.40487038353400001,240,0.40487038353400001,240,0.40487038353400001,240,0.27472352417500001,240,0.27472352417500001,240,True,True,True,True,True,True,True
equity,ridge,0.40000000000000002,4,327,42040481,369,2c593d877f1ad2d675c0ec381a5d5730a269f1b64d1c2bc2d582413ddfaacff7,0.049895010498999998,0.24947505249499999,False,True,,0.39661886237799998,240,0.39661886237799998,240,0.39661886237799998,240,0.12805109810199999,240,0.12805109810199999,240,True,True,True,True,True,True,True
equity,ridge,0.40000000000000002,4,328,42040482,370,cb13bfee31ac7e560a8e211695af403f745b0e3a5ed09699ca7d2812d0b3307e,0.023797620238,0.11898810119,False,True,,0.25791609367000001,240,0.25791609367000001,240,0.25791609367000001,240,0.149405940889,240,0.149405940889,240,True,True,True,True,True,True,True
equity,ridge,0.40000000000000002,4,329,42040483,371,2aeea48fcaaac8567caf45b71edec5d24cb677ea4d0a5651c7a3f738af362103,9.9990001000000006e-05,0.00049995000499999996,True,True,,0.434540664716,240,0.434540664716,240,0.434540664716,240,0.26232324546300001,240,0.26232324546300001,240,True,True,True,True,True,True,True
equity,ridge,0.40000000000000002,4,330,42040484,372,7c4984ead6d276b293eac3d3d74c851fed17da712f6849d34769e10c67b1a677,0.00039996000400000002,0.0019998000199999998,True,True,,0.36979600707100002,240,0.36979600707100002,240,0.36979600707100002,240,0.22880289148899999,240,0.22880289148899999,240,True,True,True,True,True,True,True
equity,ridge,0.40000000000000002,4,331,42040485,373,76c7e55f8a4b4c5f51a9e2ba0e0f0537b6e377fc31a16dcd476fb5872c0e45d1,0.00089991000900000004,0.004499550045,True,True,,0.42290474461100003,240,0.42290474461100003,240,0.42290474461100003,240,0.20866564671500001,240,0.20866564671500001,240,True,True,True,True,True,True,True
equity,ridge,0.40000000000000002,4,332,42040486,374,1a1277a4c148e6370564b46c31f895e8ea7e685fab156a4a109e40294f225e87,9.9990001000000006e-05,0.00049995000499999996,True,True,,0.40880957077000002,240,0.40880957077000002,240,0.40880957077000002,240,0.25759596904999998,240,0.25759596904999998,240,True,True,True,True,True,True,True
equity,ridge,0.40000000000000002,4,333,42040487,375,4d948cf5a0b47ef6ce4d8acf02a95cafdd873ea12cb81bcd22ded4b1c76b1400,0.0026997300269999999,0.013498650135,True,True,,0.329146971244,240,0.329146971244,240,0.329146971244,240,0.200555393478,240,0.200555393478,240,True,True,True,True,True,True,True
equity,ridge,0.40000000000000002,4,334,42040488,376,ee7a395a6ab823eb8a3d538145ae9a05ec5626eeb881baba66bb589a7140ec0c,9.9990001000000006e-05,0.00049995000499999996,True,True,,0.45945844974900002,240,0.45945844974900002,240,0.45945844974900002,240,0.34898611922799999,240,0.34898611922799999,240,True,True,True,True,True,True,True
equity,ridge,0.40000000000000002,4,335,42040489,377,8bed81aa29ca88ece76001ad7f25e65fd363efef98527c9171076056723e72d9,9.9990001000000006e-05,0.00049995000499999996,True,True,,0.47227354108699998,240,0.47227354108699998,240,0.47227354108699998,240,0.31861409397899998,240,0.31861409397899998,240,True,True,True,True,True,True,True
equity,ridge,0.40000000000000002,4,336,42040490,378,9643b29a451a2c222eac26589d21b1bdb2ce998717e3065b6e15e46b2bf4e1d1,0.017398260174000001,0.086991300869999996,False,True,,0.28950911380299998,240,0.28950911380299998,240,0.28950911380299998,240,0.15797051862600001,240,0.15797051862600001,240,True,True,True,True,True,True,True
equity,ridge,0.40000000000000002,4,337,42040491,379,9df5fdd64f4139234c4987f94136b0550684b8b263e2be6d52eec9be89b82ca2,9.9990001000000006e-05,0.00049995000499999996,True,True,,0.43573615723499998,240,0.43573615723499998,240,0.43573615723499998,240,0.29708708355399999,240,0.29708708355399999,240,True,True,True,True,True,True,True
equity,ridge,0.40000000000000002,4,338,42040492,380,b6d9f170710206cc19c9ec43ff82856e603b794016b580e04b0902e9c52b1f34,9.9990001000000006e-05,0.00049995000499999996,True,True,,0.42915708666899999,240,0.42915708666899999,240,0.42915708666899999,240,0.295923162618,240,0.295923162618,240,True,True,True,True,True,True,True
equity,ridge,0.40000000000000002,4,339,42040493,381,b8dbf37bbb697c26dbb82208af5049f6dd4ce2ca5c54bc07df864d8f4a097e2e,0.00029997000299999998,0.001499850015,True,True,,0.36893519232600003,240,0.36893519232600003,240,0.36893519232600003,240,0.251227339223,240,0.251227339223,240,True,True,True,True,True,True,True
equity,ridge,0.40000000000000002,4,340,42040494,382,919968ab4a52e86b3c033cb6bafafbef00b46b77200b0de4759aa6b47cc84de7,9.9990001000000006e-05,0.00049995000499999996,True,True,,0.440143257924,240,0.440143257924,240,0.440143257924,240,0.30798745627700003,240,0.30798745627700003,240,True,True,True,True,True,True,True
equity,ridge,0.40000000000000002,4,341,42040495,383,ba929a67733d2f17e73332b5b12169eda14bcedad07aa05a66ab5a7166352739,0.00059994000599999995,0.00299970003,True,True,,0.44297071891200002,240,0.44297071891200002,240,0.44297071891200002,240,0.22117535103899999,240,0.22117535103899999,240,True,True,True,True,True,True,True
equity,ridge,0.40000000000000002,4,342,42040496,384,2ffe7b320b3e07947aecf0eb2e21da2c53a0b2ca0540e9f21a78295071c52cf5,9.9990001000000006e-05,0.00049995000499999996,True,True,,0.44651881493399997,240,0.44651881493399997,240,0.44651881493399997,240,0.304643044526,240,0.304643044526,240,True,True,True,True,True,True,True
equity,ridge,0.40000000000000002,4,343,42040497,385,73675dc6a9f10d73ba2c14bf2328ad4061ce878b821addfe247c32aff22ffb93,9.9990001000000006e-05,0.00049995000499999996,True,True,,0.44912889865900002,240,0.44912889865900002,240,0.44912889865900002,240,0.288968619303,240,0.288968619303,240,True,True,True,True,True,True,True
equity,ridge,0.40000000000000002,4,344,42040498,386,795185dbf5abe6c95d91515cb6617861e304a02613631d0f070f2ae7d7f64b0c,0.0094990500949999994,0.047495250475,True,True,,0.39255607333600001,240,0.39255607333600001,240,0.39255607333600001,240,0.17044072554699999,240,0.17044072554699999,240,True,True,True,True,True,True,True
equity,ridge,0.40000000000000002,4,345,42040499,387,aae6dcc725de484c30c6ffafdbfbbc45d5e994bd315e705803d6a03985d4361b,0.00019998000200000001,0.00099990000999999992,True,True,,0.44466550890200002,240,0.44466550890200002,240,0.44466550890200002,240,0.27984122085399998,240,0.27984122085399998,240,True,True,True,True,True,True,True
equity,ridge,0.40000000000000002,4,346,42040500,388,0ab65f7fd40804024f43e9f3187a605b5fdcc03c7e2bb6b857adf8b308a8b68e,0.00019998000200000001,0.00099990000999999992,True,True,,0.394846612722,240,0.394846612722,240,0.394846612722,240,0.26214455013499999,240,0.26214455013499999,240,True,True,True,True,True,True,True
equity,ridge,0.40000000000000002,4,347,42040501,389,74e30e1492407374f0bd3eaf72b3a1aa1b0e253908b0e7cedad0c04a416238da,0.00049995000499999996,0.0024997500250000001,True,True,,0.39114280973999999,240,0.39114280973999999,240,0.39114280973999999,240,0.23015425380599999,240,0.23015425380599999,240,True,True,True,True,True,True,True
equity,ridge,0.40000000000000002,4,348,42040502,390,2a51ad4f105d239f1ae9d80880799cf01777c47a559be0fff9bcff628372b380,9.9990001000000006e-05,0.00049995000499999996,True,True,,0.41599756444000002,240,0.41599756444000002,240,0.41599756444000002,240,0.25153986186499999,240,0.25153986186499999,240,True,True,True,True,True,True,True
equity,ridge,0.40000000000000002,4,349,42040503,391,482adfed4a464d98f3ad0496ee70cb8128a700a1c0957d3f3f9bdc667610f2ab,0.00019998000200000001,0.00099990000999999992,True,True,,0.44536188162500001,240,0.44536188162500001,240,0.44536188162500001,240,0.28761602553999999,240,0.28761602553999999,240,True,True,True,True,True,True,True
equity,ridge,0.40000000000000002,4,350,42040504,392,2521f0b3590fc0519a7db9d22d23683bda444b615b2c8c96764a7a4a3e424e7e,0.022097790220999999,0.110488951105,False,True,,0.31236415015500002,240,0.31236415015500002,240,0.31236415015500002,240,0.15078175253199999,240,0.15078175253199999,240,True,True,True,True,True,True,True
equity,ridge,0.40000000000000002,4,351,42040505,393,5a5e6f9cad5f179e86a67bbe4883631df4c23314da3426fc5a322957cddf6206,0.0013998600139999999,0.0069993000699999997,True,True,,0.42236661702200001,240,0.42236661702200001,240,0.42236661702200001,240,0.21547933314199999,240,0.21547933314199999,240,True,True,True,True,True,True,True
equity,ridge,0.40000000000000002,4,352,42040506,394,9f1c9290ee6df8872b6fdafe1304188d8756c6a3d1b46f3ed94fc3708d6610ce,0.00079992000800000005,0.0039996000399999997,True,True,,0.35140130411600001,240,0.35140130411600001,240,0.35140130411600001,240,0.21594036099200001,240,0.21594036099200001,240,True,True,True,True,True,True,True
equity,ridge,0.40000000000000002,4,353,42040507,395,2a6a3f1aa9a04edf11396732089df229224daf7d62e0cc944df80082bdda6b21,0.00049995000499999996,0.0024997500250000001,True,True,,0.37907831862500002,240,0.37907831862500002,240,0.37907831862500002,240,0.22745036513200001,240,0.22745036513200001,240,True,True,True,True,True,True,True
equity,ridge,0.40000000000000002,4,354,42040508,396,f6125dbf0e783aae951c84767e199959ff8fa9ed62f078a19af3b54257b86ad5,0.00069993000699999995,0.0034996500349999998,True,True,,0.371256676856,240,0.371256676856,240,0.371256676856,240,0.22544985750800001,240,0.22544985750800001,240,True,True,True,True,True,True,True
equity,ridge,0.40000000000000002,4,355,42040509,397,e4990574bd38eb3365fdd42500e99d2d49e0d6fa38eabb8476f5e555a2f06322,0.00029997000299999998,0.001499850015,True,True,,0.415606548691,240,0.415606548691,240,0.415606548691,240,0.220222360453,240,0.220222360453,240,True,True,True,True,True,True,True
equity,ridge,0.40000000000000002,4,356,42040510,398,8ad11719fffa2e26204013856035d81b74ca7867b9c6ed9e08a2ecd3db405c74,9.9990001000000006e-05,0.00049995000499999996,True,True,,0.495627600705,240,0.495627600705,240,0.495627600705,240,0.39767312013099998,240,0.39767312013099998,240,True,True,True,True,True,True,True
equity,ridge,0.40000000000000002,4,357,42040511,399,fbc40f5fee2466c849d9770478b978a4d8011838081b96ab7189cb1a54c44e58,0.0011998800119999999,0.00599940006,True,True,,0.35811335996799998,240,0.35811335996799998,240,0.35811335996799998,240,0.213072823602,240,0.213072823602,240,True,True,True,True,True,True,True
equity,ridge,0.40000000000000002,4,358,42040512,400,0dcdf826ffe83b9d7952dc926ddddffccb41a1077fc1c1a54833e24470d25ca4,9.9990001000000006e-05,0.00049995000499999996,True,True,,0.50129297458800004,240,0.50129297458800004,240,0.50129297458800004,240,0.32347400838899998,240,0.32347400838899998,240,True,True,True,True,True,True,True
equity,ridge,0.40000000000000002,4,359,42040513,401,b056467128faf013addfea122ca5120a1334baa29c4ccb5fb733d176bb085c08,9.9990001000000006e-05,0.00049995000499999996,True,True,,0.37268606080200001,240,0.37268606080200001,240,0.37268606080200001,240,0.28188939366799998,240,0.28188939366799998,240,True,True,True,True,True,True,True
equity,ridge,0.40000000000000002,4,360,42040514,402,a47de345c4424473b7847be515f1730340b74b11bb6df3c10a8191737a55c875,0.00039996000400000002,0.0019998000199999998,True,True,,0.448066158617,240,0.448066158617,240,0.448066158617,240,0.24469501964900001,240,0.24469501964900001,240,True,True,True,True,True,True,True
equity,ridge,0.40000000000000002,4,361,42040515,403,790674583bb2cdb568179692d187f4ec54bff6cb71f6a9fcad97130f78fc75de,0.005199480052,0.025997400260000001,True,True,,0.363089708866,240,0.363089708866,240,0.363089708866,240,0.18104438477199999,240,0.18104438477199999,240,True,True,True,True,True,True,True
equity,ridge,0.40000000000000002,4,362,42040516,404,d151743f0b3fb0d4da3341ff9ae9e2d0908749c150462d4e503b92f3bf26e209,9.9990001000000006e-05,0.00049995000499999996,True,True,,0.44908045390099999,240,0.44908045390099999,240,0.44908045390099999,240,0.29617974659500002,240,0.29617974659500002,240,True,True,True,True,True,True,True
equity,ridge,0.40000000000000002,4,363,42040517,405,c651673590c7dbd1fb008eaa26aff695973a91810e3987cdb9b6881fb0d51fc5,9.9990001000000006e-05,0.00049995000499999996,True,True,,0.51259137852900005,240,0.51259137852900005,240,0.51259137852900005,240,0.31763676103799998,240,0.31763676103799998,240,True,True,True,True,True,True,True
equity,ridge,0.40000000000000002,4,364,42040518,406,58306810e16cdc7878bec03619456643252d1cfa3e52c4dc32dcce89f4195cff,0.00029997000299999998,0.001499850015,True,True,,0.31564528960600002,240,0.31564528960600002,240,0.31564528960600002,240,0.25022788393599998,240,0.25022788393599998,240,True,True,True,True,True,True,True
equity,ridge,0.40000000000000002,4,365,42040519,407,1494dd4a0d386bbb69314ff4b1de4d25ff55d3a95a961af67ff5fd340f917186,0.00029997000299999998,0.001499850015,True,True,,0.41863862499799998,240,0.41863862499799998,240,0.41863862499799998,240,0.23974119753299999,240,0.23974119753299999,240,True,True,True,True,True,True,True
equity,ridge,0.40000000000000002,4,366,42040520,408,8b8973fb97b9860c92f6f68bcc07319b10b13cecd2aaec6f4b24208b800d9153,9.9990001000000006e-05,0.00049995000499999996,True,True,,0.47276446122499999,240,0.47276446122499999,240,0.47276446122499999,240,0.31078404025900003,240,0.31078404025900003,240,True,True,True,True,True,True,True
equity,ridge,0.40000000000000002,4,367,42040521,409,d9863f8430a813d0c957572693a0390de4148a978eee8ecd8d991133f2ba2cdc,9.9990001000000006e-05,0.00049995000499999996,True,True,,0.40887155136199999,240,0.40887155136199999,240,0.40887155136199999,240,0.283951743408,240,0.283951743408,240,True,True,True,True,True,True,True
equity,ridge,0.40000000000000002,4,368,42040522,410,7fbc0728db398d62d7e810555240cab2b21243f0e442d703862aee165192f0e1,9.9990001000000006e-05,0.00049995000499999996,True,True,,0.44024441775399997,240,0.44024441775399997,240,0.44024441775399997,240,0.287569151824,240,0.287569151824,240,True,True,True,True,True,True,True
equity,ridge,0.40000000000000002,4,369,42040523,411,39bfac72600f3f241d953bf3a4828fc569862cb96d95cb36321ef8e877847c81,0.00019998000200000001,0.00099990000999999992,True,True,,0.45642509876800003,240,0.45642509876800003,240,0.45642509876800003,240,0.22843435251700001,240,0.22843435251700001,240,True,True,True,True,True,True,True
equity,ridge,0.40000000000000002,4,370,42040524,412,447609d3c4e9569ba1eb98f77b25b6c7fce78aeb00bcf1a4fd84829a68673608,0.020197980202000001,0.10098990100999999,False,True,,0.43497776179199998,240,0.43497776179199998,240,0.43497776179199998,240,0.151101490665,240,0.151101490665,240,True,True,True,True,True,True,True
equity,ridge,0.40000000000000002,4,371,42040525,413,9c24d0fbca54a9bf16f390c85bc0f93b0e4e977df0df2099238853d3a9004d8a,0.00019998000200000001,0.00099990000999999992,True,True,,0.40825451249099998,240,0.40825451249099998,240,0.40825451249099998,240,0.25407949351800002,240,0.25407949351800002,240,True,True,True,True,True,True,True
equity,ridge,0.40000000000000002,4,372,42040526,414,f8daf4b47ee95d001c6a07505fbb4641be21810a2ab6e462234c2f49ddd3a434,0.00019998000200000001,0.00099990000999999992,True,True,,0.31405143451500001,240,0.31405143451500001,240,0.31405143451500001,240,0.245445600273,240,0.245445600273,240,True,True,True,True,True,True,True
equity,ridge,0.40000000000000002,4,373,42040527,415,6c9ab00505357f6a34de0691453a79a5276e522bcd7b42d6a8bde98aed538e63,0.00059994000599999995,0.00299970003,True,True,,0.37211575112799999,240,0.37211575112799999,240,0.37211575112799999,240,0.21738627631900001,240,0.21738627631900001,240,True,True,True,True,True,True,True
equity,ridge,0.40000000000000002,4,374,42040528,416,3c0164d45755a6d03a88f6835b201f8f771a775b8f3a5ef3a7b05959690a5c08,9.9990001000000006e-05,0.00049995000499999996,True,True,,0.41030896791600002,240,0.41030896791600002,240,0.41030896791600002,240,0.29539061390400001,240,0.29539061390400001,240,True,True,True,True,True,True,True
equity,ridge,0.40000000000000002,4,375,42040529,417,5c78645bf9eb1a703a117a6e0f81c88f870f4956e5b78cfc6b9283268ee8ea1b,0.00049995000499999996,0.0024997500250000001,True,True,,0.42829712127899999,240,0.42829712127899999,240,0.42829712127899999,240,0.24345258435799999,240,0.24345258435799999,240,True,True,True,True,True,True,True
equity,ridge,0.40000000000000002,4,376,42040530,418,deb82e1ccf7805b9521772379a387e2e9d73626ef06607b0f566eeb1d479f1ad,9.9990001000000006e-05,0.00049995000499999996,True,True,,0.42263986829200001,240,0.42263986829200001,240,0.42263986829200001,240,0.27744297728,240,0.27744297728,240,True,True,True,True,True,True,True
equity,ridge,0.40000000000000002,4,377,42040531,419,5d057badd04dd61e40111d0577e1c650bae433613df5362995667b0bd7adc881,9.9990001000000006e-05,0.00049995000499999996,True,True,,0.37672555540000002,240,0.37672555540000002,240,0.37672555540000002,240,0.27983354982199998,240,0.27983354982199998,240,True,True,True,True,True,True,True
equity,ridge,0.40000000000000002,4,378,42040532,420,e5df47e8d2ca4d023c93142a5305fb1bcded20e68ebeafc77eee750b7a0c0e17,9.9990001000000006e-05,0.00049995000499999996,True,True,,0.51043620489599995,240,0.51043620489599995,240,0.51043620489599995,240,0.331632129951,240,0.331632129951,240,True,True,True,True,True,True,True
equity,ridge,0.40000000000000002,4,379,42040533,421,8492faf3ebbe605ef5ae0438d5c695d25ca9ab9f8768688d30ef79442c07a023,0.00069993000699999995,0.0034996500349999998,True,True,,0.35643395911699999,240,0.35643395911699999,240,0.35643395911699999,240,0.214471886827,240,0.214471886827,240,True,True,True,True,True,True,True
equity,ridge,0.40000000000000002,4,380,42040534,422,d3716326e2985bdcc1278230164b324bd4191c9c5d5fcdf90dd472a5a4d70314,9.9990001000000006e-05,0.00049995000499999996,True,True,,0.43084345499900001,240,0.43084345499900001,240,0.43084345499900001,240,0.286717948788,240,0.286717948788,240,True,True,True,True,True,True,True
equity,ridge,0.40000000000000002,4,381,42040535,423,39ea0201b4277b460ab811e491dce91ea9e68c0665e2c662312bd84aff5c38b3,9.9990001000000006e-05,0.00049995000499999996,True,True,,0.41971665490100002,240,0.41971665490100002,240,0.41971665490100002,240,0.24321788204200001,240,0.24321788204200001,240,True,True,True,True,True,True,True
equity,ridge,0.40000000000000002,4,382,42040536,424,3b641325c931fc732c45dafdbb5ea56adb0ea293aea1ee8210c8a743a015f1d5,0.011098890110999999,0.055494450554999998,False,True,,0.42918673460899998,240,0.42918673460899998,240,0.42918673460899998,240,0.16470542821699999,240,0.16470542821699999,240,True,True,True,True,True,True,True
equity,ridge,0.40000000000000002,4,383,42040537,425,ebbee9ae38e91fa2c3e68e418284d719aaedf8642c1a60bf9621ad01e9f2740e,0.00099990000999999992,0.0049995000500000003,True,True,,0.31235573838699998,240,0.31235573838699998,240,0.31235573838699998,240,0.21019756737299999,240,0.21019756737299999,240,True,True,True,True,True,True,True
equity,ridge,0.40000000000000002,4,384,42040538,426,bfe4e2cefa9560cb26c70899f5717b847aa0ab161732e8634ecb966194231a01,9.9990001000000006e-05,0.00049995000499999996,True,True,,0.44398573643200001,240,0.44398573643200001,240,0.44398573643200001,240,0.27083947112500001,240,0.27083947112500001,240,True,True,True,True,True,True,True
equity,ridge,0.40000000000000002,4,385,42040539,427,049a119fa6fa1edd7d214a621e9a9b015b8d3e57650551287f5ddaebd583bea3,9.9990001000000006e-05,0.00049995000499999996,True,True,,0.46110660231099998,240,0.46110660231099998,240,0.46110660231099998,240,0.29736788991000002,240,0.29736788991000002,240,True,True,True,True,True,True,True
equity,ridge,0.40000000000000002,4,386,42040540,428,693df634808cd0043bd1fed9df251c7bfb62f465f56946eca80283bfeaa78d65,0.00059994000599999995,0.00299970003,True,True,,0.37032685634200002,240,0.37032685634200002,240,0.37032685634200002,240,0.21444061582500001,240,0.21444061582500001,240,True,True,True,True,True,True,True
equity,ridge,0.40000000000000002,4,387,42040541,429,2db5b54c3843e988b5cda9d4299250d66f2b9e75fecff972b71afdee8dc75cbf,0.001299870013,0.0064993500650000003,True,True,,0.40595801470499998,240,0.40595801470499998,240,0.40595801470499998,240,0.219363894669,240,0.219363894669,240,True,True,True,True,True,True,True
equity,ridge,0.40000000000000002,4,388,42040542,430,3cca39778233893c7ec8fe0fbf75c2266a079ae16027f5265665b4f078c9b2d8,0.00029997000299999998,0.001499850015,True,True,,0.43618087332299998,240,0.43618087332299998,240,0.43618087332299998,240,0.242468607231,240,0.242468607231,240,True,True,True,True,True,True,True
equity,ridge,0.40000000000000002,4,389,42040543,431,9915243274f9af77cf17b3c92692476732b8055e0ef6b0e4fd24c539b7cd6e6c,0.00089991000900000004,0.004499550045,True,True,,0.34166531410000001,240,0.34166531410000001,240,0.34166531410000001,240,0.21664374039199999,240,0.21664374039199999,240,True,True,True,True,True,True,True
equity,ridge,0.40000000000000002,4,390,42040544,432,5af59d694a91385a7eb53ff6d9d699c92e2c0de4fc020c3ae859e815c26b99ec,0.00029997000299999998,0.001499850015,True,True,,0.36743482603299998,240,0.36743482603299998,240,0.36743482603299998,240,0.24923496787999999,240,0.24923496787999999,240,True,True,True,True,True,True,True
equity,ridge,0.40000000000000002,4,391,42040545,433,7ca0354861fc98b8fb9cacf7dc46b611e8586695c31f4d12905aa20fc9301c57,0.00069993000699999995,0.0034996500349999998,True,True,,0.43498563229499998,240,0.43498563229499998,240,0.43498563229499998,240,0.21890974601099999,240,0.21890974601099999,240,True,True,True,True,True,True,True
equity,ridge,0.40000000000000002,4,392,42040546,434,810995c17e9cae623a79e9266283b1dac8003284a260a503095e0fed05a5a744,9.9990001000000006e-05,0.00049995000499999996,True,True,,0.35838672004099997,240,0.35838672004099997,240,0.35838672004099997,240,0.31293318204100001,240,0.31293318204100001,240,True,True,True,True,True,True,True
equity,ridge,0.40000000000000002,4,393,42040547,435,2170decc650c4a7e4d2ac774bb434dfa5949fa86505a11f405a3ffc419e39fea,0.00099990000999999992,0.0049995000500000003,True,True,,0.40621585247500003,240,0.40621585247500003,240,0.40621585247500003,240,0.21265917190200001,240,0.21265917190200001,240,True,True,True,True,True,True,True
equity,ridge,0.40000000000000002,4,394,42040548,436,e8ef255ee8e2c2cd4f710073f4a3bcf6f95edef6b2b32fe98c6b772648f157b0,9.9990001000000006e-05,0.00049995000499999996,True,True,,0.47135091719700001,240,0.47135091719700001,240,0.47135091719700001,240,0.336905719873,240,0.336905719873,240,True,True,True,True,True,True,True
equity,ridge,0.40000000000000002,4,395,42040549,437,816cefa4f91249e34993adc3a2d4efe6ea0cf0ad397e2738cb2dfcd10be11279,0.00019998000200000001,0.00099990000999999992,True,True,,0.37712365658899999,240,0.37712365658899999,240,0.37712365658899999,240,0.25232134403899997,240,0.25232134403899997,240,True,True,True,True,True,True,True
equity,ridge,0.40000000000000002,4,396,42040550,438,fa3433956181aea6cc870dba25b2d4e671f36dfe49773b64828ec64fb863a9d3,9.9990001000000006e-05,0.00049995000499999996,True,True,,0.39005615522699999,240,0.39005615522699999,240,0.39005615522699999,240,0.27207511917499999,240,0.27207511917499999,240,True,True,True,True,True,True,True
equity,ridge,0.40000000000000002,4,397,42040551,439,c1fdbd5f4950ec2e05885d3bc456e1d9b6fc1475730813ce2152e225ebfae81b,0.00099990000999999992,0.0049995000500000003,True,True,,0.34873703483700003,240,0.34873703483700003,240,0.34873703483700003,240,0.21278382546399999,240,0.21278382546399999,240,True,True,True,True,True,True,True
equity,ridge,0.40000000000000002,4,398,42040552,440,2717ff6960c2490c5463b87ae13b926a2641448fc499f0a91e7955d3c137a10c,9.9990001000000006e-05,0.00049995000499999996,True,True,,0.48436833204200003,240,0.48436833204200003,240,0.48436833204200003,240,0.27546571134699999,240,0.27546571134699999,240,True,True,True,True,True,True,True
equity,ridge,0.40000000000000002,4,399,42040553,441,48b3c8df03367888d58ee386639af6e285ae00a651fe15f0f69479d140e0da8c,0.001299870013,0.0064993500650000003,True,True,,0.36972542952800003,240,0.36972542952800003,240,0.36972542952800003,240,0.21888692945499999,240,0.21888692945499999,240,True,True,True,True,True,True,True
equity,ridge,0.40000000000000002,4,400,42040554,442,914aa3c3e5fff6b77a88a1ec7ad0373d42216453181c28d8440002fbd5dcd4ed,9.9990001000000006e-05,0.00049995000499999996,True,True,,0.43931452800199999,240,0.43931452800199999,240,0.43931452800199999,240,0.29058583661100001,240,0.29058583661100001,240,True,True,True,True,True,True,True
equity,ridge,0.40000000000000002,4,401,42040555,443,634354a95e2fbd6be9eb425d854673e68286ce03bd67a5c87a74f82e0db959a8,0.001299870013,0.0064993500650000003,True,True,,0.36932651689899998,240,0.36932651689899998,240,0.36932651689899998,240,0.21043160698400001,240,0.21043160698400001,240,True,True,True,True,True,True,True
equity,ridge,0.40000000000000002,4,402,42040556,444,ff58a23c7e4cccded252066434abfb6cf0889859fc16f3995704bd874bb11738,9.9990001000000006e-05,0.00049995000499999996,True,True,,0.41949805443499999,240,0.41949805443499999,240,0.41949805443499999,240,0.274387544983,240,0.274387544983,240,True,True,True,True,True,True,True
equity,ridge,0.40000000000000002,4,403,42040557,445,8221e7c0bc992227d196797f9de76bda23b97895a9c9082556ed09a1ee8fb847,9.9990001000000006e-05,0.00049995000499999996,True,True,,0.36145800177999998,240,0.36145800177999998,240,0.36145800177999998,240,0.23209165178400001,240,0.23209165178400001,240,True,True,True,True,True,True,True
equity,ridge,0.40000000000000002,4,404,42040558,446,8a5ff184162889cd2fe39558f2551c5c7f7f660a59ee6879f4fc8e57c869f37d,0.00029997000299999998,0.001499850015,True,True,,0.37210807258599998,240,0.37210807258599998,240,0.37210807258599998,240,0.255236325717,240,0.255236325717,240,True,True,True,True,True,True,True
equity,ridge,0.40000000000000002,4,405,42040559,447,d7e9e6ee76cf436758fcc897f2612a518cdda3cb11bf226f6bd8c730600db745,9.9990001000000006e-05,0.00049995000499999996,True,True,,0.460834013747,240,0.460834013747,240,0.460834013747,240,0.28353754018499999,240,0.28353754018499999,240,True,True,True,True,True,True,True
equity,ridge,0.40000000000000002,4,406,42040560,448,2edeee042453a9c9a7baf14ec744e4188a74a88c528ea4c1106c9c6b7ca6be28,0.00019998000200000001,0.00099990000999999992,True,True,,0.43179031720400002,240,0.43179031720400002,240,0.43179031720400002,240,0.24873547954799999,240,0.24873547954799999,240,True,True,True,True,True,True,True
equity,ridge,0.40000000000000002,4,407,42040561,449,bcc3680d592aee95db27af7a9711f5ab3cb6ee28d8b90bbc0040317a7e69c978,9.9990001000000006e-05,0.00049995000499999996,True,True,,0.45441053181300001,240,0.45441053181300001,240,0.45441053181300001,240,0.31351900504300001,240,0.31351900504300001,240,True,True,True,True,True,True,True
equity,ridge,0.40000000000000002,4,408,42040562,450,7a43a080f091c068ac7b8437e2bec79909d060a16caf77ff26dc5bfe6c404d4e,0.0047995200479999996,0.02399760024,True,True,,0.36724741139599998,240,0.36724741139599998,240,0.36724741139599998,240,0.186326294511,240,0.186326294511,240,True,True,True,True,True,True,True
equity,ridge,0.40000000000000002,4,409,42040563,451,cffc0f0e9b72ee1436edad8921caba13aef69ff387b9fc9f796289119cd87014,9.9990001000000006e-05,0.00049995000499999996,True,True,,0.44191602320099999,240,0.44191602320099999,240,0.44191602320099999,240,0.30007120105099999,240,0.30007120105099999,240,True,True,True,True,True,True,True
equity,ridge,0.40000000000000002,4,410,42040564,452,23decd464d6949b2eb3b2175734441040853fb3aeebfadd96da499aaba840542,0.00099990000999999992,0.0049995000500000003,True,True,,0.44942455966599998,240,0.44942455966599998,240,0.44942455966599998,240,0.20889211750100001,240,0.20889211750100001,240,True,True,True,True,True,True,True
equity,ridge,0.40000000000000002,4,411,42040565,453,95f3580d8fa8da29e5b35493898bf664a7a2a772309206adb915646dc0119828,9.9990001000000006e-05,0.00049995000499999996,True,True,,0.43639267537499998,240,0.43639267537499998,240,0.43639267537499998,240,0.27332581640100001,240,0.27332581640100001,240,True,True,True,True,True,True,True
equity,ridge,0.40000000000000002,4,412,42040566,454,a7460c38b99255be7fc7609fe21f8cd3e77d7d8a71f9678d528b47bfd522d8f7,9.9990001000000006e-05,0.00049995000499999996,True,True,,0.43338371125899999,240,0.43338371125899999,240,0.43338371125899999,240,0.26079920813000002,240,0.26079920813000002,240,True,True,True,True,True,True,True
equity,ridge,0.40000000000000002,4,413,42040567,455,04a598710f3f98d430467bbe53ac281bc2a97f2eba0c88802dd087e2de4f28ae,0.001699830017,0.0084991500850000005,True,True,,0.33174920901100002,240,0.33174920901100002,240,0.33174920901100002,240,0.20314951382999999,240,0.20314951382999999,240,True,True,True,True,True,True,True
equity,ridge,0.40000000000000002,4,414,42040568,456,829087416e829fa3aebb6874c7cbf2686d659c26fcec66ba12bfff8b142b1190,9.9990001000000006e-05,0.00049995000499999996,True,True,,0.360207726575,240,0.360207726575,240,0.360207726575,240,0.23844418672199999,240,0.23844418672199999,240,True,True,True,True,True,True,True
equity,ridge,0.40000000000000002,4,415,42040569,457,2625c27b042c183516607618bc49e0effb512bd75788c07004bb3c44ac64626f,0.00029997000299999998,0.001499850015,True,True,,0.407090314969,240,0.407090314969,240,0.407090314969,240,0.241585110194,240,0.241585110194,240,True,True,True,True,True,True,True
equity,ridge,0.40000000000000002,4,416,42040570,458,1165932759c9e5812c3a99e991003745178958ee470905fa2433bfeb6ceeb271,9.9990001000000006e-05,0.00049995000499999996,True,True,,0.38124204250299998,240,0.38124204250299998,240,0.38124204250299998,240,0.28848412299800003,240,0.28848412299800003,240,True,True,True,True,True,True,True
equity,ridge,0.40000000000000002,4,417,42040571,459,b41be49aa3a43c9037149f95071b26e663f215d394195712ea837766642a8fb0,0.0013998600139999999,0.0069993000699999997,True,True,,0.41928063742499999,240,0.41928063742499999,240,0.41928063742499999,240,0.206775028488,240,0.206775028488,240,True,True,True,True,True,True,True
equity,ridge,0.40000000000000002,4,418,42040572,460,5fc0f998e1594d65936313406269aff28b34923ef7c999452351084c00ff70ac,9.9990001000000006e-05,0.00049995000499999996,True,True,,0.53655717509500001,240,0.53655717509500001,240,0.53655717509500001,240,0.34704003399599997,240,0.34704003399599997,240,True,True,True,True,True,True,True
equity,ridge,0.40000000000000002,4,419,42040573,461,59216db83f618c3bb5e29549db630ca07a7d7c10f9283dd3eef52a73da6148f6,0.001899810019,0.0094990500949999994,True,True,,0.32466182163399998,240,0.32466182163399998,240,0.32466182163399998,240,0.20411792817400001,240,0.20411792817400001,240,True,True,True,True,True,True,True
equity,ridge,0.40000000000000002,4,420,42040574,462,5b92a6c2d2fe7546c4a0423c6c20c76bd22b3ff9dc9f7c66e70deca59881faf2,9.9990001000000006e-05,0.00049995000499999996,True,True,,0.456519542976,240,0.456519542976,240,0.456519542976,240,0.28652197566400001,240,0.28652197566400001,240,True,True,True,True,True,True,True
equity,ridge,0.40000000000000002,4,421,42040575,463,2b2d6f7e4dc930f8900f5b31aa9fd47f522165fc66d91e7e1a80f4a1c6b3b6d7,9.9990001000000006e-05,0.00049995000499999996,True,True,,0.45451263771200001,240,0.45451263771200001,240,0.45451263771200001,240,0.31080811463800001,240,0.31080811463800001,240,True,True,True,True,True,True,True
equity,ridge,0.40000000000000002,4,422,42040576,464,55bf1e408064274213f3eecfcd829025668c9c98b3ddfb4d78fb3d9481460185,0.00019998000200000001,0.00099990000999999992,True,True,,0.48983006012000002,240,0.48983006012000002,240,0.48983006012000002,240,0.28073971230099998,240,0.28073971230099998,240,True,True,True,True,True,True,True
equity,ridge,0.40000000000000002,4,423,42040577,465,89c2bbe2c8702e417844d9c6e7db72598eb7bfbf5994b94021a4ac5cbc1d34d1,0.0015998400160000001,0.0079992000799999994,True,True,,0.36667695610200002,240,0.36667695610200002,240,0.36667695610200002,240,0.203297804729,240,0.203297804729,240,True,True,True,True,True,True,True
equity,ridge,0.40000000000000002,4,424,42040578,466,6e2575bd9ce2f82ac99cad6c8f620321ca040ee4c9527a1b30dfecfc7312171b,0.00079992000800000005,0.0039996000399999997,True,True,,0.47911002886699999,240,0.47911002886699999,240,0.47911002886699999,240,0.21928439706299999,240,0.21928439706299999,240,True,True,True,True,True,True,True
equity,ridge,0.40000000000000002,4,425,42040579,467,fb955986c4e078dfa043ace8e88a8f3b7ed9cc5e821d0d7c3fc38e9365d3ca54,0.00049995000499999996,0.0024997500250000001,True,True,,0.40717586072900003,240,0.40717586072900003,240,0.40717586072900003,240,0.222418081415,240,0.222418081415,240,True,True,True,True,True,True,True
equity,ridge,0.40000000000000002,4,426,42040580,468,c05cd57fb9ea5a6c40f51ed304ec730b221524df051c163c60b2466ab68c4da4,9.9990001000000006e-05,0.00049995000499999996,True,True,,0.54589418654199995,240,0.54589418654199995,240,0.54589418654199995,240,0.28867845034799999,240,0.28867845034799999,240,True,True,True,True,True,True,True
equity,ridge,0.40000000000000002,4,427,42040581,469,fa41e15e742010e82812de7da25bec4a736e693dd499686ca85f3f3291d0104f,9.9990001000000006e-05,0.00049995000499999996,True,True,,0.47063922493999999,240,0.47063922493999999,240,0.47063922493999999,240,0.33699124676600001,240,0.33699124676600001,240,True,True,True,True,True,True,True
equity,ridge,0.40000000000000002,4,428,42040582,470,5067a5cf24833107f72d22b0c382b0b2dee348236ceba799c0873ab138955767,0.00019998000200000001,0.00099990000999999992,True,True,,0.57560256058600001,240,0.57560256058600001,240,0.57560256058600001,240,0.28093510148200002,240,0.28093510148200002,240,True,True,True,True,True,True,True
equity,ridge,0.40000000000000002,4,429,42040583,471,fb07652e6bf9f19a23cab11607ebaa3c6e6228711fdc790161dad5c0ce5a573c,9.9990001000000006e-05,0.00049995000499999996,True,True,,0.430086586637,240,0.430086586637,240,0.430086586637,240,0.29565729187400003,240,0.29565729187400003,240,True,True,True,True,True,True,True
equity,ridge,0.40000000000000002,4,430,42040584,472,d38ccbfafcc771e2b3a966971b0d3896cf9df987e944ee60c3d54c0c422017f0,9.9990001000000006e-05,0.00049995000499999996,True,True,,0.40241691950000003,240,0.40241691950000003,240,0.40241691950000003,240,0.280146134376,240,0.280146134376,240,True,True,True,True,True,True,True
equity,ridge,0.40000000000000002,4,431,42040585,473,4cd89f2bbb8b765dd4aaf514bfe6d4944296d7a2ca5e7f15c957601881773479,0.0042995700430000002,0.021497850214999999,True,True,,0.37710846728800002,240,0.37710846728800002,240,0.37710846728800002,240,0.182614603992,240,0.182614603992,240,True,True,True,True,True,True,True
equity,ridge,0.40000000000000002,4,432,42040586,474,90f42f7f0a0883d55c5860ac8714c76b0cb5777d18e530ff4fc00edeb895aa3e,0.040295970403000002,0.20147985201499999,False,True,,0.36108326866899998,240,0.36108326866899998,240,0.36108326866899998,240,0.13524722182599999,240,0.13524722182599999,240,True,True,True,True,True,True,True
equity,ridge,0.40000000000000002,4,433,42040587,475,e754908a1ee2a7e0c9fa3a62471d073acebf5ef6c33f8e59f17f5f42a07dd804,0.00069993000699999995,0.0034996500349999998,True,True,,0.36950588427499997,240,0.36950588427499997,240,0.36950588427499997,240,0.24017146011099999,240,0.24017146011099999,240,True,True,True,True,True,True,True
equity,ridge,0.40000000000000002,4,434,42040588,476,87ddb3616dcc1143066282696a4c7c3259f877c8256723ba481691c6888dc2f6,0.0015998400160000001,0.0079992000799999994,True,True,,0.322131230569,240,0.322131230569,240,0.322131230569,240,0.20215692875999999,240,0.20215692875999999,240,True,True,True,True,True,True,True
equity,ridge,0.40000000000000002,4,435,42040589,477,657880932be4eec9c53e0090849465787d024c7c20b35bdbc96e0078504b2e21,9.9990001000000006e-05,0.00049995000499999996,True,True,,0.46241203130199998,240,0.46241203130199998,240,0.46241203130199998,240,0.30693974984200001,240,0.30693974984200001,240,True,True,True,True,True,True,True
equity,ridge,0.40000000000000002,4,436,42040590,478,417dc736e2f493c39c664bbbc9a38558a908c7f7476affc8f56927ad71bec2fb,0.00029997000299999998,0.001499850015,True,True,,0.48007097586300002,240,0.48007097586300002,240,0.48007097586300002,240,0.255118566183,240,0.255118566183,240,True,True,True,True,True,True,True
equity,ridge,0.40000000000000002,4,437,42040591,479,230bcca61b416144133b46b6867b208c75bfa257ae482cbfc2f29d3b72fbaa2a,0.00029997000299999998,0.001499850015,True,True,,0.392384062491,240,0.392384062491,240,0.392384062491,240,0.24465597577199999,240,0.24465597577199999,240,True,True,True,True,True,True,True
equity,ridge,0.40000000000000002,4,438,42040592,480,258365f2f69a23ec414bceb2353f684bcc83157277e4e966d1bdb0229449a4c3,9.9990001000000006e-05,0.00049995000499999996,True,True,,0.52694495466699998,240,0.52694495466699998,240,0.52694495466699998,240,0.31702689497999997,240,0.31702689497999997,240,True,True,True,True,True,True,True
equity,ridge,0.40000000000000002,4,439,42040593,481,88640a5c2c7eb1a5fca59cf6688be360d6109812b2e16de64d52d673a1f3bd10,0.00049995000499999996,0.0024997500250000001,True,True,,0.35652030770699999,240,0.35652030770699999,240,0.35652030770699999,240,0.23763207866700001,240,0.23763207866700001,240,True,True,True,True,True,True,True
equity,ridge,0.40000000000000002,4,440,42040594,482,f90a8e00d053f3376b47c0b6ffbab8a5b720f3f7ae602d2e7a584d476509d258,0.0042995700430000002,0.021497850214999999,True,True,,0.32081880405899998,240,0.32081880405899998,240,0.32081880405899998,240,0.18730371702199999,240,0.18730371702199999,240,True,True,True,True,True,True,True
equity,ridge,0.40000000000000002,4,441,42040595,483,5bb2a9e6c4106f0d0cd16f3c97217851299acaf7514d67328e2eaa5d5e759720,9.9990001000000006e-05,0.00049995000499999996,True,True,,0.44696411496499999,240,0.44696411496499999,240,0.44696411496499999,240,0.32121583920399999,240,0.32121583920399999,240,True,True,True,True,True,True,True
equity,ridge,0.40000000000000002,4,442,42040596,484,8d03e9c00c4927b37907dc54719f543effd80ad17b3c3ba40b78be547bbdc758,0.0035996400360000002,0.01799820018,True,True,,0.36507481544600001,240,0.36507481544600001,240,0.36507481544600001,240,0.187052669058,240,0.187052669058,240,True,True,True,True,True,True,True
equity,ridge,0.40000000000000002,4,443,42040597,485,01d73f0abecd4a5f9068f6b8edf6e6554e65843dde1d091d0c86a4ed12d1352c,9.9990001000000006e-05,0.00049995000499999996,True,True,,0.442120336108,240,0.442120336108,240,0.442120336108,240,0.26850449435599999,240,0.26850449435599999,240,True,True,True,True,True,True,True
equity,ridge,0.40000000000000002,4,444,42040598,486,63580099f84f308a7a9b2606e325914735d5076886d5034c4e984c8115bae0c6,0.00049995000499999996,0.0024997500250000001,True,True,,0.32459983884400001,240,0.32459983884400001,240,0.32459983884400001,240,0.229107105305,240,0.229107105305,240,True,True,True,True,True,True,True
equity,ridge,0.40000000000000002,4,445,42040599,487,a5ccde39c86b36d364e5b424479edbee5f8fcab9d51d3149663559066ff5ff4e,0.00039996000400000002,0.0019998000199999998,True,True,,0.249298019096,240,0.249298019096,240,0.249298019096,240,0.235146484568,240,0.235146484568,240,True,True,True,True,True,True,True
equity,ridge,0.40000000000000002,4,446,42040600,488,0e05572cb88fd38938c9ae3e6aa1b6de7c5bdca45f60a548b0b3f980e6c0592e,0.001699830017,0.0084991500850000005,True,True,,0.38239876461700001,240,0.38239876461700001,240,0.38239876461700001,240,0.20588411264199999,240,0.20588411264199999,240,True,True,True,True,True,True,True
equity,ridge,0.40000000000000002,4,447,42040601,489,cd2b2847264bf70236abb908c1ab20eed7e32b148dd2f96aef66f6dfa51ec968,0.0013998600139999999,0.0069993000699999997,True,True,,0.30024429937199998,240,0.30024429937199998,240,0.30024429937199998,240,0.205563739828,240,0.205563739828,240,True,True,True,True,True,True,True
equity,ridge,0.40000000000000002,4,448,42040602,490,9c5c1601ad24f54e748af15533eb2fbf77b0d368b4d845e8eef2c8d1b3f9e55a,0.00059994000599999995,0.00299970003,True,True,,0.37123910800499998,240,0.37123910800499998,240,0.37123910800499998,240,0.23335648142500001,240,0.23335648142500001,240,True,True,True,True,True,True,True
equity,ridge,0.40000000000000002,4,449,42040603,491,47b2854f08aa9575e51f4cee3284e278e36ab545ae256ebff562a9a7e4e4a4dd,9.9990001000000006e-05,0.00049995000499999996,True,True,,0.43693818751899999,240,0.43693818751899999,240,0.43693818751899999,240,0.26131507288299999,240,0.26131507288299999,240,True,True,True,True,True,True,True
equity,ridge,0.40000000000000002,4,450,42040604,492,1a606dd2e64a0d41a3177ec8f9c2ecf614cdde70d70693e02cbbcfa67a61bfd5,0.00079992000800000005,0.0039996000399999997,True,True,,0.38407923334400002,240,0.38407923334400002,240,0.38407923334400002,240,0.21562035653100001,240,0.21562035653100001,240,True,True,True,True,True,True,True
equity,ridge,0.40000000000000002,4,451,42040605,493,e4379b202c3e939d3424e78cf3a9a8be634b97c7bb24ab3b1a7a8fc8db7d5a1a,0.0019998000199999998,0.0099990001000000005,True,True,,0.40519155862900003,240,0.40519155862900003,240,0.40519155862900003,240,0.19155364814600001,240,0.19155364814600001,240,True,True,True,True,True,True,True
equity,ridge,0.40000000000000002,4,452,42040606,494,f7e5aed5e287717b6032b3e4f1463838f37c67d534e02aabd70db2d470424013,0.00039996000400000002,0.0019998000199999998,True,True,,0.38935339328899998,240,0.38935339328899998,240,0.38935339328899998,240,0.22153524983100001,240,0.22153524983100001,240,True,True,True,True,True,True,True
equity,ridge,0.40000000000000002,4,453,42040607,495,25d624a824556b6f4695ae974e6058a4d677508b265b0c6da3ee8316a7c0a278,9.9990001000000006e-05,0.00049995000499999996,True,True,,0.455621494982,240,0.455621494982,240,0.455621494982,240,0.30397052637799998,240,0.30397052637799998,240,True,True,True,True,True,True,True
equity,ridge,0.40000000000000002,4,454,42040608,496,ac1b69c552d3049d151883a64ffeb86923fa5a7bd6150b53334537eeeeaeef15,0.016398360163999998,0.081991800820000002,False,True,,0.39952598600799999,240,0.39952598600799999,240,0.39952598600799999,240,0.15911853333699999,240,0.15911853333699999,240,True,True,True,True,True,True,True
equity,ridge,0.40000000000000002,4,455,42040609,497,1cc27347f1a3b840e56f45bd63b92ef2b5080afb05135bd8fe768c470b8a1f3f,9.9990001000000006e-05,0.00049995000499999996,True,True,,0.43985415995900001,240,0.43985415995900001,240,0.43985415995900001,240,0.308534410511,240,0.308534410511,240,True,True,True,True,True,True,True
equity,ridge,0.40000000000000002,4,456,42040610,498,74afbb805eeab2f371e9ef3f0aa2cd5a5f115d00fc9da343334a98dad50ddb6b,0.00099990000999999992,0.0049995000500000003,True,True,,0.39418977055499999,240,0.39418977055499999,240,0.39418977055499999,240,0.21522957212400001,240,0.21522957212400001,240,True,True,True,True,True,True,True
equity,ridge,0.40000000000000002,4,457,42040611,499,1d0df627ab729d9f819053f0ad152499c47317ab064620e4d8e4d3efa9a524b2,9.9990001000000006e-05,0.00049995000499999996,True,True,,0.36411423918399999,240,0.36411423918399999,240,0.36411423918399999,240,0.28452963564400002,240,0.28452963564400002,240,True,True,True,True,True,True,True
equity,ridge,0.40000000000000002,4,458,42040612,500,a562e4020bfeaddc9fb6a22dd4e564eece3a0131639b7f0dcc2e9b189e52e37e,9.9990001000000006e-05,0.00049995000499999996,True,True,,0.44105649723500001,240,0.44105649723500001,240,0.44105649723500001,240,0.270074271955,240,0.270074271955,240,True,True,True,True,True,True,True
equity,ridge,0.40000000000000002,4,459,42040613,501,5644857871f3829de8d582b1dd8a6d53f4fb85181c01aaea97fd4a6b6155b400,0.00099990000999999992,0.0049995000500000003,True,True,,0.40993418461600001,240,0.40993418461600001,240,0.40993418461600001,240,0.21385413707699999,240,0.21385413707699999,240,True,True,True,True,True,True,True
equity,ridge,0.40000000000000002,4,460,42040614,502,3adb8459abefcb41c7ceb86992eb16bf64dd6ad742e7f9874a68eb688a3846c6,0.001499850015,0.007499250075,True,True,,0.34382282350600002,240,0.34382282350600002,240,0.34382282350600002,240,0.20575140320900001,240,0.20575140320900001,240,True,True,True,True,True,True,True
equity,ridge,0.40000000000000002,4,461,42040615,503,c7ccda739fd651534401f4b43e2317190db8e236c60dc38cedc10b9cabaa0b70,0.001899810019,0.0094990500949999994,True,True,,0.30855746262299999,240,0.30855746262299999,240,0.30855746262299999,240,0.20255520487600001,240,0.20255520487600001,240,True,True,True,True,True,True,True
equity,ridge,0.40000000000000002,4,462,42040616,504,2751b3eaf9ff2c2fdfb07377097a1c3d15384b0a50b8a23f142b543656b64990,9.9990001000000006e-05,0.00049995000499999996,True,True,,0.41270822294999998,240,0.41270822294999998,240,0.41270822294999998,240,0.30618219276399999,240,0.30618219276399999,240,True,True,True,True,True,True,True
equity,ridge,0.40000000000000002,4,463,42040617,505,21e02f1e9092c00701911692821808cfe1edc37d8ba49bbb486e97dff9c451be,9.9990001000000006e-05,0.00049995000499999996,True,True,,0.48406449024300002,240,0.48406449024300002,240,0.48406449024300002,240,0.29642262805399999,240,0.29642262805399999,240,True,True,True,True,True,True,True
equity,ridge,0.40000000000000002,4,464,42040618,506,e3b3b1b979372f336104510c4a653a9efce2999f918ad5592c66990c66922dc6,0.00029997000299999998,0.001499850015,True,True,,0.31552086646999999,240,0.31552086646999999,240,0.31552086646999999,240,0.23324099135699999,240,0.23324099135699999,240,True,True,True,True,True,True,True
equity,ridge,0.40000000000000002,4,465,42040619,507,1d97e3403766a3ccf8c3b63c5cac5240d43f09c3d44567df0472a31582582f64,0.00029997000299999998,0.001499850015,True,True,,0.36615276438799998,240,0.36615276438799998,240,0.36615276438799998,240,0.236466817848,240,0.236466817848,240,True,True,True,True,True,True,True
equity,ridge,0.40000000000000002,4,466,42040620,508,2a7a65d48f6b2a4ebec2ad3244504ddfcc84f92d6612dca7c63a657f70bcb3e7,9.9990001000000006e-05,0.00049995000499999996,True,True,,0.46392019977600002,240,0.46392019977600002,240,0.46392019977600002,240,0.246179811986,240,0.246179811986,240,True,True,True,True,True,True,True
equity,ridge,0.40000000000000002,4,467,42040621,509,2bd335aa0ab089ec3646a9a7c0f8ac460adb3d75fa18334387706bfe85d180f4,9.9990001000000006e-05,0.00049995000499999996,True,True,,0.40262003283199999,240,0.40262003283199999,240,0.40262003283199999,240,0.28563905102999998,240,0.28563905102999998,240,True,True,True,True,True,True,True
equity,ridge,0.40000000000000002,4,468,42040622,510,7bc165483856214fc25a7fe794a122d8697ae90bb6a497f46da72178e97cc81a,0.00019998000200000001,0.00099990000999999992,True,True,,0.43758693260199999,240,0.43758693260199999,240,0.43758693260199999,240,0.25087556535599997,240,0.25087556535599997,240,True,True,True,True,True,True,True
equity,ridge,0.40000000000000002,4,469,42040623,511,beb300be5495a619b04a1901f5d35890f393698a24a6f6bfa8651b217e866c25,0.0017998200180000001,0.00899910009,True,True,,0.349478234178,240,0.349478234178,240,0.349478234178,240,0.20281326025099999,240,0.20281326025099999,240,True,True,True,True,True,True,True
equity,ridge,0.40000000000000002,4,470,42040624,512,ddfe67a1e9ace707f76dfc51e383e3e497d3af8fe4ece56246269db00966ec4d,0.0088991100890000001,0.044495550444999997,True,True,,0.39290806425800001,240,0.39290806425800001,240,0.39290806425800001,240,0.16468201672800001,240,0.16468201672800001,240,True,True,True,True,True,True,True
equity,ridge,0.40000000000000002,4,471,42040625,513,f0890d79714178a1a56bb8af7743e7cf4409c7d4f1e3c92c503b5cf87218bc4a,0.0094990500949999994,0.047495250475,True,True,,0.41272445887999998,240,0.41272445887999998,240,0.41272445887999998,240,0.165447797826,240,0.165447797826,240,True,True,True,True,True,True,True
equity,ridge,0.40000000000000002,4,472,42040626,514,8e3819c7bf1f1840fb53c61a89fd30205fa2e66fa778d3aebe585a97b43d387f,0.00019998000200000001,0.00099990000999999992,True,True,,0.44028313174299999,240,0.44028313174299999,240,0.44028313174299999,240,0.24098359948699999,240,0.24098359948699999,240,True,True,True,True,True,True,True
equity,ridge,0.40000000000000002,4,473,42040627,515,52a73125415d76ed8ffd3f6f9740e1451187ca2d4ad6ead686088a93f02e9997,0.00059994000599999995,0.00299970003,True,True,,0.42818818033200001,240,0.42818818033200001,240,0.42818818033200001,240,0.226027980904,240,0.226027980904,240,True,True,True,True,True,True,True
equity,ridge,0.40000000000000002,4,474,42040628,516,805818df95bd38c866d375086fb4af457a1aa16ab2c5f7cdeee262c888deaae6,9.9990001000000006e-05,0.00049995000499999996,True,True,,0.44164324487399997,240,0.44164324487399997,240,0.44164324487399997,240,0.29314864492999998,240,0.29314864492999998,240,True,True,True,True,True,True,True
equity,ridge,0.40000000000000002,4,475,42040629,517,03637624b53ecfe360c9255094ee2f58f6a2e6f4ab4a56c960a42cbe5269c88b,0.0023997600239999998,0.01199880012,True,True,,0.32964115325799997,240,0.32964115325799997,240,0.32964115325799997,240,0.20296250381299999,240,0.20296250381299999,240,True,True,True,True,True,True,True
equity,ridge,0.40000000000000002,4,476,42040630,518,6bf08a0453dff563057f469e5429731211f321173a8d4865fefab784ade571fc,9.9990001000000006e-05,0.00049995000499999996,True,True,,0.55248962235499999,240,0.55248962235499999,240,0.55248962235499999,240,0.31459739835400002,240,0.31459739835400002,240,True,True,True,True,True,True,True
equity,ridge,0.40000000000000002,4,477,42040631,519,54ff6e3e40b5a745cf4814ae10094b7b3fdfaad63be54e6fc7755ea7e2d5e63a,0.00019998000200000001,0.00099990000999999992,True,True,,0.37113147873199998,240,0.37113147873199998,240,0.37113147873199998,240,0.25715869100299998,240,0.25715869100299998,240,True,True,True,True,True,True,True
equity,ridge,0.40000000000000002,4,478,42040632,520,64b1607ac9229a21cd146d36b0c7e3530345306a64a67c8009e575e4da2f4c8c,9.9990001000000006e-05,0.00049995000499999996,True,True,,0.49964536054399999,240,0.49964536054399999,240,0.49964536054399999,240,0.27975569102999998,240,0.27975569102999998,240,True,True,True,True,True,True,True
equity,ridge,0.40000000000000002,4,479,42040633,521,016fa2d60957a2ee20933227b3770fe156f812c041ce959f98ec0d39bf401042,0.00049995000499999996,0.0024997500250000001,True,True,,0.35900389683700001,240,0.35900389683700001,240,0.35900389683700001,240,0.22959957285499999,240,0.22959957285499999,240,True,True,True,True,True,True,True
equity,ridge,0.40000000000000002,4,480,42040634,522,404272e476bb1b29e1a8d0642f97c86e2f13f32e5c59feac9fe88b0631d61855,0.00099990000999999992,0.0049995000500000003,True,True,,0.36129309524199998,240,0.36129309524199998,240,0.36129309524199998,240,0.208728468419,240,0.208728468419,240,True,True,True,True,True,True,True
equity,ridge,0.40000000000000002,4,481,42040635,523,c4f123fbaf73c22d5551ba98c39afc427bbf5d0d63957e7d46f1507ed26ad43d,9.9990001000000006e-05,0.00049995000499999996,True,True,,0.45305889620799999,240,0.45305889620799999,240,0.45305889620799999,240,0.28307695542200001,240,0.28307695542200001,240,True,True,True,True,True,True,True
equity,ridge,0.40000000000000002,4,482,42040636,524,a96a366701410f4f1ca26e7aed9b3aa21cce159dd86897c33183aa760fc98339,9.9990001000000006e-05,0.00049995000499999996,True,True,,0.34361108941000001,240,0.34361108941000001,240,0.34361108941000001,240,0.29239097758400001,240,0.29239097758400001,240,True,True,True,True,True,True,True
equity,ridge,0.40000000000000002,4,483,42040637,525,1774d21977a2b30f2ee50348810d575deed2435cb025fb4ac92cedb4e9d510ca,9.9990001000000006e-05,0.00049995000499999996,True,True,,0.42857086564000002,240,0.42857086564000002,240,0.42857086564000002,240,0.30943293089899998,240,0.30943293089899998,240,True,True,True,True,True,True,True
equity,ridge,0.40000000000000002,4,484,42040638,526,25e30aa69ce62687fdba8a1e6c1f20bb45472cc201e66eb9599491470ba18504,9.9990001000000006e-05,0.00049995000499999996,True,True,,0.388320951621,240,0.388320951621,240,0.388320951621,240,0.27459090504400002,240,0.27459090504400002,240,True,True,True,True,True,True,True
equity,ridge,0.40000000000000002,4,485,42040639,527,494c4036c383c86e5d6680a040948223f3eaa6c8bc841eb31322082b8b4b4106,0.00059994000599999995,0.00299970003,True,True,,0.403152978291,240,0.403152978291,240,0.403152978291,240,0.23231056144000001,240,0.23231056144000001,240,True,True,True,True,True,True,True
equity,ridge,0.40000000000000002,4,486,42040640,528,3c2cf705cd999e6233632a05a0961f57d090cf178ad5579395e2c12652671e5d,9.9990001000000006e-05,0.00049995000499999996,True,True,,0.37671714509699999,240,0.37671714509699999,240,0.37671714509699999,240,0.25017999363100002,240,0.25017999363100002,240,True,True,True,True,True,True,True
equity,ridge,0.40000000000000002,4,487,42040641,529,756e81f4a548bfafdbd5d4e6701162716dc2e93510bbead8da6c5cfe09c3c818,9.9990001000000006e-05,0.00049995000499999996,True,True,,0.36607642718200001,240,0.36607642718200001,240,0.36607642718200001,240,0.248313347208,240,0.248313347208,240,True,True,True,True,True,True,True
equity,ridge,0.40000000000000002,4,488,42040642,530,e560201cbb858067ba01894a0d1b1a37c0524fa0a000fa4fba04b6ed86415dae,0.0028997100290000001,0.014498550145000001,True,True,,0.26759036282900001,240,0.26759036282900001,240,0.26759036282900001,240,0.189920443651,240,0.189920443651,240,True,True,True,True,True,True,True
equity,ridge,0.40000000000000002,4,489,42040643,531,d9814280c290bde0d73037863cabec8b919dc042a8caf2e13830fcc86b2a3294,9.9990001000000006e-05,0.00049995000499999996,True,True,,0.51531932399699998,240,0.51531932399699998,240,0.51531932399699998,240,0.32070810890099999,240,0.32070810890099999,240,True,True,True,True,True,True,True
equity,ridge,0.40000000000000002,4,490,42040644,532,40aa6d4d8794e401b4145e7e54a1a741a8b787a37a53e3b6648aefa417cb6cea,0.00019998000200000001,0.00099990000999999992,True,True,,0.37506082163499999,240,0.37506082163499999,240,0.37506082163499999,240,0.25890028620400002,240,0.25890028620400002,240,True,True,True,True,True,True,True
equity,ridge,0.40000000000000002,4,491,42040645,533,e1e16d93e12f3c72ff24fa8e978b3b5200babe2e04449bddeace8c9f1534b328,9.9990001000000006e-05,0.00049995000499999996,True,True,,0.452371632578,240,0.452371632578,240,0.452371632578,240,0.31655870420900001,240,0.31655870420900001,240,True,True,True,True,True,True,True
equity,ridge,0.40000000000000002,4,492,42040646,534,f75d539873efb69c6265a7ec620602e07eb2082b8ac33510cb7c91e3cd6a2b25,9.9990001000000006e-05,0.00049995000499999996,True,True,,0.42416365028800002,240,0.42416365028800002,240,0.42416365028800002,240,0.32802939906099998,240,0.32802939906099998,240,True,True,True,True,True,True,True
equity,ridge,0.40000000000000002,4,493,42040647,535,3302347a8289c0e831876ea43512bca95152fc85f4d3b3681ce22b751f01f65f,9.9990001000000006e-05,0.00049995000499999996,True,True,,0.489525697205,240,0.489525697205,240,0.489525697205,240,0.33886722629900001,240,0.33886722629900001,240,True,True,True,True,True,True,True
equity,ridge,0.40000000000000002,4,494,42040648,536,229c533d6c2f650593cb8998949559087cee427b855e3206cb86e4535178d25b,0.025797420258000001,0.12898710128999999,False,True,,0.26509090648900002,240,0.26509090648900002,240,0.26509090648900002,240,0.14694539398000001,240,0.14694539398000001,240,True,True,True,True,True,True,True
equity,ridge,0.40000000000000002,4,495,42040649,537,8c719176df1175ec005b2f5edab8cc68282172dea6db15762c751f9a658300ab,9.9990001000000006e-05,0.00049995000499999996,True,True,,0.45318372378100003,240,0.45318372378100003,240,0.45318372378100003,240,0.32445100649699998,240,0.32445100649699998,240,True,True,True,True,True,True,True
equity,ridge,0.40000000000000002,4,496,42040650,538,1636c9e774440d22a9ed2c0b82f340fe58743ef6e98f921aab3cd05b747e296c,0.0024997500250000001,0.012498750124999999,True,True,,0.37307737749800002,240,0.37307737749800002,240,0.37307737749800002,240,0.20332899641900001,240,0.20332899641900001,240,True,True,True,True,True,True,True
equity,ridge,0.40000000000000002,4,497,42040651,539,fed65ddfb4a94b3ba57849bcaac4710652c436882b61266ade641f766688ab5e,9.9990001000000006e-05,0.00049995000499999996,True,True,,0.43350885168499997,240,0.43350885168499997,240,0.43350885168499997,240,0.25199294081500001,240,0.25199294081500001,240,True,True,True,True,True,True,True
equity,ridge,0.40000000000000002,4,498,42040652,540,8a265b0fe4ac12e22fce43f4a4c9dfbfae0151ae51f450c98d0aa27827560454,9.9990001000000006e-05,0.00049995000499999996,True,True,,0.44788632983799997,240,0.44788632983799997,240,0.44788632983799997,240,0.29253940421199998,240,0.29253940421199998,240,True,True,True,True,True,True,True
equity,ridge,0.40000000000000002,4,499,42040653,541,5049bdf381839cca71eb25fe9860cda7e435d3143e2de924db537aa4fa72de3f,0.00019998000200000001,0.00099990000999999992,True,True,,0.35955132328200001,240,0.35955132328200001,240,0.35955132328200001,240,0.25243918325199999,240,0.25243918325199999,240,True,True,True,True,True,True,True
equity,ridge,0.40000000000000002,4,500,42040654,542,ddec442e47b3e01fcb61edc532d11f78d9a1ebd88badce7d5464c9b403307e26,0.00019998000200000001,0.00099990000999999992,True,True,,0.42891382183600002,240,0.42891382183600002,240,0.42891382183600002,240,0.26704268379399998,240,0.26704268379399998,240,True,True,True,True,True,True,True
equity,ridge,0.40000000000000002,4,501,42040655,543,1313049f6d063fe063089d568c4e61d964dbb11a362feb269880bb738f73b72f,0.00019998000200000001,0.00099990000999999992,True,True,,0.40720017451000001,240,0.40720017451000001,240,0.40720017451000001,240,0.26794943772599999,240,0.26794943772599999,240,True,True,True,True,True,True,True
equity,ridge,0.40000000000000002,4,502,42040656,544,6f56ce995feaf1a09996789082183af69f6afb5accf9a78dc091a26a5db57fb4,9.9990001000000006e-05,0.00049995000499999996,True,True,,0.37526506383800001,240,0.37526506383800001,240,0.37526506383800001,240,0.26471477799499998,240,0.26471477799499998,240,True,True,True,True,True,True,True
equity,ridge,0.40000000000000002,4,503,42040657,545,aa3f1caece5b57efeb70f7cf848460d475cafcfdab2d451bb0cd3ba6d46ecc68,9.9990001000000006e-05,0.00049995000499999996,True,True,,0.398252413611,240,0.398252413611,240,0.398252413611,240,0.28465494934800001,240,0.28465494934800001,240,True,True,True,True,True,True,True
equity,ridge,0.40000000000000002,4,504,42040658,546,2ed5fb959474e0fcca13d9122a7221923c13697319d8012b964cb8744a411c4a,0.00029997000299999998,0.001499850015,True,True,,0.45283129105499997,240,0.45283129105499997,240,0.45283129105499997,240,0.24263228800200001,240,0.24263228800200001,240,True,True,True,True,True,True,True
equity,ridge,0.40000000000000002,4,505,42040659,547,63eb8c8e800c1461cec6d0a5c6816d527c6c94d2f08ae1ea6b019d16e4cdac98,9.9990001000000006e-05,0.00049995000499999996,True,True,,0.49474480630399997,240,0.49474480630399997,240,0.49474480630399997,240,0.29865709487699998,240,0.29865709487699998,240,True,True,True,True,True,True,True
equity,ridge,0.40000000000000002,4,506,42040660,548,3e5bcfc541ea506a3f020baf6db4cc5a5f1110b5599a46c786e1cb0ac1aab8c9,0.003399660034,0.016998300170000001,True,True,,0.37593677622499999,240,0.37593677622499999,240,0.37593677622499999,240,0.19080376155000001,240,0.19080376155000001,240,True,True,True,True,True,True,True
equity,ridge,0.40000000000000002,4,507,42040661,549,1d5b0762574d07f09f85a0007fe72b17b05e230214efee96c6cba000229041b4,0.00029997000299999998,0.001499850015,True,True,,0.39804233957700003,240,0.39804233957700003,240,0.39804233957700003,240,0.23223209214500001,240,0.23223209214500001,240,True,True,True,True,True,True,True
equity,ridge,0.40000000000000002,4,508,42040662,550,435506a2637892975644c9a98708c3cc0b2fb776f80c502c3e2394351b0b1d51,0.0055994400559999996,0.027997200279999999,True,True,,0.32594318174100001,240,0.32594318174100001,240,0.32594318174100001,240,0.180161246379,240,0.180161246379,240,True,True,True,True,True,True,True
equity,ridge,0.40000000000000002,4,509,42040663,551,131f143aa70e1717b856b9324a54fb7645b457206c938bf4c82c444a4f2d04e2,9.9990001000000006e-05,0.00049995000499999996,True,True,,0.36402756437,240,0.36402756437,240,0.36402756437,240,0.29557085059999999,240,0.29557085059999999,240,True,True,True,True,True,True,True
equity,ridge,0.40000000000000002,4,510,42040664,552,0d0e6a293de3aa6e7069539cea2599d3f233e11c15026998d00957cee7a7b582,9.9990001000000006e-05,0.00049995000499999996,True,True,,0.464631160273,240,0.464631160273,240,0.464631160273,240,0.259416061754,240,0.259416061754,240,True,True,True,True,True,True,True
equity,ridge,0.40000000000000002,4,511,42040665,553,d4dfcd240f8a08a88c07fbcdf4a6402fc88f951e95163942b129eddb543d05e3,9.9990001000000006e-05,0.00049995000499999996,True,True,,0.44947202776700002,240,0.44947202776700002,240,0.44947202776700002,240,0.30290835122900001,240,0.30290835122900001,240,True,True,True,True,True,True,True
equity,ridge,0.40000000000000002,4,512,42040666,554,e093870efed52a1652cc5f03cf90d27017d0119f6a2b9b9b7f06b6dd018ef4ef,9.9990001000000006e-05,0.00049995000499999996,True,True,,0.45966872984899998,240,0.45966872984899998,240,0.45966872984899998,240,0.278263033135,240,0.278263033135,240,True,True,True,True,True,True,True
equity,ridge,0.40000000000000002,4,513,42040667,555,2c9d9e8d192e77f7b70a7454be45312e02713c6caa9374812a120dc232bb0a3d,0.00029997000299999998,0.001499850015,True,True,,0.31173778586899997,240,0.31173778586899997,240,0.31173778586899997,240,0.240155659391,240,0.240155659391,240,True,True,True,True,True,True,True
equity,ridge,0.40000000000000002,4,514,42040668,556,90f6bc0b9c0d218fe656b2ad99c50f230bb0951dc656bed7c43797e21dd69fea,0.0022997700229999999,0.011498850115000001,True,True,,0.40827048044499997,240,0.40827048044499997,240,0.40827048044499997,240,0.206728191039,240,0.206728191039,240,True,True,True,True,True,True,True
equity,ridge,0.40000000000000002,4,515,42040669,557,2814400ca66cab1f9db132c8e27476266e4c49ebda260f3544a71b6e82a532b2,0.00029997000299999998,0.001499850015,True,True,,0.32946045003000002,240,0.32946045003000002,240,0.32946045003000002,240,0.21440116055,240,0.21440116055,240,True,True,True,True,True,True,True
equity,ridge,0.40000000000000002,4,516,42040670,558,3c31477cce7b903e2013b0421e870450c704c70da642da29dd7cb11bcc38817b,9.9990001000000006e-05,0.00049995000499999996,True,True,,0.39611168341399999,240,0.39611168341399999,240,0.39611168341399999,240,0.29515691791900001,240,0.29515691791900001,240,True,True,True,True,True,True,True
equity,ridge,0.40000000000000002,4,517,42040671,559,9af1993b41c58b49242843c853471247a4e57d7d161dd768f42997efa181d3aa,9.9990001000000006e-05,0.00049995000499999996,True,True,,0.52685987873600004,240,0.52685987873600004,240,0.52685987873600004,240,0.358245206491,240,0.358245206491,240,True,True,True,True,True,True,True
equity,ridge,0.40000000000000002,4,518,42040672,560,b1a752017c82bcbf0d954b89231cfbfb8d89956c649e8b60386037768a6ebeac,9.9990001000000006e-05,0.00049995000499999996,True,True,,0.51353025922999995,240,0.51353025922999995,240,0.51353025922999995,240,0.33230367473799999,240,0.33230367473799999,240,True,True,True,True,True,True,True
equity,ridge,0.40000000000000002,4,519,42040673,561,f3553d2cb87a44ca9745e78a3568374c1461cf5afe6a86397357235b8444f401,9.9990001000000006e-05,0.00049995000499999996,True,True,,0.460825151017,240,0.460825151017,240,0.460825151017,240,0.28118545230399999,240,0.28118545230399999,240,True,True,True,True,True,True,True
equity,ridge,0.40000000000000002,4,520,42040674,562,2bccef2784f0b29e92046661d917253bee58bc43ed7ca56f61f1c705e87e391b,9.9990001000000006e-05,0.00049995000499999996,True,True,,0.45898139130299997,240,0.45898139130299997,240,0.45898139130299997,240,0.32250536380200001,240,0.32250536380200001,240,True,True,True,True,True,True,True
equity,ridge,0.40000000000000002,4,521,42040675,563,f361634fcdb72e452b57de4bbaac813e99b24d8ea3f6d9f3bbbb3bc35ef3e469,0.00089991000900000004,0.004499550045,True,True,,0.39372828368399998,240,0.39372828368399998,240,0.39372828368399998,240,0.21889402570300001,240,0.21889402570300001,240,True,True,True,True,True,True,True
equity,ridge,0.40000000000000002,4,522,42040676,564,5f3f0f3c0d1389932807ed65a727ab541ab645536645c54f3d700b3e02034d4a,9.9990001000000006e-05,0.00049995000499999996,True,True,,0.43592282564200002,240,0.43592282564200002,240,0.43592282564200002,240,0.26507312332900002,240,0.26507312332900002,240,True,True,True,True,True,True,True
equity,ridge,0.40000000000000002,4,523,42040677,565,ec4736d595802dd1faa71e8cdce9679a38519a161ba83b8bb792490790c00e4c,0.00079992000800000005,0.0039996000399999997,True,True,,0.37481923866099998,240,0.37481923866099998,240,0.37481923866099998,240,0.207697218633,240,0.207697218633,240,True,True,True,True,True,True,True
equity,ridge,0.40000000000000002,4,524,42040678,566,6ba99c06466ab3639b29e91b2586828c47e30dac3aad0af418450e268b1d346c,0.00059994000599999995,0.00299970003,True,True,,0.36950560658999998,240,0.36950560658999998,240,0.36950560658999998,240,0.21618240720000001,240,0.21618240720000001,240,True,True,True,True,True,True,True
equity,ridge,0.40000000000000002,4,525,42040679,567,c11a540e1248e6f4b1e11d42bbc2785f27b9e77f8b68d276b30eaa670a28fcb0,0.00039996000400000002,0.0019998000199999998,True,True,,0.36287148023299998,240,0.36287148023299998,240,0.36287148023299998,240,0.22973213099100001,240,0.22973213099100001,240,True,True,True,True,True,True,True
equity,ridge,0.40000000000000002,4,526,42040680,568,8d1cd059bcc1b61cfaa0ff5cd471ef1d2a2539596b1a309d5a8c5bac94c53054,0.00019998000200000001,0.00099990000999999992,True,True,,0.40591801853199999,240,0.40591801853199999,240,0.40591801853199999,240,0.24451544804,240,0.24451544804,240,True,True,True,True,True,True,True
equity,ridge,0.40000000000000002,4,527,42040681,569,4b62a473d89a8b84177091bca5188a26148164aa161cad0176899343d3a90d81,9.9990001000000006e-05,0.00049995000499999996,True,True,,0.43796979741600001,240,0.43796979741600001,240,0.43796979741600001,240,0.29794595304299998,240,0.29794595304299998,240,True,True,True,True,True,True,True
equity,ridge,0.40000000000000002,4,528,42040682,570,53ed9f83535b2c5e6499f5bb40a91457871c78cf77f95bec1c339d29b33370da,9.9990001000000006e-05,0.00049995000499999996,True,True,,0.44489438360099998,240,0.44489438360099998,240,0.44489438360099998,240,0.28566393373400001,240,0.28566393373400001,240,True,True,True,True,True,True,True
equity,ridge,0.40000000000000002,4,529,42040683,571,7f1666e49c9aea650d840a49070393312ebdc2b385d65e9d93714ab41c768688,0.00079992000800000005,0.0039996000399999997,True,True,,0.44106395835500001,240,0.44106395835500001,240,0.44106395835500001,240,0.21999598326600001,240,0.21999598326600001,240,True,True,True,True,True,True,True
equity,ridge,0.40000000000000002,4,530,42040684,572,6a55c05c4427ca5b154f2671de3703d47cbcca67562812895b4bbf8262971dfc,0.00019998000200000001,0.00099990000999999992,True,True,,0.40006580333199998,240,0.40006580333199998,240,0.40006580333199998,240,0.23567800332200001,240,0.23567800332200001,240,True,True,True,True,True,True,True
equity,ridge,0.40000000000000002,4,531,42040685,573,97b197de82f7bbcafa7ae81fc73a9a18abcc0daf37ee814c47d782efaee81f7b,0.00019998000200000001,0.00099990000999999992,True,True,,0.43488375261000001,240,0.43488375261000001,240,0.43488375261000001,240,0.245390696696,240,0.245390696696,240,True,True,True,True,True,True,True
equity,ridge,0.40000000000000002,4,532,42040686,574,8f822f41d7983c54935489458b9b8c01f3d6a53a065a93ddda373721900321a3,0.00029997000299999998,0.001499850015,True,True,,0.43425113795199999,240,0.43425113795199999,240,0.43425113795199999,240,0.26727726027299997,240,0.26727726027299997,240,True,True,True,True,True,True,True
equity,ridge,0.40000000000000002,4,533,42040687,575,775c47d89b26eefa0e9cf68261facbab36be425d6d713602a302e020b369ad08,0.00039996000400000002,0.0019998000199999998,True,True,,0.33960214174800002,240,0.33960214174800002,240,0.33960214174800002,240,0.23080207901300001,240,0.23080207901300001,240,True,True,True,True,True,True,True
equity,ridge,0.40000000000000002,4,534,42040688,576,a2ea8405f0c58f6958ad811920b9cbe8cbb6052aa62ff2a94d95603cdc0bb94f,0.0017998200180000001,0.00899910009,True,True,,0.37676529531899999,240,0.37676529531899999,240,0.37676529531899999,240,0.20797039590300001,240,0.20797039590300001,240,True,True,True,True,True,True,True
equity,ridge,0.40000000000000002,4,535,42040689,577,4f61488e64d6a76c0d0d39753b963d2798a4082745d5bcefabc12cdc8ded54ca,0.00049995000499999996,0.0024997500250000001,True,True,,0.42699936826599999,240,0.42699936826599999,240,0.42699936826599999,240,0.221441038797,240,0.221441038797,240,True,True,True,True,True,True,True
equity,ridge,0.40000000000000002,4,536,42040690,578,00cae936601f9c8257cb2096d1725cb6570d5b4fa25de4365839fcc3ac53906f,9.9990001000000006e-05,0.00049995000499999996,True,True,,0.38031214066199998,240,0.38031214066199998,240,0.38031214066199998,240,0.283178462174,240,0.283178462174,240,True,True,True,True,True,True,True
equity,ridge,0.40000000000000002,4,537,42040691,579,336f278f85ad289198c774e88d16a9f2460b6b5d06f111f80b46998cdecc1c2b,0.010798920108,0.05399460054,False,True,,0.29613546215699998,240,0.29613546215699998,240,0.29613546215699998,240,0.16429962742099999,240,0.16429962742099999,240,True,True,True,True,True,True,True
equity,ridge,0.40000000000000002,4,538,42040692,580,71c18c0fd202ea2eb4ddaeaa27e76ed3ba2ed7e9420491d69aeb58fa27ddace1,0.00029997000299999998,0.001499850015,True,True,,0.420631686156,240,0.420631686156,240,0.420631686156,240,0.261760569454,240,0.261760569454,240,True,True,True,True,True,True,True
equity,ridge,0.40000000000000002,4,539,42040693,581,a6b1117d96c177ada3f22e9809a3fb3234a1489bd657213172a6d7a3aafc44ae,0.00049995000499999996,0.0024997500250000001,True,True,,0.39536922368600003,240,0.39536922368600003,240,0.39536922368600003,240,0.22569196178100001,240,0.22569196178100001,240,True,True,True,True,True,True,True
equity,ridge,0.40000000000000002,4,540,42040694,582,6159f874988556f32dbc888fad6dd6f310b4a0b61edd4658406f2b5b601b8cc0,0.00099990000999999992,0.0049995000500000003,True,True,,0.34358782665400001,240,0.34358782665400001,240,0.34358782665400001,240,0.20860343093399999,240,0.20860343093399999,240,True,True,True,True,True,True,True
equity,ridge,0.40000000000000002,4,541,42040695,583,b7b7174a541d9a98e2157e80b6d56ec14a0b4bcc4bd887cb9afec8234ac8643a,9.9990001000000006e-05,0.00049995000499999996,True,True,,0.42358522686099997,240,0.42358522686099997,240,0.42358522686099997,240,0.31308189038299999,240,0.31308189038299999,240,True,True,True,True,True,True,True
equity,ridge,0.40000000000000002,4,542,42040696,584,4bb2af9665a6238e174b1a4839ed4b128a0ddd1502fe47b53c173e8987ccedb3,0.00019998000200000001,0.00099990000999999992,True,True,,0.40410585805999999,240,0.40410585805999999,240,0.40410585805999999,240,0.26807408670900001,240,0.26807408670900001,240,True,True,True,True,True,True,True
equity,ridge,0.40000000000000002,4,543,42040697,585,4640f9e420015deb28a0151b9493f4abfb3040a72061b64b63ffad1b52e9f4bf,0.00029997000299999998,0.001499850015,True,True,,0.39326735346300001,240,0.39326735346300001,240,0.39326735346300001,240,0.23765501135200001,240,0.23765501135200001,240,True,True,True,True,True,True,True
equity,ridge,0.40000000000000002,4,544,42040698,586,91e2172e07795f5e1fb9f491b0b3273bbdf915219ac85c1f88cac243bd57e758,0.00029997000299999998,0.001499850015,True,True,,0.46880372129999998,240,0.46880372129999998,240,0.46880372129999998,240,0.24276490786499999,240,0.24276490786499999,240,True,True,True,True,True,True,True
equity,ridge,0.40000000000000002,4,545,42040699,587,b6b302f8bb8b892af90dea866fc2d7aa25fd774400ab1f0a59084740c6a913b1,0.00019998000200000001,0.00099990000999999992,True,True,,0.39491535491000002,240,0.39491535491000002,240,0.39491535491000002,240,0.23829551446399999,240,0.23829551446399999,240,True,True,True,True,True,True,True
equity,ridge,0.40000000000000002,4,546,42040700,588,a9c4119c561f03c6614c3b79325bfd71dc2aba3cd7666213455c6a3b734c4ba9,0.00039996000400000002,0.0019998000199999998,True,True,,0.345831059128,240,0.345831059128,240,0.345831059128,240,0.22882588462,240,0.22882588462,240,True,True,True,True,True,True,True
equity,ridge,0.40000000000000002,4,547,42040701,589,8c7ec97579d113d6c40573bc3b749b010d61efe8a74ed89ac2680dbc79941ffe,9.9990001000000006e-05,0.00049995000499999996,True,True,,0.43531420311899999,240,0.43531420311899999,240,0.43531420311899999,240,0.32595892732699999,240,0.32595892732699999,240,True,True,True,True,True,True,True
equity,ridge,0.40000000000000002,4,548,42040702,590,564c8078e06c0d4f9a53e1e85eea32edca74ef0c585231787de97b6080cd4c87,0.00019998000200000001,0.00099990000999999992,True,True,,0.42652372095399999,240,0.42652372095399999,240,0.42652372095399999,240,0.26155699233800001,240,0.26155699233800001,240,True,True,True,True,True,True,True
equity,ridge,0.40000000000000002,4,549,42040703,591,11fa08ad73dc8542ff9e2a1021a4d8ed07ec0b58b144d48dc0687ba7207a3bae,0.001099890011,0.0054994500549999997,True,True,,0.42065536763599998,240,0.42065536763599998,240,0.42065536763599998,240,0.21759701727200001,240,0.21759701727200001,240,True,True,True,True,True,True,True
equity,ridge,0.40000000000000002,4,550,42040704,592,05e3741d4b86b9d549d62417a6a7262cbb35c015825ae4589edee28b55246a08,0.058994100590000001,0.29497050294999999,False,False,,0.33612482622099998,240,0.33612482622099998,240,0.33612482622099998,240,0.122612623622,240,0.122612623622,240,True,True,True,True,True,True,True
equity,ridge,0.40000000000000002,4,551,42040705,593,5bf1c117d030139eb2ef52902595a23a13678ead3811ccc97a3bbf6f43d8c667,0.00029997000299999998,0.001499850015,True,True,,0.40416827862400001,240,0.40416827862400001,240,0.40416827862400001,240,0.238209680397,240,0.238209680397,240,True,True,True,True,True,True,True
equity,ridge,0.40000000000000002,4,552,42040706,594,9730cc59a6e20d2afc2ae4aadab6e31435121c6888aee93424b6096ec684e98b,9.9990001000000006e-05,0.00049995000499999996,True,True,,0.47234334693899999,240,0.47234334693899999,240,0.47234334693899999,240,0.28070126610500001,240,0.28070126610500001,240,True,True,True,True,True,True,True
equity,ridge,0.40000000000000002,4,553,42040707,595,de9190f325d220e2371c47698f0d15a11293eeb744a574586a05a59ddfc3277b,0.00029997000299999998,0.001499850015,True,True,,0.37712525180899997,240,0.37712525180899997,240,0.37712525180899997,240,0.25172044951400002,240,0.25172044951400002,240,True,True,True,True,True,True,True
equity,ridge,0.40000000000000002,4,554,42040708,596,d9847a55211113d03482739dc1a6df5b798faa26d19f7aaf825089bf389987b1,0.00039996000400000002,0.0019998000199999998,True,True,,0.40845843103500001,240,0.40845843103500001,240,0.40845843103500001,240,0.23213077643800001,240,0.23213077643800001,240,True,True,True,True,True,True,True
equity,ridge,0.40000000000000002,4,555,42040709,597,53c9a6e9852e733b3290776dac6606241d8900b8862d12f7ff990524f6e306fb,0.00019998000200000001,0.00099990000999999992,True,True,,0.40177708550500002,240,0.40177708550500002,240,0.40177708550500002,240,0.24251493601900001,240,0.24251493601900001,240,True,True,True,True,True,True,True
equity,ridge,0.40000000000000002,4,556,42040710,598,f774c4f6db09fa317ffb31d6bea7ab5a720260cb94840f7324fdb69dc6cdc3c9,9.9990001000000006e-05,0.00049995000499999996,True,True,,0.43513219316099999,240,0.43513219316099999,240,0.43513219316099999,240,0.27797355912400001,240,0.27797355912400001,240,True,True,True,True,True,True,True
equity,ridge,0.40000000000000002,4,557,42040711,599,22164d3bfcc26d80a095961fd472dbe1947934f1b455fdc4012651813ff0f064,0.00019998000200000001,0.00099990000999999992,True,True,,0.46852210588600002,240,0.46852210588600002,240,0.46852210588600002,240,0.243945173534,240,0.243945173534,240,True,True,True,True,True,True,True
equity,ridge,0.40000000000000002,4,558,42040712,600,d53c98eb81a957806bd4ea10466e58d068a3a9532c46e6fc1234eb1b1f7f7eb8,0.00019998000200000001,0.00099990000999999992,True,True,,0.359081640782,240,0.359081640782,240,0.359081640782,240,0.247804962075,240,0.247804962075,240,True,True,True,True,True,True,True
equity,ridge,0.40000000000000002,4,559,42040713,601,fb2b74d1d4c00551fb50d11bd6a61d24041a18835a09453f67f52405b1acb84a,0.001299870013,0.0064993500650000003,True,True,,0.40072202950000002,240,0.40072202950000002,240,0.40072202950000002,240,0.21027594270200001,240,0.21027594270200001,240,True,True,True,True,True,True,True
equity,ridge,0.40000000000000002,4,560,42040714,602,bd1ab07f16a9d0bbd8872f43a24a2fdccaba9bb08221b9ac8bf5eaca5441db7a,9.9990001000000006e-05,0.00049995000499999996,True,True,,0.43763490533299998,240,0.43763490533299998,240,0.43763490533299998,240,0.313066172639,240,0.313066172639,240,True,True,True,True,True,True,True
equity,ridge,0.40000000000000002,4,561,42040715,603,b5d0db85d2d8e08a45c4673e7580c9cdcc4767179fe753fc8b0358667f839689,0.00019998000200000001,0.00099990000999999992,True,True,,0.36930230734199998,240,0.36930230734199998,240,0.36930230734199998,240,0.24519551229799999,240,0.24519551229799999,240,True,True,True,True,True,True,True
equity,ridge,0.40000000000000002,4,562,42040716,604,a7ae6a4c6e2c5439c4ab3fbdc2a6117dff698f3eec996d10e937c8cfd788ee3a,9.9990001000000006e-05,0.00049995000499999996,True,True,,0.38381227878899998,240,0.38381227878899998,240,0.38381227878899998,240,0.24075684222400001,240,0.24075684222400001,240,True,True,True,True,True,True,True
equity,ridge,0.40000000000000002,4,563,42040717,605,22d230f0d5413c104217f22a59eb87e15bc7760b56f9776eb21d2734f53b2379,9.9990001000000006e-05,0.00049995000499999996,True,True,,0.415622547417,240,0.415622547417,240,0.415622547417,240,0.24477326547700001,240,0.24477326547700001,240,True,True,True,True,True,True,True
equity,ridge,0.40000000000000002,4,564,42040718,606,70b64f0280be293dcf0a9a8aafcec38ec61969496e5896085268f1d223c1e6e7,0.001499850015,0.007499250075,True,True,,0.35393278519999999,240,0.35393278519999999,240,0.35393278519999999,240,0.205954505185,240,0.205954505185,240,True,True,True,True,True,True,True
equity,ridge,0.40000000000000002,4,565,42040719,607,1b9bc751789008ff8aa7f43e27a4839386e9ff30fa96389fba654fbd1c1ecb74,9.9990001000000006e-05,0.00049995000499999996,True,True,,0.43495421933599998,240,0.43495421933599998,240,0.43495421933599998,240,0.32178585580800001,240,0.32178585580800001,240,True,True,True,True,True,True,True
equity,ridge,0.40000000000000002,4,566,42040720,608,6003cbab8c86443619243a70dd7a04e5fd06ff5cac3231d34005cd34db0f1604,0.00029997000299999998,0.001499850015,True,True,,0.40141749608499999,240,0.40141749608499999,240,0.40141749608499999,240,0.234866072392,240,0.234866072392,240,True,True,True,True,True,True,True
equity,ridge,0.40000000000000002,4,567,42040721,609,a0472546a56883ef3fa93fdc21fb8030b2a5a53ae8c898140130eaf28d3a895e,0.00039996000400000002,0.0019998000199999998,True,True,,0.41823190670799998,240,0.41823190670799998,240,0.41823190670799998,240,0.236029797337,240,0.236029797337,240,True,True,True,True,True,True,True
equity,ridge,0.40000000000000002,4,568,42040722,610,6b5f10f22c1ccde57bdd35428a98d8aa331c4adf0e111c9d0e7ce439f52db54a,9.9990001000000006e-05,0.00049995000499999996,True,True,,0.40657420074,240,0.40657420074,240,0.40657420074,240,0.353306935253,240,0.353306935253,240,True,True,True,True,True,True,True
equity,ridge,0.40000000000000002,4,569,42040723,611,8ee9dfe5037b7ae6c4c452d770375a7adda6c670a1d98f4cd44869d0da63e704,9.9990001000000006e-05,0.00049995000499999996,True,True,,0.48733699958799997,240,0.48733699958799997,240,0.48733699958799997,240,0.317292858224,240,0.317292858224,240,True,True,True,True,True,True,True
equity,ridge,0.40000000000000002,4,570,42040724,612,1c34423caaaee6e40f3351bd0bcf0fa7e3cc2c895b417319da0477d97d5b3d7b,0.00079992000800000005,0.0039996000399999997,True,True,,0.39617427231000002,240,0.39617427231000002,240,0.39617427231000002,240,0.21459645210200001,240,0.21459645210200001,240,True,True,True,True,True,True,True
equity,ridge,0.40000000000000002,4,571,42040725,613,c42c8c4979ad0bfed5b4eeb655ac04677b0777de3a5e40e373f0a8dd394f2cba,0.00029997000299999998,0.001499850015,True,True,,0.43251613546599998,240,0.43251613546599998,240,0.43251613546599998,240,0.24635926435300001,240,0.24635926435300001,240,True,True,True,True,True,True,True
equity,ridge,0.40000000000000002,4,572,42040726,614,30aeff52ee1fa9b0bae21f1be927071058954d0a3ac5becdbe86458eacc626bf,0.00029997000299999998,0.001499850015,True,True,,0.44008828364399999,240,0.44008828364399999,240,0.44008828364399999,240,0.25816647416600003,240,0.25816647416600003,240,True,True,True,True,True,True,True
equity,ridge,0.40000000000000002,4,573,42040727,615,289ff349022891491b9670e90776c3beee53c61f59e352e5b2e26d1a6e1b62b9,9.9990001000000006e-05,0.00049995000499999996,True,True,,0.445745275798,240,0.445745275798,240,0.445745275798,240,0.31381638802299999,240,0.31381638802299999,240,True,True,True,True,True,True,True
equity,ridge,0.40000000000000002,4,574,42040728,616,566476d065ad5865b07093f4c8577880fdbc86bb2d0c2b2f83a3f9939e668d07,9.9990001000000006e-05,0.00049995000499999996,True,True,,0.30788722328200002,240,0.30788722328200002,240,0.30788722328200002,240,0.25241603937200002,240,0.25241603937200002,240,True,True,True,True,True,True,True
equity,ridge,0.40000000000000002,4,575,42040729,617,b4bb34d213a00faa68ad24821afed6a5b4e1c88c2795fe3a37b6ecddf7ab8b94,0.00059994000599999995,0.00299970003,True,True,,0.402886072825,240,0.402886072825,240,0.402886072825,240,0.22022228645200001,240,0.22022228645200001,240,True,True,True,True,True,True,True
equity,ridge,0.40000000000000002,4,576,42040730,618,2ae3adc5e9088cd3b28342cedffe4a5c9caac386432f13a759da9e9fb8d7a37e,9.9990001000000006e-05,0.00049995000499999996,True,True,,0.42209270872499999,240,0.42209270872499999,240,0.42209270872499999,240,0.24128807963099999,240,0.24128807963099999,240,True,True,True,True,True,True,True
equity,ridge,0.40000000000000002,4,577,42040731,619,cd6ca41bb8805df24658d4b97ab808af03e527f9dad188ef91c414c1f6d9972b,0.00069993000699999995,0.0034996500349999998,True,True,,0.31450512616499998,240,0.31450512616499998,240,0.31450512616499998,240,0.21838708485899999,240,0.21838708485899999,240,True,True,True,True,True,True,True
equity,ridge,0.40000000000000002,4,578,42040732,620,9690db3d30c55bf3e1b121330e0a3f73cc92f7acc880fc3e37c3a85bba8b469e,0.00069993000699999995,0.0034996500349999998,True,True,,0.39914364908700001,240,0.39914364908700001,240,0.39914364908700001,240,0.21529183443,240,0.21529183443,240,True,True,True,True,True,True,True
equity,ridge,0.40000000000000002,4,579,42040733,621,86b0c1753d11aa4514c99a2164bcdfb5a9656e7989ea53620d5b0b936421ed28,0.00089991000900000004,0.004499550045,True,True,,0.43741491369699997,240,0.43741491369699997,240,0.43741491369699997,240,0.22107381626200001,240,0.22107381626200001,240,True,True,True,True,True,True,True
equity,ridge,0.40000000000000002,4,580,42040734,622,a2f077b6cae2e430c6af4703430f5d82a5217a52852ce2fdddb2546ca3d0eaa1,9.9990001000000006e-05,0.00049995000499999996,True,True,,0.475257576525,240,0.475257576525,240,0.475257576525,240,0.33254549345000001,240,0.33254549345000001,240,True,True,True,True,True,True,True
equity,ridge,0.40000000000000002,4,581,42040735,623,edf4d98eed518bb9fc08a7350d7c5b6283f01245d494a00e681c7f4bc2cb12dd,0.012298770123,0.061493850614999998,False,True,,0.36763144372899997,240,0.36763144372899997,240,0.36763144372899997,240,0.161142837106,240,0.161142837106,240,True,True,True,True,True,True,True
equity,ridge,0.40000000000000002,4,582,42040736,624,9a22e00bda996f7fa78f566de923b7ced7174980bde8d9b92725f21e1846065d,9.9990001000000006e-05,0.00049995000499999996,True,True,,0.41554555116800002,240,0.41554555116800002,240,0.41554555116800002,240,0.283163058016,240,0.283163058016,240,True,True,True,True,True,True,True
equity,ridge,0.40000000000000002,4,583,42040737,625,2934ff985c56db2aa58dfe599f18e7cbfcfe7c54558ab1895007071a5be486ea,9.9990001000000006e-05,0.00049995000499999996,True,True,,0.47544595078500002,240,0.47544595078500002,240,0.47544595078500002,240,0.31067488262300003,240,0.31067488262300003,240,True,True,True,True,True,True,True
equity,ridge,0.40000000000000002,4,584,42040738,626,f4c83c8a1ee0a46cb77c0b3f4b24ba6180374263b615909a3ff4d6a12b32edf9,0.00029997000299999998,0.001499850015,True,True,,0.40065285246799998,240,0.40065285246799998,240,0.40065285246799998,240,0.26369944047900001,240,0.26369944047900001,240,True,True,True,True,True,True,True
equity,ridge,0.40000000000000002,4,585,42040739,627,953d3faef9cb289fa2eaa37b88f9bbe283dbf25429b05391b8358aaece060506,0.0085991400860000004,0.042995700429999999,True,True,,0.47643698789200001,240,0.47643698789200001,240,0.47643698789200001,240,0.16968256895600001,240,0.16968256895600001,240,True,True,True,True,True,True,True
equity,ridge,0.40000000000000002,4,586,42040740,628,9fcb3400c343690ec21a8ad7c54767f3d11951b0d6f62c95c3dc3f68d3e2da1a,0.052694730527000001,0.263473652635,False,False,,0.38370375711600002,240,0.38370375711600002,240,0.38370375711600002,240,0.12610506397400001,240,0.12610506397400001,240,True,True,True,True,True,True,True
equity,ridge,0.40000000000000002,4,587,42040741,629,1ec5e6889271e3c91839f87b6d8d448c02afce3d3381915e8887f4069f785ade,9.9990001000000006e-05,0.00049995000499999996,True,True,,0.38306216158299999,240,0.38306216158299999,240,0.38306216158299999,240,0.308197464004,240,0.308197464004,240,True,True,True,True,True,True,True
equity,ridge,0.40000000000000002,4,588,42040742,630,bb27f29aa726480bce385567de66086841eed5999853028660aec9770e720a14,0.00039996000400000002,0.0019998000199999998,True,True,,0.39954256812700001,240,0.39954256812700001,240,0.39954256812700001,240,0.22462948623599999,240,0.22462948623599999,240,True,True,True,True,True,True,True
equity,ridge,0.40000000000000002,4,589,42040743,631,e8ec083969f422698c7e8ce28fbf569909df981442fcd02e0c792e9b5ccfb992,0.00029997000299999998,0.001499850015,True,True,,0.47289074407699999,240,0.47289074407699999,240,0.47289074407699999,240,0.247188404207,240,0.247188404207,240,True,True,True,True,True,True,True
equity,ridge,0.40000000000000002,4,590,42040744,632,12d4a3ea07d4c394e5254240b18dbf12ebb567b7f8a52eb754a18c2125035d40,0.00029997000299999998,0.001499850015,True,True,,0.35855912744700003,240,0.35855912744700003,240,0.35855912744700003,240,0.247688116189,240,0.247688116189,240,True,True,True,True,True,True,True
equity,ridge,0.40000000000000002,4,591,42040745,633,a385d33ae3e3364c99c6dc244e9eca7838ecfffe0206dd15406b827bf270feb8,0.00039996000400000002,0.0019998000199999998,True,True,,0.41863810406500002,240,0.41863810406500002,240,0.41863810406500002,240,0.233536778385,240,0.233536778385,240,True,True,True,True,True,True,True
equity,ridge,0.40000000000000002,4,592,42040746,634,bc6d412dbc810fe7d0d49ecaba9195bad079ee3465e7ba0a5cffffda1a0f9731,0.0053994600539999998,0.02699730027,True,True,,0.364777299118,240,0.364777299118,240,0.364777299118,240,0.18391156113500001,240,0.18391156113500001,240,True,True,True,True,True,True,True
equity,ridge,0.40000000000000002,4,593,42040747,635,dac4a60347f353c3d41a92e976e3f3523849dab71725a7fbfea9aadf1acee4b2,0.00039996000400000002,0.0019998000199999998,True,True,,0.33563288088600002,240,0.33563288088600002,240,0.33563288088600002,240,0.23773323867999999,240,0.23773323867999999,240,True,True,True,True,True,True,True
equity,ridge,0.40000000000000002,4,594,42040748,636,cbd4db26b78c6bf0081509e18966d136091166f2580379cc1677ccd7802e118f,0.00029997000299999998,0.001499850015,True,True,,0.40327684624100002,240,0.40327684624100002,240,0.40327684624100002,240,0.232411884657,240,0.232411884657,240,True,True,True,True,True,True,True
equity,ridge,0.40000000000000002,4,595,42040749,637,4eae02d90043e091c002014352c3452e160e494070624cbb0524ae619b368105,0.00029997000299999998,0.001499850015,True,True,,0.37072539713800001,240,0.37072539713800001,240,0.37072539713800001,240,0.238749480136,240,0.238749480136,240,True,True,True,True,True,True,True
equity,ridge,0.40000000000000002,4,596,42040750,638,ac38059bbb75886e5e40127335919432ab2317f42a9ea4ea282dbad98e68c502,9.9990001000000006e-05,0.00049995000499999996,True,True,,0.50700479338799997,240,0.50700479338799997,240,0.50700479338799997,240,0.29871955848600001,240,0.29871955848600001,240,True,True,True,True,True,True,True
equity,ridge,0.40000000000000002,4,597,42040751,639,1e81d53fda07b0bfcd252a8d76a513dec7e4c280edd5109cac6eec265fcf136a,9.9990001000000006e-05,0.00049995000499999996,True,True,,0.48768179645100002,240,0.48768179645100002,240,0.48768179645100002,240,0.29571147761099997,240,0.29571147761099997,240,True,True,True,True,True,True,True
equity,ridge,0.40000000000000002,4,598,42040752,640,075071842bb8761244db311c2a208ca7e3693f43eb4b8e2364eb4a2265b17962,0.00069993000699999995,0.0034996500349999998,True,True,,0.41078625074500003,240,0.41078625074500003,240,0.41078625074500003,240,0.236568873559,240,0.236568873559,240,True,True,True,True,True,True,True
equity,ridge,0.40000000000000002,4,599,42040753,641,ac322e36b7b3d6749006563dec4c1509b0e26b4f2bdd8b560560a5be77f01923,0.025697430257000001,0.12848715128499999,False,True,,0.31655270752600001,240,0.31655270752600001,240,0.31655270752600001,240,0.14405357724500001,240,0.14405357724500001,240,True,True,True,True,True,True,True
