source_id,provider,document_or_announcement_id,document_title,publication_date,effective_date,coverage_year,coverage_period,ticker_or_share_code,company_name,event_type,index_code,scheduled_or_extraordinary,source_url_or_stable_id,access_date_utc,raw_filename,raw_sha256,raw_bytes,raw_storage_class,archive_symbol,identity_status,provenance_status,notes
EV-001,Borsa Istanbul,endeks-duyurulari-archive,"Endeks Duyurulari (official index-announcement archive, filterable by date, announcement type and index group)",NA,NA,NA,NA,NA,NA,OTHER_MEMBERSHIP_RELEVANT,NA,NA,https://www.borsaistanbul.com/endeksler/endeks-duyurulari,2026-08-24T03:03:26Z,bist_endeks_duyurulari_archive_2026-08-24.html,61df7328d81214a053477fd5603548b4541f08425a5482c94f702e2e29e3326f,664557,PRIVATE_LOCAL_RAW,PRIVATE_LOCAL_RAW:bist-membership/raw/bist_endeks_duyurulari_archive_2026-08-24.html,NA,ACQUIRED,Archive mechanism. Single page embeds 585 rows dated 21.06.2013-20.08.2026 with a five-value announcement-type taxonomy: Kural Seti Degisiklikleri; Endeks Iceriklerinde Yapilan Donemsel Degisiklikler; Endeks Iceriklerinde Yapilan Donem Ici Degisiklikler; Endekslere ve Referans Oranlara Iliskin Diger Duyurular; Islem Goren Sirketlere Yonelik Endeks Duyurulari. Filtering is client-side over the embedded rows; no server query parameters were used.
EV-002,Borsa Istanbul,duyurular-listing-page0,"Duyurular (general announcement listing), page 0 of 83",NA,NA,NA,NA,NA,NA,OTHER_MEMBERSHIP_RELEVANT,NA,NA,https://www.borsaistanbul.com/duyurular?page=0,2026-08-24T03:03:26Z,bist_duyurular_listing_page0_2026-08-24.html,6e65ea7bb9ae7e025ed7360b9fe0f99d8db8cb08e2ea64eb7d12e7b0d59e0ddb,88016,PRIVATE_LOCAL_RAW,PRIVATE_LOCAL_RAW:bist-membership/raw/bist_duyurular_listing_page0_2026-08-24.html,NA,ACQUIRED,"General announcement archive. Drupal pager, 25 items per page, 84 pages, 2098 unique items dated 02.01.2012-20.08.2026. Item ids are stable numeric node ids at /duyuru/<id>/<slug>. This stream is NOT the complete regulatory announcement stream: of the numbered 2021/NN circular series it carries only 12 items up to 2021/76."
EV-003,Borsa Istanbul,duyurular-listing-page83,"Duyurular (general announcement listing), page 83 of 83",NA,NA,NA,NA,NA,NA,OTHER_MEMBERSHIP_RELEVANT,NA,NA,https://www.borsaistanbul.com/duyurular?page=83,2026-08-24T03:03:26Z,bist_duyurular_listing_page83_2026-08-24.html,dacb54dc8e9429fd2ecb610c8fc0fa3ebdda7d656c3e55693e838fafe9e5242e,90032,PRIVATE_LOCAL_RAW,PRIVATE_LOCAL_RAW:bist-membership/raw/bist_duyurular_listing_page83_2026-08-24.html,NA,ACQUIRED,Last pager page; establishes the archive floor at 02.01.2012.
EV-004,Borsa Istanbul,bist-pay-endeksleri-temel-kurallari-2019-ekim.pdf,BIST Pay Endeksleri Temel Kurallari (Ekim 2019),2019-10-28,NA,NA,NA,NA,NA,OTHER_MEMBERSHIP_RELEVANT,XU030;XU050;XU100,NA,https://www.borsaistanbul.com/files/bist-pay-endeksleri-temel-kurallari-2019-ekim.pdf,2026-08-24T03:03:26Z,bist_pay_endeksleri_temel_kurallari_2019-10.pdf,d27643d23c885d746d04dd0295629002b72a49cf736d3bd80042b5b1edea72f3,516630,PRIVATE_LOCAL_RAW,PRIVATE_LOCAL_RAW:bist-membership/raw/bist_pay_endeksleri_temel_kurallari_2019-10.pdf,NA,ACQUIRED,"Rulebook in force for the 2019Q4-2020 window. Art. 2.15 defines the four index periods; art. 2.16 requires periodic changes to be announced at least 10 calendar days before the index period starts; art. 6 defines the periodic add/remove bands (XU030 25/35, XU050 45/55, XU100 95/105) and the equal-in-equal-out rule and mandates 3 reserve shares; art. 7 defines NON-PERIODIC (donemsel olmayan) changes and their effective dates, all triggered by KAP disclosures."
EV-005,Borsa Istanbul,bist-pay-endeksleri-temel-kurallari-20-aralik-2018-dyr.pdf,BIST Pay Endeksleri Temel Kurallari (20 Aralik 2018),2018-12-20,NA,NA,NA,NA,NA,OTHER_MEMBERSHIP_RELEVANT,XU030;XU050;XU100,NA,https://www.borsaistanbul.com/files/bist-pay-endeksleri-temel-kurallari-20-aralik-2018-dyr.pdf,2026-08-24T03:03:26Z,bist_pay_endeksleri_temel_kurallari_2018-12-20.pdf,8e2fa3a48fd8c1de390d8d25d0d9e52bb3b9bc6b4de384a5cc782acf15bfd78a,518511,PRIVATE_LOCAL_RAW,PRIVATE_LOCAL_RAW:bist-membership/raw/bist_pay_endeksleri_temel_kurallari_2018-12-20.pdf,NA,ACQUIRED,"Period-correct rulebook for the 2018-2019 window, retained and reachable from announcement node 12305."
EV-006,Borsa Istanbul,11419,BIST Pay Endeksleri Temel Kurallari yeni pazar yapisi degisiklikleri ile guncellendi,2019-10-28,NA,NA,NA,NA,NA,OTHER_MEMBERSHIP_RELEVANT,XU030;XU050;XU100,NA,https://www.borsaistanbul.com/duyuru/11419/bist-pay-endeksleri-temel-kurallari-yeni-pazar-yapisi-degisiklikleri-ile-bist-likit-banka-bist-banka-disi-likit-10-ve-bist-gip-endekslerinin-hesaplanmaya-baslamasi-nedeniyle-guncellendi,2026-08-24T03:03:26Z,bist_duyuru_11419_2019-10-28.html,ed363051c3d790226b2f1383680d74c6b77f7e38118b45f9e6ce7f8d22b1da70,91359,PRIVATE_LOCAL_RAW,PRIVATE_LOCAL_RAW:bist-membership/events/bist_duyuru_11419_2019-10-28.html,NA,ACQUIRED,"Announces the Ekim 2019 rulebook; cites circular 2019/68. Changes the XU030/XU050/XU100 selection universe to Yildiz Pazar, moves the XU100 band from 90-110 to 95-105, and sets the reserve count to 3."
EV-007,Borsa Istanbul,12574,BIST Pay Endeksleri Temel Kurallari BIST Likit Banka ve BIST Banka Disi Likit 10 uyumu icin guncellendi,2020-01-20,NA,NA,NA,NA,NA,OTHER_MEMBERSHIP_RELEVANT,XU030;XU050;XU100,NA,https://www.borsaistanbul.com/duyuru/12574/bist-pay-endeksleri-temel-kurallari-bist-likit-banka-ve-bist-banka-disi-likit-10-endekslerinin-borsa-yatirim-fonlarina-iliskin-esaslar-tebligine-uyumlu-hale-getirilmesi-amaciyla,2026-08-24T03:03:26Z,bist_duyuru_12574_2020-01-20.html,fd85daad66c0878f042d9f184a43e131940fdf5f736c683e708745c3c2892a5e,73642,PRIVATE_LOCAL_RAW,PRIVATE_LOCAL_RAW:bist-membership/events/bist_duyuru_12574_2020-01-20.html,NA,ACQUIRED,Effective 03.02.2020 per the announcement text. Does not alter XU030/XU050/XU100 membership rules.
EV-008,Borsa Istanbul,12592,BIST Pay Endeksleri Temel Kurallari guncellendi,2020-09-18,NA,NA,NA,NA,NA,OTHER_MEMBERSHIP_RELEVANT,XU030;XU050;XU100,NA,https://www.borsaistanbul.com/duyuru/12592/bist-pay-endeksleri-temel-kurallari-guncellendi,2026-08-24T03:03:26Z,bist_duyuru_12592_2020-09-18.html,46e7d0e3dae6079c98ae918a88df7de3a3dd511fc4f3dc10b3a31e47db752644,73775,PRIVATE_LOCAL_RAW,PRIVATE_LOCAL_RAW:bist-membership/events/bist_duyuru_12592_2020-09-18.html,NA,ACQUIRED,Renames the rulebook to BIST Piyasa Degeri Agirlikli Pay Endeksleri Temel Kurallari and adapts it to the new Pay Piyasasi market structure; ends BIST GIP calculation from 01.10.2020.
EV-009,Borsa Istanbul,12305,BIST Pay Endeksleri Temel Kurallari guncellendi,2018-12-20,NA,NA,NA,NA,NA,OTHER_MEMBERSHIP_RELEVANT,XU030;XU050;XU100,NA,https://www.borsaistanbul.com/duyuru/12305/bist-pay-endeksleri-temel-kurallari-guncellendi,2026-08-24T03:03:26Z,bist_duyuru_12305_2018-12-20.html,35928550bf2da20e1fbf5b60b3acfe740afe3b459d818ed4a5fe2c18b7c5e83f,72809,PRIVATE_LOCAL_RAW,PRIVATE_LOCAL_RAW:bist-membership/events/bist_duyuru_12305_2018-12-20.html,NA,ACQUIRED,Switches the periodic valuation to the median of adjusted prices over the 6-month valuation window.
EV-010,Borsa Istanbul,11596,2016 yılı ikinci üç aylık dönemi için BIST Pay Endeksleri kapsamında yer alacak paylarda değişiklik yapılmıştır,2016-03-22,2016-04-01,2016,2016Q2,NA,NA,REVIEW_SCHEDULE,XU030;XU050;XU100,SCHEDULED,https://www.borsaistanbul.com/duyuru/11596/2016-yili-ikinci-uc-aylik-donemi-icin-bist-pay-endeksleri-kapsaminda-yer-alacak-paylarda-degisiklik-yapilmistir,2026-08-24T03:03:26Z,bist_duyuru_11596_2016-03-22.html,615b830dc564d21e4484f368254db24827d8359277410e07ad678bfd13b2c486,78826,PRIVATE_LOCAL_RAW,PRIVATE_LOCAL_RAW:bist-membership/events/bist_duyuru_11596_2016-03-22.html,NA,ACQUIRED,"Periodic review announcement. The document states the index period explicitly as 2016-04-01 to 2016-06-30; effective_date is that stated period start, not the publication date. Additions and removals are equal in number in every transcribed table, consistent with rulebook art. 6(c)/(d)."
EV-011,Borsa Istanbul,11596,2016 yılı ikinci üç aylık dönemi için BIST Pay Endeksleri kapsamında yer alacak paylarda değişiklik yapılmıştır,2016-03-22,2016-04-01,2016,2016Q2,SKBNK,ŞEKERBANK,ADD,XU100,SCHEDULED,https://www.borsaistanbul.com/duyuru/11596/2016-yili-ikinci-uc-aylik-donemi-icin-bist-pay-endeksleri-kapsaminda-yer-alacak-paylarda-degisiklik-yapilmistir,2026-08-24T03:03:26Z,bist_duyuru_11596_2016-03-22.html,615b830dc564d21e4484f368254db24827d8359277410e07ad678bfd13b2c486,78826,PRIVATE_LOCAL_RAW,PRIVATE_LOCAL_RAW:bist-membership/events/bist_duyuru_11596_2016-03-22.html,INSUFFICIENT_IDENTITY_EVIDENCE,ACQUIRED,Itemised in the periodic review announcement; effective at the stated index-period start.
EV-012,Borsa Istanbul,11596,2016 yılı ikinci üç aylık dönemi için BIST Pay Endeksleri kapsamında yer alacak paylarda değişiklik yapılmıştır,2016-03-22,2016-04-01,2016,2016Q2,AYEN,AYEN ENERJİ,ADD,XU100,SCHEDULED,https://www.borsaistanbul.com/duyuru/11596/2016-yili-ikinci-uc-aylik-donemi-icin-bist-pay-endeksleri-kapsaminda-yer-alacak-paylarda-degisiklik-yapilmistir,2026-08-24T03:03:26Z,bist_duyuru_11596_2016-03-22.html,615b830dc564d21e4484f368254db24827d8359277410e07ad678bfd13b2c486,78826,PRIVATE_LOCAL_RAW,PRIVATE_LOCAL_RAW:bist-membership/events/bist_duyuru_11596_2016-03-22.html,INSUFFICIENT_IDENTITY_EVIDENCE,ACQUIRED,Itemised in the periodic review announcement; effective at the stated index-period start.
EV-013,Borsa Istanbul,11596,2016 yılı ikinci üç aylık dönemi için BIST Pay Endeksleri kapsamında yer alacak paylarda değişiklik yapılmıştır,2016-03-22,2016-04-01,2016,2016Q2,SNGYO,SİNPAŞ GMYO,REMOVE,XU100,SCHEDULED,https://www.borsaistanbul.com/duyuru/11596/2016-yili-ikinci-uc-aylik-donemi-icin-bist-pay-endeksleri-kapsaminda-yer-alacak-paylarda-degisiklik-yapilmistir,2026-08-24T03:03:26Z,bist_duyuru_11596_2016-03-22.html,615b830dc564d21e4484f368254db24827d8359277410e07ad678bfd13b2c486,78826,PRIVATE_LOCAL_RAW,PRIVATE_LOCAL_RAW:bist-membership/events/bist_duyuru_11596_2016-03-22.html,INSUFFICIENT_IDENTITY_EVIDENCE,ACQUIRED,Itemised in the periodic review announcement; effective at the stated index-period start.
EV-014,Borsa Istanbul,11596,2016 yılı ikinci üç aylık dönemi için BIST Pay Endeksleri kapsamında yer alacak paylarda değişiklik yapılmıştır,2016-03-22,2016-04-01,2016,2016Q2,SAFGY,SAF GMYO,REMOVE,XU100,SCHEDULED,https://www.borsaistanbul.com/duyuru/11596/2016-yili-ikinci-uc-aylik-donemi-icin-bist-pay-endeksleri-kapsaminda-yer-alacak-paylarda-degisiklik-yapilmistir,2026-08-24T03:03:26Z,bist_duyuru_11596_2016-03-22.html,615b830dc564d21e4484f368254db24827d8359277410e07ad678bfd13b2c486,78826,PRIVATE_LOCAL_RAW,PRIVATE_LOCAL_RAW:bist-membership/events/bist_duyuru_11596_2016-03-22.html,INSUFFICIENT_IDENTITY_EVIDENCE,ACQUIRED,Itemised in the periodic review announcement; effective at the stated index-period start.
EV-015,Borsa Istanbul,11596,2016 yılı ikinci üç aylık dönemi için BIST Pay Endeksleri kapsamında yer alacak paylarda değişiklik yapılmıştır,2016-03-22,2016-04-01,2016,2016Q2,EGSER,EGE SERAMİK,OTHER_MEMBERSHIP_RELEVANT,XU100,SCHEDULED,https://www.borsaistanbul.com/duyuru/11596/2016-yili-ikinci-uc-aylik-donemi-icin-bist-pay-endeksleri-kapsaminda-yer-alacak-paylarda-degisiklik-yapilmistir,2026-08-24T03:03:26Z,bist_duyuru_11596_2016-03-22.html,615b830dc564d21e4484f368254db24827d8359277410e07ad678bfd13b2c486,78826,PRIVATE_LOCAL_RAW,PRIVATE_LOCAL_RAW:bist-membership/events/bist_duyuru_11596_2016-03-22.html,INSUFFICIENT_IDENTITY_EVIDENCE,ACQUIRED,"Reserve (yedek) list entry: an eligible substitute under rulebook art. 7, NOT a membership change and NOT a state."
EV-016,Borsa Istanbul,11596,2016 yılı ikinci üç aylık dönemi için BIST Pay Endeksleri kapsamında yer alacak paylarda değişiklik yapılmıştır,2016-03-22,2016-04-01,2016,2016Q2,TSPOR,TRABZONSPOR SPORTİF,OTHER_MEMBERSHIP_RELEVANT,XU100,SCHEDULED,https://www.borsaistanbul.com/duyuru/11596/2016-yili-ikinci-uc-aylik-donemi-icin-bist-pay-endeksleri-kapsaminda-yer-alacak-paylarda-degisiklik-yapilmistir,2026-08-24T03:03:26Z,bist_duyuru_11596_2016-03-22.html,615b830dc564d21e4484f368254db24827d8359277410e07ad678bfd13b2c486,78826,PRIVATE_LOCAL_RAW,PRIVATE_LOCAL_RAW:bist-membership/events/bist_duyuru_11596_2016-03-22.html,INSUFFICIENT_IDENTITY_EVIDENCE,ACQUIRED,"Reserve (yedek) list entry: an eligible substitute under rulebook art. 7, NOT a membership change and NOT a state."
EV-017,Borsa Istanbul,11596,2016 yılı ikinci üç aylık dönemi için BIST Pay Endeksleri kapsamında yer alacak paylarda değişiklik yapılmıştır,2016-03-22,2016-04-01,2016,2016Q2,NUGYO,NUROL GMYO,OTHER_MEMBERSHIP_RELEVANT,XU100,SCHEDULED,https://www.borsaistanbul.com/duyuru/11596/2016-yili-ikinci-uc-aylik-donemi-icin-bist-pay-endeksleri-kapsaminda-yer-alacak-paylarda-degisiklik-yapilmistir,2026-08-24T03:03:26Z,bist_duyuru_11596_2016-03-22.html,615b830dc564d21e4484f368254db24827d8359277410e07ad678bfd13b2c486,78826,PRIVATE_LOCAL_RAW,PRIVATE_LOCAL_RAW:bist-membership/events/bist_duyuru_11596_2016-03-22.html,INSUFFICIENT_IDENTITY_EVIDENCE,ACQUIRED,"Reserve (yedek) list entry: an eligible substitute under rulebook art. 7, NOT a membership change and NOT a state."
EV-018,Borsa Istanbul,11596,2016 yılı ikinci üç aylık dönemi için BIST Pay Endeksleri kapsamında yer alacak paylarda değişiklik yapılmıştır,2016-03-22,2016-04-01,2016,2016Q2,ASLAN,ASLAN ÇİMENTO,OTHER_MEMBERSHIP_RELEVANT,XU100,SCHEDULED,https://www.borsaistanbul.com/duyuru/11596/2016-yili-ikinci-uc-aylik-donemi-icin-bist-pay-endeksleri-kapsaminda-yer-alacak-paylarda-degisiklik-yapilmistir,2026-08-24T03:03:26Z,bist_duyuru_11596_2016-03-22.html,615b830dc564d21e4484f368254db24827d8359277410e07ad678bfd13b2c486,78826,PRIVATE_LOCAL_RAW,PRIVATE_LOCAL_RAW:bist-membership/events/bist_duyuru_11596_2016-03-22.html,INSUFFICIENT_IDENTITY_EVIDENCE,ACQUIRED,"Reserve (yedek) list entry: an eligible substitute under rulebook art. 7, NOT a membership change and NOT a state."
EV-019,Borsa Istanbul,11596,2016 yılı ikinci üç aylık dönemi için BIST Pay Endeksleri kapsamında yer alacak paylarda değişiklik yapılmıştır,2016-03-22,2016-04-01,2016,2016Q2,BRYAT,BORUSAN YAT. PAZ.,OTHER_MEMBERSHIP_RELEVANT,XU100,SCHEDULED,https://www.borsaistanbul.com/duyuru/11596/2016-yili-ikinci-uc-aylik-donemi-icin-bist-pay-endeksleri-kapsaminda-yer-alacak-paylarda-degisiklik-yapilmistir,2026-08-24T03:03:26Z,bist_duyuru_11596_2016-03-22.html,615b830dc564d21e4484f368254db24827d8359277410e07ad678bfd13b2c486,78826,PRIVATE_LOCAL_RAW,PRIVATE_LOCAL_RAW:bist-membership/events/bist_duyuru_11596_2016-03-22.html,INSUFFICIENT_IDENTITY_EVIDENCE,ACQUIRED,"Reserve (yedek) list entry: an eligible substitute under rulebook art. 7, NOT a membership change and NOT a state."
EV-020,Borsa Istanbul,11596,2016 yılı ikinci üç aylık dönemi için BIST Pay Endeksleri kapsamında yer alacak paylarda değişiklik yapılmıştır,2016-03-22,2016-04-01,2016,2016Q2,LOGO,LOGO YAZILIM,ADD,XU050,SCHEDULED,https://www.borsaistanbul.com/duyuru/11596/2016-yili-ikinci-uc-aylik-donemi-icin-bist-pay-endeksleri-kapsaminda-yer-alacak-paylarda-degisiklik-yapilmistir,2026-08-24T03:03:26Z,bist_duyuru_11596_2016-03-22.html,615b830dc564d21e4484f368254db24827d8359277410e07ad678bfd13b2c486,78826,PRIVATE_LOCAL_RAW,PRIVATE_LOCAL_RAW:bist-membership/events/bist_duyuru_11596_2016-03-22.html,INSUFFICIENT_IDENTITY_EVIDENCE,ACQUIRED,Itemised in the periodic review announcement; effective at the stated index-period start.
EV-021,Borsa Istanbul,11596,2016 yılı ikinci üç aylık dönemi için BIST Pay Endeksleri kapsamında yer alacak paylarda değişiklik yapılmıştır,2016-03-22,2016-04-01,2016,2016Q2,TTRAK,TÜRK TRAKTÖR,REMOVE,XU050,SCHEDULED,https://www.borsaistanbul.com/duyuru/11596/2016-yili-ikinci-uc-aylik-donemi-icin-bist-pay-endeksleri-kapsaminda-yer-alacak-paylarda-degisiklik-yapilmistir,2026-08-24T03:03:26Z,bist_duyuru_11596_2016-03-22.html,615b830dc564d21e4484f368254db24827d8359277410e07ad678bfd13b2c486,78826,PRIVATE_LOCAL_RAW,PRIVATE_LOCAL_RAW:bist-membership/events/bist_duyuru_11596_2016-03-22.html,INSUFFICIENT_IDENTITY_EVIDENCE,ACQUIRED,Itemised in the periodic review announcement; effective at the stated index-period start.
EV-022,Borsa Istanbul,11596,2016 yılı ikinci üç aylık dönemi için BIST Pay Endeksleri kapsamında yer alacak paylarda değişiklik yapılmıştır,2016-03-22,2016-04-01,2016,2016Q2,KORDS,KORDSA GLOBAL,OTHER_MEMBERSHIP_RELEVANT,XU050,SCHEDULED,https://www.borsaistanbul.com/duyuru/11596/2016-yili-ikinci-uc-aylik-donemi-icin-bist-pay-endeksleri-kapsaminda-yer-alacak-paylarda-degisiklik-yapilmistir,2026-08-24T03:03:26Z,bist_duyuru_11596_2016-03-22.html,615b830dc564d21e4484f368254db24827d8359277410e07ad678bfd13b2c486,78826,PRIVATE_LOCAL_RAW,PRIVATE_LOCAL_RAW:bist-membership/events/bist_duyuru_11596_2016-03-22.html,INSUFFICIENT_IDENTITY_EVIDENCE,ACQUIRED,"Reserve (yedek) list entry: an eligible substitute under rulebook art. 7, NOT a membership change and NOT a state."
EV-023,Borsa Istanbul,11596,2016 yılı ikinci üç aylık dönemi için BIST Pay Endeksleri kapsamında yer alacak paylarda değişiklik yapılmıştır,2016-03-22,2016-04-01,2016,2016Q2,FENER,FENERBAHÇE FUTBOL,OTHER_MEMBERSHIP_RELEVANT,XU050,SCHEDULED,https://www.borsaistanbul.com/duyuru/11596/2016-yili-ikinci-uc-aylik-donemi-icin-bist-pay-endeksleri-kapsaminda-yer-alacak-paylarda-degisiklik-yapilmistir,2026-08-24T03:03:26Z,bist_duyuru_11596_2016-03-22.html,615b830dc564d21e4484f368254db24827d8359277410e07ad678bfd13b2c486,78826,PRIVATE_LOCAL_RAW,PRIVATE_LOCAL_RAW:bist-membership/events/bist_duyuru_11596_2016-03-22.html,INSUFFICIENT_IDENTITY_EVIDENCE,ACQUIRED,"Reserve (yedek) list entry: an eligible substitute under rulebook art. 7, NOT a membership change and NOT a state."
EV-024,Borsa Istanbul,11596,2016 yılı ikinci üç aylık dönemi için BIST Pay Endeksleri kapsamında yer alacak paylarda değişiklik yapılmıştır,2016-03-22,2016-04-01,2016,2016Q2,TMSN,TÜMOSAN MOTOR VE TRAKTÖR,OTHER_MEMBERSHIP_RELEVANT,XU050,SCHEDULED,https://www.borsaistanbul.com/duyuru/11596/2016-yili-ikinci-uc-aylik-donemi-icin-bist-pay-endeksleri-kapsaminda-yer-alacak-paylarda-degisiklik-yapilmistir,2026-08-24T03:03:26Z,bist_duyuru_11596_2016-03-22.html,615b830dc564d21e4484f368254db24827d8359277410e07ad678bfd13b2c486,78826,PRIVATE_LOCAL_RAW,PRIVATE_LOCAL_RAW:bist-membership/events/bist_duyuru_11596_2016-03-22.html,INSUFFICIENT_IDENTITY_EVIDENCE,ACQUIRED,"Reserve (yedek) list entry: an eligible substitute under rulebook art. 7, NOT a membership change and NOT a state."
EV-025,Borsa Istanbul,11596,2016 yılı ikinci üç aylık dönemi için BIST Pay Endeksleri kapsamında yer alacak paylarda değişiklik yapılmıştır,2016-03-22,2016-04-01,2016,2016Q2,BJKAS,BEŞİKTAŞ FUTBOL YAT.,OTHER_MEMBERSHIP_RELEVANT,XU030,SCHEDULED,https://www.borsaistanbul.com/duyuru/11596/2016-yili-ikinci-uc-aylik-donemi-icin-bist-pay-endeksleri-kapsaminda-yer-alacak-paylarda-degisiklik-yapilmistir,2026-08-24T03:03:26Z,bist_duyuru_11596_2016-03-22.html,615b830dc564d21e4484f368254db24827d8359277410e07ad678bfd13b2c486,78826,PRIVATE_LOCAL_RAW,PRIVATE_LOCAL_RAW:bist-membership/events/bist_duyuru_11596_2016-03-22.html,INSUFFICIENT_IDENTITY_EVIDENCE,ACQUIRED,"Reserve (yedek) list entry: an eligible substitute under rulebook art. 7, NOT a membership change and NOT a state."
EV-026,Borsa Istanbul,11596,2016 yılı ikinci üç aylık dönemi için BIST Pay Endeksleri kapsamında yer alacak paylarda değişiklik yapılmıştır,2016-03-22,2016-04-01,2016,2016Q2,TRKCM,TRAKYA CAM,OTHER_MEMBERSHIP_RELEVANT,XU030,SCHEDULED,https://www.borsaistanbul.com/duyuru/11596/2016-yili-ikinci-uc-aylik-donemi-icin-bist-pay-endeksleri-kapsaminda-yer-alacak-paylarda-degisiklik-yapilmistir,2026-08-24T03:03:26Z,bist_duyuru_11596_2016-03-22.html,615b830dc564d21e4484f368254db24827d8359277410e07ad678bfd13b2c486,78826,PRIVATE_LOCAL_RAW,PRIVATE_LOCAL_RAW:bist-membership/events/bist_duyuru_11596_2016-03-22.html,INSUFFICIENT_IDENTITY_EVIDENCE,ACQUIRED,"Reserve (yedek) list entry: an eligible substitute under rulebook art. 7, NOT a membership change and NOT a state."
EV-027,Borsa Istanbul,11564,2016 yılı üçüncü üç aylık dönemi için BIST Pay Endeksleri kapsamında yer alacak paylarda değişiklik yapılmıştır,2016-06-17,2016-07-01,2016,2016Q3,NA,NA,REVIEW_SCHEDULE,XU030;XU050;XU100,SCHEDULED,https://www.borsaistanbul.com/duyuru/11564/2016-yili-ucuncu-uc-aylik-donemi-icin-bist-pay-endeksleri-kapsaminda-yer-alacak-paylarda-degisiklik-yapilmistir,2026-08-24T03:03:26Z,bist_duyuru_11564_2016-06-17.html,20bcdea09186fea9696cfca31ecbb73d1be47f73caff32717f2bc2377da82129,78234,PRIVATE_LOCAL_RAW,PRIVATE_LOCAL_RAW:bist-membership/events/bist_duyuru_11564_2016-06-17.html,NA,ACQUIRED,"Periodic review announcement. The document states the index period explicitly as 2016-07-01 to 2016-09-30; effective_date is that stated period start, not the publication date. Additions and removals are equal in number in every transcribed table, consistent with rulebook art. 6(c)/(d)."
EV-028,Borsa Istanbul,11564,2016 yılı üçüncü üç aylık dönemi için BIST Pay Endeksleri kapsamında yer alacak paylarda değişiklik yapılmıştır,2016-06-17,2016-07-01,2016,2016Q3,TSPOR,TRABZONSPOR SPORTİF,ADD,XU100,SCHEDULED,https://www.borsaistanbul.com/duyuru/11564/2016-yili-ucuncu-uc-aylik-donemi-icin-bist-pay-endeksleri-kapsaminda-yer-alacak-paylarda-degisiklik-yapilmistir,2026-08-24T03:03:26Z,bist_duyuru_11564_2016-06-17.html,20bcdea09186fea9696cfca31ecbb73d1be47f73caff32717f2bc2377da82129,78234,PRIVATE_LOCAL_RAW,PRIVATE_LOCAL_RAW:bist-membership/events/bist_duyuru_11564_2016-06-17.html,INSUFFICIENT_IDENTITY_EVIDENCE,ACQUIRED,Itemised in the periodic review announcement; effective at the stated index-period start.
EV-029,Borsa Istanbul,11564,2016 yılı üçüncü üç aylık dönemi için BIST Pay Endeksleri kapsamında yer alacak paylarda değişiklik yapılmıştır,2016-06-17,2016-07-01,2016,2016Q3,TRCAS,TURCAS PETROL,ADD,XU100,SCHEDULED,https://www.borsaistanbul.com/duyuru/11564/2016-yili-ucuncu-uc-aylik-donemi-icin-bist-pay-endeksleri-kapsaminda-yer-alacak-paylarda-degisiklik-yapilmistir,2026-08-24T03:03:26Z,bist_duyuru_11564_2016-06-17.html,20bcdea09186fea9696cfca31ecbb73d1be47f73caff32717f2bc2377da82129,78234,PRIVATE_LOCAL_RAW,PRIVATE_LOCAL_RAW:bist-membership/events/bist_duyuru_11564_2016-06-17.html,INSUFFICIENT_IDENTITY_EVIDENCE,ACQUIRED,Itemised in the periodic review announcement; effective at the stated index-period start.
EV-030,Borsa Istanbul,11564,2016 yılı üçüncü üç aylık dönemi için BIST Pay Endeksleri kapsamında yer alacak paylarda değişiklik yapılmıştır,2016-06-17,2016-07-01,2016,2016Q3,NUGYO,NUROL GMYO,ADD,XU100,SCHEDULED,https://www.borsaistanbul.com/duyuru/11564/2016-yili-ucuncu-uc-aylik-donemi-icin-bist-pay-endeksleri-kapsaminda-yer-alacak-paylarda-degisiklik-yapilmistir,2026-08-24T03:03:26Z,bist_duyuru_11564_2016-06-17.html,20bcdea09186fea9696cfca31ecbb73d1be47f73caff32717f2bc2377da82129,78234,PRIVATE_LOCAL_RAW,PRIVATE_LOCAL_RAW:bist-membership/events/bist_duyuru_11564_2016-06-17.html,INSUFFICIENT_IDENTITY_EVIDENCE,ACQUIRED,Itemised in the periodic review announcement; effective at the stated index-period start.
EV-031,Borsa Istanbul,11564,2016 yılı üçüncü üç aylık dönemi için BIST Pay Endeksleri kapsamında yer alacak paylarda değişiklik yapılmıştır,2016-06-17,2016-07-01,2016,2016Q3,IHLAS,İHLAS HOLDİNG,REMOVE,XU100,SCHEDULED,https://www.borsaistanbul.com/duyuru/11564/2016-yili-ucuncu-uc-aylik-donemi-icin-bist-pay-endeksleri-kapsaminda-yer-alacak-paylarda-degisiklik-yapilmistir,2026-08-24T03:03:26Z,bist_duyuru_11564_2016-06-17.html,20bcdea09186fea9696cfca31ecbb73d1be47f73caff32717f2bc2377da82129,78234,PRIVATE_LOCAL_RAW,PRIVATE_LOCAL_RAW:bist-membership/events/bist_duyuru_11564_2016-06-17.html,INSUFFICIENT_IDENTITY_EVIDENCE,ACQUIRED,Itemised in the periodic review announcement; effective at the stated index-period start.
EV-032,Borsa Istanbul,11564,2016 yılı üçüncü üç aylık dönemi için BIST Pay Endeksleri kapsamında yer alacak paylarda değişiklik yapılmıştır,2016-06-17,2016-07-01,2016,2016Q3,PARSN,PARSAN,REMOVE,XU100,SCHEDULED,https://www.borsaistanbul.com/duyuru/11564/2016-yili-ucuncu-uc-aylik-donemi-icin-bist-pay-endeksleri-kapsaminda-yer-alacak-paylarda-degisiklik-yapilmistir,2026-08-24T03:03:26Z,bist_duyuru_11564_2016-06-17.html,20bcdea09186fea9696cfca31ecbb73d1be47f73caff32717f2bc2377da82129,78234,PRIVATE_LOCAL_RAW,PRIVATE_LOCAL_RAW:bist-membership/events/bist_duyuru_11564_2016-06-17.html,INSUFFICIENT_IDENTITY_EVIDENCE,ACQUIRED,Itemised in the periodic review announcement; effective at the stated index-period start.
EV-033,Borsa Istanbul,11564,2016 yılı üçüncü üç aylık dönemi için BIST Pay Endeksleri kapsamında yer alacak paylarda değişiklik yapılmıştır,2016-06-17,2016-07-01,2016,2016Q3,ALKIM,ALKİM KİMYA,REMOVE,XU100,SCHEDULED,https://www.borsaistanbul.com/duyuru/11564/2016-yili-ucuncu-uc-aylik-donemi-icin-bist-pay-endeksleri-kapsaminda-yer-alacak-paylarda-degisiklik-yapilmistir,2026-08-24T03:03:26Z,bist_duyuru_11564_2016-06-17.html,20bcdea09186fea9696cfca31ecbb73d1be47f73caff32717f2bc2377da82129,78234,PRIVATE_LOCAL_RAW,PRIVATE_LOCAL_RAW:bist-membership/events/bist_duyuru_11564_2016-06-17.html,INSUFFICIENT_IDENTITY_EVIDENCE,ACQUIRED,Itemised in the periodic review announcement; effective at the stated index-period start.
EV-034,Borsa Istanbul,11564,2016 yılı üçüncü üç aylık dönemi için BIST Pay Endeksleri kapsamında yer alacak paylarda değişiklik yapılmıştır,2016-06-17,2016-07-01,2016,2016Q3,EGSER,EGE SERAMİK,OTHER_MEMBERSHIP_RELEVANT,XU100,SCHEDULED,https://www.borsaistanbul.com/duyuru/11564/2016-yili-ucuncu-uc-aylik-donemi-icin-bist-pay-endeksleri-kapsaminda-yer-alacak-paylarda-degisiklik-yapilmistir,2026-08-24T03:03:26Z,bist_duyuru_11564_2016-06-17.html,20bcdea09186fea9696cfca31ecbb73d1be47f73caff32717f2bc2377da82129,78234,PRIVATE_LOCAL_RAW,PRIVATE_LOCAL_RAW:bist-membership/events/bist_duyuru_11564_2016-06-17.html,INSUFFICIENT_IDENTITY_EVIDENCE,ACQUIRED,"Reserve (yedek) list entry: an eligible substitute under rulebook art. 7, NOT a membership change and NOT a state."
EV-035,Borsa Istanbul,11564,2016 yılı üçüncü üç aylık dönemi için BIST Pay Endeksleri kapsamında yer alacak paylarda değişiklik yapılmıştır,2016-06-17,2016-07-01,2016,2016Q3,ASLAN,ASLAN ÇİMENTO,OTHER_MEMBERSHIP_RELEVANT,XU100,SCHEDULED,https://www.borsaistanbul.com/duyuru/11564/2016-yili-ucuncu-uc-aylik-donemi-icin-bist-pay-endeksleri-kapsaminda-yer-alacak-paylarda-degisiklik-yapilmistir,2026-08-24T03:03:26Z,bist_duyuru_11564_2016-06-17.html,20bcdea09186fea9696cfca31ecbb73d1be47f73caff32717f2bc2377da82129,78234,PRIVATE_LOCAL_RAW,PRIVATE_LOCAL_RAW:bist-membership/events/bist_duyuru_11564_2016-06-17.html,INSUFFICIENT_IDENTITY_EVIDENCE,ACQUIRED,"Reserve (yedek) list entry: an eligible substitute under rulebook art. 7, NOT a membership change and NOT a state."
EV-036,Borsa Istanbul,11564,2016 yılı üçüncü üç aylık dönemi için BIST Pay Endeksleri kapsamında yer alacak paylarda değişiklik yapılmıştır,2016-06-17,2016-07-01,2016,2016Q3,INDES,İNDEKS BİLGİSAYAR,OTHER_MEMBERSHIP_RELEVANT,XU100,SCHEDULED,https://www.borsaistanbul.com/duyuru/11564/2016-yili-ucuncu-uc-aylik-donemi-icin-bist-pay-endeksleri-kapsaminda-yer-alacak-paylarda-degisiklik-yapilmistir,2026-08-24T03:03:26Z,bist_duyuru_11564_2016-06-17.html,20bcdea09186fea9696cfca31ecbb73d1be47f73caff32717f2bc2377da82129,78234,PRIVATE_LOCAL_RAW,PRIVATE_LOCAL_RAW:bist-membership/events/bist_duyuru_11564_2016-06-17.html,INSUFFICIENT_IDENTITY_EVIDENCE,ACQUIRED,"Reserve (yedek) list entry: an eligible substitute under rulebook art. 7, NOT a membership change and NOT a state."
EV-037,Borsa Istanbul,11564,2016 yılı üçüncü üç aylık dönemi için BIST Pay Endeksleri kapsamında yer alacak paylarda değişiklik yapılmıştır,2016-06-17,2016-07-01,2016,2016Q3,YATAS,YATAŞ,OTHER_MEMBERSHIP_RELEVANT,XU100,SCHEDULED,https://www.borsaistanbul.com/duyuru/11564/2016-yili-ucuncu-uc-aylik-donemi-icin-bist-pay-endeksleri-kapsaminda-yer-alacak-paylarda-degisiklik-yapilmistir,2026-08-24T03:03:26Z,bist_duyuru_11564_2016-06-17.html,20bcdea09186fea9696cfca31ecbb73d1be47f73caff32717f2bc2377da82129,78234,PRIVATE_LOCAL_RAW,PRIVATE_LOCAL_RAW:bist-membership/events/bist_duyuru_11564_2016-06-17.html,INSUFFICIENT_IDENTITY_EVIDENCE,ACQUIRED,"Reserve (yedek) list entry: an eligible substitute under rulebook art. 7, NOT a membership change and NOT a state."
EV-038,Borsa Istanbul,11564,2016 yılı üçüncü üç aylık dönemi için BIST Pay Endeksleri kapsamında yer alacak paylarda değişiklik yapılmıştır,2016-06-17,2016-07-01,2016,2016Q3,BMEKS,BİMEKS,OTHER_MEMBERSHIP_RELEVANT,XU100,SCHEDULED,https://www.borsaistanbul.com/duyuru/11564/2016-yili-ucuncu-uc-aylik-donemi-icin-bist-pay-endeksleri-kapsaminda-yer-alacak-paylarda-degisiklik-yapilmistir,2026-08-24T03:03:26Z,bist_duyuru_11564_2016-06-17.html,20bcdea09186fea9696cfca31ecbb73d1be47f73caff32717f2bc2377da82129,78234,PRIVATE_LOCAL_RAW,PRIVATE_LOCAL_RAW:bist-membership/events/bist_duyuru_11564_2016-06-17.html,INSUFFICIENT_IDENTITY_EVIDENCE,ACQUIRED,"Reserve (yedek) list entry: an eligible substitute under rulebook art. 7, NOT a membership change and NOT a state."
EV-039,Borsa Istanbul,11564,2016 yılı üçüncü üç aylık dönemi için BIST Pay Endeksleri kapsamında yer alacak paylarda değişiklik yapılmıştır,2016-06-17,2016-07-01,2016,2016Q3,SODA,SODA SANAYİİ,ADD,XU050,SCHEDULED,https://www.borsaistanbul.com/duyuru/11564/2016-yili-ucuncu-uc-aylik-donemi-icin-bist-pay-endeksleri-kapsaminda-yer-alacak-paylarda-degisiklik-yapilmistir,2026-08-24T03:03:26Z,bist_duyuru_11564_2016-06-17.html,20bcdea09186fea9696cfca31ecbb73d1be47f73caff32717f2bc2377da82129,78234,PRIVATE_LOCAL_RAW,PRIVATE_LOCAL_RAW:bist-membership/events/bist_duyuru_11564_2016-06-17.html,INSUFFICIENT_IDENTITY_EVIDENCE,ACQUIRED,Itemised in the periodic review announcement; effective at the stated index-period start.
EV-040,Borsa Istanbul,11564,2016 yılı üçüncü üç aylık dönemi için BIST Pay Endeksleri kapsamında yer alacak paylarda değişiklik yapılmıştır,2016-06-17,2016-07-01,2016,2016Q3,FENER,FENERBAHÇE FUTBOL,ADD,XU050,SCHEDULED,https://www.borsaistanbul.com/duyuru/11564/2016-yili-ucuncu-uc-aylik-donemi-icin-bist-pay-endeksleri-kapsaminda-yer-alacak-paylarda-degisiklik-yapilmistir,2026-08-24T03:03:26Z,bist_duyuru_11564_2016-06-17.html,20bcdea09186fea9696cfca31ecbb73d1be47f73caff32717f2bc2377da82129,78234,PRIVATE_LOCAL_RAW,PRIVATE_LOCAL_RAW:bist-membership/events/bist_duyuru_11564_2016-06-17.html,INSUFFICIENT_IDENTITY_EVIDENCE,ACQUIRED,Itemised in the periodic review announcement; effective at the stated index-period start.
EV-041,Borsa Istanbul,11564,2016 yılı üçüncü üç aylık dönemi için BIST Pay Endeksleri kapsamında yer alacak paylarda değişiklik yapılmıştır,2016-06-17,2016-07-01,2016,2016Q3,KORDS,KORDSA GLOBAL,ADD,XU050,SCHEDULED,https://www.borsaistanbul.com/duyuru/11564/2016-yili-ucuncu-uc-aylik-donemi-icin-bist-pay-endeksleri-kapsaminda-yer-alacak-paylarda-degisiklik-yapilmistir,2026-08-24T03:03:26Z,bist_duyuru_11564_2016-06-17.html,20bcdea09186fea9696cfca31ecbb73d1be47f73caff32717f2bc2377da82129,78234,PRIVATE_LOCAL_RAW,PRIVATE_LOCAL_RAW:bist-membership/events/bist_duyuru_11564_2016-06-17.html,INSUFFICIENT_IDENTITY_EVIDENCE,ACQUIRED,Itemised in the periodic review announcement; effective at the stated index-period start.
EV-042,Borsa Istanbul,11564,2016 yılı üçüncü üç aylık dönemi için BIST Pay Endeksleri kapsamında yer alacak paylarda değişiklik yapılmıştır,2016-06-17,2016-07-01,2016,2016Q3,GOODY,GODD-YEAR,ADD,XU050,SCHEDULED,https://www.borsaistanbul.com/duyuru/11564/2016-yili-ucuncu-uc-aylik-donemi-icin-bist-pay-endeksleri-kapsaminda-yer-alacak-paylarda-degisiklik-yapilmistir,2026-08-24T03:03:26Z,bist_duyuru_11564_2016-06-17.html,20bcdea09186fea9696cfca31ecbb73d1be47f73caff32717f2bc2377da82129,78234,PRIVATE_LOCAL_RAW,PRIVATE_LOCAL_RAW:bist-membership/events/bist_duyuru_11564_2016-06-17.html,INSUFFICIENT_IDENTITY_EVIDENCE,ACQUIRED,Itemised in the periodic review announcement; effective at the stated index-period start.
EV-043,Borsa Istanbul,11564,2016 yılı üçüncü üç aylık dönemi için BIST Pay Endeksleri kapsamında yer alacak paylarda değişiklik yapılmıştır,2016-06-17,2016-07-01,2016,2016Q3,LOGO,LOGO YAZILIM,REMOVE,XU050,SCHEDULED,https://www.borsaistanbul.com/duyuru/11564/2016-yili-ucuncu-uc-aylik-donemi-icin-bist-pay-endeksleri-kapsaminda-yer-alacak-paylarda-degisiklik-yapilmistir,2026-08-24T03:03:26Z,bist_duyuru_11564_2016-06-17.html,20bcdea09186fea9696cfca31ecbb73d1be47f73caff32717f2bc2377da82129,78234,PRIVATE_LOCAL_RAW,PRIVATE_LOCAL_RAW:bist-membership/events/bist_duyuru_11564_2016-06-17.html,INSUFFICIENT_IDENTITY_EVIDENCE,ACQUIRED,Itemised in the periodic review announcement; effective at the stated index-period start.
EV-044,Borsa Istanbul,11564,2016 yılı üçüncü üç aylık dönemi için BIST Pay Endeksleri kapsamında yer alacak paylarda değişiklik yapılmıştır,2016-06-17,2016-07-01,2016,2016Q3,ISGYO,İŞ GMYO,REMOVE,XU050,SCHEDULED,https://www.borsaistanbul.com/duyuru/11564/2016-yili-ucuncu-uc-aylik-donemi-icin-bist-pay-endeksleri-kapsaminda-yer-alacak-paylarda-degisiklik-yapilmistir,2026-08-24T03:03:26Z,bist_duyuru_11564_2016-06-17.html,20bcdea09186fea9696cfca31ecbb73d1be47f73caff32717f2bc2377da82129,78234,PRIVATE_LOCAL_RAW,PRIVATE_LOCAL_RAW:bist-membership/events/bist_duyuru_11564_2016-06-17.html,INSUFFICIENT_IDENTITY_EVIDENCE,ACQUIRED,Itemised in the periodic review announcement; effective at the stated index-period start.
EV-045,Borsa Istanbul,11564,2016 yılı üçüncü üç aylık dönemi için BIST Pay Endeksleri kapsamında yer alacak paylarda değişiklik yapılmıştır,2016-06-17,2016-07-01,2016,2016Q3,KONYA,KONYA ÇİMENTO,REMOVE,XU050,SCHEDULED,https://www.borsaistanbul.com/duyuru/11564/2016-yili-ucuncu-uc-aylik-donemi-icin-bist-pay-endeksleri-kapsaminda-yer-alacak-paylarda-degisiklik-yapilmistir,2026-08-24T03:03:26Z,bist_duyuru_11564_2016-06-17.html,20bcdea09186fea9696cfca31ecbb73d1be47f73caff32717f2bc2377da82129,78234,PRIVATE_LOCAL_RAW,PRIVATE_LOCAL_RAW:bist-membership/events/bist_duyuru_11564_2016-06-17.html,INSUFFICIENT_IDENTITY_EVIDENCE,ACQUIRED,Itemised in the periodic review announcement; effective at the stated index-period start.
EV-046,Borsa Istanbul,11564,2016 yılı üçüncü üç aylık dönemi için BIST Pay Endeksleri kapsamında yer alacak paylarda değişiklik yapılmıştır,2016-06-17,2016-07-01,2016,2016Q3,NETAS,NETAŞ TELEKOM.,REMOVE,XU050,SCHEDULED,https://www.borsaistanbul.com/duyuru/11564/2016-yili-ucuncu-uc-aylik-donemi-icin-bist-pay-endeksleri-kapsaminda-yer-alacak-paylarda-degisiklik-yapilmistir,2026-08-24T03:03:26Z,bist_duyuru_11564_2016-06-17.html,20bcdea09186fea9696cfca31ecbb73d1be47f73caff32717f2bc2377da82129,78234,PRIVATE_LOCAL_RAW,PRIVATE_LOCAL_RAW:bist-membership/events/bist_duyuru_11564_2016-06-17.html,INSUFFICIENT_IDENTITY_EVIDENCE,ACQUIRED,Same ticker also appears in the RESERVE column of the same table in the same document.
EV-047,Borsa Istanbul,11564,2016 yılı üçüncü üç aylık dönemi için BIST Pay Endeksleri kapsamında yer alacak paylarda değişiklik yapılmıştır,2016-06-17,2016-07-01,2016,2016Q3,GOZDE,GÖZDE GRİŞİM,OTHER_MEMBERSHIP_RELEVANT,XU050,SCHEDULED,https://www.borsaistanbul.com/duyuru/11564/2016-yili-ucuncu-uc-aylik-donemi-icin-bist-pay-endeksleri-kapsaminda-yer-alacak-paylarda-degisiklik-yapilmistir,2026-08-24T03:03:26Z,bist_duyuru_11564_2016-06-17.html,20bcdea09186fea9696cfca31ecbb73d1be47f73caff32717f2bc2377da82129,78234,PRIVATE_LOCAL_RAW,PRIVATE_LOCAL_RAW:bist-membership/events/bist_duyuru_11564_2016-06-17.html,INSUFFICIENT_IDENTITY_EVIDENCE,ACQUIRED,"Reserve (yedek) list entry: an eligible substitute under rulebook art. 7, NOT a membership change and NOT a state."
EV-048,Borsa Istanbul,11564,2016 yılı üçüncü üç aylık dönemi için BIST Pay Endeksleri kapsamında yer alacak paylarda değişiklik yapılmıştır,2016-06-17,2016-07-01,2016,2016Q3,NETAS,NETAŞ TELEKOM.,OTHER_MEMBERSHIP_RELEVANT,XU050,SCHEDULED,https://www.borsaistanbul.com/duyuru/11564/2016-yili-ucuncu-uc-aylik-donemi-icin-bist-pay-endeksleri-kapsaminda-yer-alacak-paylarda-degisiklik-yapilmistir,2026-08-24T03:03:26Z,bist_duyuru_11564_2016-06-17.html,20bcdea09186fea9696cfca31ecbb73d1be47f73caff32717f2bc2377da82129,78234,PRIVATE_LOCAL_RAW,PRIVATE_LOCAL_RAW:bist-membership/events/bist_duyuru_11564_2016-06-17.html,INSUFFICIENT_IDENTITY_EVIDENCE,ACQUIRED,"Reserve (yedek) list entry: an eligible substitute under rulebook art. 7, NOT a membership change and NOT a state. Same ticker also appears in the REMOVE column of the same table in the same document."
EV-049,Borsa Istanbul,11564,2016 yılı üçüncü üç aylık dönemi için BIST Pay Endeksleri kapsamında yer alacak paylarda değişiklik yapılmıştır,2016-06-17,2016-07-01,2016,2016Q3,BIZIM,BİZİM MAĞAZALARI,OTHER_MEMBERSHIP_RELEVANT,XU050,SCHEDULED,https://www.borsaistanbul.com/duyuru/11564/2016-yili-ucuncu-uc-aylik-donemi-icin-bist-pay-endeksleri-kapsaminda-yer-alacak-paylarda-degisiklik-yapilmistir,2026-08-24T03:03:26Z,bist_duyuru_11564_2016-06-17.html,20bcdea09186fea9696cfca31ecbb73d1be47f73caff32717f2bc2377da82129,78234,PRIVATE_LOCAL_RAW,PRIVATE_LOCAL_RAW:bist-membership/events/bist_duyuru_11564_2016-06-17.html,INSUFFICIENT_IDENTITY_EVIDENCE,ACQUIRED,"Reserve (yedek) list entry: an eligible substitute under rulebook art. 7, NOT a membership change and NOT a state."
EV-050,Borsa Istanbul,11564,2016 yılı üçüncü üç aylık dönemi için BIST Pay Endeksleri kapsamında yer alacak paylarda değişiklik yapılmıştır,2016-06-17,2016-07-01,2016,2016Q3,TRKCM,TRAKYA CAM,OTHER_MEMBERSHIP_RELEVANT,XU030,SCHEDULED,https://www.borsaistanbul.com/duyuru/11564/2016-yili-ucuncu-uc-aylik-donemi-icin-bist-pay-endeksleri-kapsaminda-yer-alacak-paylarda-degisiklik-yapilmistir,2026-08-24T03:03:26Z,bist_duyuru_11564_2016-06-17.html,20bcdea09186fea9696cfca31ecbb73d1be47f73caff32717f2bc2377da82129,78234,PRIVATE_LOCAL_RAW,PRIVATE_LOCAL_RAW:bist-membership/events/bist_duyuru_11564_2016-06-17.html,INSUFFICIENT_IDENTITY_EVIDENCE,ACQUIRED,"Reserve (yedek) list entry: an eligible substitute under rulebook art. 7, NOT a membership change and NOT a state."
EV-051,Borsa Istanbul,11564,2016 yılı üçüncü üç aylık dönemi için BIST Pay Endeksleri kapsamında yer alacak paylarda değişiklik yapılmıştır,2016-06-17,2016-07-01,2016,2016Q3,VESTL,VESTEL,OTHER_MEMBERSHIP_RELEVANT,XU030,SCHEDULED,https://www.borsaistanbul.com/duyuru/11564/2016-yili-ucuncu-uc-aylik-donemi-icin-bist-pay-endeksleri-kapsaminda-yer-alacak-paylarda-degisiklik-yapilmistir,2026-08-24T03:03:26Z,bist_duyuru_11564_2016-06-17.html,20bcdea09186fea9696cfca31ecbb73d1be47f73caff32717f2bc2377da82129,78234,PRIVATE_LOCAL_RAW,PRIVATE_LOCAL_RAW:bist-membership/events/bist_duyuru_11564_2016-06-17.html,INSUFFICIENT_IDENTITY_EVIDENCE,ACQUIRED,"Reserve (yedek) list entry: an eligible substitute under rulebook art. 7, NOT a membership change and NOT a state."
EV-052,Borsa Istanbul,11532,2016 yılı dördüncü üç aylık dönemi için BIST Pay Endeksleri kapsamında yer alacak paylarda değişiklik yapılmıştır,2016-09-21,2016-10-03,2016,2016Q4,NA,NA,REVIEW_SCHEDULE,XU030;XU050;XU100,SCHEDULED,https://www.borsaistanbul.com/duyuru/11532/2016-yili-dorduncu-uc-aylik-donemi-icin-bist-pay-endeksleri-kapsaminda-yer-alacak-paylarda-degisiklik-yapilmistir,2026-08-24T03:03:26Z,bist_duyuru_11532_2016-09-21.html,5ac9f173566582e5b52811e29c380ecc3c533f204b7a8856906e6b6404892f1f,78366,PRIVATE_LOCAL_RAW,PRIVATE_LOCAL_RAW:bist-membership/events/bist_duyuru_11532_2016-09-21.html,NA,ACQUIRED,"Periodic review announcement. The document states the index period explicitly as 2016-10-03 to 2016-12-31; effective_date is that stated period start, not the publication date. Additions and removals are equal in number in every transcribed table, consistent with rulebook art. 6(c)/(d)."
EV-053,Borsa Istanbul,11532,2016 yılı dördüncü üç aylık dönemi için BIST Pay Endeksleri kapsamında yer alacak paylarda değişiklik yapılmıştır,2016-09-21,2016-10-03,2016,2016Q4,IHLAS,İHLAS HOLDİNG,ADD,XU100,SCHEDULED,https://www.borsaistanbul.com/duyuru/11532/2016-yili-dorduncu-uc-aylik-donemi-icin-bist-pay-endeksleri-kapsaminda-yer-alacak-paylarda-degisiklik-yapilmistir,2026-08-24T03:03:26Z,bist_duyuru_11532_2016-09-21.html,5ac9f173566582e5b52811e29c380ecc3c533f204b7a8856906e6b6404892f1f,78366,PRIVATE_LOCAL_RAW,PRIVATE_LOCAL_RAW:bist-membership/events/bist_duyuru_11532_2016-09-21.html,INSUFFICIENT_IDENTITY_EVIDENCE,ACQUIRED,Itemised in the periodic review announcement; effective at the stated index-period start.
EV-054,Borsa Istanbul,11532,2016 yılı dördüncü üç aylık dönemi için BIST Pay Endeksleri kapsamında yer alacak paylarda değişiklik yapılmıştır,2016-09-21,2016-10-03,2016,2016Q4,HURGZ,HÜRRİYET GZT.,ADD,XU100,SCHEDULED,https://www.borsaistanbul.com/duyuru/11532/2016-yili-dorduncu-uc-aylik-donemi-icin-bist-pay-endeksleri-kapsaminda-yer-alacak-paylarda-degisiklik-yapilmistir,2026-08-24T03:03:26Z,bist_duyuru_11532_2016-09-21.html,5ac9f173566582e5b52811e29c380ecc3c533f204b7a8856906e6b6404892f1f,78366,PRIVATE_LOCAL_RAW,PRIVATE_LOCAL_RAW:bist-membership/events/bist_duyuru_11532_2016-09-21.html,INSUFFICIENT_IDENTITY_EVIDENCE,ACQUIRED,Itemised in the periodic review announcement; effective at the stated index-period start.
EV-055,Borsa Istanbul,11532,2016 yılı dördüncü üç aylık dönemi için BIST Pay Endeksleri kapsamında yer alacak paylarda değişiklik yapılmıştır,2016-09-21,2016-10-03,2016,2016Q4,ADEL,ADEL KALEMCİLİK,REMOVE,XU100,SCHEDULED,https://www.borsaistanbul.com/duyuru/11532/2016-yili-dorduncu-uc-aylik-donemi-icin-bist-pay-endeksleri-kapsaminda-yer-alacak-paylarda-degisiklik-yapilmistir,2026-08-24T03:03:26Z,bist_duyuru_11532_2016-09-21.html,5ac9f173566582e5b52811e29c380ecc3c533f204b7a8856906e6b6404892f1f,78366,PRIVATE_LOCAL_RAW,PRIVATE_LOCAL_RAW:bist-membership/events/bist_duyuru_11532_2016-09-21.html,INSUFFICIENT_IDENTITY_EVIDENCE,ACQUIRED,Itemised in the periodic review announcement; effective at the stated index-period start.
EV-056,Borsa Istanbul,11532,2016 yılı dördüncü üç aylık dönemi için BIST Pay Endeksleri kapsamında yer alacak paylarda değişiklik yapılmıştır,2016-09-21,2016-10-03,2016,2016Q4,TKNSA,TEKNOSA İÇ VE DIŞ TİCARET,REMOVE,XU100,SCHEDULED,https://www.borsaistanbul.com/duyuru/11532/2016-yili-dorduncu-uc-aylik-donemi-icin-bist-pay-endeksleri-kapsaminda-yer-alacak-paylarda-degisiklik-yapilmistir,2026-08-24T03:03:26Z,bist_duyuru_11532_2016-09-21.html,5ac9f173566582e5b52811e29c380ecc3c533f204b7a8856906e6b6404892f1f,78366,PRIVATE_LOCAL_RAW,PRIVATE_LOCAL_RAW:bist-membership/events/bist_duyuru_11532_2016-09-21.html,INSUFFICIENT_IDENTITY_EVIDENCE,ACQUIRED,Itemised in the periodic review announcement; effective at the stated index-period start.
EV-057,Borsa Istanbul,11532,2016 yılı dördüncü üç aylık dönemi için BIST Pay Endeksleri kapsamında yer alacak paylarda değişiklik yapılmıştır,2016-09-21,2016-10-03,2016,2016Q4,SASA,SASA POLYESTER,OTHER_MEMBERSHIP_RELEVANT,XU100,SCHEDULED,https://www.borsaistanbul.com/duyuru/11532/2016-yili-dorduncu-uc-aylik-donemi-icin-bist-pay-endeksleri-kapsaminda-yer-alacak-paylarda-degisiklik-yapilmistir,2026-08-24T03:03:26Z,bist_duyuru_11532_2016-09-21.html,5ac9f173566582e5b52811e29c380ecc3c533f204b7a8856906e6b6404892f1f,78366,PRIVATE_LOCAL_RAW,PRIVATE_LOCAL_RAW:bist-membership/events/bist_duyuru_11532_2016-09-21.html,INSUFFICIENT_IDENTITY_EVIDENCE,ACQUIRED,"Reserve (yedek) list entry: an eligible substitute under rulebook art. 7, NOT a membership change and NOT a state."
EV-058,Borsa Istanbul,11532,2016 yılı dördüncü üç aylık dönemi için BIST Pay Endeksleri kapsamında yer alacak paylarda değişiklik yapılmıştır,2016-09-21,2016-10-03,2016,2016Q4,VERUS,VERUSA HOLDİNG,OTHER_MEMBERSHIP_RELEVANT,XU100,SCHEDULED,https://www.borsaistanbul.com/duyuru/11532/2016-yili-dorduncu-uc-aylik-donemi-icin-bist-pay-endeksleri-kapsaminda-yer-alacak-paylarda-degisiklik-yapilmistir,2026-08-24T03:03:26Z,bist_duyuru_11532_2016-09-21.html,5ac9f173566582e5b52811e29c380ecc3c533f204b7a8856906e6b6404892f1f,78366,PRIVATE_LOCAL_RAW,PRIVATE_LOCAL_RAW:bist-membership/events/bist_duyuru_11532_2016-09-21.html,INSUFFICIENT_IDENTITY_EVIDENCE,ACQUIRED,"Reserve (yedek) list entry: an eligible substitute under rulebook art. 7, NOT a membership change and NOT a state."
EV-059,Borsa Istanbul,11532,2016 yılı dördüncü üç aylık dönemi için BIST Pay Endeksleri kapsamında yer alacak paylarda değişiklik yapılmıştır,2016-09-21,2016-10-03,2016,2016Q4,POLHO,POLİSAN HOLDİNG,OTHER_MEMBERSHIP_RELEVANT,XU100,SCHEDULED,https://www.borsaistanbul.com/duyuru/11532/2016-yili-dorduncu-uc-aylik-donemi-icin-bist-pay-endeksleri-kapsaminda-yer-alacak-paylarda-degisiklik-yapilmistir,2026-08-24T03:03:26Z,bist_duyuru_11532_2016-09-21.html,5ac9f173566582e5b52811e29c380ecc3c533f204b7a8856906e6b6404892f1f,78366,PRIVATE_LOCAL_RAW,PRIVATE_LOCAL_RAW:bist-membership/events/bist_duyuru_11532_2016-09-21.html,INSUFFICIENT_IDENTITY_EVIDENCE,ACQUIRED,"Reserve (yedek) list entry: an eligible substitute under rulebook art. 7, NOT a membership change and NOT a state."
EV-060,Borsa Istanbul,11532,2016 yılı dördüncü üç aylık dönemi için BIST Pay Endeksleri kapsamında yer alacak paylarda değişiklik yapılmıştır,2016-09-21,2016-10-03,2016,2016Q4,PARSN,PARSAN,OTHER_MEMBERSHIP_RELEVANT,XU100,SCHEDULED,https://www.borsaistanbul.com/duyuru/11532/2016-yili-dorduncu-uc-aylik-donemi-icin-bist-pay-endeksleri-kapsaminda-yer-alacak-paylarda-degisiklik-yapilmistir,2026-08-24T03:03:26Z,bist_duyuru_11532_2016-09-21.html,5ac9f173566582e5b52811e29c380ecc3c533f204b7a8856906e6b6404892f1f,78366,PRIVATE_LOCAL_RAW,PRIVATE_LOCAL_RAW:bist-membership/events/bist_duyuru_11532_2016-09-21.html,INSUFFICIENT_IDENTITY_EVIDENCE,ACQUIRED,"Reserve (yedek) list entry: an eligible substitute under rulebook art. 7, NOT a membership change and NOT a state."
EV-061,Borsa Istanbul,11532,2016 yılı dördüncü üç aylık dönemi için BIST Pay Endeksleri kapsamında yer alacak paylarda değişiklik yapılmıştır,2016-09-21,2016-10-03,2016,2016Q4,SELEC,SELÇUK ECZA DEPOSU,OTHER_MEMBERSHIP_RELEVANT,XU100,SCHEDULED,https://www.borsaistanbul.com/duyuru/11532/2016-yili-dorduncu-uc-aylik-donemi-icin-bist-pay-endeksleri-kapsaminda-yer-alacak-paylarda-degisiklik-yapilmistir,2026-08-24T03:03:26Z,bist_duyuru_11532_2016-09-21.html,5ac9f173566582e5b52811e29c380ecc3c533f204b7a8856906e6b6404892f1f,78366,PRIVATE_LOCAL_RAW,PRIVATE_LOCAL_RAW:bist-membership/events/bist_duyuru_11532_2016-09-21.html,INSUFFICIENT_IDENTITY_EVIDENCE,ACQUIRED,"Reserve (yedek) list entry: an eligible substitute under rulebook art. 7, NOT a membership change and NOT a state."
EV-062,Borsa Istanbul,11532,2016 yılı dördüncü üç aylık dönemi için BIST Pay Endeksleri kapsamında yer alacak paylarda değişiklik yapılmıştır,2016-09-21,2016-10-03,2016,2016Q4,GOZDE,GÖZDE GİRİŞİM,OTHER_MEMBERSHIP_RELEVANT,XU050,SCHEDULED,https://www.borsaistanbul.com/duyuru/11532/2016-yili-dorduncu-uc-aylik-donemi-icin-bist-pay-endeksleri-kapsaminda-yer-alacak-paylarda-degisiklik-yapilmistir,2026-08-24T03:03:26Z,bist_duyuru_11532_2016-09-21.html,5ac9f173566582e5b52811e29c380ecc3c533f204b7a8856906e6b6404892f1f,78366,PRIVATE_LOCAL_RAW,PRIVATE_LOCAL_RAW:bist-membership/events/bist_duyuru_11532_2016-09-21.html,INSUFFICIENT_IDENTITY_EVIDENCE,ACQUIRED,"Reserve (yedek) list entry: an eligible substitute under rulebook art. 7, NOT a membership change and NOT a state."
EV-063,Borsa Istanbul,11532,2016 yılı dördüncü üç aylık dönemi için BIST Pay Endeksleri kapsamında yer alacak paylarda değişiklik yapılmıştır,2016-09-21,2016-10-03,2016,2016Q4,ALARK,ALARKO HOLDİNG,OTHER_MEMBERSHIP_RELEVANT,XU050,SCHEDULED,https://www.borsaistanbul.com/duyuru/11532/2016-yili-dorduncu-uc-aylik-donemi-icin-bist-pay-endeksleri-kapsaminda-yer-alacak-paylarda-degisiklik-yapilmistir,2026-08-24T03:03:26Z,bist_duyuru_11532_2016-09-21.html,5ac9f173566582e5b52811e29c380ecc3c533f204b7a8856906e6b6404892f1f,78366,PRIVATE_LOCAL_RAW,PRIVATE_LOCAL_RAW:bist-membership/events/bist_duyuru_11532_2016-09-21.html,INSUFFICIENT_IDENTITY_EVIDENCE,ACQUIRED,"Reserve (yedek) list entry: an eligible substitute under rulebook art. 7, NOT a membership change and NOT a state."
EV-064,Borsa Istanbul,11532,2016 yılı dördüncü üç aylık dönemi için BIST Pay Endeksleri kapsamında yer alacak paylarda değişiklik yapılmıştır,2016-09-21,2016-10-03,2016,2016Q4,TTRAK,TÜRK TRAKTÖR,OTHER_MEMBERSHIP_RELEVANT,XU050,SCHEDULED,https://www.borsaistanbul.com/duyuru/11532/2016-yili-dorduncu-uc-aylik-donemi-icin-bist-pay-endeksleri-kapsaminda-yer-alacak-paylarda-degisiklik-yapilmistir,2026-08-24T03:03:26Z,bist_duyuru_11532_2016-09-21.html,5ac9f173566582e5b52811e29c380ecc3c533f204b7a8856906e6b6404892f1f,78366,PRIVATE_LOCAL_RAW,PRIVATE_LOCAL_RAW:bist-membership/events/bist_duyuru_11532_2016-09-21.html,INSUFFICIENT_IDENTITY_EVIDENCE,ACQUIRED,"Reserve (yedek) list entry: an eligible substitute under rulebook art. 7, NOT a membership change and NOT a state."
EV-065,Borsa Istanbul,11532,2016 yılı dördüncü üç aylık dönemi için BIST Pay Endeksleri kapsamında yer alacak paylarda değişiklik yapılmıştır,2016-09-21,2016-10-03,2016,2016Q4,SODA,SODA SANAYİİ,ADD,XU030,SCHEDULED,https://www.borsaistanbul.com/duyuru/11532/2016-yili-dorduncu-uc-aylik-donemi-icin-bist-pay-endeksleri-kapsaminda-yer-alacak-paylarda-degisiklik-yapilmistir,2026-08-24T03:03:26Z,bist_duyuru_11532_2016-09-21.html,5ac9f173566582e5b52811e29c380ecc3c533f204b7a8856906e6b6404892f1f,78366,PRIVATE_LOCAL_RAW,PRIVATE_LOCAL_RAW:bist-membership/events/bist_duyuru_11532_2016-09-21.html,INSUFFICIENT_IDENTITY_EVIDENCE,ACQUIRED,Itemised in the periodic review announcement; effective at the stated index-period start.
EV-066,Borsa Istanbul,11532,2016 yılı dördüncü üç aylık dönemi için BIST Pay Endeksleri kapsamında yer alacak paylarda değişiklik yapılmıştır,2016-09-21,2016-10-03,2016,2016Q4,PGSUS,PEGASUS,REMOVE,XU030,SCHEDULED,https://www.borsaistanbul.com/duyuru/11532/2016-yili-dorduncu-uc-aylik-donemi-icin-bist-pay-endeksleri-kapsaminda-yer-alacak-paylarda-degisiklik-yapilmistir,2026-08-24T03:03:26Z,bist_duyuru_11532_2016-09-21.html,5ac9f173566582e5b52811e29c380ecc3c533f204b7a8856906e6b6404892f1f,78366,PRIVATE_LOCAL_RAW,PRIVATE_LOCAL_RAW:bist-membership/events/bist_duyuru_11532_2016-09-21.html,INSUFFICIENT_IDENTITY_EVIDENCE,ACQUIRED,Itemised in the periodic review announcement; effective at the stated index-period start.
EV-067,Borsa Istanbul,11532,2016 yılı dördüncü üç aylık dönemi için BIST Pay Endeksleri kapsamında yer alacak paylarda değişiklik yapılmıştır,2016-09-21,2016-10-03,2016,2016Q4,DOHOL,DOĞAN HOLDİNG,OTHER_MEMBERSHIP_RELEVANT,XU030,SCHEDULED,https://www.borsaistanbul.com/duyuru/11532/2016-yili-dorduncu-uc-aylik-donemi-icin-bist-pay-endeksleri-kapsaminda-yer-alacak-paylarda-degisiklik-yapilmistir,2026-08-24T03:03:26Z,bist_duyuru_11532_2016-09-21.html,5ac9f173566582e5b52811e29c380ecc3c533f204b7a8856906e6b6404892f1f,78366,PRIVATE_LOCAL_RAW,PRIVATE_LOCAL_RAW:bist-membership/events/bist_duyuru_11532_2016-09-21.html,INSUFFICIENT_IDENTITY_EVIDENCE,ACQUIRED,"Reserve (yedek) list entry: an eligible substitute under rulebook art. 7, NOT a membership change and NOT a state."
EV-068,Borsa Istanbul,11532,2016 yılı dördüncü üç aylık dönemi için BIST Pay Endeksleri kapsamında yer alacak paylarda değişiklik yapılmıştır,2016-09-21,2016-10-03,2016,2016Q4,TRKCM,TRAKYA CAM,OTHER_MEMBERSHIP_RELEVANT,XU030,SCHEDULED,https://www.borsaistanbul.com/duyuru/11532/2016-yili-dorduncu-uc-aylik-donemi-icin-bist-pay-endeksleri-kapsaminda-yer-alacak-paylarda-degisiklik-yapilmistir,2026-08-24T03:03:26Z,bist_duyuru_11532_2016-09-21.html,5ac9f173566582e5b52811e29c380ecc3c533f204b7a8856906e6b6404892f1f,78366,PRIVATE_LOCAL_RAW,PRIVATE_LOCAL_RAW:bist-membership/events/bist_duyuru_11532_2016-09-21.html,INSUFFICIENT_IDENTITY_EVIDENCE,ACQUIRED,"Reserve (yedek) list entry: an eligible substitute under rulebook art. 7, NOT a membership change and NOT a state."
EV-069,Borsa Istanbul,11511,2017 yılı birinci üç aylık dönemi için BIST Pay Endeksleri kapsamında yer alacak paylarda değişiklik yapılmıştır,2016-12-14,2017-01-02,2017,2017Q1,NA,NA,REVIEW_SCHEDULE,XU030;XU050;XU100,SCHEDULED,https://www.borsaistanbul.com/duyuru/11511/2017-yili-birinci-uc-aylik-donemi-icin-bist-pay-endeksleri-kapsaminda-yer-alacak-paylarda-degisiklik-yapilmistir,2026-08-24T03:03:26Z,bist_duyuru_11511_2016-12-14.html,79c5f6bc4ce53ab057dbff34cc0acb9f1c645fdbc2968e7e4686f135c4d987f4,78626,PRIVATE_LOCAL_RAW,PRIVATE_LOCAL_RAW:bist-membership/events/bist_duyuru_11511_2016-12-14.html,NA,ACQUIRED,"Periodic review announcement. The document states the index period explicitly as 2017-01-02 to 2017-03-31; effective_date is that stated period start, not the publication date. Additions and removals are equal in number in every transcribed table, consistent with rulebook art. 6(c)/(d)."
EV-070,Borsa Istanbul,11511,2017 yılı birinci üç aylık dönemi için BIST Pay Endeksleri kapsamında yer alacak paylarda değişiklik yapılmıştır,2016-12-14,2017-01-02,2017,2017Q1,SELEC,SELÇUK ECZA DEPOSU,ADD,XU100,SCHEDULED,https://www.borsaistanbul.com/duyuru/11511/2017-yili-birinci-uc-aylik-donemi-icin-bist-pay-endeksleri-kapsaminda-yer-alacak-paylarda-degisiklik-yapilmistir,2026-08-24T03:03:26Z,bist_duyuru_11511_2016-12-14.html,79c5f6bc4ce53ab057dbff34cc0acb9f1c645fdbc2968e7e4686f135c4d987f4,78626,PRIVATE_LOCAL_RAW,PRIVATE_LOCAL_RAW:bist-membership/events/bist_duyuru_11511_2016-12-14.html,INSUFFICIENT_IDENTITY_EVIDENCE,ACQUIRED,Itemised in the periodic review announcement; effective at the stated index-period start.
EV-071,Borsa Istanbul,11511,2017 yılı birinci üç aylık dönemi için BIST Pay Endeksleri kapsamında yer alacak paylarda değişiklik yapılmıştır,2016-12-14,2017-01-02,2017,2017Q1,VERUS,VERUSA HOLDİNG,ADD,XU100,SCHEDULED,https://www.borsaistanbul.com/duyuru/11511/2017-yili-birinci-uc-aylik-donemi-icin-bist-pay-endeksleri-kapsaminda-yer-alacak-paylarda-degisiklik-yapilmistir,2026-08-24T03:03:26Z,bist_duyuru_11511_2016-12-14.html,79c5f6bc4ce53ab057dbff34cc0acb9f1c645fdbc2968e7e4686f135c4d987f4,78626,PRIVATE_LOCAL_RAW,PRIVATE_LOCAL_RAW:bist-membership/events/bist_duyuru_11511_2016-12-14.html,INSUFFICIENT_IDENTITY_EVIDENCE,ACQUIRED,Itemised in the periodic review announcement; effective at the stated index-period start.
EV-072,Borsa Istanbul,11511,2017 yılı birinci üç aylık dönemi için BIST Pay Endeksleri kapsamında yer alacak paylarda değişiklik yapılmıştır,2016-12-14,2017-01-02,2017,2017Q1,ALKIM,ALKİM KİMYA,ADD,XU100,SCHEDULED,https://www.borsaistanbul.com/duyuru/11511/2017-yili-birinci-uc-aylik-donemi-icin-bist-pay-endeksleri-kapsaminda-yer-alacak-paylarda-degisiklik-yapilmistir,2026-08-24T03:03:26Z,bist_duyuru_11511_2016-12-14.html,79c5f6bc4ce53ab057dbff34cc0acb9f1c645fdbc2968e7e4686f135c4d987f4,78626,PRIVATE_LOCAL_RAW,PRIVATE_LOCAL_RAW:bist-membership/events/bist_duyuru_11511_2016-12-14.html,INSUFFICIENT_IDENTITY_EVIDENCE,ACQUIRED,Itemised in the periodic review announcement; effective at the stated index-period start.
EV-073,Borsa Istanbul,11511,2017 yılı birinci üç aylık dönemi için BIST Pay Endeksleri kapsamında yer alacak paylarda değişiklik yapılmıştır,2016-12-14,2017-01-02,2017,2017Q1,CEMTS,ÇEMTAŞ,ADD,XU100,SCHEDULED,https://www.borsaistanbul.com/duyuru/11511/2017-yili-birinci-uc-aylik-donemi-icin-bist-pay-endeksleri-kapsaminda-yer-alacak-paylarda-degisiklik-yapilmistir,2026-08-24T03:03:26Z,bist_duyuru_11511_2016-12-14.html,79c5f6bc4ce53ab057dbff34cc0acb9f1c645fdbc2968e7e4686f135c4d987f4,78626,PRIVATE_LOCAL_RAW,PRIVATE_LOCAL_RAW:bist-membership/events/bist_duyuru_11511_2016-12-14.html,INSUFFICIENT_IDENTITY_EVIDENCE,ACQUIRED,Itemised in the periodic review announcement; effective at the stated index-period start.
EV-074,Borsa Istanbul,11511,2017 yılı birinci üç aylık dönemi için BIST Pay Endeksleri kapsamında yer alacak paylarda değişiklik yapılmıştır,2016-12-14,2017-01-02,2017,2017Q1,POLHO,POLİSAN HOLDİNG,ADD,XU100,SCHEDULED,https://www.borsaistanbul.com/duyuru/11511/2017-yili-birinci-uc-aylik-donemi-icin-bist-pay-endeksleri-kapsaminda-yer-alacak-paylarda-degisiklik-yapilmistir,2026-08-24T03:03:26Z,bist_duyuru_11511_2016-12-14.html,79c5f6bc4ce53ab057dbff34cc0acb9f1c645fdbc2968e7e4686f135c4d987f4,78626,PRIVATE_LOCAL_RAW,PRIVATE_LOCAL_RAW:bist-membership/events/bist_duyuru_11511_2016-12-14.html,INSUFFICIENT_IDENTITY_EVIDENCE,ACQUIRED,Itemised in the periodic review announcement; effective at the stated index-period start.
EV-075,Borsa Istanbul,11511,2017 yılı birinci üç aylık dönemi için BIST Pay Endeksleri kapsamında yer alacak paylarda değişiklik yapılmıştır,2016-12-14,2017-01-02,2017,2017Q1,SKBNK,ŞEKERBANK,REMOVE,XU100,SCHEDULED,https://www.borsaistanbul.com/duyuru/11511/2017-yili-birinci-uc-aylik-donemi-icin-bist-pay-endeksleri-kapsaminda-yer-alacak-paylarda-degisiklik-yapilmistir,2026-08-24T03:03:26Z,bist_duyuru_11511_2016-12-14.html,79c5f6bc4ce53ab057dbff34cc0acb9f1c645fdbc2968e7e4686f135c4d987f4,78626,PRIVATE_LOCAL_RAW,PRIVATE_LOCAL_RAW:bist-membership/events/bist_duyuru_11511_2016-12-14.html,INSUFFICIENT_IDENTITY_EVIDENCE,ACQUIRED,Itemised in the periodic review announcement; effective at the stated index-period start.
EV-076,Borsa Istanbul,11511,2017 yılı birinci üç aylık dönemi için BIST Pay Endeksleri kapsamında yer alacak paylarda değişiklik yapılmıştır,2016-12-14,2017-01-02,2017,2017Q1,GLYHO,GLOBAL YAT. HOLDİNG,REMOVE,XU100,SCHEDULED,https://www.borsaistanbul.com/duyuru/11511/2017-yili-birinci-uc-aylik-donemi-icin-bist-pay-endeksleri-kapsaminda-yer-alacak-paylarda-degisiklik-yapilmistir,2026-08-24T03:03:26Z,bist_duyuru_11511_2016-12-14.html,79c5f6bc4ce53ab057dbff34cc0acb9f1c645fdbc2968e7e4686f135c4d987f4,78626,PRIVATE_LOCAL_RAW,PRIVATE_LOCAL_RAW:bist-membership/events/bist_duyuru_11511_2016-12-14.html,INSUFFICIENT_IDENTITY_EVIDENCE,ACQUIRED,Itemised in the periodic review announcement; effective at the stated index-period start.
EV-077,Borsa Istanbul,11511,2017 yılı birinci üç aylık dönemi için BIST Pay Endeksleri kapsamında yer alacak paylarda değişiklik yapılmıştır,2016-12-14,2017-01-02,2017,2017Q1,TRCAS,TURCAS PETROL,REMOVE,XU100,SCHEDULED,https://www.borsaistanbul.com/duyuru/11511/2017-yili-birinci-uc-aylik-donemi-icin-bist-pay-endeksleri-kapsaminda-yer-alacak-paylarda-degisiklik-yapilmistir,2026-08-24T03:03:26Z,bist_duyuru_11511_2016-12-14.html,79c5f6bc4ce53ab057dbff34cc0acb9f1c645fdbc2968e7e4686f135c4d987f4,78626,PRIVATE_LOCAL_RAW,PRIVATE_LOCAL_RAW:bist-membership/events/bist_duyuru_11511_2016-12-14.html,INSUFFICIENT_IDENTITY_EVIDENCE,ACQUIRED,Itemised in the periodic review announcement; effective at the stated index-period start.
EV-078,Borsa Istanbul,11511,2017 yılı birinci üç aylık dönemi için BIST Pay Endeksleri kapsamında yer alacak paylarda değişiklik yapılmıştır,2016-12-14,2017-01-02,2017,2017Q1,HURGZ,HÜRRİYET GZT.,REMOVE,XU100,SCHEDULED,https://www.borsaistanbul.com/duyuru/11511/2017-yili-birinci-uc-aylik-donemi-icin-bist-pay-endeksleri-kapsaminda-yer-alacak-paylarda-degisiklik-yapilmistir,2026-08-24T03:03:26Z,bist_duyuru_11511_2016-12-14.html,79c5f6bc4ce53ab057dbff34cc0acb9f1c645fdbc2968e7e4686f135c4d987f4,78626,PRIVATE_LOCAL_RAW,PRIVATE_LOCAL_RAW:bist-membership/events/bist_duyuru_11511_2016-12-14.html,INSUFFICIENT_IDENTITY_EVIDENCE,ACQUIRED,Itemised in the periodic review announcement; effective at the stated index-period start.
EV-079,Borsa Istanbul,11511,2017 yılı birinci üç aylık dönemi için BIST Pay Endeksleri kapsamında yer alacak paylarda değişiklik yapılmıştır,2016-12-14,2017-01-02,2017,2017Q1,ALCTL,ALCATEL LUCENT TELETAŞ,REMOVE,XU100,SCHEDULED,https://www.borsaistanbul.com/duyuru/11511/2017-yili-birinci-uc-aylik-donemi-icin-bist-pay-endeksleri-kapsaminda-yer-alacak-paylarda-degisiklik-yapilmistir,2026-08-24T03:03:26Z,bist_duyuru_11511_2016-12-14.html,79c5f6bc4ce53ab057dbff34cc0acb9f1c645fdbc2968e7e4686f135c4d987f4,78626,PRIVATE_LOCAL_RAW,PRIVATE_LOCAL_RAW:bist-membership/events/bist_duyuru_11511_2016-12-14.html,INSUFFICIENT_IDENTITY_EVIDENCE,ACQUIRED,Same ticker also appears in the RESERVE column of the same table in the same document.
EV-080,Borsa Istanbul,11511,2017 yılı birinci üç aylık dönemi için BIST Pay Endeksleri kapsamında yer alacak paylarda değişiklik yapılmıştır,2016-12-14,2017-01-02,2017,2017Q1,SASA,SASA POLYESTER,OTHER_MEMBERSHIP_RELEVANT,XU100,SCHEDULED,https://www.borsaistanbul.com/duyuru/11511/2017-yili-birinci-uc-aylik-donemi-icin-bist-pay-endeksleri-kapsaminda-yer-alacak-paylarda-degisiklik-yapilmistir,2026-08-24T03:03:26Z,bist_duyuru_11511_2016-12-14.html,79c5f6bc4ce53ab057dbff34cc0acb9f1c645fdbc2968e7e4686f135c4d987f4,78626,PRIVATE_LOCAL_RAW,PRIVATE_LOCAL_RAW:bist-membership/events/bist_duyuru_11511_2016-12-14.html,INSUFFICIENT_IDENTITY_EVIDENCE,ACQUIRED,"Reserve (yedek) list entry: an eligible substitute under rulebook art. 7, NOT a membership change and NOT a state."
EV-081,Borsa Istanbul,11511,2017 yılı birinci üç aylık dönemi için BIST Pay Endeksleri kapsamında yer alacak paylarda değişiklik yapılmıştır,2016-12-14,2017-01-02,2017,2017Q1,MRDIN,MARDİN ÇİMENTO,OTHER_MEMBERSHIP_RELEVANT,XU100,SCHEDULED,https://www.borsaistanbul.com/duyuru/11511/2017-yili-birinci-uc-aylik-donemi-icin-bist-pay-endeksleri-kapsaminda-yer-alacak-paylarda-degisiklik-yapilmistir,2026-08-24T03:03:26Z,bist_duyuru_11511_2016-12-14.html,79c5f6bc4ce53ab057dbff34cc0acb9f1c645fdbc2968e7e4686f135c4d987f4,78626,PRIVATE_LOCAL_RAW,PRIVATE_LOCAL_RAW:bist-membership/events/bist_duyuru_11511_2016-12-14.html,INSUFFICIENT_IDENTITY_EVIDENCE,ACQUIRED,"Reserve (yedek) list entry: an eligible substitute under rulebook art. 7, NOT a membership change and NOT a state."
EV-082,Borsa Istanbul,11511,2017 yılı birinci üç aylık dönemi için BIST Pay Endeksleri kapsamında yer alacak paylarda değişiklik yapılmıştır,2016-12-14,2017-01-02,2017,2017Q1,BANVT,BANVİT,OTHER_MEMBERSHIP_RELEVANT,XU100,SCHEDULED,https://www.borsaistanbul.com/duyuru/11511/2017-yili-birinci-uc-aylik-donemi-icin-bist-pay-endeksleri-kapsaminda-yer-alacak-paylarda-degisiklik-yapilmistir,2026-08-24T03:03:26Z,bist_duyuru_11511_2016-12-14.html,79c5f6bc4ce53ab057dbff34cc0acb9f1c645fdbc2968e7e4686f135c4d987f4,78626,PRIVATE_LOCAL_RAW,PRIVATE_LOCAL_RAW:bist-membership/events/bist_duyuru_11511_2016-12-14.html,INSUFFICIENT_IDENTITY_EVIDENCE,ACQUIRED,"Reserve (yedek) list entry: an eligible substitute under rulebook art. 7, NOT a membership change and NOT a state."
EV-083,Borsa Istanbul,11511,2017 yılı birinci üç aylık dönemi için BIST Pay Endeksleri kapsamında yer alacak paylarda değişiklik yapılmıştır,2016-12-14,2017-01-02,2017,2017Q1,ALCTL,ALCATEL LUCENT TELETAŞ,OTHER_MEMBERSHIP_RELEVANT,XU100,SCHEDULED,https://www.borsaistanbul.com/duyuru/11511/2017-yili-birinci-uc-aylik-donemi-icin-bist-pay-endeksleri-kapsaminda-yer-alacak-paylarda-degisiklik-yapilmistir,2026-08-24T03:03:26Z,bist_duyuru_11511_2016-12-14.html,79c5f6bc4ce53ab057dbff34cc0acb9f1c645fdbc2968e7e4686f135c4d987f4,78626,PRIVATE_LOCAL_RAW,PRIVATE_LOCAL_RAW:bist-membership/events/bist_duyuru_11511_2016-12-14.html,INSUFFICIENT_IDENTITY_EVIDENCE,ACQUIRED,"Reserve (yedek) list entry: an eligible substitute under rulebook art. 7, NOT a membership change and NOT a state. Same ticker also appears in the REMOVE column of the same table in the same document."
EV-084,Borsa Istanbul,11511,2017 yılı birinci üç aylık dönemi için BIST Pay Endeksleri kapsamında yer alacak paylarda değişiklik yapılmıştır,2016-12-14,2017-01-02,2017,2017Q1,BUCIM,BURSA ÇİMENTO,OTHER_MEMBERSHIP_RELEVANT,XU100,SCHEDULED,https://www.borsaistanbul.com/duyuru/11511/2017-yili-birinci-uc-aylik-donemi-icin-bist-pay-endeksleri-kapsaminda-yer-alacak-paylarda-degisiklik-yapilmistir,2026-08-24T03:03:26Z,bist_duyuru_11511_2016-12-14.html,79c5f6bc4ce53ab057dbff34cc0acb9f1c645fdbc2968e7e4686f135c4d987f4,78626,PRIVATE_LOCAL_RAW,PRIVATE_LOCAL_RAW:bist-membership/events/bist_duyuru_11511_2016-12-14.html,INSUFFICIENT_IDENTITY_EVIDENCE,ACQUIRED,"Reserve (yedek) list entry: an eligible substitute under rulebook art. 7, NOT a membership change and NOT a state."
EV-085,Borsa Istanbul,11511,2017 yılı birinci üç aylık dönemi için BIST Pay Endeksleri kapsamında yer alacak paylarda değişiklik yapılmıştır,2016-12-14,2017-01-02,2017,2017Q1,KOZAA,KOZA MADENCİLİK,ADD,XU050,SCHEDULED,https://www.borsaistanbul.com/duyuru/11511/2017-yili-birinci-uc-aylik-donemi-icin-bist-pay-endeksleri-kapsaminda-yer-alacak-paylarda-degisiklik-yapilmistir,2026-08-24T03:03:26Z,bist_duyuru_11511_2016-12-14.html,79c5f6bc4ce53ab057dbff34cc0acb9f1c645fdbc2968e7e4686f135c4d987f4,78626,PRIVATE_LOCAL_RAW,PRIVATE_LOCAL_RAW:bist-membership/events/bist_duyuru_11511_2016-12-14.html,INSUFFICIENT_IDENTITY_EVIDENCE,ACQUIRED,Itemised in the periodic review announcement; effective at the stated index-period start.
EV-086,Borsa Istanbul,11511,2017 yılı birinci üç aylık dönemi için BIST Pay Endeksleri kapsamında yer alacak paylarda değişiklik yapılmıştır,2016-12-14,2017-01-02,2017,2017Q1,ALARK,ALARKO HOLDİNG,ADD,XU050,SCHEDULED,https://www.borsaistanbul.com/duyuru/11511/2017-yili-birinci-uc-aylik-donemi-icin-bist-pay-endeksleri-kapsaminda-yer-alacak-paylarda-degisiklik-yapilmistir,2026-08-24T03:03:26Z,bist_duyuru_11511_2016-12-14.html,79c5f6bc4ce53ab057dbff34cc0acb9f1c645fdbc2968e7e4686f135c4d987f4,78626,PRIVATE_LOCAL_RAW,PRIVATE_LOCAL_RAW:bist-membership/events/bist_duyuru_11511_2016-12-14.html,INSUFFICIENT_IDENTITY_EVIDENCE,ACQUIRED,Itemised in the periodic review announcement; effective at the stated index-period start.
EV-087,Borsa Istanbul,11511,2017 yılı birinci üç aylık dönemi için BIST Pay Endeksleri kapsamında yer alacak paylarda değişiklik yapılmıştır,2016-12-14,2017-01-02,2017,2017Q1,NETAS,NETAŞ TELEKOM.,ADD,XU050,SCHEDULED,https://www.borsaistanbul.com/duyuru/11511/2017-yili-birinci-uc-aylik-donemi-icin-bist-pay-endeksleri-kapsaminda-yer-alacak-paylarda-degisiklik-yapilmistir,2026-08-24T03:03:26Z,bist_duyuru_11511_2016-12-14.html,79c5f6bc4ce53ab057dbff34cc0acb9f1c645fdbc2968e7e4686f135c4d987f4,78626,PRIVATE_LOCAL_RAW,PRIVATE_LOCAL_RAW:bist-membership/events/bist_duyuru_11511_2016-12-14.html,INSUFFICIENT_IDENTITY_EVIDENCE,ACQUIRED,Itemised in the periodic review announcement; effective at the stated index-period start.
EV-088,Borsa Istanbul,11511,2017 yılı birinci üç aylık dönemi için BIST Pay Endeksleri kapsamında yer alacak paylarda değişiklik yapılmıştır,2016-12-14,2017-01-02,2017,2017Q1,TATGD,TAT GIDA,REMOVE,XU050,SCHEDULED,https://www.borsaistanbul.com/duyuru/11511/2017-yili-birinci-uc-aylik-donemi-icin-bist-pay-endeksleri-kapsaminda-yer-alacak-paylarda-degisiklik-yapilmistir,2026-08-24T03:03:26Z,bist_duyuru_11511_2016-12-14.html,79c5f6bc4ce53ab057dbff34cc0acb9f1c645fdbc2968e7e4686f135c4d987f4,78626,PRIVATE_LOCAL_RAW,PRIVATE_LOCAL_RAW:bist-membership/events/bist_duyuru_11511_2016-12-14.html,INSUFFICIENT_IDENTITY_EVIDENCE,ACQUIRED,Itemised in the periodic review announcement; effective at the stated index-period start.
EV-089,Borsa Istanbul,11511,2017 yılı birinci üç aylık dönemi için BIST Pay Endeksleri kapsamında yer alacak paylarda değişiklik yapılmıştır,2016-12-14,2017-01-02,2017,2017Q1,BAGFS,BAGFAŞ,REMOVE,XU050,SCHEDULED,https://www.borsaistanbul.com/duyuru/11511/2017-yili-birinci-uc-aylik-donemi-icin-bist-pay-endeksleri-kapsaminda-yer-alacak-paylarda-degisiklik-yapilmistir,2026-08-24T03:03:26Z,bist_duyuru_11511_2016-12-14.html,79c5f6bc4ce53ab057dbff34cc0acb9f1c645fdbc2968e7e4686f135c4d987f4,78626,PRIVATE_LOCAL_RAW,PRIVATE_LOCAL_RAW:bist-membership/events/bist_duyuru_11511_2016-12-14.html,INSUFFICIENT_IDENTITY_EVIDENCE,ACQUIRED,Itemised in the periodic review announcement; effective at the stated index-period start.
EV-090,Borsa Istanbul,11511,2017 yılı birinci üç aylık dönemi için BIST Pay Endeksleri kapsamında yer alacak paylarda değişiklik yapılmıştır,2016-12-14,2017-01-02,2017,2017Q1,EGEEN,EGE ENDÜSTRİ,REMOVE,XU050,SCHEDULED,https://www.borsaistanbul.com/duyuru/11511/2017-yili-birinci-uc-aylik-donemi-icin-bist-pay-endeksleri-kapsaminda-yer-alacak-paylarda-degisiklik-yapilmistir,2026-08-24T03:03:26Z,bist_duyuru_11511_2016-12-14.html,79c5f6bc4ce53ab057dbff34cc0acb9f1c645fdbc2968e7e4686f135c4d987f4,78626,PRIVATE_LOCAL_RAW,PRIVATE_LOCAL_RAW:bist-membership/events/bist_duyuru_11511_2016-12-14.html,INSUFFICIENT_IDENTITY_EVIDENCE,ACQUIRED,Itemised in the periodic review announcement; effective at the stated index-period start.
EV-091,Borsa Istanbul,11511,2017 yılı birinci üç aylık dönemi için BIST Pay Endeksleri kapsamında yer alacak paylarda değişiklik yapılmıştır,2016-12-14,2017-01-02,2017,2017Q1,TMSN,TÜMOSAN MOTOR VE TRAKTÖR,OTHER_MEMBERSHIP_RELEVANT,XU050,SCHEDULED,https://www.borsaistanbul.com/duyuru/11511/2017-yili-birinci-uc-aylik-donemi-icin-bist-pay-endeksleri-kapsaminda-yer-alacak-paylarda-degisiklik-yapilmistir,2026-08-24T03:03:26Z,bist_duyuru_11511_2016-12-14.html,79c5f6bc4ce53ab057dbff34cc0acb9f1c645fdbc2968e7e4686f135c4d987f4,78626,PRIVATE_LOCAL_RAW,PRIVATE_LOCAL_RAW:bist-membership/events/bist_duyuru_11511_2016-12-14.html,INSUFFICIENT_IDENTITY_EVIDENCE,ACQUIRED,"Reserve (yedek) list entry: an eligible substitute under rulebook art. 7, NOT a membership change and NOT a state."
EV-092,Borsa Istanbul,11511,2017 yılı birinci üç aylık dönemi için BIST Pay Endeksleri kapsamında yer alacak paylarda değişiklik yapılmıştır,2016-12-14,2017-01-02,2017,2017Q1,IPEKE,İPEK DOĞAL ENERJİ,OTHER_MEMBERSHIP_RELEVANT,XU050,SCHEDULED,https://www.borsaistanbul.com/duyuru/11511/2017-yili-birinci-uc-aylik-donemi-icin-bist-pay-endeksleri-kapsaminda-yer-alacak-paylarda-degisiklik-yapilmistir,2026-08-24T03:03:26Z,bist_duyuru_11511_2016-12-14.html,79c5f6bc4ce53ab057dbff34cc0acb9f1c645fdbc2968e7e4686f135c4d987f4,78626,PRIVATE_LOCAL_RAW,PRIVATE_LOCAL_RAW:bist-membership/events/bist_duyuru_11511_2016-12-14.html,INSUFFICIENT_IDENTITY_EVIDENCE,ACQUIRED,"Reserve (yedek) list entry: an eligible substitute under rulebook art. 7, NOT a membership change and NOT a state."
EV-093,Borsa Istanbul,11511,2017 yılı birinci üç aylık dönemi için BIST Pay Endeksleri kapsamında yer alacak paylarda değişiklik yapılmıştır,2016-12-14,2017-01-02,2017,2017Q1,GSRAY,GALATASARAY SPORTİF,OTHER_MEMBERSHIP_RELEVANT,XU050,SCHEDULED,https://www.borsaistanbul.com/duyuru/11511/2017-yili-birinci-uc-aylik-donemi-icin-bist-pay-endeksleri-kapsaminda-yer-alacak-paylarda-degisiklik-yapilmistir,2026-08-24T03:03:26Z,bist_duyuru_11511_2016-12-14.html,79c5f6bc4ce53ab057dbff34cc0acb9f1c645fdbc2968e7e4686f135c4d987f4,78626,PRIVATE_LOCAL_RAW,PRIVATE_LOCAL_RAW:bist-membership/events/bist_duyuru_11511_2016-12-14.html,INSUFFICIENT_IDENTITY_EVIDENCE,ACQUIRED,"Reserve (yedek) list entry: an eligible substitute under rulebook art. 7, NOT a membership change and NOT a state."
EV-094,Borsa Istanbul,11511,2017 yılı birinci üç aylık dönemi için BIST Pay Endeksleri kapsamında yer alacak paylarda değişiklik yapılmıştır,2016-12-14,2017-01-02,2017,2017Q1,DOHOL,DOĞAN HOLDİNG,ADD,XU030,SCHEDULED,https://www.borsaistanbul.com/duyuru/11511/2017-yili-birinci-uc-aylik-donemi-icin-bist-pay-endeksleri-kapsaminda-yer-alacak-paylarda-degisiklik-yapilmistir,2026-08-24T03:03:26Z,bist_duyuru_11511_2016-12-14.html,79c5f6bc4ce53ab057dbff34cc0acb9f1c645fdbc2968e7e4686f135c4d987f4,78626,PRIVATE_LOCAL_RAW,PRIVATE_LOCAL_RAW:bist-membership/events/bist_duyuru_11511_2016-12-14.html,INSUFFICIENT_IDENTITY_EVIDENCE,ACQUIRED,Itemised in the periodic review announcement; effective at the stated index-period start.
EV-095,Borsa Istanbul,11511,2017 yılı birinci üç aylık dönemi için BIST Pay Endeksleri kapsamında yer alacak paylarda değişiklik yapılmıştır,2016-12-14,2017-01-02,2017,2017Q1,DOAS,DOĞUŞ OTOMOTİV,REMOVE,XU030,SCHEDULED,https://www.borsaistanbul.com/duyuru/11511/2017-yili-birinci-uc-aylik-donemi-icin-bist-pay-endeksleri-kapsaminda-yer-alacak-paylarda-degisiklik-yapilmistir,2026-08-24T03:03:26Z,bist_duyuru_11511_2016-12-14.html,79c5f6bc4ce53ab057dbff34cc0acb9f1c645fdbc2968e7e4686f135c4d987f4,78626,PRIVATE_LOCAL_RAW,PRIVATE_LOCAL_RAW:bist-membership/events/bist_duyuru_11511_2016-12-14.html,INSUFFICIENT_IDENTITY_EVIDENCE,ACQUIRED,Itemised in the periodic review announcement; effective at the stated index-period start.
EV-096,Borsa Istanbul,11511,2017 yılı birinci üç aylık dönemi için BIST Pay Endeksleri kapsamında yer alacak paylarda değişiklik yapılmıştır,2016-12-14,2017-01-02,2017,2017Q1,ASELS,ASELSAN,OTHER_MEMBERSHIP_RELEVANT,XU030,SCHEDULED,https://www.borsaistanbul.com/duyuru/11511/2017-yili-birinci-uc-aylik-donemi-icin-bist-pay-endeksleri-kapsaminda-yer-alacak-paylarda-degisiklik-yapilmistir,2026-08-24T03:03:26Z,bist_duyuru_11511_2016-12-14.html,79c5f6bc4ce53ab057dbff34cc0acb9f1c645fdbc2968e7e4686f135c4d987f4,78626,PRIVATE_LOCAL_RAW,PRIVATE_LOCAL_RAW:bist-membership/events/bist_duyuru_11511_2016-12-14.html,INSUFFICIENT_IDENTITY_EVIDENCE,ACQUIRED,"Reserve (yedek) list entry: an eligible substitute under rulebook art. 7, NOT a membership change and NOT a state."
EV-097,Borsa Istanbul,11511,2017 yılı birinci üç aylık dönemi için BIST Pay Endeksleri kapsamında yer alacak paylarda değişiklik yapılmıştır,2016-12-14,2017-01-02,2017,2017Q1,BJKAS,BEŞİKTAS FUTBOL YAT.,OTHER_MEMBERSHIP_RELEVANT,XU030,SCHEDULED,https://www.borsaistanbul.com/duyuru/11511/2017-yili-birinci-uc-aylik-donemi-icin-bist-pay-endeksleri-kapsaminda-yer-alacak-paylarda-degisiklik-yapilmistir,2026-08-24T03:03:26Z,bist_duyuru_11511_2016-12-14.html,79c5f6bc4ce53ab057dbff34cc0acb9f1c645fdbc2968e7e4686f135c4d987f4,78626,PRIVATE_LOCAL_RAW,PRIVATE_LOCAL_RAW:bist-membership/events/bist_duyuru_11511_2016-12-14.html,INSUFFICIENT_IDENTITY_EVIDENCE,ACQUIRED,"Reserve (yedek) list entry: an eligible substitute under rulebook art. 7, NOT a membership change and NOT a state."
EV-098,Borsa Istanbul,11492,2017 yılı ikinci üç aylık dönemi için BIST Pay Endeksleri kapsamında yer alacak paylarda değişiklik yapılmıştır,2017-03-20,2017-04-03,2017,2017Q2,NA,NA,REVIEW_SCHEDULE,XU030;XU050;XU100,SCHEDULED,https://www.borsaistanbul.com/duyuru/11492/2017-yili-ikinci-uc-aylik-donemi-icin-bist-pay-endeksleri-kapsaminda-yer-alacak-paylarda-degisiklik-yapilmistir,2026-08-24T03:03:26Z,bist_duyuru_11492_2017-03-20.html,cdfe237ccbb845fc3a84ac31889ee88f28b55e24474d8ce935001458fab02817,78607,PRIVATE_LOCAL_RAW,PRIVATE_LOCAL_RAW:bist-membership/events/bist_duyuru_11492_2017-03-20.html,NA,ACQUIRED,"Periodic review announcement. The document states the index period explicitly as 2017-04-03 to 2017-06-30; effective_date is that stated period start, not the publication date. Additions and removals are equal in number in every transcribed table, consistent with rulebook art. 6(c)/(d)."
EV-099,Borsa Istanbul,11492,2017 yılı ikinci üç aylık dönemi için BIST Pay Endeksleri kapsamında yer alacak paylarda değişiklik yapılmıştır,2017-03-20,2017-04-03,2017,2017Q2,BANVT,BANVİT,ADD,XU100,SCHEDULED,https://www.borsaistanbul.com/duyuru/11492/2017-yili-ikinci-uc-aylik-donemi-icin-bist-pay-endeksleri-kapsaminda-yer-alacak-paylarda-degisiklik-yapilmistir,2026-08-24T03:03:26Z,bist_duyuru_11492_2017-03-20.html,cdfe237ccbb845fc3a84ac31889ee88f28b55e24474d8ce935001458fab02817,78607,PRIVATE_LOCAL_RAW,PRIVATE_LOCAL_RAW:bist-membership/events/bist_duyuru_11492_2017-03-20.html,INSUFFICIENT_IDENTITY_EVIDENCE,ACQUIRED,Itemised in the periodic review announcement; effective at the stated index-period start.
EV-100,Borsa Istanbul,11492,2017 yılı ikinci üç aylık dönemi için BIST Pay Endeksleri kapsamında yer alacak paylarda değişiklik yapılmıştır,2017-03-20,2017-04-03,2017,2017Q2,SASA,SASA POLYESTER,ADD,XU100,SCHEDULED,https://www.borsaistanbul.com/duyuru/11492/2017-yili-ikinci-uc-aylik-donemi-icin-bist-pay-endeksleri-kapsaminda-yer-alacak-paylarda-degisiklik-yapilmistir,2026-08-24T03:03:26Z,bist_duyuru_11492_2017-03-20.html,cdfe237ccbb845fc3a84ac31889ee88f28b55e24474d8ce935001458fab02817,78607,PRIVATE_LOCAL_RAW,PRIVATE_LOCAL_RAW:bist-membership/events/bist_duyuru_11492_2017-03-20.html,INSUFFICIENT_IDENTITY_EVIDENCE,ACQUIRED,Itemised in the periodic review announcement; effective at the stated index-period start.
EV-101,Borsa Istanbul,11492,2017 yılı ikinci üç aylık dönemi için BIST Pay Endeksleri kapsamında yer alacak paylarda değişiklik yapılmıştır,2017-03-20,2017-04-03,2017,2017Q2,YATAS,YATAŞ,ADD,XU100,SCHEDULED,https://www.borsaistanbul.com/duyuru/11492/2017-yili-ikinci-uc-aylik-donemi-icin-bist-pay-endeksleri-kapsaminda-yer-alacak-paylarda-degisiklik-yapilmistir,2026-08-24T03:03:26Z,bist_duyuru_11492_2017-03-20.html,cdfe237ccbb845fc3a84ac31889ee88f28b55e24474d8ce935001458fab02817,78607,PRIVATE_LOCAL_RAW,PRIVATE_LOCAL_RAW:bist-membership/events/bist_duyuru_11492_2017-03-20.html,INSUFFICIENT_IDENTITY_EVIDENCE,ACQUIRED,Itemised in the periodic review announcement; effective at the stated index-period start.
EV-102,Borsa Istanbul,11492,2017 yılı ikinci üç aylık dönemi için BIST Pay Endeksleri kapsamında yer alacak paylarda değişiklik yapılmıştır,2017-03-20,2017-04-03,2017,2017Q2,GLYHO,GLOBAL YAT. HOLDİNG,ADD,XU100,SCHEDULED,https://www.borsaistanbul.com/duyuru/11492/2017-yili-ikinci-uc-aylik-donemi-icin-bist-pay-endeksleri-kapsaminda-yer-alacak-paylarda-degisiklik-yapilmistir,2026-08-24T03:03:26Z,bist_duyuru_11492_2017-03-20.html,cdfe237ccbb845fc3a84ac31889ee88f28b55e24474d8ce935001458fab02817,78607,PRIVATE_LOCAL_RAW,PRIVATE_LOCAL_RAW:bist-membership/events/bist_duyuru_11492_2017-03-20.html,INSUFFICIENT_IDENTITY_EVIDENCE,ACQUIRED,Itemised in the periodic review announcement; effective at the stated index-period start.
EV-103,Borsa Istanbul,11492,2017 yılı ikinci üç aylık dönemi için BIST Pay Endeksleri kapsamında yer alacak paylarda değişiklik yapılmıştır,2017-03-20,2017-04-03,2017,2017Q2,ERBOS,ERBOSAN,ADD,XU100,SCHEDULED,https://www.borsaistanbul.com/duyuru/11492/2017-yili-ikinci-uc-aylik-donemi-icin-bist-pay-endeksleri-kapsaminda-yer-alacak-paylarda-degisiklik-yapilmistir,2026-08-24T03:03:26Z,bist_duyuru_11492_2017-03-20.html,cdfe237ccbb845fc3a84ac31889ee88f28b55e24474d8ce935001458fab02817,78607,PRIVATE_LOCAL_RAW,PRIVATE_LOCAL_RAW:bist-membership/events/bist_duyuru_11492_2017-03-20.html,INSUFFICIENT_IDENTITY_EVIDENCE,ACQUIRED,Itemised in the periodic review announcement; effective at the stated index-period start.
EV-104,Borsa Istanbul,11492,2017 yılı ikinci üç aylık dönemi için BIST Pay Endeksleri kapsamında yer alacak paylarda değişiklik yapılmıştır,2017-03-20,2017-04-03,2017,2017Q2,BRSAN,BORUSAN MANNESMANN,REMOVE,XU100,SCHEDULED,https://www.borsaistanbul.com/duyuru/11492/2017-yili-ikinci-uc-aylik-donemi-icin-bist-pay-endeksleri-kapsaminda-yer-alacak-paylarda-degisiklik-yapilmistir,2026-08-24T03:03:26Z,bist_duyuru_11492_2017-03-20.html,cdfe237ccbb845fc3a84ac31889ee88f28b55e24474d8ce935001458fab02817,78607,PRIVATE_LOCAL_RAW,PRIVATE_LOCAL_RAW:bist-membership/events/bist_duyuru_11492_2017-03-20.html,INSUFFICIENT_IDENTITY_EVIDENCE,ACQUIRED,Itemised in the periodic review announcement; effective at the stated index-period start.
EV-105,Borsa Istanbul,11492,2017 yılı ikinci üç aylık dönemi için BIST Pay Endeksleri kapsamında yer alacak paylarda değişiklik yapılmıştır,2017-03-20,2017-04-03,2017,2017Q2,ECZYT,ECZACIBAŞI YATIRIM,REMOVE,XU100,SCHEDULED,https://www.borsaistanbul.com/duyuru/11492/2017-yili-ikinci-uc-aylik-donemi-icin-bist-pay-endeksleri-kapsaminda-yer-alacak-paylarda-degisiklik-yapilmistir,2026-08-24T03:03:26Z,bist_duyuru_11492_2017-03-20.html,cdfe237ccbb845fc3a84ac31889ee88f28b55e24474d8ce935001458fab02817,78607,PRIVATE_LOCAL_RAW,PRIVATE_LOCAL_RAW:bist-membership/events/bist_duyuru_11492_2017-03-20.html,INSUFFICIENT_IDENTITY_EVIDENCE,ACQUIRED,Itemised in the periodic review announcement; effective at the stated index-period start.
EV-106,Borsa Istanbul,11492,2017 yılı ikinci üç aylık dönemi için BIST Pay Endeksleri kapsamında yer alacak paylarda değişiklik yapılmıştır,2017-03-20,2017-04-03,2017,2017Q2,YAZIC,YAZICILAR HOLDİNG,REMOVE,XU100,SCHEDULED,https://www.borsaistanbul.com/duyuru/11492/2017-yili-ikinci-uc-aylik-donemi-icin-bist-pay-endeksleri-kapsaminda-yer-alacak-paylarda-degisiklik-yapilmistir,2026-08-24T03:03:26Z,bist_duyuru_11492_2017-03-20.html,cdfe237ccbb845fc3a84ac31889ee88f28b55e24474d8ce935001458fab02817,78607,PRIVATE_LOCAL_RAW,PRIVATE_LOCAL_RAW:bist-membership/events/bist_duyuru_11492_2017-03-20.html,INSUFFICIENT_IDENTITY_EVIDENCE,ACQUIRED,Itemised in the periodic review announcement; effective at the stated index-period start.
EV-107,Borsa Istanbul,11492,2017 yılı ikinci üç aylık dönemi için BIST Pay Endeksleri kapsamında yer alacak paylarda değişiklik yapılmıştır,2017-03-20,2017-04-03,2017,2017Q2,VERUS,VERUSA HOLDİNG,REMOVE,XU100,SCHEDULED,https://www.borsaistanbul.com/duyuru/11492/2017-yili-ikinci-uc-aylik-donemi-icin-bist-pay-endeksleri-kapsaminda-yer-alacak-paylarda-degisiklik-yapilmistir,2026-08-24T03:03:26Z,bist_duyuru_11492_2017-03-20.html,cdfe237ccbb845fc3a84ac31889ee88f28b55e24474d8ce935001458fab02817,78607,PRIVATE_LOCAL_RAW,PRIVATE_LOCAL_RAW:bist-membership/events/bist_duyuru_11492_2017-03-20.html,INSUFFICIENT_IDENTITY_EVIDENCE,ACQUIRED,Itemised in the periodic review announcement; effective at the stated index-period start.
EV-108,Borsa Istanbul,11492,2017 yılı ikinci üç aylık dönemi için BIST Pay Endeksleri kapsamında yer alacak paylarda değişiklik yapılmıştır,2017-03-20,2017-04-03,2017,2017Q2,CIMSA,ÇİMSA,REMOVE,XU100,SCHEDULED,https://www.borsaistanbul.com/duyuru/11492/2017-yili-ikinci-uc-aylik-donemi-icin-bist-pay-endeksleri-kapsaminda-yer-alacak-paylarda-degisiklik-yapilmistir,2026-08-24T03:03:26Z,bist_duyuru_11492_2017-03-20.html,cdfe237ccbb845fc3a84ac31889ee88f28b55e24474d8ce935001458fab02817,78607,PRIVATE_LOCAL_RAW,PRIVATE_LOCAL_RAW:bist-membership/events/bist_duyuru_11492_2017-03-20.html,INSUFFICIENT_IDENTITY_EVIDENCE,ACQUIRED,Itemised in the periodic review announcement; effective at the stated index-period start.
EV-109,Borsa Istanbul,11492,2017 yılı ikinci üç aylık dönemi için BIST Pay Endeksleri kapsamında yer alacak paylarda değişiklik yapılmıştır,2017-03-20,2017-04-03,2017,2017Q2,MRDIN,MARDİN ÇİMENTO,OTHER_MEMBERSHIP_RELEVANT,XU100,SCHEDULED,https://www.borsaistanbul.com/duyuru/11492/2017-yili-ikinci-uc-aylik-donemi-icin-bist-pay-endeksleri-kapsaminda-yer-alacak-paylarda-degisiklik-yapilmistir,2026-08-24T03:03:26Z,bist_duyuru_11492_2017-03-20.html,cdfe237ccbb845fc3a84ac31889ee88f28b55e24474d8ce935001458fab02817,78607,PRIVATE_LOCAL_RAW,PRIVATE_LOCAL_RAW:bist-membership/events/bist_duyuru_11492_2017-03-20.html,INSUFFICIENT_IDENTITY_EVIDENCE,ACQUIRED,"Reserve (yedek) list entry: an eligible substitute under rulebook art. 7, NOT a membership change and NOT a state."
EV-110,Borsa Istanbul,11492,2017 yılı ikinci üç aylık dönemi için BIST Pay Endeksleri kapsamında yer alacak paylarda değişiklik yapılmıştır,2017-03-20,2017-04-03,2017,2017Q2,ALCTL,ALCATEL LUCENT TELETAŞ,OTHER_MEMBERSHIP_RELEVANT,XU100,SCHEDULED,https://www.borsaistanbul.com/duyuru/11492/2017-yili-ikinci-uc-aylik-donemi-icin-bist-pay-endeksleri-kapsaminda-yer-alacak-paylarda-degisiklik-yapilmistir,2026-08-24T03:03:26Z,bist_duyuru_11492_2017-03-20.html,cdfe237ccbb845fc3a84ac31889ee88f28b55e24474d8ce935001458fab02817,78607,PRIVATE_LOCAL_RAW,PRIVATE_LOCAL_RAW:bist-membership/events/bist_duyuru_11492_2017-03-20.html,INSUFFICIENT_IDENTITY_EVIDENCE,ACQUIRED,"Reserve (yedek) list entry: an eligible substitute under rulebook art. 7, NOT a membership change and NOT a state."
EV-111,Borsa Istanbul,11492,2017 yılı ikinci üç aylık dönemi için BIST Pay Endeksleri kapsamında yer alacak paylarda değişiklik yapılmıştır,2017-03-20,2017-04-03,2017,2017Q2,MEPET,METRO PETROL VE TESİSLERİ,OTHER_MEMBERSHIP_RELEVANT,XU100,SCHEDULED,https://www.borsaistanbul.com/duyuru/11492/2017-yili-ikinci-uc-aylik-donemi-icin-bist-pay-endeksleri-kapsaminda-yer-alacak-paylarda-degisiklik-yapilmistir,2026-08-24T03:03:26Z,bist_duyuru_11492_2017-03-20.html,cdfe237ccbb845fc3a84ac31889ee88f28b55e24474d8ce935001458fab02817,78607,PRIVATE_LOCAL_RAW,PRIVATE_LOCAL_RAW:bist-membership/events/bist_duyuru_11492_2017-03-20.html,INSUFFICIENT_IDENTITY_EVIDENCE,ACQUIRED,"Reserve (yedek) list entry: an eligible substitute under rulebook art. 7, NOT a membership change and NOT a state."
EV-112,Borsa Istanbul,11492,2017 yılı ikinci üç aylık dönemi için BIST Pay Endeksleri kapsamında yer alacak paylarda değişiklik yapılmıştır,2017-03-20,2017-04-03,2017,2017Q2,AVTUR,AVRASYA PETROL VE TUR.,OTHER_MEMBERSHIP_RELEVANT,XU100,SCHEDULED,https://www.borsaistanbul.com/duyuru/11492/2017-yili-ikinci-uc-aylik-donemi-icin-bist-pay-endeksleri-kapsaminda-yer-alacak-paylarda-degisiklik-yapilmistir,2026-08-24T03:03:26Z,bist_duyuru_11492_2017-03-20.html,cdfe237ccbb845fc3a84ac31889ee88f28b55e24474d8ce935001458fab02817,78607,PRIVATE_LOCAL_RAW,PRIVATE_LOCAL_RAW:bist-membership/events/bist_duyuru_11492_2017-03-20.html,INSUFFICIENT_IDENTITY_EVIDENCE,ACQUIRED,"Reserve (yedek) list entry: an eligible substitute under rulebook art. 7, NOT a membership change and NOT a state."
EV-113,Borsa Istanbul,11492,2017 yılı ikinci üç aylık dönemi için BIST Pay Endeksleri kapsamında yer alacak paylarda değişiklik yapılmıştır,2017-03-20,2017-04-03,2017,2017Q2,AKCNS,AKÇANSA,OTHER_MEMBERSHIP_RELEVANT,XU100,SCHEDULED,https://www.borsaistanbul.com/duyuru/11492/2017-yili-ikinci-uc-aylik-donemi-icin-bist-pay-endeksleri-kapsaminda-yer-alacak-paylarda-degisiklik-yapilmistir,2026-08-24T03:03:26Z,bist_duyuru_11492_2017-03-20.html,cdfe237ccbb845fc3a84ac31889ee88f28b55e24474d8ce935001458fab02817,78607,PRIVATE_LOCAL_RAW,PRIVATE_LOCAL_RAW:bist-membership/events/bist_duyuru_11492_2017-03-20.html,INSUFFICIENT_IDENTITY_EVIDENCE,ACQUIRED,"Reserve (yedek) list entry: an eligible substitute under rulebook art. 7, NOT a membership change and NOT a state."
EV-114,Borsa Istanbul,11492,2017 yılı ikinci üç aylık dönemi için BIST Pay Endeksleri kapsamında yer alacak paylarda değişiklik yapılmıştır,2017-03-20,2017-04-03,2017,2017Q2,ZOREN,ZORLU ENERJİ,ADD,XU050,SCHEDULED,https://www.borsaistanbul.com/duyuru/11492/2017-yili-ikinci-uc-aylik-donemi-icin-bist-pay-endeksleri-kapsaminda-yer-alacak-paylarda-degisiklik-yapilmistir,2026-08-24T03:03:26Z,bist_duyuru_11492_2017-03-20.html,cdfe237ccbb845fc3a84ac31889ee88f28b55e24474d8ce935001458fab02817,78607,PRIVATE_LOCAL_RAW,PRIVATE_LOCAL_RAW:bist-membership/events/bist_duyuru_11492_2017-03-20.html,INSUFFICIENT_IDENTITY_EVIDENCE,ACQUIRED,Itemised in the periodic review announcement; effective at the stated index-period start.
EV-115,Borsa Istanbul,11492,2017 yılı ikinci üç aylık dönemi için BIST Pay Endeksleri kapsamında yer alacak paylarda değişiklik yapılmıştır,2017-03-20,2017-04-03,2017,2017Q2,TATGD,TAT GIDA,ADD,XU050,SCHEDULED,https://www.borsaistanbul.com/duyuru/11492/2017-yili-ikinci-uc-aylik-donemi-icin-bist-pay-endeksleri-kapsaminda-yer-alacak-paylarda-degisiklik-yapilmistir,2026-08-24T03:03:26Z,bist_duyuru_11492_2017-03-20.html,cdfe237ccbb845fc3a84ac31889ee88f28b55e24474d8ce935001458fab02817,78607,PRIVATE_LOCAL_RAW,PRIVATE_LOCAL_RAW:bist-membership/events/bist_duyuru_11492_2017-03-20.html,INSUFFICIENT_IDENTITY_EVIDENCE,ACQUIRED,Itemised in the periodic review announcement; effective at the stated index-period start.
EV-116,Borsa Istanbul,11492,2017 yılı ikinci üç aylık dönemi için BIST Pay Endeksleri kapsamında yer alacak paylarda değişiklik yapılmıştır,2017-03-20,2017-04-03,2017,2017Q2,AEFES,ANADOLU EFES,REMOVE,XU050,SCHEDULED,https://www.borsaistanbul.com/duyuru/11492/2017-yili-ikinci-uc-aylik-donemi-icin-bist-pay-endeksleri-kapsaminda-yer-alacak-paylarda-degisiklik-yapilmistir,2026-08-24T03:03:26Z,bist_duyuru_11492_2017-03-20.html,cdfe237ccbb845fc3a84ac31889ee88f28b55e24474d8ce935001458fab02817,78607,PRIVATE_LOCAL_RAW,PRIVATE_LOCAL_RAW:bist-membership/events/bist_duyuru_11492_2017-03-20.html,INSUFFICIENT_IDENTITY_EVIDENCE,ACQUIRED,Itemised in the periodic review announcement; effective at the stated index-period start.
EV-117,Borsa Istanbul,11492,2017 yılı ikinci üç aylık dönemi için BIST Pay Endeksleri kapsamında yer alacak paylarda değişiklik yapılmıştır,2017-03-20,2017-04-03,2017,2017Q2,NETAS,NETAŞ TELEKOM.,REMOVE,XU050,SCHEDULED,https://www.borsaistanbul.com/duyuru/11492/2017-yili-ikinci-uc-aylik-donemi-icin-bist-pay-endeksleri-kapsaminda-yer-alacak-paylarda-degisiklik-yapilmistir,2026-08-24T03:03:26Z,bist_duyuru_11492_2017-03-20.html,cdfe237ccbb845fc3a84ac31889ee88f28b55e24474d8ce935001458fab02817,78607,PRIVATE_LOCAL_RAW,PRIVATE_LOCAL_RAW:bist-membership/events/bist_duyuru_11492_2017-03-20.html,INSUFFICIENT_IDENTITY_EVIDENCE,ACQUIRED,Itemised in the periodic review announcement; effective at the stated index-period start.
EV-118,Borsa Istanbul,11492,2017 yılı ikinci üç aylık dönemi için BIST Pay Endeksleri kapsamında yer alacak paylarda değişiklik yapılmıştır,2017-03-20,2017-04-03,2017,2017Q2,TTRAK,TÜRK TRAKTÖR,OTHER_MEMBERSHIP_RELEVANT,XU050,SCHEDULED,https://www.borsaistanbul.com/duyuru/11492/2017-yili-ikinci-uc-aylik-donemi-icin-bist-pay-endeksleri-kapsaminda-yer-alacak-paylarda-degisiklik-yapilmistir,2026-08-24T03:03:26Z,bist_duyuru_11492_2017-03-20.html,cdfe237ccbb845fc3a84ac31889ee88f28b55e24474d8ce935001458fab02817,78607,PRIVATE_LOCAL_RAW,PRIVATE_LOCAL_RAW:bist-membership/events/bist_duyuru_11492_2017-03-20.html,INSUFFICIENT_IDENTITY_EVIDENCE,ACQUIRED,"Reserve (yedek) list entry: an eligible substitute under rulebook art. 7, NOT a membership change and NOT a state."
EV-119,Borsa Istanbul,11492,2017 yılı ikinci üç aylık dönemi için BIST Pay Endeksleri kapsamında yer alacak paylarda değişiklik yapılmıştır,2017-03-20,2017-04-03,2017,2017Q2,EGEEN,EGE ENDÜSTRİ,OTHER_MEMBERSHIP_RELEVANT,XU050,SCHEDULED,https://www.borsaistanbul.com/duyuru/11492/2017-yili-ikinci-uc-aylik-donemi-icin-bist-pay-endeksleri-kapsaminda-yer-alacak-paylarda-degisiklik-yapilmistir,2026-08-24T03:03:26Z,bist_duyuru_11492_2017-03-20.html,cdfe237ccbb845fc3a84ac31889ee88f28b55e24474d8ce935001458fab02817,78607,PRIVATE_LOCAL_RAW,PRIVATE_LOCAL_RAW:bist-membership/events/bist_duyuru_11492_2017-03-20.html,INSUFFICIENT_IDENTITY_EVIDENCE,ACQUIRED,"Reserve (yedek) list entry: an eligible substitute under rulebook art. 7, NOT a membership change and NOT a state."
EV-120,Borsa Istanbul,11492,2017 yılı ikinci üç aylık dönemi için BIST Pay Endeksleri kapsamında yer alacak paylarda değişiklik yapılmıştır,2017-03-20,2017-04-03,2017,2017Q2,KARSN,KARSAN OTOMOTİV,OTHER_MEMBERSHIP_RELEVANT,XU050,SCHEDULED,https://www.borsaistanbul.com/duyuru/11492/2017-yili-ikinci-uc-aylik-donemi-icin-bist-pay-endeksleri-kapsaminda-yer-alacak-paylarda-degisiklik-yapilmistir,2026-08-24T03:03:26Z,bist_duyuru_11492_2017-03-20.html,cdfe237ccbb845fc3a84ac31889ee88f28b55e24474d8ce935001458fab02817,78607,PRIVATE_LOCAL_RAW,PRIVATE_LOCAL_RAW:bist-membership/events/bist_duyuru_11492_2017-03-20.html,INSUFFICIENT_IDENTITY_EVIDENCE,ACQUIRED,"Reserve (yedek) list entry: an eligible substitute under rulebook art. 7, NOT a membership change and NOT a state."
EV-121,Borsa Istanbul,11492,2017 yılı ikinci üç aylık dönemi için BIST Pay Endeksleri kapsamında yer alacak paylarda değişiklik yapılmıştır,2017-03-20,2017-04-03,2017,2017Q2,ASELS,ASELSAN,ADD,XU030,SCHEDULED,https://www.borsaistanbul.com/duyuru/11492/2017-yili-ikinci-uc-aylik-donemi-icin-bist-pay-endeksleri-kapsaminda-yer-alacak-paylarda-degisiklik-yapilmistir,2026-08-24T03:03:26Z,bist_duyuru_11492_2017-03-20.html,cdfe237ccbb845fc3a84ac31889ee88f28b55e24474d8ce935001458fab02817,78607,PRIVATE_LOCAL_RAW,PRIVATE_LOCAL_RAW:bist-membership/events/bist_duyuru_11492_2017-03-20.html,INSUFFICIENT_IDENTITY_EVIDENCE,ACQUIRED,Itemised in the periodic review announcement; effective at the stated index-period start.
EV-122,Borsa Istanbul,11492,2017 yılı ikinci üç aylık dönemi için BIST Pay Endeksleri kapsamında yer alacak paylarda değişiklik yapılmıştır,2017-03-20,2017-04-03,2017,2017Q2,CCOLA,COCA COLA İÇECEK,REMOVE,XU030,SCHEDULED,https://www.borsaistanbul.com/duyuru/11492/2017-yili-ikinci-uc-aylik-donemi-icin-bist-pay-endeksleri-kapsaminda-yer-alacak-paylarda-degisiklik-yapilmistir,2026-08-24T03:03:26Z,bist_duyuru_11492_2017-03-20.html,cdfe237ccbb845fc3a84ac31889ee88f28b55e24474d8ce935001458fab02817,78607,PRIVATE_LOCAL_RAW,PRIVATE_LOCAL_RAW:bist-membership/events/bist_duyuru_11492_2017-03-20.html,INSUFFICIENT_IDENTITY_EVIDENCE,ACQUIRED,Itemised in the periodic review announcement; effective at the stated index-period start.
EV-123,Borsa Istanbul,11492,2017 yılı ikinci üç aylık dönemi için BIST Pay Endeksleri kapsamında yer alacak paylarda değişiklik yapılmıştır,2017-03-20,2017-04-03,2017,2017Q2,BJKAS,BEŞİKTAŞ FUTBOL YAT.,OTHER_MEMBERSHIP_RELEVANT,XU030,SCHEDULED,https://www.borsaistanbul.com/duyuru/11492/2017-yili-ikinci-uc-aylik-donemi-icin-bist-pay-endeksleri-kapsaminda-yer-alacak-paylarda-degisiklik-yapilmistir,2026-08-24T03:03:26Z,bist_duyuru_11492_2017-03-20.html,cdfe237ccbb845fc3a84ac31889ee88f28b55e24474d8ce935001458fab02817,78607,PRIVATE_LOCAL_RAW,PRIVATE_LOCAL_RAW:bist-membership/events/bist_duyuru_11492_2017-03-20.html,INSUFFICIENT_IDENTITY_EVIDENCE,ACQUIRED,"Reserve (yedek) list entry: an eligible substitute under rulebook art. 7, NOT a membership change and NOT a state."
EV-124,Borsa Istanbul,11492,2017 yılı ikinci üç aylık dönemi için BIST Pay Endeksleri kapsamında yer alacak paylarda değişiklik yapılmıştır,2017-03-20,2017-04-03,2017,2017Q2,PGSUS,PEGASUS,OTHER_MEMBERSHIP_RELEVANT,XU030,SCHEDULED,https://www.borsaistanbul.com/duyuru/11492/2017-yili-ikinci-uc-aylik-donemi-icin-bist-pay-endeksleri-kapsaminda-yer-alacak-paylarda-degisiklik-yapilmistir,2026-08-24T03:03:26Z,bist_duyuru_11492_2017-03-20.html,cdfe237ccbb845fc3a84ac31889ee88f28b55e24474d8ce935001458fab02817,78607,PRIVATE_LOCAL_RAW,PRIVATE_LOCAL_RAW:bist-membership/events/bist_duyuru_11492_2017-03-20.html,INSUFFICIENT_IDENTITY_EVIDENCE,ACQUIRED,"Reserve (yedek) list entry: an eligible substitute under rulebook art. 7, NOT a membership change and NOT a state."
EV-125,Borsa Istanbul,11503,2017 yılı üçüncü üç aylık dönemi için BIST Pay Endeksleri kapsamında yer alacak paylarda değişiklik yapılmıştır,2017-06-22,2017-07-03,2017,2017Q3,NA,NA,REVIEW_SCHEDULE,XU030;XU050;XU100,SCHEDULED,https://www.borsaistanbul.com/duyuru/11503/2017-yili-ucuncu-uc-aylik-donemi-icin-bist-pay-endeksleri-kapsaminda-yer-alacak-paylarda-degisiklik-yapilmistir,2026-08-24T03:03:26Z,bist_duyuru_11503_2017-06-22.html,d04af01fb2627297182a37022b19168476e87b222c10888dd03808b851d0110d,79466,PRIVATE_LOCAL_RAW,PRIVATE_LOCAL_RAW:bist-membership/events/bist_duyuru_11503_2017-06-22.html,NA,ACQUIRED,"Periodic review announcement. The document states the index period explicitly as 2017-07-03 to 2017-09-30; effective_date is that stated period start, not the publication date. Additions and removals are equal in number in every transcribed table, consistent with rulebook art. 6(c)/(d)."
EV-126,Borsa Istanbul,11503,2017 yılı üçüncü üç aylık dönemi için BIST Pay Endeksleri kapsamında yer alacak paylarda değişiklik yapılmıştır,2017-06-22,2017-07-03,2017,2017Q3,YAZIC,YAZICILAR HOLDİNG,ADD,XU100,SCHEDULED,https://www.borsaistanbul.com/duyuru/11503/2017-yili-ucuncu-uc-aylik-donemi-icin-bist-pay-endeksleri-kapsaminda-yer-alacak-paylarda-degisiklik-yapilmistir,2026-08-24T03:03:26Z,bist_duyuru_11503_2017-06-22.html,d04af01fb2627297182a37022b19168476e87b222c10888dd03808b851d0110d,79466,PRIVATE_LOCAL_RAW,PRIVATE_LOCAL_RAW:bist-membership/events/bist_duyuru_11503_2017-06-22.html,INSUFFICIENT_IDENTITY_EVIDENCE,ACQUIRED,Itemised in the periodic review announcement; effective at the stated index-period start.
EV-127,Borsa Istanbul,11503,2017 yılı üçüncü üç aylık dönemi için BIST Pay Endeksleri kapsamında yer alacak paylarda değişiklik yapılmıştır,2017-06-22,2017-07-03,2017,2017Q3,TRCAS,TURCAS PETROL,ADD,XU100,SCHEDULED,https://www.borsaistanbul.com/duyuru/11503/2017-yili-ucuncu-uc-aylik-donemi-icin-bist-pay-endeksleri-kapsaminda-yer-alacak-paylarda-degisiklik-yapilmistir,2026-08-24T03:03:26Z,bist_duyuru_11503_2017-06-22.html,d04af01fb2627297182a37022b19168476e87b222c10888dd03808b851d0110d,79466,PRIVATE_LOCAL_RAW,PRIVATE_LOCAL_RAW:bist-membership/events/bist_duyuru_11503_2017-06-22.html,INSUFFICIENT_IDENTITY_EVIDENCE,ACQUIRED,Itemised in the periodic review announcement; effective at the stated index-period start.
EV-128,Borsa Istanbul,11503,2017 yılı üçüncü üç aylık dönemi için BIST Pay Endeksleri kapsamında yer alacak paylarda değişiklik yapılmıştır,2017-06-22,2017-07-03,2017,2017Q3,TKNSA,TEKNOSA İÇ VE DIŞ TİCARET,ADD,XU100,SCHEDULED,https://www.borsaistanbul.com/duyuru/11503/2017-yili-ucuncu-uc-aylik-donemi-icin-bist-pay-endeksleri-kapsaminda-yer-alacak-paylarda-degisiklik-yapilmistir,2026-08-24T03:03:26Z,bist_duyuru_11503_2017-06-22.html,d04af01fb2627297182a37022b19168476e87b222c10888dd03808b851d0110d,79466,PRIVATE_LOCAL_RAW,PRIVATE_LOCAL_RAW:bist-membership/events/bist_duyuru_11503_2017-06-22.html,INSUFFICIENT_IDENTITY_EVIDENCE,ACQUIRED,Itemised in the periodic review announcement; effective at the stated index-period start.
EV-129,Borsa Istanbul,11503,2017 yılı üçüncü üç aylık dönemi için BIST Pay Endeksleri kapsamında yer alacak paylarda değişiklik yapılmıştır,2017-06-22,2017-07-03,2017,2017Q3,ALCTL,ALCATEL LUCENT TELETAŞ,ADD,XU100,SCHEDULED,https://www.borsaistanbul.com/duyuru/11503/2017-yili-ucuncu-uc-aylik-donemi-icin-bist-pay-endeksleri-kapsaminda-yer-alacak-paylarda-degisiklik-yapilmistir,2026-08-24T03:03:26Z,bist_duyuru_11503_2017-06-22.html,d04af01fb2627297182a37022b19168476e87b222c10888dd03808b851d0110d,79466,PRIVATE_LOCAL_RAW,PRIVATE_LOCAL_RAW:bist-membership/events/bist_duyuru_11503_2017-06-22.html,INSUFFICIENT_IDENTITY_EVIDENCE,ACQUIRED,Itemised in the periodic review announcement; effective at the stated index-period start.
EV-130,Borsa Istanbul,11503,2017 yılı üçüncü üç aylık dönemi için BIST Pay Endeksleri kapsamında yer alacak paylarda değişiklik yapılmıştır,2017-06-22,2017-07-03,2017,2017Q3,KRONT,KRON TELEKOMÜNİKASYON,ADD,XU100,SCHEDULED,https://www.borsaistanbul.com/duyuru/11503/2017-yili-ucuncu-uc-aylik-donemi-icin-bist-pay-endeksleri-kapsaminda-yer-alacak-paylarda-degisiklik-yapilmistir,2026-08-24T03:03:26Z,bist_duyuru_11503_2017-06-22.html,d04af01fb2627297182a37022b19168476e87b222c10888dd03808b851d0110d,79466,PRIVATE_LOCAL_RAW,PRIVATE_LOCAL_RAW:bist-membership/events/bist_duyuru_11503_2017-06-22.html,INSUFFICIENT_IDENTITY_EVIDENCE,ACQUIRED,Itemised in the periodic review announcement; effective at the stated index-period start.
EV-131,Borsa Istanbul,11503,2017 yılı üçüncü üç aylık dönemi için BIST Pay Endeksleri kapsamında yer alacak paylarda değişiklik yapılmıştır,2017-06-22,2017-07-03,2017,2017Q3,SELEC,SELÇUK ECZA DEPOSU,REMOVE,XU100,SCHEDULED,https://www.borsaistanbul.com/duyuru/11503/2017-yili-ucuncu-uc-aylik-donemi-icin-bist-pay-endeksleri-kapsaminda-yer-alacak-paylarda-degisiklik-yapilmistir,2026-08-24T03:03:26Z,bist_duyuru_11503_2017-06-22.html,d04af01fb2627297182a37022b19168476e87b222c10888dd03808b851d0110d,79466,PRIVATE_LOCAL_RAW,PRIVATE_LOCAL_RAW:bist-membership/events/bist_duyuru_11503_2017-06-22.html,INSUFFICIENT_IDENTITY_EVIDENCE,ACQUIRED,Itemised in the periodic review announcement; effective at the stated index-period start.
EV-132,Borsa Istanbul,11503,2017 yılı üçüncü üç aylık dönemi için BIST Pay Endeksleri kapsamında yer alacak paylarda değişiklik yapılmıştır,2017-06-22,2017-07-03,2017,2017Q3,DOCO,DO-CO,REMOVE,XU100,SCHEDULED,https://www.borsaistanbul.com/duyuru/11503/2017-yili-ucuncu-uc-aylik-donemi-icin-bist-pay-endeksleri-kapsaminda-yer-alacak-paylarda-degisiklik-yapilmistir,2026-08-24T03:03:26Z,bist_duyuru_11503_2017-06-22.html,d04af01fb2627297182a37022b19168476e87b222c10888dd03808b851d0110d,79466,PRIVATE_LOCAL_RAW,PRIVATE_LOCAL_RAW:bist-membership/events/bist_duyuru_11503_2017-06-22.html,INSUFFICIENT_IDENTITY_EVIDENCE,ACQUIRED,Itemised in the periodic review announcement; effective at the stated index-period start.
EV-133,Borsa Istanbul,11503,2017 yılı üçüncü üç aylık dönemi için BIST Pay Endeksleri kapsamında yer alacak paylarda değişiklik yapılmıştır,2017-06-22,2017-07-03,2017,2017Q3,POLHO,POLİSAN HOLDİNG,REMOVE,XU100,SCHEDULED,https://www.borsaistanbul.com/duyuru/11503/2017-yili-ucuncu-uc-aylik-donemi-icin-bist-pay-endeksleri-kapsaminda-yer-alacak-paylarda-degisiklik-yapilmistir,2026-08-24T03:03:26Z,bist_duyuru_11503_2017-06-22.html,d04af01fb2627297182a37022b19168476e87b222c10888dd03808b851d0110d,79466,PRIVATE_LOCAL_RAW,PRIVATE_LOCAL_RAW:bist-membership/events/bist_duyuru_11503_2017-06-22.html,INSUFFICIENT_IDENTITY_EVIDENCE,ACQUIRED,Itemised in the periodic review announcement; effective at the stated index-period start.
EV-134,Borsa Istanbul,11503,2017 yılı üçüncü üç aylık dönemi için BIST Pay Endeksleri kapsamında yer alacak paylarda değişiklik yapılmıştır,2017-06-22,2017-07-03,2017,2017Q3,NUGYO,NUROL GMYO,REMOVE,XU100,SCHEDULED,https://www.borsaistanbul.com/duyuru/11503/2017-yili-ucuncu-uc-aylik-donemi-icin-bist-pay-endeksleri-kapsaminda-yer-alacak-paylarda-degisiklik-yapilmistir,2026-08-24T03:03:26Z,bist_duyuru_11503_2017-06-22.html,d04af01fb2627297182a37022b19168476e87b222c10888dd03808b851d0110d,79466,PRIVATE_LOCAL_RAW,PRIVATE_LOCAL_RAW:bist-membership/events/bist_duyuru_11503_2017-06-22.html,INSUFFICIENT_IDENTITY_EVIDENCE,ACQUIRED,Itemised in the periodic review announcement; effective at the stated index-period start.
EV-135,Borsa Istanbul,11503,2017 yılı üçüncü üç aylık dönemi için BIST Pay Endeksleri kapsamında yer alacak paylarda değişiklik yapılmıştır,2017-06-22,2017-07-03,2017,2017Q3,ALBRK,ALBARAKA TÜRK,REMOVE,XU100,SCHEDULED,https://www.borsaistanbul.com/duyuru/11503/2017-yili-ucuncu-uc-aylik-donemi-icin-bist-pay-endeksleri-kapsaminda-yer-alacak-paylarda-degisiklik-yapilmistir,2026-08-24T03:03:26Z,bist_duyuru_11503_2017-06-22.html,d04af01fb2627297182a37022b19168476e87b222c10888dd03808b851d0110d,79466,PRIVATE_LOCAL_RAW,PRIVATE_LOCAL_RAW:bist-membership/events/bist_duyuru_11503_2017-06-22.html,INSUFFICIENT_IDENTITY_EVIDENCE,ACQUIRED,Itemised in the periodic review announcement; effective at the stated index-period start.
EV-136,Borsa Istanbul,11503,2017 yılı üçüncü üç aylık dönemi için BIST Pay Endeksleri kapsamında yer alacak paylarda değişiklik yapılmıştır,2017-06-22,2017-07-03,2017,2017Q3,AKGRT,AKSİGORTA,OTHER_MEMBERSHIP_RELEVANT,XU100,SCHEDULED,https://www.borsaistanbul.com/duyuru/11503/2017-yili-ucuncu-uc-aylik-donemi-icin-bist-pay-endeksleri-kapsaminda-yer-alacak-paylarda-degisiklik-yapilmistir,2026-08-24T03:03:26Z,bist_duyuru_11503_2017-06-22.html,d04af01fb2627297182a37022b19168476e87b222c10888dd03808b851d0110d,79466,PRIVATE_LOCAL_RAW,PRIVATE_LOCAL_RAW:bist-membership/events/bist_duyuru_11503_2017-06-22.html,INSUFFICIENT_IDENTITY_EVIDENCE,ACQUIRED,"Reserve (yedek) list entry: an eligible substitute under rulebook art. 7, NOT a membership change and NOT a state."
EV-137,Borsa Istanbul,11503,2017 yılı üçüncü üç aylık dönemi için BIST Pay Endeksleri kapsamında yer alacak paylarda değişiklik yapılmıştır,2017-06-22,2017-07-03,2017,2017Q3,KATMR,KATMERCİLER EKİPMAN,OTHER_MEMBERSHIP_RELEVANT,XU100,SCHEDULED,https://www.borsaistanbul.com/duyuru/11503/2017-yili-ucuncu-uc-aylik-donemi-icin-bist-pay-endeksleri-kapsaminda-yer-alacak-paylarda-degisiklik-yapilmistir,2026-08-24T03:03:26Z,bist_duyuru_11503_2017-06-22.html,d04af01fb2627297182a37022b19168476e87b222c10888dd03808b851d0110d,79466,PRIVATE_LOCAL_RAW,PRIVATE_LOCAL_RAW:bist-membership/events/bist_duyuru_11503_2017-06-22.html,INSUFFICIENT_IDENTITY_EVIDENCE,ACQUIRED,"Reserve (yedek) list entry: an eligible substitute under rulebook art. 7, NOT a membership change and NOT a state."
EV-138,Borsa Istanbul,11503,2017 yılı üçüncü üç aylık dönemi için BIST Pay Endeksleri kapsamında yer alacak paylarda değişiklik yapılmıştır,2017-06-22,2017-07-03,2017,2017Q3,EGSER,EGE SERAMİK,OTHER_MEMBERSHIP_RELEVANT,XU100,SCHEDULED,https://www.borsaistanbul.com/duyuru/11503/2017-yili-ucuncu-uc-aylik-donemi-icin-bist-pay-endeksleri-kapsaminda-yer-alacak-paylarda-degisiklik-yapilmistir,2026-08-24T03:03:26Z,bist_duyuru_11503_2017-06-22.html,d04af01fb2627297182a37022b19168476e87b222c10888dd03808b851d0110d,79466,PRIVATE_LOCAL_RAW,PRIVATE_LOCAL_RAW:bist-membership/events/bist_duyuru_11503_2017-06-22.html,INSUFFICIENT_IDENTITY_EVIDENCE,ACQUIRED,"Reserve (yedek) list entry: an eligible substitute under rulebook art. 7, NOT a membership change and NOT a state."
EV-139,Borsa Istanbul,11503,2017 yılı üçüncü üç aylık dönemi için BIST Pay Endeksleri kapsamında yer alacak paylarda değişiklik yapılmıştır,2017-06-22,2017-07-03,2017,2017Q3,MEPET,METRO PETROL VE TESİSLERİ,OTHER_MEMBERSHIP_RELEVANT,XU100,SCHEDULED,https://www.borsaistanbul.com/duyuru/11503/2017-yili-ucuncu-uc-aylik-donemi-icin-bist-pay-endeksleri-kapsaminda-yer-alacak-paylarda-degisiklik-yapilmistir,2026-08-24T03:03:26Z,bist_duyuru_11503_2017-06-22.html,d04af01fb2627297182a37022b19168476e87b222c10888dd03808b851d0110d,79466,PRIVATE_LOCAL_RAW,PRIVATE_LOCAL_RAW:bist-membership/events/bist_duyuru_11503_2017-06-22.html,INSUFFICIENT_IDENTITY_EVIDENCE,ACQUIRED,"Reserve (yedek) list entry: an eligible substitute under rulebook art. 7, NOT a membership change and NOT a state."
EV-140,Borsa Istanbul,11503,2017 yılı üçüncü üç aylık dönemi için BIST Pay Endeksleri kapsamında yer alacak paylarda değişiklik yapılmıştır,2017-06-22,2017-07-03,2017,2017Q3,ANELE,ANEL ELEKTRİK,OTHER_MEMBERSHIP_RELEVANT,XU100,SCHEDULED,https://www.borsaistanbul.com/duyuru/11503/2017-yili-ucuncu-uc-aylik-donemi-icin-bist-pay-endeksleri-kapsaminda-yer-alacak-paylarda-degisiklik-yapilmistir,2026-08-24T03:03:26Z,bist_duyuru_11503_2017-06-22.html,d04af01fb2627297182a37022b19168476e87b222c10888dd03808b851d0110d,79466,PRIVATE_LOCAL_RAW,PRIVATE_LOCAL_RAW:bist-membership/events/bist_duyuru_11503_2017-06-22.html,INSUFFICIENT_IDENTITY_EVIDENCE,ACQUIRED,"Reserve (yedek) list entry: an eligible substitute under rulebook art. 7, NOT a membership change and NOT a state."
EV-141,Borsa Istanbul,11503,2017 yılı üçüncü üç aylık dönemi için BIST Pay Endeksleri kapsamında yer alacak paylarda değişiklik yapılmıştır,2017-06-22,2017-07-03,2017,2017Q3,SASA,SASA POLYESTER,ADD,XU050,SCHEDULED,https://www.borsaistanbul.com/duyuru/11503/2017-yili-ucuncu-uc-aylik-donemi-icin-bist-pay-endeksleri-kapsaminda-yer-alacak-paylarda-degisiklik-yapilmistir,2026-08-24T03:03:26Z,bist_duyuru_11503_2017-06-22.html,d04af01fb2627297182a37022b19168476e87b222c10888dd03808b851d0110d,79466,PRIVATE_LOCAL_RAW,PRIVATE_LOCAL_RAW:bist-membership/events/bist_duyuru_11503_2017-06-22.html,INSUFFICIENT_IDENTITY_EVIDENCE,ACQUIRED,Itemised in the periodic review announcement; effective at the stated index-period start.
EV-142,Borsa Istanbul,11503,2017 yılı üçüncü üç aylık dönemi için BIST Pay Endeksleri kapsamında yer alacak paylarda değişiklik yapılmıştır,2017-06-22,2017-07-03,2017,2017Q3,NETAS,NETAŞ TELEKOM.,ADD,XU050,SCHEDULED,https://www.borsaistanbul.com/duyuru/11503/2017-yili-ucuncu-uc-aylik-donemi-icin-bist-pay-endeksleri-kapsaminda-yer-alacak-paylarda-degisiklik-yapilmistir,2026-08-24T03:03:26Z,bist_duyuru_11503_2017-06-22.html,d04af01fb2627297182a37022b19168476e87b222c10888dd03808b851d0110d,79466,PRIVATE_LOCAL_RAW,PRIVATE_LOCAL_RAW:bist-membership/events/bist_duyuru_11503_2017-06-22.html,INSUFFICIENT_IDENTITY_EVIDENCE,ACQUIRED,Itemised in the periodic review announcement; effective at the stated index-period start.
EV-143,Borsa Istanbul,11503,2017 yılı üçüncü üç aylık dönemi için BIST Pay Endeksleri kapsamında yer alacak paylarda değişiklik yapılmıştır,2017-06-22,2017-07-03,2017,2017Q3,TTRAK,TÜRK TRAKTÖR,ADD,XU050,SCHEDULED,https://www.borsaistanbul.com/duyuru/11503/2017-yili-ucuncu-uc-aylik-donemi-icin-bist-pay-endeksleri-kapsaminda-yer-alacak-paylarda-degisiklik-yapilmistir,2026-08-24T03:03:26Z,bist_duyuru_11503_2017-06-22.html,d04af01fb2627297182a37022b19168476e87b222c10888dd03808b851d0110d,79466,PRIVATE_LOCAL_RAW,PRIVATE_LOCAL_RAW:bist-membership/events/bist_duyuru_11503_2017-06-22.html,INSUFFICIENT_IDENTITY_EVIDENCE,ACQUIRED,Itemised in the periodic review announcement; effective at the stated index-period start.
EV-144,Borsa Istanbul,11503,2017 yılı üçüncü üç aylık dönemi için BIST Pay Endeksleri kapsamında yer alacak paylarda değişiklik yapılmıştır,2017-06-22,2017-07-03,2017,2017Q3,KORDS,KORDSA TEKNİK TEKSTİL,REMOVE,XU050,SCHEDULED,https://www.borsaistanbul.com/duyuru/11503/2017-yili-ucuncu-uc-aylik-donemi-icin-bist-pay-endeksleri-kapsaminda-yer-alacak-paylarda-degisiklik-yapilmistir,2026-08-24T03:03:26Z,bist_duyuru_11503_2017-06-22.html,d04af01fb2627297182a37022b19168476e87b222c10888dd03808b851d0110d,79466,PRIVATE_LOCAL_RAW,PRIVATE_LOCAL_RAW:bist-membership/events/bist_duyuru_11503_2017-06-22.html,INSUFFICIENT_IDENTITY_EVIDENCE,ACQUIRED,Itemised in the periodic review announcement; effective at the stated index-period start.
EV-145,Borsa Istanbul,11503,2017 yılı üçüncü üç aylık dönemi için BIST Pay Endeksleri kapsamında yer alacak paylarda değişiklik yapılmıştır,2017-06-22,2017-07-03,2017,2017Q3,TRKCM,TRAKYA CAM,REMOVE,XU050,SCHEDULED,https://www.borsaistanbul.com/duyuru/11503/2017-yili-ucuncu-uc-aylik-donemi-icin-bist-pay-endeksleri-kapsaminda-yer-alacak-paylarda-degisiklik-yapilmistir,2026-08-24T03:03:26Z,bist_duyuru_11503_2017-06-22.html,d04af01fb2627297182a37022b19168476e87b222c10888dd03808b851d0110d,79466,PRIVATE_LOCAL_RAW,PRIVATE_LOCAL_RAW:bist-membership/events/bist_duyuru_11503_2017-06-22.html,INSUFFICIENT_IDENTITY_EVIDENCE,ACQUIRED,Itemised in the periodic review announcement; effective at the stated index-period start.
EV-146,Borsa Istanbul,11503,2017 yılı üçüncü üç aylık dönemi için BIST Pay Endeksleri kapsamında yer alacak paylarda değişiklik yapılmıştır,2017-06-22,2017-07-03,2017,2017Q3,AKSEN,AKSA ENERJİ,REMOVE,XU050,SCHEDULED,https://www.borsaistanbul.com/duyuru/11503/2017-yili-ucuncu-uc-aylik-donemi-icin-bist-pay-endeksleri-kapsaminda-yer-alacak-paylarda-degisiklik-yapilmistir,2026-08-24T03:03:26Z,bist_duyuru_11503_2017-06-22.html,d04af01fb2627297182a37022b19168476e87b222c10888dd03808b851d0110d,79466,PRIVATE_LOCAL_RAW,PRIVATE_LOCAL_RAW:bist-membership/events/bist_duyuru_11503_2017-06-22.html,INSUFFICIENT_IDENTITY_EVIDENCE,ACQUIRED,Itemised in the periodic review announcement; effective at the stated index-period start.
EV-147,Borsa Istanbul,11503,2017 yılı üçüncü üç aylık dönemi için BIST Pay Endeksleri kapsamında yer alacak paylarda değişiklik yapılmıştır,2017-06-22,2017-07-03,2017,2017Q3,GOZDE,GÖZDE GİRİŞİM,OTHER_MEMBERSHIP_RELEVANT,XU050,SCHEDULED,https://www.borsaistanbul.com/duyuru/11503/2017-yili-ucuncu-uc-aylik-donemi-icin-bist-pay-endeksleri-kapsaminda-yer-alacak-paylarda-degisiklik-yapilmistir,2026-08-24T03:03:26Z,bist_duyuru_11503_2017-06-22.html,d04af01fb2627297182a37022b19168476e87b222c10888dd03808b851d0110d,79466,PRIVATE_LOCAL_RAW,PRIVATE_LOCAL_RAW:bist-membership/events/bist_duyuru_11503_2017-06-22.html,INSUFFICIENT_IDENTITY_EVIDENCE,ACQUIRED,"Reserve (yedek) list entry: an eligible substitute under rulebook art. 7, NOT a membership change and NOT a state."
EV-148,Borsa Istanbul,11503,2017 yılı üçüncü üç aylık dönemi için BIST Pay Endeksleri kapsamında yer alacak paylarda değişiklik yapılmıştır,2017-06-22,2017-07-03,2017,2017Q3,GOODY,GOOD-YEAR (*),OTHER_MEMBERSHIP_RELEVANT,XU050,SCHEDULED,https://www.borsaistanbul.com/duyuru/11503/2017-yili-ucuncu-uc-aylik-donemi-icin-bist-pay-endeksleri-kapsaminda-yer-alacak-paylarda-degisiklik-yapilmistir,2026-08-24T03:03:26Z,bist_duyuru_11503_2017-06-22.html,d04af01fb2627297182a37022b19168476e87b222c10888dd03808b851d0110d,79466,PRIVATE_LOCAL_RAW,PRIVATE_LOCAL_RAW:bist-membership/events/bist_duyuru_11503_2017-06-22.html,INSUFFICIENT_IDENTITY_EVIDENCE,ACQUIRED,"Reserve (yedek) list entry: an eligible substitute under rulebook art. 7, NOT a membership change and NOT a state."
EV-149,Borsa Istanbul,11503,2017 yılı üçüncü üç aylık dönemi için BIST Pay Endeksleri kapsamında yer alacak paylarda değişiklik yapılmıştır,2017-06-22,2017-07-03,2017,2017Q3,ODAS,ODAŞ ELEKTRİK,OTHER_MEMBERSHIP_RELEVANT,XU050,SCHEDULED,https://www.borsaistanbul.com/duyuru/11503/2017-yili-ucuncu-uc-aylik-donemi-icin-bist-pay-endeksleri-kapsaminda-yer-alacak-paylarda-degisiklik-yapilmistir,2026-08-24T03:03:26Z,bist_duyuru_11503_2017-06-22.html,d04af01fb2627297182a37022b19168476e87b222c10888dd03808b851d0110d,79466,PRIVATE_LOCAL_RAW,PRIVATE_LOCAL_RAW:bist-membership/events/bist_duyuru_11503_2017-06-22.html,INSUFFICIENT_IDENTITY_EVIDENCE,ACQUIRED,"Reserve (yedek) list entry: an eligible substitute under rulebook art. 7, NOT a membership change and NOT a state."
EV-150,Borsa Istanbul,11503,2017 yılı üçüncü üç aylık dönemi için BIST Pay Endeksleri kapsamında yer alacak paylarda değişiklik yapılmıştır,2017-06-22,2017-07-03,2017,2017Q3,DOHOL,DOĞAN HOLDİNG (*),ADD,XU030,SCHEDULED,https://www.borsaistanbul.com/duyuru/11503/2017-yili-ucuncu-uc-aylik-donemi-icin-bist-pay-endeksleri-kapsaminda-yer-alacak-paylarda-degisiklik-yapilmistir,2026-08-24T03:03:26Z,bist_duyuru_11503_2017-06-22.html,d04af01fb2627297182a37022b19168476e87b222c10888dd03808b851d0110d,79466,PRIVATE_LOCAL_RAW,PRIVATE_LOCAL_RAW:bist-membership/events/bist_duyuru_11503_2017-06-22.html,INSUFFICIENT_IDENTITY_EVIDENCE,ACQUIRED,Itemised in the periodic review announcement; effective at the stated index-period start.
EV-151,Borsa Istanbul,11503,2017 yılı üçüncü üç aylık dönemi için BIST Pay Endeksleri kapsamında yer alacak paylarda değişiklik yapılmıştır,2017-06-22,2017-07-03,2017,2017Q3,FROTO,FORD OTOSAN,REMOVE,XU030,SCHEDULED,https://www.borsaistanbul.com/duyuru/11503/2017-yili-ucuncu-uc-aylik-donemi-icin-bist-pay-endeksleri-kapsaminda-yer-alacak-paylarda-degisiklik-yapilmistir,2026-08-24T03:03:26Z,bist_duyuru_11503_2017-06-22.html,d04af01fb2627297182a37022b19168476e87b222c10888dd03808b851d0110d,79466,PRIVATE_LOCAL_RAW,PRIVATE_LOCAL_RAW:bist-membership/events/bist_duyuru_11503_2017-06-22.html,INSUFFICIENT_IDENTITY_EVIDENCE,ACQUIRED,Itemised in the periodic review announcement; effective at the stated index-period start.
EV-152,Borsa Istanbul,11503,2017 yılı üçüncü üç aylık dönemi için BIST Pay Endeksleri kapsamında yer alacak paylarda değişiklik yapılmıştır,2017-06-22,2017-07-03,2017,2017Q3,PGSUS,PEGASUS,OTHER_MEMBERSHIP_RELEVANT,XU030,SCHEDULED,https://www.borsaistanbul.com/duyuru/11503/2017-yili-ucuncu-uc-aylik-donemi-icin-bist-pay-endeksleri-kapsaminda-yer-alacak-paylarda-degisiklik-yapilmistir,2026-08-24T03:03:26Z,bist_duyuru_11503_2017-06-22.html,d04af01fb2627297182a37022b19168476e87b222c10888dd03808b851d0110d,79466,PRIVATE_LOCAL_RAW,PRIVATE_LOCAL_RAW:bist-membership/events/bist_duyuru_11503_2017-06-22.html,INSUFFICIENT_IDENTITY_EVIDENCE,ACQUIRED,"Reserve (yedek) list entry: an eligible substitute under rulebook art. 7, NOT a membership change and NOT a state."
EV-153,Borsa Istanbul,11503,2017 yılı üçüncü üç aylık dönemi için BIST Pay Endeksleri kapsamında yer alacak paylarda değişiklik yapılmıştır,2017-06-22,2017-07-03,2017,2017Q3,ECILC,ECZACIBAŞI İLAÇ,OTHER_MEMBERSHIP_RELEVANT,XU030,SCHEDULED,https://www.borsaistanbul.com/duyuru/11503/2017-yili-ucuncu-uc-aylik-donemi-icin-bist-pay-endeksleri-kapsaminda-yer-alacak-paylarda-degisiklik-yapilmistir,2026-08-24T03:03:26Z,bist_duyuru_11503_2017-06-22.html,d04af01fb2627297182a37022b19168476e87b222c10888dd03808b851d0110d,79466,PRIVATE_LOCAL_RAW,PRIVATE_LOCAL_RAW:bist-membership/events/bist_duyuru_11503_2017-06-22.html,INSUFFICIENT_IDENTITY_EVIDENCE,ACQUIRED,"Reserve (yedek) list entry: an eligible substitute under rulebook art. 7, NOT a membership change and NOT a state."
EV-154,Borsa Istanbul,11473,2017 yılı dördüncü üç aylık dönemi için BIST Pay Endeksleri kapsamında yer alacak paylarda değişiklik yapılmıştır,2017-09-20,2017-10-02,2017,2017Q4,NA,NA,REVIEW_SCHEDULE,XU030;XU050;XU100,SCHEDULED,https://www.borsaistanbul.com/duyuru/11473/2017-yili-dorduncu-uc-aylik-donemi-icin-bist-pay-endeksleri-kapsaminda-yer-alacak-paylarda-degisiklik-yapilmistir,2026-08-24T03:03:26Z,bist_duyuru_11473_2017-09-20.html,c58f5c9f3103b60af3b04e43f5fefbe3ea731252072eaaaca43dd769de117080,79261,PRIVATE_LOCAL_RAW,PRIVATE_LOCAL_RAW:bist-membership/events/bist_duyuru_11473_2017-09-20.html,NA,ACQUIRED,"Periodic review announcement. The document states the index period explicitly as 2017-10-02 to 2017-12-29; effective_date is that stated period start, not the publication date. Additions and removals are equal in number in every transcribed table, consistent with rulebook art. 6(c)/(d)."
EV-155,Borsa Istanbul,11473,2017 yılı dördüncü üç aylık dönemi için BIST Pay Endeksleri kapsamında yer alacak paylarda değişiklik yapılmıştır,2017-09-20,2017-10-02,2017,2017Q4,SKBNK,ŞEKERBANK,ADD,XU100,SCHEDULED,https://www.borsaistanbul.com/duyuru/11473/2017-yili-dorduncu-uc-aylik-donemi-icin-bist-pay-endeksleri-kapsaminda-yer-alacak-paylarda-degisiklik-yapilmistir,2026-08-24T03:03:26Z,bist_duyuru_11473_2017-09-20.html,c58f5c9f3103b60af3b04e43f5fefbe3ea731252072eaaaca43dd769de117080,79261,PRIVATE_LOCAL_RAW,PRIVATE_LOCAL_RAW:bist-membership/events/bist_duyuru_11473_2017-09-20.html,INSUFFICIENT_IDENTITY_EVIDENCE,ACQUIRED,Itemised in the periodic review announcement; effective at the stated index-period start.
EV-156,Borsa Istanbul,11473,2017 yılı dördüncü üç aylık dönemi için BIST Pay Endeksleri kapsamında yer alacak paylarda değişiklik yapılmıştır,2017-09-20,2017-10-02,2017,2017Q4,KLGYO,KİLER GMYO,ADD,XU100,SCHEDULED,https://www.borsaistanbul.com/duyuru/11473/2017-yili-dorduncu-uc-aylik-donemi-icin-bist-pay-endeksleri-kapsaminda-yer-alacak-paylarda-degisiklik-yapilmistir,2026-08-24T03:03:26Z,bist_duyuru_11473_2017-09-20.html,c58f5c9f3103b60af3b04e43f5fefbe3ea731252072eaaaca43dd769de117080,79261,PRIVATE_LOCAL_RAW,PRIVATE_LOCAL_RAW:bist-membership/events/bist_duyuru_11473_2017-09-20.html,INSUFFICIENT_IDENTITY_EVIDENCE,ACQUIRED,Itemised in the periodic review announcement; effective at the stated index-period start.
EV-157,Borsa Istanbul,11473,2017 yılı dördüncü üç aylık dönemi için BIST Pay Endeksleri kapsamında yer alacak paylarda değişiklik yapılmıştır,2017-09-20,2017-10-02,2017,2017Q4,ANELE,ANEL ELEKTRİK,ADD,XU100,SCHEDULED,https://www.borsaistanbul.com/duyuru/11473/2017-yili-dorduncu-uc-aylik-donemi-icin-bist-pay-endeksleri-kapsaminda-yer-alacak-paylarda-degisiklik-yapilmistir,2026-08-24T03:03:26Z,bist_duyuru_11473_2017-09-20.html,c58f5c9f3103b60af3b04e43f5fefbe3ea731252072eaaaca43dd769de117080,79261,PRIVATE_LOCAL_RAW,PRIVATE_LOCAL_RAW:bist-membership/events/bist_duyuru_11473_2017-09-20.html,INSUFFICIENT_IDENTITY_EVIDENCE,ACQUIRED,Itemised in the periodic review announcement; effective at the stated index-period start.
EV-158,Borsa Istanbul,11473,2017 yılı dördüncü üç aylık dönemi için BIST Pay Endeksleri kapsamında yer alacak paylarda değişiklik yapılmıştır,2017-09-20,2017-10-02,2017,2017Q4,ICBCT,ICBC TURKEY BANK,ADD,XU100,SCHEDULED,https://www.borsaistanbul.com/duyuru/11473/2017-yili-dorduncu-uc-aylik-donemi-icin-bist-pay-endeksleri-kapsaminda-yer-alacak-paylarda-degisiklik-yapilmistir,2026-08-24T03:03:26Z,bist_duyuru_11473_2017-09-20.html,c58f5c9f3103b60af3b04e43f5fefbe3ea731252072eaaaca43dd769de117080,79261,PRIVATE_LOCAL_RAW,PRIVATE_LOCAL_RAW:bist-membership/events/bist_duyuru_11473_2017-09-20.html,INSUFFICIENT_IDENTITY_EVIDENCE,ACQUIRED,Itemised in the periodic review announcement; effective at the stated index-period start.
EV-159,Borsa Istanbul,11473,2017 yılı dördüncü üç aylık dönemi için BIST Pay Endeksleri kapsamında yer alacak paylarda değişiklik yapılmıştır,2017-09-20,2017-10-02,2017,2017Q4,LOGO,LOGO YAZILIM,REMOVE,XU100,SCHEDULED,https://www.borsaistanbul.com/duyuru/11473/2017-yili-dorduncu-uc-aylik-donemi-icin-bist-pay-endeksleri-kapsaminda-yer-alacak-paylarda-degisiklik-yapilmistir,2026-08-24T03:03:26Z,bist_duyuru_11473_2017-09-20.html,c58f5c9f3103b60af3b04e43f5fefbe3ea731252072eaaaca43dd769de117080,79261,PRIVATE_LOCAL_RAW,PRIVATE_LOCAL_RAW:bist-membership/events/bist_duyuru_11473_2017-09-20.html,INSUFFICIENT_IDENTITY_EVIDENCE,ACQUIRED,Itemised in the periodic review announcement; effective at the stated index-period start.
EV-160,Borsa Istanbul,11473,2017 yılı dördüncü üç aylık dönemi için BIST Pay Endeksleri kapsamında yer alacak paylarda değişiklik yapılmıştır,2017-09-20,2017-10-02,2017,2017Q4,TRGYO,TORUNLAR GMYO,REMOVE,XU100,SCHEDULED,https://www.borsaistanbul.com/duyuru/11473/2017-yili-dorduncu-uc-aylik-donemi-icin-bist-pay-endeksleri-kapsaminda-yer-alacak-paylarda-degisiklik-yapilmistir,2026-08-24T03:03:26Z,bist_duyuru_11473_2017-09-20.html,c58f5c9f3103b60af3b04e43f5fefbe3ea731252072eaaaca43dd769de117080,79261,PRIVATE_LOCAL_RAW,PRIVATE_LOCAL_RAW:bist-membership/events/bist_duyuru_11473_2017-09-20.html,INSUFFICIENT_IDENTITY_EVIDENCE,ACQUIRED,Itemised in the periodic review announcement; effective at the stated index-period start.
EV-161,Borsa Istanbul,11473,2017 yılı dördüncü üç aylık dönemi için BIST Pay Endeksleri kapsamında yer alacak paylarda değişiklik yapılmıştır,2017-09-20,2017-10-02,2017,2017Q4,KRONT,KRON TELEKOMÜNİKASYON,REMOVE,XU100,SCHEDULED,https://www.borsaistanbul.com/duyuru/11473/2017-yili-dorduncu-uc-aylik-donemi-icin-bist-pay-endeksleri-kapsaminda-yer-alacak-paylarda-degisiklik-yapilmistir,2026-08-24T03:03:26Z,bist_duyuru_11473_2017-09-20.html,c58f5c9f3103b60af3b04e43f5fefbe3ea731252072eaaaca43dd769de117080,79261,PRIVATE_LOCAL_RAW,PRIVATE_LOCAL_RAW:bist-membership/events/bist_duyuru_11473_2017-09-20.html,INSUFFICIENT_IDENTITY_EVIDENCE,ACQUIRED,Itemised in the periodic review announcement; effective at the stated index-period start.
EV-162,Borsa Istanbul,11473,2017 yılı dördüncü üç aylık dönemi için BIST Pay Endeksleri kapsamında yer alacak paylarda değişiklik yapılmıştır,2017-09-20,2017-10-02,2017,2017Q4,VESBE,VESTEL BEYAZ EŞYA,REMOVE,XU100,SCHEDULED,https://www.borsaistanbul.com/duyuru/11473/2017-yili-dorduncu-uc-aylik-donemi-icin-bist-pay-endeksleri-kapsaminda-yer-alacak-paylarda-degisiklik-yapilmistir,2026-08-24T03:03:26Z,bist_duyuru_11473_2017-09-20.html,c58f5c9f3103b60af3b04e43f5fefbe3ea731252072eaaaca43dd769de117080,79261,PRIVATE_LOCAL_RAW,PRIVATE_LOCAL_RAW:bist-membership/events/bist_duyuru_11473_2017-09-20.html,INSUFFICIENT_IDENTITY_EVIDENCE,ACQUIRED,Itemised in the periodic review announcement; effective at the stated index-period start.
EV-163,Borsa Istanbul,11473,2017 yılı dördüncü üç aylık dönemi için BIST Pay Endeksleri kapsamında yer alacak paylarda değişiklik yapılmıştır,2017-09-20,2017-10-02,2017,2017Q4,HURGZ,HÜRRİYET GZT.,OTHER_MEMBERSHIP_RELEVANT,XU100,SCHEDULED,https://www.borsaistanbul.com/duyuru/11473/2017-yili-dorduncu-uc-aylik-donemi-icin-bist-pay-endeksleri-kapsaminda-yer-alacak-paylarda-degisiklik-yapilmistir,2026-08-24T03:03:26Z,bist_duyuru_11473_2017-09-20.html,c58f5c9f3103b60af3b04e43f5fefbe3ea731252072eaaaca43dd769de117080,79261,PRIVATE_LOCAL_RAW,PRIVATE_LOCAL_RAW:bist-membership/events/bist_duyuru_11473_2017-09-20.html,INSUFFICIENT_IDENTITY_EVIDENCE,ACQUIRED,"Reserve (yedek) list entry: an eligible substitute under rulebook art. 7, NOT a membership change and NOT a state."
EV-164,Borsa Istanbul,11473,2017 yılı dördüncü üç aylık dönemi için BIST Pay Endeksleri kapsamında yer alacak paylarda değişiklik yapılmıştır,2017-09-20,2017-10-02,2017,2017Q4,SNGYO,SİNPAŞ GMYO,OTHER_MEMBERSHIP_RELEVANT,XU100,SCHEDULED,https://www.borsaistanbul.com/duyuru/11473/2017-yili-dorduncu-uc-aylik-donemi-icin-bist-pay-endeksleri-kapsaminda-yer-alacak-paylarda-degisiklik-yapilmistir,2026-08-24T03:03:26Z,bist_duyuru_11473_2017-09-20.html,c58f5c9f3103b60af3b04e43f5fefbe3ea731252072eaaaca43dd769de117080,79261,PRIVATE_LOCAL_RAW,PRIVATE_LOCAL_RAW:bist-membership/events/bist_duyuru_11473_2017-09-20.html,INSUFFICIENT_IDENTITY_EVIDENCE,ACQUIRED,"Reserve (yedek) list entry: an eligible substitute under rulebook art. 7, NOT a membership change and NOT a state."
EV-165,Borsa Istanbul,11473,2017 yılı dördüncü üç aylık dönemi için BIST Pay Endeksleri kapsamında yer alacak paylarda değişiklik yapılmıştır,2017-09-20,2017-10-02,2017,2017Q4,BRSAN,BORUSAN MANNESMANN,OTHER_MEMBERSHIP_RELEVANT,XU100,SCHEDULED,https://www.borsaistanbul.com/duyuru/11473/2017-yili-dorduncu-uc-aylik-donemi-icin-bist-pay-endeksleri-kapsaminda-yer-alacak-paylarda-degisiklik-yapilmistir,2026-08-24T03:03:26Z,bist_duyuru_11473_2017-09-20.html,c58f5c9f3103b60af3b04e43f5fefbe3ea731252072eaaaca43dd769de117080,79261,PRIVATE_LOCAL_RAW,PRIVATE_LOCAL_RAW:bist-membership/events/bist_duyuru_11473_2017-09-20.html,INSUFFICIENT_IDENTITY_EVIDENCE,ACQUIRED,"Reserve (yedek) list entry: an eligible substitute under rulebook art. 7, NOT a membership change and NOT a state."
EV-166,Borsa Istanbul,11473,2017 yılı dördüncü üç aylık dönemi için BIST Pay Endeksleri kapsamında yer alacak paylarda değişiklik yapılmıştır,2017-09-20,2017-10-02,2017,2017Q4,KATMR,KATMERCİLER EKİPMAN,OTHER_MEMBERSHIP_RELEVANT,XU100,SCHEDULED,https://www.borsaistanbul.com/duyuru/11473/2017-yili-dorduncu-uc-aylik-donemi-icin-bist-pay-endeksleri-kapsaminda-yer-alacak-paylarda-degisiklik-yapilmistir,2026-08-24T03:03:26Z,bist_duyuru_11473_2017-09-20.html,c58f5c9f3103b60af3b04e43f5fefbe3ea731252072eaaaca43dd769de117080,79261,PRIVATE_LOCAL_RAW,PRIVATE_LOCAL_RAW:bist-membership/events/bist_duyuru_11473_2017-09-20.html,INSUFFICIENT_IDENTITY_EVIDENCE,ACQUIRED,"Reserve (yedek) list entry: an eligible substitute under rulebook art. 7, NOT a membership change and NOT a state."
EV-167,Borsa Istanbul,11473,2017 yılı dördüncü üç aylık dönemi için BIST Pay Endeksleri kapsamında yer alacak paylarda değişiklik yapılmıştır,2017-09-20,2017-10-02,2017,2017Q4,EGSER,EGE SERAMİK,OTHER_MEMBERSHIP_RELEVANT,XU100,SCHEDULED,https://www.borsaistanbul.com/duyuru/11473/2017-yili-dorduncu-uc-aylik-donemi-icin-bist-pay-endeksleri-kapsaminda-yer-alacak-paylarda-degisiklik-yapilmistir,2026-08-24T03:03:26Z,bist_duyuru_11473_2017-09-20.html,c58f5c9f3103b60af3b04e43f5fefbe3ea731252072eaaaca43dd769de117080,79261,PRIVATE_LOCAL_RAW,PRIVATE_LOCAL_RAW:bist-membership/events/bist_duyuru_11473_2017-09-20.html,INSUFFICIENT_IDENTITY_EVIDENCE,ACQUIRED,"Reserve (yedek) list entry: an eligible substitute under rulebook art. 7, NOT a membership change and NOT a state."
EV-168,Borsa Istanbul,11473,2017 yılı dördüncü üç aylık dönemi için BIST Pay Endeksleri kapsamında yer alacak paylarda değişiklik yapılmıştır,2017-09-20,2017-10-02,2017,2017Q4,GLYHO,GLOBAL YAT. HOLDİNG,ADD,XU050,SCHEDULED,https://www.borsaistanbul.com/duyuru/11473/2017-yili-dorduncu-uc-aylik-donemi-icin-bist-pay-endeksleri-kapsaminda-yer-alacak-paylarda-degisiklik-yapilmistir,2026-08-24T03:03:26Z,bist_duyuru_11473_2017-09-20.html,c58f5c9f3103b60af3b04e43f5fefbe3ea731252072eaaaca43dd769de117080,79261,PRIVATE_LOCAL_RAW,PRIVATE_LOCAL_RAW:bist-membership/events/bist_duyuru_11473_2017-09-20.html,INSUFFICIENT_IDENTITY_EVIDENCE,ACQUIRED,Itemised in the periodic review announcement; effective at the stated index-period start.
EV-169,Borsa Istanbul,11473,2017 yılı dördüncü üç aylık dönemi için BIST Pay Endeksleri kapsamında yer alacak paylarda değişiklik yapılmıştır,2017-09-20,2017-10-02,2017,2017Q4,IHLAS,İHLAS HOLDİNG,ADD,XU050,SCHEDULED,https://www.borsaistanbul.com/duyuru/11473/2017-yili-dorduncu-uc-aylik-donemi-icin-bist-pay-endeksleri-kapsaminda-yer-alacak-paylarda-degisiklik-yapilmistir,2026-08-24T03:03:26Z,bist_duyuru_11473_2017-09-20.html,c58f5c9f3103b60af3b04e43f5fefbe3ea731252072eaaaca43dd769de117080,79261,PRIVATE_LOCAL_RAW,PRIVATE_LOCAL_RAW:bist-membership/events/bist_duyuru_11473_2017-09-20.html,INSUFFICIENT_IDENTITY_EVIDENCE,ACQUIRED,Itemised in the periodic review announcement; effective at the stated index-period start.
EV-170,Borsa Istanbul,11473,2017 yılı dördüncü üç aylık dönemi için BIST Pay Endeksleri kapsamında yer alacak paylarda değişiklik yapılmıştır,2017-09-20,2017-10-02,2017,2017Q4,IPEKE,İPEK DOĞAL ENERJİ,ADD,XU050,SCHEDULED,https://www.borsaistanbul.com/duyuru/11473/2017-yili-dorduncu-uc-aylik-donemi-icin-bist-pay-endeksleri-kapsaminda-yer-alacak-paylarda-degisiklik-yapilmistir,2026-08-24T03:03:26Z,bist_duyuru_11473_2017-09-20.html,c58f5c9f3103b60af3b04e43f5fefbe3ea731252072eaaaca43dd769de117080,79261,PRIVATE_LOCAL_RAW,PRIVATE_LOCAL_RAW:bist-membership/events/bist_duyuru_11473_2017-09-20.html,INSUFFICIENT_IDENTITY_EVIDENCE,ACQUIRED,Itemised in the periodic review announcement; effective at the stated index-period start.
EV-171,Borsa Istanbul,11473,2017 yılı dördüncü üç aylık dönemi için BIST Pay Endeksleri kapsamında yer alacak paylarda değişiklik yapılmıştır,2017-09-20,2017-10-02,2017,2017Q4,TTRAK,TÜRK TRAKTÖR,REMOVE,XU050,SCHEDULED,https://www.borsaistanbul.com/duyuru/11473/2017-yili-dorduncu-uc-aylik-donemi-icin-bist-pay-endeksleri-kapsaminda-yer-alacak-paylarda-degisiklik-yapilmistir,2026-08-24T03:03:26Z,bist_duyuru_11473_2017-09-20.html,c58f5c9f3103b60af3b04e43f5fefbe3ea731252072eaaaca43dd769de117080,79261,PRIVATE_LOCAL_RAW,PRIVATE_LOCAL_RAW:bist-membership/events/bist_duyuru_11473_2017-09-20.html,INSUFFICIENT_IDENTITY_EVIDENCE,ACQUIRED,Itemised in the periodic review announcement; effective at the stated index-period start.
EV-172,Borsa Istanbul,11473,2017 yılı dördüncü üç aylık dönemi için BIST Pay Endeksleri kapsamında yer alacak paylarda değişiklik yapılmıştır,2017-09-20,2017-10-02,2017,2017Q4,TSKB,T.S.K.B.,REMOVE,XU050,SCHEDULED,https://www.borsaistanbul.com/duyuru/11473/2017-yili-dorduncu-uc-aylik-donemi-icin-bist-pay-endeksleri-kapsaminda-yer-alacak-paylarda-degisiklik-yapilmistir,2026-08-24T03:03:26Z,bist_duyuru_11473_2017-09-20.html,c58f5c9f3103b60af3b04e43f5fefbe3ea731252072eaaaca43dd769de117080,79261,PRIVATE_LOCAL_RAW,PRIVATE_LOCAL_RAW:bist-membership/events/bist_duyuru_11473_2017-09-20.html,INSUFFICIENT_IDENTITY_EVIDENCE,ACQUIRED,Itemised in the periodic review announcement; effective at the stated index-period start.
EV-173,Borsa Istanbul,11473,2017 yılı dördüncü üç aylık dönemi için BIST Pay Endeksleri kapsamında yer alacak paylarda değişiklik yapılmıştır,2017-09-20,2017-10-02,2017,2017Q4,FENER,FENERBAHÇE FUTBOL,REMOVE,XU050,SCHEDULED,https://www.borsaistanbul.com/duyuru/11473/2017-yili-dorduncu-uc-aylik-donemi-icin-bist-pay-endeksleri-kapsaminda-yer-alacak-paylarda-degisiklik-yapilmistir,2026-08-24T03:03:26Z,bist_duyuru_11473_2017-09-20.html,c58f5c9f3103b60af3b04e43f5fefbe3ea731252072eaaaca43dd769de117080,79261,PRIVATE_LOCAL_RAW,PRIVATE_LOCAL_RAW:bist-membership/events/bist_duyuru_11473_2017-09-20.html,INSUFFICIENT_IDENTITY_EVIDENCE,ACQUIRED,Itemised in the periodic review announcement; effective at the stated index-period start.
EV-174,Borsa Istanbul,11473,2017 yılı dördüncü üç aylık dönemi için BIST Pay Endeksleri kapsamında yer alacak paylarda değişiklik yapılmıştır,2017-09-20,2017-10-02,2017,2017Q4,GOZDE,GÖZDE GİRİŞİM,OTHER_MEMBERSHIP_RELEVANT,XU050,SCHEDULED,https://www.borsaistanbul.com/duyuru/11473/2017-yili-dorduncu-uc-aylik-donemi-icin-bist-pay-endeksleri-kapsaminda-yer-alacak-paylarda-degisiklik-yapilmistir,2026-08-24T03:03:26Z,bist_duyuru_11473_2017-09-20.html,c58f5c9f3103b60af3b04e43f5fefbe3ea731252072eaaaca43dd769de117080,79261,PRIVATE_LOCAL_RAW,PRIVATE_LOCAL_RAW:bist-membership/events/bist_duyuru_11473_2017-09-20.html,INSUFFICIENT_IDENTITY_EVIDENCE,ACQUIRED,"Reserve (yedek) list entry: an eligible substitute under rulebook art. 7, NOT a membership change and NOT a state."
EV-175,Borsa Istanbul,11473,2017 yılı dördüncü üç aylık dönemi için BIST Pay Endeksleri kapsamında yer alacak paylarda değişiklik yapılmıştır,2017-09-20,2017-10-02,2017,2017Q4,GOODY,GOOD-YEAR,OTHER_MEMBERSHIP_RELEVANT,XU050,SCHEDULED,https://www.borsaistanbul.com/duyuru/11473/2017-yili-dorduncu-uc-aylik-donemi-icin-bist-pay-endeksleri-kapsaminda-yer-alacak-paylarda-degisiklik-yapilmistir,2026-08-24T03:03:26Z,bist_duyuru_11473_2017-09-20.html,c58f5c9f3103b60af3b04e43f5fefbe3ea731252072eaaaca43dd769de117080,79261,PRIVATE_LOCAL_RAW,PRIVATE_LOCAL_RAW:bist-membership/events/bist_duyuru_11473_2017-09-20.html,INSUFFICIENT_IDENTITY_EVIDENCE,ACQUIRED,"Reserve (yedek) list entry: an eligible substitute under rulebook art. 7, NOT a membership change and NOT a state."
EV-176,Borsa Istanbul,11473,2017 yılı dördüncü üç aylık dönemi için BIST Pay Endeksleri kapsamında yer alacak paylarda değişiklik yapılmıştır,2017-09-20,2017-10-02,2017,2017Q4,SKBNK,ŞEKERBANK,OTHER_MEMBERSHIP_RELEVANT,XU050,SCHEDULED,https://www.borsaistanbul.com/duyuru/11473/2017-yili-dorduncu-uc-aylik-donemi-icin-bist-pay-endeksleri-kapsaminda-yer-alacak-paylarda-degisiklik-yapilmistir,2026-08-24T03:03:26Z,bist_duyuru_11473_2017-09-20.html,c58f5c9f3103b60af3b04e43f5fefbe3ea731252072eaaaca43dd769de117080,79261,PRIVATE_LOCAL_RAW,PRIVATE_LOCAL_RAW:bist-membership/events/bist_duyuru_11473_2017-09-20.html,INSUFFICIENT_IDENTITY_EVIDENCE,ACQUIRED,"Reserve (yedek) list entry: an eligible substitute under rulebook art. 7, NOT a membership change and NOT a state."
EV-177,Borsa Istanbul,11473,2017 yılı dördüncü üç aylık dönemi için BIST Pay Endeksleri kapsamında yer alacak paylarda değişiklik yapılmıştır,2017-09-20,2017-10-02,2017,2017Q4,KOZAA,KOZA MADENCİLİK,ADD,XU030,SCHEDULED,https://www.borsaistanbul.com/duyuru/11473/2017-yili-dorduncu-uc-aylik-donemi-icin-bist-pay-endeksleri-kapsaminda-yer-alacak-paylarda-degisiklik-yapilmistir,2026-08-24T03:03:26Z,bist_duyuru_11473_2017-09-20.html,c58f5c9f3103b60af3b04e43f5fefbe3ea731252072eaaaca43dd769de117080,79261,PRIVATE_LOCAL_RAW,PRIVATE_LOCAL_RAW:bist-membership/events/bist_duyuru_11473_2017-09-20.html,INSUFFICIENT_IDENTITY_EVIDENCE,ACQUIRED,Itemised in the periodic review announcement; effective at the stated index-period start.
EV-178,Borsa Istanbul,11473,2017 yılı dördüncü üç aylık dönemi için BIST Pay Endeksleri kapsamında yer alacak paylarda değişiklik yapılmıştır,2017-09-20,2017-10-02,2017,2017Q4,PGSUS,PEGASUS,ADD,XU030,SCHEDULED,https://www.borsaistanbul.com/duyuru/11473/2017-yili-dorduncu-uc-aylik-donemi-icin-bist-pay-endeksleri-kapsaminda-yer-alacak-paylarda-degisiklik-yapilmistir,2026-08-24T03:03:26Z,bist_duyuru_11473_2017-09-20.html,c58f5c9f3103b60af3b04e43f5fefbe3ea731252072eaaaca43dd769de117080,79261,PRIVATE_LOCAL_RAW,PRIVATE_LOCAL_RAW:bist-membership/events/bist_duyuru_11473_2017-09-20.html,INSUFFICIENT_IDENTITY_EVIDENCE,ACQUIRED,Itemised in the periodic review announcement; effective at the stated index-period start.
EV-179,Borsa Istanbul,11473,2017 yılı dördüncü üç aylık dönemi için BIST Pay Endeksleri kapsamında yer alacak paylarda değişiklik yapılmıştır,2017-09-20,2017-10-02,2017,2017Q4,ECILC,ECZACIBAŞI İLAÇ,ADD,XU030,SCHEDULED,https://www.borsaistanbul.com/duyuru/11473/2017-yili-dorduncu-uc-aylik-donemi-icin-bist-pay-endeksleri-kapsaminda-yer-alacak-paylarda-degisiklik-yapilmistir,2026-08-24T03:03:26Z,bist_duyuru_11473_2017-09-20.html,c58f5c9f3103b60af3b04e43f5fefbe3ea731252072eaaaca43dd769de117080,79261,PRIVATE_LOCAL_RAW,PRIVATE_LOCAL_RAW:bist-membership/events/bist_duyuru_11473_2017-09-20.html,INSUFFICIENT_IDENTITY_EVIDENCE,ACQUIRED,Itemised in the periodic review announcement; effective at the stated index-period start.
EV-180,Borsa Istanbul,11473,2017 yılı dördüncü üç aylık dönemi için BIST Pay Endeksleri kapsamında yer alacak paylarda değişiklik yapılmıştır,2017-09-20,2017-10-02,2017,2017Q4,MAVI,MAVİ GİYİM,REMOVE,XU030,SCHEDULED,https://www.borsaistanbul.com/duyuru/11473/2017-yili-dorduncu-uc-aylik-donemi-icin-bist-pay-endeksleri-kapsaminda-yer-alacak-paylarda-degisiklik-yapilmistir,2026-08-24T03:03:26Z,bist_duyuru_11473_2017-09-20.html,c58f5c9f3103b60af3b04e43f5fefbe3ea731252072eaaaca43dd769de117080,79261,PRIVATE_LOCAL_RAW,PRIVATE_LOCAL_RAW:bist-membership/events/bist_duyuru_11473_2017-09-20.html,INSUFFICIENT_IDENTITY_EVIDENCE,ACQUIRED,Itemised in the periodic review announcement; effective at the stated index-period start.
EV-181,Borsa Istanbul,11473,2017 yılı dördüncü üç aylık dönemi için BIST Pay Endeksleri kapsamında yer alacak paylarda değişiklik yapılmıştır,2017-09-20,2017-10-02,2017,2017Q4,SODA,SODA SANAYİİ,REMOVE,XU030,SCHEDULED,https://www.borsaistanbul.com/duyuru/11473/2017-yili-dorduncu-uc-aylik-donemi-icin-bist-pay-endeksleri-kapsaminda-yer-alacak-paylarda-degisiklik-yapilmistir,2026-08-24T03:03:26Z,bist_duyuru_11473_2017-09-20.html,c58f5c9f3103b60af3b04e43f5fefbe3ea731252072eaaaca43dd769de117080,79261,PRIVATE_LOCAL_RAW,PRIVATE_LOCAL_RAW:bist-membership/events/bist_duyuru_11473_2017-09-20.html,INSUFFICIENT_IDENTITY_EVIDENCE,ACQUIRED,Itemised in the periodic review announcement; effective at the stated index-period start.
EV-182,Borsa Istanbul,11473,2017 yılı dördüncü üç aylık dönemi için BIST Pay Endeksleri kapsamında yer alacak paylarda değişiklik yapılmıştır,2017-09-20,2017-10-02,2017,2017Q4,ULKER,ÜLKER BİSKÜVİ,REMOVE,XU030,SCHEDULED,https://www.borsaistanbul.com/duyuru/11473/2017-yili-dorduncu-uc-aylik-donemi-icin-bist-pay-endeksleri-kapsaminda-yer-alacak-paylarda-degisiklik-yapilmistir,2026-08-24T03:03:26Z,bist_duyuru_11473_2017-09-20.html,c58f5c9f3103b60af3b04e43f5fefbe3ea731252072eaaaca43dd769de117080,79261,PRIVATE_LOCAL_RAW,PRIVATE_LOCAL_RAW:bist-membership/events/bist_duyuru_11473_2017-09-20.html,INSUFFICIENT_IDENTITY_EVIDENCE,ACQUIRED,Itemised in the periodic review announcement; effective at the stated index-period start.
EV-183,Borsa Istanbul,11473,2017 yılı dördüncü üç aylık dönemi için BIST Pay Endeksleri kapsamında yer alacak paylarda değişiklik yapılmıştır,2017-09-20,2017-10-02,2017,2017Q4,VESTL,VESTEL,OTHER_MEMBERSHIP_RELEVANT,XU030,SCHEDULED,https://www.borsaistanbul.com/duyuru/11473/2017-yili-dorduncu-uc-aylik-donemi-icin-bist-pay-endeksleri-kapsaminda-yer-alacak-paylarda-degisiklik-yapilmistir,2026-08-24T03:03:26Z,bist_duyuru_11473_2017-09-20.html,c58f5c9f3103b60af3b04e43f5fefbe3ea731252072eaaaca43dd769de117080,79261,PRIVATE_LOCAL_RAW,PRIVATE_LOCAL_RAW:bist-membership/events/bist_duyuru_11473_2017-09-20.html,INSUFFICIENT_IDENTITY_EVIDENCE,ACQUIRED,"Reserve (yedek) list entry: an eligible substitute under rulebook art. 7, NOT a membership change and NOT a state."
EV-184,Borsa Istanbul,11473,2017 yılı dördüncü üç aylık dönemi için BIST Pay Endeksleri kapsamında yer alacak paylarda değişiklik yapılmıştır,2017-09-20,2017-10-02,2017,2017Q4,BJKAS,BEŞİKTAŞ FUTBOL YAT.,OTHER_MEMBERSHIP_RELEVANT,XU030,SCHEDULED,https://www.borsaistanbul.com/duyuru/11473/2017-yili-dorduncu-uc-aylik-donemi-icin-bist-pay-endeksleri-kapsaminda-yer-alacak-paylarda-degisiklik-yapilmistir,2026-08-24T03:03:26Z,bist_duyuru_11473_2017-09-20.html,c58f5c9f3103b60af3b04e43f5fefbe3ea731252072eaaaca43dd769de117080,79261,PRIVATE_LOCAL_RAW,PRIVATE_LOCAL_RAW:bist-membership/events/bist_duyuru_11473_2017-09-20.html,INSUFFICIENT_IDENTITY_EVIDENCE,ACQUIRED,"Reserve (yedek) list entry: an eligible substitute under rulebook art. 7, NOT a membership change and NOT a state."
EV-185,Borsa Istanbul,11466,2018 yılı birinci üç aylık dönemi için BIST Pay Endeksleri kapsamında yer alacak paylarda değişiklik yapılmıştır,2017-12-18,2018-01-02,2018,2018Q1,NA,NA,REVIEW_SCHEDULE,XU030;XU050;XU100,SCHEDULED,https://www.borsaistanbul.com/duyuru/11466/2018-yili-birinci-uc-aylik-donemi-icin-bist-pay-endeksleri-kapsaminda-yer-alacak-paylarda-degisiklik-yapilmistir,2026-08-24T03:03:26Z,bist_duyuru_11466_2017-12-18.html,b1dfb707f1d5fb71446efd84ead28b03c96ed71451ed2975ebcf10011ab15c8e,79952,PRIVATE_LOCAL_RAW,PRIVATE_LOCAL_RAW:bist-membership/events/bist_duyuru_11466_2017-12-18.html,NA,ACQUIRED,"Periodic review announcement. The document states the index period explicitly as 2018-01-02 to 2018-03-30; effective_date is that stated period start, not the publication date. Additions and removals are equal in number in every transcribed table, consistent with rulebook art. 6(c)/(d)."
EV-186,Borsa Istanbul,11466,2018 yılı birinci üç aylık dönemi için BIST Pay Endeksleri kapsamında yer alacak paylarda değişiklik yapılmıştır,2017-12-18,2018-01-02,2018,2018Q1,NTHOL,NET HOLDING,ADD,XU100,SCHEDULED,https://www.borsaistanbul.com/duyuru/11466/2018-yili-birinci-uc-aylik-donemi-icin-bist-pay-endeksleri-kapsaminda-yer-alacak-paylarda-degisiklik-yapilmistir,2026-08-24T03:03:26Z,bist_duyuru_11466_2017-12-18.html,b1dfb707f1d5fb71446efd84ead28b03c96ed71451ed2975ebcf10011ab15c8e,79952,PRIVATE_LOCAL_RAW,PRIVATE_LOCAL_RAW:bist-membership/events/bist_duyuru_11466_2017-12-18.html,INSUFFICIENT_IDENTITY_EVIDENCE,ACQUIRED,Itemised in the periodic review announcement; effective at the stated index-period start.
EV-187,Borsa Istanbul,11466,2018 yılı birinci üç aylık dönemi için BIST Pay Endeksleri kapsamında yer alacak paylarda değişiklik yapılmıştır,2017-12-18,2018-01-02,2018,2018Q1,BERA,BERA HOLDING,ADD,XU100,SCHEDULED,https://www.borsaistanbul.com/duyuru/11466/2018-yili-birinci-uc-aylik-donemi-icin-bist-pay-endeksleri-kapsaminda-yer-alacak-paylarda-degisiklik-yapilmistir,2026-08-24T03:03:26Z,bist_duyuru_11466_2017-12-18.html,b1dfb707f1d5fb71446efd84ead28b03c96ed71451ed2975ebcf10011ab15c8e,79952,PRIVATE_LOCAL_RAW,PRIVATE_LOCAL_RAW:bist-membership/events/bist_duyuru_11466_2017-12-18.html,INSUFFICIENT_IDENTITY_EVIDENCE,ACQUIRED,Itemised in the periodic review announcement; effective at the stated index-period start.
EV-188,Borsa Istanbul,11466,2018 yılı birinci üç aylık dönemi için BIST Pay Endeksleri kapsamında yer alacak paylarda değişiklik yapılmıştır,2017-12-18,2018-01-02,2018,2018Q1,DGKLB,DOGTAS KELEBEK MOBILYA,ADD,XU100,SCHEDULED,https://www.borsaistanbul.com/duyuru/11466/2018-yili-birinci-uc-aylik-donemi-icin-bist-pay-endeksleri-kapsaminda-yer-alacak-paylarda-degisiklik-yapilmistir,2026-08-24T03:03:26Z,bist_duyuru_11466_2017-12-18.html,b1dfb707f1d5fb71446efd84ead28b03c96ed71451ed2975ebcf10011ab15c8e,79952,PRIVATE_LOCAL_RAW,PRIVATE_LOCAL_RAW:bist-membership/events/bist_duyuru_11466_2017-12-18.html,INSUFFICIENT_IDENTITY_EVIDENCE,ACQUIRED,Itemised in the periodic review announcement; effective at the stated index-period start.
EV-189,Borsa Istanbul,11466,2018 yılı birinci üç aylık dönemi için BIST Pay Endeksleri kapsamında yer alacak paylarda değişiklik yapılmıştır,2017-12-18,2018-01-02,2018,2018Q1,IEYHO,ISIKLAR ENERJI YAPI HOL.,ADD,XU100,SCHEDULED,https://www.borsaistanbul.com/duyuru/11466/2018-yili-birinci-uc-aylik-donemi-icin-bist-pay-endeksleri-kapsaminda-yer-alacak-paylarda-degisiklik-yapilmistir,2026-08-24T03:03:26Z,bist_duyuru_11466_2017-12-18.html,b1dfb707f1d5fb71446efd84ead28b03c96ed71451ed2975ebcf10011ab15c8e,79952,PRIVATE_LOCAL_RAW,PRIVATE_LOCAL_RAW:bist-membership/events/bist_duyuru_11466_2017-12-18.html,INSUFFICIENT_IDENTITY_EVIDENCE,ACQUIRED,Itemised in the periodic review announcement; effective at the stated index-period start.
EV-190,Borsa Istanbul,11466,2018 yılı birinci üç aylık dönemi için BIST Pay Endeksleri kapsamında yer alacak paylarda değişiklik yapılmıştır,2017-12-18,2018-01-02,2018,2018Q1,BRSAN,BORUSAN MANNESMANN,ADD,XU100,SCHEDULED,https://www.borsaistanbul.com/duyuru/11466/2018-yili-birinci-uc-aylik-donemi-icin-bist-pay-endeksleri-kapsaminda-yer-alacak-paylarda-degisiklik-yapilmistir,2026-08-24T03:03:26Z,bist_duyuru_11466_2017-12-18.html,b1dfb707f1d5fb71446efd84ead28b03c96ed71451ed2975ebcf10011ab15c8e,79952,PRIVATE_LOCAL_RAW,PRIVATE_LOCAL_RAW:bist-membership/events/bist_duyuru_11466_2017-12-18.html,INSUFFICIENT_IDENTITY_EVIDENCE,ACQUIRED,Itemised in the periodic review announcement; effective at the stated index-period start.
EV-191,Borsa Istanbul,11466,2018 yılı birinci üç aylık dönemi için BIST Pay Endeksleri kapsamında yer alacak paylarda değişiklik yapılmıştır,2017-12-18,2018-01-02,2018,2018Q1,SNGYO,SINPAS GMYO,ADD,XU100,SCHEDULED,https://www.borsaistanbul.com/duyuru/11466/2018-yili-birinci-uc-aylik-donemi-icin-bist-pay-endeksleri-kapsaminda-yer-alacak-paylarda-degisiklik-yapilmistir,2026-08-24T03:03:26Z,bist_duyuru_11466_2017-12-18.html,b1dfb707f1d5fb71446efd84ead28b03c96ed71451ed2975ebcf10011ab15c8e,79952,PRIVATE_LOCAL_RAW,PRIVATE_LOCAL_RAW:bist-membership/events/bist_duyuru_11466_2017-12-18.html,INSUFFICIENT_IDENTITY_EVIDENCE,ACQUIRED,Itemised in the periodic review announcement; effective at the stated index-period start.
EV-192,Borsa Istanbul,11466,2018 yılı birinci üç aylık dönemi için BIST Pay Endeksleri kapsamında yer alacak paylarda değişiklik yapılmıştır,2017-12-18,2018-01-02,2018,2018Q1,IHLGM,IHLAS GAYRIMENKUL,ADD,XU100,SCHEDULED,https://www.borsaistanbul.com/duyuru/11466/2018-yili-birinci-uc-aylik-donemi-icin-bist-pay-endeksleri-kapsaminda-yer-alacak-paylarda-degisiklik-yapilmistir,2026-08-24T03:03:26Z,bist_duyuru_11466_2017-12-18.html,b1dfb707f1d5fb71446efd84ead28b03c96ed71451ed2975ebcf10011ab15c8e,79952,PRIVATE_LOCAL_RAW,PRIVATE_LOCAL_RAW:bist-membership/events/bist_duyuru_11466_2017-12-18.html,INSUFFICIENT_IDENTITY_EVIDENCE,ACQUIRED,Itemised in the periodic review announcement; effective at the stated index-period start.
EV-193,Borsa Istanbul,11466,2018 yılı birinci üç aylık dönemi için BIST Pay Endeksleri kapsamında yer alacak paylarda değişiklik yapılmıştır,2017-12-18,2018-01-02,2018,2018Q1,CLEBI,CELEBI,REMOVE,XU100,SCHEDULED,https://www.borsaistanbul.com/duyuru/11466/2018-yili-birinci-uc-aylik-donemi-icin-bist-pay-endeksleri-kapsaminda-yer-alacak-paylarda-degisiklik-yapilmistir,2026-08-24T03:03:26Z,bist_duyuru_11466_2017-12-18.html,b1dfb707f1d5fb71446efd84ead28b03c96ed71451ed2975ebcf10011ab15c8e,79952,PRIVATE_LOCAL_RAW,PRIVATE_LOCAL_RAW:bist-membership/events/bist_duyuru_11466_2017-12-18.html,INSUFFICIENT_IDENTITY_EVIDENCE,ACQUIRED,Itemised in the periodic review announcement; effective at the stated index-period start.
EV-194,Borsa Istanbul,11466,2018 yılı birinci üç aylık dönemi için BIST Pay Endeksleri kapsamında yer alacak paylarda değişiklik yapılmıştır,2017-12-18,2018-01-02,2018,2018Q1,YAZIC,YAZICILAR HOLDING,REMOVE,XU100,SCHEDULED,https://www.borsaistanbul.com/duyuru/11466/2018-yili-birinci-uc-aylik-donemi-icin-bist-pay-endeksleri-kapsaminda-yer-alacak-paylarda-degisiklik-yapilmistir,2026-08-24T03:03:26Z,bist_duyuru_11466_2017-12-18.html,b1dfb707f1d5fb71446efd84ead28b03c96ed71451ed2975ebcf10011ab15c8e,79952,PRIVATE_LOCAL_RAW,PRIVATE_LOCAL_RAW:bist-membership/events/bist_duyuru_11466_2017-12-18.html,INSUFFICIENT_IDENTITY_EVIDENCE,ACQUIRED,Itemised in the periodic review announcement; effective at the stated index-period start.
EV-195,Borsa Istanbul,11466,2018 yılı birinci üç aylık dönemi için BIST Pay Endeksleri kapsamında yer alacak paylarda değişiklik yapılmıştır,2017-12-18,2018-01-02,2018,2018Q1,IZMDC,IZMIR DEMIR CELIK,REMOVE,XU100,SCHEDULED,https://www.borsaistanbul.com/duyuru/11466/2018-yili-birinci-uc-aylik-donemi-icin-bist-pay-endeksleri-kapsaminda-yer-alacak-paylarda-degisiklik-yapilmistir,2026-08-24T03:03:26Z,bist_duyuru_11466_2017-12-18.html,b1dfb707f1d5fb71446efd84ead28b03c96ed71451ed2975ebcf10011ab15c8e,79952,PRIVATE_LOCAL_RAW,PRIVATE_LOCAL_RAW:bist-membership/events/bist_duyuru_11466_2017-12-18.html,INSUFFICIENT_IDENTITY_EVIDENCE,ACQUIRED,Itemised in the periodic review announcement; effective at the stated index-period start.
EV-196,Borsa Istanbul,11466,2018 yılı birinci üç aylık dönemi için BIST Pay Endeksleri kapsamında yer alacak paylarda değişiklik yapılmıştır,2017-12-18,2018-01-02,2018,2018Q1,ALKIM,ALKIM KIMYA,REMOVE,XU100,SCHEDULED,https://www.borsaistanbul.com/duyuru/11466/2018-yili-birinci-uc-aylik-donemi-icin-bist-pay-endeksleri-kapsaminda-yer-alacak-paylarda-degisiklik-yapilmistir,2026-08-24T03:03:26Z,bist_duyuru_11466_2017-12-18.html,b1dfb707f1d5fb71446efd84ead28b03c96ed71451ed2975ebcf10011ab15c8e,79952,PRIVATE_LOCAL_RAW,PRIVATE_LOCAL_RAW:bist-membership/events/bist_duyuru_11466_2017-12-18.html,INSUFFICIENT_IDENTITY_EVIDENCE,ACQUIRED,Itemised in the periodic review announcement; effective at the stated index-period start.
EV-197,Borsa Istanbul,11466,2018 yılı birinci üç aylık dönemi için BIST Pay Endeksleri kapsamında yer alacak paylarda değişiklik yapılmıştır,2017-12-18,2018-01-02,2018,2018Q1,KONYA,KONYA CIMENTO,REMOVE,XU100,SCHEDULED,https://www.borsaistanbul.com/duyuru/11466/2018-yili-birinci-uc-aylik-donemi-icin-bist-pay-endeksleri-kapsaminda-yer-alacak-paylarda-degisiklik-yapilmistir,2026-08-24T03:03:26Z,bist_duyuru_11466_2017-12-18.html,b1dfb707f1d5fb71446efd84ead28b03c96ed71451ed2975ebcf10011ab15c8e,79952,PRIVATE_LOCAL_RAW,PRIVATE_LOCAL_RAW:bist-membership/events/bist_duyuru_11466_2017-12-18.html,INSUFFICIENT_IDENTITY_EVIDENCE,ACQUIRED,Itemised in the periodic review announcement; effective at the stated index-period start.
EV-198,Borsa Istanbul,11466,2018 yılı birinci üç aylık dönemi için BIST Pay Endeksleri kapsamında yer alacak paylarda değişiklik yapılmıştır,2017-12-18,2018-01-02,2018,2018Q1,ALCTL,ALCATEL LUCENT TELETAS,REMOVE,XU100,SCHEDULED,https://www.borsaistanbul.com/duyuru/11466/2018-yili-birinci-uc-aylik-donemi-icin-bist-pay-endeksleri-kapsaminda-yer-alacak-paylarda-degisiklik-yapilmistir,2026-08-24T03:03:26Z,bist_duyuru_11466_2017-12-18.html,b1dfb707f1d5fb71446efd84ead28b03c96ed71451ed2975ebcf10011ab15c8e,79952,PRIVATE_LOCAL_RAW,PRIVATE_LOCAL_RAW:bist-membership/events/bist_duyuru_11466_2017-12-18.html,INSUFFICIENT_IDENTITY_EVIDENCE,ACQUIRED,Itemised in the periodic review announcement; effective at the stated index-period start.
EV-199,Borsa Istanbul,11466,2018 yılı birinci üç aylık dönemi için BIST Pay Endeksleri kapsamında yer alacak paylarda değişiklik yapılmıştır,2017-12-18,2018-01-02,2018,2018Q1,TSPOR,TRABZONSPOR SPORTIF,REMOVE,XU100,SCHEDULED,https://www.borsaistanbul.com/duyuru/11466/2018-yili-birinci-uc-aylik-donemi-icin-bist-pay-endeksleri-kapsaminda-yer-alacak-paylarda-degisiklik-yapilmistir,2026-08-24T03:03:26Z,bist_duyuru_11466_2017-12-18.html,b1dfb707f1d5fb71446efd84ead28b03c96ed71451ed2975ebcf10011ab15c8e,79952,PRIVATE_LOCAL_RAW,PRIVATE_LOCAL_RAW:bist-membership/events/bist_duyuru_11466_2017-12-18.html,INSUFFICIENT_IDENTITY_EVIDENCE,ACQUIRED,Itemised in the periodic review announcement; effective at the stated index-period start.
EV-200,Borsa Istanbul,11466,2018 yılı birinci üç aylık dönemi için BIST Pay Endeksleri kapsamında yer alacak paylarda değişiklik yapılmıştır,2017-12-18,2018-01-02,2018,2018Q1,BSOKE,BATISOKE CIMENTO,OTHER_MEMBERSHIP_RELEVANT,XU100,SCHEDULED,https://www.borsaistanbul.com/duyuru/11466/2018-yili-birinci-uc-aylik-donemi-icin-bist-pay-endeksleri-kapsaminda-yer-alacak-paylarda-degisiklik-yapilmistir,2026-08-24T03:03:26Z,bist_duyuru_11466_2017-12-18.html,b1dfb707f1d5fb71446efd84ead28b03c96ed71451ed2975ebcf10011ab15c8e,79952,PRIVATE_LOCAL_RAW,PRIVATE_LOCAL_RAW:bist-membership/events/bist_duyuru_11466_2017-12-18.html,INSUFFICIENT_IDENTITY_EVIDENCE,ACQUIRED,"Reserve (yedek) list entry: an eligible substitute under rulebook art. 7, NOT a membership change and NOT a state."
EV-201,Borsa Istanbul,11466,2018 yılı birinci üç aylık dönemi için BIST Pay Endeksleri kapsamında yer alacak paylarda değişiklik yapılmıştır,2017-12-18,2018-01-02,2018,2018Q1,AVGYO,AVRASYA GMYO,OTHER_MEMBERSHIP_RELEVANT,XU100,SCHEDULED,https://www.borsaistanbul.com/duyuru/11466/2018-yili-birinci-uc-aylik-donemi-icin-bist-pay-endeksleri-kapsaminda-yer-alacak-paylarda-degisiklik-yapilmistir,2026-08-24T03:03:26Z,bist_duyuru_11466_2017-12-18.html,b1dfb707f1d5fb71446efd84ead28b03c96ed71451ed2975ebcf10011ab15c8e,79952,PRIVATE_LOCAL_RAW,PRIVATE_LOCAL_RAW:bist-membership/events/bist_duyuru_11466_2017-12-18.html,INSUFFICIENT_IDENTITY_EVIDENCE,ACQUIRED,"Reserve (yedek) list entry: an eligible substitute under rulebook art. 7, NOT a membership change and NOT a state."
EV-202,Borsa Istanbul,11466,2018 yılı birinci üç aylık dönemi için BIST Pay Endeksleri kapsamında yer alacak paylarda değişiklik yapılmıştır,2017-12-18,2018-01-02,2018,2018Q1,OZKGY,OZAK GMYO,OTHER_MEMBERSHIP_RELEVANT,XU100,SCHEDULED,https://www.borsaistanbul.com/duyuru/11466/2018-yili-birinci-uc-aylik-donemi-icin-bist-pay-endeksleri-kapsaminda-yer-alacak-paylarda-degisiklik-yapilmistir,2026-08-24T03:03:26Z,bist_duyuru_11466_2017-12-18.html,b1dfb707f1d5fb71446efd84ead28b03c96ed71451ed2975ebcf10011ab15c8e,79952,PRIVATE_LOCAL_RAW,PRIVATE_LOCAL_RAW:bist-membership/events/bist_duyuru_11466_2017-12-18.html,INSUFFICIENT_IDENTITY_EVIDENCE,ACQUIRED,"Reserve (yedek) list entry: an eligible substitute under rulebook art. 7, NOT a membership change and NOT a state."
EV-203,Borsa Istanbul,11466,2018 yılı birinci üç aylık dönemi için BIST Pay Endeksleri kapsamında yer alacak paylarda değişiklik yapılmıştır,2017-12-18,2018-01-02,2018,2018Q1,AKFGY,AKFEN GMYO,OTHER_MEMBERSHIP_RELEVANT,XU100,SCHEDULED,https://www.borsaistanbul.com/duyuru/11466/2018-yili-birinci-uc-aylik-donemi-icin-bist-pay-endeksleri-kapsaminda-yer-alacak-paylarda-degisiklik-yapilmistir,2026-08-24T03:03:26Z,bist_duyuru_11466_2017-12-18.html,b1dfb707f1d5fb71446efd84ead28b03c96ed71451ed2975ebcf10011ab15c8e,79952,PRIVATE_LOCAL_RAW,PRIVATE_LOCAL_RAW:bist-membership/events/bist_duyuru_11466_2017-12-18.html,INSUFFICIENT_IDENTITY_EVIDENCE,ACQUIRED,"Reserve (yedek) list entry: an eligible substitute under rulebook art. 7, NOT a membership change and NOT a state."
EV-204,Borsa Istanbul,11466,2018 yılı birinci üç aylık dönemi için BIST Pay Endeksleri kapsamında yer alacak paylarda değişiklik yapılmıştır,2017-12-18,2018-01-02,2018,2018Q1,KATMR,KATMERCILER EKIPMAN,OTHER_MEMBERSHIP_RELEVANT,XU100,SCHEDULED,https://www.borsaistanbul.com/duyuru/11466/2018-yili-birinci-uc-aylik-donemi-icin-bist-pay-endeksleri-kapsaminda-yer-alacak-paylarda-degisiklik-yapilmistir,2026-08-24T03:03:26Z,bist_duyuru_11466_2017-12-18.html,b1dfb707f1d5fb71446efd84ead28b03c96ed71451ed2975ebcf10011ab15c8e,79952,PRIVATE_LOCAL_RAW,PRIVATE_LOCAL_RAW:bist-membership/events/bist_duyuru_11466_2017-12-18.html,INSUFFICIENT_IDENTITY_EVIDENCE,ACQUIRED,"Reserve (yedek) list entry: an eligible substitute under rulebook art. 7, NOT a membership change and NOT a state."
EV-205,Borsa Istanbul,11466,2018 yılı birinci üç aylık dönemi için BIST Pay Endeksleri kapsamında yer alacak paylarda değişiklik yapılmıştır,2017-12-18,2018-01-02,2018,2018Q1,SKBNK,SEKERBANK,ADD,XU050,SCHEDULED,https://www.borsaistanbul.com/duyuru/11466/2018-yili-birinci-uc-aylik-donemi-icin-bist-pay-endeksleri-kapsaminda-yer-alacak-paylarda-degisiklik-yapilmistir,2026-08-24T03:03:26Z,bist_duyuru_11466_2017-12-18.html,b1dfb707f1d5fb71446efd84ead28b03c96ed71451ed2975ebcf10011ab15c8e,79952,PRIVATE_LOCAL_RAW,PRIVATE_LOCAL_RAW:bist-membership/events/bist_duyuru_11466_2017-12-18.html,INSUFFICIENT_IDENTITY_EVIDENCE,ACQUIRED,Itemised in the periodic review announcement; effective at the stated index-period start.
EV-206,Borsa Istanbul,11466,2018 yılı birinci üç aylık dönemi için BIST Pay Endeksleri kapsamında yer alacak paylarda değişiklik yapılmıştır,2017-12-18,2018-01-02,2018,2018Q1,GOZDE,GOZDE GIRISIM,ADD,XU050,SCHEDULED,https://www.borsaistanbul.com/duyuru/11466/2018-yili-birinci-uc-aylik-donemi-icin-bist-pay-endeksleri-kapsaminda-yer-alacak-paylarda-degisiklik-yapilmistir,2026-08-24T03:03:26Z,bist_duyuru_11466_2017-12-18.html,b1dfb707f1d5fb71446efd84ead28b03c96ed71451ed2975ebcf10011ab15c8e,79952,PRIVATE_LOCAL_RAW,PRIVATE_LOCAL_RAW:bist-membership/events/bist_duyuru_11466_2017-12-18.html,INSUFFICIENT_IDENTITY_EVIDENCE,ACQUIRED,Itemised in the periodic review announcement; effective at the stated index-period start.
EV-207,Borsa Istanbul,11466,2018 yılı birinci üç aylık dönemi için BIST Pay Endeksleri kapsamında yer alacak paylarda değişiklik yapılmıştır,2017-12-18,2018-01-02,2018,2018Q1,NTHOL,NET HOLDING,ADD,XU050,SCHEDULED,https://www.borsaistanbul.com/duyuru/11466/2018-yili-birinci-uc-aylik-donemi-icin-bist-pay-endeksleri-kapsaminda-yer-alacak-paylarda-degisiklik-yapilmistir,2026-08-24T03:03:26Z,bist_duyuru_11466_2017-12-18.html,b1dfb707f1d5fb71446efd84ead28b03c96ed71451ed2975ebcf10011ab15c8e,79952,PRIVATE_LOCAL_RAW,PRIVATE_LOCAL_RAW:bist-membership/events/bist_duyuru_11466_2017-12-18.html,INSUFFICIENT_IDENTITY_EVIDENCE,ACQUIRED,Itemised in the periodic review announcement; effective at the stated index-period start.
EV-208,Borsa Istanbul,11466,2018 yılı birinci üç aylık dönemi için BIST Pay Endeksleri kapsamında yer alacak paylarda değişiklik yapılmıştır,2017-12-18,2018-01-02,2018,2018Q1,MAVI,MAVI GIYIM,REMOVE,XU050,SCHEDULED,https://www.borsaistanbul.com/duyuru/11466/2018-yili-birinci-uc-aylik-donemi-icin-bist-pay-endeksleri-kapsaminda-yer-alacak-paylarda-degisiklik-yapilmistir,2026-08-24T03:03:26Z,bist_duyuru_11466_2017-12-18.html,b1dfb707f1d5fb71446efd84ead28b03c96ed71451ed2975ebcf10011ab15c8e,79952,PRIVATE_LOCAL_RAW,PRIVATE_LOCAL_RAW:bist-membership/events/bist_duyuru_11466_2017-12-18.html,INSUFFICIENT_IDENTITY_EVIDENCE,ACQUIRED,Itemised in the periodic review announcement; effective at the stated index-period start.
EV-209,Borsa Istanbul,11466,2018 yılı birinci üç aylık dönemi için BIST Pay Endeksleri kapsamında yer alacak paylarda değişiklik yapılmıştır,2017-12-18,2018-01-02,2018,2018Q1,DOAS,DOGUS OTOMOTIV,REMOVE,XU050,SCHEDULED,https://www.borsaistanbul.com/duyuru/11466/2018-yili-birinci-uc-aylik-donemi-icin-bist-pay-endeksleri-kapsaminda-yer-alacak-paylarda-degisiklik-yapilmistir,2026-08-24T03:03:26Z,bist_duyuru_11466_2017-12-18.html,b1dfb707f1d5fb71446efd84ead28b03c96ed71451ed2975ebcf10011ab15c8e,79952,PRIVATE_LOCAL_RAW,PRIVATE_LOCAL_RAW:bist-membership/events/bist_duyuru_11466_2017-12-18.html,INSUFFICIENT_IDENTITY_EVIDENCE,ACQUIRED,Itemised in the periodic review announcement; effective at the stated index-period start.
EV-210,Borsa Istanbul,11466,2018 yılı birinci üç aylık dönemi için BIST Pay Endeksleri kapsamında yer alacak paylarda değişiklik yapılmıştır,2017-12-18,2018-01-02,2018,2018Q1,TATGD,TAT GIDA,REMOVE,XU050,SCHEDULED,https://www.borsaistanbul.com/duyuru/11466/2018-yili-birinci-uc-aylik-donemi-icin-bist-pay-endeksleri-kapsaminda-yer-alacak-paylarda-degisiklik-yapilmistir,2026-08-24T03:03:26Z,bist_duyuru_11466_2017-12-18.html,b1dfb707f1d5fb71446efd84ead28b03c96ed71451ed2975ebcf10011ab15c8e,79952,PRIVATE_LOCAL_RAW,PRIVATE_LOCAL_RAW:bist-membership/events/bist_duyuru_11466_2017-12-18.html,INSUFFICIENT_IDENTITY_EVIDENCE,ACQUIRED,Same ticker also appears in the RESERVE column of the same table in the same document.
EV-211,Borsa Istanbul,11466,2018 yılı birinci üç aylık dönemi için BIST Pay Endeksleri kapsamında yer alacak paylarda değişiklik yapılmıştır,2017-12-18,2018-01-02,2018,2018Q1,KARSN,KARSAN OTOMOTIV,OTHER_MEMBERSHIP_RELEVANT,XU050,SCHEDULED,https://www.borsaistanbul.com/duyuru/11466/2018-yili-birinci-uc-aylik-donemi-icin-bist-pay-endeksleri-kapsaminda-yer-alacak-paylarda-degisiklik-yapilmistir,2026-08-24T03:03:26Z,bist_duyuru_11466_2017-12-18.html,b1dfb707f1d5fb71446efd84ead28b03c96ed71451ed2975ebcf10011ab15c8e,79952,PRIVATE_LOCAL_RAW,PRIVATE_LOCAL_RAW:bist-membership/events/bist_duyuru_11466_2017-12-18.html,INSUFFICIENT_IDENTITY_EVIDENCE,ACQUIRED,"Reserve (yedek) list entry: an eligible substitute under rulebook art. 7, NOT a membership change and NOT a state."
EV-212,Borsa Istanbul,11466,2018 yılı birinci üç aylık dönemi için BIST Pay Endeksleri kapsamında yer alacak paylarda değişiklik yapılmıştır,2017-12-18,2018-01-02,2018,2018Q1,GOODY,GOOD-YEAR,OTHER_MEMBERSHIP_RELEVANT,XU050,SCHEDULED,https://www.borsaistanbul.com/duyuru/11466/2018-yili-birinci-uc-aylik-donemi-icin-bist-pay-endeksleri-kapsaminda-yer-alacak-paylarda-degisiklik-yapilmistir,2026-08-24T03:03:26Z,bist_duyuru_11466_2017-12-18.html,b1dfb707f1d5fb71446efd84ead28b03c96ed71451ed2975ebcf10011ab15c8e,79952,PRIVATE_LOCAL_RAW,PRIVATE_LOCAL_RAW:bist-membership/events/bist_duyuru_11466_2017-12-18.html,INSUFFICIENT_IDENTITY_EVIDENCE,ACQUIRED,"Reserve (yedek) list entry: an eligible substitute under rulebook art. 7, NOT a membership change and NOT a state."
EV-213,Borsa Istanbul,11466,2018 yılı birinci üç aylık dönemi için BIST Pay Endeksleri kapsamında yer alacak paylarda değişiklik yapılmıştır,2017-12-18,2018-01-02,2018,2018Q1,TATGD,TAT GIDA,OTHER_MEMBERSHIP_RELEVANT,XU050,SCHEDULED,https://www.borsaistanbul.com/duyuru/11466/2018-yili-birinci-uc-aylik-donemi-icin-bist-pay-endeksleri-kapsaminda-yer-alacak-paylarda-degisiklik-yapilmistir,2026-08-24T03:03:26Z,bist_duyuru_11466_2017-12-18.html,b1dfb707f1d5fb71446efd84ead28b03c96ed71451ed2975ebcf10011ab15c8e,79952,PRIVATE_LOCAL_RAW,PRIVATE_LOCAL_RAW:bist-membership/events/bist_duyuru_11466_2017-12-18.html,INSUFFICIENT_IDENTITY_EVIDENCE,ACQUIRED,"Reserve (yedek) list entry: an eligible substitute under rulebook art. 7, NOT a membership change and NOT a state. Same ticker also appears in the REMOVE column of the same table in the same document."
EV-214,Borsa Istanbul,11466,2018 yılı birinci üç aylık dönemi için BIST Pay Endeksleri kapsamında yer alacak paylarda değişiklik yapılmıştır,2017-12-18,2018-01-02,2018,2018Q1,SKBNK,SEKERBANK,ADD,XU030,SCHEDULED,https://www.borsaistanbul.com/duyuru/11466/2018-yili-birinci-uc-aylik-donemi-icin-bist-pay-endeksleri-kapsaminda-yer-alacak-paylarda-degisiklik-yapilmistir,2026-08-24T03:03:26Z,bist_duyuru_11466_2017-12-18.html,b1dfb707f1d5fb71446efd84ead28b03c96ed71451ed2975ebcf10011ab15c8e,79952,PRIVATE_LOCAL_RAW,PRIVATE_LOCAL_RAW:bist-membership/events/bist_duyuru_11466_2017-12-18.html,INSUFFICIENT_IDENTITY_EVIDENCE,ACQUIRED,Itemised in the periodic review announcement; effective at the stated index-period start.
EV-215,Borsa Istanbul,11466,2018 yılı birinci üç aylık dönemi için BIST Pay Endeksleri kapsamında yer alacak paylarda değişiklik yapılmıştır,2017-12-18,2018-01-02,2018,2018Q1,ENKAI,ENKA INSAAT,REMOVE,XU030,SCHEDULED,https://www.borsaistanbul.com/duyuru/11466/2018-yili-birinci-uc-aylik-donemi-icin-bist-pay-endeksleri-kapsaminda-yer-alacak-paylarda-degisiklik-yapilmistir,2026-08-24T03:03:26Z,bist_duyuru_11466_2017-12-18.html,b1dfb707f1d5fb71446efd84ead28b03c96ed71451ed2975ebcf10011ab15c8e,79952,PRIVATE_LOCAL_RAW,PRIVATE_LOCAL_RAW:bist-membership/events/bist_duyuru_11466_2017-12-18.html,INSUFFICIENT_IDENTITY_EVIDENCE,ACQUIRED,Itemised in the periodic review announcement; effective at the stated index-period start.
EV-216,Borsa Istanbul,11466,2018 yılı birinci üç aylık dönemi için BIST Pay Endeksleri kapsamında yer alacak paylarda değişiklik yapılmıştır,2017-12-18,2018-01-02,2018,2018Q1,GOZDE,GOZDE GIRISIM,OTHER_MEMBERSHIP_RELEVANT,XU030,SCHEDULED,https://www.borsaistanbul.com/duyuru/11466/2018-yili-birinci-uc-aylik-donemi-icin-bist-pay-endeksleri-kapsaminda-yer-alacak-paylarda-degisiklik-yapilmistir,2026-08-24T03:03:26Z,bist_duyuru_11466_2017-12-18.html,b1dfb707f1d5fb71446efd84ead28b03c96ed71451ed2975ebcf10011ab15c8e,79952,PRIVATE_LOCAL_RAW,PRIVATE_LOCAL_RAW:bist-membership/events/bist_duyuru_11466_2017-12-18.html,INSUFFICIENT_IDENTITY_EVIDENCE,ACQUIRED,"Reserve (yedek) list entry: an eligible substitute under rulebook art. 7, NOT a membership change and NOT a state."
EV-217,Borsa Istanbul,11466,2018 yılı birinci üç aylık dönemi için BIST Pay Endeksleri kapsamında yer alacak paylarda değişiklik yapılmıştır,2017-12-18,2018-01-02,2018,2018Q1,VESTL,VESTEL,OTHER_MEMBERSHIP_RELEVANT,XU030,SCHEDULED,https://www.borsaistanbul.com/duyuru/11466/2018-yili-birinci-uc-aylik-donemi-icin-bist-pay-endeksleri-kapsaminda-yer-alacak-paylarda-degisiklik-yapilmistir,2026-08-24T03:03:26Z,bist_duyuru_11466_2017-12-18.html,b1dfb707f1d5fb71446efd84ead28b03c96ed71451ed2975ebcf10011ab15c8e,79952,PRIVATE_LOCAL_RAW,PRIVATE_LOCAL_RAW:bist-membership/events/bist_duyuru_11466_2017-12-18.html,INSUFFICIENT_IDENTITY_EVIDENCE,ACQUIRED,"Reserve (yedek) list entry: an eligible substitute under rulebook art. 7, NOT a membership change and NOT a state."
EV-218,Borsa Istanbul,11443,2018 yılı ikinci üç aylık dönemi için BIST Pay Endeksleri kapsamında yer alacak paylarda değişiklik yapılmıştır,2018-03-22,2018-04-02,2018,2018Q2,NA,NA,REVIEW_SCHEDULE,XU030;XU050;XU100,SCHEDULED,https://www.borsaistanbul.com/duyuru/11443/2018-yili-ikinci-uc-aylik-donemi-icin-bist-pay-endeksleri-kapsaminda-yer-alacak-paylarda-degisiklik-yapilmistir,2026-08-24T03:03:26Z,bist_duyuru_11443_2018-03-22.html,9f5dc32027b967d46262883c59e35f480f0d98ebd6b0a40897d088d1906e6219,78794,PRIVATE_LOCAL_RAW,PRIVATE_LOCAL_RAW:bist-membership/events/bist_duyuru_11443_2018-03-22.html,NA,ACQUIRED,"Periodic review announcement. The document states the index period explicitly as 2018-04-02 to 2018-06-29; effective_date is that stated period start, not the publication date. Additions and removals are equal in number in every transcribed table, consistent with rulebook art. 6(c)/(d)."
EV-219,Borsa Istanbul,11443,2018 yılı ikinci üç aylık dönemi için BIST Pay Endeksleri kapsamında yer alacak paylarda değişiklik yapılmıştır,2018-03-22,2018-04-02,2018,2018Q2,ALBRK,ALBARAKA TURK,ADD,XU100,SCHEDULED,https://www.borsaistanbul.com/duyuru/11443/2018-yili-ikinci-uc-aylik-donemi-icin-bist-pay-endeksleri-kapsaminda-yer-alacak-paylarda-degisiklik-yapilmistir,2026-08-24T03:03:26Z,bist_duyuru_11443_2018-03-22.html,9f5dc32027b967d46262883c59e35f480f0d98ebd6b0a40897d088d1906e6219,78794,PRIVATE_LOCAL_RAW,PRIVATE_LOCAL_RAW:bist-membership/events/bist_duyuru_11443_2018-03-22.html,INSUFFICIENT_IDENTITY_EVIDENCE,ACQUIRED,Itemised in the periodic review announcement; effective at the stated index-period start.
EV-220,Borsa Istanbul,11443,2018 yılı ikinci üç aylık dönemi için BIST Pay Endeksleri kapsamında yer alacak paylarda değişiklik yapılmıştır,2018-03-22,2018-04-02,2018,2018Q2,FLAP,FLAP KONGRE TOPLANTI HIZ.,ADD,XU100,SCHEDULED,https://www.borsaistanbul.com/duyuru/11443/2018-yili-ikinci-uc-aylik-donemi-icin-bist-pay-endeksleri-kapsaminda-yer-alacak-paylarda-degisiklik-yapilmistir,2026-08-24T03:03:26Z,bist_duyuru_11443_2018-03-22.html,9f5dc32027b967d46262883c59e35f480f0d98ebd6b0a40897d088d1906e6219,78794,PRIVATE_LOCAL_RAW,PRIVATE_LOCAL_RAW:bist-membership/events/bist_duyuru_11443_2018-03-22.html,INSUFFICIENT_IDENTITY_EVIDENCE,ACQUIRED,Itemised in the periodic review announcement; effective at the stated index-period start.
EV-221,Borsa Istanbul,11443,2018 yılı ikinci üç aylık dönemi için BIST Pay Endeksleri kapsamında yer alacak paylarda değişiklik yapılmıştır,2018-03-22,2018-04-02,2018,2018Q2,CEMAS,CEMAS DOKUM,ADD,XU100,SCHEDULED,https://www.borsaistanbul.com/duyuru/11443/2018-yili-ikinci-uc-aylik-donemi-icin-bist-pay-endeksleri-kapsaminda-yer-alacak-paylarda-degisiklik-yapilmistir,2026-08-24T03:03:26Z,bist_duyuru_11443_2018-03-22.html,9f5dc32027b967d46262883c59e35f480f0d98ebd6b0a40897d088d1906e6219,78794,PRIVATE_LOCAL_RAW,PRIVATE_LOCAL_RAW:bist-membership/events/bist_duyuru_11443_2018-03-22.html,INSUFFICIENT_IDENTITY_EVIDENCE,ACQUIRED,Itemised in the periodic review announcement; effective at the stated index-period start.
EV-222,Borsa Istanbul,11443,2018 yılı ikinci üç aylık dönemi için BIST Pay Endeksleri kapsamında yer alacak paylarda değişiklik yapılmıştır,2018-03-22,2018-04-02,2018,2018Q2,DGATE,DATAGATE BILGISAYAR,ADD,XU100,SCHEDULED,https://www.borsaistanbul.com/duyuru/11443/2018-yili-ikinci-uc-aylik-donemi-icin-bist-pay-endeksleri-kapsaminda-yer-alacak-paylarda-degisiklik-yapilmistir,2026-08-24T03:03:26Z,bist_duyuru_11443_2018-03-22.html,9f5dc32027b967d46262883c59e35f480f0d98ebd6b0a40897d088d1906e6219,78794,PRIVATE_LOCAL_RAW,PRIVATE_LOCAL_RAW:bist-membership/events/bist_duyuru_11443_2018-03-22.html,INSUFFICIENT_IDENTITY_EVIDENCE,ACQUIRED,Itemised in the periodic review announcement; effective at the stated index-period start.
EV-223,Borsa Istanbul,11443,2018 yılı ikinci üç aylık dönemi için BIST Pay Endeksleri kapsamında yer alacak paylarda değişiklik yapılmıştır,2018-03-22,2018-04-02,2018,2018Q2,AYEN,AYEN ENERJI,ADD,XU100,SCHEDULED,https://www.borsaistanbul.com/duyuru/11443/2018-yili-ikinci-uc-aylik-donemi-icin-bist-pay-endeksleri-kapsaminda-yer-alacak-paylarda-degisiklik-yapilmistir,2026-08-24T03:03:26Z,bist_duyuru_11443_2018-03-22.html,9f5dc32027b967d46262883c59e35f480f0d98ebd6b0a40897d088d1906e6219,78794,PRIVATE_LOCAL_RAW,PRIVATE_LOCAL_RAW:bist-membership/events/bist_duyuru_11443_2018-03-22.html,INSUFFICIENT_IDENTITY_EVIDENCE,ACQUIRED,Itemised in the periodic review announcement; effective at the stated index-period start.
EV-224,Borsa Istanbul,11443,2018 yılı ikinci üç aylık dönemi için BIST Pay Endeksleri kapsamında yer alacak paylarda değişiklik yapılmıştır,2018-03-22,2018-04-02,2018,2018Q2,BIZIM,BIZIM MAGAZALARI,REMOVE,XU100,SCHEDULED,https://www.borsaistanbul.com/duyuru/11443/2018-yili-ikinci-uc-aylik-donemi-icin-bist-pay-endeksleri-kapsaminda-yer-alacak-paylarda-degisiklik-yapilmistir,2026-08-24T03:03:26Z,bist_duyuru_11443_2018-03-22.html,9f5dc32027b967d46262883c59e35f480f0d98ebd6b0a40897d088d1906e6219,78794,PRIVATE_LOCAL_RAW,PRIVATE_LOCAL_RAW:bist-membership/events/bist_duyuru_11443_2018-03-22.html,INSUFFICIENT_IDENTITY_EVIDENCE,ACQUIRED,Itemised in the periodic review announcement; effective at the stated index-period start.
EV-225,Borsa Istanbul,11443,2018 yılı ikinci üç aylık dönemi için BIST Pay Endeksleri kapsamında yer alacak paylarda değişiklik yapılmıştır,2018-03-22,2018-04-02,2018,2018Q2,BAGFS,BAGFAS,REMOVE,XU100,SCHEDULED,https://www.borsaistanbul.com/duyuru/11443/2018-yili-ikinci-uc-aylik-donemi-icin-bist-pay-endeksleri-kapsaminda-yer-alacak-paylarda-degisiklik-yapilmistir,2026-08-24T03:03:26Z,bist_duyuru_11443_2018-03-22.html,9f5dc32027b967d46262883c59e35f480f0d98ebd6b0a40897d088d1906e6219,78794,PRIVATE_LOCAL_RAW,PRIVATE_LOCAL_RAW:bist-membership/events/bist_duyuru_11443_2018-03-22.html,INSUFFICIENT_IDENTITY_EVIDENCE,ACQUIRED,Itemised in the periodic review announcement; effective at the stated index-period start.
EV-226,Borsa Istanbul,11443,2018 yılı ikinci üç aylık dönemi için BIST Pay Endeksleri kapsamında yer alacak paylarda değişiklik yapılmıştır,2018-03-22,2018-04-02,2018,2018Q2,AYGAZ,AYGAZ,REMOVE,XU100,SCHEDULED,https://www.borsaistanbul.com/duyuru/11443/2018-yili-ikinci-uc-aylik-donemi-icin-bist-pay-endeksleri-kapsaminda-yer-alacak-paylarda-degisiklik-yapilmistir,2026-08-24T03:03:26Z,bist_duyuru_11443_2018-03-22.html,9f5dc32027b967d46262883c59e35f480f0d98ebd6b0a40897d088d1906e6219,78794,PRIVATE_LOCAL_RAW,PRIVATE_LOCAL_RAW:bist-membership/events/bist_duyuru_11443_2018-03-22.html,INSUFFICIENT_IDENTITY_EVIDENCE,ACQUIRED,Itemised in the periodic review announcement; effective at the stated index-period start. The source prints the bulletin name identically to the share code for this row; recorded verbatim.
EV-227,Borsa Istanbul,11443,2018 yılı ikinci üç aylık dönemi için BIST Pay Endeksleri kapsamında yer alacak paylarda değişiklik yapılmıştır,2018-03-22,2018-04-02,2018,2018Q2,ERBOS,ERBOSAN,REMOVE,XU100,SCHEDULED,https://www.borsaistanbul.com/duyuru/11443/2018-yili-ikinci-uc-aylik-donemi-icin-bist-pay-endeksleri-kapsaminda-yer-alacak-paylarda-degisiklik-yapilmistir,2026-08-24T03:03:26Z,bist_duyuru_11443_2018-03-22.html,9f5dc32027b967d46262883c59e35f480f0d98ebd6b0a40897d088d1906e6219,78794,PRIVATE_LOCAL_RAW,PRIVATE_LOCAL_RAW:bist-membership/events/bist_duyuru_11443_2018-03-22.html,INSUFFICIENT_IDENTITY_EVIDENCE,ACQUIRED,Itemised in the periodic review announcement; effective at the stated index-period start.
EV-228,Borsa Istanbul,11443,2018 yılı ikinci üç aylık dönemi için BIST Pay Endeksleri kapsamında yer alacak paylarda değişiklik yapılmıştır,2018-03-22,2018-04-02,2018,2018Q2,HURGZ,HURRIYET GZT.,REMOVE,XU100,SCHEDULED,https://www.borsaistanbul.com/duyuru/11443/2018-yili-ikinci-uc-aylik-donemi-icin-bist-pay-endeksleri-kapsaminda-yer-alacak-paylarda-degisiklik-yapilmistir,2026-08-24T03:03:26Z,bist_duyuru_11443_2018-03-22.html,9f5dc32027b967d46262883c59e35f480f0d98ebd6b0a40897d088d1906e6219,78794,PRIVATE_LOCAL_RAW,PRIVATE_LOCAL_RAW:bist-membership/events/bist_duyuru_11443_2018-03-22.html,INSUFFICIENT_IDENTITY_EVIDENCE,ACQUIRED,Itemised in the periodic review announcement; effective at the stated index-period start.
EV-229,Borsa Istanbul,11443,2018 yılı ikinci üç aylık dönemi için BIST Pay Endeksleri kapsamında yer alacak paylarda değişiklik yapılmıştır,2018-03-22,2018-04-02,2018,2018Q2,GEREL,GERSAN ELEKTRIK,OTHER_MEMBERSHIP_RELEVANT,XU100,SCHEDULED,https://www.borsaistanbul.com/duyuru/11443/2018-yili-ikinci-uc-aylik-donemi-icin-bist-pay-endeksleri-kapsaminda-yer-alacak-paylarda-degisiklik-yapilmistir,2026-08-24T03:03:26Z,bist_duyuru_11443_2018-03-22.html,9f5dc32027b967d46262883c59e35f480f0d98ebd6b0a40897d088d1906e6219,78794,PRIVATE_LOCAL_RAW,PRIVATE_LOCAL_RAW:bist-membership/events/bist_duyuru_11443_2018-03-22.html,INSUFFICIENT_IDENTITY_EVIDENCE,ACQUIRED,"Reserve (yedek) list entry: an eligible substitute under rulebook art. 7, NOT a membership change and NOT a state."
EV-230,Borsa Istanbul,11443,2018 yılı ikinci üç aylık dönemi için BIST Pay Endeksleri kapsamında yer alacak paylarda değişiklik yapılmıştır,2018-03-22,2018-04-02,2018,2018Q2,ASUZU,ANADOLU ISUZU,OTHER_MEMBERSHIP_RELEVANT,XU100,SCHEDULED,https://www.borsaistanbul.com/duyuru/11443/2018-yili-ikinci-uc-aylik-donemi-icin-bist-pay-endeksleri-kapsaminda-yer-alacak-paylarda-degisiklik-yapilmistir,2026-08-24T03:03:26Z,bist_duyuru_11443_2018-03-22.html,9f5dc32027b967d46262883c59e35f480f0d98ebd6b0a40897d088d1906e6219,78794,PRIVATE_LOCAL_RAW,PRIVATE_LOCAL_RAW:bist-membership/events/bist_duyuru_11443_2018-03-22.html,INSUFFICIENT_IDENTITY_EVIDENCE,ACQUIRED,"Reserve (yedek) list entry: an eligible substitute under rulebook art. 7, NOT a membership change and NOT a state."
EV-231,Borsa Istanbul,11443,2018 yılı ikinci üç aylık dönemi için BIST Pay Endeksleri kapsamında yer alacak paylarda değişiklik yapılmıştır,2018-03-22,2018-04-02,2018,2018Q2,KERVT,KEREVITAS,OTHER_MEMBERSHIP_RELEVANT,XU100,SCHEDULED,https://www.borsaistanbul.com/duyuru/11443/2018-yili-ikinci-uc-aylik-donemi-icin-bist-pay-endeksleri-kapsaminda-yer-alacak-paylarda-degisiklik-yapilmistir,2026-08-24T03:03:26Z,bist_duyuru_11443_2018-03-22.html,9f5dc32027b967d46262883c59e35f480f0d98ebd6b0a40897d088d1906e6219,78794,PRIVATE_LOCAL_RAW,PRIVATE_LOCAL_RAW:bist-membership/events/bist_duyuru_11443_2018-03-22.html,INSUFFICIENT_IDENTITY_EVIDENCE,ACQUIRED,"Reserve (yedek) list entry: an eligible substitute under rulebook art. 7, NOT a membership change and NOT a state."
EV-232,Borsa Istanbul,11443,2018 yılı ikinci üç aylık dönemi için BIST Pay Endeksleri kapsamında yer alacak paylarda değişiklik yapılmıştır,2018-03-22,2018-04-02,2018,2018Q2,KLGYO,KILER GMYO,OTHER_MEMBERSHIP_RELEVANT,XU100,SCHEDULED,https://www.borsaistanbul.com/duyuru/11443/2018-yili-ikinci-uc-aylik-donemi-icin-bist-pay-endeksleri-kapsaminda-yer-alacak-paylarda-degisiklik-yapilmistir,2026-08-24T03:03:26Z,bist_duyuru_11443_2018-03-22.html,9f5dc32027b967d46262883c59e35f480f0d98ebd6b0a40897d088d1906e6219,78794,PRIVATE_LOCAL_RAW,PRIVATE_LOCAL_RAW:bist-membership/events/bist_duyuru_11443_2018-03-22.html,INSUFFICIENT_IDENTITY_EVIDENCE,ACQUIRED,"Reserve (yedek) list entry: an eligible substitute under rulebook art. 7, NOT a membership change and NOT a state."
EV-233,Borsa Istanbul,11443,2018 yılı ikinci üç aylık dönemi için BIST Pay Endeksleri kapsamında yer alacak paylarda değişiklik yapılmıştır,2018-03-22,2018-04-02,2018,2018Q2,KAREL,KAREL ELEKTRONIK,OTHER_MEMBERSHIP_RELEVANT,XU100,SCHEDULED,https://www.borsaistanbul.com/duyuru/11443/2018-yili-ikinci-uc-aylik-donemi-icin-bist-pay-endeksleri-kapsaminda-yer-alacak-paylarda-degisiklik-yapilmistir,2026-08-24T03:03:26Z,bist_duyuru_11443_2018-03-22.html,9f5dc32027b967d46262883c59e35f480f0d98ebd6b0a40897d088d1906e6219,78794,PRIVATE_LOCAL_RAW,PRIVATE_LOCAL_RAW:bist-membership/events/bist_duyuru_11443_2018-03-22.html,INSUFFICIENT_IDENTITY_EVIDENCE,ACQUIRED,"Reserve (yedek) list entry: an eligible substitute under rulebook art. 7, NOT a membership change and NOT a state."
EV-234,Borsa Istanbul,11443,2018 yılı ikinci üç aylık dönemi için BIST Pay Endeksleri kapsamında yer alacak paylarda değişiklik yapılmıştır,2018-03-22,2018-04-02,2018,2018Q2,KARSN,KARSAN OTOMOTIV,ADD,XU050,SCHEDULED,https://www.borsaistanbul.com/duyuru/11443/2018-yili-ikinci-uc-aylik-donemi-icin-bist-pay-endeksleri-kapsaminda-yer-alacak-paylarda-degisiklik-yapilmistir,2026-08-24T03:03:26Z,bist_duyuru_11443_2018-03-22.html,9f5dc32027b967d46262883c59e35f480f0d98ebd6b0a40897d088d1906e6219,78794,PRIVATE_LOCAL_RAW,PRIVATE_LOCAL_RAW:bist-membership/events/bist_duyuru_11443_2018-03-22.html,INSUFFICIENT_IDENTITY_EVIDENCE,ACQUIRED,Itemised in the periodic review announcement; effective at the stated index-period start.
EV-235,Borsa Istanbul,11443,2018 yılı ikinci üç aylık dönemi için BIST Pay Endeksleri kapsamında yer alacak paylarda değişiklik yapılmıştır,2018-03-22,2018-04-02,2018,2018Q2,ULKER,ULKER BISKUVI,REMOVE,XU050,SCHEDULED,https://www.borsaistanbul.com/duyuru/11443/2018-yili-ikinci-uc-aylik-donemi-icin-bist-pay-endeksleri-kapsaminda-yer-alacak-paylarda-degisiklik-yapilmistir,2026-08-24T03:03:26Z,bist_duyuru_11443_2018-03-22.html,9f5dc32027b967d46262883c59e35f480f0d98ebd6b0a40897d088d1906e6219,78794,PRIVATE_LOCAL_RAW,PRIVATE_LOCAL_RAW:bist-membership/events/bist_duyuru_11443_2018-03-22.html,INSUFFICIENT_IDENTITY_EVIDENCE,ACQUIRED,Itemised in the periodic review announcement; effective at the stated index-period start.
EV-236,Borsa Istanbul,11443,2018 yılı ikinci üç aylık dönemi için BIST Pay Endeksleri kapsamında yer alacak paylarda değişiklik yapılmıştır,2018-03-22,2018-04-02,2018,2018Q2,TSKB,T.S.K.B.,OTHER_MEMBERSHIP_RELEVANT,XU050,SCHEDULED,https://www.borsaistanbul.com/duyuru/11443/2018-yili-ikinci-uc-aylik-donemi-icin-bist-pay-endeksleri-kapsaminda-yer-alacak-paylarda-degisiklik-yapilmistir,2026-08-24T03:03:26Z,bist_duyuru_11443_2018-03-22.html,9f5dc32027b967d46262883c59e35f480f0d98ebd6b0a40897d088d1906e6219,78794,PRIVATE_LOCAL_RAW,PRIVATE_LOCAL_RAW:bist-membership/events/bist_duyuru_11443_2018-03-22.html,INSUFFICIENT_IDENTITY_EVIDENCE,ACQUIRED,"Reserve (yedek) list entry: an eligible substitute under rulebook art. 7, NOT a membership change and NOT a state."
EV-237,Borsa Istanbul,11443,2018 yılı ikinci üç aylık dönemi için BIST Pay Endeksleri kapsamında yer alacak paylarda değişiklik yapılmıştır,2018-03-22,2018-04-02,2018,2018Q2,BERA,BERA HOLDING,OTHER_MEMBERSHIP_RELEVANT,XU050,SCHEDULED,https://www.borsaistanbul.com/duyuru/11443/2018-yili-ikinci-uc-aylik-donemi-icin-bist-pay-endeksleri-kapsaminda-yer-alacak-paylarda-degisiklik-yapilmistir,2026-08-24T03:03:26Z,bist_duyuru_11443_2018-03-22.html,9f5dc32027b967d46262883c59e35f480f0d98ebd6b0a40897d088d1906e6219,78794,PRIVATE_LOCAL_RAW,PRIVATE_LOCAL_RAW:bist-membership/events/bist_duyuru_11443_2018-03-22.html,INSUFFICIENT_IDENTITY_EVIDENCE,ACQUIRED,"Reserve (yedek) list entry: an eligible substitute under rulebook art. 7, NOT a membership change and NOT a state."
EV-238,Borsa Istanbul,11443,2018 yılı ikinci üç aylık dönemi için BIST Pay Endeksleri kapsamında yer alacak paylarda değişiklik yapılmıştır,2018-03-22,2018-04-02,2018,2018Q2,ODAS,ODAS ELEKTRIK,OTHER_MEMBERSHIP_RELEVANT,XU050,SCHEDULED,https://www.borsaistanbul.com/duyuru/11443/2018-yili-ikinci-uc-aylik-donemi-icin-bist-pay-endeksleri-kapsaminda-yer-alacak-paylarda-degisiklik-yapilmistir,2026-08-24T03:03:26Z,bist_duyuru_11443_2018-03-22.html,9f5dc32027b967d46262883c59e35f480f0d98ebd6b0a40897d088d1906e6219,78794,PRIVATE_LOCAL_RAW,PRIVATE_LOCAL_RAW:bist-membership/events/bist_duyuru_11443_2018-03-22.html,INSUFFICIENT_IDENTITY_EVIDENCE,ACQUIRED,"Reserve (yedek) list entry: an eligible substitute under rulebook art. 7, NOT a membership change and NOT a state."
EV-239,Borsa Istanbul,11443,2018 yılı ikinci üç aylık dönemi için BIST Pay Endeksleri kapsamında yer alacak paylarda değişiklik yapılmıştır,2018-03-22,2018-04-02,2018,2018Q2,SODA,SODA SANAYİ,ADD,XU030,SCHEDULED,https://www.borsaistanbul.com/duyuru/11443/2018-yili-ikinci-uc-aylik-donemi-icin-bist-pay-endeksleri-kapsaminda-yer-alacak-paylarda-degisiklik-yapilmistir,2026-08-24T03:03:26Z,bist_duyuru_11443_2018-03-22.html,9f5dc32027b967d46262883c59e35f480f0d98ebd6b0a40897d088d1906e6219,78794,PRIVATE_LOCAL_RAW,PRIVATE_LOCAL_RAW:bist-membership/events/bist_duyuru_11443_2018-03-22.html,INSUFFICIENT_IDENTITY_EVIDENCE,ACQUIRED,Itemised in the periodic review announcement; effective at the stated index-period start.
EV-240,Borsa Istanbul,11443,2018 yılı ikinci üç aylık dönemi için BIST Pay Endeksleri kapsamında yer alacak paylarda değişiklik yapılmıştır,2018-03-22,2018-04-02,2018,2018Q2,MPARK,MLP SAGLIK,REMOVE,XU030,SCHEDULED,https://www.borsaistanbul.com/duyuru/11443/2018-yili-ikinci-uc-aylik-donemi-icin-bist-pay-endeksleri-kapsaminda-yer-alacak-paylarda-degisiklik-yapilmistir,2026-08-24T03:03:26Z,bist_duyuru_11443_2018-03-22.html,9f5dc32027b967d46262883c59e35f480f0d98ebd6b0a40897d088d1906e6219,78794,PRIVATE_LOCAL_RAW,PRIVATE_LOCAL_RAW:bist-membership/events/bist_duyuru_11443_2018-03-22.html,INSUFFICIENT_IDENTITY_EVIDENCE,ACQUIRED,Itemised in the periodic review announcement; effective at the stated index-period start.
EV-241,Borsa Istanbul,11443,2018 yılı ikinci üç aylık dönemi için BIST Pay Endeksleri kapsamında yer alacak paylarda değişiklik yapılmıştır,2018-03-22,2018-04-02,2018,2018Q2,VESTL,VESTEL,OTHER_MEMBERSHIP_RELEVANT,XU030,SCHEDULED,https://www.borsaistanbul.com/duyuru/11443/2018-yili-ikinci-uc-aylik-donemi-icin-bist-pay-endeksleri-kapsaminda-yer-alacak-paylarda-degisiklik-yapilmistir,2026-08-24T03:03:26Z,bist_duyuru_11443_2018-03-22.html,9f5dc32027b967d46262883c59e35f480f0d98ebd6b0a40897d088d1906e6219,78794,PRIVATE_LOCAL_RAW,PRIVATE_LOCAL_RAW:bist-membership/events/bist_duyuru_11443_2018-03-22.html,INSUFFICIENT_IDENTITY_EVIDENCE,ACQUIRED,"Reserve (yedek) list entry: an eligible substitute under rulebook art. 7, NOT a membership change and NOT a state."
EV-242,Borsa Istanbul,11443,2018 yılı ikinci üç aylık dönemi için BIST Pay Endeksleri kapsamında yer alacak paylarda değişiklik yapılmıştır,2018-03-22,2018-04-02,2018,2018Q2,GOZDE,GOZDE GIRISIM,OTHER_MEMBERSHIP_RELEVANT,XU030,SCHEDULED,https://www.borsaistanbul.com/duyuru/11443/2018-yili-ikinci-uc-aylik-donemi-icin-bist-pay-endeksleri-kapsaminda-yer-alacak-paylarda-degisiklik-yapilmistir,2026-08-24T03:03:26Z,bist_duyuru_11443_2018-03-22.html,9f5dc32027b967d46262883c59e35f480f0d98ebd6b0a40897d088d1906e6219,78794,PRIVATE_LOCAL_RAW,PRIVATE_LOCAL_RAW:bist-membership/events/bist_duyuru_11443_2018-03-22.html,INSUFFICIENT_IDENTITY_EVIDENCE,ACQUIRED,"Reserve (yedek) list entry: an eligible substitute under rulebook art. 7, NOT a membership change and NOT a state."
EV-243,Borsa Istanbul,12512,2018 yılı üçüncü üç aylık dönemi için BIST Pay Endeksleri kapsamında yer alacak paylarda değişiklik yapılmıştır,2018-06-19,2018-07-02,2018,2018Q3,NA,NA,REVIEW_SCHEDULE,XU030;XU050;XU100,SCHEDULED,https://www.borsaistanbul.com/duyuru/12512/2018-yili-ucuncu-uc-aylik-donemi-icin-bist-pay-endeksleri-kapsaminda-yer-alacak-paylarda-degisiklik-yapilmistir,2026-08-24T03:03:26Z,bist_duyuru_12512_2018-06-19.html,6bd27bc2104eb7a07dbf6eff3bcce6c43de696f382ac92f2b49605b63eb5bec3,81808,PRIVATE_LOCAL_RAW,PRIVATE_LOCAL_RAW:bist-membership/events/bist_duyuru_12512_2018-06-19.html,NA,ACQUIRED,"Periodic review announcement. The document states the index period explicitly as 2018-07-02 to 2018-09-30; effective_date is that stated period start, not the publication date. Additions and removals are equal in number in every transcribed table, consistent with rulebook art. 6(c)/(d)."
EV-244,Borsa Istanbul,12512,2018 yılı üçüncü üç aylık dönemi için BIST Pay Endeksleri kapsamında yer alacak paylarda değişiklik yapılmıştır,2018-06-19,2018-07-02,2018,2018Q3,ISFIN,IS FIN.KIR.,ADD,XU100,SCHEDULED,https://www.borsaistanbul.com/duyuru/12512/2018-yili-ucuncu-uc-aylik-donemi-icin-bist-pay-endeksleri-kapsaminda-yer-alacak-paylarda-degisiklik-yapilmistir,2026-08-24T03:03:26Z,bist_duyuru_12512_2018-06-19.html,6bd27bc2104eb7a07dbf6eff3bcce6c43de696f382ac92f2b49605b63eb5bec3,81808,PRIVATE_LOCAL_RAW,PRIVATE_LOCAL_RAW:bist-membership/events/bist_duyuru_12512_2018-06-19.html,INSUFFICIENT_IDENTITY_EVIDENCE,ACQUIRED,Itemised in the periodic review announcement; effective at the stated index-period start.
EV-245,Borsa Istanbul,12512,2018 yılı üçüncü üç aylık dönemi için BIST Pay Endeksleri kapsamında yer alacak paylarda değişiklik yapılmıştır,2018-06-19,2018-07-02,2018,2018Q3,OZGYO,OZDERICI GMYO,ADD,XU100,SCHEDULED,https://www.borsaistanbul.com/duyuru/12512/2018-yili-ucuncu-uc-aylik-donemi-icin-bist-pay-endeksleri-kapsaminda-yer-alacak-paylarda-degisiklik-yapilmistir,2026-08-24T03:03:26Z,bist_duyuru_12512_2018-06-19.html,6bd27bc2104eb7a07dbf6eff3bcce6c43de696f382ac92f2b49605b63eb5bec3,81808,PRIVATE_LOCAL_RAW,PRIVATE_LOCAL_RAW:bist-membership/events/bist_duyuru_12512_2018-06-19.html,INSUFFICIENT_IDENTITY_EVIDENCE,ACQUIRED,Itemised in the periodic review announcement; effective at the stated index-period start.
EV-246,Borsa Istanbul,12512,2018 yılı üçüncü üç aylık dönemi için BIST Pay Endeksleri kapsamında yer alacak paylarda değişiklik yapılmıştır,2018-06-19,2018-07-02,2018,2018Q3,GEREL,GERSAN ELEKTRIK,ADD,XU100,SCHEDULED,https://www.borsaistanbul.com/duyuru/12512/2018-yili-ucuncu-uc-aylik-donemi-icin-bist-pay-endeksleri-kapsaminda-yer-alacak-paylarda-degisiklik-yapilmistir,2026-08-24T03:03:26Z,bist_duyuru_12512_2018-06-19.html,6bd27bc2104eb7a07dbf6eff3bcce6c43de696f382ac92f2b49605b63eb5bec3,81808,PRIVATE_LOCAL_RAW,PRIVATE_LOCAL_RAW:bist-membership/events/bist_duyuru_12512_2018-06-19.html,INSUFFICIENT_IDENTITY_EVIDENCE,ACQUIRED,Itemised in the periodic review announcement; effective at the stated index-period start.
EV-247,Borsa Istanbul,12512,2018 yılı üçüncü üç aylık dönemi için BIST Pay Endeksleri kapsamında yer alacak paylarda değişiklik yapılmıştır,2018-06-19,2018-07-02,2018,2018Q3,HURGZ,HURRIYET GZT.,ADD,XU100,SCHEDULED,https://www.borsaistanbul.com/duyuru/12512/2018-yili-ucuncu-uc-aylik-donemi-icin-bist-pay-endeksleri-kapsaminda-yer-alacak-paylarda-degisiklik-yapilmistir,2026-08-24T03:03:26Z,bist_duyuru_12512_2018-06-19.html,6bd27bc2104eb7a07dbf6eff3bcce6c43de696f382ac92f2b49605b63eb5bec3,81808,PRIVATE_LOCAL_RAW,PRIVATE_LOCAL_RAW:bist-membership/events/bist_duyuru_12512_2018-06-19.html,INSUFFICIENT_IDENTITY_EVIDENCE,ACQUIRED,Itemised in the periodic review announcement; effective at the stated index-period start.
EV-248,Borsa Istanbul,12512,2018 yılı üçüncü üç aylık dönemi için BIST Pay Endeksleri kapsamında yer alacak paylarda değişiklik yapılmıştır,2018-06-19,2018-07-02,2018,2018Q3,ISDMR,ISKENDERUN DEMIR CELIK,ADD,XU100,SCHEDULED,https://www.borsaistanbul.com/duyuru/12512/2018-yili-ucuncu-uc-aylik-donemi-icin-bist-pay-endeksleri-kapsaminda-yer-alacak-paylarda-degisiklik-yapilmistir,2026-08-24T03:03:26Z,bist_duyuru_12512_2018-06-19.html,6bd27bc2104eb7a07dbf6eff3bcce6c43de696f382ac92f2b49605b63eb5bec3,81808,PRIVATE_LOCAL_RAW,PRIVATE_LOCAL_RAW:bist-membership/events/bist_duyuru_12512_2018-06-19.html,INSUFFICIENT_IDENTITY_EVIDENCE,ACQUIRED,Itemised in the periodic review announcement; effective at the stated index-period start.
EV-249,Borsa Istanbul,12512,2018 yılı üçüncü üç aylık dönemi için BIST Pay Endeksleri kapsamında yer alacak paylarda değişiklik yapılmıştır,2018-06-19,2018-07-02,2018,2018Q3,OZKGY,OZAK GMYO,ADD,XU100,SCHEDULED,https://www.borsaistanbul.com/duyuru/12512/2018-yili-ucuncu-uc-aylik-donemi-icin-bist-pay-endeksleri-kapsaminda-yer-alacak-paylarda-degisiklik-yapilmistir,2026-08-24T03:03:26Z,bist_duyuru_12512_2018-06-19.html,6bd27bc2104eb7a07dbf6eff3bcce6c43de696f382ac92f2b49605b63eb5bec3,81808,PRIVATE_LOCAL_RAW,PRIVATE_LOCAL_RAW:bist-membership/events/bist_duyuru_12512_2018-06-19.html,INSUFFICIENT_IDENTITY_EVIDENCE,ACQUIRED,Itemised in the periodic review announcement; effective at the stated index-period start.
EV-250,Borsa Istanbul,12512,2018 yılı üçüncü üç aylık dönemi için BIST Pay Endeksleri kapsamında yer alacak paylarda değişiklik yapılmıştır,2018-06-19,2018-07-02,2018,2018Q3,BRISA,BRISA,REMOVE,XU100,SCHEDULED,https://www.borsaistanbul.com/duyuru/12512/2018-yili-ucuncu-uc-aylik-donemi-icin-bist-pay-endeksleri-kapsaminda-yer-alacak-paylarda-degisiklik-yapilmistir,2026-08-24T03:03:26Z,bist_duyuru_12512_2018-06-19.html,6bd27bc2104eb7a07dbf6eff3bcce6c43de696f382ac92f2b49605b63eb5bec3,81808,PRIVATE_LOCAL_RAW,PRIVATE_LOCAL_RAW:bist-membership/events/bist_duyuru_12512_2018-06-19.html,INSUFFICIENT_IDENTITY_EVIDENCE,ACQUIRED,Itemised in the periodic review announcement; effective at the stated index-period start. The source prints the bulletin name identically to the share code for this row; recorded verbatim.
EV-251,Borsa Istanbul,12512,2018 yılı üçüncü üç aylık dönemi için BIST Pay Endeksleri kapsamında yer alacak paylarda değişiklik yapılmıştır,2018-06-19,2018-07-02,2018,2018Q3,AYEN,AYEN ENERJI,REMOVE,XU100,SCHEDULED,https://www.borsaistanbul.com/duyuru/12512/2018-yili-ucuncu-uc-aylik-donemi-icin-bist-pay-endeksleri-kapsaminda-yer-alacak-paylarda-degisiklik-yapilmistir,2026-08-24T03:03:26Z,bist_duyuru_12512_2018-06-19.html,6bd27bc2104eb7a07dbf6eff3bcce6c43de696f382ac92f2b49605b63eb5bec3,81808,PRIVATE_LOCAL_RAW,PRIVATE_LOCAL_RAW:bist-membership/events/bist_duyuru_12512_2018-06-19.html,INSUFFICIENT_IDENTITY_EVIDENCE,ACQUIRED,Itemised in the periodic review announcement; effective at the stated index-period start.
EV-252,Borsa Istanbul,12512,2018 yılı üçüncü üç aylık dönemi için BIST Pay Endeksleri kapsamında yer alacak paylarda değişiklik yapılmıştır,2018-06-19,2018-07-02,2018,2018Q3,HLGYO,HALK GMYO,REMOVE,XU100,SCHEDULED,https://www.borsaistanbul.com/duyuru/12512/2018-yili-ucuncu-uc-aylik-donemi-icin-bist-pay-endeksleri-kapsaminda-yer-alacak-paylarda-degisiklik-yapilmistir,2026-08-24T03:03:26Z,bist_duyuru_12512_2018-06-19.html,6bd27bc2104eb7a07dbf6eff3bcce6c43de696f382ac92f2b49605b63eb5bec3,81808,PRIVATE_LOCAL_RAW,PRIVATE_LOCAL_RAW:bist-membership/events/bist_duyuru_12512_2018-06-19.html,INSUFFICIENT_IDENTITY_EVIDENCE,ACQUIRED,Itemised in the periodic review announcement; effective at the stated index-period start.
EV-253,Borsa Istanbul,12512,2018 yılı üçüncü üç aylık dönemi için BIST Pay Endeksleri kapsamında yer alacak paylarda değişiklik yapılmıştır,2018-06-19,2018-07-02,2018,2018Q3,BANVT,BANVIT,REMOVE,XU100,SCHEDULED,https://www.borsaistanbul.com/duyuru/12512/2018-yili-ucuncu-uc-aylik-donemi-icin-bist-pay-endeksleri-kapsaminda-yer-alacak-paylarda-degisiklik-yapilmistir,2026-08-24T03:03:26Z,bist_duyuru_12512_2018-06-19.html,6bd27bc2104eb7a07dbf6eff3bcce6c43de696f382ac92f2b49605b63eb5bec3,81808,PRIVATE_LOCAL_RAW,PRIVATE_LOCAL_RAW:bist-membership/events/bist_duyuru_12512_2018-06-19.html,INSUFFICIENT_IDENTITY_EVIDENCE,ACQUIRED,Itemised in the periodic review announcement; effective at the stated index-period start.
EV-254,Borsa Istanbul,12512,2018 yılı üçüncü üç aylık dönemi için BIST Pay Endeksleri kapsamında yer alacak paylarda değişiklik yapılmıştır,2018-06-19,2018-07-02,2018,2018Q3,TKNSA,TEKNOSA IC VE DIS TICARET,REMOVE,XU100,SCHEDULED,https://www.borsaistanbul.com/duyuru/12512/2018-yili-ucuncu-uc-aylik-donemi-icin-bist-pay-endeksleri-kapsaminda-yer-alacak-paylarda-degisiklik-yapilmistir,2026-08-24T03:03:26Z,bist_duyuru_12512_2018-06-19.html,6bd27bc2104eb7a07dbf6eff3bcce6c43de696f382ac92f2b49605b63eb5bec3,81808,PRIVATE_LOCAL_RAW,PRIVATE_LOCAL_RAW:bist-membership/events/bist_duyuru_12512_2018-06-19.html,INSUFFICIENT_IDENTITY_EVIDENCE,ACQUIRED,Itemised in the periodic review announcement; effective at the stated index-period start.
EV-255,Borsa Istanbul,12512,2018 yılı üçüncü üç aylık dönemi için BIST Pay Endeksleri kapsamında yer alacak paylarda değişiklik yapılmıştır,2018-06-19,2018-07-02,2018,2018Q3,VKGYO,VAKIF GMYO,REMOVE,XU100,SCHEDULED,https://www.borsaistanbul.com/duyuru/12512/2018-yili-ucuncu-uc-aylik-donemi-icin-bist-pay-endeksleri-kapsaminda-yer-alacak-paylarda-degisiklik-yapilmistir,2026-08-24T03:03:26Z,bist_duyuru_12512_2018-06-19.html,6bd27bc2104eb7a07dbf6eff3bcce6c43de696f382ac92f2b49605b63eb5bec3,81808,PRIVATE_LOCAL_RAW,PRIVATE_LOCAL_RAW:bist-membership/events/bist_duyuru_12512_2018-06-19.html,INSUFFICIENT_IDENTITY_EVIDENCE,ACQUIRED,Itemised in the periodic review announcement; effective at the stated index-period start.
EV-256,Borsa Istanbul,12512,2018 yılı üçüncü üç aylık dönemi için BIST Pay Endeksleri kapsamında yer alacak paylarda değişiklik yapılmıştır,2018-06-19,2018-07-02,2018,2018Q3,ITTFH,ITTIFAK HOLDING,OTHER_MEMBERSHIP_RELEVANT,XU100,SCHEDULED,https://www.borsaistanbul.com/duyuru/12512/2018-yili-ucuncu-uc-aylik-donemi-icin-bist-pay-endeksleri-kapsaminda-yer-alacak-paylarda-degisiklik-yapilmistir,2026-08-24T03:03:26Z,bist_duyuru_12512_2018-06-19.html,6bd27bc2104eb7a07dbf6eff3bcce6c43de696f382ac92f2b49605b63eb5bec3,81808,PRIVATE_LOCAL_RAW,PRIVATE_LOCAL_RAW:bist-membership/events/bist_duyuru_12512_2018-06-19.html,INSUFFICIENT_IDENTITY_EVIDENCE,ACQUIRED,"Reserve (yedek) list entry: an eligible substitute under rulebook art. 7, NOT a membership change and NOT a state."
EV-257,Borsa Istanbul,12512,2018 yılı üçüncü üç aylık dönemi için BIST Pay Endeksleri kapsamında yer alacak paylarda değişiklik yapılmıştır,2018-06-19,2018-07-02,2018,2018Q3,ASUZU,ANADOLU ISUZU,OTHER_MEMBERSHIP_RELEVANT,XU100,SCHEDULED,https://www.borsaistanbul.com/duyuru/12512/2018-yili-ucuncu-uc-aylik-donemi-icin-bist-pay-endeksleri-kapsaminda-yer-alacak-paylarda-degisiklik-yapilmistir,2026-08-24T03:03:26Z,bist_duyuru_12512_2018-06-19.html,6bd27bc2104eb7a07dbf6eff3bcce6c43de696f382ac92f2b49605b63eb5bec3,81808,PRIVATE_LOCAL_RAW,PRIVATE_LOCAL_RAW:bist-membership/events/bist_duyuru_12512_2018-06-19.html,INSUFFICIENT_IDENTITY_EVIDENCE,ACQUIRED,"Reserve (yedek) list entry: an eligible substitute under rulebook art. 7, NOT a membership change and NOT a state."
EV-258,Borsa Istanbul,12512,2018 yılı üçüncü üç aylık dönemi için BIST Pay Endeksleri kapsamında yer alacak paylarda değişiklik yapılmıştır,2018-06-19,2018-07-02,2018,2018Q3,TEKTU,TEK-ART TURIZM,OTHER_MEMBERSHIP_RELEVANT,XU100,SCHEDULED,https://www.borsaistanbul.com/duyuru/12512/2018-yili-ucuncu-uc-aylik-donemi-icin-bist-pay-endeksleri-kapsaminda-yer-alacak-paylarda-degisiklik-yapilmistir,2026-08-24T03:03:26Z,bist_duyuru_12512_2018-06-19.html,6bd27bc2104eb7a07dbf6eff3bcce6c43de696f382ac92f2b49605b63eb5bec3,81808,PRIVATE_LOCAL_RAW,PRIVATE_LOCAL_RAW:bist-membership/events/bist_duyuru_12512_2018-06-19.html,INSUFFICIENT_IDENTITY_EVIDENCE,ACQUIRED,"Reserve (yedek) list entry: an eligible substitute under rulebook art. 7, NOT a membership change and NOT a state."
EV-259,Borsa Istanbul,12512,2018 yılı üçüncü üç aylık dönemi için BIST Pay Endeksleri kapsamında yer alacak paylarda değişiklik yapılmıştır,2018-06-19,2018-07-02,2018,2018Q3,HEKTS,HEKTAS,OTHER_MEMBERSHIP_RELEVANT,XU100,SCHEDULED,https://www.borsaistanbul.com/duyuru/12512/2018-yili-ucuncu-uc-aylik-donemi-icin-bist-pay-endeksleri-kapsaminda-yer-alacak-paylarda-degisiklik-yapilmistir,2026-08-24T03:03:26Z,bist_duyuru_12512_2018-06-19.html,6bd27bc2104eb7a07dbf6eff3bcce6c43de696f382ac92f2b49605b63eb5bec3,81808,PRIVATE_LOCAL_RAW,PRIVATE_LOCAL_RAW:bist-membership/events/bist_duyuru_12512_2018-06-19.html,INSUFFICIENT_IDENTITY_EVIDENCE,ACQUIRED,"Reserve (yedek) list entry: an eligible substitute under rulebook art. 7, NOT a membership change and NOT a state."
EV-260,Borsa Istanbul,12512,2018 yılı üçüncü üç aylık dönemi için BIST Pay Endeksleri kapsamında yer alacak paylarda değişiklik yapılmıştır,2018-06-19,2018-07-02,2018,2018Q3,POLHO,POLISAN HOLDING,OTHER_MEMBERSHIP_RELEVANT,XU100,SCHEDULED,https://www.borsaistanbul.com/duyuru/12512/2018-yili-ucuncu-uc-aylik-donemi-icin-bist-pay-endeksleri-kapsaminda-yer-alacak-paylarda-degisiklik-yapilmistir,2026-08-24T03:03:26Z,bist_duyuru_12512_2018-06-19.html,6bd27bc2104eb7a07dbf6eff3bcce6c43de696f382ac92f2b49605b63eb5bec3,81808,PRIVATE_LOCAL_RAW,PRIVATE_LOCAL_RAW:bist-membership/events/bist_duyuru_12512_2018-06-19.html,INSUFFICIENT_IDENTITY_EVIDENCE,ACQUIRED,"Reserve (yedek) list entry: an eligible substitute under rulebook art. 7, NOT a membership change and NOT a state."
EV-261,Borsa Istanbul,12512,2018 yılı üçüncü üç aylık dönemi için BIST Pay Endeksleri kapsamında yer alacak paylarda değişiklik yapılmıştır,2018-06-19,2018-07-02,2018,2018Q3,AKSEN,AKSA ENERJI,ADD,XU050,SCHEDULED,https://www.borsaistanbul.com/duyuru/12512/2018-yili-ucuncu-uc-aylik-donemi-icin-bist-pay-endeksleri-kapsaminda-yer-alacak-paylarda-degisiklik-yapilmistir,2026-08-24T03:03:26Z,bist_duyuru_12512_2018-06-19.html,6bd27bc2104eb7a07dbf6eff3bcce6c43de696f382ac92f2b49605b63eb5bec3,81808,PRIVATE_LOCAL_RAW,PRIVATE_LOCAL_RAW:bist-membership/events/bist_duyuru_12512_2018-06-19.html,INSUFFICIENT_IDENTITY_EVIDENCE,ACQUIRED,Itemised in the periodic review announcement; effective at the stated index-period start.
EV-262,Borsa Istanbul,12512,2018 yılı üçüncü üç aylık dönemi için BIST Pay Endeksleri kapsamında yer alacak paylarda değişiklik yapılmıştır,2018-06-19,2018-07-02,2018,2018Q3,FENER,FENERBAHCE FUTBOL,ADD,XU050,SCHEDULED,https://www.borsaistanbul.com/duyuru/12512/2018-yili-ucuncu-uc-aylik-donemi-icin-bist-pay-endeksleri-kapsaminda-yer-alacak-paylarda-degisiklik-yapilmistir,2026-08-24T03:03:26Z,bist_duyuru_12512_2018-06-19.html,6bd27bc2104eb7a07dbf6eff3bcce6c43de696f382ac92f2b49605b63eb5bec3,81808,PRIVATE_LOCAL_RAW,PRIVATE_LOCAL_RAW:bist-membership/events/bist_duyuru_12512_2018-06-19.html,INSUFFICIENT_IDENTITY_EVIDENCE,ACQUIRED,Itemised in the periodic review announcement; effective at the stated index-period start.
EV-263,Borsa Istanbul,12512,2018 yılı üçüncü üç aylık dönemi için BIST Pay Endeksleri kapsamında yer alacak paylarda değişiklik yapılmıştır,2018-06-19,2018-07-02,2018,2018Q3,TSKB,T.S.K.B.,ADD,XU050,SCHEDULED,https://www.borsaistanbul.com/duyuru/12512/2018-yili-ucuncu-uc-aylik-donemi-icin-bist-pay-endeksleri-kapsaminda-yer-alacak-paylarda-degisiklik-yapilmistir,2026-08-24T03:03:26Z,bist_duyuru_12512_2018-06-19.html,6bd27bc2104eb7a07dbf6eff3bcce6c43de696f382ac92f2b49605b63eb5bec3,81808,PRIVATE_LOCAL_RAW,PRIVATE_LOCAL_RAW:bist-membership/events/bist_duyuru_12512_2018-06-19.html,INSUFFICIENT_IDENTITY_EVIDENCE,ACQUIRED,Itemised in the periodic review announcement; effective at the stated index-period start.
EV-264,Borsa Istanbul,12512,2018 yılı üçüncü üç aylık dönemi için BIST Pay Endeksleri kapsamında yer alacak paylarda değişiklik yapılmıştır,2018-06-19,2018-07-02,2018,2018Q3,GSRAY,GALATASARAY SPORTIF,ADD,XU050,SCHEDULED,https://www.borsaistanbul.com/duyuru/12512/2018-yili-ucuncu-uc-aylik-donemi-icin-bist-pay-endeksleri-kapsaminda-yer-alacak-paylarda-degisiklik-yapilmistir,2026-08-24T03:03:26Z,bist_duyuru_12512_2018-06-19.html,6bd27bc2104eb7a07dbf6eff3bcce6c43de696f382ac92f2b49605b63eb5bec3,81808,PRIVATE_LOCAL_RAW,PRIVATE_LOCAL_RAW:bist-membership/events/bist_duyuru_12512_2018-06-19.html,INSUFFICIENT_IDENTITY_EVIDENCE,ACQUIRED,Itemised in the periodic review announcement; effective at the stated index-period start.
EV-265,Borsa Istanbul,12512,2018 yılı üçüncü üç aylık dönemi için BIST Pay Endeksleri kapsamında yer alacak paylarda değişiklik yapılmıştır,2018-06-19,2018-07-02,2018,2018Q3,MPARK,MLP SAGLIK,REMOVE,XU050,SCHEDULED,https://www.borsaistanbul.com/duyuru/12512/2018-yili-ucuncu-uc-aylik-donemi-icin-bist-pay-endeksleri-kapsaminda-yer-alacak-paylarda-degisiklik-yapilmistir,2026-08-24T03:03:26Z,bist_duyuru_12512_2018-06-19.html,6bd27bc2104eb7a07dbf6eff3bcce6c43de696f382ac92f2b49605b63eb5bec3,81808,PRIVATE_LOCAL_RAW,PRIVATE_LOCAL_RAW:bist-membership/events/bist_duyuru_12512_2018-06-19.html,INSUFFICIENT_IDENTITY_EVIDENCE,ACQUIRED,Itemised in the periodic review announcement; effective at the stated index-period start.
EV-266,Borsa Istanbul,12512,2018 yılı üçüncü üç aylık dönemi için BIST Pay Endeksleri kapsamında yer alacak paylarda değişiklik yapılmıştır,2018-06-19,2018-07-02,2018,2018Q3,AFYON,AFYON CIMENTO,REMOVE,XU050,SCHEDULED,https://www.borsaistanbul.com/duyuru/12512/2018-yili-ucuncu-uc-aylik-donemi-icin-bist-pay-endeksleri-kapsaminda-yer-alacak-paylarda-degisiklik-yapilmistir,2026-08-24T03:03:26Z,bist_duyuru_12512_2018-06-19.html,6bd27bc2104eb7a07dbf6eff3bcce6c43de696f382ac92f2b49605b63eb5bec3,81808,PRIVATE_LOCAL_RAW,PRIVATE_LOCAL_RAW:bist-membership/events/bist_duyuru_12512_2018-06-19.html,INSUFFICIENT_IDENTITY_EVIDENCE,ACQUIRED,Itemised in the periodic review announcement; effective at the stated index-period start.
EV-267,Borsa Istanbul,12512,2018 yılı üçüncü üç aylık dönemi için BIST Pay Endeksleri kapsamında yer alacak paylarda değişiklik yapılmıştır,2018-06-19,2018-07-02,2018,2018Q3,GUBRF,GUBRE FABRIK.,REMOVE,XU050,SCHEDULED,https://www.borsaistanbul.com/duyuru/12512/2018-yili-ucuncu-uc-aylik-donemi-icin-bist-pay-endeksleri-kapsaminda-yer-alacak-paylarda-degisiklik-yapilmistir,2026-08-24T03:03:26Z,bist_duyuru_12512_2018-06-19.html,6bd27bc2104eb7a07dbf6eff3bcce6c43de696f382ac92f2b49605b63eb5bec3,81808,PRIVATE_LOCAL_RAW,PRIVATE_LOCAL_RAW:bist-membership/events/bist_duyuru_12512_2018-06-19.html,INSUFFICIENT_IDENTITY_EVIDENCE,ACQUIRED,Itemised in the periodic review announcement; effective at the stated index-period start.
EV-268,Borsa Istanbul,12512,2018 yılı üçüncü üç aylık dönemi için BIST Pay Endeksleri kapsamında yer alacak paylarda değişiklik yapılmıştır,2018-06-19,2018-07-02,2018,2018Q3,BJKAS,BESIKTAS FUTBOL YAT.,REMOVE,XU050,SCHEDULED,https://www.borsaistanbul.com/duyuru/12512/2018-yili-ucuncu-uc-aylik-donemi-icin-bist-pay-endeksleri-kapsaminda-yer-alacak-paylarda-degisiklik-yapilmistir,2026-08-24T03:03:26Z,bist_duyuru_12512_2018-06-19.html,6bd27bc2104eb7a07dbf6eff3bcce6c43de696f382ac92f2b49605b63eb5bec3,81808,PRIVATE_LOCAL_RAW,PRIVATE_LOCAL_RAW:bist-membership/events/bist_duyuru_12512_2018-06-19.html,INSUFFICIENT_IDENTITY_EVIDENCE,ACQUIRED,Same ticker also appears in the RESERVE column of the same table in the same document.
EV-269,Borsa Istanbul,12512,2018 yılı üçüncü üç aylık dönemi için BIST Pay Endeksleri kapsamında yer alacak paylarda değişiklik yapılmıştır,2018-06-19,2018-07-02,2018,2018Q3,BERA,BERA HOLDING,OTHER_MEMBERSHIP_RELEVANT,XU050,SCHEDULED,https://www.borsaistanbul.com/duyuru/12512/2018-yili-ucuncu-uc-aylik-donemi-icin-bist-pay-endeksleri-kapsaminda-yer-alacak-paylarda-degisiklik-yapilmistir,2026-08-24T03:03:26Z,bist_duyuru_12512_2018-06-19.html,6bd27bc2104eb7a07dbf6eff3bcce6c43de696f382ac92f2b49605b63eb5bec3,81808,PRIVATE_LOCAL_RAW,PRIVATE_LOCAL_RAW:bist-membership/events/bist_duyuru_12512_2018-06-19.html,INSUFFICIENT_IDENTITY_EVIDENCE,ACQUIRED,"Reserve (yedek) list entry: an eligible substitute under rulebook art. 7, NOT a membership change and NOT a state."
EV-270,Borsa Istanbul,12512,2018 yılı üçüncü üç aylık dönemi için BIST Pay Endeksleri kapsamında yer alacak paylarda değişiklik yapılmıştır,2018-06-19,2018-07-02,2018,2018Q3,ISFIN,IS FIN.KIR.,OTHER_MEMBERSHIP_RELEVANT,XU050,SCHEDULED,https://www.borsaistanbul.com/duyuru/12512/2018-yili-ucuncu-uc-aylik-donemi-icin-bist-pay-endeksleri-kapsaminda-yer-alacak-paylarda-degisiklik-yapilmistir,2026-08-24T03:03:26Z,bist_duyuru_12512_2018-06-19.html,6bd27bc2104eb7a07dbf6eff3bcce6c43de696f382ac92f2b49605b63eb5bec3,81808,PRIVATE_LOCAL_RAW,PRIVATE_LOCAL_RAW:bist-membership/events/bist_duyuru_12512_2018-06-19.html,INSUFFICIENT_IDENTITY_EVIDENCE,ACQUIRED,"Reserve (yedek) list entry: an eligible substitute under rulebook art. 7, NOT a membership change and NOT a state."
EV-271,Borsa Istanbul,12512,2018 yılı üçüncü üç aylık dönemi için BIST Pay Endeksleri kapsamında yer alacak paylarda değişiklik yapılmıştır,2018-06-19,2018-07-02,2018,2018Q3,BJKAS,BESIKTAS FUTBOL YAT.,OTHER_MEMBERSHIP_RELEVANT,XU050,SCHEDULED,https://www.borsaistanbul.com/duyuru/12512/2018-yili-ucuncu-uc-aylik-donemi-icin-bist-pay-endeksleri-kapsaminda-yer-alacak-paylarda-degisiklik-yapilmistir,2026-08-24T03:03:26Z,bist_duyuru_12512_2018-06-19.html,6bd27bc2104eb7a07dbf6eff3bcce6c43de696f382ac92f2b49605b63eb5bec3,81808,PRIVATE_LOCAL_RAW,PRIVATE_LOCAL_RAW:bist-membership/events/bist_duyuru_12512_2018-06-19.html,INSUFFICIENT_IDENTITY_EVIDENCE,ACQUIRED,"Reserve (yedek) list entry: an eligible substitute under rulebook art. 7, NOT a membership change and NOT a state. Same ticker also appears in the REMOVE column of the same table in the same document."
EV-272,Borsa Istanbul,12512,2018 yılı üçüncü üç aylık dönemi için BIST Pay Endeksleri kapsamında yer alacak paylarda değişiklik yapılmıştır,2018-06-19,2018-07-02,2018,2018Q3,SASA,SASA POLYESTER,OTHER_MEMBERSHIP_RELEVANT,XU030,SCHEDULED,https://www.borsaistanbul.com/duyuru/12512/2018-yili-ucuncu-uc-aylik-donemi-icin-bist-pay-endeksleri-kapsaminda-yer-alacak-paylarda-degisiklik-yapilmistir,2026-08-24T03:03:26Z,bist_duyuru_12512_2018-06-19.html,6bd27bc2104eb7a07dbf6eff3bcce6c43de696f382ac92f2b49605b63eb5bec3,81808,PRIVATE_LOCAL_RAW,PRIVATE_LOCAL_RAW:bist-membership/events/bist_duyuru_12512_2018-06-19.html,INSUFFICIENT_IDENTITY_EVIDENCE,ACQUIRED,"Reserve (yedek) list entry: an eligible substitute under rulebook art. 7, NOT a membership change and NOT a state."
EV-273,Borsa Istanbul,12512,2018 yılı üçüncü üç aylık dönemi için BIST Pay Endeksleri kapsamında yer alacak paylarda değişiklik yapılmıştır,2018-06-19,2018-07-02,2018,2018Q3,IPEKE,IPEK DOGAL ENERJI,OTHER_MEMBERSHIP_RELEVANT,XU030,SCHEDULED,https://www.borsaistanbul.com/duyuru/12512/2018-yili-ucuncu-uc-aylik-donemi-icin-bist-pay-endeksleri-kapsaminda-yer-alacak-paylarda-degisiklik-yapilmistir,2026-08-24T03:03:26Z,bist_duyuru_12512_2018-06-19.html,6bd27bc2104eb7a07dbf6eff3bcce6c43de696f382ac92f2b49605b63eb5bec3,81808,PRIVATE_LOCAL_RAW,PRIVATE_LOCAL_RAW:bist-membership/events/bist_duyuru_12512_2018-06-19.html,INSUFFICIENT_IDENTITY_EVIDENCE,ACQUIRED,"Reserve (yedek) list entry: an eligible substitute under rulebook art. 7, NOT a membership change and NOT a state."
EV-274,Borsa Istanbul,12465,2018 yılı dördüncü üç aylık dönemi için BIST Pay Endeksleri kapsamında yer alacak paylarda değişiklik yapılmıştır,2018-09-19,2018-10-01,2018,2018Q4,NA,NA,REVIEW_SCHEDULE,XU030;XU050;XU100,SCHEDULED,https://www.borsaistanbul.com/duyuru/12465/2018-yili-dorduncu-uc-aylik-donemi-icin-bist-pay-endeksleri-kapsaminda-yer-alacak-paylarda-degisiklik-yapilmistir,2026-08-24T03:03:26Z,bist_duyuru_12465_2018-09-19.html,30ce2a2b502dce70282e688027a248e6a00470c2a57ba5ca973bcd1e33b29edb,79130,PRIVATE_LOCAL_RAW,PRIVATE_LOCAL_RAW:bist-membership/events/bist_duyuru_12465_2018-09-19.html,NA,ACQUIRED,"Periodic review announcement. The document states the index period explicitly as 2018-10-01 to 2018-12-31; effective_date is that stated period start, not the publication date. Additions and removals are equal in number in every transcribed table, consistent with rulebook art. 6(c)/(d)."
EV-275,Borsa Istanbul,12465,2018 yılı dördüncü üç aylık dönemi için BIST Pay Endeksleri kapsamında yer alacak paylarda değişiklik yapılmıştır,2018-09-19,2018-10-01,2018,2018Q4,POLHO,POLISAN HOLDING,ADD,XU100,SCHEDULED,https://www.borsaistanbul.com/duyuru/12465/2018-yili-dorduncu-uc-aylik-donemi-icin-bist-pay-endeksleri-kapsaminda-yer-alacak-paylarda-degisiklik-yapilmistir,2026-08-24T03:03:26Z,bist_duyuru_12465_2018-09-19.html,30ce2a2b502dce70282e688027a248e6a00470c2a57ba5ca973bcd1e33b29edb,79130,PRIVATE_LOCAL_RAW,PRIVATE_LOCAL_RAW:bist-membership/events/bist_duyuru_12465_2018-09-19.html,INSUFFICIENT_IDENTITY_EVIDENCE,ACQUIRED,Itemised in the periodic review announcement; effective at the stated index-period start.
EV-276,Borsa Istanbul,12465,2018 yılı dördüncü üç aylık dönemi için BIST Pay Endeksleri kapsamında yer alacak paylarda değişiklik yapılmıştır,2018-09-19,2018-10-01,2018,2018Q4,ECZYT,ECZACIBASI YATIRIM,ADD,XU100,SCHEDULED,https://www.borsaistanbul.com/duyuru/12465/2018-yili-dorduncu-uc-aylik-donemi-icin-bist-pay-endeksleri-kapsaminda-yer-alacak-paylarda-degisiklik-yapilmistir,2026-08-24T03:03:26Z,bist_duyuru_12465_2018-09-19.html,30ce2a2b502dce70282e688027a248e6a00470c2a57ba5ca973bcd1e33b29edb,79130,PRIVATE_LOCAL_RAW,PRIVATE_LOCAL_RAW:bist-membership/events/bist_duyuru_12465_2018-09-19.html,INSUFFICIENT_IDENTITY_EVIDENCE,ACQUIRED,Itemised in the periodic review announcement; effective at the stated index-period start.
EV-277,Borsa Istanbul,12465,2018 yılı dördüncü üç aylık dönemi için BIST Pay Endeksleri kapsamında yer alacak paylarda değişiklik yapılmıştır,2018-09-19,2018-10-01,2018,2018Q4,HEKTS,HEKTAS,ADD,XU100,SCHEDULED,https://www.borsaistanbul.com/duyuru/12465/2018-yili-dorduncu-uc-aylik-donemi-icin-bist-pay-endeksleri-kapsaminda-yer-alacak-paylarda-degisiklik-yapilmistir,2026-08-24T03:03:26Z,bist_duyuru_12465_2018-09-19.html,30ce2a2b502dce70282e688027a248e6a00470c2a57ba5ca973bcd1e33b29edb,79130,PRIVATE_LOCAL_RAW,PRIVATE_LOCAL_RAW:bist-membership/events/bist_duyuru_12465_2018-09-19.html,INSUFFICIENT_IDENTITY_EVIDENCE,ACQUIRED,Itemised in the periodic review announcement; effective at the stated index-period start.
EV-278,Borsa Istanbul,12465,2018 yılı dördüncü üç aylık dönemi için BIST Pay Endeksleri kapsamında yer alacak paylarda değişiklik yapılmıştır,2018-09-19,2018-10-01,2018,2018Q4,GENTS,GENTAS,ADD,XU100,SCHEDULED,https://www.borsaistanbul.com/duyuru/12465/2018-yili-dorduncu-uc-aylik-donemi-icin-bist-pay-endeksleri-kapsaminda-yer-alacak-paylarda-degisiklik-yapilmistir,2026-08-24T03:03:26Z,bist_duyuru_12465_2018-09-19.html,30ce2a2b502dce70282e688027a248e6a00470c2a57ba5ca973bcd1e33b29edb,79130,PRIVATE_LOCAL_RAW,PRIVATE_LOCAL_RAW:bist-membership/events/bist_duyuru_12465_2018-09-19.html,INSUFFICIENT_IDENTITY_EVIDENCE,ACQUIRED,Itemised in the periodic review announcement; effective at the stated index-period start.
EV-279,Borsa Istanbul,12465,2018 yılı dördüncü üç aylık dönemi için BIST Pay Endeksleri kapsamında yer alacak paylarda değişiklik yapılmıştır,2018-09-19,2018-10-01,2018,2018Q4,OZGYO,OZDERICI GMYO,REMOVE,XU100,SCHEDULED,https://www.borsaistanbul.com/duyuru/12465/2018-yili-dorduncu-uc-aylik-donemi-icin-bist-pay-endeksleri-kapsaminda-yer-alacak-paylarda-degisiklik-yapilmistir,2026-08-24T03:03:26Z,bist_duyuru_12465_2018-09-19.html,30ce2a2b502dce70282e688027a248e6a00470c2a57ba5ca973bcd1e33b29edb,79130,PRIVATE_LOCAL_RAW,PRIVATE_LOCAL_RAW:bist-membership/events/bist_duyuru_12465_2018-09-19.html,INSUFFICIENT_IDENTITY_EVIDENCE,ACQUIRED,Itemised in the periodic review announcement; effective at the stated index-period start.
EV-280,Borsa Istanbul,12465,2018 yılı dördüncü üç aylık dönemi için BIST Pay Endeksleri kapsamında yer alacak paylarda değişiklik yapılmıştır,2018-09-19,2018-10-01,2018,2018Q4,AKENR,AK ENERJI,REMOVE,XU100,SCHEDULED,https://www.borsaistanbul.com/duyuru/12465/2018-yili-dorduncu-uc-aylik-donemi-icin-bist-pay-endeksleri-kapsaminda-yer-alacak-paylarda-degisiklik-yapilmistir,2026-08-24T03:03:26Z,bist_duyuru_12465_2018-09-19.html,30ce2a2b502dce70282e688027a248e6a00470c2a57ba5ca973bcd1e33b29edb,79130,PRIVATE_LOCAL_RAW,PRIVATE_LOCAL_RAW:bist-membership/events/bist_duyuru_12465_2018-09-19.html,INSUFFICIENT_IDENTITY_EVIDENCE,ACQUIRED,Itemised in the periodic review announcement; effective at the stated index-period start.
EV-281,Borsa Istanbul,12465,2018 yılı dördüncü üç aylık dönemi için BIST Pay Endeksleri kapsamında yer alacak paylarda değişiklik yapılmıştır,2018-09-19,2018-10-01,2018,2018Q4,SNGYO,SINPAS GMYO,REMOVE,XU100,SCHEDULED,https://www.borsaistanbul.com/duyuru/12465/2018-yili-dorduncu-uc-aylik-donemi-icin-bist-pay-endeksleri-kapsaminda-yer-alacak-paylarda-degisiklik-yapilmistir,2026-08-24T03:03:26Z,bist_duyuru_12465_2018-09-19.html,30ce2a2b502dce70282e688027a248e6a00470c2a57ba5ca973bcd1e33b29edb,79130,PRIVATE_LOCAL_RAW,PRIVATE_LOCAL_RAW:bist-membership/events/bist_duyuru_12465_2018-09-19.html,INSUFFICIENT_IDENTITY_EVIDENCE,ACQUIRED,Itemised in the periodic review announcement; effective at the stated index-period start.
EV-282,Borsa Istanbul,12465,2018 yılı dördüncü üç aylık dönemi için BIST Pay Endeksleri kapsamında yer alacak paylarda değişiklik yapılmıştır,2018-09-19,2018-10-01,2018,2018Q4,TRCAS,TURCAS PETROL,REMOVE,XU100,SCHEDULED,https://www.borsaistanbul.com/duyuru/12465/2018-yili-dorduncu-uc-aylik-donemi-icin-bist-pay-endeksleri-kapsaminda-yer-alacak-paylarda-degisiklik-yapilmistir,2026-08-24T03:03:26Z,bist_duyuru_12465_2018-09-19.html,30ce2a2b502dce70282e688027a248e6a00470c2a57ba5ca973bcd1e33b29edb,79130,PRIVATE_LOCAL_RAW,PRIVATE_LOCAL_RAW:bist-membership/events/bist_duyuru_12465_2018-09-19.html,INSUFFICIENT_IDENTITY_EVIDENCE,ACQUIRED,Itemised in the periodic review announcement; effective at the stated index-period start.
EV-283,Borsa Istanbul,12465,2018 yılı dördüncü üç aylık dönemi için BIST Pay Endeksleri kapsamında yer alacak paylarda değişiklik yapılmıştır,2018-09-19,2018-10-01,2018,2018Q4,INDES,INDEKS BILGISAYAR,OTHER_MEMBERSHIP_RELEVANT,XU100,SCHEDULED,https://www.borsaistanbul.com/duyuru/12465/2018-yili-dorduncu-uc-aylik-donemi-icin-bist-pay-endeksleri-kapsaminda-yer-alacak-paylarda-degisiklik-yapilmistir,2026-08-24T03:03:26Z,bist_duyuru_12465_2018-09-19.html,30ce2a2b502dce70282e688027a248e6a00470c2a57ba5ca973bcd1e33b29edb,79130,PRIVATE_LOCAL_RAW,PRIVATE_LOCAL_RAW:bist-membership/events/bist_duyuru_12465_2018-09-19.html,INSUFFICIENT_IDENTITY_EVIDENCE,ACQUIRED,"Reserve (yedek) list entry: an eligible substitute under rulebook art. 7, NOT a membership change and NOT a state."
EV-284,Borsa Istanbul,12465,2018 yılı dördüncü üç aylık dönemi için BIST Pay Endeksleri kapsamında yer alacak paylarda değişiklik yapılmıştır,2018-09-19,2018-10-01,2018,2018Q4,TKNSA,TEKNOSA IC VE DIS TICARET,OTHER_MEMBERSHIP_RELEVANT,XU100,SCHEDULED,https://www.borsaistanbul.com/duyuru/12465/2018-yili-dorduncu-uc-aylik-donemi-icin-bist-pay-endeksleri-kapsaminda-yer-alacak-paylarda-degisiklik-yapilmistir,2026-08-24T03:03:26Z,bist_duyuru_12465_2018-09-19.html,30ce2a2b502dce70282e688027a248e6a00470c2a57ba5ca973bcd1e33b29edb,79130,PRIVATE_LOCAL_RAW,PRIVATE_LOCAL_RAW:bist-membership/events/bist_duyuru_12465_2018-09-19.html,INSUFFICIENT_IDENTITY_EVIDENCE,ACQUIRED,"Reserve (yedek) list entry: an eligible substitute under rulebook art. 7, NOT a membership change and NOT a state."
EV-285,Borsa Istanbul,12465,2018 yılı dördüncü üç aylık dönemi için BIST Pay Endeksleri kapsamında yer alacak paylarda değişiklik yapılmıştır,2018-09-19,2018-10-01,2018,2018Q4,AYGAZ,AYGAZ,OTHER_MEMBERSHIP_RELEVANT,XU100,SCHEDULED,https://www.borsaistanbul.com/duyuru/12465/2018-yili-dorduncu-uc-aylik-donemi-icin-bist-pay-endeksleri-kapsaminda-yer-alacak-paylarda-degisiklik-yapilmistir,2026-08-24T03:03:26Z,bist_duyuru_12465_2018-09-19.html,30ce2a2b502dce70282e688027a248e6a00470c2a57ba5ca973bcd1e33b29edb,79130,PRIVATE_LOCAL_RAW,PRIVATE_LOCAL_RAW:bist-membership/events/bist_duyuru_12465_2018-09-19.html,INSUFFICIENT_IDENTITY_EVIDENCE,ACQUIRED,"Reserve (yedek) list entry: an eligible substitute under rulebook art. 7, NOT a membership change and NOT a state. The source prints the bulletin name identically to the share code for this row; recorded verbatim."
EV-286,Borsa Istanbul,12465,2018 yılı dördüncü üç aylık dönemi için BIST Pay Endeksleri kapsamında yer alacak paylarda değişiklik yapılmıştır,2018-09-19,2018-10-01,2018,2018Q4,ADNAC,ADANA CIMENTO (C),OTHER_MEMBERSHIP_RELEVANT,XU100,SCHEDULED,https://www.borsaistanbul.com/duyuru/12465/2018-yili-dorduncu-uc-aylik-donemi-icin-bist-pay-endeksleri-kapsaminda-yer-alacak-paylarda-degisiklik-yapilmistir,2026-08-24T03:03:26Z,bist_duyuru_12465_2018-09-19.html,30ce2a2b502dce70282e688027a248e6a00470c2a57ba5ca973bcd1e33b29edb,79130,PRIVATE_LOCAL_RAW,PRIVATE_LOCAL_RAW:bist-membership/events/bist_duyuru_12465_2018-09-19.html,INSUFFICIENT_IDENTITY_EVIDENCE,ACQUIRED,"Reserve (yedek) list entry: an eligible substitute under rulebook art. 7, NOT a membership change and NOT a state."
EV-287,Borsa Istanbul,12465,2018 yılı dördüncü üç aylık dönemi için BIST Pay Endeksleri kapsamında yer alacak paylarda değişiklik yapılmıştır,2018-09-19,2018-10-01,2018,2018Q4,TEKTU,TEK-ART TURIZM,OTHER_MEMBERSHIP_RELEVANT,XU100,SCHEDULED,https://www.borsaistanbul.com/duyuru/12465/2018-yili-dorduncu-uc-aylik-donemi-icin-bist-pay-endeksleri-kapsaminda-yer-alacak-paylarda-degisiklik-yapilmistir,2026-08-24T03:03:26Z,bist_duyuru_12465_2018-09-19.html,30ce2a2b502dce70282e688027a248e6a00470c2a57ba5ca973bcd1e33b29edb,79130,PRIVATE_LOCAL_RAW,PRIVATE_LOCAL_RAW:bist-membership/events/bist_duyuru_12465_2018-09-19.html,INSUFFICIENT_IDENTITY_EVIDENCE,ACQUIRED,"Reserve (yedek) list entry: an eligible substitute under rulebook art. 7, NOT a membership change and NOT a state."
EV-288,Borsa Istanbul,12465,2018 yılı dördüncü üç aylık dönemi için BIST Pay Endeksleri kapsamında yer alacak paylarda değişiklik yapılmıştır,2018-09-19,2018-10-01,2018,2018Q4,TRKCM,TRAKYA CAM,ADD,XU050,SCHEDULED,https://www.borsaistanbul.com/duyuru/12465/2018-yili-dorduncu-uc-aylik-donemi-icin-bist-pay-endeksleri-kapsaminda-yer-alacak-paylarda-degisiklik-yapilmistir,2026-08-24T03:03:26Z,bist_duyuru_12465_2018-09-19.html,30ce2a2b502dce70282e688027a248e6a00470c2a57ba5ca973bcd1e33b29edb,79130,PRIVATE_LOCAL_RAW,PRIVATE_LOCAL_RAW:bist-membership/events/bist_duyuru_12465_2018-09-19.html,INSUFFICIENT_IDENTITY_EVIDENCE,ACQUIRED,Itemised in the periodic review announcement; effective at the stated index-period start.
EV-289,Borsa Istanbul,12465,2018 yılı dördüncü üç aylık dönemi için BIST Pay Endeksleri kapsamında yer alacak paylarda değişiklik yapılmıştır,2018-09-19,2018-10-01,2018,2018Q4,ISDMR,ISKENDERUN DEMIR CELIK,ADD,XU050,SCHEDULED,https://www.borsaistanbul.com/duyuru/12465/2018-yili-dorduncu-uc-aylik-donemi-icin-bist-pay-endeksleri-kapsaminda-yer-alacak-paylarda-degisiklik-yapilmistir,2026-08-24T03:03:26Z,bist_duyuru_12465_2018-09-19.html,30ce2a2b502dce70282e688027a248e6a00470c2a57ba5ca973bcd1e33b29edb,79130,PRIVATE_LOCAL_RAW,PRIVATE_LOCAL_RAW:bist-membership/events/bist_duyuru_12465_2018-09-19.html,INSUFFICIENT_IDENTITY_EVIDENCE,ACQUIRED,Itemised in the periodic review announcement; effective at the stated index-period start.
EV-290,Borsa Istanbul,12465,2018 yılı dördüncü üç aylık dönemi için BIST Pay Endeksleri kapsamında yer alacak paylarda değişiklik yapılmıştır,2018-09-19,2018-10-01,2018,2018Q4,YATAS,YATAS,ADD,XU050,SCHEDULED,https://www.borsaistanbul.com/duyuru/12465/2018-yili-dorduncu-uc-aylik-donemi-icin-bist-pay-endeksleri-kapsaminda-yer-alacak-paylarda-degisiklik-yapilmistir,2026-08-24T03:03:26Z,bist_duyuru_12465_2018-09-19.html,30ce2a2b502dce70282e688027a248e6a00470c2a57ba5ca973bcd1e33b29edb,79130,PRIVATE_LOCAL_RAW,PRIVATE_LOCAL_RAW:bist-membership/events/bist_duyuru_12465_2018-09-19.html,INSUFFICIENT_IDENTITY_EVIDENCE,ACQUIRED,Itemised in the periodic review announcement; effective at the stated index-period start. The source prints the bulletin name identically to the share code for this row; recorded verbatim.
EV-291,Borsa Istanbul,12465,2018 yılı dördüncü üç aylık dönemi için BIST Pay Endeksleri kapsamında yer alacak paylarda değişiklik yapılmıştır,2018-09-19,2018-10-01,2018,2018Q4,FENER,FENERBAHCE FUTBOL,REMOVE,XU050,SCHEDULED,https://www.borsaistanbul.com/duyuru/12465/2018-yili-dorduncu-uc-aylik-donemi-icin-bist-pay-endeksleri-kapsaminda-yer-alacak-paylarda-degisiklik-yapilmistir,2026-08-24T03:03:26Z,bist_duyuru_12465_2018-09-19.html,30ce2a2b502dce70282e688027a248e6a00470c2a57ba5ca973bcd1e33b29edb,79130,PRIVATE_LOCAL_RAW,PRIVATE_LOCAL_RAW:bist-membership/events/bist_duyuru_12465_2018-09-19.html,INSUFFICIENT_IDENTITY_EVIDENCE,ACQUIRED,Itemised in the periodic review announcement; effective at the stated index-period start.
EV-292,Borsa Istanbul,12465,2018 yılı dördüncü üç aylık dönemi için BIST Pay Endeksleri kapsamında yer alacak paylarda değişiklik yapılmıştır,2018-09-19,2018-10-01,2018,2018Q4,ALARK,ALARKO HOLDING,REMOVE,XU050,SCHEDULED,https://www.borsaistanbul.com/duyuru/12465/2018-yili-dorduncu-uc-aylik-donemi-icin-bist-pay-endeksleri-kapsaminda-yer-alacak-paylarda-degisiklik-yapilmistir,2026-08-24T03:03:26Z,bist_duyuru_12465_2018-09-19.html,30ce2a2b502dce70282e688027a248e6a00470c2a57ba5ca973bcd1e33b29edb,79130,PRIVATE_LOCAL_RAW,PRIVATE_LOCAL_RAW:bist-membership/events/bist_duyuru_12465_2018-09-19.html,INSUFFICIENT_IDENTITY_EVIDENCE,ACQUIRED,Itemised in the periodic review announcement; effective at the stated index-period start.
EV-293,Borsa Istanbul,12465,2018 yılı dördüncü üç aylık dönemi için BIST Pay Endeksleri kapsamında yer alacak paylarda değişiklik yapılmıştır,2018-09-19,2018-10-01,2018,2018Q4,GOZDE,GOZDE GIRISIM,REMOVE,XU050,SCHEDULED,https://www.borsaistanbul.com/duyuru/12465/2018-yili-dorduncu-uc-aylik-donemi-icin-bist-pay-endeksleri-kapsaminda-yer-alacak-paylarda-degisiklik-yapilmistir,2026-08-24T03:03:26Z,bist_duyuru_12465_2018-09-19.html,30ce2a2b502dce70282e688027a248e6a00470c2a57ba5ca973bcd1e33b29edb,79130,PRIVATE_LOCAL_RAW,PRIVATE_LOCAL_RAW:bist-membership/events/bist_duyuru_12465_2018-09-19.html,INSUFFICIENT_IDENTITY_EVIDENCE,ACQUIRED,Itemised in the periodic review announcement; effective at the stated index-period start.
EV-294,Borsa Istanbul,12465,2018 yılı dördüncü üç aylık dönemi için BIST Pay Endeksleri kapsamında yer alacak paylarda değişiklik yapılmıştır,2018-09-19,2018-10-01,2018,2018Q4,ULKER,ULKER BISKUVI,OTHER_MEMBERSHIP_RELEVANT,XU050,SCHEDULED,https://www.borsaistanbul.com/duyuru/12465/2018-yili-dorduncu-uc-aylik-donemi-icin-bist-pay-endeksleri-kapsaminda-yer-alacak-paylarda-degisiklik-yapilmistir,2026-08-24T03:03:26Z,bist_duyuru_12465_2018-09-19.html,30ce2a2b502dce70282e688027a248e6a00470c2a57ba5ca973bcd1e33b29edb,79130,PRIVATE_LOCAL_RAW,PRIVATE_LOCAL_RAW:bist-membership/events/bist_duyuru_12465_2018-09-19.html,INSUFFICIENT_IDENTITY_EVIDENCE,ACQUIRED,"Reserve (yedek) list entry: an eligible substitute under rulebook art. 7, NOT a membership change and NOT a state."
EV-295,Borsa Istanbul,12465,2018 yılı dördüncü üç aylık dönemi için BIST Pay Endeksleri kapsamında yer alacak paylarda değişiklik yapılmıştır,2018-09-19,2018-10-01,2018,2018Q4,ANACM,ANADOLU CAM,OTHER_MEMBERSHIP_RELEVANT,XU050,SCHEDULED,https://www.borsaistanbul.com/duyuru/12465/2018-yili-dorduncu-uc-aylik-donemi-icin-bist-pay-endeksleri-kapsaminda-yer-alacak-paylarda-degisiklik-yapilmistir,2026-08-24T03:03:26Z,bist_duyuru_12465_2018-09-19.html,30ce2a2b502dce70282e688027a248e6a00470c2a57ba5ca973bcd1e33b29edb,79130,PRIVATE_LOCAL_RAW,PRIVATE_LOCAL_RAW:bist-membership/events/bist_duyuru_12465_2018-09-19.html,INSUFFICIENT_IDENTITY_EVIDENCE,ACQUIRED,"Reserve (yedek) list entry: an eligible substitute under rulebook art. 7, NOT a membership change and NOT a state."
EV-296,Borsa Istanbul,12465,2018 yılı dördüncü üç aylık dönemi için BIST Pay Endeksleri kapsamında yer alacak paylarda değişiklik yapılmıştır,2018-09-19,2018-10-01,2018,2018Q4,EGEEN,EGE ENDUSTRI,OTHER_MEMBERSHIP_RELEVANT,XU050,SCHEDULED,https://www.borsaistanbul.com/duyuru/12465/2018-yili-dorduncu-uc-aylik-donemi-icin-bist-pay-endeksleri-kapsaminda-yer-alacak-paylarda-degisiklik-yapilmistir,2026-08-24T03:03:26Z,bist_duyuru_12465_2018-09-19.html,30ce2a2b502dce70282e688027a248e6a00470c2a57ba5ca973bcd1e33b29edb,79130,PRIVATE_LOCAL_RAW,PRIVATE_LOCAL_RAW:bist-membership/events/bist_duyuru_12465_2018-09-19.html,INSUFFICIENT_IDENTITY_EVIDENCE,ACQUIRED,"Reserve (yedek) list entry: an eligible substitute under rulebook art. 7, NOT a membership change and NOT a state."
EV-297,Borsa Istanbul,12465,2018 yılı dördüncü üç aylık dönemi için BIST Pay Endeksleri kapsamında yer alacak paylarda değişiklik yapılmıştır,2018-09-19,2018-10-01,2018,2018Q4,MGROS,MIGROS TICARET,OTHER_MEMBERSHIP_RELEVANT,XU030,SCHEDULED,https://www.borsaistanbul.com/duyuru/12465/2018-yili-dorduncu-uc-aylik-donemi-icin-bist-pay-endeksleri-kapsaminda-yer-alacak-paylarda-degisiklik-yapilmistir,2026-08-24T03:03:26Z,bist_duyuru_12465_2018-09-19.html,30ce2a2b502dce70282e688027a248e6a00470c2a57ba5ca973bcd1e33b29edb,79130,PRIVATE_LOCAL_RAW,PRIVATE_LOCAL_RAW:bist-membership/events/bist_duyuru_12465_2018-09-19.html,INSUFFICIENT_IDENTITY_EVIDENCE,ACQUIRED,"Reserve (yedek) list entry: an eligible substitute under rulebook art. 7, NOT a membership change and NOT a state."
EV-298,Borsa Istanbul,12465,2018 yılı dördüncü üç aylık dönemi için BIST Pay Endeksleri kapsamında yer alacak paylarda değişiklik yapılmıştır,2018-09-19,2018-10-01,2018,2018Q4,SASA,SASA POLYESTER,OTHER_MEMBERSHIP_RELEVANT,XU030,SCHEDULED,https://www.borsaistanbul.com/duyuru/12465/2018-yili-dorduncu-uc-aylik-donemi-icin-bist-pay-endeksleri-kapsaminda-yer-alacak-paylarda-degisiklik-yapilmistir,2026-08-24T03:03:26Z,bist_duyuru_12465_2018-09-19.html,30ce2a2b502dce70282e688027a248e6a00470c2a57ba5ca973bcd1e33b29edb,79130,PRIVATE_LOCAL_RAW,PRIVATE_LOCAL_RAW:bist-membership/events/bist_duyuru_12465_2018-09-19.html,INSUFFICIENT_IDENTITY_EVIDENCE,ACQUIRED,"Reserve (yedek) list entry: an eligible substitute under rulebook art. 7, NOT a membership change and NOT a state."
EV-299,Borsa Istanbul,12304,2019 yılı birinci üç aylık dönemi için BIST Pay Endeksleri kapsamında yer alacak paylarda değişiklik yapılmıştır,2018-12-21,2019-01-02,2019,2019Q1,NA,NA,REVIEW_SCHEDULE,XU030;XU050;XU100,SCHEDULED,https://www.borsaistanbul.com/duyuru/12304/2019-yili-birinci-uc-aylik-donemi-icin-bist-pay-endeksleri-kapsaminda-yer-alacak-paylarda-degisiklik-yapilmistir,2026-08-24T03:03:26Z,bist_duyuru_12304_2018-12-21.html,55e4107e55d7ffb5e4e166af0df5a1362bdb86e1ffd0fc5cab5dff68753a0299,78781,PRIVATE_LOCAL_RAW,PRIVATE_LOCAL_RAW:bist-membership/events/bist_duyuru_12304_2018-12-21.html,NA,ACQUIRED,"Periodic review announcement. The document states the index period explicitly as 2019-01-02 to 2019-03-29; effective_date is that stated period start, not the publication date. Additions and removals are equal in number in every transcribed table, consistent with rulebook art. 6(c)/(d)."
EV-300,Borsa Istanbul,12304,2019 yılı birinci üç aylık dönemi için BIST Pay Endeksleri kapsamında yer alacak paylarda değişiklik yapılmıştır,2018-12-21,2019-01-02,2019,2019Q1,VERUS,VERUSA HOLDING,ADD,XU100,SCHEDULED,https://www.borsaistanbul.com/duyuru/12304/2019-yili-birinci-uc-aylik-donemi-icin-bist-pay-endeksleri-kapsaminda-yer-alacak-paylarda-degisiklik-yapilmistir,2026-08-24T03:03:26Z,bist_duyuru_12304_2018-12-21.html,55e4107e55d7ffb5e4e166af0df5a1362bdb86e1ffd0fc5cab5dff68753a0299,78781,PRIVATE_LOCAL_RAW,PRIVATE_LOCAL_RAW:bist-membership/events/bist_duyuru_12304_2018-12-21.html,INSUFFICIENT_IDENTITY_EVIDENCE,ACQUIRED,Itemised in the periodic review announcement; effective at the stated index-period start.
EV-301,Borsa Istanbul,12304,2019 yılı birinci üç aylık dönemi için BIST Pay Endeksleri kapsamında yer alacak paylarda değişiklik yapılmıştır,2018-12-21,2019-01-02,2019,2019Q1,PARSN,PARSAN,ADD,XU100,SCHEDULED,https://www.borsaistanbul.com/duyuru/12304/2019-yili-birinci-uc-aylik-donemi-icin-bist-pay-endeksleri-kapsaminda-yer-alacak-paylarda-degisiklik-yapilmistir,2026-08-24T03:03:26Z,bist_duyuru_12304_2018-12-21.html,55e4107e55d7ffb5e4e166af0df5a1362bdb86e1ffd0fc5cab5dff68753a0299,78781,PRIVATE_LOCAL_RAW,PRIVATE_LOCAL_RAW:bist-membership/events/bist_duyuru_12304_2018-12-21.html,INSUFFICIENT_IDENTITY_EVIDENCE,ACQUIRED,Itemised in the periodic review announcement; effective at the stated index-period start.
EV-302,Borsa Istanbul,12304,2019 yılı birinci üç aylık dönemi için BIST Pay Endeksleri kapsamında yer alacak paylarda değişiklik yapılmıştır,2018-12-21,2019-01-02,2019,2019Q1,KERVT,KEREVITAS GIDA,ADD,XU100,SCHEDULED,https://www.borsaistanbul.com/duyuru/12304/2019-yili-birinci-uc-aylik-donemi-icin-bist-pay-endeksleri-kapsaminda-yer-alacak-paylarda-degisiklik-yapilmistir,2026-08-24T03:03:26Z,bist_duyuru_12304_2018-12-21.html,55e4107e55d7ffb5e4e166af0df5a1362bdb86e1ffd0fc5cab5dff68753a0299,78781,PRIVATE_LOCAL_RAW,PRIVATE_LOCAL_RAW:bist-membership/events/bist_duyuru_12304_2018-12-21.html,INSUFFICIENT_IDENTITY_EVIDENCE,ACQUIRED,Itemised in the periodic review announcement; effective at the stated index-period start.
EV-303,Borsa Istanbul,12304,2019 yılı birinci üç aylık dönemi için BIST Pay Endeksleri kapsamında yer alacak paylarda değişiklik yapılmıştır,2018-12-21,2019-01-02,2019,2019Q1,INDES,INDEKS BILGISAYAR,ADD,XU100,SCHEDULED,https://www.borsaistanbul.com/duyuru/12304/2019-yili-birinci-uc-aylik-donemi-icin-bist-pay-endeksleri-kapsaminda-yer-alacak-paylarda-degisiklik-yapilmistir,2026-08-24T03:03:26Z,bist_duyuru_12304_2018-12-21.html,55e4107e55d7ffb5e4e166af0df5a1362bdb86e1ffd0fc5cab5dff68753a0299,78781,PRIVATE_LOCAL_RAW,PRIVATE_LOCAL_RAW:bist-membership/events/bist_duyuru_12304_2018-12-21.html,INSUFFICIENT_IDENTITY_EVIDENCE,ACQUIRED,Itemised in the periodic review announcement; effective at the stated index-period start.
EV-304,Borsa Istanbul,12304,2019 yılı birinci üç aylık dönemi için BIST Pay Endeksleri kapsamında yer alacak paylarda değişiklik yapılmıştır,2018-12-21,2019-01-02,2019,2019Q1,CLEBI,CELEBI,ADD,XU100,SCHEDULED,https://www.borsaistanbul.com/duyuru/12304/2019-yili-birinci-uc-aylik-donemi-icin-bist-pay-endeksleri-kapsaminda-yer-alacak-paylarda-degisiklik-yapilmistir,2026-08-24T03:03:26Z,bist_duyuru_12304_2018-12-21.html,55e4107e55d7ffb5e4e166af0df5a1362bdb86e1ffd0fc5cab5dff68753a0299,78781,PRIVATE_LOCAL_RAW,PRIVATE_LOCAL_RAW:bist-membership/events/bist_duyuru_12304_2018-12-21.html,INSUFFICIENT_IDENTITY_EVIDENCE,ACQUIRED,Itemised in the periodic review announcement; effective at the stated index-period start.
EV-305,Borsa Istanbul,12304,2019 yılı birinci üç aylık dönemi için BIST Pay Endeksleri kapsamında yer alacak paylarda değişiklik yapılmıştır,2018-12-21,2019-01-02,2019,2019Q1,OZKGY,OZAK GMYO,REMOVE,XU100,SCHEDULED,https://www.borsaistanbul.com/duyuru/12304/2019-yili-birinci-uc-aylik-donemi-icin-bist-pay-endeksleri-kapsaminda-yer-alacak-paylarda-degisiklik-yapilmistir,2026-08-24T03:03:26Z,bist_duyuru_12304_2018-12-21.html,55e4107e55d7ffb5e4e166af0df5a1362bdb86e1ffd0fc5cab5dff68753a0299,78781,PRIVATE_LOCAL_RAW,PRIVATE_LOCAL_RAW:bist-membership/events/bist_duyuru_12304_2018-12-21.html,INSUFFICIENT_IDENTITY_EVIDENCE,ACQUIRED,Itemised in the periodic review announcement; effective at the stated index-period start.
EV-306,Borsa Istanbul,12304,2019 yılı birinci üç aylık dönemi için BIST Pay Endeksleri kapsamında yer alacak paylarda değişiklik yapılmıştır,2018-12-21,2019-01-02,2019,2019Q1,BRSAN,BORUSAN MANNESMANN,REMOVE,XU100,SCHEDULED,https://www.borsaistanbul.com/duyuru/12304/2019-yili-birinci-uc-aylik-donemi-icin-bist-pay-endeksleri-kapsaminda-yer-alacak-paylarda-degisiklik-yapilmistir,2026-08-24T03:03:26Z,bist_duyuru_12304_2018-12-21.html,55e4107e55d7ffb5e4e166af0df5a1362bdb86e1ffd0fc5cab5dff68753a0299,78781,PRIVATE_LOCAL_RAW,PRIVATE_LOCAL_RAW:bist-membership/events/bist_duyuru_12304_2018-12-21.html,INSUFFICIENT_IDENTITY_EVIDENCE,ACQUIRED,Itemised in the periodic review announcement; effective at the stated index-period start.
EV-307,Borsa Istanbul,12304,2019 yılı birinci üç aylık dönemi için BIST Pay Endeksleri kapsamında yer alacak paylarda değişiklik yapılmıştır,2018-12-21,2019-01-02,2019,2019Q1,IEYHO,ISIKLAR ENERJI YAPI HOL.,REMOVE,XU100,SCHEDULED,https://www.borsaistanbul.com/duyuru/12304/2019-yili-birinci-uc-aylik-donemi-icin-bist-pay-endeksleri-kapsaminda-yer-alacak-paylarda-degisiklik-yapilmistir,2026-08-24T03:03:26Z,bist_duyuru_12304_2018-12-21.html,55e4107e55d7ffb5e4e166af0df5a1362bdb86e1ffd0fc5cab5dff68753a0299,78781,PRIVATE_LOCAL_RAW,PRIVATE_LOCAL_RAW:bist-membership/events/bist_duyuru_12304_2018-12-21.html,INSUFFICIENT_IDENTITY_EVIDENCE,ACQUIRED,Itemised in the periodic review announcement; effective at the stated index-period start.
EV-308,Borsa Istanbul,12304,2019 yılı birinci üç aylık dönemi için BIST Pay Endeksleri kapsamında yer alacak paylarda değişiklik yapılmıştır,2018-12-21,2019-01-02,2019,2019Q1,DOAS,DOGUS OTOMOTIV,REMOVE,XU100,SCHEDULED,https://www.borsaistanbul.com/duyuru/12304/2019-yili-birinci-uc-aylik-donemi-icin-bist-pay-endeksleri-kapsaminda-yer-alacak-paylarda-degisiklik-yapilmistir,2026-08-24T03:03:26Z,bist_duyuru_12304_2018-12-21.html,55e4107e55d7ffb5e4e166af0df5a1362bdb86e1ffd0fc5cab5dff68753a0299,78781,PRIVATE_LOCAL_RAW,PRIVATE_LOCAL_RAW:bist-membership/events/bist_duyuru_12304_2018-12-21.html,INSUFFICIENT_IDENTITY_EVIDENCE,ACQUIRED,Itemised in the periodic review announcement; effective at the stated index-period start.
EV-309,Borsa Istanbul,12304,2019 yılı birinci üç aylık dönemi için BIST Pay Endeksleri kapsamında yer alacak paylarda değişiklik yapılmıştır,2018-12-21,2019-01-02,2019,2019Q1,ISFIN,IS FIN.KIR.,REMOVE,XU100,SCHEDULED,https://www.borsaistanbul.com/duyuru/12304/2019-yili-birinci-uc-aylik-donemi-icin-bist-pay-endeksleri-kapsaminda-yer-alacak-paylarda-degisiklik-yapilmistir,2026-08-24T03:03:26Z,bist_duyuru_12304_2018-12-21.html,55e4107e55d7ffb5e4e166af0df5a1362bdb86e1ffd0fc5cab5dff68753a0299,78781,PRIVATE_LOCAL_RAW,PRIVATE_LOCAL_RAW:bist-membership/events/bist_duyuru_12304_2018-12-21.html,INSUFFICIENT_IDENTITY_EVIDENCE,ACQUIRED,Itemised in the periodic review announcement; effective at the stated index-period start.
EV-310,Borsa Istanbul,12304,2019 yılı birinci üç aylık dönemi için BIST Pay Endeksleri kapsamında yer alacak paylarda değişiklik yapılmıştır,2018-12-21,2019-01-02,2019,2019Q1,TKNSA,TEKNOSA IC VE DIS TICARET,OTHER_MEMBERSHIP_RELEVANT,XU100,SCHEDULED,https://www.borsaistanbul.com/duyuru/12304/2019-yili-birinci-uc-aylik-donemi-icin-bist-pay-endeksleri-kapsaminda-yer-alacak-paylarda-degisiklik-yapilmistir,2026-08-24T03:03:26Z,bist_duyuru_12304_2018-12-21.html,55e4107e55d7ffb5e4e166af0df5a1362bdb86e1ffd0fc5cab5dff68753a0299,78781,PRIVATE_LOCAL_RAW,PRIVATE_LOCAL_RAW:bist-membership/events/bist_duyuru_12304_2018-12-21.html,INSUFFICIENT_IDENTITY_EVIDENCE,ACQUIRED,"Reserve (yedek) list entry: an eligible substitute under rulebook art. 7, NOT a membership change and NOT a state."
EV-311,Borsa Istanbul,12304,2019 yılı birinci üç aylık dönemi için BIST Pay Endeksleri kapsamında yer alacak paylarda değişiklik yapılmıştır,2018-12-21,2019-01-02,2019,2019Q1,DOCO,DO-CO,OTHER_MEMBERSHIP_RELEVANT,XU100,SCHEDULED,https://www.borsaistanbul.com/duyuru/12304/2019-yili-birinci-uc-aylik-donemi-icin-bist-pay-endeksleri-kapsaminda-yer-alacak-paylarda-degisiklik-yapilmistir,2026-08-24T03:03:26Z,bist_duyuru_12304_2018-12-21.html,55e4107e55d7ffb5e4e166af0df5a1362bdb86e1ffd0fc5cab5dff68753a0299,78781,PRIVATE_LOCAL_RAW,PRIVATE_LOCAL_RAW:bist-membership/events/bist_duyuru_12304_2018-12-21.html,INSUFFICIENT_IDENTITY_EVIDENCE,ACQUIRED,"Reserve (yedek) list entry: an eligible substitute under rulebook art. 7, NOT a membership change and NOT a state."
EV-312,Borsa Istanbul,12304,2019 yılı birinci üç aylık dönemi için BIST Pay Endeksleri kapsamında yer alacak paylarda değişiklik yapılmıştır,2018-12-21,2019-01-02,2019,2019Q1,ULUSE,ULUSOY ELEKTRIK,OTHER_MEMBERSHIP_RELEVANT,XU100,SCHEDULED,https://www.borsaistanbul.com/duyuru/12304/2019-yili-birinci-uc-aylik-donemi-icin-bist-pay-endeksleri-kapsaminda-yer-alacak-paylarda-degisiklik-yapilmistir,2026-08-24T03:03:26Z,bist_duyuru_12304_2018-12-21.html,55e4107e55d7ffb5e4e166af0df5a1362bdb86e1ffd0fc5cab5dff68753a0299,78781,PRIVATE_LOCAL_RAW,PRIVATE_LOCAL_RAW:bist-membership/events/bist_duyuru_12304_2018-12-21.html,INSUFFICIENT_IDENTITY_EVIDENCE,ACQUIRED,"Reserve (yedek) list entry: an eligible substitute under rulebook art. 7, NOT a membership change and NOT a state."
EV-313,Borsa Istanbul,12304,2019 yılı birinci üç aylık dönemi için BIST Pay Endeksleri kapsamında yer alacak paylarda değişiklik yapılmıştır,2018-12-21,2019-01-02,2019,2019Q1,TRCAS,TURCAS PETROL,OTHER_MEMBERSHIP_RELEVANT,XU100,SCHEDULED,https://www.borsaistanbul.com/duyuru/12304/2019-yili-birinci-uc-aylik-donemi-icin-bist-pay-endeksleri-kapsaminda-yer-alacak-paylarda-degisiklik-yapilmistir,2026-08-24T03:03:26Z,bist_duyuru_12304_2018-12-21.html,55e4107e55d7ffb5e4e166af0df5a1362bdb86e1ffd0fc5cab5dff68753a0299,78781,PRIVATE_LOCAL_RAW,PRIVATE_LOCAL_RAW:bist-membership/events/bist_duyuru_12304_2018-12-21.html,INSUFFICIENT_IDENTITY_EVIDENCE,ACQUIRED,"Reserve (yedek) list entry: an eligible substitute under rulebook art. 7, NOT a membership change and NOT a state."
EV-314,Borsa Istanbul,12304,2019 yılı birinci üç aylık dönemi için BIST Pay Endeksleri kapsamında yer alacak paylarda değişiklik yapılmıştır,2018-12-21,2019-01-02,2019,2019Q1,TEKTU,TEK-ART TURIZM,OTHER_MEMBERSHIP_RELEVANT,XU100,SCHEDULED,https://www.borsaistanbul.com/duyuru/12304/2019-yili-birinci-uc-aylik-donemi-icin-bist-pay-endeksleri-kapsaminda-yer-alacak-paylarda-degisiklik-yapilmistir,2026-08-24T03:03:26Z,bist_duyuru_12304_2018-12-21.html,55e4107e55d7ffb5e4e166af0df5a1362bdb86e1ffd0fc5cab5dff68753a0299,78781,PRIVATE_LOCAL_RAW,PRIVATE_LOCAL_RAW:bist-membership/events/bist_duyuru_12304_2018-12-21.html,INSUFFICIENT_IDENTITY_EVIDENCE,ACQUIRED,"Reserve (yedek) list entry: an eligible substitute under rulebook art. 7, NOT a membership change and NOT a state."
EV-315,Borsa Istanbul,12304,2019 yılı birinci üç aylık dönemi için BIST Pay Endeksleri kapsamında yer alacak paylarda değişiklik yapılmıştır,2018-12-21,2019-01-02,2019,2019Q1,ULKER,ULKER BISKUVI,ADD,XU050,SCHEDULED,https://www.borsaistanbul.com/duyuru/12304/2019-yili-birinci-uc-aylik-donemi-icin-bist-pay-endeksleri-kapsaminda-yer-alacak-paylarda-degisiklik-yapilmistir,2026-08-24T03:03:26Z,bist_duyuru_12304_2018-12-21.html,55e4107e55d7ffb5e4e166af0df5a1362bdb86e1ffd0fc5cab5dff68753a0299,78781,PRIVATE_LOCAL_RAW,PRIVATE_LOCAL_RAW:bist-membership/events/bist_duyuru_12304_2018-12-21.html,INSUFFICIENT_IDENTITY_EVIDENCE,ACQUIRED,Itemised in the periodic review announcement; effective at the stated index-period start.
EV-316,Borsa Istanbul,12304,2019 yılı birinci üç aylık dönemi için BIST Pay Endeksleri kapsamında yer alacak paylarda değişiklik yapılmıştır,2018-12-21,2019-01-02,2019,2019Q1,MAVI,MAVI GIYIM,ADD,XU050,SCHEDULED,https://www.borsaistanbul.com/duyuru/12304/2019-yili-birinci-uc-aylik-donemi-icin-bist-pay-endeksleri-kapsaminda-yer-alacak-paylarda-degisiklik-yapilmistir,2026-08-24T03:03:26Z,bist_duyuru_12304_2018-12-21.html,55e4107e55d7ffb5e4e166af0df5a1362bdb86e1ffd0fc5cab5dff68753a0299,78781,PRIVATE_LOCAL_RAW,PRIVATE_LOCAL_RAW:bist-membership/events/bist_duyuru_12304_2018-12-21.html,INSUFFICIENT_IDENTITY_EVIDENCE,ACQUIRED,Itemised in the periodic review announcement; effective at the stated index-period start.
EV-317,Borsa Istanbul,12304,2019 yılı birinci üç aylık dönemi için BIST Pay Endeksleri kapsamında yer alacak paylarda değişiklik yapılmıştır,2018-12-21,2019-01-02,2019,2019Q1,ANACM,ANADOLU CAM,ADD,XU050,SCHEDULED,https://www.borsaistanbul.com/duyuru/12304/2019-yili-birinci-uc-aylik-donemi-icin-bist-pay-endeksleri-kapsaminda-yer-alacak-paylarda-degisiklik-yapilmistir,2026-08-24T03:03:26Z,bist_duyuru_12304_2018-12-21.html,55e4107e55d7ffb5e4e166af0df5a1362bdb86e1ffd0fc5cab5dff68753a0299,78781,PRIVATE_LOCAL_RAW,PRIVATE_LOCAL_RAW:bist-membership/events/bist_duyuru_12304_2018-12-21.html,INSUFFICIENT_IDENTITY_EVIDENCE,ACQUIRED,Itemised in the periodic review announcement; effective at the stated index-period start.
EV-318,Borsa Istanbul,12304,2019 yılı birinci üç aylık dönemi için BIST Pay Endeksleri kapsamında yer alacak paylarda değişiklik yapılmıştır,2018-12-21,2019-01-02,2019,2019Q1,FENER,FENERBAHCE FUTBOL,ADD,XU050,SCHEDULED,https://www.borsaistanbul.com/duyuru/12304/2019-yili-birinci-uc-aylik-donemi-icin-bist-pay-endeksleri-kapsaminda-yer-alacak-paylarda-degisiklik-yapilmistir,2026-08-24T03:03:26Z,bist_duyuru_12304_2018-12-21.html,55e4107e55d7ffb5e4e166af0df5a1362bdb86e1ffd0fc5cab5dff68753a0299,78781,PRIVATE_LOCAL_RAW,PRIVATE_LOCAL_RAW:bist-membership/events/bist_duyuru_12304_2018-12-21.html,INSUFFICIENT_IDENTITY_EVIDENCE,ACQUIRED,Itemised in the periodic review announcement; effective at the stated index-period start.
EV-319,Borsa Istanbul,12304,2019 yılı birinci üç aylık dönemi için BIST Pay Endeksleri kapsamında yer alacak paylarda değişiklik yapılmıştır,2018-12-21,2019-01-02,2019,2019Q1,OTKAR,OTOKAR,REMOVE,XU050,SCHEDULED,https://www.borsaistanbul.com/duyuru/12304/2019-yili-birinci-uc-aylik-donemi-icin-bist-pay-endeksleri-kapsaminda-yer-alacak-paylarda-degisiklik-yapilmistir,2026-08-24T03:03:26Z,bist_duyuru_12304_2018-12-21.html,55e4107e55d7ffb5e4e166af0df5a1362bdb86e1ffd0fc5cab5dff68753a0299,78781,PRIVATE_LOCAL_RAW,PRIVATE_LOCAL_RAW:bist-membership/events/bist_duyuru_12304_2018-12-21.html,INSUFFICIENT_IDENTITY_EVIDENCE,ACQUIRED,Itemised in the periodic review announcement; effective at the stated index-period start.
EV-320,Borsa Istanbul,12304,2019 yılı birinci üç aylık dönemi için BIST Pay Endeksleri kapsamında yer alacak paylarda değişiklik yapılmıştır,2018-12-21,2019-01-02,2019,2019Q1,NTHOL,NET HOLDING,REMOVE,XU050,SCHEDULED,https://www.borsaistanbul.com/duyuru/12304/2019-yili-birinci-uc-aylik-donemi-icin-bist-pay-endeksleri-kapsaminda-yer-alacak-paylarda-degisiklik-yapilmistir,2026-08-24T03:03:26Z,bist_duyuru_12304_2018-12-21.html,55e4107e55d7ffb5e4e166af0df5a1362bdb86e1ffd0fc5cab5dff68753a0299,78781,PRIVATE_LOCAL_RAW,PRIVATE_LOCAL_RAW:bist-membership/events/bist_duyuru_12304_2018-12-21.html,INSUFFICIENT_IDENTITY_EVIDENCE,ACQUIRED,Itemised in the periodic review announcement; effective at the stated index-period start.
EV-321,Borsa Istanbul,12304,2019 yılı birinci üç aylık dönemi için BIST Pay Endeksleri kapsamında yer alacak paylarda değişiklik yapılmıştır,2018-12-21,2019-01-02,2019,2019Q1,GSRAY,GALATASARAY SPORTIF,REMOVE,XU050,SCHEDULED,https://www.borsaistanbul.com/duyuru/12304/2019-yili-birinci-uc-aylik-donemi-icin-bist-pay-endeksleri-kapsaminda-yer-alacak-paylarda-degisiklik-yapilmistir,2026-08-24T03:03:26Z,bist_duyuru_12304_2018-12-21.html,55e4107e55d7ffb5e4e166af0df5a1362bdb86e1ffd0fc5cab5dff68753a0299,78781,PRIVATE_LOCAL_RAW,PRIVATE_LOCAL_RAW:bist-membership/events/bist_duyuru_12304_2018-12-21.html,INSUFFICIENT_IDENTITY_EVIDENCE,ACQUIRED,Itemised in the periodic review announcement; effective at the stated index-period start.
EV-322,Borsa Istanbul,12304,2019 yılı birinci üç aylık dönemi için BIST Pay Endeksleri kapsamında yer alacak paylarda değişiklik yapılmıştır,2018-12-21,2019-01-02,2019,2019Q1,KARSN,KARSAN OTOMOTIV,REMOVE,XU050,SCHEDULED,https://www.borsaistanbul.com/duyuru/12304/2019-yili-birinci-uc-aylik-donemi-icin-bist-pay-endeksleri-kapsaminda-yer-alacak-paylarda-degisiklik-yapilmistir,2026-08-24T03:03:26Z,bist_duyuru_12304_2018-12-21.html,55e4107e55d7ffb5e4e166af0df5a1362bdb86e1ffd0fc5cab5dff68753a0299,78781,PRIVATE_LOCAL_RAW,PRIVATE_LOCAL_RAW:bist-membership/events/bist_duyuru_12304_2018-12-21.html,INSUFFICIENT_IDENTITY_EVIDENCE,ACQUIRED,Itemised in the periodic review announcement; effective at the stated index-period start.
EV-323,Borsa Istanbul,12304,2019 yılı birinci üç aylık dönemi için BIST Pay Endeksleri kapsamında yer alacak paylarda değişiklik yapılmıştır,2018-12-21,2019-01-02,2019,2019Q1,EGEEN,EGE ENDUSTRI,OTHER_MEMBERSHIP_RELEVANT,XU050,SCHEDULED,https://www.borsaistanbul.com/duyuru/12304/2019-yili-birinci-uc-aylik-donemi-icin-bist-pay-endeksleri-kapsaminda-yer-alacak-paylarda-degisiklik-yapilmistir,2026-08-24T03:03:26Z,bist_duyuru_12304_2018-12-21.html,55e4107e55d7ffb5e4e166af0df5a1362bdb86e1ffd0fc5cab5dff68753a0299,78781,PRIVATE_LOCAL_RAW,PRIVATE_LOCAL_RAW:bist-membership/events/bist_duyuru_12304_2018-12-21.html,INSUFFICIENT_IDENTITY_EVIDENCE,ACQUIRED,"Reserve (yedek) list entry: an eligible substitute under rulebook art. 7, NOT a membership change and NOT a state."
EV-324,Borsa Istanbul,12304,2019 yılı birinci üç aylık dönemi için BIST Pay Endeksleri kapsamında yer alacak paylarda değişiklik yapılmıştır,2018-12-21,2019-01-02,2019,2019Q1,VERUS,VERUSA HOLDING,OTHER_MEMBERSHIP_RELEVANT,XU050,SCHEDULED,https://www.borsaistanbul.com/duyuru/12304/2019-yili-birinci-uc-aylik-donemi-icin-bist-pay-endeksleri-kapsaminda-yer-alacak-paylarda-degisiklik-yapilmistir,2026-08-24T03:03:26Z,bist_duyuru_12304_2018-12-21.html,55e4107e55d7ffb5e4e166af0df5a1362bdb86e1ffd0fc5cab5dff68753a0299,78781,PRIVATE_LOCAL_RAW,PRIVATE_LOCAL_RAW:bist-membership/events/bist_duyuru_12304_2018-12-21.html,INSUFFICIENT_IDENTITY_EVIDENCE,ACQUIRED,"Reserve (yedek) list entry: an eligible substitute under rulebook art. 7, NOT a membership change and NOT a state."
EV-325,Borsa Istanbul,12304,2019 yılı birinci üç aylık dönemi için BIST Pay Endeksleri kapsamında yer alacak paylarda değişiklik yapılmıştır,2018-12-21,2019-01-02,2019,2019Q1,ICBCT,ICBC TURKEY BANK,OTHER_MEMBERSHIP_RELEVANT,XU050,SCHEDULED,https://www.borsaistanbul.com/duyuru/12304/2019-yili-birinci-uc-aylik-donemi-icin-bist-pay-endeksleri-kapsaminda-yer-alacak-paylarda-degisiklik-yapilmistir,2026-08-24T03:03:26Z,bist_duyuru_12304_2018-12-21.html,55e4107e55d7ffb5e4e166af0df5a1362bdb86e1ffd0fc5cab5dff68753a0299,78781,PRIVATE_LOCAL_RAW,PRIVATE_LOCAL_RAW:bist-membership/events/bist_duyuru_12304_2018-12-21.html,INSUFFICIENT_IDENTITY_EVIDENCE,ACQUIRED,"Reserve (yedek) list entry: an eligible substitute under rulebook art. 7, NOT a membership change and NOT a state."
EV-326,Borsa Istanbul,12304,2019 yılı birinci üç aylık dönemi için BIST Pay Endeksleri kapsamında yer alacak paylarda değişiklik yapılmıştır,2018-12-21,2019-01-02,2019,2019Q1,FROTO,FORD OTOSAN,ADD,XU030,SCHEDULED,https://www.borsaistanbul.com/duyuru/12304/2019-yili-birinci-uc-aylik-donemi-icin-bist-pay-endeksleri-kapsaminda-yer-alacak-paylarda-degisiklik-yapilmistir,2026-08-24T03:03:26Z,bist_duyuru_12304_2018-12-21.html,55e4107e55d7ffb5e4e166af0df5a1362bdb86e1ffd0fc5cab5dff68753a0299,78781,PRIVATE_LOCAL_RAW,PRIVATE_LOCAL_RAW:bist-membership/events/bist_duyuru_12304_2018-12-21.html,INSUFFICIENT_IDENTITY_EVIDENCE,ACQUIRED,Itemised in the periodic review announcement; effective at the stated index-period start.
EV-327,Borsa Istanbul,12304,2019 yılı birinci üç aylık dönemi için BIST Pay Endeksleri kapsamında yer alacak paylarda değişiklik yapılmıştır,2018-12-21,2019-01-02,2019,2019Q1,SOKM,SOK MARKETLER TICARET,REMOVE,XU030,SCHEDULED,https://www.borsaistanbul.com/duyuru/12304/2019-yili-birinci-uc-aylik-donemi-icin-bist-pay-endeksleri-kapsaminda-yer-alacak-paylarda-degisiklik-yapilmistir,2026-08-24T03:03:26Z,bist_duyuru_12304_2018-12-21.html,55e4107e55d7ffb5e4e166af0df5a1362bdb86e1ffd0fc5cab5dff68753a0299,78781,PRIVATE_LOCAL_RAW,PRIVATE_LOCAL_RAW:bist-membership/events/bist_duyuru_12304_2018-12-21.html,INSUFFICIENT_IDENTITY_EVIDENCE,ACQUIRED,Itemised in the periodic review announcement; effective at the stated index-period start.
EV-328,Borsa Istanbul,12304,2019 yılı birinci üç aylık dönemi için BIST Pay Endeksleri kapsamında yer alacak paylarda değişiklik yapılmıştır,2018-12-21,2019-01-02,2019,2019Q1,MGROS,MIGROS TICARET,OTHER_MEMBERSHIP_RELEVANT,XU030,SCHEDULED,https://www.borsaistanbul.com/duyuru/12304/2019-yili-birinci-uc-aylik-donemi-icin-bist-pay-endeksleri-kapsaminda-yer-alacak-paylarda-degisiklik-yapilmistir,2026-08-24T03:03:26Z,bist_duyuru_12304_2018-12-21.html,55e4107e55d7ffb5e4e166af0df5a1362bdb86e1ffd0fc5cab5dff68753a0299,78781,PRIVATE_LOCAL_RAW,PRIVATE_LOCAL_RAW:bist-membership/events/bist_duyuru_12304_2018-12-21.html,INSUFFICIENT_IDENTITY_EVIDENCE,ACQUIRED,"Reserve (yedek) list entry: an eligible substitute under rulebook art. 7, NOT a membership change and NOT a state."
EV-329,Borsa Istanbul,12304,2019 yılı birinci üç aylık dönemi için BIST Pay Endeksleri kapsamında yer alacak paylarda değişiklik yapılmıştır,2018-12-21,2019-01-02,2019,2019Q1,TSKB,T.S.K.B.,OTHER_MEMBERSHIP_RELEVANT,XU030,SCHEDULED,https://www.borsaistanbul.com/duyuru/12304/2019-yili-birinci-uc-aylik-donemi-icin-bist-pay-endeksleri-kapsaminda-yer-alacak-paylarda-degisiklik-yapilmistir,2026-08-24T03:03:26Z,bist_duyuru_12304_2018-12-21.html,55e4107e55d7ffb5e4e166af0df5a1362bdb86e1ffd0fc5cab5dff68753a0299,78781,PRIVATE_LOCAL_RAW,PRIVATE_LOCAL_RAW:bist-membership/events/bist_duyuru_12304_2018-12-21.html,INSUFFICIENT_IDENTITY_EVIDENCE,ACQUIRED,"Reserve (yedek) list entry: an eligible substitute under rulebook art. 7, NOT a membership change and NOT a state."
EV-330,Borsa Istanbul,12070,2019 yılı ikinci üç aylık dönemi için BIST Pay Endeksleri kapsamında yer alacak paylarda değişiklik yapılmıştır,2019-03-18,2019-04-01,2019,2019Q2,NA,NA,REVIEW_SCHEDULE,XU030;XU050;XU100,SCHEDULED,https://www.borsaistanbul.com/duyuru/12070/2019-yili-ikinci-uc-aylik-donemi-icin-bist-pay-endeksleri-kapsaminda-yer-alacak-paylarda-degisiklik-yapilmistir,2026-08-24T03:03:26Z,bist_duyuru_12070_2019-03-18.html,c2cb31d5fb6d872ec00d30f45fc40e49a9516f4ff8079a0fc652e59435bffd95,78782,PRIVATE_LOCAL_RAW,PRIVATE_LOCAL_RAW:bist-membership/events/bist_duyuru_12070_2019-03-18.html,NA,ACQUIRED,"Periodic review announcement. The document states the index period explicitly as 2019-04-01 to 2019-06-28; effective_date is that stated period start, not the publication date. Additions and removals are equal in number in every transcribed table, consistent with rulebook art. 6(c)/(d)."
EV-331,Borsa Istanbul,12070,2019 yılı ikinci üç aylık dönemi için BIST Pay Endeksleri kapsamında yer alacak paylarda değişiklik yapılmıştır,2019-03-18,2019-04-01,2019,2019Q2,OZGYO,OZDERICI GMYO,ADD,XU100,SCHEDULED,https://www.borsaistanbul.com/duyuru/12070/2019-yili-ikinci-uc-aylik-donemi-icin-bist-pay-endeksleri-kapsaminda-yer-alacak-paylarda-degisiklik-yapilmistir,2026-08-24T03:03:26Z,bist_duyuru_12070_2019-03-18.html,c2cb31d5fb6d872ec00d30f45fc40e49a9516f4ff8079a0fc652e59435bffd95,78782,PRIVATE_LOCAL_RAW,PRIVATE_LOCAL_RAW:bist-membership/events/bist_duyuru_12070_2019-03-18.html,INSUFFICIENT_IDENTITY_EVIDENCE,ACQUIRED,Itemised in the periodic review announcement; effective at the stated index-period start.
EV-332,Borsa Istanbul,12070,2019 yılı ikinci üç aylık dönemi için BIST Pay Endeksleri kapsamında yer alacak paylarda değişiklik yapılmıştır,2019-03-18,2019-04-01,2019,2019Q2,ISFIN,IS FIN.KIR.,ADD,XU100,SCHEDULED,https://www.borsaistanbul.com/duyuru/12070/2019-yili-ikinci-uc-aylik-donemi-icin-bist-pay-endeksleri-kapsaminda-yer-alacak-paylarda-degisiklik-yapilmistir,2026-08-24T03:03:26Z,bist_duyuru_12070_2019-03-18.html,c2cb31d5fb6d872ec00d30f45fc40e49a9516f4ff8079a0fc652e59435bffd95,78782,PRIVATE_LOCAL_RAW,PRIVATE_LOCAL_RAW:bist-membership/events/bist_duyuru_12070_2019-03-18.html,INSUFFICIENT_IDENTITY_EVIDENCE,ACQUIRED,Itemised in the periodic review announcement; effective at the stated index-period start.
EV-333,Borsa Istanbul,12070,2019 yılı ikinci üç aylık dönemi için BIST Pay Endeksleri kapsamında yer alacak paylarda değişiklik yapılmıştır,2019-03-18,2019-04-01,2019,2019Q2,TSPOR,TRABZONSPOR SPORTIF,ADD,XU100,SCHEDULED,https://www.borsaistanbul.com/duyuru/12070/2019-yili-ikinci-uc-aylik-donemi-icin-bist-pay-endeksleri-kapsaminda-yer-alacak-paylarda-degisiklik-yapilmistir,2026-08-24T03:03:26Z,bist_duyuru_12070_2019-03-18.html,c2cb31d5fb6d872ec00d30f45fc40e49a9516f4ff8079a0fc652e59435bffd95,78782,PRIVATE_LOCAL_RAW,PRIVATE_LOCAL_RAW:bist-membership/events/bist_duyuru_12070_2019-03-18.html,INSUFFICIENT_IDENTITY_EVIDENCE,ACQUIRED,Itemised in the periodic review announcement; effective at the stated index-period start.
EV-334,Borsa Istanbul,12070,2019 yılı ikinci üç aylık dönemi için BIST Pay Endeksleri kapsamında yer alacak paylarda değişiklik yapılmıştır,2019-03-18,2019-04-01,2019,2019Q2,IEYHO,ISIKLAR ENERJI YAPI HOL.,ADD,XU100,SCHEDULED,https://www.borsaistanbul.com/duyuru/12070/2019-yili-ikinci-uc-aylik-donemi-icin-bist-pay-endeksleri-kapsaminda-yer-alacak-paylarda-degisiklik-yapilmistir,2026-08-24T03:03:26Z,bist_duyuru_12070_2019-03-18.html,c2cb31d5fb6d872ec00d30f45fc40e49a9516f4ff8079a0fc652e59435bffd95,78782,PRIVATE_LOCAL_RAW,PRIVATE_LOCAL_RAW:bist-membership/events/bist_duyuru_12070_2019-03-18.html,INSUFFICIENT_IDENTITY_EVIDENCE,ACQUIRED,Itemised in the periodic review announcement; effective at the stated index-period start.
EV-335,Borsa Istanbul,12070,2019 yılı ikinci üç aylık dönemi için BIST Pay Endeksleri kapsamında yer alacak paylarda değişiklik yapılmıştır,2019-03-18,2019-04-01,2019,2019Q2,ECZYT,ECZACIBASI YATIRIM,REMOVE,XU100,SCHEDULED,https://www.borsaistanbul.com/duyuru/12070/2019-yili-ikinci-uc-aylik-donemi-icin-bist-pay-endeksleri-kapsaminda-yer-alacak-paylarda-degisiklik-yapilmistir,2026-08-24T03:03:26Z,bist_duyuru_12070_2019-03-18.html,c2cb31d5fb6d872ec00d30f45fc40e49a9516f4ff8079a0fc652e59435bffd95,78782,PRIVATE_LOCAL_RAW,PRIVATE_LOCAL_RAW:bist-membership/events/bist_duyuru_12070_2019-03-18.html,INSUFFICIENT_IDENTITY_EVIDENCE,ACQUIRED,Itemised in the periodic review announcement; effective at the stated index-period start.
EV-336,Borsa Istanbul,12070,2019 yılı ikinci üç aylık dönemi için BIST Pay Endeksleri kapsamında yer alacak paylarda değişiklik yapılmıştır,2019-03-18,2019-04-01,2019,2019Q2,DEVA,DEVA HOLDING,REMOVE,XU100,SCHEDULED,https://www.borsaistanbul.com/duyuru/12070/2019-yili-ikinci-uc-aylik-donemi-icin-bist-pay-endeksleri-kapsaminda-yer-alacak-paylarda-degisiklik-yapilmistir,2026-08-24T03:03:26Z,bist_duyuru_12070_2019-03-18.html,c2cb31d5fb6d872ec00d30f45fc40e49a9516f4ff8079a0fc652e59435bffd95,78782,PRIVATE_LOCAL_RAW,PRIVATE_LOCAL_RAW:bist-membership/events/bist_duyuru_12070_2019-03-18.html,INSUFFICIENT_IDENTITY_EVIDENCE,ACQUIRED,Itemised in the periodic review announcement; effective at the stated index-period start.
EV-337,Borsa Istanbul,12070,2019 yılı ikinci üç aylık dönemi için BIST Pay Endeksleri kapsamında yer alacak paylarda değişiklik yapılmıştır,2019-03-18,2019-04-01,2019,2019Q2,FLAP,FLAP KONGRE TOPLANTI HIZ.,REMOVE,XU100,SCHEDULED,https://www.borsaistanbul.com/duyuru/12070/2019-yili-ikinci-uc-aylik-donemi-icin-bist-pay-endeksleri-kapsaminda-yer-alacak-paylarda-degisiklik-yapilmistir,2026-08-24T03:03:26Z,bist_duyuru_12070_2019-03-18.html,c2cb31d5fb6d872ec00d30f45fc40e49a9516f4ff8079a0fc652e59435bffd95,78782,PRIVATE_LOCAL_RAW,PRIVATE_LOCAL_RAW:bist-membership/events/bist_duyuru_12070_2019-03-18.html,INSUFFICIENT_IDENTITY_EVIDENCE,ACQUIRED,Itemised in the periodic review announcement; effective at the stated index-period start.
EV-338,Borsa Istanbul,12070,2019 yılı ikinci üç aylık dönemi için BIST Pay Endeksleri kapsamında yer alacak paylarda değişiklik yapılmıştır,2019-03-18,2019-04-01,2019,2019Q2,ANELE,ANEL ELEKTRIK,REMOVE,XU100,SCHEDULED,https://www.borsaistanbul.com/duyuru/12070/2019-yili-ikinci-uc-aylik-donemi-icin-bist-pay-endeksleri-kapsaminda-yer-alacak-paylarda-degisiklik-yapilmistir,2026-08-24T03:03:26Z,bist_duyuru_12070_2019-03-18.html,c2cb31d5fb6d872ec00d30f45fc40e49a9516f4ff8079a0fc652e59435bffd95,78782,PRIVATE_LOCAL_RAW,PRIVATE_LOCAL_RAW:bist-membership/events/bist_duyuru_12070_2019-03-18.html,INSUFFICIENT_IDENTITY_EVIDENCE,ACQUIRED,Itemised in the periodic review announcement; effective at the stated index-period start.
EV-339,Borsa Istanbul,12070,2019 yılı ikinci üç aylık dönemi için BIST Pay Endeksleri kapsamında yer alacak paylarda değişiklik yapılmıştır,2019-03-18,2019-04-01,2019,2019Q2,ADESE,ADESE ALISVERIS TICARET,OTHER_MEMBERSHIP_RELEVANT,XU100,SCHEDULED,https://www.borsaistanbul.com/duyuru/12070/2019-yili-ikinci-uc-aylik-donemi-icin-bist-pay-endeksleri-kapsaminda-yer-alacak-paylarda-degisiklik-yapilmistir,2026-08-24T03:03:26Z,bist_duyuru_12070_2019-03-18.html,c2cb31d5fb6d872ec00d30f45fc40e49a9516f4ff8079a0fc652e59435bffd95,78782,PRIVATE_LOCAL_RAW,PRIVATE_LOCAL_RAW:bist-membership/events/bist_duyuru_12070_2019-03-18.html,INSUFFICIENT_IDENTITY_EVIDENCE,ACQUIRED,"Reserve (yedek) list entry: an eligible substitute under rulebook art. 7, NOT a membership change and NOT a state."
EV-340,Borsa Istanbul,12070,2019 yılı ikinci üç aylık dönemi için BIST Pay Endeksleri kapsamında yer alacak paylarda değişiklik yapılmıştır,2019-03-18,2019-04-01,2019,2019Q2,ULUSE,ULUSOY ELEKTRIK,OTHER_MEMBERSHIP_RELEVANT,XU100,SCHEDULED,https://www.borsaistanbul.com/duyuru/12070/2019-yili-ikinci-uc-aylik-donemi-icin-bist-pay-endeksleri-kapsaminda-yer-alacak-paylarda-degisiklik-yapilmistir,2026-08-24T03:03:26Z,bist_duyuru_12070_2019-03-18.html,c2cb31d5fb6d872ec00d30f45fc40e49a9516f4ff8079a0fc652e59435bffd95,78782,PRIVATE_LOCAL_RAW,PRIVATE_LOCAL_RAW:bist-membership/events/bist_duyuru_12070_2019-03-18.html,INSUFFICIENT_IDENTITY_EVIDENCE,ACQUIRED,"Reserve (yedek) list entry: an eligible substitute under rulebook art. 7, NOT a membership change and NOT a state."
EV-341,Borsa Istanbul,12070,2019 yılı ikinci üç aylık dönemi için BIST Pay Endeksleri kapsamında yer alacak paylarda değişiklik yapılmıştır,2019-03-18,2019-04-01,2019,2019Q2,KLNMA,T. KALKINMA BANK.,OTHER_MEMBERSHIP_RELEVANT,XU100,SCHEDULED,https://www.borsaistanbul.com/duyuru/12070/2019-yili-ikinci-uc-aylik-donemi-icin-bist-pay-endeksleri-kapsaminda-yer-alacak-paylarda-degisiklik-yapilmistir,2026-08-24T03:03:26Z,bist_duyuru_12070_2019-03-18.html,c2cb31d5fb6d872ec00d30f45fc40e49a9516f4ff8079a0fc652e59435bffd95,78782,PRIVATE_LOCAL_RAW,PRIVATE_LOCAL_RAW:bist-membership/events/bist_duyuru_12070_2019-03-18.html,INSUFFICIENT_IDENTITY_EVIDENCE,ACQUIRED,"Reserve (yedek) list entry: an eligible substitute under rulebook art. 7, NOT a membership change and NOT a state."
EV-342,Borsa Istanbul,12070,2019 yılı ikinci üç aylık dönemi için BIST Pay Endeksleri kapsamında yer alacak paylarda değişiklik yapılmıştır,2019-03-18,2019-04-01,2019,2019Q2,AVOD,A.V.O.D GIDA VE TARIM,OTHER_MEMBERSHIP_RELEVANT,XU100,SCHEDULED,https://www.borsaistanbul.com/duyuru/12070/2019-yili-ikinci-uc-aylik-donemi-icin-bist-pay-endeksleri-kapsaminda-yer-alacak-paylarda-degisiklik-yapilmistir,2026-08-24T03:03:26Z,bist_duyuru_12070_2019-03-18.html,c2cb31d5fb6d872ec00d30f45fc40e49a9516f4ff8079a0fc652e59435bffd95,78782,PRIVATE_LOCAL_RAW,PRIVATE_LOCAL_RAW:bist-membership/events/bist_duyuru_12070_2019-03-18.html,INSUFFICIENT_IDENTITY_EVIDENCE,ACQUIRED,"Reserve (yedek) list entry: an eligible substitute under rulebook art. 7, NOT a membership change and NOT a state."
EV-343,Borsa Istanbul,12070,2019 yılı ikinci üç aylık dönemi için BIST Pay Endeksleri kapsamında yer alacak paylarda değişiklik yapılmıştır,2019-03-18,2019-04-01,2019,2019Q2,TEKTU,TEK-ART TURIZM,OTHER_MEMBERSHIP_RELEVANT,XU100,SCHEDULED,https://www.borsaistanbul.com/duyuru/12070/2019-yili-ikinci-uc-aylik-donemi-icin-bist-pay-endeksleri-kapsaminda-yer-alacak-paylarda-degisiklik-yapilmistir,2026-08-24T03:03:26Z,bist_duyuru_12070_2019-03-18.html,c2cb31d5fb6d872ec00d30f45fc40e49a9516f4ff8079a0fc652e59435bffd95,78782,PRIVATE_LOCAL_RAW,PRIVATE_LOCAL_RAW:bist-membership/events/bist_duyuru_12070_2019-03-18.html,INSUFFICIENT_IDENTITY_EVIDENCE,ACQUIRED,"Reserve (yedek) list entry: an eligible substitute under rulebook art. 7, NOT a membership change and NOT a state."
EV-344,Borsa Istanbul,12070,2019 yılı ikinci üç aylık dönemi için BIST Pay Endeksleri kapsamında yer alacak paylarda değişiklik yapılmıştır,2019-03-18,2019-04-01,2019,2019Q2,CEMAS,CEMAS DOKUM,ADD,XU050,SCHEDULED,https://www.borsaistanbul.com/duyuru/12070/2019-yili-ikinci-uc-aylik-donemi-icin-bist-pay-endeksleri-kapsaminda-yer-alacak-paylarda-degisiklik-yapilmistir,2026-08-24T03:03:26Z,bist_duyuru_12070_2019-03-18.html,c2cb31d5fb6d872ec00d30f45fc40e49a9516f4ff8079a0fc652e59435bffd95,78782,PRIVATE_LOCAL_RAW,PRIVATE_LOCAL_RAW:bist-membership/events/bist_duyuru_12070_2019-03-18.html,INSUFFICIENT_IDENTITY_EVIDENCE,ACQUIRED,Itemised in the periodic review announcement; effective at the stated index-period start.
EV-345,Borsa Istanbul,12070,2019 yılı ikinci üç aylık dönemi için BIST Pay Endeksleri kapsamında yer alacak paylarda değişiklik yapılmıştır,2019-03-18,2019-04-01,2019,2019Q2,POLHO,POLISAN HOLDING,ADD,XU050,SCHEDULED,https://www.borsaistanbul.com/duyuru/12070/2019-yili-ikinci-uc-aylik-donemi-icin-bist-pay-endeksleri-kapsaminda-yer-alacak-paylarda-degisiklik-yapilmistir,2026-08-24T03:03:26Z,bist_duyuru_12070_2019-03-18.html,c2cb31d5fb6d872ec00d30f45fc40e49a9516f4ff8079a0fc652e59435bffd95,78782,PRIVATE_LOCAL_RAW,PRIVATE_LOCAL_RAW:bist-membership/events/bist_duyuru_12070_2019-03-18.html,INSUFFICIENT_IDENTITY_EVIDENCE,ACQUIRED,Itemised in the periodic review announcement; effective at the stated index-period start.
EV-346,Borsa Istanbul,12070,2019 yılı ikinci üç aylık dönemi için BIST Pay Endeksleri kapsamında yer alacak paylarda değişiklik yapılmıştır,2019-03-18,2019-04-01,2019,2019Q2,ODAS,ODAS ELEKTRIK,ADD,XU050,SCHEDULED,https://www.borsaistanbul.com/duyuru/12070/2019-yili-ikinci-uc-aylik-donemi-icin-bist-pay-endeksleri-kapsaminda-yer-alacak-paylarda-degisiklik-yapilmistir,2026-08-24T03:03:26Z,bist_duyuru_12070_2019-03-18.html,c2cb31d5fb6d872ec00d30f45fc40e49a9516f4ff8079a0fc652e59435bffd95,78782,PRIVATE_LOCAL_RAW,PRIVATE_LOCAL_RAW:bist-membership/events/bist_duyuru_12070_2019-03-18.html,INSUFFICIENT_IDENTITY_EVIDENCE,ACQUIRED,Itemised in the periodic review announcement; effective at the stated index-period start.
EV-347,Borsa Istanbul,12070,2019 yılı ikinci üç aylık dönemi için BIST Pay Endeksleri kapsamında yer alacak paylarda değişiklik yapılmıştır,2019-03-18,2019-04-01,2019,2019Q2,ICBCT,ICBC TURKEY BANK,ADD,XU050,SCHEDULED,https://www.borsaistanbul.com/duyuru/12070/2019-yili-ikinci-uc-aylik-donemi-icin-bist-pay-endeksleri-kapsaminda-yer-alacak-paylarda-degisiklik-yapilmistir,2026-08-24T03:03:26Z,bist_duyuru_12070_2019-03-18.html,c2cb31d5fb6d872ec00d30f45fc40e49a9516f4ff8079a0fc652e59435bffd95,78782,PRIVATE_LOCAL_RAW,PRIVATE_LOCAL_RAW:bist-membership/events/bist_duyuru_12070_2019-03-18.html,INSUFFICIENT_IDENTITY_EVIDENCE,ACQUIRED,Itemised in the periodic review announcement; effective at the stated index-period start.
EV-348,Borsa Istanbul,12070,2019 yılı ikinci üç aylık dönemi için BIST Pay Endeksleri kapsamında yer alacak paylarda değişiklik yapılmıştır,2019-03-18,2019-04-01,2019,2019Q2,GLYHO,GLOBAL YAT. HOLDING,REMOVE,XU050,SCHEDULED,https://www.borsaistanbul.com/duyuru/12070/2019-yili-ikinci-uc-aylik-donemi-icin-bist-pay-endeksleri-kapsaminda-yer-alacak-paylarda-degisiklik-yapilmistir,2026-08-24T03:03:26Z,bist_duyuru_12070_2019-03-18.html,c2cb31d5fb6d872ec00d30f45fc40e49a9516f4ff8079a0fc652e59435bffd95,78782,PRIVATE_LOCAL_RAW,PRIVATE_LOCAL_RAW:bist-membership/events/bist_duyuru_12070_2019-03-18.html,INSUFFICIENT_IDENTITY_EVIDENCE,ACQUIRED,Itemised in the periodic review announcement; effective at the stated index-period start.
EV-349,Borsa Istanbul,12070,2019 yılı ikinci üç aylık dönemi için BIST Pay Endeksleri kapsamında yer alacak paylarda değişiklik yapılmıştır,2019-03-18,2019-04-01,2019,2019Q2,FENER,FENERBAHCE FUTBOL,REMOVE,XU050,SCHEDULED,https://www.borsaistanbul.com/duyuru/12070/2019-yili-ikinci-uc-aylik-donemi-icin-bist-pay-endeksleri-kapsaminda-yer-alacak-paylarda-degisiklik-yapilmistir,2026-08-24T03:03:26Z,bist_duyuru_12070_2019-03-18.html,c2cb31d5fb6d872ec00d30f45fc40e49a9516f4ff8079a0fc652e59435bffd95,78782,PRIVATE_LOCAL_RAW,PRIVATE_LOCAL_RAW:bist-membership/events/bist_duyuru_12070_2019-03-18.html,INSUFFICIENT_IDENTITY_EVIDENCE,ACQUIRED,Itemised in the periodic review announcement; effective at the stated index-period start.
EV-350,Borsa Istanbul,12070,2019 yılı ikinci üç aylık dönemi için BIST Pay Endeksleri kapsamında yer alacak paylarda değişiklik yapılmıştır,2019-03-18,2019-04-01,2019,2019Q2,ANACM,ANADOLU CAM,REMOVE,XU050,SCHEDULED,https://www.borsaistanbul.com/duyuru/12070/2019-yili-ikinci-uc-aylik-donemi-icin-bist-pay-endeksleri-kapsaminda-yer-alacak-paylarda-degisiklik-yapilmistir,2026-08-24T03:03:26Z,bist_duyuru_12070_2019-03-18.html,c2cb31d5fb6d872ec00d30f45fc40e49a9516f4ff8079a0fc652e59435bffd95,78782,PRIVATE_LOCAL_RAW,PRIVATE_LOCAL_RAW:bist-membership/events/bist_duyuru_12070_2019-03-18.html,INSUFFICIENT_IDENTITY_EVIDENCE,ACQUIRED,Itemised in the periodic review announcement; effective at the stated index-period start.
EV-351,Borsa Istanbul,12070,2019 yılı ikinci üç aylık dönemi için BIST Pay Endeksleri kapsamında yer alacak paylarda değişiklik yapılmıştır,2019-03-18,2019-04-01,2019,2019Q2,ENKAI,ENKA INSAAT,REMOVE,XU050,SCHEDULED,https://www.borsaistanbul.com/duyuru/12070/2019-yili-ikinci-uc-aylik-donemi-icin-bist-pay-endeksleri-kapsaminda-yer-alacak-paylarda-degisiklik-yapilmistir,2026-08-24T03:03:26Z,bist_duyuru_12070_2019-03-18.html,c2cb31d5fb6d872ec00d30f45fc40e49a9516f4ff8079a0fc652e59435bffd95,78782,PRIVATE_LOCAL_RAW,PRIVATE_LOCAL_RAW:bist-membership/events/bist_duyuru_12070_2019-03-18.html,INSUFFICIENT_IDENTITY_EVIDENCE,ACQUIRED,Itemised in the periodic review announcement; effective at the stated index-period start.
EV-352,Borsa Istanbul,12070,2019 yılı ikinci üç aylık dönemi için BIST Pay Endeksleri kapsamında yer alacak paylarda değişiklik yapılmıştır,2019-03-18,2019-04-01,2019,2019Q2,OZGYO,OZDERICI GMYO,OTHER_MEMBERSHIP_RELEVANT,XU050,SCHEDULED,https://www.borsaistanbul.com/duyuru/12070/2019-yili-ikinci-uc-aylik-donemi-icin-bist-pay-endeksleri-kapsaminda-yer-alacak-paylarda-degisiklik-yapilmistir,2026-08-24T03:03:26Z,bist_duyuru_12070_2019-03-18.html,c2cb31d5fb6d872ec00d30f45fc40e49a9516f4ff8079a0fc652e59435bffd95,78782,PRIVATE_LOCAL_RAW,PRIVATE_LOCAL_RAW:bist-membership/events/bist_duyuru_12070_2019-03-18.html,INSUFFICIENT_IDENTITY_EVIDENCE,ACQUIRED,"Reserve (yedek) list entry: an eligible substitute under rulebook art. 7, NOT a membership change and NOT a state."
EV-353,Borsa Istanbul,12070,2019 yılı ikinci üç aylık dönemi için BIST Pay Endeksleri kapsamında yer alacak paylarda değişiklik yapılmıştır,2019-03-18,2019-04-01,2019,2019Q2,IHLGM,IHLAS GAYRIMENKUL,OTHER_MEMBERSHIP_RELEVANT,XU050,SCHEDULED,https://www.borsaistanbul.com/duyuru/12070/2019-yili-ikinci-uc-aylik-donemi-icin-bist-pay-endeksleri-kapsaminda-yer-alacak-paylarda-degisiklik-yapilmistir,2026-08-24T03:03:26Z,bist_duyuru_12070_2019-03-18.html,c2cb31d5fb6d872ec00d30f45fc40e49a9516f4ff8079a0fc652e59435bffd95,78782,PRIVATE_LOCAL_RAW,PRIVATE_LOCAL_RAW:bist-membership/events/bist_duyuru_12070_2019-03-18.html,INSUFFICIENT_IDENTITY_EVIDENCE,ACQUIRED,"Reserve (yedek) list entry: an eligible substitute under rulebook art. 7, NOT a membership change and NOT a state."
EV-354,Borsa Istanbul,12070,2019 yılı ikinci üç aylık dönemi için BIST Pay Endeksleri kapsamında yer alacak paylarda değişiklik yapılmıştır,2019-03-18,2019-04-01,2019,2019Q2,VERUS,VERUSA HOLDING,OTHER_MEMBERSHIP_RELEVANT,XU050,SCHEDULED,https://www.borsaistanbul.com/duyuru/12070/2019-yili-ikinci-uc-aylik-donemi-icin-bist-pay-endeksleri-kapsaminda-yer-alacak-paylarda-degisiklik-yapilmistir,2026-08-24T03:03:26Z,bist_duyuru_12070_2019-03-18.html,c2cb31d5fb6d872ec00d30f45fc40e49a9516f4ff8079a0fc652e59435bffd95,78782,PRIVATE_LOCAL_RAW,PRIVATE_LOCAL_RAW:bist-membership/events/bist_duyuru_12070_2019-03-18.html,INSUFFICIENT_IDENTITY_EVIDENCE,ACQUIRED,"Reserve (yedek) list entry: an eligible substitute under rulebook art. 7, NOT a membership change and NOT a state."
EV-355,Borsa Istanbul,12070,2019 yılı ikinci üç aylık dönemi için BIST Pay Endeksleri kapsamında yer alacak paylarda değişiklik yapılmıştır,2019-03-18,2019-04-01,2019,2019Q2,MGROS,MIGROS TICARET,OTHER_MEMBERSHIP_RELEVANT,XU030,SCHEDULED,https://www.borsaistanbul.com/duyuru/12070/2019-yili-ikinci-uc-aylik-donemi-icin-bist-pay-endeksleri-kapsaminda-yer-alacak-paylarda-degisiklik-yapilmistir,2026-08-24T03:03:26Z,bist_duyuru_12070_2019-03-18.html,c2cb31d5fb6d872ec00d30f45fc40e49a9516f4ff8079a0fc652e59435bffd95,78782,PRIVATE_LOCAL_RAW,PRIVATE_LOCAL_RAW:bist-membership/events/bist_duyuru_12070_2019-03-18.html,INSUFFICIENT_IDENTITY_EVIDENCE,ACQUIRED,"Reserve (yedek) list entry: an eligible substitute under rulebook art. 7, NOT a membership change and NOT a state."
EV-356,Borsa Istanbul,12070,2019 yılı ikinci üç aylık dönemi için BIST Pay Endeksleri kapsamında yer alacak paylarda değişiklik yapılmıştır,2019-03-18,2019-04-01,2019,2019Q2,TSKB,T.S.K.B.,OTHER_MEMBERSHIP_RELEVANT,XU030,SCHEDULED,https://www.borsaistanbul.com/duyuru/12070/2019-yili-ikinci-uc-aylik-donemi-icin-bist-pay-endeksleri-kapsaminda-yer-alacak-paylarda-degisiklik-yapilmistir,2026-08-24T03:03:26Z,bist_duyuru_12070_2019-03-18.html,c2cb31d5fb6d872ec00d30f45fc40e49a9516f4ff8079a0fc652e59435bffd95,78782,PRIVATE_LOCAL_RAW,PRIVATE_LOCAL_RAW:bist-membership/events/bist_duyuru_12070_2019-03-18.html,INSUFFICIENT_IDENTITY_EVIDENCE,ACQUIRED,"Reserve (yedek) list entry: an eligible substitute under rulebook art. 7, NOT a membership change and NOT a state."
EV-357,Borsa Istanbul,11867,2019 yılı üçüncü üç aylık dönemi için BIST Pay Endeksleri kapsamında yer alacak paylarda değişiklik yapılmıştır,2019-06-21,2019-07-01,2019,2019Q3,NA,NA,REVIEW_SCHEDULE,XU030;XU050;XU100,SCHEDULED,https://www.borsaistanbul.com/duyuru/11867/2019-yili-ucuncu-uc-aylik-donemi-icin-bist-pay-endeksleri-kapsaminda-yer-alacak-paylarda-degisiklik-yapilmistir,2026-08-24T03:03:26Z,bist_duyuru_11867_2019-06-21.html,74ae8f06b0f89975a540a1204b8dfa81f65fa76c4265d8208b85bd6d4e9d278b,79156,PRIVATE_LOCAL_RAW,PRIVATE_LOCAL_RAW:bist-membership/events/bist_duyuru_11867_2019-06-21.html,NA,ACQUIRED,"Periodic review announcement. The document states the index period explicitly as 2019-07-01 to 2019-09-30; effective_date is that stated period start, not the publication date. Additions and removals are equal in number in every transcribed table, consistent with rulebook art. 6(c)/(d)."
EV-358,Borsa Istanbul,11867,2019 yılı üçüncü üç aylık dönemi için BIST Pay Endeksleri kapsamında yer alacak paylarda değişiklik yapılmıştır,2019-06-21,2019-07-01,2019,2019Q3,TUKAS,TUKAS,ADD,XU100,SCHEDULED,https://www.borsaistanbul.com/duyuru/11867/2019-yili-ucuncu-uc-aylik-donemi-icin-bist-pay-endeksleri-kapsaminda-yer-alacak-paylarda-degisiklik-yapilmistir,2026-08-24T03:03:26Z,bist_duyuru_11867_2019-06-21.html,74ae8f06b0f89975a540a1204b8dfa81f65fa76c4265d8208b85bd6d4e9d278b,79156,PRIVATE_LOCAL_RAW,PRIVATE_LOCAL_RAW:bist-membership/events/bist_duyuru_11867_2019-06-21.html,INSUFFICIENT_IDENTITY_EVIDENCE,ACQUIRED,Itemised in the periodic review announcement; effective at the stated index-period start. The source prints the bulletin name identically to the share code for this row; recorded verbatim.
EV-359,Borsa Istanbul,11867,2019 yılı üçüncü üç aylık dönemi için BIST Pay Endeksleri kapsamında yer alacak paylarda değişiklik yapılmıştır,2019-06-21,2019-07-01,2019,2019Q3,ADESE,ADESE ALISVERIS TICARET,ADD,XU100,SCHEDULED,https://www.borsaistanbul.com/duyuru/11867/2019-yili-ucuncu-uc-aylik-donemi-icin-bist-pay-endeksleri-kapsaminda-yer-alacak-paylarda-degisiklik-yapilmistir,2026-08-24T03:03:26Z,bist_duyuru_11867_2019-06-21.html,74ae8f06b0f89975a540a1204b8dfa81f65fa76c4265d8208b85bd6d4e9d278b,79156,PRIVATE_LOCAL_RAW,PRIVATE_LOCAL_RAW:bist-membership/events/bist_duyuru_11867_2019-06-21.html,INSUFFICIENT_IDENTITY_EVIDENCE,ACQUIRED,Itemised in the periodic review announcement; effective at the stated index-period start.
EV-360,Borsa Istanbul,11867,2019 yılı üçüncü üç aylık dönemi için BIST Pay Endeksleri kapsamında yer alacak paylarda değişiklik yapılmıştır,2019-06-21,2019-07-01,2019,2019Q3,KONYA,KONYA CIMENTO,ADD,XU100,SCHEDULED,https://www.borsaistanbul.com/duyuru/11867/2019-yili-ucuncu-uc-aylik-donemi-icin-bist-pay-endeksleri-kapsaminda-yer-alacak-paylarda-degisiklik-yapilmistir,2026-08-24T03:03:26Z,bist_duyuru_11867_2019-06-21.html,74ae8f06b0f89975a540a1204b8dfa81f65fa76c4265d8208b85bd6d4e9d278b,79156,PRIVATE_LOCAL_RAW,PRIVATE_LOCAL_RAW:bist-membership/events/bist_duyuru_11867_2019-06-21.html,INSUFFICIENT_IDENTITY_EVIDENCE,ACQUIRED,Itemised in the periodic review announcement; effective at the stated index-period start.
EV-361,Borsa Istanbul,11867,2019 yılı üçüncü üç aylık dönemi için BIST Pay Endeksleri kapsamında yer alacak paylarda değişiklik yapılmıştır,2019-06-21,2019-07-01,2019,2019Q3,A.V.O.D,A.V.O.D GIDA VE TARIM,ADD,XU100,SCHEDULED,https://www.borsaistanbul.com/duyuru/11867/2019-yili-ucuncu-uc-aylik-donemi-icin-bist-pay-endeksleri-kapsaminda-yer-alacak-paylarda-degisiklik-yapilmistir,2026-08-24T03:03:26Z,bist_duyuru_11867_2019-06-21.html,74ae8f06b0f89975a540a1204b8dfa81f65fa76c4265d8208b85bd6d4e9d278b,79156,PRIVATE_LOCAL_RAW,PRIVATE_LOCAL_RAW:bist-membership/events/bist_duyuru_11867_2019-06-21.html,INSUFFICIENT_IDENTITY_EVIDENCE,ACQUIRED,Ticker printed as A.V.O.D in this document; printed as AVOD in other documents of the same series. Recorded verbatim; normalisation is NOT asserted.
EV-362,Borsa Istanbul,11867,2019 yılı üçüncü üç aylık dönemi için BIST Pay Endeksleri kapsamında yer alacak paylarda değişiklik yapılmıştır,2019-06-21,2019-07-01,2019,2019Q3,AGHOL,ANADOLU GRUBU HOLDING,ADD,XU100,SCHEDULED,https://www.borsaistanbul.com/duyuru/11867/2019-yili-ucuncu-uc-aylik-donemi-icin-bist-pay-endeksleri-kapsaminda-yer-alacak-paylarda-degisiklik-yapilmistir,2026-08-24T03:03:26Z,bist_duyuru_11867_2019-06-21.html,74ae8f06b0f89975a540a1204b8dfa81f65fa76c4265d8208b85bd6d4e9d278b,79156,PRIVATE_LOCAL_RAW,PRIVATE_LOCAL_RAW:bist-membership/events/bist_duyuru_11867_2019-06-21.html,INSUFFICIENT_IDENTITY_EVIDENCE,ACQUIRED,Itemised in the periodic review announcement; effective at the stated index-period start.
EV-363,Borsa Istanbul,11867,2019 yılı üçüncü üç aylık dönemi için BIST Pay Endeksleri kapsamında yer alacak paylarda değişiklik yapılmıştır,2019-06-21,2019-07-01,2019,2019Q3,TATGD,TAT GIDA,REMOVE,XU100,SCHEDULED,https://www.borsaistanbul.com/duyuru/11867/2019-yili-ucuncu-uc-aylik-donemi-icin-bist-pay-endeksleri-kapsaminda-yer-alacak-paylarda-degisiklik-yapilmistir,2026-08-24T03:03:26Z,bist_duyuru_11867_2019-06-21.html,74ae8f06b0f89975a540a1204b8dfa81f65fa76c4265d8208b85bd6d4e9d278b,79156,PRIVATE_LOCAL_RAW,PRIVATE_LOCAL_RAW:bist-membership/events/bist_duyuru_11867_2019-06-21.html,INSUFFICIENT_IDENTITY_EVIDENCE,ACQUIRED,Itemised in the periodic review announcement; effective at the stated index-period start.
EV-364,Borsa Istanbul,11867,2019 yılı üçüncü üç aylık dönemi için BIST Pay Endeksleri kapsamında yer alacak paylarda değişiklik yapılmıştır,2019-06-21,2019-07-01,2019,2019Q3,GOODY,GOOD-YEAR,REMOVE,XU100,SCHEDULED,https://www.borsaistanbul.com/duyuru/11867/2019-yili-ucuncu-uc-aylik-donemi-icin-bist-pay-endeksleri-kapsaminda-yer-alacak-paylarda-degisiklik-yapilmistir,2026-08-24T03:03:26Z,bist_duyuru_11867_2019-06-21.html,74ae8f06b0f89975a540a1204b8dfa81f65fa76c4265d8208b85bd6d4e9d278b,79156,PRIVATE_LOCAL_RAW,PRIVATE_LOCAL_RAW:bist-membership/events/bist_duyuru_11867_2019-06-21.html,INSUFFICIENT_IDENTITY_EVIDENCE,ACQUIRED,Itemised in the periodic review announcement; effective at the stated index-period start.
EV-365,Borsa Istanbul,11867,2019 yılı üçüncü üç aylık dönemi için BIST Pay Endeksleri kapsamında yer alacak paylarda değişiklik yapılmıştır,2019-06-21,2019-07-01,2019,2019Q3,TSPOR,TRABZONSPOR SPORTIF,REMOVE,XU100,SCHEDULED,https://www.borsaistanbul.com/duyuru/11867/2019-yili-ucuncu-uc-aylik-donemi-icin-bist-pay-endeksleri-kapsaminda-yer-alacak-paylarda-degisiklik-yapilmistir,2026-08-24T03:03:26Z,bist_duyuru_11867_2019-06-21.html,74ae8f06b0f89975a540a1204b8dfa81f65fa76c4265d8208b85bd6d4e9d278b,79156,PRIVATE_LOCAL_RAW,PRIVATE_LOCAL_RAW:bist-membership/events/bist_duyuru_11867_2019-06-21.html,INSUFFICIENT_IDENTITY_EVIDENCE,ACQUIRED,Itemised in the periodic review announcement; effective at the stated index-period start.
EV-366,Borsa Istanbul,11867,2019 yılı üçüncü üç aylık dönemi için BIST Pay Endeksleri kapsamında yer alacak paylarda değişiklik yapılmıştır,2019-06-21,2019-07-01,2019,2019Q3,KARTN,KARTONSAN,REMOVE,XU100,SCHEDULED,https://www.borsaistanbul.com/duyuru/11867/2019-yili-ucuncu-uc-aylik-donemi-icin-bist-pay-endeksleri-kapsaminda-yer-alacak-paylarda-degisiklik-yapilmistir,2026-08-24T03:03:26Z,bist_duyuru_11867_2019-06-21.html,74ae8f06b0f89975a540a1204b8dfa81f65fa76c4265d8208b85bd6d4e9d278b,79156,PRIVATE_LOCAL_RAW,PRIVATE_LOCAL_RAW:bist-membership/events/bist_duyuru_11867_2019-06-21.html,INSUFFICIENT_IDENTITY_EVIDENCE,ACQUIRED,Itemised in the periodic review announcement; effective at the stated index-period start.
EV-367,Borsa Istanbul,11867,2019 yılı üçüncü üç aylık dönemi için BIST Pay Endeksleri kapsamında yer alacak paylarda değişiklik yapılmıştır,2019-06-21,2019-07-01,2019,2019Q3,GLYHO,GLOBAL YAT. HOLDING,REMOVE,XU100,SCHEDULED,https://www.borsaistanbul.com/duyuru/11867/2019-yili-ucuncu-uc-aylik-donemi-icin-bist-pay-endeksleri-kapsaminda-yer-alacak-paylarda-degisiklik-yapilmistir,2026-08-24T03:03:26Z,bist_duyuru_11867_2019-06-21.html,74ae8f06b0f89975a540a1204b8dfa81f65fa76c4265d8208b85bd6d4e9d278b,79156,PRIVATE_LOCAL_RAW,PRIVATE_LOCAL_RAW:bist-membership/events/bist_duyuru_11867_2019-06-21.html,INSUFFICIENT_IDENTITY_EVIDENCE,ACQUIRED,Itemised in the periodic review announcement; effective at the stated index-period start.
EV-368,Borsa Istanbul,11867,2019 yılı üçüncü üç aylık dönemi için BIST Pay Endeksleri kapsamında yer alacak paylarda değişiklik yapılmıştır,2019-06-21,2019-07-01,2019,2019Q3,VESBE,VESTEL BEYAZ ESYA,OTHER_MEMBERSHIP_RELEVANT,XU100,SCHEDULED,https://www.borsaistanbul.com/duyuru/11867/2019-yili-ucuncu-uc-aylik-donemi-icin-bist-pay-endeksleri-kapsaminda-yer-alacak-paylarda-degisiklik-yapilmistir,2026-08-24T03:03:26Z,bist_duyuru_11867_2019-06-21.html,74ae8f06b0f89975a540a1204b8dfa81f65fa76c4265d8208b85bd6d4e9d278b,79156,PRIVATE_LOCAL_RAW,PRIVATE_LOCAL_RAW:bist-membership/events/bist_duyuru_11867_2019-06-21.html,INSUFFICIENT_IDENTITY_EVIDENCE,ACQUIRED,"Reserve (yedek) list entry: an eligible substitute under rulebook art. 7, NOT a membership change and NOT a state."
EV-369,Borsa Istanbul,11867,2019 yılı üçüncü üç aylık dönemi için BIST Pay Endeksleri kapsamında yer alacak paylarda değişiklik yapılmıştır,2019-06-21,2019-07-01,2019,2019Q3,HLGYO,HALK GMYO,OTHER_MEMBERSHIP_RELEVANT,XU100,SCHEDULED,https://www.borsaistanbul.com/duyuru/11867/2019-yili-ucuncu-uc-aylik-donemi-icin-bist-pay-endeksleri-kapsaminda-yer-alacak-paylarda-degisiklik-yapilmistir,2026-08-24T03:03:26Z,bist_duyuru_11867_2019-06-21.html,74ae8f06b0f89975a540a1204b8dfa81f65fa76c4265d8208b85bd6d4e9d278b,79156,PRIVATE_LOCAL_RAW,PRIVATE_LOCAL_RAW:bist-membership/events/bist_duyuru_11867_2019-06-21.html,INSUFFICIENT_IDENTITY_EVIDENCE,ACQUIRED,"Reserve (yedek) list entry: an eligible substitute under rulebook art. 7, NOT a membership change and NOT a state."
EV-370,Borsa Istanbul,11867,2019 yılı üçüncü üç aylık dönemi için BIST Pay Endeksleri kapsamında yer alacak paylarda değişiklik yapılmıştır,2019-06-21,2019-07-01,2019,2019Q3,KLNMA,T. KALKINMA BANK.,OTHER_MEMBERSHIP_RELEVANT,XU100,SCHEDULED,https://www.borsaistanbul.com/duyuru/11867/2019-yili-ucuncu-uc-aylik-donemi-icin-bist-pay-endeksleri-kapsaminda-yer-alacak-paylarda-degisiklik-yapilmistir,2026-08-24T03:03:26Z,bist_duyuru_11867_2019-06-21.html,74ae8f06b0f89975a540a1204b8dfa81f65fa76c4265d8208b85bd6d4e9d278b,79156,PRIVATE_LOCAL_RAW,PRIVATE_LOCAL_RAW:bist-membership/events/bist_duyuru_11867_2019-06-21.html,INSUFFICIENT_IDENTITY_EVIDENCE,ACQUIRED,"Reserve (yedek) list entry: an eligible substitute under rulebook art. 7, NOT a membership change and NOT a state."
EV-371,Borsa Istanbul,11867,2019 yılı üçüncü üç aylık dönemi için BIST Pay Endeksleri kapsamında yer alacak paylarda değişiklik yapılmıştır,2019-06-21,2019-07-01,2019,2019Q3,TEKTU,TEK-ART TURIZM,OTHER_MEMBERSHIP_RELEVANT,XU100,SCHEDULED,https://www.borsaistanbul.com/duyuru/11867/2019-yili-ucuncu-uc-aylik-donemi-icin-bist-pay-endeksleri-kapsaminda-yer-alacak-paylarda-degisiklik-yapilmistir,2026-08-24T03:03:26Z,bist_duyuru_11867_2019-06-21.html,74ae8f06b0f89975a540a1204b8dfa81f65fa76c4265d8208b85bd6d4e9d278b,79156,PRIVATE_LOCAL_RAW,PRIVATE_LOCAL_RAW:bist-membership/events/bist_duyuru_11867_2019-06-21.html,INSUFFICIENT_IDENTITY_EVIDENCE,ACQUIRED,"Reserve (yedek) list entry: an eligible substitute under rulebook art. 7, NOT a membership change and NOT a state."
EV-372,Borsa Istanbul,11867,2019 yılı üçüncü üç aylık dönemi için BIST Pay Endeksleri kapsamında yer alacak paylarda değişiklik yapılmıştır,2019-06-21,2019-07-01,2019,2019Q3,VKGYO,VAKIF GMYO,OTHER_MEMBERSHIP_RELEVANT,XU100,SCHEDULED,https://www.borsaistanbul.com/duyuru/11867/2019-yili-ucuncu-uc-aylik-donemi-icin-bist-pay-endeksleri-kapsaminda-yer-alacak-paylarda-degisiklik-yapilmistir,2026-08-24T03:03:26Z,bist_duyuru_11867_2019-06-21.html,74ae8f06b0f89975a540a1204b8dfa81f65fa76c4265d8208b85bd6d4e9d278b,79156,PRIVATE_LOCAL_RAW,PRIVATE_LOCAL_RAW:bist-membership/events/bist_duyuru_11867_2019-06-21.html,INSUFFICIENT_IDENTITY_EVIDENCE,ACQUIRED,"Reserve (yedek) list entry: an eligible substitute under rulebook art. 7, NOT a membership change and NOT a state."
EV-373,Borsa Istanbul,11867,2019 yılı üçüncü üç aylık dönemi için BIST Pay Endeksleri kapsamında yer alacak paylarda değişiklik yapılmıştır,2019-06-21,2019-07-01,2019,2019Q3,ISFIN,IS FIN.KIR.,ADD,XU050,SCHEDULED,https://www.borsaistanbul.com/duyuru/11867/2019-yili-ucuncu-uc-aylik-donemi-icin-bist-pay-endeksleri-kapsaminda-yer-alacak-paylarda-degisiklik-yapilmistir,2026-08-24T03:03:26Z,bist_duyuru_11867_2019-06-21.html,74ae8f06b0f89975a540a1204b8dfa81f65fa76c4265d8208b85bd6d4e9d278b,79156,PRIVATE_LOCAL_RAW,PRIVATE_LOCAL_RAW:bist-membership/events/bist_duyuru_11867_2019-06-21.html,INSUFFICIENT_IDENTITY_EVIDENCE,ACQUIRED,Itemised in the periodic review announcement; effective at the stated index-period start.
EV-374,Borsa Istanbul,11867,2019 yılı üçüncü üç aylık dönemi için BIST Pay Endeksleri kapsamında yer alacak paylarda değişiklik yapılmıştır,2019-06-21,2019-07-01,2019,2019Q3,VERUS,VERUSA HOLDING,ADD,XU050,SCHEDULED,https://www.borsaistanbul.com/duyuru/11867/2019-yili-ucuncu-uc-aylik-donemi-icin-bist-pay-endeksleri-kapsaminda-yer-alacak-paylarda-degisiklik-yapilmistir,2026-08-24T03:03:26Z,bist_duyuru_11867_2019-06-21.html,74ae8f06b0f89975a540a1204b8dfa81f65fa76c4265d8208b85bd6d4e9d278b,79156,PRIVATE_LOCAL_RAW,PRIVATE_LOCAL_RAW:bist-membership/events/bist_duyuru_11867_2019-06-21.html,INSUFFICIENT_IDENTITY_EVIDENCE,ACQUIRED,Itemised in the periodic review announcement; effective at the stated index-period start.
EV-375,Borsa Istanbul,11867,2019 yılı üçüncü üç aylık dönemi için BIST Pay Endeksleri kapsamında yer alacak paylarda değişiklik yapılmıştır,2019-06-21,2019-07-01,2019,2019Q3,ALARK,ALARKO HOLDING,ADD,XU050,SCHEDULED,https://www.borsaistanbul.com/duyuru/11867/2019-yili-ucuncu-uc-aylik-donemi-icin-bist-pay-endeksleri-kapsaminda-yer-alacak-paylarda-degisiklik-yapilmistir,2026-08-24T03:03:26Z,bist_duyuru_11867_2019-06-21.html,74ae8f06b0f89975a540a1204b8dfa81f65fa76c4265d8208b85bd6d4e9d278b,79156,PRIVATE_LOCAL_RAW,PRIVATE_LOCAL_RAW:bist-membership/events/bist_duyuru_11867_2019-06-21.html,INSUFFICIENT_IDENTITY_EVIDENCE,ACQUIRED,Itemised in the periodic review announcement; effective at the stated index-period start.
EV-376,Borsa Istanbul,11867,2019 yılı üçüncü üç aylık dönemi için BIST Pay Endeksleri kapsamında yer alacak paylarda değişiklik yapılmıştır,2019-06-21,2019-07-01,2019,2019Q3,CEMAS,CEMAS DOKUM,REMOVE,XU050,SCHEDULED,https://www.borsaistanbul.com/duyuru/11867/2019-yili-ucuncu-uc-aylik-donemi-icin-bist-pay-endeksleri-kapsaminda-yer-alacak-paylarda-degisiklik-yapilmistir,2026-08-24T03:03:26Z,bist_duyuru_11867_2019-06-21.html,74ae8f06b0f89975a540a1204b8dfa81f65fa76c4265d8208b85bd6d4e9d278b,79156,PRIVATE_LOCAL_RAW,PRIVATE_LOCAL_RAW:bist-membership/events/bist_duyuru_11867_2019-06-21.html,INSUFFICIENT_IDENTITY_EVIDENCE,ACQUIRED,Itemised in the periodic review announcement; effective at the stated index-period start.
EV-377,Borsa Istanbul,11867,2019 yılı üçüncü üç aylık dönemi için BIST Pay Endeksleri kapsamında yer alacak paylarda değişiklik yapılmıştır,2019-06-21,2019-07-01,2019,2019Q3,ISDMR,ISKENDERUN DEMIR CELIK,REMOVE,XU050,SCHEDULED,https://www.borsaistanbul.com/duyuru/11867/2019-yili-ucuncu-uc-aylik-donemi-icin-bist-pay-endeksleri-kapsaminda-yer-alacak-paylarda-degisiklik-yapilmistir,2026-08-24T03:03:26Z,bist_duyuru_11867_2019-06-21.html,74ae8f06b0f89975a540a1204b8dfa81f65fa76c4265d8208b85bd6d4e9d278b,79156,PRIVATE_LOCAL_RAW,PRIVATE_LOCAL_RAW:bist-membership/events/bist_duyuru_11867_2019-06-21.html,INSUFFICIENT_IDENTITY_EVIDENCE,ACQUIRED,Itemised in the periodic review announcement; effective at the stated index-period start.
EV-378,Borsa Istanbul,11867,2019 yılı üçüncü üç aylık dönemi için BIST Pay Endeksleri kapsamında yer alacak paylarda değişiklik yapılmıştır,2019-06-21,2019-07-01,2019,2019Q3,AKSEN,AKSA ENERJI,REMOVE,XU050,SCHEDULED,https://www.borsaistanbul.com/duyuru/11867/2019-yili-ucuncu-uc-aylik-donemi-icin-bist-pay-endeksleri-kapsaminda-yer-alacak-paylarda-degisiklik-yapilmistir,2026-08-24T03:03:26Z,bist_duyuru_11867_2019-06-21.html,74ae8f06b0f89975a540a1204b8dfa81f65fa76c4265d8208b85bd6d4e9d278b,79156,PRIVATE_LOCAL_RAW,PRIVATE_LOCAL_RAW:bist-membership/events/bist_duyuru_11867_2019-06-21.html,INSUFFICIENT_IDENTITY_EVIDENCE,ACQUIRED,Itemised in the periodic review announcement; effective at the stated index-period start.
EV-379,Borsa Istanbul,11867,2019 yılı üçüncü üç aylık dönemi için BIST Pay Endeksleri kapsamında yer alacak paylarda değişiklik yapılmıştır,2019-06-21,2019-07-01,2019,2019Q3,KORDS,KORDSA TEKNIK TEKSTIL,OTHER_MEMBERSHIP_RELEVANT,XU050,SCHEDULED,https://www.borsaistanbul.com/duyuru/11867/2019-yili-ucuncu-uc-aylik-donemi-icin-bist-pay-endeksleri-kapsaminda-yer-alacak-paylarda-degisiklik-yapilmistir,2026-08-24T03:03:26Z,bist_duyuru_11867_2019-06-21.html,74ae8f06b0f89975a540a1204b8dfa81f65fa76c4265d8208b85bd6d4e9d278b,79156,PRIVATE_LOCAL_RAW,PRIVATE_LOCAL_RAW:bist-membership/events/bist_duyuru_11867_2019-06-21.html,INSUFFICIENT_IDENTITY_EVIDENCE,ACQUIRED,"Reserve (yedek) list entry: an eligible substitute under rulebook art. 7, NOT a membership change and NOT a state."
EV-380,Borsa Istanbul,11867,2019 yılı üçüncü üç aylık dönemi için BIST Pay Endeksleri kapsamında yer alacak paylarda değişiklik yapılmıştır,2019-06-21,2019-07-01,2019,2019Q3,KARSN,KARSAN OTOMOTIV,OTHER_MEMBERSHIP_RELEVANT,XU050,SCHEDULED,https://www.borsaistanbul.com/duyuru/11867/2019-yili-ucuncu-uc-aylik-donemi-icin-bist-pay-endeksleri-kapsaminda-yer-alacak-paylarda-degisiklik-yapilmistir,2026-08-24T03:03:26Z,bist_duyuru_11867_2019-06-21.html,74ae8f06b0f89975a540a1204b8dfa81f65fa76c4265d8208b85bd6d4e9d278b,79156,PRIVATE_LOCAL_RAW,PRIVATE_LOCAL_RAW:bist-membership/events/bist_duyuru_11867_2019-06-21.html,INSUFFICIENT_IDENTITY_EVIDENCE,ACQUIRED,"Reserve (yedek) list entry: an eligible substitute under rulebook art. 7, NOT a membership change and NOT a state."
EV-381,Borsa Istanbul,11867,2019 yılı üçüncü üç aylık dönemi için BIST Pay Endeksleri kapsamında yer alacak paylarda değişiklik yapılmıştır,2019-06-21,2019-07-01,2019,2019Q3,IHLAS,IHLAS HOLDING,OTHER_MEMBERSHIP_RELEVANT,XU050,SCHEDULED,https://www.borsaistanbul.com/duyuru/11867/2019-yili-ucuncu-uc-aylik-donemi-icin-bist-pay-endeksleri-kapsaminda-yer-alacak-paylarda-degisiklik-yapilmistir,2026-08-24T03:03:26Z,bist_duyuru_11867_2019-06-21.html,74ae8f06b0f89975a540a1204b8dfa81f65fa76c4265d8208b85bd6d4e9d278b,79156,PRIVATE_LOCAL_RAW,PRIVATE_LOCAL_RAW:bist-membership/events/bist_duyuru_11867_2019-06-21.html,INSUFFICIENT_IDENTITY_EVIDENCE,ACQUIRED,"Reserve (yedek) list entry: an eligible substitute under rulebook art. 7, NOT a membership change and NOT a state."
EV-382,Borsa Istanbul,11867,2019 yılı üçüncü üç aylık dönemi için BIST Pay Endeksleri kapsamında yer alacak paylarda değişiklik yapılmıştır,2019-06-21,2019-07-01,2019,2019Q3,TSKB,T.S.K.B,ADD,XU030,SCHEDULED,https://www.borsaistanbul.com/duyuru/11867/2019-yili-ucuncu-uc-aylik-donemi-icin-bist-pay-endeksleri-kapsaminda-yer-alacak-paylarda-degisiklik-yapilmistir,2026-08-24T03:03:26Z,bist_duyuru_11867_2019-06-21.html,74ae8f06b0f89975a540a1204b8dfa81f65fa76c4265d8208b85bd6d4e9d278b,79156,PRIVATE_LOCAL_RAW,PRIVATE_LOCAL_RAW:bist-membership/events/bist_duyuru_11867_2019-06-21.html,INSUFFICIENT_IDENTITY_EVIDENCE,ACQUIRED,Itemised in the periodic review announcement; effective at the stated index-period start.
EV-383,Borsa Istanbul,11867,2019 yılı üçüncü üç aylık dönemi için BIST Pay Endeksleri kapsamında yer alacak paylarda değişiklik yapılmıştır,2019-06-21,2019-07-01,2019,2019Q3,ENJSA,ENERJISA ENERJI,REMOVE,XU030,SCHEDULED,https://www.borsaistanbul.com/duyuru/11867/2019-yili-ucuncu-uc-aylik-donemi-icin-bist-pay-endeksleri-kapsaminda-yer-alacak-paylarda-degisiklik-yapilmistir,2026-08-24T03:03:26Z,bist_duyuru_11867_2019-06-21.html,74ae8f06b0f89975a540a1204b8dfa81f65fa76c4265d8208b85bd6d4e9d278b,79156,PRIVATE_LOCAL_RAW,PRIVATE_LOCAL_RAW:bist-membership/events/bist_duyuru_11867_2019-06-21.html,INSUFFICIENT_IDENTITY_EVIDENCE,ACQUIRED,Itemised in the periodic review announcement; effective at the stated index-period start.
EV-384,Borsa Istanbul,11867,2019 yılı üçüncü üç aylık dönemi için BIST Pay Endeksleri kapsamında yer alacak paylarda değişiklik yapılmıştır,2019-06-21,2019-07-01,2019,2019Q3,SASA,SASA POLYESTER,OTHER_MEMBERSHIP_RELEVANT,XU030,SCHEDULED,https://www.borsaistanbul.com/duyuru/11867/2019-yili-ucuncu-uc-aylik-donemi-icin-bist-pay-endeksleri-kapsaminda-yer-alacak-paylarda-degisiklik-yapilmistir,2026-08-24T03:03:26Z,bist_duyuru_11867_2019-06-21.html,74ae8f06b0f89975a540a1204b8dfa81f65fa76c4265d8208b85bd6d4e9d278b,79156,PRIVATE_LOCAL_RAW,PRIVATE_LOCAL_RAW:bist-membership/events/bist_duyuru_11867_2019-06-21.html,INSUFFICIENT_IDENTITY_EVIDENCE,ACQUIRED,"Reserve (yedek) list entry: an eligible substitute under rulebook art. 7, NOT a membership change and NOT a state."
EV-385,Borsa Istanbul,11867,2019 yılı üçüncü üç aylık dönemi için BIST Pay Endeksleri kapsamında yer alacak paylarda değişiklik yapılmıştır,2019-06-21,2019-07-01,2019,2019Q3,VESTL,VESTEL,OTHER_MEMBERSHIP_RELEVANT,XU030,SCHEDULED,https://www.borsaistanbul.com/duyuru/11867/2019-yili-ucuncu-uc-aylik-donemi-icin-bist-pay-endeksleri-kapsaminda-yer-alacak-paylarda-degisiklik-yapilmistir,2026-08-24T03:03:26Z,bist_duyuru_11867_2019-06-21.html,74ae8f06b0f89975a540a1204b8dfa81f65fa76c4265d8208b85bd6d4e9d278b,79156,PRIVATE_LOCAL_RAW,PRIVATE_LOCAL_RAW:bist-membership/events/bist_duyuru_11867_2019-06-21.html,INSUFFICIENT_IDENTITY_EVIDENCE,ACQUIRED,"Reserve (yedek) list entry: an eligible substitute under rulebook art. 7, NOT a membership change and NOT a state."
EV-386,Borsa Istanbul,11632,2019 yılı dördüncü üç aylık dönemi için BIST Pay Endeksleri kapsamında yer alacak paylarda değişiklik yapılmıştır,2019-09-20,2019-10-01,2019,2019Q4,NA,NA,REVIEW_SCHEDULE,XU030;XU050;XU100,SCHEDULED,https://www.borsaistanbul.com/duyuru/11632/2019-yili-dorduncu-uc-aylik-donemi-icin-bist-pay-endeksleri-kapsaminda-yer-alacak-paylarda-degisiklik-yapilmistir,2026-08-24T03:03:26Z,bist_duyuru_11632_2019-09-20.html,7c076cf7091b6d2318bbd7d83e0b3d961cfd6711e0f68a9c732d4432fa2321b7,79365,PRIVATE_LOCAL_RAW,PRIVATE_LOCAL_RAW:bist-membership/events/bist_duyuru_11632_2019-09-20.html,NA,ACQUIRED,"Periodic review announcement. The document states the index period explicitly as 2019-10-01 to 2019-12-31; effective_date is that stated period start, not the publication date. Additions and removals are equal in number in every transcribed table, consistent with rulebook art. 6(c)/(d)."
EV-387,Borsa Istanbul,11632,2019 yılı dördüncü üç aylık dönemi için BIST Pay Endeksleri kapsamında yer alacak paylarda değişiklik yapılmıştır,2019-09-20,2019-10-01,2019,2019Q4,GLYHO,GLOBAL YAT. HOLDING,ADD,XU100,SCHEDULED,https://www.borsaistanbul.com/duyuru/11632/2019-yili-dorduncu-uc-aylik-donemi-icin-bist-pay-endeksleri-kapsaminda-yer-alacak-paylarda-degisiklik-yapilmistir,2026-08-24T03:03:26Z,bist_duyuru_11632_2019-09-20.html,7c076cf7091b6d2318bbd7d83e0b3d961cfd6711e0f68a9c732d4432fa2321b7,79365,PRIVATE_LOCAL_RAW,PRIVATE_LOCAL_RAW:bist-membership/events/bist_duyuru_11632_2019-09-20.html,INSUFFICIENT_IDENTITY_EVIDENCE,ACQUIRED,"Index heading absent in the source table; assigned by document order as the first table under the intro sentence naming BIST 100, BIST 50 and BIST 30. Inference, not a printed label."
EV-388,Borsa Istanbul,11632,2019 yılı dördüncü üç aylık dönemi için BIST Pay Endeksleri kapsamında yer alacak paylarda değişiklik yapılmıştır,2019-09-20,2019-10-01,2019,2019Q4,DOAS,DOGUS OTOMOTIV,ADD,XU100,SCHEDULED,https://www.borsaistanbul.com/duyuru/11632/2019-yili-dorduncu-uc-aylik-donemi-icin-bist-pay-endeksleri-kapsaminda-yer-alacak-paylarda-degisiklik-yapilmistir,2026-08-24T03:03:26Z,bist_duyuru_11632_2019-09-20.html,7c076cf7091b6d2318bbd7d83e0b3d961cfd6711e0f68a9c732d4432fa2321b7,79365,PRIVATE_LOCAL_RAW,PRIVATE_LOCAL_RAW:bist-membership/events/bist_duyuru_11632_2019-09-20.html,INSUFFICIENT_IDENTITY_EVIDENCE,ACQUIRED,"Index heading absent in the source table; assigned by document order as the first table under the intro sentence naming BIST 100, BIST 50 and BIST 30. Inference, not a printed label."
EV-389,Borsa Istanbul,11632,2019 yılı dördüncü üç aylık dönemi için BIST Pay Endeksleri kapsamında yer alacak paylarda değişiklik yapılmıştır,2019-09-20,2019-10-01,2019,2019Q4,TRGYO,TORUNLAR GMYO,ADD,XU100,SCHEDULED,https://www.borsaistanbul.com/duyuru/11632/2019-yili-dorduncu-uc-aylik-donemi-icin-bist-pay-endeksleri-kapsaminda-yer-alacak-paylarda-degisiklik-yapilmistir,2026-08-24T03:03:26Z,bist_duyuru_11632_2019-09-20.html,7c076cf7091b6d2318bbd7d83e0b3d961cfd6711e0f68a9c732d4432fa2321b7,79365,PRIVATE_LOCAL_RAW,PRIVATE_LOCAL_RAW:bist-membership/events/bist_duyuru_11632_2019-09-20.html,INSUFFICIENT_IDENTITY_EVIDENCE,ACQUIRED,"Index heading absent in the source table; assigned by document order as the first table under the intro sentence naming BIST 100, BIST 50 and BIST 30. Inference, not a printed label."
EV-390,Borsa Istanbul,11632,2019 yılı dördüncü üç aylık dönemi için BIST Pay Endeksleri kapsamında yer alacak paylarda değişiklik yapılmıştır,2019-09-20,2019-10-01,2019,2019Q4,HLGYO,HALK GMYO,ADD,XU100,SCHEDULED,https://www.borsaistanbul.com/duyuru/11632/2019-yili-dorduncu-uc-aylik-donemi-icin-bist-pay-endeksleri-kapsaminda-yer-alacak-paylarda-degisiklik-yapilmistir,2026-08-24T03:03:26Z,bist_duyuru_11632_2019-09-20.html,7c076cf7091b6d2318bbd7d83e0b3d961cfd6711e0f68a9c732d4432fa2321b7,79365,PRIVATE_LOCAL_RAW,PRIVATE_LOCAL_RAW:bist-membership/events/bist_duyuru_11632_2019-09-20.html,INSUFFICIENT_IDENTITY_EVIDENCE,ACQUIRED,"Index heading absent in the source table; assigned by document order as the first table under the intro sentence naming BIST 100, BIST 50 and BIST 30. Inference, not a printed label."
EV-391,Borsa Istanbul,11632,2019 yılı dördüncü üç aylık dönemi için BIST Pay Endeksleri kapsamında yer alacak paylarda değişiklik yapılmıştır,2019-09-20,2019-10-01,2019,2019Q4,DEVA,DEVA HOLDING,ADD,XU100,SCHEDULED,https://www.borsaistanbul.com/duyuru/11632/2019-yili-dorduncu-uc-aylik-donemi-icin-bist-pay-endeksleri-kapsaminda-yer-alacak-paylarda-degisiklik-yapilmistir,2026-08-24T03:03:26Z,bist_duyuru_11632_2019-09-20.html,7c076cf7091b6d2318bbd7d83e0b3d961cfd6711e0f68a9c732d4432fa2321b7,79365,PRIVATE_LOCAL_RAW,PRIVATE_LOCAL_RAW:bist-membership/events/bist_duyuru_11632_2019-09-20.html,INSUFFICIENT_IDENTITY_EVIDENCE,ACQUIRED,"Index heading absent in the source table; assigned by document order as the first table under the intro sentence naming BIST 100, BIST 50 and BIST 30. Inference, not a printed label."
EV-392,Borsa Istanbul,11632,2019 yılı dördüncü üç aylık dönemi için BIST Pay Endeksleri kapsamında yer alacak paylarda değişiklik yapılmıştır,2019-09-20,2019-10-01,2019,2019Q4,GUSGR,GUNES SIGORTA,ADD,XU100,SCHEDULED,https://www.borsaistanbul.com/duyuru/11632/2019-yili-dorduncu-uc-aylik-donemi-icin-bist-pay-endeksleri-kapsaminda-yer-alacak-paylarda-degisiklik-yapilmistir,2026-08-24T03:03:26Z,bist_duyuru_11632_2019-09-20.html,7c076cf7091b6d2318bbd7d83e0b3d961cfd6711e0f68a9c732d4432fa2321b7,79365,PRIVATE_LOCAL_RAW,PRIVATE_LOCAL_RAW:bist-membership/events/bist_duyuru_11632_2019-09-20.html,INSUFFICIENT_IDENTITY_EVIDENCE,ACQUIRED,"Index heading absent in the source table; assigned by document order as the first table under the intro sentence naming BIST 100, BIST 50 and BIST 30. Inference, not a printed label."
EV-393,Borsa Istanbul,11632,2019 yılı dördüncü üç aylık dönemi için BIST Pay Endeksleri kapsamında yer alacak paylarda değişiklik yapılmıştır,2019-09-20,2019-10-01,2019,2019Q4,GENTS,GENTAS,REMOVE,XU100,SCHEDULED,https://www.borsaistanbul.com/duyuru/11632/2019-yili-dorduncu-uc-aylik-donemi-icin-bist-pay-endeksleri-kapsaminda-yer-alacak-paylarda-degisiklik-yapilmistir,2026-08-24T03:03:26Z,bist_duyuru_11632_2019-09-20.html,7c076cf7091b6d2318bbd7d83e0b3d961cfd6711e0f68a9c732d4432fa2321b7,79365,PRIVATE_LOCAL_RAW,PRIVATE_LOCAL_RAW:bist-membership/events/bist_duyuru_11632_2019-09-20.html,INSUFFICIENT_IDENTITY_EVIDENCE,ACQUIRED,"Index heading absent in the source table; assigned by document order as the first table under the intro sentence naming BIST 100, BIST 50 and BIST 30. Inference, not a printed label."
EV-394,Borsa Istanbul,11632,2019 yılı dördüncü üç aylık dönemi için BIST Pay Endeksleri kapsamında yer alacak paylarda değişiklik yapılmıştır,2019-09-20,2019-10-01,2019,2019Q4,INDES,INDEKS BILGISAYAR,REMOVE,XU100,SCHEDULED,https://www.borsaistanbul.com/duyuru/11632/2019-yili-dorduncu-uc-aylik-donemi-icin-bist-pay-endeksleri-kapsaminda-yer-alacak-paylarda-degisiklik-yapilmistir,2026-08-24T03:03:26Z,bist_duyuru_11632_2019-09-20.html,7c076cf7091b6d2318bbd7d83e0b3d961cfd6711e0f68a9c732d4432fa2321b7,79365,PRIVATE_LOCAL_RAW,PRIVATE_LOCAL_RAW:bist-membership/events/bist_duyuru_11632_2019-09-20.html,INSUFFICIENT_IDENTITY_EVIDENCE,ACQUIRED,"Index heading absent in the source table; assigned by document order as the first table under the intro sentence naming BIST 100, BIST 50 and BIST 30. Inference, not a printed label."
EV-395,Borsa Istanbul,11632,2019 yılı dördüncü üç aylık dönemi için BIST Pay Endeksleri kapsamında yer alacak paylarda değişiklik yapılmıştır,2019-09-20,2019-10-01,2019,2019Q4,HURGZ,HURRIYET GZT.,REMOVE,XU100,SCHEDULED,https://www.borsaistanbul.com/duyuru/11632/2019-yili-dorduncu-uc-aylik-donemi-icin-bist-pay-endeksleri-kapsaminda-yer-alacak-paylarda-degisiklik-yapilmistir,2026-08-24T03:03:26Z,bist_duyuru_11632_2019-09-20.html,7c076cf7091b6d2318bbd7d83e0b3d961cfd6711e0f68a9c732d4432fa2321b7,79365,PRIVATE_LOCAL_RAW,PRIVATE_LOCAL_RAW:bist-membership/events/bist_duyuru_11632_2019-09-20.html,INSUFFICIENT_IDENTITY_EVIDENCE,ACQUIRED,"Index heading absent in the source table; assigned by document order as the first table under the intro sentence naming BIST 100, BIST 50 and BIST 30. Inference, not a printed label."
EV-396,Borsa Istanbul,11632,2019 yılı dördüncü üç aylık dönemi için BIST Pay Endeksleri kapsamında yer alacak paylarda değişiklik yapılmıştır,2019-09-20,2019-10-01,2019,2019Q4,ADESE,ADESE ALISVERIS TICARET,REMOVE,XU100,SCHEDULED,https://www.borsaistanbul.com/duyuru/11632/2019-yili-dorduncu-uc-aylik-donemi-icin-bist-pay-endeksleri-kapsaminda-yer-alacak-paylarda-degisiklik-yapilmistir,2026-08-24T03:03:26Z,bist_duyuru_11632_2019-09-20.html,7c076cf7091b6d2318bbd7d83e0b3d961cfd6711e0f68a9c732d4432fa2321b7,79365,PRIVATE_LOCAL_RAW,PRIVATE_LOCAL_RAW:bist-membership/events/bist_duyuru_11632_2019-09-20.html,INSUFFICIENT_IDENTITY_EVIDENCE,ACQUIRED,"Index heading absent in the source table; assigned by document order as the first table under the intro sentence naming BIST 100, BIST 50 and BIST 30. Inference, not a printed label."
EV-397,Borsa Istanbul,11632,2019 yılı dördüncü üç aylık dönemi için BIST Pay Endeksleri kapsamında yer alacak paylarda değişiklik yapılmıştır,2019-09-20,2019-10-01,2019,2019Q4,ISGYO,IS GMYO,REMOVE,XU100,SCHEDULED,https://www.borsaistanbul.com/duyuru/11632/2019-yili-dorduncu-uc-aylik-donemi-icin-bist-pay-endeksleri-kapsaminda-yer-alacak-paylarda-degisiklik-yapilmistir,2026-08-24T03:03:26Z,bist_duyuru_11632_2019-09-20.html,7c076cf7091b6d2318bbd7d83e0b3d961cfd6711e0f68a9c732d4432fa2321b7,79365,PRIVATE_LOCAL_RAW,PRIVATE_LOCAL_RAW:bist-membership/events/bist_duyuru_11632_2019-09-20.html,INSUFFICIENT_IDENTITY_EVIDENCE,ACQUIRED,"Index heading absent in the source table; assigned by document order as the first table under the intro sentence naming BIST 100, BIST 50 and BIST 30. Inference, not a printed label."
EV-398,Borsa Istanbul,11632,2019 yılı dördüncü üç aylık dönemi için BIST Pay Endeksleri kapsamında yer alacak paylarda değişiklik yapılmıştır,2019-09-20,2019-10-01,2019,2019Q4,OZGYO,OZDERICI GMYO,REMOVE,XU100,SCHEDULED,https://www.borsaistanbul.com/duyuru/11632/2019-yili-dorduncu-uc-aylik-donemi-icin-bist-pay-endeksleri-kapsaminda-yer-alacak-paylarda-degisiklik-yapilmistir,2026-08-24T03:03:26Z,bist_duyuru_11632_2019-09-20.html,7c076cf7091b6d2318bbd7d83e0b3d961cfd6711e0f68a9c732d4432fa2321b7,79365,PRIVATE_LOCAL_RAW,PRIVATE_LOCAL_RAW:bist-membership/events/bist_duyuru_11632_2019-09-20.html,INSUFFICIENT_IDENTITY_EVIDENCE,ACQUIRED,"Index heading absent in the source table; assigned by document order as the first table under the intro sentence naming BIST 100, BIST 50 and BIST 30. Inference, not a printed label."
EV-399,Borsa Istanbul,11632,2019 yılı dördüncü üç aylık dönemi için BIST Pay Endeksleri kapsamında yer alacak paylarda değişiklik yapılmıştır,2019-09-20,2019-10-01,2019,2019Q4,IHEVA,IHLAS EV ALETLERI,OTHER_MEMBERSHIP_RELEVANT,XU100,SCHEDULED,https://www.borsaistanbul.com/duyuru/11632/2019-yili-dorduncu-uc-aylik-donemi-icin-bist-pay-endeksleri-kapsaminda-yer-alacak-paylarda-degisiklik-yapilmistir,2026-08-24T03:03:26Z,bist_duyuru_11632_2019-09-20.html,7c076cf7091b6d2318bbd7d83e0b3d961cfd6711e0f68a9c732d4432fa2321b7,79365,PRIVATE_LOCAL_RAW,PRIVATE_LOCAL_RAW:bist-membership/events/bist_duyuru_11632_2019-09-20.html,INSUFFICIENT_IDENTITY_EVIDENCE,ACQUIRED,"Reserve (yedek) list entry: an eligible substitute under rulebook art. 7, NOT a membership change and NOT a state. Index heading absent in the source table; assigned by document order as the first table under the intro sentence naming BIST 100, BIST 50 and BIST 30. Inference, not a printed label."
EV-400,Borsa Istanbul,11632,2019 yılı dördüncü üç aylık dönemi için BIST Pay Endeksleri kapsamında yer alacak paylarda değişiklik yapılmıştır,2019-09-20,2019-10-01,2019,2019Q4,KAREL,KAREL ELEKTRONIK,OTHER_MEMBERSHIP_RELEVANT,XU100,SCHEDULED,https://www.borsaistanbul.com/duyuru/11632/2019-yili-dorduncu-uc-aylik-donemi-icin-bist-pay-endeksleri-kapsaminda-yer-alacak-paylarda-degisiklik-yapilmistir,2026-08-24T03:03:26Z,bist_duyuru_11632_2019-09-20.html,7c076cf7091b6d2318bbd7d83e0b3d961cfd6711e0f68a9c732d4432fa2321b7,79365,PRIVATE_LOCAL_RAW,PRIVATE_LOCAL_RAW:bist-membership/events/bist_duyuru_11632_2019-09-20.html,INSUFFICIENT_IDENTITY_EVIDENCE,ACQUIRED,"Reserve (yedek) list entry: an eligible substitute under rulebook art. 7, NOT a membership change and NOT a state. Index heading absent in the source table; assigned by document order as the first table under the intro sentence naming BIST 100, BIST 50 and BIST 30. Inference, not a printed label."
EV-401,Borsa Istanbul,11632,2019 yılı dördüncü üç aylık dönemi için BIST Pay Endeksleri kapsamında yer alacak paylarda değişiklik yapılmıştır,2019-09-20,2019-10-01,2019,2019Q4,BANVT,BANVIT,OTHER_MEMBERSHIP_RELEVANT,XU100,SCHEDULED,https://www.borsaistanbul.com/duyuru/11632/2019-yili-dorduncu-uc-aylik-donemi-icin-bist-pay-endeksleri-kapsaminda-yer-alacak-paylarda-degisiklik-yapilmistir,2026-08-24T03:03:26Z,bist_duyuru_11632_2019-09-20.html,7c076cf7091b6d2318bbd7d83e0b3d961cfd6711e0f68a9c732d4432fa2321b7,79365,PRIVATE_LOCAL_RAW,PRIVATE_LOCAL_RAW:bist-membership/events/bist_duyuru_11632_2019-09-20.html,INSUFFICIENT_IDENTITY_EVIDENCE,ACQUIRED,"Reserve (yedek) list entry: an eligible substitute under rulebook art. 7, NOT a membership change and NOT a state. Index heading absent in the source table; assigned by document order as the first table under the intro sentence naming BIST 100, BIST 50 and BIST 30. Inference, not a printed label."
EV-402,Borsa Istanbul,11632,2019 yılı dördüncü üç aylık dönemi için BIST Pay Endeksleri kapsamında yer alacak paylarda değişiklik yapılmıştır,2019-09-20,2019-10-01,2019,2019Q4,KLMSN,KLIMASAN KLIMA,OTHER_MEMBERSHIP_RELEVANT,XU100,SCHEDULED,https://www.borsaistanbul.com/duyuru/11632/2019-yili-dorduncu-uc-aylik-donemi-icin-bist-pay-endeksleri-kapsaminda-yer-alacak-paylarda-degisiklik-yapilmistir,2026-08-24T03:03:26Z,bist_duyuru_11632_2019-09-20.html,7c076cf7091b6d2318bbd7d83e0b3d961cfd6711e0f68a9c732d4432fa2321b7,79365,PRIVATE_LOCAL_RAW,PRIVATE_LOCAL_RAW:bist-membership/events/bist_duyuru_11632_2019-09-20.html,INSUFFICIENT_IDENTITY_EVIDENCE,ACQUIRED,"Reserve (yedek) list entry: an eligible substitute under rulebook art. 7, NOT a membership change and NOT a state. Index heading absent in the source table; assigned by document order as the first table under the intro sentence naming BIST 100, BIST 50 and BIST 30. Inference, not a printed label."
EV-403,Borsa Istanbul,11632,2019 yılı dördüncü üç aylık dönemi için BIST Pay Endeksleri kapsamında yer alacak paylarda değişiklik yapılmıştır,2019-09-20,2019-10-01,2019,2019Q4,TEKTU,TEK-ART TURIZM,OTHER_MEMBERSHIP_RELEVANT,XU100,SCHEDULED,https://www.borsaistanbul.com/duyuru/11632/2019-yili-dorduncu-uc-aylik-donemi-icin-bist-pay-endeksleri-kapsaminda-yer-alacak-paylarda-degisiklik-yapilmistir,2026-08-24T03:03:26Z,bist_duyuru_11632_2019-09-20.html,7c076cf7091b6d2318bbd7d83e0b3d961cfd6711e0f68a9c732d4432fa2321b7,79365,PRIVATE_LOCAL_RAW,PRIVATE_LOCAL_RAW:bist-membership/events/bist_duyuru_11632_2019-09-20.html,INSUFFICIENT_IDENTITY_EVIDENCE,ACQUIRED,"Reserve (yedek) list entry: an eligible substitute under rulebook art. 7, NOT a membership change and NOT a state. Index heading absent in the source table; assigned by document order as the first table under the intro sentence naming BIST 100, BIST 50 and BIST 30. Inference, not a printed label."
EV-404,Borsa Istanbul,11632,2019 yılı dördüncü üç aylık dönemi için BIST Pay Endeksleri kapsamında yer alacak paylarda değişiklik yapılmıştır,2019-09-20,2019-10-01,2019,2019Q4,KORDS,KORDSA TEKNIK TEKSTIL,ADD,XU050,SCHEDULED,https://www.borsaistanbul.com/duyuru/11632/2019-yili-dorduncu-uc-aylik-donemi-icin-bist-pay-endeksleri-kapsaminda-yer-alacak-paylarda-degisiklik-yapilmistir,2026-08-24T03:03:26Z,bist_duyuru_11632_2019-09-20.html,7c076cf7091b6d2318bbd7d83e0b3d961cfd6711e0f68a9c732d4432fa2321b7,79365,PRIVATE_LOCAL_RAW,PRIVATE_LOCAL_RAW:bist-membership/events/bist_duyuru_11632_2019-09-20.html,INSUFFICIENT_IDENTITY_EVIDENCE,ACQUIRED,Itemised in the periodic review announcement; effective at the stated index-period start.
EV-405,Borsa Istanbul,11632,2019 yılı dördüncü üç aylık dönemi için BIST Pay Endeksleri kapsamında yer alacak paylarda değişiklik yapılmıştır,2019-09-20,2019-10-01,2019,2019Q4,TTRAK,TURK TRAKTOR,ADD,XU050,SCHEDULED,https://www.borsaistanbul.com/duyuru/11632/2019-yili-dorduncu-uc-aylik-donemi-icin-bist-pay-endeksleri-kapsaminda-yer-alacak-paylarda-degisiklik-yapilmistir,2026-08-24T03:03:26Z,bist_duyuru_11632_2019-09-20.html,7c076cf7091b6d2318bbd7d83e0b3d961cfd6711e0f68a9c732d4432fa2321b7,79365,PRIVATE_LOCAL_RAW,PRIVATE_LOCAL_RAW:bist-membership/events/bist_duyuru_11632_2019-09-20.html,INSUFFICIENT_IDENTITY_EVIDENCE,ACQUIRED,Itemised in the periodic review announcement; effective at the stated index-period start.
EV-406,Borsa Istanbul,11632,2019 yılı dördüncü üç aylık dönemi için BIST Pay Endeksleri kapsamında yer alacak paylarda değişiklik yapılmıştır,2019-09-20,2019-10-01,2019,2019Q4,GLYHO,GLOBAL YAT. HOLDING,ADD,XU050,SCHEDULED,https://www.borsaistanbul.com/duyuru/11632/2019-yili-dorduncu-uc-aylik-donemi-icin-bist-pay-endeksleri-kapsaminda-yer-alacak-paylarda-degisiklik-yapilmistir,2026-08-24T03:03:26Z,bist_duyuru_11632_2019-09-20.html,7c076cf7091b6d2318bbd7d83e0b3d961cfd6711e0f68a9c732d4432fa2321b7,79365,PRIVATE_LOCAL_RAW,PRIVATE_LOCAL_RAW:bist-membership/events/bist_duyuru_11632_2019-09-20.html,INSUFFICIENT_IDENTITY_EVIDENCE,ACQUIRED,Itemised in the periodic review announcement; effective at the stated index-period start.
EV-407,Borsa Istanbul,11632,2019 yılı dördüncü üç aylık dönemi için BIST Pay Endeksleri kapsamında yer alacak paylarda değişiklik yapılmıştır,2019-09-20,2019-10-01,2019,2019Q4,AKSEN,AKSA ENERJI,ADD,XU050,SCHEDULED,https://www.borsaistanbul.com/duyuru/11632/2019-yili-dorduncu-uc-aylik-donemi-icin-bist-pay-endeksleri-kapsaminda-yer-alacak-paylarda-degisiklik-yapilmistir,2026-08-24T03:03:26Z,bist_duyuru_11632_2019-09-20.html,7c076cf7091b6d2318bbd7d83e0b3d961cfd6711e0f68a9c732d4432fa2321b7,79365,PRIVATE_LOCAL_RAW,PRIVATE_LOCAL_RAW:bist-membership/events/bist_duyuru_11632_2019-09-20.html,INSUFFICIENT_IDENTITY_EVIDENCE,ACQUIRED,Itemised in the periodic review announcement; effective at the stated index-period start.
EV-408,Borsa Istanbul,11632,2019 yılı dördüncü üç aylık dönemi için BIST Pay Endeksleri kapsamında yer alacak paylarda değişiklik yapılmıştır,2019-09-20,2019-10-01,2019,2019Q4,IHLAS,IHLAS HOLDING,ADD,XU050,SCHEDULED,https://www.borsaistanbul.com/duyuru/11632/2019-yili-dorduncu-uc-aylik-donemi-icin-bist-pay-endeksleri-kapsaminda-yer-alacak-paylarda-degisiklik-yapilmistir,2026-08-24T03:03:26Z,bist_duyuru_11632_2019-09-20.html,7c076cf7091b6d2318bbd7d83e0b3d961cfd6711e0f68a9c732d4432fa2321b7,79365,PRIVATE_LOCAL_RAW,PRIVATE_LOCAL_RAW:bist-membership/events/bist_duyuru_11632_2019-09-20.html,INSUFFICIENT_IDENTITY_EVIDENCE,ACQUIRED,Itemised in the periodic review announcement; effective at the stated index-period start.
EV-409,Borsa Istanbul,11632,2019 yılı dördüncü üç aylık dönemi için BIST Pay Endeksleri kapsamında yer alacak paylarda değişiklik yapılmıştır,2019-09-20,2019-10-01,2019,2019Q4,SOKM,SOK MARKETLER TICARET,REMOVE,XU050,SCHEDULED,https://www.borsaistanbul.com/duyuru/11632/2019-yili-dorduncu-uc-aylik-donemi-icin-bist-pay-endeksleri-kapsaminda-yer-alacak-paylarda-degisiklik-yapilmistir,2026-08-24T03:03:26Z,bist_duyuru_11632_2019-09-20.html,7c076cf7091b6d2318bbd7d83e0b3d961cfd6711e0f68a9c732d4432fa2321b7,79365,PRIVATE_LOCAL_RAW,PRIVATE_LOCAL_RAW:bist-membership/events/bist_duyuru_11632_2019-09-20.html,INSUFFICIENT_IDENTITY_EVIDENCE,ACQUIRED,Itemised in the periodic review announcement; effective at the stated index-period start.
EV-410,Borsa Istanbul,11632,2019 yılı dördüncü üç aylık dönemi için BIST Pay Endeksleri kapsamında yer alacak paylarda değişiklik yapılmıştır,2019-09-20,2019-10-01,2019,2019Q4,ECILC,ECZACIBASI ILAC,REMOVE,XU050,SCHEDULED,https://www.borsaistanbul.com/duyuru/11632/2019-yili-dorduncu-uc-aylik-donemi-icin-bist-pay-endeksleri-kapsaminda-yer-alacak-paylarda-degisiklik-yapilmistir,2026-08-24T03:03:26Z,bist_duyuru_11632_2019-09-20.html,7c076cf7091b6d2318bbd7d83e0b3d961cfd6711e0f68a9c732d4432fa2321b7,79365,PRIVATE_LOCAL_RAW,PRIVATE_LOCAL_RAW:bist-membership/events/bist_duyuru_11632_2019-09-20.html,INSUFFICIENT_IDENTITY_EVIDENCE,ACQUIRED,Itemised in the periodic review announcement; effective at the stated index-period start.
EV-411,Borsa Istanbul,11632,2019 yılı dördüncü üç aylık dönemi için BIST Pay Endeksleri kapsamında yer alacak paylarda değişiklik yapılmıştır,2019-09-20,2019-10-01,2019,2019Q4,ICBCT,ICBC TURKEY BANK,REMOVE,XU050,SCHEDULED,https://www.borsaistanbul.com/duyuru/11632/2019-yili-dorduncu-uc-aylik-donemi-icin-bist-pay-endeksleri-kapsaminda-yer-alacak-paylarda-degisiklik-yapilmistir,2026-08-24T03:03:26Z,bist_duyuru_11632_2019-09-20.html,7c076cf7091b6d2318bbd7d83e0b3d961cfd6711e0f68a9c732d4432fa2321b7,79365,PRIVATE_LOCAL_RAW,PRIVATE_LOCAL_RAW:bist-membership/events/bist_duyuru_11632_2019-09-20.html,INSUFFICIENT_IDENTITY_EVIDENCE,ACQUIRED,Itemised in the periodic review announcement; effective at the stated index-period start.
EV-412,Borsa Istanbul,11632,2019 yılı dördüncü üç aylık dönemi için BIST Pay Endeksleri kapsamında yer alacak paylarda değişiklik yapılmıştır,2019-09-20,2019-10-01,2019,2019Q4,MAVI,MAVI GIYIM,REMOVE,XU050,SCHEDULED,https://www.borsaistanbul.com/duyuru/11632/2019-yili-dorduncu-uc-aylik-donemi-icin-bist-pay-endeksleri-kapsaminda-yer-alacak-paylarda-degisiklik-yapilmistir,2026-08-24T03:03:26Z,bist_duyuru_11632_2019-09-20.html,7c076cf7091b6d2318bbd7d83e0b3d961cfd6711e0f68a9c732d4432fa2321b7,79365,PRIVATE_LOCAL_RAW,PRIVATE_LOCAL_RAW:bist-membership/events/bist_duyuru_11632_2019-09-20.html,INSUFFICIENT_IDENTITY_EVIDENCE,ACQUIRED,Itemised in the periodic review announcement; effective at the stated index-period start.
EV-413,Borsa Istanbul,11632,2019 yılı dördüncü üç aylık dönemi için BIST Pay Endeksleri kapsamında yer alacak paylarda değişiklik yapılmıştır,2019-09-20,2019-10-01,2019,2019Q4,ODAS,ODAS ELEKTRIK,REMOVE,XU050,SCHEDULED,https://www.borsaistanbul.com/duyuru/11632/2019-yili-dorduncu-uc-aylik-donemi-icin-bist-pay-endeksleri-kapsaminda-yer-alacak-paylarda-degisiklik-yapilmistir,2026-08-24T03:03:26Z,bist_duyuru_11632_2019-09-20.html,7c076cf7091b6d2318bbd7d83e0b3d961cfd6711e0f68a9c732d4432fa2321b7,79365,PRIVATE_LOCAL_RAW,PRIVATE_LOCAL_RAW:bist-membership/events/bist_duyuru_11632_2019-09-20.html,INSUFFICIENT_IDENTITY_EVIDENCE,ACQUIRED,Itemised in the periodic review announcement; effective at the stated index-period start.
EV-414,Borsa Istanbul,11632,2019 yılı dördüncü üç aylık dönemi için BIST Pay Endeksleri kapsamında yer alacak paylarda değişiklik yapılmıştır,2019-09-20,2019-10-01,2019,2019Q4,AGHOL,ANADOLU GRUBU HOLDING,OTHER_MEMBERSHIP_RELEVANT,XU050,SCHEDULED,https://www.borsaistanbul.com/duyuru/11632/2019-yili-dorduncu-uc-aylik-donemi-icin-bist-pay-endeksleri-kapsaminda-yer-alacak-paylarda-degisiklik-yapilmistir,2026-08-24T03:03:26Z,bist_duyuru_11632_2019-09-20.html,7c076cf7091b6d2318bbd7d83e0b3d961cfd6711e0f68a9c732d4432fa2321b7,79365,PRIVATE_LOCAL_RAW,PRIVATE_LOCAL_RAW:bist-membership/events/bist_duyuru_11632_2019-09-20.html,INSUFFICIENT_IDENTITY_EVIDENCE,ACQUIRED,"Reserve (yedek) list entry: an eligible substitute under rulebook art. 7, NOT a membership change and NOT a state."
EV-415,Borsa Istanbul,11632,2019 yılı dördüncü üç aylık dönemi için BIST Pay Endeksleri kapsamında yer alacak paylarda değişiklik yapılmıştır,2019-09-20,2019-10-01,2019,2019Q4,EGEEN,EGE ENDUSTRI,OTHER_MEMBERSHIP_RELEVANT,XU050,SCHEDULED,https://www.borsaistanbul.com/duyuru/11632/2019-yili-dorduncu-uc-aylik-donemi-icin-bist-pay-endeksleri-kapsaminda-yer-alacak-paylarda-degisiklik-yapilmistir,2026-08-24T03:03:26Z,bist_duyuru_11632_2019-09-20.html,7c076cf7091b6d2318bbd7d83e0b3d961cfd6711e0f68a9c732d4432fa2321b7,79365,PRIVATE_LOCAL_RAW,PRIVATE_LOCAL_RAW:bist-membership/events/bist_duyuru_11632_2019-09-20.html,INSUFFICIENT_IDENTITY_EVIDENCE,ACQUIRED,"Reserve (yedek) list entry: an eligible substitute under rulebook art. 7, NOT a membership change and NOT a state."
EV-416,Borsa Istanbul,11632,2019 yılı dördüncü üç aylık dönemi için BIST Pay Endeksleri kapsamında yer alacak paylarda değişiklik yapılmıştır,2019-09-20,2019-10-01,2019,2019Q4,GSRAY,GALATASARAY SPORTIF,OTHER_MEMBERSHIP_RELEVANT,XU050,SCHEDULED,https://www.borsaistanbul.com/duyuru/11632/2019-yili-dorduncu-uc-aylik-donemi-icin-bist-pay-endeksleri-kapsaminda-yer-alacak-paylarda-degisiklik-yapilmistir,2026-08-24T03:03:26Z,bist_duyuru_11632_2019-09-20.html,7c076cf7091b6d2318bbd7d83e0b3d961cfd6711e0f68a9c732d4432fa2321b7,79365,PRIVATE_LOCAL_RAW,PRIVATE_LOCAL_RAW:bist-membership/events/bist_duyuru_11632_2019-09-20.html,INSUFFICIENT_IDENTITY_EVIDENCE,ACQUIRED,"Reserve (yedek) list entry: an eligible substitute under rulebook art. 7, NOT a membership change and NOT a state."
EV-417,Borsa Istanbul,11632,2019 yılı dördüncü üç aylık dönemi için BIST Pay Endeksleri kapsamında yer alacak paylarda değişiklik yapılmıştır,2019-09-20,2019-10-01,2019,2019Q4,ISFIN,IS FIN.KIR.,OTHER_MEMBERSHIP_RELEVANT,XU030,SCHEDULED,https://www.borsaistanbul.com/duyuru/11632/2019-yili-dorduncu-uc-aylik-donemi-icin-bist-pay-endeksleri-kapsaminda-yer-alacak-paylarda-degisiklik-yapilmistir,2026-08-24T03:03:26Z,bist_duyuru_11632_2019-09-20.html,7c076cf7091b6d2318bbd7d83e0b3d961cfd6711e0f68a9c732d4432fa2321b7,79365,PRIVATE_LOCAL_RAW,PRIVATE_LOCAL_RAW:bist-membership/events/bist_duyuru_11632_2019-09-20.html,INSUFFICIENT_IDENTITY_EVIDENCE,ACQUIRED,"Reserve (yedek) list entry: an eligible substitute under rulebook art. 7, NOT a membership change and NOT a state."
EV-418,Borsa Istanbul,11632,2019 yılı dördüncü üç aylık dönemi için BIST Pay Endeksleri kapsamında yer alacak paylarda değişiklik yapılmıştır,2019-09-20,2019-10-01,2019,2019Q4,MGROS,MIGROS TICARET,OTHER_MEMBERSHIP_RELEVANT,XU030,SCHEDULED,https://www.borsaistanbul.com/duyuru/11632/2019-yili-dorduncu-uc-aylik-donemi-icin-bist-pay-endeksleri-kapsaminda-yer-alacak-paylarda-degisiklik-yapilmistir,2026-08-24T03:03:26Z,bist_duyuru_11632_2019-09-20.html,7c076cf7091b6d2318bbd7d83e0b3d961cfd6711e0f68a9c732d4432fa2321b7,79365,PRIVATE_LOCAL_RAW,PRIVATE_LOCAL_RAW:bist-membership/events/bist_duyuru_11632_2019-09-20.html,INSUFFICIENT_IDENTITY_EVIDENCE,ACQUIRED,"Reserve (yedek) list entry: an eligible substitute under rulebook art. 7, NOT a membership change and NOT a state."
EV-419,Borsa Istanbul,11428,2020 yılı birinci üç aylık dönemi için BIST Pay Endeksleri kapsamında yer alacak paylarda değişiklik yapılmıştır,2019-12-17,2020-01-01,2020,2020Q1,NA,NA,REVIEW_SCHEDULE,XU030;XU050;XU100,SCHEDULED,https://www.borsaistanbul.com/duyuru/11428/2020-yili-birinci-uc-aylik-donemi-icin-bist-pay-endeksleri-kapsaminda-yer-alacak-paylarda-degisiklik-yapilmistir,2026-08-24T03:03:26Z,bist_duyuru_11428_2019-12-17.html,944d4f64344421362e2f1c6daa2cc9be655705e02c25fcf95235af34a846a883,104429,PRIVATE_LOCAL_RAW,PRIVATE_LOCAL_RAW:bist-membership/events/bist_duyuru_11428_2019-12-17.html,NA,ACQUIRED,"Periodic review announcement. The document states the index period explicitly as 2020-01-01 to 2020-03-31; effective_date is that stated period start, not the publication date. Additions and removals are equal in number in every transcribed table, consistent with rulebook art. 6(c)/(d). Tables for BIST LİKİT BANKA ENDEKSİ, BIST BANKA DIŞI LİKİT 10 ENDEKSİ are present in the source but were NOT transcribed: no first-party index code was established for them."
EV-420,Borsa Istanbul,11428,2020 yılı birinci üç aylık dönemi için BIST Pay Endeksleri kapsamında yer alacak paylarda değişiklik yapılmıştır,2019-12-17,2020-01-01,2020,2020Q1,ADANA,ADANA CIMENTO (A),ADD,XU100,SCHEDULED,https://www.borsaistanbul.com/duyuru/11428/2020-yili-birinci-uc-aylik-donemi-icin-bist-pay-endeksleri-kapsaminda-yer-alacak-paylarda-degisiklik-yapilmistir,2026-08-24T03:03:26Z,bist_duyuru_11428_2019-12-17.html,944d4f64344421362e2f1c6daa2cc9be655705e02c25fcf95235af34a846a883,104429,PRIVATE_LOCAL_RAW,PRIVATE_LOCAL_RAW:bist-membership/events/bist_duyuru_11428_2019-12-17.html,INSUFFICIENT_IDENTITY_EVIDENCE,ACQUIRED,Itemised in the periodic review announcement; effective at the stated index-period start.
EV-421,Borsa Istanbul,11428,2020 yılı birinci üç aylık dönemi için BIST Pay Endeksleri kapsamında yer alacak paylarda değişiklik yapılmıştır,2019-12-17,2020-01-01,2020,2020Q1,AKGRT,AKSIGORTA,ADD,XU100,SCHEDULED,https://www.borsaistanbul.com/duyuru/11428/2020-yili-birinci-uc-aylik-donemi-icin-bist-pay-endeksleri-kapsaminda-yer-alacak-paylarda-degisiklik-yapilmistir,2026-08-24T03:03:26Z,bist_duyuru_11428_2019-12-17.html,944d4f64344421362e2f1c6daa2cc9be655705e02c25fcf95235af34a846a883,104429,PRIVATE_LOCAL_RAW,PRIVATE_LOCAL_RAW:bist-membership/events/bist_duyuru_11428_2019-12-17.html,INSUFFICIENT_IDENTITY_EVIDENCE,ACQUIRED,Itemised in the periodic review announcement; effective at the stated index-period start.
EV-422,Borsa Istanbul,11428,2020 yılı birinci üç aylık dönemi için BIST Pay Endeksleri kapsamında yer alacak paylarda değişiklik yapılmıştır,2019-12-17,2020-01-01,2020,2020Q1,ALKIM,ALKIM KIMYA,ADD,XU100,SCHEDULED,https://www.borsaistanbul.com/duyuru/11428/2020-yili-birinci-uc-aylik-donemi-icin-bist-pay-endeksleri-kapsaminda-yer-alacak-paylarda-degisiklik-yapilmistir,2026-08-24T03:03:26Z,bist_duyuru_11428_2019-12-17.html,944d4f64344421362e2f1c6daa2cc9be655705e02c25fcf95235af34a846a883,104429,PRIVATE_LOCAL_RAW,PRIVATE_LOCAL_RAW:bist-membership/events/bist_duyuru_11428_2019-12-17.html,INSUFFICIENT_IDENTITY_EVIDENCE,ACQUIRED,Itemised in the periodic review announcement; effective at the stated index-period start.
EV-423,Borsa Istanbul,11428,2020 yılı birinci üç aylık dönemi için BIST Pay Endeksleri kapsamında yer alacak paylarda değişiklik yapılmıştır,2019-12-17,2020-01-01,2020,2020Q1,ANHYT,ANADOLU HAYAT EMEK.,ADD,XU100,SCHEDULED,https://www.borsaistanbul.com/duyuru/11428/2020-yili-birinci-uc-aylik-donemi-icin-bist-pay-endeksleri-kapsaminda-yer-alacak-paylarda-degisiklik-yapilmistir,2026-08-24T03:03:26Z,bist_duyuru_11428_2019-12-17.html,944d4f64344421362e2f1c6daa2cc9be655705e02c25fcf95235af34a846a883,104429,PRIVATE_LOCAL_RAW,PRIVATE_LOCAL_RAW:bist-membership/events/bist_duyuru_11428_2019-12-17.html,INSUFFICIENT_IDENTITY_EVIDENCE,ACQUIRED,Itemised in the periodic review announcement; effective at the stated index-period start.
EV-424,Borsa Istanbul,11428,2020 yılı birinci üç aylık dönemi için BIST Pay Endeksleri kapsamında yer alacak paylarda değişiklik yapılmıştır,2019-12-17,2020-01-01,2020,2020Q1,AYGAZ,AYGAZ,ADD,XU100,SCHEDULED,https://www.borsaistanbul.com/duyuru/11428/2020-yili-birinci-uc-aylik-donemi-icin-bist-pay-endeksleri-kapsaminda-yer-alacak-paylarda-degisiklik-yapilmistir,2026-08-24T03:03:26Z,bist_duyuru_11428_2019-12-17.html,944d4f64344421362e2f1c6daa2cc9be655705e02c25fcf95235af34a846a883,104429,PRIVATE_LOCAL_RAW,PRIVATE_LOCAL_RAW:bist-membership/events/bist_duyuru_11428_2019-12-17.html,INSUFFICIENT_IDENTITY_EVIDENCE,ACQUIRED,Itemised in the periodic review announcement; effective at the stated index-period start. The source prints the bulletin name identically to the share code for this row; recorded verbatim.
EV-425,Borsa Istanbul,11428,2020 yılı birinci üç aylık dönemi için BIST Pay Endeksleri kapsamında yer alacak paylarda değişiklik yapılmıştır,2019-12-17,2020-01-01,2020,2020Q1,BIZIM,BIZIM MAGAZALARI,ADD,XU100,SCHEDULED,https://www.borsaistanbul.com/duyuru/11428/2020-yili-birinci-uc-aylik-donemi-icin-bist-pay-endeksleri-kapsaminda-yer-alacak-paylarda-degisiklik-yapilmistir,2026-08-24T03:03:26Z,bist_duyuru_11428_2019-12-17.html,944d4f64344421362e2f1c6daa2cc9be655705e02c25fcf95235af34a846a883,104429,PRIVATE_LOCAL_RAW,PRIVATE_LOCAL_RAW:bist-membership/events/bist_duyuru_11428_2019-12-17.html,INSUFFICIENT_IDENTITY_EVIDENCE,ACQUIRED,Itemised in the periodic review announcement; effective at the stated index-period start.
EV-426,Borsa Istanbul,11428,2020 yılı birinci üç aylık dönemi için BIST Pay Endeksleri kapsamında yer alacak paylarda değişiklik yapılmıştır,2019-12-17,2020-01-01,2020,2020Q1,BRISA,BRISA,ADD,XU100,SCHEDULED,https://www.borsaistanbul.com/duyuru/11428/2020-yili-birinci-uc-aylik-donemi-icin-bist-pay-endeksleri-kapsaminda-yer-alacak-paylarda-degisiklik-yapilmistir,2026-08-24T03:03:26Z,bist_duyuru_11428_2019-12-17.html,944d4f64344421362e2f1c6daa2cc9be655705e02c25fcf95235af34a846a883,104429,PRIVATE_LOCAL_RAW,PRIVATE_LOCAL_RAW:bist-membership/events/bist_duyuru_11428_2019-12-17.html,INSUFFICIENT_IDENTITY_EVIDENCE,ACQUIRED,Itemised in the periodic review announcement; effective at the stated index-period start. The source prints the bulletin name identically to the share code for this row; recorded verbatim.
EV-427,Borsa Istanbul,11428,2020 yılı birinci üç aylık dönemi için BIST Pay Endeksleri kapsamında yer alacak paylarda değişiklik yapılmıştır,2019-12-17,2020-01-01,2020,2020Q1,BRSAN,BORUSAN MANNESMANN,ADD,XU100,SCHEDULED,https://www.borsaistanbul.com/duyuru/11428/2020-yili-birinci-uc-aylik-donemi-icin-bist-pay-endeksleri-kapsaminda-yer-alacak-paylarda-degisiklik-yapilmistir,2026-08-24T03:03:26Z,bist_duyuru_11428_2019-12-17.html,944d4f64344421362e2f1c6daa2cc9be655705e02c25fcf95235af34a846a883,104429,PRIVATE_LOCAL_RAW,PRIVATE_LOCAL_RAW:bist-membership/events/bist_duyuru_11428_2019-12-17.html,INSUFFICIENT_IDENTITY_EVIDENCE,ACQUIRED,Itemised in the periodic review announcement; effective at the stated index-period start.
EV-428,Borsa Istanbul,11428,2020 yılı birinci üç aylık dönemi için BIST Pay Endeksleri kapsamında yer alacak paylarda değişiklik yapılmıştır,2019-12-17,2020-01-01,2020,2020Q1,BTCIM,BATI CIMENTO,ADD,XU100,SCHEDULED,https://www.borsaistanbul.com/duyuru/11428/2020-yili-birinci-uc-aylik-donemi-icin-bist-pay-endeksleri-kapsaminda-yer-alacak-paylarda-degisiklik-yapilmistir,2026-08-24T03:03:26Z,bist_duyuru_11428_2019-12-17.html,944d4f64344421362e2f1c6daa2cc9be655705e02c25fcf95235af34a846a883,104429,PRIVATE_LOCAL_RAW,PRIVATE_LOCAL_RAW:bist-membership/events/bist_duyuru_11428_2019-12-17.html,INSUFFICIENT_IDENTITY_EVIDENCE,ACQUIRED,Itemised in the periodic review announcement; effective at the stated index-period start.
EV-429,Borsa Istanbul,11428,2020 yılı birinci üç aylık dönemi için BIST Pay Endeksleri kapsamında yer alacak paylarda değişiklik yapılmıştır,2019-12-17,2020-01-01,2020,2020Q1,BUCIM,BURSA CIMENTO,ADD,XU100,SCHEDULED,https://www.borsaistanbul.com/duyuru/11428/2020-yili-birinci-uc-aylik-donemi-icin-bist-pay-endeksleri-kapsaminda-yer-alacak-paylarda-degisiklik-yapilmistir,2026-08-24T03:03:26Z,bist_duyuru_11428_2019-12-17.html,944d4f64344421362e2f1c6daa2cc9be655705e02c25fcf95235af34a846a883,104429,PRIVATE_LOCAL_RAW,PRIVATE_LOCAL_RAW:bist-membership/events/bist_duyuru_11428_2019-12-17.html,INSUFFICIENT_IDENTITY_EVIDENCE,ACQUIRED,Itemised in the periodic review announcement; effective at the stated index-period start.
EV-430,Borsa Istanbul,11428,2020 yılı birinci üç aylık dönemi için BIST Pay Endeksleri kapsamında yer alacak paylarda değişiklik yapılmıştır,2019-12-17,2020-01-01,2020,2020Q1,CIMSA,CIMSA,ADD,XU100,SCHEDULED,https://www.borsaistanbul.com/duyuru/11428/2020-yili-birinci-uc-aylik-donemi-icin-bist-pay-endeksleri-kapsaminda-yer-alacak-paylarda-degisiklik-yapilmistir,2026-08-24T03:03:26Z,bist_duyuru_11428_2019-12-17.html,944d4f64344421362e2f1c6daa2cc9be655705e02c25fcf95235af34a846a883,104429,PRIVATE_LOCAL_RAW,PRIVATE_LOCAL_RAW:bist-membership/events/bist_duyuru_11428_2019-12-17.html,INSUFFICIENT_IDENTITY_EVIDENCE,ACQUIRED,Itemised in the periodic review announcement; effective at the stated index-period start. The source prints the bulletin name identically to the share code for this row; recorded verbatim.
EV-431,Borsa Istanbul,11428,2020 yılı birinci üç aylık dönemi için BIST Pay Endeksleri kapsamında yer alacak paylarda değişiklik yapılmıştır,2019-12-17,2020-01-01,2020,2020Q1,ECZYT,ECZACIBASI YATIRIM,ADD,XU100,SCHEDULED,https://www.borsaistanbul.com/duyuru/11428/2020-yili-birinci-uc-aylik-donemi-icin-bist-pay-endeksleri-kapsaminda-yer-alacak-paylarda-degisiklik-yapilmistir,2026-08-24T03:03:26Z,bist_duyuru_11428_2019-12-17.html,944d4f64344421362e2f1c6daa2cc9be655705e02c25fcf95235af34a846a883,104429,PRIVATE_LOCAL_RAW,PRIVATE_LOCAL_RAW:bist-membership/events/bist_duyuru_11428_2019-12-17.html,INSUFFICIENT_IDENTITY_EVIDENCE,ACQUIRED,Itemised in the periodic review announcement; effective at the stated index-period start.
EV-432,Borsa Istanbul,11428,2020 yılı birinci üç aylık dönemi için BIST Pay Endeksleri kapsamında yer alacak paylarda değişiklik yapılmıştır,2019-12-17,2020-01-01,2020,2020Q1,ERBOS,ERBOSAN,ADD,XU100,SCHEDULED,https://www.borsaistanbul.com/duyuru/11428/2020-yili-birinci-uc-aylik-donemi-icin-bist-pay-endeksleri-kapsaminda-yer-alacak-paylarda-degisiklik-yapilmistir,2026-08-24T03:03:26Z,bist_duyuru_11428_2019-12-17.html,944d4f64344421362e2f1c6daa2cc9be655705e02c25fcf95235af34a846a883,104429,PRIVATE_LOCAL_RAW,PRIVATE_LOCAL_RAW:bist-membership/events/bist_duyuru_11428_2019-12-17.html,INSUFFICIENT_IDENTITY_EVIDENCE,ACQUIRED,Itemised in the periodic review announcement; effective at the stated index-period start.
EV-433,Borsa Istanbul,11428,2020 yılı birinci üç aylık dönemi için BIST Pay Endeksleri kapsamında yer alacak paylarda değişiklik yapılmıştır,2019-12-17,2020-01-01,2020,2020Q1,GOODY,GOOD-YEAR,ADD,XU100,SCHEDULED,https://www.borsaistanbul.com/duyuru/11428/2020-yili-birinci-uc-aylik-donemi-icin-bist-pay-endeksleri-kapsaminda-yer-alacak-paylarda-degisiklik-yapilmistir,2026-08-24T03:03:26Z,bist_duyuru_11428_2019-12-17.html,944d4f64344421362e2f1c6daa2cc9be655705e02c25fcf95235af34a846a883,104429,PRIVATE_LOCAL_RAW,PRIVATE_LOCAL_RAW:bist-membership/events/bist_duyuru_11428_2019-12-17.html,INSUFFICIENT_IDENTITY_EVIDENCE,ACQUIRED,Itemised in the periodic review announcement; effective at the stated index-period start.
EV-434,Borsa Istanbul,11428,2020 yılı birinci üç aylık dönemi için BIST Pay Endeksleri kapsamında yer alacak paylarda değişiklik yapılmıştır,2019-12-17,2020-01-01,2020,2020Q1,INDES,INDEKS BILGISAYAR,ADD,XU100,SCHEDULED,https://www.borsaistanbul.com/duyuru/11428/2020-yili-birinci-uc-aylik-donemi-icin-bist-pay-endeksleri-kapsaminda-yer-alacak-paylarda-degisiklik-yapilmistir,2026-08-24T03:03:26Z,bist_duyuru_11428_2019-12-17.html,944d4f64344421362e2f1c6daa2cc9be655705e02c25fcf95235af34a846a883,104429,PRIVATE_LOCAL_RAW,PRIVATE_LOCAL_RAW:bist-membership/events/bist_duyuru_11428_2019-12-17.html,INSUFFICIENT_IDENTITY_EVIDENCE,ACQUIRED,Itemised in the periodic review announcement; effective at the stated index-period start.
EV-435,Borsa Istanbul,11428,2020 yılı birinci üç aylık dönemi için BIST Pay Endeksleri kapsamında yer alacak paylarda değişiklik yapılmıştır,2019-12-17,2020-01-01,2020,2020Q1,ISGYO,IS GMYO,ADD,XU100,SCHEDULED,https://www.borsaistanbul.com/duyuru/11428/2020-yili-birinci-uc-aylik-donemi-icin-bist-pay-endeksleri-kapsaminda-yer-alacak-paylarda-degisiklik-yapilmistir,2026-08-24T03:03:26Z,bist_duyuru_11428_2019-12-17.html,944d4f64344421362e2f1c6daa2cc9be655705e02c25fcf95235af34a846a883,104429,PRIVATE_LOCAL_RAW,PRIVATE_LOCAL_RAW:bist-membership/events/bist_duyuru_11428_2019-12-17.html,INSUFFICIENT_IDENTITY_EVIDENCE,ACQUIRED,Itemised in the periodic review announcement; effective at the stated index-period start.
EV-436,Borsa Istanbul,11428,2020 yılı birinci üç aylık dönemi için BIST Pay Endeksleri kapsamında yer alacak paylarda değişiklik yapılmıştır,2019-12-17,2020-01-01,2020,2020Q1,ISMEN,IS Y. MEN. DEG.,ADD,XU100,SCHEDULED,https://www.borsaistanbul.com/duyuru/11428/2020-yili-birinci-uc-aylik-donemi-icin-bist-pay-endeksleri-kapsaminda-yer-alacak-paylarda-degisiklik-yapilmistir,2026-08-24T03:03:26Z,bist_duyuru_11428_2019-12-17.html,944d4f64344421362e2f1c6daa2cc9be655705e02c25fcf95235af34a846a883,104429,PRIVATE_LOCAL_RAW,PRIVATE_LOCAL_RAW:bist-membership/events/bist_duyuru_11428_2019-12-17.html,INSUFFICIENT_IDENTITY_EVIDENCE,ACQUIRED,Itemised in the periodic review announcement; effective at the stated index-period start.
EV-437,Borsa Istanbul,11428,2020 yılı birinci üç aylık dönemi için BIST Pay Endeksleri kapsamında yer alacak paylarda değişiklik yapılmıştır,2019-12-17,2020-01-01,2020,2020Q1,KAREL,KAREL ELEKTRONIK,ADD,XU100,SCHEDULED,https://www.borsaistanbul.com/duyuru/11428/2020-yili-birinci-uc-aylik-donemi-icin-bist-pay-endeksleri-kapsaminda-yer-alacak-paylarda-degisiklik-yapilmistir,2026-08-24T03:03:26Z,bist_duyuru_11428_2019-12-17.html,944d4f64344421362e2f1c6daa2cc9be655705e02c25fcf95235af34a846a883,104429,PRIVATE_LOCAL_RAW,PRIVATE_LOCAL_RAW:bist-membership/events/bist_duyuru_11428_2019-12-17.html,INSUFFICIENT_IDENTITY_EVIDENCE,ACQUIRED,Itemised in the periodic review announcement; effective at the stated index-period start.
EV-438,Borsa Istanbul,11428,2020 yılı birinci üç aylık dönemi için BIST Pay Endeksleri kapsamında yer alacak paylarda değişiklik yapılmıştır,2019-12-17,2020-01-01,2020,2020Q1,KARTN,KARTONSAN,ADD,XU100,SCHEDULED,https://www.borsaistanbul.com/duyuru/11428/2020-yili-birinci-uc-aylik-donemi-icin-bist-pay-endeksleri-kapsaminda-yer-alacak-paylarda-degisiklik-yapilmistir,2026-08-24T03:03:26Z,bist_duyuru_11428_2019-12-17.html,944d4f64344421362e2f1c6daa2cc9be655705e02c25fcf95235af34a846a883,104429,PRIVATE_LOCAL_RAW,PRIVATE_LOCAL_RAW:bist-membership/events/bist_duyuru_11428_2019-12-17.html,INSUFFICIENT_IDENTITY_EVIDENCE,ACQUIRED,Itemised in the periodic review announcement; effective at the stated index-period start.
EV-439,Borsa Istanbul,11428,2020 yılı birinci üç aylık dönemi için BIST Pay Endeksleri kapsamında yer alacak paylarda değişiklik yapılmıştır,2019-12-17,2020-01-01,2020,2020Q1,KLMSN,KLIMASAN KLIMA,ADD,XU100,SCHEDULED,https://www.borsaistanbul.com/duyuru/11428/2020-yili-birinci-uc-aylik-donemi-icin-bist-pay-endeksleri-kapsaminda-yer-alacak-paylarda-degisiklik-yapilmistir,2026-08-24T03:03:26Z,bist_duyuru_11428_2019-12-17.html,944d4f64344421362e2f1c6daa2cc9be655705e02c25fcf95235af34a846a883,104429,PRIVATE_LOCAL_RAW,PRIVATE_LOCAL_RAW:bist-membership/events/bist_duyuru_11428_2019-12-17.html,INSUFFICIENT_IDENTITY_EVIDENCE,ACQUIRED,Itemised in the periodic review announcement; effective at the stated index-period start.
EV-440,Borsa Istanbul,11428,2020 yılı birinci üç aylık dönemi için BIST Pay Endeksleri kapsamında yer alacak paylarda değişiklik yapılmıştır,2019-12-17,2020-01-01,2020,2020Q1,LOGO,LOGO YAZILIM,ADD,XU100,SCHEDULED,https://www.borsaistanbul.com/duyuru/11428/2020-yili-birinci-uc-aylik-donemi-icin-bist-pay-endeksleri-kapsaminda-yer-alacak-paylarda-degisiklik-yapilmistir,2026-08-24T03:03:26Z,bist_duyuru_11428_2019-12-17.html,944d4f64344421362e2f1c6daa2cc9be655705e02c25fcf95235af34a846a883,104429,PRIVATE_LOCAL_RAW,PRIVATE_LOCAL_RAW:bist-membership/events/bist_duyuru_11428_2019-12-17.html,INSUFFICIENT_IDENTITY_EVIDENCE,ACQUIRED,Itemised in the periodic review announcement; effective at the stated index-period start.
EV-441,Borsa Istanbul,11428,2020 yılı birinci üç aylık dönemi için BIST Pay Endeksleri kapsamında yer alacak paylarda değişiklik yapılmıştır,2019-12-17,2020-01-01,2020,2020Q1,TATGD,TAT GIDA,ADD,XU100,SCHEDULED,https://www.borsaistanbul.com/duyuru/11428/2020-yili-birinci-uc-aylik-donemi-icin-bist-pay-endeksleri-kapsaminda-yer-alacak-paylarda-degisiklik-yapilmistir,2026-08-24T03:03:26Z,bist_duyuru_11428_2019-12-17.html,944d4f64344421362e2f1c6daa2cc9be655705e02c25fcf95235af34a846a883,104429,PRIVATE_LOCAL_RAW,PRIVATE_LOCAL_RAW:bist-membership/events/bist_duyuru_11428_2019-12-17.html,INSUFFICIENT_IDENTITY_EVIDENCE,ACQUIRED,Itemised in the periodic review announcement; effective at the stated index-period start.
EV-442,Borsa Istanbul,11428,2020 yılı birinci üç aylık dönemi için BIST Pay Endeksleri kapsamında yer alacak paylarda değişiklik yapılmıştır,2019-12-17,2020-01-01,2020,2020Q1,TRCAS,TURCAS PETROL,ADD,XU100,SCHEDULED,https://www.borsaistanbul.com/duyuru/11428/2020-yili-birinci-uc-aylik-donemi-icin-bist-pay-endeksleri-kapsaminda-yer-alacak-paylarda-degisiklik-yapilmistir,2026-08-24T03:03:26Z,bist_duyuru_11428_2019-12-17.html,944d4f64344421362e2f1c6daa2cc9be655705e02c25fcf95235af34a846a883,104429,PRIVATE_LOCAL_RAW,PRIVATE_LOCAL_RAW:bist-membership/events/bist_duyuru_11428_2019-12-17.html,INSUFFICIENT_IDENTITY_EVIDENCE,ACQUIRED,Itemised in the periodic review announcement; effective at the stated index-period start.
EV-443,Borsa Istanbul,11428,2020 yılı birinci üç aylık dönemi için BIST Pay Endeksleri kapsamında yer alacak paylarda değişiklik yapılmıştır,2019-12-17,2020-01-01,2020,2020Q1,AFYON,AFYON CIMENTO,REMOVE,XU100,SCHEDULED,https://www.borsaistanbul.com/duyuru/11428/2020-yili-birinci-uc-aylik-donemi-icin-bist-pay-endeksleri-kapsaminda-yer-alacak-paylarda-degisiklik-yapilmistir,2026-08-24T03:03:26Z,bist_duyuru_11428_2019-12-17.html,944d4f64344421362e2f1c6daa2cc9be655705e02c25fcf95235af34a846a883,104429,PRIVATE_LOCAL_RAW,PRIVATE_LOCAL_RAW:bist-membership/events/bist_duyuru_11428_2019-12-17.html,INSUFFICIENT_IDENTITY_EVIDENCE,ACQUIRED,Itemised in the periodic review announcement; effective at the stated index-period start.
EV-444,Borsa Istanbul,11428,2020 yılı birinci üç aylık dönemi için BIST Pay Endeksleri kapsamında yer alacak paylarda değişiklik yapılmıştır,2019-12-17,2020-01-01,2020,2020Q1,AVOD,A.V.O.D GIDA VE TARIM,REMOVE,XU100,SCHEDULED,https://www.borsaistanbul.com/duyuru/11428/2020-yili-birinci-uc-aylik-donemi-icin-bist-pay-endeksleri-kapsaminda-yer-alacak-paylarda-degisiklik-yapilmistir,2026-08-24T03:03:26Z,bist_duyuru_11428_2019-12-17.html,944d4f64344421362e2f1c6daa2cc9be655705e02c25fcf95235af34a846a883,104429,PRIVATE_LOCAL_RAW,PRIVATE_LOCAL_RAW:bist-membership/events/bist_duyuru_11428_2019-12-17.html,INSUFFICIENT_IDENTITY_EVIDENCE,ACQUIRED,Itemised in the periodic review announcement; effective at the stated index-period start.
EV-445,Borsa Istanbul,11428,2020 yılı birinci üç aylık dönemi için BIST Pay Endeksleri kapsamında yer alacak paylarda değişiklik yapılmıştır,2019-12-17,2020-01-01,2020,2020Q1,BERA,BERA HOLDING,REMOVE,XU100,SCHEDULED,https://www.borsaistanbul.com/duyuru/11428/2020-yili-birinci-uc-aylik-donemi-icin-bist-pay-endeksleri-kapsaminda-yer-alacak-paylarda-degisiklik-yapilmistir,2026-08-24T03:03:26Z,bist_duyuru_11428_2019-12-17.html,944d4f64344421362e2f1c6daa2cc9be655705e02c25fcf95235af34a846a883,104429,PRIVATE_LOCAL_RAW,PRIVATE_LOCAL_RAW:bist-membership/events/bist_duyuru_11428_2019-12-17.html,INSUFFICIENT_IDENTITY_EVIDENCE,ACQUIRED,Itemised in the periodic review announcement; effective at the stated index-period start.
EV-446,Borsa Istanbul,11428,2020 yılı birinci üç aylık dönemi için BIST Pay Endeksleri kapsamında yer alacak paylarda değişiklik yapılmıştır,2019-12-17,2020-01-01,2020,2020Q1,BJKAS,BESIKTAS FUTBOL YAT.,REMOVE,XU100,SCHEDULED,https://www.borsaistanbul.com/duyuru/11428/2020-yili-birinci-uc-aylik-donemi-icin-bist-pay-endeksleri-kapsaminda-yer-alacak-paylarda-degisiklik-yapilmistir,2026-08-24T03:03:26Z,bist_duyuru_11428_2019-12-17.html,944d4f64344421362e2f1c6daa2cc9be655705e02c25fcf95235af34a846a883,104429,PRIVATE_LOCAL_RAW,PRIVATE_LOCAL_RAW:bist-membership/events/bist_duyuru_11428_2019-12-17.html,INSUFFICIENT_IDENTITY_EVIDENCE,ACQUIRED,Itemised in the periodic review announcement; effective at the stated index-period start.
EV-447,Borsa Istanbul,11428,2020 yılı birinci üç aylık dönemi için BIST Pay Endeksleri kapsamında yer alacak paylarda değişiklik yapılmıştır,2019-12-17,2020-01-01,2020,2020Q1,CEMAS,CEMAS DOKUM,REMOVE,XU100,SCHEDULED,https://www.borsaistanbul.com/duyuru/11428/2020-yili-birinci-uc-aylik-donemi-icin-bist-pay-endeksleri-kapsaminda-yer-alacak-paylarda-degisiklik-yapilmistir,2026-08-24T03:03:26Z,bist_duyuru_11428_2019-12-17.html,944d4f64344421362e2f1c6daa2cc9be655705e02c25fcf95235af34a846a883,104429,PRIVATE_LOCAL_RAW,PRIVATE_LOCAL_RAW:bist-membership/events/bist_duyuru_11428_2019-12-17.html,INSUFFICIENT_IDENTITY_EVIDENCE,ACQUIRED,Itemised in the periodic review announcement; effective at the stated index-period start.
EV-448,Borsa Istanbul,11428,2020 yılı birinci üç aylık dönemi için BIST Pay Endeksleri kapsamında yer alacak paylarda değişiklik yapılmıştır,2019-12-17,2020-01-01,2020,2020Q1,DGKLB,DOGTAS KELEBEK MOBILYA,REMOVE,XU100,SCHEDULED,https://www.borsaistanbul.com/duyuru/11428/2020-yili-birinci-uc-aylik-donemi-icin-bist-pay-endeksleri-kapsaminda-yer-alacak-paylarda-degisiklik-yapilmistir,2026-08-24T03:03:26Z,bist_duyuru_11428_2019-12-17.html,944d4f64344421362e2f1c6daa2cc9be655705e02c25fcf95235af34a846a883,104429,PRIVATE_LOCAL_RAW,PRIVATE_LOCAL_RAW:bist-membership/events/bist_duyuru_11428_2019-12-17.html,INSUFFICIENT_IDENTITY_EVIDENCE,ACQUIRED,Itemised in the periodic review announcement; effective at the stated index-period start.
EV-449,Borsa Istanbul,11428,2020 yılı birinci üç aylık dönemi için BIST Pay Endeksleri kapsamında yer alacak paylarda değişiklik yapılmıştır,2019-12-17,2020-01-01,2020,2020Q1,FENER,FENERBAHCE FUTBOL,REMOVE,XU100,SCHEDULED,https://www.borsaistanbul.com/duyuru/11428/2020-yili-birinci-uc-aylik-donemi-icin-bist-pay-endeksleri-kapsaminda-yer-alacak-paylarda-degisiklik-yapilmistir,2026-08-24T03:03:26Z,bist_duyuru_11428_2019-12-17.html,944d4f64344421362e2f1c6daa2cc9be655705e02c25fcf95235af34a846a883,104429,PRIVATE_LOCAL_RAW,PRIVATE_LOCAL_RAW:bist-membership/events/bist_duyuru_11428_2019-12-17.html,INSUFFICIENT_IDENTITY_EVIDENCE,ACQUIRED,Itemised in the periodic review announcement; effective at the stated index-period start.
EV-450,Borsa Istanbul,11428,2020 yılı birinci üç aylık dönemi için BIST Pay Endeksleri kapsamında yer alacak paylarda değişiklik yapılmıştır,2019-12-17,2020-01-01,2020,2020Q1,GEREL,GERSAN ELEKTRIK,REMOVE,XU100,SCHEDULED,https://www.borsaistanbul.com/duyuru/11428/2020-yili-birinci-uc-aylik-donemi-icin-bist-pay-endeksleri-kapsaminda-yer-alacak-paylarda-degisiklik-yapilmistir,2026-08-24T03:03:26Z,bist_duyuru_11428_2019-12-17.html,944d4f64344421362e2f1c6daa2cc9be655705e02c25fcf95235af34a846a883,104429,PRIVATE_LOCAL_RAW,PRIVATE_LOCAL_RAW:bist-membership/events/bist_duyuru_11428_2019-12-17.html,INSUFFICIENT_IDENTITY_EVIDENCE,ACQUIRED,Itemised in the periodic review announcement; effective at the stated index-period start.
EV-451,Borsa Istanbul,11428,2020 yılı birinci üç aylık dönemi için BIST Pay Endeksleri kapsamında yer alacak paylarda değişiklik yapılmıştır,2019-12-17,2020-01-01,2020,2020Q1,GLYHO,GLOBAL YAT. HOLDING,REMOVE,XU100,SCHEDULED,https://www.borsaistanbul.com/duyuru/11428/2020-yili-birinci-uc-aylik-donemi-icin-bist-pay-endeksleri-kapsaminda-yer-alacak-paylarda-degisiklik-yapilmistir,2026-08-24T03:03:26Z,bist_duyuru_11428_2019-12-17.html,944d4f64344421362e2f1c6daa2cc9be655705e02c25fcf95235af34a846a883,104429,PRIVATE_LOCAL_RAW,PRIVATE_LOCAL_RAW:bist-membership/events/bist_duyuru_11428_2019-12-17.html,INSUFFICIENT_IDENTITY_EVIDENCE,ACQUIRED,Itemised in the periodic review announcement; effective at the stated index-period start.
EV-452,Borsa Istanbul,11428,2020 yılı birinci üç aylık dönemi için BIST Pay Endeksleri kapsamında yer alacak paylarda değişiklik yapılmıştır,2019-12-17,2020-01-01,2020,2020Q1,GOLTS,GOLTAS CIMENTO,REMOVE,XU100,SCHEDULED,https://www.borsaistanbul.com/duyuru/11428/2020-yili-birinci-uc-aylik-donemi-icin-bist-pay-endeksleri-kapsaminda-yer-alacak-paylarda-degisiklik-yapilmistir,2026-08-24T03:03:26Z,bist_duyuru_11428_2019-12-17.html,944d4f64344421362e2f1c6daa2cc9be655705e02c25fcf95235af34a846a883,104429,PRIVATE_LOCAL_RAW,PRIVATE_LOCAL_RAW:bist-membership/events/bist_duyuru_11428_2019-12-17.html,INSUFFICIENT_IDENTITY_EVIDENCE,ACQUIRED,Itemised in the periodic review announcement; effective at the stated index-period start.
EV-453,Borsa Istanbul,11428,2020 yılı birinci üç aylık dönemi için BIST Pay Endeksleri kapsamında yer alacak paylarda değişiklik yapılmıştır,2019-12-17,2020-01-01,2020,2020Q1,GSRAY,GALATASARAY SPORTIF,REMOVE,XU100,SCHEDULED,https://www.borsaistanbul.com/duyuru/11428/2020-yili-birinci-uc-aylik-donemi-icin-bist-pay-endeksleri-kapsaminda-yer-alacak-paylarda-degisiklik-yapilmistir,2026-08-24T03:03:26Z,bist_duyuru_11428_2019-12-17.html,944d4f64344421362e2f1c6daa2cc9be655705e02c25fcf95235af34a846a883,104429,PRIVATE_LOCAL_RAW,PRIVATE_LOCAL_RAW:bist-membership/events/bist_duyuru_11428_2019-12-17.html,INSUFFICIENT_IDENTITY_EVIDENCE,ACQUIRED,Itemised in the periodic review announcement; effective at the stated index-period start.
EV-454,Borsa Istanbul,11428,2020 yılı birinci üç aylık dönemi için BIST Pay Endeksleri kapsamında yer alacak paylarda değişiklik yapılmıştır,2019-12-17,2020-01-01,2020,2020Q1,ICBCT,ICBC TURKEY BANK,REMOVE,XU100,SCHEDULED,https://www.borsaistanbul.com/duyuru/11428/2020-yili-birinci-uc-aylik-donemi-icin-bist-pay-endeksleri-kapsaminda-yer-alacak-paylarda-degisiklik-yapilmistir,2026-08-24T03:03:26Z,bist_duyuru_11428_2019-12-17.html,944d4f64344421362e2f1c6daa2cc9be655705e02c25fcf95235af34a846a883,104429,PRIVATE_LOCAL_RAW,PRIVATE_LOCAL_RAW:bist-membership/events/bist_duyuru_11428_2019-12-17.html,INSUFFICIENT_IDENTITY_EVIDENCE,ACQUIRED,Itemised in the periodic review announcement; effective at the stated index-period start.
EV-455,Borsa Istanbul,11428,2020 yılı birinci üç aylık dönemi için BIST Pay Endeksleri kapsamında yer alacak paylarda değişiklik yapılmıştır,2019-12-17,2020-01-01,2020,2020Q1,IEYHO,ISIKLAR ENERJI YAPI HOL.,REMOVE,XU100,SCHEDULED,https://www.borsaistanbul.com/duyuru/11428/2020-yili-birinci-uc-aylik-donemi-icin-bist-pay-endeksleri-kapsaminda-yer-alacak-paylarda-degisiklik-yapilmistir,2026-08-24T03:03:26Z,bist_duyuru_11428_2019-12-17.html,944d4f64344421362e2f1c6daa2cc9be655705e02c25fcf95235af34a846a883,104429,PRIVATE_LOCAL_RAW,PRIVATE_LOCAL_RAW:bist-membership/events/bist_duyuru_11428_2019-12-17.html,INSUFFICIENT_IDENTITY_EVIDENCE,ACQUIRED,Itemised in the periodic review announcement; effective at the stated index-period start.
EV-456,Borsa Istanbul,11428,2020 yılı birinci üç aylık dönemi için BIST Pay Endeksleri kapsamında yer alacak paylarda değişiklik yapılmıştır,2019-12-17,2020-01-01,2020,2020Q1,IHLAS,IHLAS HOLDING,REMOVE,XU100,SCHEDULED,https://www.borsaistanbul.com/duyuru/11428/2020-yili-birinci-uc-aylik-donemi-icin-bist-pay-endeksleri-kapsaminda-yer-alacak-paylarda-degisiklik-yapilmistir,2026-08-24T03:03:26Z,bist_duyuru_11428_2019-12-17.html,944d4f64344421362e2f1c6daa2cc9be655705e02c25fcf95235af34a846a883,104429,PRIVATE_LOCAL_RAW,PRIVATE_LOCAL_RAW:bist-membership/events/bist_duyuru_11428_2019-12-17.html,INSUFFICIENT_IDENTITY_EVIDENCE,ACQUIRED,Itemised in the periodic review announcement; effective at the stated index-period start.
EV-457,Borsa Istanbul,11428,2020 yılı birinci üç aylık dönemi için BIST Pay Endeksleri kapsamında yer alacak paylarda değişiklik yapılmıştır,2019-12-17,2020-01-01,2020,2020Q1,IHLGM,IHLAS GAYRIMENKUL,REMOVE,XU100,SCHEDULED,https://www.borsaistanbul.com/duyuru/11428/2020-yili-birinci-uc-aylik-donemi-icin-bist-pay-endeksleri-kapsaminda-yer-alacak-paylarda-degisiklik-yapilmistir,2026-08-24T03:03:26Z,bist_duyuru_11428_2019-12-17.html,944d4f64344421362e2f1c6daa2cc9be655705e02c25fcf95235af34a846a883,104429,PRIVATE_LOCAL_RAW,PRIVATE_LOCAL_RAW:bist-membership/events/bist_duyuru_11428_2019-12-17.html,INSUFFICIENT_IDENTITY_EVIDENCE,ACQUIRED,Itemised in the periodic review announcement; effective at the stated index-period start.
EV-458,Borsa Istanbul,11428,2020 yılı birinci üç aylık dönemi için BIST Pay Endeksleri kapsamında yer alacak paylarda değişiklik yapılmıştır,2019-12-17,2020-01-01,2020,2020Q1,ITTFH,ITTIFAK HOLDING,REMOVE,XU100,SCHEDULED,https://www.borsaistanbul.com/duyuru/11428/2020-yili-birinci-uc-aylik-donemi-icin-bist-pay-endeksleri-kapsaminda-yer-alacak-paylarda-degisiklik-yapilmistir,2026-08-24T03:03:26Z,bist_duyuru_11428_2019-12-17.html,944d4f64344421362e2f1c6daa2cc9be655705e02c25fcf95235af34a846a883,104429,PRIVATE_LOCAL_RAW,PRIVATE_LOCAL_RAW:bist-membership/events/bist_duyuru_11428_2019-12-17.html,INSUFFICIENT_IDENTITY_EVIDENCE,ACQUIRED,Itemised in the periodic review announcement; effective at the stated index-period start.
EV-459,Borsa Istanbul,11428,2020 yılı birinci üç aylık dönemi için BIST Pay Endeksleri kapsamında yer alacak paylarda değişiklik yapılmıştır,2019-12-17,2020-01-01,2020,2020Q1,KONYA,KONYA CIMENTO,REMOVE,XU100,SCHEDULED,https://www.borsaistanbul.com/duyuru/11428/2020-yili-birinci-uc-aylik-donemi-icin-bist-pay-endeksleri-kapsaminda-yer-alacak-paylarda-degisiklik-yapilmistir,2026-08-24T03:03:26Z,bist_duyuru_11428_2019-12-17.html,944d4f64344421362e2f1c6daa2cc9be655705e02c25fcf95235af34a846a883,104429,PRIVATE_LOCAL_RAW,PRIVATE_LOCAL_RAW:bist-membership/events/bist_duyuru_11428_2019-12-17.html,INSUFFICIENT_IDENTITY_EVIDENCE,ACQUIRED,Itemised in the periodic review announcement; effective at the stated index-period start.
EV-460,Borsa Istanbul,11428,2020 yılı birinci üç aylık dönemi için BIST Pay Endeksleri kapsamında yer alacak paylarda değişiklik yapılmıştır,2019-12-17,2020-01-01,2020,2020Q1,METRO,METRO HOLDING,REMOVE,XU100,SCHEDULED,https://www.borsaistanbul.com/duyuru/11428/2020-yili-birinci-uc-aylik-donemi-icin-bist-pay-endeksleri-kapsaminda-yer-alacak-paylarda-degisiklik-yapilmistir,2026-08-24T03:03:26Z,bist_duyuru_11428_2019-12-17.html,944d4f64344421362e2f1c6daa2cc9be655705e02c25fcf95235af34a846a883,104429,PRIVATE_LOCAL_RAW,PRIVATE_LOCAL_RAW:bist-membership/events/bist_duyuru_11428_2019-12-17.html,INSUFFICIENT_IDENTITY_EVIDENCE,ACQUIRED,Itemised in the periodic review announcement; effective at the stated index-period start.
EV-461,Borsa Istanbul,11428,2020 yılı birinci üç aylık dönemi için BIST Pay Endeksleri kapsamında yer alacak paylarda değişiklik yapılmıştır,2019-12-17,2020-01-01,2020,2020Q1,PARSN,PARSAN,REMOVE,XU100,SCHEDULED,https://www.borsaistanbul.com/duyuru/11428/2020-yili-birinci-uc-aylik-donemi-icin-bist-pay-endeksleri-kapsaminda-yer-alacak-paylarda-degisiklik-yapilmistir,2026-08-24T03:03:26Z,bist_duyuru_11428_2019-12-17.html,944d4f64344421362e2f1c6daa2cc9be655705e02c25fcf95235af34a846a883,104429,PRIVATE_LOCAL_RAW,PRIVATE_LOCAL_RAW:bist-membership/events/bist_duyuru_11428_2019-12-17.html,INSUFFICIENT_IDENTITY_EVIDENCE,ACQUIRED,Itemised in the periodic review announcement; effective at the stated index-period start.
EV-462,Borsa Istanbul,11428,2020 yılı birinci üç aylık dönemi için BIST Pay Endeksleri kapsamında yer alacak paylarda değişiklik yapılmıştır,2019-12-17,2020-01-01,2020,2020Q1,POLHO,POLISAN HOLDING,REMOVE,XU100,SCHEDULED,https://www.borsaistanbul.com/duyuru/11428/2020-yili-birinci-uc-aylik-donemi-icin-bist-pay-endeksleri-kapsaminda-yer-alacak-paylarda-degisiklik-yapilmistir,2026-08-24T03:03:26Z,bist_duyuru_11428_2019-12-17.html,944d4f64344421362e2f1c6daa2cc9be655705e02c25fcf95235af34a846a883,104429,PRIVATE_LOCAL_RAW,PRIVATE_LOCAL_RAW:bist-membership/events/bist_duyuru_11428_2019-12-17.html,INSUFFICIENT_IDENTITY_EVIDENCE,ACQUIRED,Itemised in the periodic review announcement; effective at the stated index-period start.
EV-463,Borsa Istanbul,11428,2020 yılı birinci üç aylık dönemi için BIST Pay Endeksleri kapsamında yer alacak paylarda değişiklik yapılmıştır,2019-12-17,2020-01-01,2020,2020Q1,PRKME,PARK ELEK.MADENCILIK,REMOVE,XU100,SCHEDULED,https://www.borsaistanbul.com/duyuru/11428/2020-yili-birinci-uc-aylik-donemi-icin-bist-pay-endeksleri-kapsaminda-yer-alacak-paylarda-degisiklik-yapilmistir,2026-08-24T03:03:26Z,bist_duyuru_11428_2019-12-17.html,944d4f64344421362e2f1c6daa2cc9be655705e02c25fcf95235af34a846a883,104429,PRIVATE_LOCAL_RAW,PRIVATE_LOCAL_RAW:bist-membership/events/bist_duyuru_11428_2019-12-17.html,INSUFFICIENT_IDENTITY_EVIDENCE,ACQUIRED,Itemised in the periodic review announcement; effective at the stated index-period start.
EV-464,Borsa Istanbul,11428,2020 yılı birinci üç aylık dönemi için BIST Pay Endeksleri kapsamında yer alacak paylarda değişiklik yapılmıştır,2019-12-17,2020-01-01,2020,2020Q1,TUKAS,TUKAS,REMOVE,XU100,SCHEDULED,https://www.borsaistanbul.com/duyuru/11428/2020-yili-birinci-uc-aylik-donemi-icin-bist-pay-endeksleri-kapsaminda-yer-alacak-paylarda-degisiklik-yapilmistir,2026-08-24T03:03:26Z,bist_duyuru_11428_2019-12-17.html,944d4f64344421362e2f1c6daa2cc9be655705e02c25fcf95235af34a846a883,104429,PRIVATE_LOCAL_RAW,PRIVATE_LOCAL_RAW:bist-membership/events/bist_duyuru_11428_2019-12-17.html,INSUFFICIENT_IDENTITY_EVIDENCE,ACQUIRED,Itemised in the periodic review announcement; effective at the stated index-period start. The source prints the bulletin name identically to the share code for this row; recorded verbatim.
EV-465,Borsa Istanbul,11428,2020 yılı birinci üç aylık dönemi için BIST Pay Endeksleri kapsamında yer alacak paylarda değişiklik yapılmıştır,2019-12-17,2020-01-01,2020,2020Q1,VERUS,VERUSA HOLDING,REMOVE,XU100,SCHEDULED,https://www.borsaistanbul.com/duyuru/11428/2020-yili-birinci-uc-aylik-donemi-icin-bist-pay-endeksleri-kapsaminda-yer-alacak-paylarda-degisiklik-yapilmistir,2026-08-24T03:03:26Z,bist_duyuru_11428_2019-12-17.html,944d4f64344421362e2f1c6daa2cc9be655705e02c25fcf95235af34a846a883,104429,PRIVATE_LOCAL_RAW,PRIVATE_LOCAL_RAW:bist-membership/events/bist_duyuru_11428_2019-12-17.html,INSUFFICIENT_IDENTITY_EVIDENCE,ACQUIRED,Itemised in the periodic review announcement; effective at the stated index-period start.
EV-466,Borsa Istanbul,11428,2020 yılı birinci üç aylık dönemi için BIST Pay Endeksleri kapsamında yer alacak paylarda değişiklik yapılmıştır,2019-12-17,2020-01-01,2020,2020Q1,BOLUC,BOLU CIMENTO,OTHER_MEMBERSHIP_RELEVANT,XU100,SCHEDULED,https://www.borsaistanbul.com/duyuru/11428/2020-yili-birinci-uc-aylik-donemi-icin-bist-pay-endeksleri-kapsaminda-yer-alacak-paylarda-degisiklik-yapilmistir,2026-08-24T03:03:26Z,bist_duyuru_11428_2019-12-17.html,944d4f64344421362e2f1c6daa2cc9be655705e02c25fcf95235af34a846a883,104429,PRIVATE_LOCAL_RAW,PRIVATE_LOCAL_RAW:bist-membership/events/bist_duyuru_11428_2019-12-17.html,INSUFFICIENT_IDENTITY_EVIDENCE,ACQUIRED,"Reserve (yedek) list entry: an eligible substitute under rulebook art. 7, NOT a membership change and NOT a state."
EV-467,Borsa Istanbul,11428,2020 yılı birinci üç aylık dönemi için BIST Pay Endeksleri kapsamında yer alacak paylarda değişiklik yapılmıştır,2019-12-17,2020-01-01,2020,2020Q1,SARKY,SARKUYSAN,OTHER_MEMBERSHIP_RELEVANT,XU100,SCHEDULED,https://www.borsaistanbul.com/duyuru/11428/2020-yili-birinci-uc-aylik-donemi-icin-bist-pay-endeksleri-kapsaminda-yer-alacak-paylarda-degisiklik-yapilmistir,2026-08-24T03:03:26Z,bist_duyuru_11428_2019-12-17.html,944d4f64344421362e2f1c6daa2cc9be655705e02c25fcf95235af34a846a883,104429,PRIVATE_LOCAL_RAW,PRIVATE_LOCAL_RAW:bist-membership/events/bist_duyuru_11428_2019-12-17.html,INSUFFICIENT_IDENTITY_EVIDENCE,ACQUIRED,"Reserve (yedek) list entry: an eligible substitute under rulebook art. 7, NOT a membership change and NOT a state."
EV-468,Borsa Istanbul,11428,2020 yılı birinci üç aylık dönemi için BIST Pay Endeksleri kapsamında yer alacak paylarda değişiklik yapılmıştır,2019-12-17,2020-01-01,2020,2020Q1,VKGYO,VAKIF GMYO,OTHER_MEMBERSHIP_RELEVANT,XU100,SCHEDULED,https://www.borsaistanbul.com/duyuru/11428/2020-yili-birinci-uc-aylik-donemi-icin-bist-pay-endeksleri-kapsaminda-yer-alacak-paylarda-degisiklik-yapilmistir,2026-08-24T03:03:26Z,bist_duyuru_11428_2019-12-17.html,944d4f64344421362e2f1c6daa2cc9be655705e02c25fcf95235af34a846a883,104429,PRIVATE_LOCAL_RAW,PRIVATE_LOCAL_RAW:bist-membership/events/bist_duyuru_11428_2019-12-17.html,INSUFFICIENT_IDENTITY_EVIDENCE,ACQUIRED,"Reserve (yedek) list entry: an eligible substitute under rulebook art. 7, NOT a membership change and NOT a state."
EV-469,Borsa Istanbul,11428,2020 yılı birinci üç aylık dönemi için BIST Pay Endeksleri kapsamında yer alacak paylarda değişiklik yapılmıştır,2019-12-17,2020-01-01,2020,2020Q1,AEFES,ANADOLU EFES,ADD,XU050,SCHEDULED,https://www.borsaistanbul.com/duyuru/11428/2020-yili-birinci-uc-aylik-donemi-icin-bist-pay-endeksleri-kapsaminda-yer-alacak-paylarda-degisiklik-yapilmistir,2026-08-24T03:03:26Z,bist_duyuru_11428_2019-12-17.html,944d4f64344421362e2f1c6daa2cc9be655705e02c25fcf95235af34a846a883,104429,PRIVATE_LOCAL_RAW,PRIVATE_LOCAL_RAW:bist-membership/events/bist_duyuru_11428_2019-12-17.html,INSUFFICIENT_IDENTITY_EVIDENCE,ACQUIRED,Itemised in the periodic review announcement; effective at the stated index-period start.
EV-470,Borsa Istanbul,11428,2020 yılı birinci üç aylık dönemi için BIST Pay Endeksleri kapsamında yer alacak paylarda değişiklik yapılmıştır,2019-12-17,2020-01-01,2020,2020Q1,AGHOL,ANADOLU GRUBU HOLDING,ADD,XU050,SCHEDULED,https://www.borsaistanbul.com/duyuru/11428/2020-yili-birinci-uc-aylik-donemi-icin-bist-pay-endeksleri-kapsaminda-yer-alacak-paylarda-degisiklik-yapilmistir,2026-08-24T03:03:26Z,bist_duyuru_11428_2019-12-17.html,944d4f64344421362e2f1c6daa2cc9be655705e02c25fcf95235af34a846a883,104429,PRIVATE_LOCAL_RAW,PRIVATE_LOCAL_RAW:bist-membership/events/bist_duyuru_11428_2019-12-17.html,INSUFFICIENT_IDENTITY_EVIDENCE,ACQUIRED,Itemised in the periodic review announcement; effective at the stated index-period start.
EV-471,Borsa Istanbul,11428,2020 yılı birinci üç aylık dönemi için BIST Pay Endeksleri kapsamında yer alacak paylarda değişiklik yapılmıştır,2019-12-17,2020-01-01,2020,2020Q1,ANACM,ANADOLU CAM,ADD,XU050,SCHEDULED,https://www.borsaistanbul.com/duyuru/11428/2020-yili-birinci-uc-aylik-donemi-icin-bist-pay-endeksleri-kapsaminda-yer-alacak-paylarda-degisiklik-yapilmistir,2026-08-24T03:03:26Z,bist_duyuru_11428_2019-12-17.html,944d4f64344421362e2f1c6daa2cc9be655705e02c25fcf95235af34a846a883,104429,PRIVATE_LOCAL_RAW,PRIVATE_LOCAL_RAW:bist-membership/events/bist_duyuru_11428_2019-12-17.html,INSUFFICIENT_IDENTITY_EVIDENCE,ACQUIRED,Itemised in the periodic review announcement; effective at the stated index-period start.
EV-472,Borsa Istanbul,11428,2020 yılı birinci üç aylık dönemi için BIST Pay Endeksleri kapsamında yer alacak paylarda değişiklik yapılmıştır,2019-12-17,2020-01-01,2020,2020Q1,ENKAI,ENKA INSAAT,ADD,XU050,SCHEDULED,https://www.borsaistanbul.com/duyuru/11428/2020-yili-birinci-uc-aylik-donemi-icin-bist-pay-endeksleri-kapsaminda-yer-alacak-paylarda-degisiklik-yapilmistir,2026-08-24T03:03:26Z,bist_duyuru_11428_2019-12-17.html,944d4f64344421362e2f1c6daa2cc9be655705e02c25fcf95235af34a846a883,104429,PRIVATE_LOCAL_RAW,PRIVATE_LOCAL_RAW:bist-membership/events/bist_duyuru_11428_2019-12-17.html,INSUFFICIENT_IDENTITY_EVIDENCE,ACQUIRED,Itemised in the periodic review announcement; effective at the stated index-period start.
EV-473,Borsa Istanbul,11428,2020 yılı birinci üç aylık dönemi için BIST Pay Endeksleri kapsamında yer alacak paylarda değişiklik yapılmıştır,2019-12-17,2020-01-01,2020,2020Q1,HEKTS,HEKTAS,ADD,XU050,SCHEDULED,https://www.borsaistanbul.com/duyuru/11428/2020-yili-birinci-uc-aylik-donemi-icin-bist-pay-endeksleri-kapsaminda-yer-alacak-paylarda-degisiklik-yapilmistir,2026-08-24T03:03:26Z,bist_duyuru_11428_2019-12-17.html,944d4f64344421362e2f1c6daa2cc9be655705e02c25fcf95235af34a846a883,104429,PRIVATE_LOCAL_RAW,PRIVATE_LOCAL_RAW:bist-membership/events/bist_duyuru_11428_2019-12-17.html,INSUFFICIENT_IDENTITY_EVIDENCE,ACQUIRED,Itemised in the periodic review announcement; effective at the stated index-period start.
EV-474,Borsa Istanbul,11428,2020 yılı birinci üç aylık dönemi için BIST Pay Endeksleri kapsamında yer alacak paylarda değişiklik yapılmıştır,2019-12-17,2020-01-01,2020,2020Q1,AKSEN,AKSA ENERJI,REMOVE,XU050,SCHEDULED,https://www.borsaistanbul.com/duyuru/11428/2020-yili-birinci-uc-aylik-donemi-icin-bist-pay-endeksleri-kapsaminda-yer-alacak-paylarda-degisiklik-yapilmistir,2026-08-24T03:03:26Z,bist_duyuru_11428_2019-12-17.html,944d4f64344421362e2f1c6daa2cc9be655705e02c25fcf95235af34a846a883,104429,PRIVATE_LOCAL_RAW,PRIVATE_LOCAL_RAW:bist-membership/events/bist_duyuru_11428_2019-12-17.html,INSUFFICIENT_IDENTITY_EVIDENCE,ACQUIRED,Itemised in the periodic review announcement; effective at the stated index-period start.
EV-475,Borsa Istanbul,11428,2020 yılı birinci üç aylık dönemi için BIST Pay Endeksleri kapsamında yer alacak paylarda değişiklik yapılmıştır,2019-12-17,2020-01-01,2020,2020Q1,GLYHO,GLOBAL YAT. HOLDING,REMOVE,XU050,SCHEDULED,https://www.borsaistanbul.com/duyuru/11428/2020-yili-birinci-uc-aylik-donemi-icin-bist-pay-endeksleri-kapsaminda-yer-alacak-paylarda-degisiklik-yapilmistir,2026-08-24T03:03:26Z,bist_duyuru_11428_2019-12-17.html,944d4f64344421362e2f1c6daa2cc9be655705e02c25fcf95235af34a846a883,104429,PRIVATE_LOCAL_RAW,PRIVATE_LOCAL_RAW:bist-membership/events/bist_duyuru_11428_2019-12-17.html,INSUFFICIENT_IDENTITY_EVIDENCE,ACQUIRED,Itemised in the periodic review announcement; effective at the stated index-period start.
EV-476,Borsa Istanbul,11428,2020 yılı birinci üç aylık dönemi için BIST Pay Endeksleri kapsamında yer alacak paylarda değişiklik yapılmıştır,2019-12-17,2020-01-01,2020,2020Q1,IHLAS,IHLAS HOLDING,REMOVE,XU050,SCHEDULED,https://www.borsaistanbul.com/duyuru/11428/2020-yili-birinci-uc-aylik-donemi-icin-bist-pay-endeksleri-kapsaminda-yer-alacak-paylarda-degisiklik-yapilmistir,2026-08-24T03:03:26Z,bist_duyuru_11428_2019-12-17.html,944d4f64344421362e2f1c6daa2cc9be655705e02c25fcf95235af34a846a883,104429,PRIVATE_LOCAL_RAW,PRIVATE_LOCAL_RAW:bist-membership/events/bist_duyuru_11428_2019-12-17.html,INSUFFICIENT_IDENTITY_EVIDENCE,ACQUIRED,Itemised in the periodic review announcement; effective at the stated index-period start.
EV-477,Borsa Istanbul,11428,2020 yılı birinci üç aylık dönemi için BIST Pay Endeksleri kapsamında yer alacak paylarda değişiklik yapılmıştır,2019-12-17,2020-01-01,2020,2020Q1,POLHO,POLISAN HOLDING,REMOVE,XU050,SCHEDULED,https://www.borsaistanbul.com/duyuru/11428/2020-yili-birinci-uc-aylik-donemi-icin-bist-pay-endeksleri-kapsaminda-yer-alacak-paylarda-degisiklik-yapilmistir,2026-08-24T03:03:26Z,bist_duyuru_11428_2019-12-17.html,944d4f64344421362e2f1c6daa2cc9be655705e02c25fcf95235af34a846a883,104429,PRIVATE_LOCAL_RAW,PRIVATE_LOCAL_RAW:bist-membership/events/bist_duyuru_11428_2019-12-17.html,INSUFFICIENT_IDENTITY_EVIDENCE,ACQUIRED,Itemised in the periodic review announcement; effective at the stated index-period start.
EV-478,Borsa Istanbul,11428,2020 yılı birinci üç aylık dönemi için BIST Pay Endeksleri kapsamında yer alacak paylarda değişiklik yapılmıştır,2019-12-17,2020-01-01,2020,2020Q1,VERUS,VERUSA HOLDING,REMOVE,XU050,SCHEDULED,https://www.borsaistanbul.com/duyuru/11428/2020-yili-birinci-uc-aylik-donemi-icin-bist-pay-endeksleri-kapsaminda-yer-alacak-paylarda-degisiklik-yapilmistir,2026-08-24T03:03:26Z,bist_duyuru_11428_2019-12-17.html,944d4f64344421362e2f1c6daa2cc9be655705e02c25fcf95235af34a846a883,104429,PRIVATE_LOCAL_RAW,PRIVATE_LOCAL_RAW:bist-membership/events/bist_duyuru_11428_2019-12-17.html,INSUFFICIENT_IDENTITY_EVIDENCE,ACQUIRED,Itemised in the periodic review announcement; effective at the stated index-period start.
EV-479,Borsa Istanbul,11428,2020 yılı birinci üç aylık dönemi için BIST Pay Endeksleri kapsamında yer alacak paylarda değişiklik yapılmıştır,2019-12-17,2020-01-01,2020,2020Q1,TRGYO,TORUNLAR GMYO,OTHER_MEMBERSHIP_RELEVANT,XU050,SCHEDULED,https://www.borsaistanbul.com/duyuru/11428/2020-yili-birinci-uc-aylik-donemi-icin-bist-pay-endeksleri-kapsaminda-yer-alacak-paylarda-degisiklik-yapilmistir,2026-08-24T03:03:26Z,bist_duyuru_11428_2019-12-17.html,944d4f64344421362e2f1c6daa2cc9be655705e02c25fcf95235af34a846a883,104429,PRIVATE_LOCAL_RAW,PRIVATE_LOCAL_RAW:bist-membership/events/bist_duyuru_11428_2019-12-17.html,INSUFFICIENT_IDENTITY_EVIDENCE,ACQUIRED,"Reserve (yedek) list entry: an eligible substitute under rulebook art. 7, NOT a membership change and NOT a state."
EV-480,Borsa Istanbul,11428,2020 yılı birinci üç aylık dönemi için BIST Pay Endeksleri kapsamında yer alacak paylarda değişiklik yapılmıştır,2019-12-17,2020-01-01,2020,2020Q1,ECILC,ECZACIBASI ILAC,OTHER_MEMBERSHIP_RELEVANT,XU050,SCHEDULED,https://www.borsaistanbul.com/duyuru/11428/2020-yili-birinci-uc-aylik-donemi-icin-bist-pay-endeksleri-kapsaminda-yer-alacak-paylarda-degisiklik-yapilmistir,2026-08-24T03:03:26Z,bist_duyuru_11428_2019-12-17.html,944d4f64344421362e2f1c6daa2cc9be655705e02c25fcf95235af34a846a883,104429,PRIVATE_LOCAL_RAW,PRIVATE_LOCAL_RAW:bist-membership/events/bist_duyuru_11428_2019-12-17.html,INSUFFICIENT_IDENTITY_EVIDENCE,ACQUIRED,"Reserve (yedek) list entry: an eligible substitute under rulebook art. 7, NOT a membership change and NOT a state."
EV-481,Borsa Istanbul,11428,2020 yılı birinci üç aylık dönemi için BIST Pay Endeksleri kapsamında yer alacak paylarda değişiklik yapılmıştır,2019-12-17,2020-01-01,2020,2020Q1,ISDMR,ISKENDERUN DEMIR CELIK,OTHER_MEMBERSHIP_RELEVANT,XU050,SCHEDULED,https://www.borsaistanbul.com/duyuru/11428/2020-yili-birinci-uc-aylik-donemi-icin-bist-pay-endeksleri-kapsaminda-yer-alacak-paylarda-degisiklik-yapilmistir,2026-08-24T03:03:26Z,bist_duyuru_11428_2019-12-17.html,944d4f64344421362e2f1c6daa2cc9be655705e02c25fcf95235af34a846a883,104429,PRIVATE_LOCAL_RAW,PRIVATE_LOCAL_RAW:bist-membership/events/bist_duyuru_11428_2019-12-17.html,INSUFFICIENT_IDENTITY_EVIDENCE,ACQUIRED,"Reserve (yedek) list entry: an eligible substitute under rulebook art. 7, NOT a membership change and NOT a state."
EV-482,Borsa Istanbul,11428,2020 yılı birinci üç aylık dönemi için BIST Pay Endeksleri kapsamında yer alacak paylarda değişiklik yapılmıştır,2019-12-17,2020-01-01,2020,2020Q1,MGROS,MIGROS TICARET,OTHER_MEMBERSHIP_RELEVANT,XU030,SCHEDULED,https://www.borsaistanbul.com/duyuru/11428/2020-yili-birinci-uc-aylik-donemi-icin-bist-pay-endeksleri-kapsaminda-yer-alacak-paylarda-degisiklik-yapilmistir,2026-08-24T03:03:26Z,bist_duyuru_11428_2019-12-17.html,944d4f64344421362e2f1c6daa2cc9be655705e02c25fcf95235af34a846a883,104429,PRIVATE_LOCAL_RAW,PRIVATE_LOCAL_RAW:bist-membership/events/bist_duyuru_11428_2019-12-17.html,INSUFFICIENT_IDENTITY_EVIDENCE,ACQUIRED,"Reserve (yedek) list entry: an eligible substitute under rulebook art. 7, NOT a membership change and NOT a state."
EV-483,Borsa Istanbul,11428,2020 yılı birinci üç aylık dönemi için BIST Pay Endeksleri kapsamında yer alacak paylarda değişiklik yapılmıştır,2019-12-17,2020-01-01,2020,2020Q1,TRKCM,TRAKYA CAM,OTHER_MEMBERSHIP_RELEVANT,XU030,SCHEDULED,https://www.borsaistanbul.com/duyuru/11428/2020-yili-birinci-uc-aylik-donemi-icin-bist-pay-endeksleri-kapsaminda-yer-alacak-paylarda-degisiklik-yapilmistir,2026-08-24T03:03:26Z,bist_duyuru_11428_2019-12-17.html,944d4f64344421362e2f1c6daa2cc9be655705e02c25fcf95235af34a846a883,104429,PRIVATE_LOCAL_RAW,PRIVATE_LOCAL_RAW:bist-membership/events/bist_duyuru_11428_2019-12-17.html,INSUFFICIENT_IDENTITY_EVIDENCE,ACQUIRED,"Reserve (yedek) list entry: an eligible substitute under rulebook art. 7, NOT a membership change and NOT a state."
EV-484,Borsa Istanbul,11428,2020 yılı birinci üç aylık dönemi için BIST Pay Endeksleri kapsamında yer alacak paylarda değişiklik yapılmıştır,2019-12-17,2020-01-01,2020,2020Q1,ENJSA,ENERJISA ENERJI,OTHER_MEMBERSHIP_RELEVANT,XU030,SCHEDULED,https://www.borsaistanbul.com/duyuru/11428/2020-yili-birinci-uc-aylik-donemi-icin-bist-pay-endeksleri-kapsaminda-yer-alacak-paylarda-degisiklik-yapilmistir,2026-08-24T03:03:26Z,bist_duyuru_11428_2019-12-17.html,944d4f64344421362e2f1c6daa2cc9be655705e02c25fcf95235af34a846a883,104429,PRIVATE_LOCAL_RAW,PRIVATE_LOCAL_RAW:bist-membership/events/bist_duyuru_11428_2019-12-17.html,INSUFFICIENT_IDENTITY_EVIDENCE,ACQUIRED,"Reserve (yedek) list entry: an eligible substitute under rulebook art. 7, NOT a membership change and NOT a state."
EV-485,Borsa Istanbul,12557,2020 yılı ikinci üç aylık dönemi için BIST Pay Endeksleri kapsamında yer alacak paylarda değişiklik yapılmıştır,2020-03-19,2020-04-01,2020,2020Q2,NA,NA,REVIEW_SCHEDULE,XU030;XU050;XU100,SCHEDULED,https://www.borsaistanbul.com/duyuru/12557/2020-yili-ikinci-uc-aylik-donemi-icin-bist-pay-endeksleri-kapsaminda-yer-alacak-paylarda-degisiklik-yapilmistir,2026-08-24T03:03:26Z,bist_duyuru_12557_2020-03-19.html,a5cd397b940048d650bbea9a612c6976b284ea49e1012d3a414e4d904ca23e3f,76667,PRIVATE_LOCAL_RAW,PRIVATE_LOCAL_RAW:bist-membership/events/bist_duyuru_12557_2020-03-19.html,NA,ACQUIRED,"Periodic review announcement. The document states the index period explicitly as 2020-04-01 to 2020-06-30; effective_date is that stated period start, not the publication date. Additions and removals are equal in number in every transcribed table, consistent with rulebook art. 6(c)/(d). Tables for BIST LİKİT BANKA ENDEKSİ, BIST BANKA DIŞI LİKİT 10 ENDEKSİ are present in the source but were NOT transcribed: no first-party index code was established for them."
EV-486,Borsa Istanbul,12557,2020 yılı ikinci üç aylık dönemi için BIST Pay Endeksleri kapsamında yer alacak paylarda değişiklik yapılmıştır,2020-03-19,2020-04-01,2020,2020Q2,AKCNS,AKCANSA,ADD,XU100,SCHEDULED,https://www.borsaistanbul.com/duyuru/12557/2020-yili-ikinci-uc-aylik-donemi-icin-bist-pay-endeksleri-kapsaminda-yer-alacak-paylarda-degisiklik-yapilmistir,2026-08-24T03:03:26Z,bist_duyuru_12557_2020-03-19.html,a5cd397b940048d650bbea9a612c6976b284ea49e1012d3a414e4d904ca23e3f,76667,PRIVATE_LOCAL_RAW,PRIVATE_LOCAL_RAW:bist-membership/events/bist_duyuru_12557_2020-03-19.html,INSUFFICIENT_IDENTITY_EVIDENCE,ACQUIRED,Itemised in the periodic review announcement; effective at the stated index-period start.
EV-487,Borsa Istanbul,12557,2020 yılı ikinci üç aylık dönemi için BIST Pay Endeksleri kapsamında yer alacak paylarda değişiklik yapılmıştır,2020-03-19,2020-04-01,2020,2020Q2,GLYHO,GLOBAL YAT. HOLDING,ADD,XU100,SCHEDULED,https://www.borsaistanbul.com/duyuru/12557/2020-yili-ikinci-uc-aylik-donemi-icin-bist-pay-endeksleri-kapsaminda-yer-alacak-paylarda-degisiklik-yapilmistir,2026-08-24T03:03:26Z,bist_duyuru_12557_2020-03-19.html,a5cd397b940048d650bbea9a612c6976b284ea49e1012d3a414e4d904ca23e3f,76667,PRIVATE_LOCAL_RAW,PRIVATE_LOCAL_RAW:bist-membership/events/bist_duyuru_12557_2020-03-19.html,INSUFFICIENT_IDENTITY_EVIDENCE,ACQUIRED,Itemised in the periodic review announcement; effective at the stated index-period start.
EV-488,Borsa Istanbul,12557,2020 yılı ikinci üç aylık dönemi için BIST Pay Endeksleri kapsamında yer alacak paylarda değişiklik yapılmıştır,2020-03-19,2020-04-01,2020,2020Q2,OZKGY,OZAK GMYO,ADD,XU100,SCHEDULED,https://www.borsaistanbul.com/duyuru/12557/2020-yili-ikinci-uc-aylik-donemi-icin-bist-pay-endeksleri-kapsaminda-yer-alacak-paylarda-degisiklik-yapilmistir,2026-08-24T03:03:26Z,bist_duyuru_12557_2020-03-19.html,a5cd397b940048d650bbea9a612c6976b284ea49e1012d3a414e4d904ca23e3f,76667,PRIVATE_LOCAL_RAW,PRIVATE_LOCAL_RAW:bist-membership/events/bist_duyuru_12557_2020-03-19.html,INSUFFICIENT_IDENTITY_EVIDENCE,ACQUIRED,Itemised in the periodic review announcement; effective at the stated index-period start.
EV-489,Borsa Istanbul,12557,2020 yılı ikinci üç aylık dönemi için BIST Pay Endeksleri kapsamında yer alacak paylarda değişiklik yapılmıştır,2020-03-19,2020-04-01,2020,2020Q2,RYGYO,REYSAS GMYO,ADD,XU100,SCHEDULED,https://www.borsaistanbul.com/duyuru/12557/2020-yili-ikinci-uc-aylik-donemi-icin-bist-pay-endeksleri-kapsaminda-yer-alacak-paylarda-degisiklik-yapilmistir,2026-08-24T03:03:26Z,bist_duyuru_12557_2020-03-19.html,a5cd397b940048d650bbea9a612c6976b284ea49e1012d3a414e4d904ca23e3f,76667,PRIVATE_LOCAL_RAW,PRIVATE_LOCAL_RAW:bist-membership/events/bist_duyuru_12557_2020-03-19.html,INSUFFICIENT_IDENTITY_EVIDENCE,ACQUIRED,Itemised in the periodic review announcement; effective at the stated index-period start.
EV-490,Borsa Istanbul,12557,2020 yılı ikinci üç aylık dönemi için BIST Pay Endeksleri kapsamında yer alacak paylarda değişiklik yapılmıştır,2020-03-19,2020-04-01,2020,2020Q2,SELEC,SELCUK ECZA DEPOSU,ADD,XU100,SCHEDULED,https://www.borsaistanbul.com/duyuru/12557/2020-yili-ikinci-uc-aylik-donemi-icin-bist-pay-endeksleri-kapsaminda-yer-alacak-paylarda-degisiklik-yapilmistir,2026-08-24T03:03:26Z,bist_duyuru_12557_2020-03-19.html,a5cd397b940048d650bbea9a612c6976b284ea49e1012d3a414e4d904ca23e3f,76667,PRIVATE_LOCAL_RAW,PRIVATE_LOCAL_RAW:bist-membership/events/bist_duyuru_12557_2020-03-19.html,INSUFFICIENT_IDENTITY_EVIDENCE,ACQUIRED,Itemised in the periodic review announcement; effective at the stated index-period start.
EV-491,Borsa Istanbul,12557,2020 yılı ikinci üç aylık dönemi için BIST Pay Endeksleri kapsamında yer alacak paylarda değişiklik yapılmıştır,2020-03-19,2020-04-01,2020,2020Q2,BTCIM,BATI CIMENTO,REMOVE,XU100,SCHEDULED,https://www.borsaistanbul.com/duyuru/12557/2020-yili-ikinci-uc-aylik-donemi-icin-bist-pay-endeksleri-kapsaminda-yer-alacak-paylarda-degisiklik-yapilmistir,2026-08-24T03:03:26Z,bist_duyuru_12557_2020-03-19.html,a5cd397b940048d650bbea9a612c6976b284ea49e1012d3a414e4d904ca23e3f,76667,PRIVATE_LOCAL_RAW,PRIVATE_LOCAL_RAW:bist-membership/events/bist_duyuru_12557_2020-03-19.html,INSUFFICIENT_IDENTITY_EVIDENCE,ACQUIRED,Itemised in the periodic review announcement; effective at the stated index-period start.
EV-492,Borsa Istanbul,12557,2020 yılı ikinci üç aylık dönemi için BIST Pay Endeksleri kapsamında yer alacak paylarda değişiklik yapılmıştır,2020-03-19,2020-04-01,2020,2020Q2,ERBOS,ERBOSAN,REMOVE,XU100,SCHEDULED,https://www.borsaistanbul.com/duyuru/12557/2020-yili-ikinci-uc-aylik-donemi-icin-bist-pay-endeksleri-kapsaminda-yer-alacak-paylarda-degisiklik-yapilmistir,2026-08-24T03:03:26Z,bist_duyuru_12557_2020-03-19.html,a5cd397b940048d650bbea9a612c6976b284ea49e1012d3a414e4d904ca23e3f,76667,PRIVATE_LOCAL_RAW,PRIVATE_LOCAL_RAW:bist-membership/events/bist_duyuru_12557_2020-03-19.html,INSUFFICIENT_IDENTITY_EVIDENCE,ACQUIRED,Itemised in the periodic review announcement; effective at the stated index-period start.
EV-493,Borsa Istanbul,12557,2020 yılı ikinci üç aylık dönemi için BIST Pay Endeksleri kapsamında yer alacak paylarda değişiklik yapılmıştır,2020-03-19,2020-04-01,2020,2020Q2,GSDHO,GSD HOLDING,REMOVE,XU100,SCHEDULED,https://www.borsaistanbul.com/duyuru/12557/2020-yili-ikinci-uc-aylik-donemi-icin-bist-pay-endeksleri-kapsaminda-yer-alacak-paylarda-degisiklik-yapilmistir,2026-08-24T03:03:26Z,bist_duyuru_12557_2020-03-19.html,a5cd397b940048d650bbea9a612c6976b284ea49e1012d3a414e4d904ca23e3f,76667,PRIVATE_LOCAL_RAW,PRIVATE_LOCAL_RAW:bist-membership/events/bist_duyuru_12557_2020-03-19.html,INSUFFICIENT_IDENTITY_EVIDENCE,ACQUIRED,Itemised in the periodic review announcement; effective at the stated index-period start.
EV-494,Borsa Istanbul,12557,2020 yılı ikinci üç aylık dönemi için BIST Pay Endeksleri kapsamında yer alacak paylarda değişiklik yapılmıştır,2020-03-19,2020-04-01,2020,2020Q2,INDES,INDEKS BILGISAYAR,REMOVE,XU100,SCHEDULED,https://www.borsaistanbul.com/duyuru/12557/2020-yili-ikinci-uc-aylik-donemi-icin-bist-pay-endeksleri-kapsaminda-yer-alacak-paylarda-degisiklik-yapilmistir,2026-08-24T03:03:26Z,bist_duyuru_12557_2020-03-19.html,a5cd397b940048d650bbea9a612c6976b284ea49e1012d3a414e4d904ca23e3f,76667,PRIVATE_LOCAL_RAW,PRIVATE_LOCAL_RAW:bist-membership/events/bist_duyuru_12557_2020-03-19.html,INSUFFICIENT_IDENTITY_EVIDENCE,ACQUIRED,Itemised in the periodic review announcement; effective at the stated index-period start.
EV-495,Borsa Istanbul,12557,2020 yılı ikinci üç aylık dönemi için BIST Pay Endeksleri kapsamında yer alacak paylarda değişiklik yapılmıştır,2020-03-19,2020-04-01,2020,2020Q2,TRCAS,TURCAS PETROL,REMOVE,XU100,SCHEDULED,https://www.borsaistanbul.com/duyuru/12557/2020-yili-ikinci-uc-aylik-donemi-icin-bist-pay-endeksleri-kapsaminda-yer-alacak-paylarda-degisiklik-yapilmistir,2026-08-24T03:03:26Z,bist_duyuru_12557_2020-03-19.html,a5cd397b940048d650bbea9a612c6976b284ea49e1012d3a414e4d904ca23e3f,76667,PRIVATE_LOCAL_RAW,PRIVATE_LOCAL_RAW:bist-membership/events/bist_duyuru_12557_2020-03-19.html,INSUFFICIENT_IDENTITY_EVIDENCE,ACQUIRED,Itemised in the periodic review announcement; effective at the stated index-period start.
EV-496,Borsa Istanbul,12557,2020 yılı ikinci üç aylık dönemi için BIST Pay Endeksleri kapsamında yer alacak paylarda değişiklik yapılmıştır,2020-03-19,2020-04-01,2020,2020Q2,SARKY,SARKUYSAN,OTHER_MEMBERSHIP_RELEVANT,XU100,SCHEDULED,https://www.borsaistanbul.com/duyuru/12557/2020-yili-ikinci-uc-aylik-donemi-icin-bist-pay-endeksleri-kapsaminda-yer-alacak-paylarda-degisiklik-yapilmistir,2026-08-24T03:03:26Z,bist_duyuru_12557_2020-03-19.html,a5cd397b940048d650bbea9a612c6976b284ea49e1012d3a414e4d904ca23e3f,76667,PRIVATE_LOCAL_RAW,PRIVATE_LOCAL_RAW:bist-membership/events/bist_duyuru_12557_2020-03-19.html,INSUFFICIENT_IDENTITY_EVIDENCE,ACQUIRED,"Reserve (yedek) list entry: an eligible substitute under rulebook art. 7, NOT a membership change and NOT a state."
EV-497,Borsa Istanbul,12557,2020 yılı ikinci üç aylık dönemi için BIST Pay Endeksleri kapsamında yer alacak paylarda değişiklik yapılmıştır,2020-03-19,2020-04-01,2020,2020Q2,KONYA,KONYA CIMENTO,OTHER_MEMBERSHIP_RELEVANT,XU100,SCHEDULED,https://www.borsaistanbul.com/duyuru/12557/2020-yili-ikinci-uc-aylik-donemi-icin-bist-pay-endeksleri-kapsaminda-yer-alacak-paylarda-degisiklik-yapilmistir,2026-08-24T03:03:26Z,bist_duyuru_12557_2020-03-19.html,a5cd397b940048d650bbea9a612c6976b284ea49e1012d3a414e4d904ca23e3f,76667,PRIVATE_LOCAL_RAW,PRIVATE_LOCAL_RAW:bist-membership/events/bist_duyuru_12557_2020-03-19.html,INSUFFICIENT_IDENTITY_EVIDENCE,ACQUIRED,"Reserve (yedek) list entry: an eligible substitute under rulebook art. 7, NOT a membership change and NOT a state."
EV-498,Borsa Istanbul,12557,2020 yılı ikinci üç aylık dönemi için BIST Pay Endeksleri kapsamında yer alacak paylarda değişiklik yapılmıştır,2020-03-19,2020-04-01,2020,2020Q2,AVISA,AVIVASA EMEKLILIK HAYAT,OTHER_MEMBERSHIP_RELEVANT,XU100,SCHEDULED,https://www.borsaistanbul.com/duyuru/12557/2020-yili-ikinci-uc-aylik-donemi-icin-bist-pay-endeksleri-kapsaminda-yer-alacak-paylarda-degisiklik-yapilmistir,2026-08-24T03:03:26Z,bist_duyuru_12557_2020-03-19.html,a5cd397b940048d650bbea9a612c6976b284ea49e1012d3a414e4d904ca23e3f,76667,PRIVATE_LOCAL_RAW,PRIVATE_LOCAL_RAW:bist-membership/events/bist_duyuru_12557_2020-03-19.html,INSUFFICIENT_IDENTITY_EVIDENCE,ACQUIRED,"Reserve (yedek) list entry: an eligible substitute under rulebook art. 7, NOT a membership change and NOT a state."
EV-499,Borsa Istanbul,12557,2020 yılı ikinci üç aylık dönemi için BIST Pay Endeksleri kapsamında yer alacak paylarda değişiklik yapılmıştır,2020-03-19,2020-04-01,2020,2020Q2,GUBRF,GUBRE FABRIK.,ADD,XU050,SCHEDULED,https://www.borsaistanbul.com/duyuru/12557/2020-yili-ikinci-uc-aylik-donemi-icin-bist-pay-endeksleri-kapsaminda-yer-alacak-paylarda-degisiklik-yapilmistir,2026-08-24T03:03:26Z,bist_duyuru_12557_2020-03-19.html,a5cd397b940048d650bbea9a612c6976b284ea49e1012d3a414e4d904ca23e3f,76667,PRIVATE_LOCAL_RAW,PRIVATE_LOCAL_RAW:bist-membership/events/bist_duyuru_12557_2020-03-19.html,INSUFFICIENT_IDENTITY_EVIDENCE,ACQUIRED,Itemised in the periodic review announcement; effective at the stated index-period start.
EV-500,Borsa Istanbul,12557,2020 yılı ikinci üç aylık dönemi için BIST Pay Endeksleri kapsamında yer alacak paylarda değişiklik yapılmıştır,2020-03-19,2020-04-01,2020,2020Q2,ODAS,ODAS ELEKTRIK,ADD,XU050,SCHEDULED,https://www.borsaistanbul.com/duyuru/12557/2020-yili-ikinci-uc-aylik-donemi-icin-bist-pay-endeksleri-kapsaminda-yer-alacak-paylarda-degisiklik-yapilmistir,2026-08-24T03:03:26Z,bist_duyuru_12557_2020-03-19.html,a5cd397b940048d650bbea9a612c6976b284ea49e1012d3a414e4d904ca23e3f,76667,PRIVATE_LOCAL_RAW,PRIVATE_LOCAL_RAW:bist-membership/events/bist_duyuru_12557_2020-03-19.html,INSUFFICIENT_IDENTITY_EVIDENCE,ACQUIRED,Itemised in the periodic review announcement; effective at the stated index-period start.
EV-501,Borsa Istanbul,12557,2020 yılı ikinci üç aylık dönemi için BIST Pay Endeksleri kapsamında yer alacak paylarda değişiklik yapılmıştır,2020-03-19,2020-04-01,2020,2020Q2,TTRAK,TURK TRAKTOR,REMOVE,XU050,SCHEDULED,https://www.borsaistanbul.com/duyuru/12557/2020-yili-ikinci-uc-aylik-donemi-icin-bist-pay-endeksleri-kapsaminda-yer-alacak-paylarda-degisiklik-yapilmistir,2026-08-24T03:03:26Z,bist_duyuru_12557_2020-03-19.html,a5cd397b940048d650bbea9a612c6976b284ea49e1012d3a414e4d904ca23e3f,76667,PRIVATE_LOCAL_RAW,PRIVATE_LOCAL_RAW:bist-membership/events/bist_duyuru_12557_2020-03-19.html,INSUFFICIENT_IDENTITY_EVIDENCE,ACQUIRED,Itemised in the periodic review announcement; effective at the stated index-period start.
EV-502,Borsa Istanbul,12557,2020 yılı ikinci üç aylık dönemi için BIST Pay Endeksleri kapsamında yer alacak paylarda değişiklik yapılmıştır,2020-03-19,2020-04-01,2020,2020Q2,ZOREN,ZORLU ENERJI,REMOVE,XU050,SCHEDULED,https://www.borsaistanbul.com/duyuru/12557/2020-yili-ikinci-uc-aylik-donemi-icin-bist-pay-endeksleri-kapsaminda-yer-alacak-paylarda-degisiklik-yapilmistir,2026-08-24T03:03:26Z,bist_duyuru_12557_2020-03-19.html,a5cd397b940048d650bbea9a612c6976b284ea49e1012d3a414e4d904ca23e3f,76667,PRIVATE_LOCAL_RAW,PRIVATE_LOCAL_RAW:bist-membership/events/bist_duyuru_12557_2020-03-19.html,INSUFFICIENT_IDENTITY_EVIDENCE,ACQUIRED,Itemised in the periodic review announcement; effective at the stated index-period start.
EV-503,Borsa Istanbul,12557,2020 yılı ikinci üç aylık dönemi için BIST Pay Endeksleri kapsamında yer alacak paylarda değişiklik yapılmıştır,2020-03-19,2020-04-01,2020,2020Q2,ALBRK,ALBARAKA TURK,OTHER_MEMBERSHIP_RELEVANT,XU050,SCHEDULED,https://www.borsaistanbul.com/duyuru/12557/2020-yili-ikinci-uc-aylik-donemi-icin-bist-pay-endeksleri-kapsaminda-yer-alacak-paylarda-degisiklik-yapilmistir,2026-08-24T03:03:26Z,bist_duyuru_12557_2020-03-19.html,a5cd397b940048d650bbea9a612c6976b284ea49e1012d3a414e4d904ca23e3f,76667,PRIVATE_LOCAL_RAW,PRIVATE_LOCAL_RAW:bist-membership/events/bist_duyuru_12557_2020-03-19.html,INSUFFICIENT_IDENTITY_EVIDENCE,ACQUIRED,"Reserve (yedek) list entry: an eligible substitute under rulebook art. 7, NOT a membership change and NOT a state."
EV-504,Borsa Istanbul,12557,2020 yılı ikinci üç aylık dönemi için BIST Pay Endeksleri kapsamında yer alacak paylarda değişiklik yapılmıştır,2020-03-19,2020-04-01,2020,2020Q2,ISGYO,IS GMYO,OTHER_MEMBERSHIP_RELEVANT,XU050,SCHEDULED,https://www.borsaistanbul.com/duyuru/12557/2020-yili-ikinci-uc-aylik-donemi-icin-bist-pay-endeksleri-kapsaminda-yer-alacak-paylarda-degisiklik-yapilmistir,2026-08-24T03:03:26Z,bist_duyuru_12557_2020-03-19.html,a5cd397b940048d650bbea9a612c6976b284ea49e1012d3a414e4d904ca23e3f,76667,PRIVATE_LOCAL_RAW,PRIVATE_LOCAL_RAW:bist-membership/events/bist_duyuru_12557_2020-03-19.html,INSUFFICIENT_IDENTITY_EVIDENCE,ACQUIRED,"Reserve (yedek) list entry: an eligible substitute under rulebook art. 7, NOT a membership change and NOT a state."
EV-505,Borsa Istanbul,12557,2020 yılı ikinci üç aylık dönemi için BIST Pay Endeksleri kapsamında yer alacak paylarda değişiklik yapılmıştır,2020-03-19,2020-04-01,2020,2020Q2,TRGYO,TORUNLAR GMYO,OTHER_MEMBERSHIP_RELEVANT,XU050,SCHEDULED,https://www.borsaistanbul.com/duyuru/12557/2020-yili-ikinci-uc-aylik-donemi-icin-bist-pay-endeksleri-kapsaminda-yer-alacak-paylarda-degisiklik-yapilmistir,2026-08-24T03:03:26Z,bist_duyuru_12557_2020-03-19.html,a5cd397b940048d650bbea9a612c6976b284ea49e1012d3a414e4d904ca23e3f,76667,PRIVATE_LOCAL_RAW,PRIVATE_LOCAL_RAW:bist-membership/events/bist_duyuru_12557_2020-03-19.html,INSUFFICIENT_IDENTITY_EVIDENCE,ACQUIRED,"Reserve (yedek) list entry: an eligible substitute under rulebook art. 7, NOT a membership change and NOT a state."
EV-506,Borsa Istanbul,12557,2020 yılı ikinci üç aylık dönemi için BIST Pay Endeksleri kapsamında yer alacak paylarda değişiklik yapılmıştır,2020-03-19,2020-04-01,2020,2020Q2,TRKCM,TRAKYA CAM,ADD,XU030,SCHEDULED,https://www.borsaistanbul.com/duyuru/12557/2020-yili-ikinci-uc-aylik-donemi-icin-bist-pay-endeksleri-kapsaminda-yer-alacak-paylarda-degisiklik-yapilmistir,2026-08-24T03:03:26Z,bist_duyuru_12557_2020-03-19.html,a5cd397b940048d650bbea9a612c6976b284ea49e1012d3a414e4d904ca23e3f,76667,PRIVATE_LOCAL_RAW,PRIVATE_LOCAL_RAW:bist-membership/events/bist_duyuru_12557_2020-03-19.html,INSUFFICIENT_IDENTITY_EVIDENCE,ACQUIRED,Itemised in the periodic review announcement; effective at the stated index-period start.
EV-507,Borsa Istanbul,12557,2020 yılı ikinci üç aylık dönemi için BIST Pay Endeksleri kapsamında yer alacak paylarda değişiklik yapılmıştır,2020-03-19,2020-04-01,2020,2020Q2,FROTO,FORD OTOSAN,REMOVE,XU030,SCHEDULED,https://www.borsaistanbul.com/duyuru/12557/2020-yili-ikinci-uc-aylik-donemi-icin-bist-pay-endeksleri-kapsaminda-yer-alacak-paylarda-degisiklik-yapilmistir,2026-08-24T03:03:26Z,bist_duyuru_12557_2020-03-19.html,a5cd397b940048d650bbea9a612c6976b284ea49e1012d3a414e4d904ca23e3f,76667,PRIVATE_LOCAL_RAW,PRIVATE_LOCAL_RAW:bist-membership/events/bist_duyuru_12557_2020-03-19.html,INSUFFICIENT_IDENTITY_EVIDENCE,ACQUIRED,Itemised in the periodic review announcement; effective at the stated index-period start.
EV-508,Borsa Istanbul,12557,2020 yılı ikinci üç aylık dönemi için BIST Pay Endeksleri kapsamında yer alacak paylarda değişiklik yapılmıştır,2020-03-19,2020-04-01,2020,2020Q2,VESTL,VESTEL,OTHER_MEMBERSHIP_RELEVANT,XU030,SCHEDULED,https://www.borsaistanbul.com/duyuru/12557/2020-yili-ikinci-uc-aylik-donemi-icin-bist-pay-endeksleri-kapsaminda-yer-alacak-paylarda-degisiklik-yapilmistir,2026-08-24T03:03:26Z,bist_duyuru_12557_2020-03-19.html,a5cd397b940048d650bbea9a612c6976b284ea49e1012d3a414e4d904ca23e3f,76667,PRIVATE_LOCAL_RAW,PRIVATE_LOCAL_RAW:bist-membership/events/bist_duyuru_12557_2020-03-19.html,INSUFFICIENT_IDENTITY_EVIDENCE,ACQUIRED,"Reserve (yedek) list entry: an eligible substitute under rulebook art. 7, NOT a membership change and NOT a state."
EV-509,Borsa Istanbul,12557,2020 yılı ikinci üç aylık dönemi için BIST Pay Endeksleri kapsamında yer alacak paylarda değişiklik yapılmıştır,2020-03-19,2020-04-01,2020,2020Q2,MGROS,MIGROS TICARET,OTHER_MEMBERSHIP_RELEVANT,XU030,SCHEDULED,https://www.borsaistanbul.com/duyuru/12557/2020-yili-ikinci-uc-aylik-donemi-icin-bist-pay-endeksleri-kapsaminda-yer-alacak-paylarda-degisiklik-yapilmistir,2026-08-24T03:03:26Z,bist_duyuru_12557_2020-03-19.html,a5cd397b940048d650bbea9a612c6976b284ea49e1012d3a414e4d904ca23e3f,76667,PRIVATE_LOCAL_RAW,PRIVATE_LOCAL_RAW:bist-membership/events/bist_duyuru_12557_2020-03-19.html,INSUFFICIENT_IDENTITY_EVIDENCE,ACQUIRED,"Reserve (yedek) list entry: an eligible substitute under rulebook art. 7, NOT a membership change and NOT a state."
EV-510,Borsa Istanbul,12557,2020 yılı ikinci üç aylık dönemi için BIST Pay Endeksleri kapsamında yer alacak paylarda değişiklik yapılmıştır,2020-03-19,2020-04-01,2020,2020Q2,SASA,SASA POLYESTER,OTHER_MEMBERSHIP_RELEVANT,XU030,SCHEDULED,https://www.borsaistanbul.com/duyuru/12557/2020-yili-ikinci-uc-aylik-donemi-icin-bist-pay-endeksleri-kapsaminda-yer-alacak-paylarda-degisiklik-yapilmistir,2026-08-24T03:03:26Z,bist_duyuru_12557_2020-03-19.html,a5cd397b940048d650bbea9a612c6976b284ea49e1012d3a414e4d904ca23e3f,76667,PRIVATE_LOCAL_RAW,PRIVATE_LOCAL_RAW:bist-membership/events/bist_duyuru_12557_2020-03-19.html,INSUFFICIENT_IDENTITY_EVIDENCE,ACQUIRED,"Reserve (yedek) list entry: an eligible substitute under rulebook art. 7, NOT a membership change and NOT a state."
EV-511,Borsa Istanbul,12559,2020 yılı üçüncü üç aylık dönemi için BIST Pay Endeksleri kapsamında yer alacak paylarda değişiklik yapılmıştır,2020-06-19,2020-07-01,2020,2020Q3,NA,NA,REVIEW_SCHEDULE,XU030;XU050;XU100,SCHEDULED,https://www.borsaistanbul.com/duyuru/12559/2020-yili-ucuncu-uc-aylik-donemi-icin-bist-pay-endeksleri-kapsaminda-yer-alacak-paylarda-degisiklik-yapilmistir,2026-08-24T03:03:26Z,bist_duyuru_12559_2020-06-19.html,eb69eb0f8ba726623ff63a0e3f9558eed8e55764953418d6b50c8a0092aaefba,76746,PRIVATE_LOCAL_RAW,PRIVATE_LOCAL_RAW:bist-membership/events/bist_duyuru_12559_2020-06-19.html,NA,ACQUIRED,"Periodic review announcement. The document states the index period explicitly as 2020-07-01 to 2020-09-30; effective_date is that stated period start, not the publication date. Additions and removals are equal in number in every transcribed table, consistent with rulebook art. 6(c)/(d). Tables for BIST LİKİT BANKA ENDEKSİ, BIST BANKA DIŞI LİKİT 10 ENDEKSİ are present in the source but were NOT transcribed: no first-party index code was established for them."
EV-512,Borsa Istanbul,12559,2020 yılı üçüncü üç aylık dönemi için BIST Pay Endeksleri kapsamında yer alacak paylarda değişiklik yapılmıştır,2020-06-19,2020-07-01,2020,2020Q3,BAGFS,BAGFAS,ADD,XU100,SCHEDULED,https://www.borsaistanbul.com/duyuru/12559/2020-yili-ucuncu-uc-aylik-donemi-icin-bist-pay-endeksleri-kapsaminda-yer-alacak-paylarda-degisiklik-yapilmistir,2026-08-24T03:03:26Z,bist_duyuru_12559_2020-06-19.html,eb69eb0f8ba726623ff63a0e3f9558eed8e55764953418d6b50c8a0092aaefba,76746,PRIVATE_LOCAL_RAW,PRIVATE_LOCAL_RAW:bist-membership/events/bist_duyuru_12559_2020-06-19.html,INSUFFICIENT_IDENTITY_EVIDENCE,ACQUIRED,Itemised in the periodic review announcement; effective at the stated index-period start.
EV-513,Borsa Istanbul,12559,2020 yılı üçüncü üç aylık dönemi için BIST Pay Endeksleri kapsamında yer alacak paylarda değişiklik yapılmıştır,2020-06-19,2020-07-01,2020,2020Q3,DOCO,DO-CO,ADD,XU100,SCHEDULED,https://www.borsaistanbul.com/duyuru/12559/2020-yili-ucuncu-uc-aylik-donemi-icin-bist-pay-endeksleri-kapsaminda-yer-alacak-paylarda-degisiklik-yapilmistir,2026-08-24T03:03:26Z,bist_duyuru_12559_2020-06-19.html,eb69eb0f8ba726623ff63a0e3f9558eed8e55764953418d6b50c8a0092aaefba,76746,PRIVATE_LOCAL_RAW,PRIVATE_LOCAL_RAW:bist-membership/events/bist_duyuru_12559_2020-06-19.html,INSUFFICIENT_IDENTITY_EVIDENCE,ACQUIRED,Itemised in the periodic review announcement; effective at the stated index-period start.
EV-514,Borsa Istanbul,12559,2020 yılı üçüncü üç aylık dönemi için BIST Pay Endeksleri kapsamında yer alacak paylarda değişiklik yapılmıştır,2020-06-19,2020-07-01,2020,2020Q3,GSDHO,GSD HOLDING,ADD,XU100,SCHEDULED,https://www.borsaistanbul.com/duyuru/12559/2020-yili-ucuncu-uc-aylik-donemi-icin-bist-pay-endeksleri-kapsaminda-yer-alacak-paylarda-degisiklik-yapilmistir,2026-08-24T03:03:26Z,bist_duyuru_12559_2020-06-19.html,eb69eb0f8ba726623ff63a0e3f9558eed8e55764953418d6b50c8a0092aaefba,76746,PRIVATE_LOCAL_RAW,PRIVATE_LOCAL_RAW:bist-membership/events/bist_duyuru_12559_2020-06-19.html,INSUFFICIENT_IDENTITY_EVIDENCE,ACQUIRED,Itemised in the periodic review announcement; effective at the stated index-period start.
EV-515,Borsa Istanbul,12559,2020 yılı üçüncü üç aylık dönemi için BIST Pay Endeksleri kapsamında yer alacak paylarda değişiklik yapılmıştır,2020-06-19,2020-07-01,2020,2020Q3,OYAKC,OYAK CIMENTO,ADD,XU100,SCHEDULED,https://www.borsaistanbul.com/duyuru/12559/2020-yili-ucuncu-uc-aylik-donemi-icin-bist-pay-endeksleri-kapsaminda-yer-alacak-paylarda-degisiklik-yapilmistir,2026-08-24T03:03:26Z,bist_duyuru_12559_2020-06-19.html,eb69eb0f8ba726623ff63a0e3f9558eed8e55764953418d6b50c8a0092aaefba,76746,PRIVATE_LOCAL_RAW,PRIVATE_LOCAL_RAW:bist-membership/events/bist_duyuru_12559_2020-06-19.html,INSUFFICIENT_IDENTITY_EVIDENCE,ACQUIRED,Itemised in the periodic review announcement; effective at the stated index-period start.
EV-516,Borsa Istanbul,12559,2020 yılı üçüncü üç aylık dönemi için BIST Pay Endeksleri kapsamında yer alacak paylarda değişiklik yapılmıştır,2020-06-19,2020-07-01,2020,2020Q3,ANHYT,ANADOLU HAYAT EMEK.,REMOVE,XU100,SCHEDULED,https://www.borsaistanbul.com/duyuru/12559/2020-yili-ucuncu-uc-aylik-donemi-icin-bist-pay-endeksleri-kapsaminda-yer-alacak-paylarda-degisiklik-yapilmistir,2026-08-24T03:03:26Z,bist_duyuru_12559_2020-06-19.html,eb69eb0f8ba726623ff63a0e3f9558eed8e55764953418d6b50c8a0092aaefba,76746,PRIVATE_LOCAL_RAW,PRIVATE_LOCAL_RAW:bist-membership/events/bist_duyuru_12559_2020-06-19.html,INSUFFICIENT_IDENTITY_EVIDENCE,ACQUIRED,Itemised in the periodic review announcement; effective at the stated index-period start.
EV-517,Borsa Istanbul,12559,2020 yılı üçüncü üç aylık dönemi için BIST Pay Endeksleri kapsamında yer alacak paylarda değişiklik yapılmıştır,2020-06-19,2020-07-01,2020,2020Q3,ECZYT,ECZACIBASI YATIRIM,REMOVE,XU100,SCHEDULED,https://www.borsaistanbul.com/duyuru/12559/2020-yili-ucuncu-uc-aylik-donemi-icin-bist-pay-endeksleri-kapsaminda-yer-alacak-paylarda-degisiklik-yapilmistir,2026-08-24T03:03:26Z,bist_duyuru_12559_2020-06-19.html,eb69eb0f8ba726623ff63a0e3f9558eed8e55764953418d6b50c8a0092aaefba,76746,PRIVATE_LOCAL_RAW,PRIVATE_LOCAL_RAW:bist-membership/events/bist_duyuru_12559_2020-06-19.html,INSUFFICIENT_IDENTITY_EVIDENCE,ACQUIRED,Same ticker also appears in the RESERVE column of the same table in the same document.
EV-518,Borsa Istanbul,12559,2020 yılı üçüncü üç aylık dönemi için BIST Pay Endeksleri kapsamında yer alacak paylarda değişiklik yapılmıştır,2020-06-19,2020-07-01,2020,2020Q3,RYGYO,REYSAS GMYO,REMOVE,XU100,SCHEDULED,https://www.borsaistanbul.com/duyuru/12559/2020-yili-ucuncu-uc-aylik-donemi-icin-bist-pay-endeksleri-kapsaminda-yer-alacak-paylarda-degisiklik-yapilmistir,2026-08-24T03:03:26Z,bist_duyuru_12559_2020-06-19.html,eb69eb0f8ba726623ff63a0e3f9558eed8e55764953418d6b50c8a0092aaefba,76746,PRIVATE_LOCAL_RAW,PRIVATE_LOCAL_RAW:bist-membership/events/bist_duyuru_12559_2020-06-19.html,INSUFFICIENT_IDENTITY_EVIDENCE,ACQUIRED,Itemised in the periodic review announcement; effective at the stated index-period start.
EV-519,Borsa Istanbul,12559,2020 yılı üçüncü üç aylık dönemi için BIST Pay Endeksleri kapsamında yer alacak paylarda değişiklik yapılmıştır,2020-06-19,2020-07-01,2020,2020Q3,SARKY,SARKUYSAN,REMOVE,XU100,SCHEDULED,https://www.borsaistanbul.com/duyuru/12559/2020-yili-ucuncu-uc-aylik-donemi-icin-bist-pay-endeksleri-kapsaminda-yer-alacak-paylarda-degisiklik-yapilmistir,2026-08-24T03:03:26Z,bist_duyuru_12559_2020-06-19.html,eb69eb0f8ba726623ff63a0e3f9558eed8e55764953418d6b50c8a0092aaefba,76746,PRIVATE_LOCAL_RAW,PRIVATE_LOCAL_RAW:bist-membership/events/bist_duyuru_12559_2020-06-19.html,INSUFFICIENT_IDENTITY_EVIDENCE,ACQUIRED,Same ticker also appears in the RESERVE column of the same table in the same document.
EV-520,Borsa Istanbul,12559,2020 yılı üçüncü üç aylık dönemi için BIST Pay Endeksleri kapsamında yer alacak paylarda değişiklik yapılmıştır,2020-06-19,2020-07-01,2020,2020Q3,AKSGY,AKIS GMYO,OTHER_MEMBERSHIP_RELEVANT,XU100,SCHEDULED,https://www.borsaistanbul.com/duyuru/12559/2020-yili-ucuncu-uc-aylik-donemi-icin-bist-pay-endeksleri-kapsaminda-yer-alacak-paylarda-degisiklik-yapilmistir,2026-08-24T03:03:26Z,bist_duyuru_12559_2020-06-19.html,eb69eb0f8ba726623ff63a0e3f9558eed8e55764953418d6b50c8a0092aaefba,76746,PRIVATE_LOCAL_RAW,PRIVATE_LOCAL_RAW:bist-membership/events/bist_duyuru_12559_2020-06-19.html,INSUFFICIENT_IDENTITY_EVIDENCE,ACQUIRED,"Reserve (yedek) list entry: an eligible substitute under rulebook art. 7, NOT a membership change and NOT a state."
EV-521,Borsa Istanbul,12559,2020 yılı üçüncü üç aylık dönemi için BIST Pay Endeksleri kapsamında yer alacak paylarda değişiklik yapılmıştır,2020-06-19,2020-07-01,2020,2020Q3,SARKY,SARKUYSAN,OTHER_MEMBERSHIP_RELEVANT,XU100,SCHEDULED,https://www.borsaistanbul.com/duyuru/12559/2020-yili-ucuncu-uc-aylik-donemi-icin-bist-pay-endeksleri-kapsaminda-yer-alacak-paylarda-degisiklik-yapilmistir,2026-08-24T03:03:26Z,bist_duyuru_12559_2020-06-19.html,eb69eb0f8ba726623ff63a0e3f9558eed8e55764953418d6b50c8a0092aaefba,76746,PRIVATE_LOCAL_RAW,PRIVATE_LOCAL_RAW:bist-membership/events/bist_duyuru_12559_2020-06-19.html,INSUFFICIENT_IDENTITY_EVIDENCE,ACQUIRED,"Reserve (yedek) list entry: an eligible substitute under rulebook art. 7, NOT a membership change and NOT a state. Same ticker also appears in the REMOVE column of the same table in the same document."
EV-522,Borsa Istanbul,12559,2020 yılı üçüncü üç aylık dönemi için BIST Pay Endeksleri kapsamında yer alacak paylarda değişiklik yapılmıştır,2020-06-19,2020-07-01,2020,2020Q3,ECZYT,ECZACIBASI YATIRIM,OTHER_MEMBERSHIP_RELEVANT,XU100,SCHEDULED,https://www.borsaistanbul.com/duyuru/12559/2020-yili-ucuncu-uc-aylik-donemi-icin-bist-pay-endeksleri-kapsaminda-yer-alacak-paylarda-degisiklik-yapilmistir,2026-08-24T03:03:26Z,bist_duyuru_12559_2020-06-19.html,eb69eb0f8ba726623ff63a0e3f9558eed8e55764953418d6b50c8a0092aaefba,76746,PRIVATE_LOCAL_RAW,PRIVATE_LOCAL_RAW:bist-membership/events/bist_duyuru_12559_2020-06-19.html,INSUFFICIENT_IDENTITY_EVIDENCE,ACQUIRED,"Reserve (yedek) list entry: an eligible substitute under rulebook art. 7, NOT a membership change and NOT a state. Same ticker also appears in the REMOVE column of the same table in the same document."
EV-523,Borsa Istanbul,12559,2020 yılı üçüncü üç aylık dönemi için BIST Pay Endeksleri kapsamında yer alacak paylarda değişiklik yapılmıştır,2020-06-19,2020-07-01,2020,2020Q3,ISGYO,IS GMYO,ADD,XU050,SCHEDULED,https://www.borsaistanbul.com/duyuru/12559/2020-yili-ucuncu-uc-aylik-donemi-icin-bist-pay-endeksleri-kapsaminda-yer-alacak-paylarda-degisiklik-yapilmistir,2026-08-24T03:03:26Z,bist_duyuru_12559_2020-06-19.html,eb69eb0f8ba726623ff63a0e3f9558eed8e55764953418d6b50c8a0092aaefba,76746,PRIVATE_LOCAL_RAW,PRIVATE_LOCAL_RAW:bist-membership/events/bist_duyuru_12559_2020-06-19.html,INSUFFICIENT_IDENTITY_EVIDENCE,ACQUIRED,Itemised in the periodic review announcement; effective at the stated index-period start.
EV-524,Borsa Istanbul,12559,2020 yılı üçüncü üç aylık dönemi için BIST Pay Endeksleri kapsamında yer alacak paylarda değişiklik yapılmıştır,2020-06-19,2020-07-01,2020,2020Q3,MPARK,MLP SAGLIK,ADD,XU050,SCHEDULED,https://www.borsaistanbul.com/duyuru/12559/2020-yili-ucuncu-uc-aylik-donemi-icin-bist-pay-endeksleri-kapsaminda-yer-alacak-paylarda-degisiklik-yapilmistir,2026-08-24T03:03:26Z,bist_duyuru_12559_2020-06-19.html,eb69eb0f8ba726623ff63a0e3f9558eed8e55764953418d6b50c8a0092aaefba,76746,PRIVATE_LOCAL_RAW,PRIVATE_LOCAL_RAW:bist-membership/events/bist_duyuru_12559_2020-06-19.html,INSUFFICIENT_IDENTITY_EVIDENCE,ACQUIRED,Itemised in the periodic review announcement; effective at the stated index-period start.
EV-525,Borsa Istanbul,12559,2020 yılı üçüncü üç aylık dönemi için BIST Pay Endeksleri kapsamında yer alacak paylarda değişiklik yapılmıştır,2020-06-19,2020-07-01,2020,2020Q3,OYAKC,OYAK CIMENTO,ADD,XU050,SCHEDULED,https://www.borsaistanbul.com/duyuru/12559/2020-yili-ucuncu-uc-aylik-donemi-icin-bist-pay-endeksleri-kapsaminda-yer-alacak-paylarda-degisiklik-yapilmistir,2026-08-24T03:03:26Z,bist_duyuru_12559_2020-06-19.html,eb69eb0f8ba726623ff63a0e3f9558eed8e55764953418d6b50c8a0092aaefba,76746,PRIVATE_LOCAL_RAW,PRIVATE_LOCAL_RAW:bist-membership/events/bist_duyuru_12559_2020-06-19.html,INSUFFICIENT_IDENTITY_EVIDENCE,ACQUIRED,Itemised in the periodic review announcement; effective at the stated index-period start.
EV-526,Borsa Istanbul,12559,2020 yılı üçüncü üç aylık dönemi için BIST Pay Endeksleri kapsamında yer alacak paylarda değişiklik yapılmıştır,2020-06-19,2020-07-01,2020,2020Q3,SELEC,SELCUK ECZA DEPOSU,ADD,XU050,SCHEDULED,https://www.borsaistanbul.com/duyuru/12559/2020-yili-ucuncu-uc-aylik-donemi-icin-bist-pay-endeksleri-kapsaminda-yer-alacak-paylarda-degisiklik-yapilmistir,2026-08-24T03:03:26Z,bist_duyuru_12559_2020-06-19.html,eb69eb0f8ba726623ff63a0e3f9558eed8e55764953418d6b50c8a0092aaefba,76746,PRIVATE_LOCAL_RAW,PRIVATE_LOCAL_RAW:bist-membership/events/bist_duyuru_12559_2020-06-19.html,INSUFFICIENT_IDENTITY_EVIDENCE,ACQUIRED,Itemised in the periodic review announcement; effective at the stated index-period start.
EV-527,Borsa Istanbul,12559,2020 yılı üçüncü üç aylık dönemi için BIST Pay Endeksleri kapsamında yer alacak paylarda değişiklik yapılmıştır,2020-06-19,2020-07-01,2020,2020Q3,SOKM,SOK MARKETLER TICARET,ADD,XU050,SCHEDULED,https://www.borsaistanbul.com/duyuru/12559/2020-yili-ucuncu-uc-aylik-donemi-icin-bist-pay-endeksleri-kapsaminda-yer-alacak-paylarda-degisiklik-yapilmistir,2026-08-24T03:03:26Z,bist_duyuru_12559_2020-06-19.html,eb69eb0f8ba726623ff63a0e3f9558eed8e55764953418d6b50c8a0092aaefba,76746,PRIVATE_LOCAL_RAW,PRIVATE_LOCAL_RAW:bist-membership/events/bist_duyuru_12559_2020-06-19.html,INSUFFICIENT_IDENTITY_EVIDENCE,ACQUIRED,Itemised in the periodic review announcement; effective at the stated index-period start.
EV-528,Borsa Istanbul,12559,2020 yılı üçüncü üç aylık dönemi için BIST Pay Endeksleri kapsamında yer alacak paylarda değişiklik yapılmıştır,2020-06-19,2020-07-01,2020,2020Q3,AGHOL,ANADOLU GRUBU HOLDING,REMOVE,XU050,SCHEDULED,https://www.borsaistanbul.com/duyuru/12559/2020-yili-ucuncu-uc-aylik-donemi-icin-bist-pay-endeksleri-kapsaminda-yer-alacak-paylarda-degisiklik-yapilmistir,2026-08-24T03:03:26Z,bist_duyuru_12559_2020-06-19.html,eb69eb0f8ba726623ff63a0e3f9558eed8e55764953418d6b50c8a0092aaefba,76746,PRIVATE_LOCAL_RAW,PRIVATE_LOCAL_RAW:bist-membership/events/bist_duyuru_12559_2020-06-19.html,INSUFFICIENT_IDENTITY_EVIDENCE,ACQUIRED,Itemised in the periodic review announcement; effective at the stated index-period start.
EV-529,Borsa Istanbul,12559,2020 yılı üçüncü üç aylık dönemi için BIST Pay Endeksleri kapsamında yer alacak paylarda değişiklik yapılmıştır,2020-06-19,2020-07-01,2020,2020Q3,ENKAI,ENKA INSAAT,REMOVE,XU050,SCHEDULED,https://www.borsaistanbul.com/duyuru/12559/2020-yili-ucuncu-uc-aylik-donemi-icin-bist-pay-endeksleri-kapsaminda-yer-alacak-paylarda-degisiklik-yapilmistir,2026-08-24T03:03:26Z,bist_duyuru_12559_2020-06-19.html,eb69eb0f8ba726623ff63a0e3f9558eed8e55764953418d6b50c8a0092aaefba,76746,PRIVATE_LOCAL_RAW,PRIVATE_LOCAL_RAW:bist-membership/events/bist_duyuru_12559_2020-06-19.html,INSUFFICIENT_IDENTITY_EVIDENCE,ACQUIRED,Itemised in the periodic review announcement; effective at the stated index-period start.
EV-530,Borsa Istanbul,12559,2020 yılı üçüncü üç aylık dönemi için BIST Pay Endeksleri kapsamında yer alacak paylarda değişiklik yapılmıştır,2020-06-19,2020-07-01,2020,2020Q3,KORDS,KORDSA TEKNIK TEKSTIL,REMOVE,XU050,SCHEDULED,https://www.borsaistanbul.com/duyuru/12559/2020-yili-ucuncu-uc-aylik-donemi-icin-bist-pay-endeksleri-kapsaminda-yer-alacak-paylarda-degisiklik-yapilmistir,2026-08-24T03:03:26Z,bist_duyuru_12559_2020-06-19.html,eb69eb0f8ba726623ff63a0e3f9558eed8e55764953418d6b50c8a0092aaefba,76746,PRIVATE_LOCAL_RAW,PRIVATE_LOCAL_RAW:bist-membership/events/bist_duyuru_12559_2020-06-19.html,INSUFFICIENT_IDENTITY_EVIDENCE,ACQUIRED,Itemised in the periodic review announcement; effective at the stated index-period start.
EV-531,Borsa Istanbul,12559,2020 yılı üçüncü üç aylık dönemi için BIST Pay Endeksleri kapsamında yer alacak paylarda değişiklik yapılmıştır,2020-06-19,2020-07-01,2020,2020Q3,SKBNK,SEKERBANK,REMOVE,XU050,SCHEDULED,https://www.borsaistanbul.com/duyuru/12559/2020-yili-ucuncu-uc-aylik-donemi-icin-bist-pay-endeksleri-kapsaminda-yer-alacak-paylarda-degisiklik-yapilmistir,2026-08-24T03:03:26Z,bist_duyuru_12559_2020-06-19.html,eb69eb0f8ba726623ff63a0e3f9558eed8e55764953418d6b50c8a0092aaefba,76746,PRIVATE_LOCAL_RAW,PRIVATE_LOCAL_RAW:bist-membership/events/bist_duyuru_12559_2020-06-19.html,INSUFFICIENT_IDENTITY_EVIDENCE,ACQUIRED,Itemised in the periodic review announcement; effective at the stated index-period start.
EV-532,Borsa Istanbul,12559,2020 yılı üçüncü üç aylık dönemi için BIST Pay Endeksleri kapsamında yer alacak paylarda değişiklik yapılmıştır,2020-06-19,2020-07-01,2020,2020Q3,YATAS,YATAS,REMOVE,XU050,SCHEDULED,https://www.borsaistanbul.com/duyuru/12559/2020-yili-ucuncu-uc-aylik-donemi-icin-bist-pay-endeksleri-kapsaminda-yer-alacak-paylarda-degisiklik-yapilmistir,2026-08-24T03:03:26Z,bist_duyuru_12559_2020-06-19.html,eb69eb0f8ba726623ff63a0e3f9558eed8e55764953418d6b50c8a0092aaefba,76746,PRIVATE_LOCAL_RAW,PRIVATE_LOCAL_RAW:bist-membership/events/bist_duyuru_12559_2020-06-19.html,INSUFFICIENT_IDENTITY_EVIDENCE,ACQUIRED,Itemised in the periodic review announcement; effective at the stated index-period start. The source prints the bulletin name identically to the share code for this row; recorded verbatim.
EV-533,Borsa Istanbul,12559,2020 yılı üçüncü üç aylık dönemi için BIST Pay Endeksleri kapsamında yer alacak paylarda değişiklik yapılmıştır,2020-06-19,2020-07-01,2020,2020Q3,ECILC,ECZACIBASI ILAC,OTHER_MEMBERSHIP_RELEVANT,XU050,SCHEDULED,https://www.borsaistanbul.com/duyuru/12559/2020-yili-ucuncu-uc-aylik-donemi-icin-bist-pay-endeksleri-kapsaminda-yer-alacak-paylarda-degisiklik-yapilmistir,2026-08-24T03:03:26Z,bist_duyuru_12559_2020-06-19.html,eb69eb0f8ba726623ff63a0e3f9558eed8e55764953418d6b50c8a0092aaefba,76746,PRIVATE_LOCAL_RAW,PRIVATE_LOCAL_RAW:bist-membership/events/bist_duyuru_12559_2020-06-19.html,INSUFFICIENT_IDENTITY_EVIDENCE,ACQUIRED,"Reserve (yedek) list entry: an eligible substitute under rulebook art. 7, NOT a membership change and NOT a state."
EV-534,Borsa Istanbul,12559,2020 yılı üçüncü üç aylık dönemi için BIST Pay Endeksleri kapsamında yer alacak paylarda değişiklik yapılmıştır,2020-06-19,2020-07-01,2020,2020Q3,ALBRK,ALBARAKA TURK,OTHER_MEMBERSHIP_RELEVANT,XU050,SCHEDULED,https://www.borsaistanbul.com/duyuru/12559/2020-yili-ucuncu-uc-aylik-donemi-icin-bist-pay-endeksleri-kapsaminda-yer-alacak-paylarda-degisiklik-yapilmistir,2026-08-24T03:03:26Z,bist_duyuru_12559_2020-06-19.html,eb69eb0f8ba726623ff63a0e3f9558eed8e55764953418d6b50c8a0092aaefba,76746,PRIVATE_LOCAL_RAW,PRIVATE_LOCAL_RAW:bist-membership/events/bist_duyuru_12559_2020-06-19.html,INSUFFICIENT_IDENTITY_EVIDENCE,ACQUIRED,"Reserve (yedek) list entry: an eligible substitute under rulebook art. 7, NOT a membership change and NOT a state."
EV-535,Borsa Istanbul,12559,2020 yılı üçüncü üç aylık dönemi için BIST Pay Endeksleri kapsamında yer alacak paylarda değişiklik yapılmıştır,2020-06-19,2020-07-01,2020,2020Q3,ALKIM,ALKIM KIMYA,OTHER_MEMBERSHIP_RELEVANT,XU050,SCHEDULED,https://www.borsaistanbul.com/duyuru/12559/2020-yili-ucuncu-uc-aylik-donemi-icin-bist-pay-endeksleri-kapsaminda-yer-alacak-paylarda-degisiklik-yapilmistir,2026-08-24T03:03:26Z,bist_duyuru_12559_2020-06-19.html,eb69eb0f8ba726623ff63a0e3f9558eed8e55764953418d6b50c8a0092aaefba,76746,PRIVATE_LOCAL_RAW,PRIVATE_LOCAL_RAW:bist-membership/events/bist_duyuru_12559_2020-06-19.html,INSUFFICIENT_IDENTITY_EVIDENCE,ACQUIRED,"Reserve (yedek) list entry: an eligible substitute under rulebook art. 7, NOT a membership change and NOT a state."
EV-536,Borsa Istanbul,12559,2020 yılı üçüncü üç aylık dönemi için BIST Pay Endeksleri kapsamında yer alacak paylarda değişiklik yapılmıştır,2020-06-19,2020-07-01,2020,2020Q3,MGROS,MIGROS TICARET,ADD,XU030,SCHEDULED,https://www.borsaistanbul.com/duyuru/12559/2020-yili-ucuncu-uc-aylik-donemi-icin-bist-pay-endeksleri-kapsaminda-yer-alacak-paylarda-degisiklik-yapilmistir,2026-08-24T03:03:26Z,bist_duyuru_12559_2020-06-19.html,eb69eb0f8ba726623ff63a0e3f9558eed8e55764953418d6b50c8a0092aaefba,76746,PRIVATE_LOCAL_RAW,PRIVATE_LOCAL_RAW:bist-membership/events/bist_duyuru_12559_2020-06-19.html,INSUFFICIENT_IDENTITY_EVIDENCE,ACQUIRED,Itemised in the periodic review announcement; effective at the stated index-period start.
EV-537,Borsa Istanbul,12559,2020 yılı üçüncü üç aylık dönemi için BIST Pay Endeksleri kapsamında yer alacak paylarda değişiklik yapılmıştır,2020-06-19,2020-07-01,2020,2020Q3,TOASO,TOFAS OTO. FAB.,REMOVE,XU030,SCHEDULED,https://www.borsaistanbul.com/duyuru/12559/2020-yili-ucuncu-uc-aylik-donemi-icin-bist-pay-endeksleri-kapsaminda-yer-alacak-paylarda-degisiklik-yapilmistir,2026-08-24T03:03:26Z,bist_duyuru_12559_2020-06-19.html,eb69eb0f8ba726623ff63a0e3f9558eed8e55764953418d6b50c8a0092aaefba,76746,PRIVATE_LOCAL_RAW,PRIVATE_LOCAL_RAW:bist-membership/events/bist_duyuru_12559_2020-06-19.html,INSUFFICIENT_IDENTITY_EVIDENCE,ACQUIRED,Itemised in the periodic review announcement; effective at the stated index-period start.
EV-538,Borsa Istanbul,12559,2020 yılı üçüncü üç aylık dönemi için BIST Pay Endeksleri kapsamında yer alacak paylarda değişiklik yapılmıştır,2020-06-19,2020-07-01,2020,2020Q3,OYAKC,OYAK CIMENTO,OTHER_MEMBERSHIP_RELEVANT,XU030,SCHEDULED,https://www.borsaistanbul.com/duyuru/12559/2020-yili-ucuncu-uc-aylik-donemi-icin-bist-pay-endeksleri-kapsaminda-yer-alacak-paylarda-degisiklik-yapilmistir,2026-08-24T03:03:26Z,bist_duyuru_12559_2020-06-19.html,eb69eb0f8ba726623ff63a0e3f9558eed8e55764953418d6b50c8a0092aaefba,76746,PRIVATE_LOCAL_RAW,PRIVATE_LOCAL_RAW:bist-membership/events/bist_duyuru_12559_2020-06-19.html,INSUFFICIENT_IDENTITY_EVIDENCE,ACQUIRED,"Reserve (yedek) list entry: an eligible substitute under rulebook art. 7, NOT a membership change and NOT a state."
EV-539,Borsa Istanbul,12559,2020 yılı üçüncü üç aylık dönemi için BIST Pay Endeksleri kapsamında yer alacak paylarda değişiklik yapılmıştır,2020-06-19,2020-07-01,2020,2020Q3,VESTL,VESTEL,OTHER_MEMBERSHIP_RELEVANT,XU030,SCHEDULED,https://www.borsaistanbul.com/duyuru/12559/2020-yili-ucuncu-uc-aylik-donemi-icin-bist-pay-endeksleri-kapsaminda-yer-alacak-paylarda-degisiklik-yapilmistir,2026-08-24T03:03:26Z,bist_duyuru_12559_2020-06-19.html,eb69eb0f8ba726623ff63a0e3f9558eed8e55764953418d6b50c8a0092aaefba,76746,PRIVATE_LOCAL_RAW,PRIVATE_LOCAL_RAW:bist-membership/events/bist_duyuru_12559_2020-06-19.html,INSUFFICIENT_IDENTITY_EVIDENCE,ACQUIRED,"Reserve (yedek) list entry: an eligible substitute under rulebook art. 7, NOT a membership change and NOT a state."
EV-540,Borsa Istanbul,12559,2020 yılı üçüncü üç aylık dönemi için BIST Pay Endeksleri kapsamında yer alacak paylarda değişiklik yapılmıştır,2020-06-19,2020-07-01,2020,2020Q3,SOKM,SOK MARKETLER TICARET,OTHER_MEMBERSHIP_RELEVANT,XU030,SCHEDULED,https://www.borsaistanbul.com/duyuru/12559/2020-yili-ucuncu-uc-aylik-donemi-icin-bist-pay-endeksleri-kapsaminda-yer-alacak-paylarda-degisiklik-yapilmistir,2026-08-24T03:03:26Z,bist_duyuru_12559_2020-06-19.html,eb69eb0f8ba726623ff63a0e3f9558eed8e55764953418d6b50c8a0092aaefba,76746,PRIVATE_LOCAL_RAW,PRIVATE_LOCAL_RAW:bist-membership/events/bist_duyuru_12559_2020-06-19.html,INSUFFICIENT_IDENTITY_EVIDENCE,ACQUIRED,"Reserve (yedek) list entry: an eligible substitute under rulebook art. 7, NOT a membership change and NOT a state."
EV-541,Borsa Istanbul,14118,2020 yılı dördüncü üç aylık dönemi için BIST Pay Endeksleri kapsamında yer alacak paylarda değişiklik yapılmıştır,2020-09-18,2020-10-01,2020,2020Q4,NA,NA,REVIEW_SCHEDULE,XU030;XU050;XU100,SCHEDULED,https://www.borsaistanbul.com/duyuru/14118/2020-yili-dorduncu-uc-aylik-donemi-icin-bist-pay-endeksleri-kapsaminda-yer-alacak-paylarda-degisiklik-yapilmistir,2026-08-24T03:03:26Z,bist_duyuru_14118_2020-09-18.html,cc48a5b20f6093e06d856242faf6c3c8676fb8f8e712fda0f0bbd6ce3d8101ed,136067,PRIVATE_LOCAL_RAW,PRIVATE_LOCAL_RAW:bist-membership/events/bist_duyuru_14118_2020-09-18.html,NA,ACQUIRED,"Periodic review announcement. The document states the index period explicitly as 2020-10-01 to 2020-12-31; effective_date is that stated period start, not the publication date. Additions and removals are equal in number in every transcribed table, consistent with rulebook art. 6(c)/(d). Tables for BIST LİKİT BANKA ENDEKSİ, BIST BANKA DIŞI LİKİT 10 ENDEKSİ are present in the source but were NOT transcribed: no first-party index code was established for them."
EV-542,Borsa Istanbul,14118,2020 yılı dördüncü üç aylık dönemi için BIST Pay Endeksleri kapsamında yer alacak paylarda değişiklik yapılmıştır,2020-09-18,2020-10-01,2020,2020Q4,AKSGY,AKIS GMYO,ADD,XU100,SCHEDULED,https://www.borsaistanbul.com/duyuru/14118/2020-yili-dorduncu-uc-aylik-donemi-icin-bist-pay-endeksleri-kapsaminda-yer-alacak-paylarda-degisiklik-yapilmistir,2026-08-24T03:03:26Z,bist_duyuru_14118_2020-09-18.html,cc48a5b20f6093e06d856242faf6c3c8676fb8f8e712fda0f0bbd6ce3d8101ed,136067,PRIVATE_LOCAL_RAW,PRIVATE_LOCAL_RAW:bist-membership/events/bist_duyuru_14118_2020-09-18.html,INSUFFICIENT_IDENTITY_EVIDENCE,ACQUIRED,Itemised in the periodic review announcement; effective at the stated index-period start.
EV-543,Borsa Istanbul,14118,2020 yılı dördüncü üç aylık dönemi için BIST Pay Endeksleri kapsamında yer alacak paylarda değişiklik yapılmıştır,2020-09-18,2020-10-01,2020,2020Q4,ALCTL,ALCATEL LUCENT TELETAS,ADD,XU100,SCHEDULED,https://www.borsaistanbul.com/duyuru/14118/2020-yili-dorduncu-uc-aylik-donemi-icin-bist-pay-endeksleri-kapsaminda-yer-alacak-paylarda-degisiklik-yapilmistir,2026-08-24T03:03:26Z,bist_duyuru_14118_2020-09-18.html,cc48a5b20f6093e06d856242faf6c3c8676fb8f8e712fda0f0bbd6ce3d8101ed,136067,PRIVATE_LOCAL_RAW,PRIVATE_LOCAL_RAW:bist-membership/events/bist_duyuru_14118_2020-09-18.html,INSUFFICIENT_IDENTITY_EVIDENCE,ACQUIRED,Itemised in the periodic review announcement; effective at the stated index-period start.
EV-544,Borsa Istanbul,14118,2020 yılı dördüncü üç aylık dönemi için BIST Pay Endeksleri kapsamında yer alacak paylarda değişiklik yapılmıştır,2020-09-18,2020-10-01,2020,2020Q4,ARDYZ,ARD BILISIM TEKNOLOJILERI,ADD,XU100,SCHEDULED,https://www.borsaistanbul.com/duyuru/14118/2020-yili-dorduncu-uc-aylik-donemi-icin-bist-pay-endeksleri-kapsaminda-yer-alacak-paylarda-degisiklik-yapilmistir,2026-08-24T03:03:26Z,bist_duyuru_14118_2020-09-18.html,cc48a5b20f6093e06d856242faf6c3c8676fb8f8e712fda0f0bbd6ce3d8101ed,136067,PRIVATE_LOCAL_RAW,PRIVATE_LOCAL_RAW:bist-membership/events/bist_duyuru_14118_2020-09-18.html,INSUFFICIENT_IDENTITY_EVIDENCE,ACQUIRED,Itemised in the periodic review announcement; effective at the stated index-period start.
EV-545,Borsa Istanbul,14118,2020 yılı dördüncü üç aylık dönemi için BIST Pay Endeksleri kapsamında yer alacak paylarda değişiklik yapılmıştır,2020-09-18,2020-10-01,2020,2020Q4,INDES,INDEKS BILGISAYAR,ADD,XU100,SCHEDULED,https://www.borsaistanbul.com/duyuru/14118/2020-yili-dorduncu-uc-aylik-donemi-icin-bist-pay-endeksleri-kapsaminda-yer-alacak-paylarda-degisiklik-yapilmistir,2026-08-24T03:03:26Z,bist_duyuru_14118_2020-09-18.html,cc48a5b20f6093e06d856242faf6c3c8676fb8f8e712fda0f0bbd6ce3d8101ed,136067,PRIVATE_LOCAL_RAW,PRIVATE_LOCAL_RAW:bist-membership/events/bist_duyuru_14118_2020-09-18.html,INSUFFICIENT_IDENTITY_EVIDENCE,ACQUIRED,Itemised in the periodic review announcement; effective at the stated index-period start.
EV-546,Borsa Istanbul,14118,2020 yılı dördüncü üç aylık dönemi için BIST Pay Endeksleri kapsamında yer alacak paylarda değişiklik yapılmıştır,2020-09-18,2020-10-01,2020,2020Q4,PETUN,PINAR ET VE UN,ADD,XU100,SCHEDULED,https://www.borsaistanbul.com/duyuru/14118/2020-yili-dorduncu-uc-aylik-donemi-icin-bist-pay-endeksleri-kapsaminda-yer-alacak-paylarda-degisiklik-yapilmistir,2026-08-24T03:03:26Z,bist_duyuru_14118_2020-09-18.html,cc48a5b20f6093e06d856242faf6c3c8676fb8f8e712fda0f0bbd6ce3d8101ed,136067,PRIVATE_LOCAL_RAW,PRIVATE_LOCAL_RAW:bist-membership/events/bist_duyuru_14118_2020-09-18.html,INSUFFICIENT_IDENTITY_EVIDENCE,ACQUIRED,Itemised in the periodic review announcement; effective at the stated index-period start.
EV-547,Borsa Istanbul,14118,2020 yılı dördüncü üç aylık dönemi için BIST Pay Endeksleri kapsamında yer alacak paylarda değişiklik yapılmıştır,2020-09-18,2020-10-01,2020,2020Q4,PNSUT,PINAR SUT,ADD,XU100,SCHEDULED,https://www.borsaistanbul.com/duyuru/14118/2020-yili-dorduncu-uc-aylik-donemi-icin-bist-pay-endeksleri-kapsaminda-yer-alacak-paylarda-degisiklik-yapilmistir,2026-08-24T03:03:26Z,bist_duyuru_14118_2020-09-18.html,cc48a5b20f6093e06d856242faf6c3c8676fb8f8e712fda0f0bbd6ce3d8101ed,136067,PRIVATE_LOCAL_RAW,PRIVATE_LOCAL_RAW:bist-membership/events/bist_duyuru_14118_2020-09-18.html,INSUFFICIENT_IDENTITY_EVIDENCE,ACQUIRED,Itemised in the periodic review announcement; effective at the stated index-period start.
EV-548,Borsa Istanbul,14118,2020 yılı dördüncü üç aylık dönemi için BIST Pay Endeksleri kapsamında yer alacak paylarda değişiklik yapılmıştır,2020-09-18,2020-10-01,2020,2020Q4,ANACM,ANADOLU CAM,REMOVE,XU100,SCHEDULED,https://www.borsaistanbul.com/duyuru/14118/2020-yili-dorduncu-uc-aylik-donemi-icin-bist-pay-endeksleri-kapsaminda-yer-alacak-paylarda-degisiklik-yapilmistir,2026-08-24T03:03:26Z,bist_duyuru_14118_2020-09-18.html,cc48a5b20f6093e06d856242faf6c3c8676fb8f8e712fda0f0bbd6ce3d8101ed,136067,PRIVATE_LOCAL_RAW,PRIVATE_LOCAL_RAW:bist-membership/events/bist_duyuru_14118_2020-09-18.html,INSUFFICIENT_IDENTITY_EVIDENCE,ACQUIRED,Itemised in the periodic review announcement; effective at the stated index-period start.
EV-549,Borsa Istanbul,14118,2020 yılı dördüncü üç aylık dönemi için BIST Pay Endeksleri kapsamında yer alacak paylarda değişiklik yapılmıştır,2020-09-18,2020-10-01,2020,2020Q4,GLYHO,GLOBAL YAT. HOLDING,REMOVE,XU100,SCHEDULED,https://www.borsaistanbul.com/duyuru/14118/2020-yili-dorduncu-uc-aylik-donemi-icin-bist-pay-endeksleri-kapsaminda-yer-alacak-paylarda-degisiklik-yapilmistir,2026-08-24T03:03:26Z,bist_duyuru_14118_2020-09-18.html,cc48a5b20f6093e06d856242faf6c3c8676fb8f8e712fda0f0bbd6ce3d8101ed,136067,PRIVATE_LOCAL_RAW,PRIVATE_LOCAL_RAW:bist-membership/events/bist_duyuru_14118_2020-09-18.html,INSUFFICIENT_IDENTITY_EVIDENCE,ACQUIRED,Itemised in the periodic review announcement; effective at the stated index-period start.
EV-550,Borsa Istanbul,14118,2020 yılı dördüncü üç aylık dönemi için BIST Pay Endeksleri kapsamında yer alacak paylarda değişiklik yapılmıştır,2020-09-18,2020-10-01,2020,2020Q4,KARSN,KARSAN OTOMOTIV,REMOVE,XU100,SCHEDULED,https://www.borsaistanbul.com/duyuru/14118/2020-yili-dorduncu-uc-aylik-donemi-icin-bist-pay-endeksleri-kapsaminda-yer-alacak-paylarda-degisiklik-yapilmistir,2026-08-24T03:03:26Z,bist_duyuru_14118_2020-09-18.html,cc48a5b20f6093e06d856242faf6c3c8676fb8f8e712fda0f0bbd6ce3d8101ed,136067,PRIVATE_LOCAL_RAW,PRIVATE_LOCAL_RAW:bist-membership/events/bist_duyuru_14118_2020-09-18.html,INSUFFICIENT_IDENTITY_EVIDENCE,ACQUIRED,Itemised in the periodic review announcement; effective at the stated index-period start.
EV-551,Borsa Istanbul,14118,2020 yılı dördüncü üç aylık dönemi için BIST Pay Endeksleri kapsamında yer alacak paylarda değişiklik yapılmıştır,2020-09-18,2020-10-01,2020,2020Q4,KLMSN,KLIMASAN KLIMA,REMOVE,XU100,SCHEDULED,https://www.borsaistanbul.com/duyuru/14118/2020-yili-dorduncu-uc-aylik-donemi-icin-bist-pay-endeksleri-kapsaminda-yer-alacak-paylarda-degisiklik-yapilmistir,2026-08-24T03:03:26Z,bist_duyuru_14118_2020-09-18.html,cc48a5b20f6093e06d856242faf6c3c8676fb8f8e712fda0f0bbd6ce3d8101ed,136067,PRIVATE_LOCAL_RAW,PRIVATE_LOCAL_RAW:bist-membership/events/bist_duyuru_14118_2020-09-18.html,INSUFFICIENT_IDENTITY_EVIDENCE,ACQUIRED,Itemised in the periodic review announcement; effective at the stated index-period start.
EV-552,Borsa Istanbul,14118,2020 yılı dördüncü üç aylık dönemi için BIST Pay Endeksleri kapsamında yer alacak paylarda değişiklik yapılmıştır,2020-09-18,2020-10-01,2020,2020Q4,SODA,SODA SANAYII,REMOVE,XU100,SCHEDULED,https://www.borsaistanbul.com/duyuru/14118/2020-yili-dorduncu-uc-aylik-donemi-icin-bist-pay-endeksleri-kapsaminda-yer-alacak-paylarda-degisiklik-yapilmistir,2026-08-24T03:03:26Z,bist_duyuru_14118_2020-09-18.html,cc48a5b20f6093e06d856242faf6c3c8676fb8f8e712fda0f0bbd6ce3d8101ed,136067,PRIVATE_LOCAL_RAW,PRIVATE_LOCAL_RAW:bist-membership/events/bist_duyuru_14118_2020-09-18.html,INSUFFICIENT_IDENTITY_EVIDENCE,ACQUIRED,Itemised in the periodic review announcement; effective at the stated index-period start.
EV-553,Borsa Istanbul,14118,2020 yılı dördüncü üç aylık dönemi için BIST Pay Endeksleri kapsamında yer alacak paylarda değişiklik yapılmıştır,2020-09-18,2020-10-01,2020,2020Q4,TRKCM,TRAKYA CAM,REMOVE,XU100,SCHEDULED,https://www.borsaistanbul.com/duyuru/14118/2020-yili-dorduncu-uc-aylik-donemi-icin-bist-pay-endeksleri-kapsaminda-yer-alacak-paylarda-degisiklik-yapilmistir,2026-08-24T03:03:26Z,bist_duyuru_14118_2020-09-18.html,cc48a5b20f6093e06d856242faf6c3c8676fb8f8e712fda0f0bbd6ce3d8101ed,136067,PRIVATE_LOCAL_RAW,PRIVATE_LOCAL_RAW:bist-membership/events/bist_duyuru_14118_2020-09-18.html,INSUFFICIENT_IDENTITY_EVIDENCE,ACQUIRED,Itemised in the periodic review announcement; effective at the stated index-period start.
EV-554,Borsa Istanbul,14118,2020 yılı dördüncü üç aylık dönemi için BIST Pay Endeksleri kapsamında yer alacak paylarda değişiklik yapılmıştır,2020-09-18,2020-10-01,2020,2020Q4,ECZYT,ECZACIBASI YATIRIM,OTHER_MEMBERSHIP_RELEVANT,XU100,SCHEDULED,https://www.borsaistanbul.com/duyuru/14118/2020-yili-dorduncu-uc-aylik-donemi-icin-bist-pay-endeksleri-kapsaminda-yer-alacak-paylarda-degisiklik-yapilmistir,2026-08-24T03:03:26Z,bist_duyuru_14118_2020-09-18.html,cc48a5b20f6093e06d856242faf6c3c8676fb8f8e712fda0f0bbd6ce3d8101ed,136067,PRIVATE_LOCAL_RAW,PRIVATE_LOCAL_RAW:bist-membership/events/bist_duyuru_14118_2020-09-18.html,INSUFFICIENT_IDENTITY_EVIDENCE,ACQUIRED,"Reserve (yedek) list entry: an eligible substitute under rulebook art. 7, NOT a membership change and NOT a state."
EV-555,Borsa Istanbul,14118,2020 yılı dördüncü üç aylık dönemi için BIST Pay Endeksleri kapsamında yer alacak paylarda değişiklik yapılmıştır,2020-09-18,2020-10-01,2020,2020Q4,EGGUB,EGE GUBRE,OTHER_MEMBERSHIP_RELEVANT,XU100,SCHEDULED,https://www.borsaistanbul.com/duyuru/14118/2020-yili-dorduncu-uc-aylik-donemi-icin-bist-pay-endeksleri-kapsaminda-yer-alacak-paylarda-degisiklik-yapilmistir,2026-08-24T03:03:26Z,bist_duyuru_14118_2020-09-18.html,cc48a5b20f6093e06d856242faf6c3c8676fb8f8e712fda0f0bbd6ce3d8101ed,136067,PRIVATE_LOCAL_RAW,PRIVATE_LOCAL_RAW:bist-membership/events/bist_duyuru_14118_2020-09-18.html,INSUFFICIENT_IDENTITY_EVIDENCE,ACQUIRED,"Reserve (yedek) list entry: an eligible substitute under rulebook art. 7, NOT a membership change and NOT a state."
EV-556,Borsa Istanbul,14118,2020 yılı dördüncü üç aylık dönemi için BIST Pay Endeksleri kapsamında yer alacak paylarda değişiklik yapılmıştır,2020-09-18,2020-10-01,2020,2020Q4,KONYA,KONYA CIMENTO,OTHER_MEMBERSHIP_RELEVANT,XU100,SCHEDULED,https://www.borsaistanbul.com/duyuru/14118/2020-yili-dorduncu-uc-aylik-donemi-icin-bist-pay-endeksleri-kapsaminda-yer-alacak-paylarda-degisiklik-yapilmistir,2026-08-24T03:03:26Z,bist_duyuru_14118_2020-09-18.html,cc48a5b20f6093e06d856242faf6c3c8676fb8f8e712fda0f0bbd6ce3d8101ed,136067,PRIVATE_LOCAL_RAW,PRIVATE_LOCAL_RAW:bist-membership/events/bist_duyuru_14118_2020-09-18.html,INSUFFICIENT_IDENTITY_EVIDENCE,ACQUIRED,"Reserve (yedek) list entry: an eligible substitute under rulebook art. 7, NOT a membership change and NOT a state."
EV-557,Borsa Istanbul,14118,2020 yılı dördüncü üç aylık dönemi için BIST Pay Endeksleri kapsamında yer alacak paylarda değişiklik yapılmıştır,2020-09-18,2020-10-01,2020,2020Q4,ALKIM,ALKIM KIMYA,ADD,XU050,SCHEDULED,https://www.borsaistanbul.com/duyuru/14118/2020-yili-dorduncu-uc-aylik-donemi-icin-bist-pay-endeksleri-kapsaminda-yer-alacak-paylarda-degisiklik-yapilmistir,2026-08-24T03:03:26Z,bist_duyuru_14118_2020-09-18.html,cc48a5b20f6093e06d856242faf6c3c8676fb8f8e712fda0f0bbd6ce3d8101ed,136067,PRIVATE_LOCAL_RAW,PRIVATE_LOCAL_RAW:bist-membership/events/bist_duyuru_14118_2020-09-18.html,INSUFFICIENT_IDENTITY_EVIDENCE,ACQUIRED,Itemised in the periodic review announcement; effective at the stated index-period start.
EV-558,Borsa Istanbul,14118,2020 yılı dördüncü üç aylık dönemi için BIST Pay Endeksleri kapsamında yer alacak paylarda değişiklik yapılmıştır,2020-09-18,2020-10-01,2020,2020Q4,ECILC,ECZACIBASI ILAC,ADD,XU050,SCHEDULED,https://www.borsaistanbul.com/duyuru/14118/2020-yili-dorduncu-uc-aylik-donemi-icin-bist-pay-endeksleri-kapsaminda-yer-alacak-paylarda-degisiklik-yapilmistir,2026-08-24T03:03:26Z,bist_duyuru_14118_2020-09-18.html,cc48a5b20f6093e06d856242faf6c3c8676fb8f8e712fda0f0bbd6ce3d8101ed,136067,PRIVATE_LOCAL_RAW,PRIVATE_LOCAL_RAW:bist-membership/events/bist_duyuru_14118_2020-09-18.html,INSUFFICIENT_IDENTITY_EVIDENCE,ACQUIRED,Itemised in the periodic review announcement; effective at the stated index-period start.
EV-559,Borsa Istanbul,14118,2020 yılı dördüncü üç aylık dönemi için BIST Pay Endeksleri kapsamında yer alacak paylarda değişiklik yapılmıştır,2020-09-18,2020-10-01,2020,2020Q4,TRGYO,TORUNLAR GMYO,ADD,XU050,SCHEDULED,https://www.borsaistanbul.com/duyuru/14118/2020-yili-dorduncu-uc-aylik-donemi-icin-bist-pay-endeksleri-kapsaminda-yer-alacak-paylarda-degisiklik-yapilmistir,2026-08-24T03:03:26Z,bist_duyuru_14118_2020-09-18.html,cc48a5b20f6093e06d856242faf6c3c8676fb8f8e712fda0f0bbd6ce3d8101ed,136067,PRIVATE_LOCAL_RAW,PRIVATE_LOCAL_RAW:bist-membership/events/bist_duyuru_14118_2020-09-18.html,INSUFFICIENT_IDENTITY_EVIDENCE,ACQUIRED,Itemised in the periodic review announcement; effective at the stated index-period start.
EV-560,Borsa Istanbul,14118,2020 yılı dördüncü üç aylık dönemi için BIST Pay Endeksleri kapsamında yer alacak paylarda değişiklik yapılmıştır,2020-09-18,2020-10-01,2020,2020Q4,TURSG,TURKIYE SIGORTA,ADD,XU050,SCHEDULED,https://www.borsaistanbul.com/duyuru/14118/2020-yili-dorduncu-uc-aylik-donemi-icin-bist-pay-endeksleri-kapsaminda-yer-alacak-paylarda-degisiklik-yapilmistir,2026-08-24T03:03:26Z,bist_duyuru_14118_2020-09-18.html,cc48a5b20f6093e06d856242faf6c3c8676fb8f8e712fda0f0bbd6ce3d8101ed,136067,PRIVATE_LOCAL_RAW,PRIVATE_LOCAL_RAW:bist-membership/events/bist_duyuru_14118_2020-09-18.html,INSUFFICIENT_IDENTITY_EVIDENCE,ACQUIRED,Itemised in the periodic review announcement; effective at the stated index-period start.
EV-561,Borsa Istanbul,14118,2020 yılı dördüncü üç aylık dönemi için BIST Pay Endeksleri kapsamında yer alacak paylarda değişiklik yapılmıştır,2020-09-18,2020-10-01,2020,2020Q4,ANACM,ANADOLU CAM,REMOVE,XU050,SCHEDULED,https://www.borsaistanbul.com/duyuru/14118/2020-yili-dorduncu-uc-aylik-donemi-icin-bist-pay-endeksleri-kapsaminda-yer-alacak-paylarda-degisiklik-yapilmistir,2026-08-24T03:03:26Z,bist_duyuru_14118_2020-09-18.html,cc48a5b20f6093e06d856242faf6c3c8676fb8f8e712fda0f0bbd6ce3d8101ed,136067,PRIVATE_LOCAL_RAW,PRIVATE_LOCAL_RAW:bist-membership/events/bist_duyuru_14118_2020-09-18.html,INSUFFICIENT_IDENTITY_EVIDENCE,ACQUIRED,Itemised in the periodic review announcement; effective at the stated index-period start.
EV-562,Borsa Istanbul,14118,2020 yılı dördüncü üç aylık dönemi için BIST Pay Endeksleri kapsamında yer alacak paylarda değişiklik yapılmıştır,2020-09-18,2020-10-01,2020,2020Q4,FROTO,FORD OTOSAN,REMOVE,XU050,SCHEDULED,https://www.borsaistanbul.com/duyuru/14118/2020-yili-dorduncu-uc-aylik-donemi-icin-bist-pay-endeksleri-kapsaminda-yer-alacak-paylarda-degisiklik-yapilmistir,2026-08-24T03:03:26Z,bist_duyuru_14118_2020-09-18.html,cc48a5b20f6093e06d856242faf6c3c8676fb8f8e712fda0f0bbd6ce3d8101ed,136067,PRIVATE_LOCAL_RAW,PRIVATE_LOCAL_RAW:bist-membership/events/bist_duyuru_14118_2020-09-18.html,INSUFFICIENT_IDENTITY_EVIDENCE,ACQUIRED,Itemised in the periodic review announcement; effective at the stated index-period start.
EV-563,Borsa Istanbul,14118,2020 yılı dördüncü üç aylık dönemi için BIST Pay Endeksleri kapsamında yer alacak paylarda değişiklik yapılmıştır,2020-09-18,2020-10-01,2020,2020Q4,SODA,SODA SANAYII,REMOVE,XU050,SCHEDULED,https://www.borsaistanbul.com/duyuru/14118/2020-yili-dorduncu-uc-aylik-donemi-icin-bist-pay-endeksleri-kapsaminda-yer-alacak-paylarda-degisiklik-yapilmistir,2026-08-24T03:03:26Z,bist_duyuru_14118_2020-09-18.html,cc48a5b20f6093e06d856242faf6c3c8676fb8f8e712fda0f0bbd6ce3d8101ed,136067,PRIVATE_LOCAL_RAW,PRIVATE_LOCAL_RAW:bist-membership/events/bist_duyuru_14118_2020-09-18.html,INSUFFICIENT_IDENTITY_EVIDENCE,ACQUIRED,Itemised in the periodic review announcement; effective at the stated index-period start.
EV-564,Borsa Istanbul,14118,2020 yılı dördüncü üç aylık dönemi için BIST Pay Endeksleri kapsamında yer alacak paylarda değişiklik yapılmıştır,2020-09-18,2020-10-01,2020,2020Q4,TRKCM,TRAKYA CAM,REMOVE,XU050,SCHEDULED,https://www.borsaistanbul.com/duyuru/14118/2020-yili-dorduncu-uc-aylik-donemi-icin-bist-pay-endeksleri-kapsaminda-yer-alacak-paylarda-degisiklik-yapilmistir,2026-08-24T03:03:26Z,bist_duyuru_14118_2020-09-18.html,cc48a5b20f6093e06d856242faf6c3c8676fb8f8e712fda0f0bbd6ce3d8101ed,136067,PRIVATE_LOCAL_RAW,PRIVATE_LOCAL_RAW:bist-membership/events/bist_duyuru_14118_2020-09-18.html,INSUFFICIENT_IDENTITY_EVIDENCE,ACQUIRED,Itemised in the periodic review announcement; effective at the stated index-period start.
EV-565,Borsa Istanbul,14118,2020 yılı dördüncü üç aylık dönemi için BIST Pay Endeksleri kapsamında yer alacak paylarda değişiklik yapılmıştır,2020-09-18,2020-10-01,2020,2020Q4,EGEEN,EGE ENDUSTRI,OTHER_MEMBERSHIP_RELEVANT,XU050,SCHEDULED,https://www.borsaistanbul.com/duyuru/14118/2020-yili-dorduncu-uc-aylik-donemi-icin-bist-pay-endeksleri-kapsaminda-yer-alacak-paylarda-degisiklik-yapilmistir,2026-08-24T03:03:26Z,bist_duyuru_14118_2020-09-18.html,cc48a5b20f6093e06d856242faf6c3c8676fb8f8e712fda0f0bbd6ce3d8101ed,136067,PRIVATE_LOCAL_RAW,PRIVATE_LOCAL_RAW:bist-membership/events/bist_duyuru_14118_2020-09-18.html,INSUFFICIENT_IDENTITY_EVIDENCE,ACQUIRED,"Reserve (yedek) list entry: an eligible substitute under rulebook art. 7, NOT a membership change and NOT a state."
EV-566,Borsa Istanbul,14118,2020 yılı dördüncü üç aylık dönemi için BIST Pay Endeksleri kapsamında yer alacak paylarda değişiklik yapılmıştır,2020-09-18,2020-10-01,2020,2020Q4,ALBRK,ALBARAKA TURK,OTHER_MEMBERSHIP_RELEVANT,XU050,SCHEDULED,https://www.borsaistanbul.com/duyuru/14118/2020-yili-dorduncu-uc-aylik-donemi-icin-bist-pay-endeksleri-kapsaminda-yer-alacak-paylarda-degisiklik-yapilmistir,2026-08-24T03:03:26Z,bist_duyuru_14118_2020-09-18.html,cc48a5b20f6093e06d856242faf6c3c8676fb8f8e712fda0f0bbd6ce3d8101ed,136067,PRIVATE_LOCAL_RAW,PRIVATE_LOCAL_RAW:bist-membership/events/bist_duyuru_14118_2020-09-18.html,INSUFFICIENT_IDENTITY_EVIDENCE,ACQUIRED,"Reserve (yedek) list entry: an eligible substitute under rulebook art. 7, NOT a membership change and NOT a state."
EV-567,Borsa Istanbul,14118,2020 yılı dördüncü üç aylık dönemi için BIST Pay Endeksleri kapsamında yer alacak paylarda değişiklik yapılmıştır,2020-09-18,2020-10-01,2020,2020Q4,DOCO,DO-CO,OTHER_MEMBERSHIP_RELEVANT,XU050,SCHEDULED,https://www.borsaistanbul.com/duyuru/14118/2020-yili-dorduncu-uc-aylik-donemi-icin-bist-pay-endeksleri-kapsaminda-yer-alacak-paylarda-degisiklik-yapilmistir,2026-08-24T03:03:26Z,bist_duyuru_14118_2020-09-18.html,cc48a5b20f6093e06d856242faf6c3c8676fb8f8e712fda0f0bbd6ce3d8101ed,136067,PRIVATE_LOCAL_RAW,PRIVATE_LOCAL_RAW:bist-membership/events/bist_duyuru_14118_2020-09-18.html,INSUFFICIENT_IDENTITY_EVIDENCE,ACQUIRED,"Reserve (yedek) list entry: an eligible substitute under rulebook art. 7, NOT a membership change and NOT a state."
EV-568,Borsa Istanbul,14118,2020 yılı dördüncü üç aylık dönemi için BIST Pay Endeksleri kapsamında yer alacak paylarda değişiklik yapılmıştır,2020-09-18,2020-10-01,2020,2020Q4,GUBRF,GUBRE FABRIK.,ADD,XU030,SCHEDULED,https://www.borsaistanbul.com/duyuru/14118/2020-yili-dorduncu-uc-aylik-donemi-icin-bist-pay-endeksleri-kapsaminda-yer-alacak-paylarda-degisiklik-yapilmistir,2026-08-24T03:03:26Z,bist_duyuru_14118_2020-09-18.html,cc48a5b20f6093e06d856242faf6c3c8676fb8f8e712fda0f0bbd6ce3d8101ed,136067,PRIVATE_LOCAL_RAW,PRIVATE_LOCAL_RAW:bist-membership/events/bist_duyuru_14118_2020-09-18.html,INSUFFICIENT_IDENTITY_EVIDENCE,ACQUIRED,Itemised in the periodic review announcement; effective at the stated index-period start.
EV-569,Borsa Istanbul,14118,2020 yılı dördüncü üç aylık dönemi için BIST Pay Endeksleri kapsamında yer alacak paylarda değişiklik yapılmıştır,2020-09-18,2020-10-01,2020,2020Q4,OYAKC,OYAK CIMENTO,ADD,XU030,SCHEDULED,https://www.borsaistanbul.com/duyuru/14118/2020-yili-dorduncu-uc-aylik-donemi-icin-bist-pay-endeksleri-kapsaminda-yer-alacak-paylarda-degisiklik-yapilmistir,2026-08-24T03:03:26Z,bist_duyuru_14118_2020-09-18.html,cc48a5b20f6093e06d856242faf6c3c8676fb8f8e712fda0f0bbd6ce3d8101ed,136067,PRIVATE_LOCAL_RAW,PRIVATE_LOCAL_RAW:bist-membership/events/bist_duyuru_14118_2020-09-18.html,INSUFFICIENT_IDENTITY_EVIDENCE,ACQUIRED,Itemised in the periodic review announcement; effective at the stated index-period start.
EV-570,Borsa Istanbul,14118,2020 yılı dördüncü üç aylık dönemi için BIST Pay Endeksleri kapsamında yer alacak paylarda değişiklik yapılmıştır,2020-09-18,2020-10-01,2020,2020Q4,SODA,SODA SANAYII,REMOVE,XU030,SCHEDULED,https://www.borsaistanbul.com/duyuru/14118/2020-yili-dorduncu-uc-aylik-donemi-icin-bist-pay-endeksleri-kapsaminda-yer-alacak-paylarda-degisiklik-yapilmistir,2026-08-24T03:03:26Z,bist_duyuru_14118_2020-09-18.html,cc48a5b20f6093e06d856242faf6c3c8676fb8f8e712fda0f0bbd6ce3d8101ed,136067,PRIVATE_LOCAL_RAW,PRIVATE_LOCAL_RAW:bist-membership/events/bist_duyuru_14118_2020-09-18.html,INSUFFICIENT_IDENTITY_EVIDENCE,ACQUIRED,Itemised in the periodic review announcement; effective at the stated index-period start.
EV-571,Borsa Istanbul,14118,2020 yılı dördüncü üç aylık dönemi için BIST Pay Endeksleri kapsamında yer alacak paylarda değişiklik yapılmıştır,2020-09-18,2020-10-01,2020,2020Q4,TRKCM,TRAKYA CAM,REMOVE,XU030,SCHEDULED,https://www.borsaistanbul.com/duyuru/14118/2020-yili-dorduncu-uc-aylik-donemi-icin-bist-pay-endeksleri-kapsaminda-yer-alacak-paylarda-degisiklik-yapilmistir,2026-08-24T03:03:26Z,bist_duyuru_14118_2020-09-18.html,cc48a5b20f6093e06d856242faf6c3c8676fb8f8e712fda0f0bbd6ce3d8101ed,136067,PRIVATE_LOCAL_RAW,PRIVATE_LOCAL_RAW:bist-membership/events/bist_duyuru_14118_2020-09-18.html,INSUFFICIENT_IDENTITY_EVIDENCE,ACQUIRED,Itemised in the periodic review announcement; effective at the stated index-period start.
EV-572,Borsa Istanbul,14118,2020 yılı dördüncü üç aylık dönemi için BIST Pay Endeksleri kapsamında yer alacak paylarda değişiklik yapılmıştır,2020-09-18,2020-10-01,2020,2020Q4,SOKM,SOK MARKETLER TICARET,OTHER_MEMBERSHIP_RELEVANT,XU030,SCHEDULED,https://www.borsaistanbul.com/duyuru/14118/2020-yili-dorduncu-uc-aylik-donemi-icin-bist-pay-endeksleri-kapsaminda-yer-alacak-paylarda-degisiklik-yapilmistir,2026-08-24T03:03:26Z,bist_duyuru_14118_2020-09-18.html,cc48a5b20f6093e06d856242faf6c3c8676fb8f8e712fda0f0bbd6ce3d8101ed,136067,PRIVATE_LOCAL_RAW,PRIVATE_LOCAL_RAW:bist-membership/events/bist_duyuru_14118_2020-09-18.html,INSUFFICIENT_IDENTITY_EVIDENCE,ACQUIRED,"Reserve (yedek) list entry: an eligible substitute under rulebook art. 7, NOT a membership change and NOT a state."
EV-573,Borsa Istanbul,14118,2020 yılı dördüncü üç aylık dönemi için BIST Pay Endeksleri kapsamında yer alacak paylarda değişiklik yapılmıştır,2020-09-18,2020-10-01,2020,2020Q4,SASA,SASA POLYESTER,OTHER_MEMBERSHIP_RELEVANT,XU030,SCHEDULED,https://www.borsaistanbul.com/duyuru/14118/2020-yili-dorduncu-uc-aylik-donemi-icin-bist-pay-endeksleri-kapsaminda-yer-alacak-paylarda-degisiklik-yapilmistir,2026-08-24T03:03:26Z,bist_duyuru_14118_2020-09-18.html,cc48a5b20f6093e06d856242faf6c3c8676fb8f8e712fda0f0bbd6ce3d8101ed,136067,PRIVATE_LOCAL_RAW,PRIVATE_LOCAL_RAW:bist-membership/events/bist_duyuru_14118_2020-09-18.html,INSUFFICIENT_IDENTITY_EVIDENCE,ACQUIRED,"Reserve (yedek) list entry: an eligible substitute under rulebook art. 7, NOT a membership change and NOT a state."
EV-574,Borsa Istanbul,14118,2020 yılı dördüncü üç aylık dönemi için BIST Pay Endeksleri kapsamında yer alacak paylarda değişiklik yapılmıştır,2020-09-18,2020-10-01,2020,2020Q4,VESTL,VESTEL,OTHER_MEMBERSHIP_RELEVANT,XU030,SCHEDULED,https://www.borsaistanbul.com/duyuru/14118/2020-yili-dorduncu-uc-aylik-donemi-icin-bist-pay-endeksleri-kapsaminda-yer-alacak-paylarda-degisiklik-yapilmistir,2026-08-24T03:03:26Z,bist_duyuru_14118_2020-09-18.html,cc48a5b20f6093e06d856242faf6c3c8676fb8f8e712fda0f0bbd6ce3d8101ed,136067,PRIVATE_LOCAL_RAW,PRIVATE_LOCAL_RAW:bist-membership/events/bist_duyuru_14118_2020-09-18.html,INSUFFICIENT_IDENTITY_EVIDENCE,ACQUIRED,"Reserve (yedek) list entry: an eligible substitute under rulebook art. 7, NOT a membership change and NOT a state."
EV-575,Borsa Istanbul,14132,2021 yılı birinci üç aylık dönemi için BIST Pay Endeksleri kapsamında yer alacak paylarda değişiklik yapılmıştır,2020-12-21,2021-01-01,2021,2021Q1,NA,NA,REVIEW_SCHEDULE,XU030;XU050;XU100,SCHEDULED,https://www.borsaistanbul.com/duyuru/14132/2021-yili-birinci-uc-aylik-donemi-icin-bist-pay-endeksleri-kapsaminda-yer-alacak-paylarda-degisiklik-yapilmistir,2026-08-24T03:03:26Z,bist_duyuru_14132_2020-12-21.html,4def252de176bb6443369eaa176fd9c25a20ef861048880ec715d1a0952d63b0,124013,PRIVATE_LOCAL_RAW,PRIVATE_LOCAL_RAW:bist-membership/events/bist_duyuru_14132_2020-12-21.html,NA,ACQUIRED,"Periodic review announcement. The document states the index period explicitly as 2021-01-01 to 2021-03-31; effective_date is that stated period start, not the publication date. Additions and removals are equal in number in every transcribed table, consistent with rulebook art. 6(c)/(d). Tables for BIST LİKİT BANKA ENDEKSİ, BIST BANKA DIŞI LİKİT 10 ENDEKSİ are present in the source but were NOT transcribed: no first-party index code was established for them."
EV-576,Borsa Istanbul,14132,2021 yılı birinci üç aylık dönemi için BIST Pay Endeksleri kapsamında yer alacak paylarda değişiklik yapılmıştır,2020-12-21,2021-01-01,2021,2021Q1,BERA,BERA HOLDING,ADD,XU100,SCHEDULED,https://www.borsaistanbul.com/duyuru/14132/2021-yili-birinci-uc-aylik-donemi-icin-bist-pay-endeksleri-kapsaminda-yer-alacak-paylarda-degisiklik-yapilmistir,2026-08-24T03:03:26Z,bist_duyuru_14132_2020-12-21.html,4def252de176bb6443369eaa176fd9c25a20ef861048880ec715d1a0952d63b0,124013,PRIVATE_LOCAL_RAW,PRIVATE_LOCAL_RAW:bist-membership/events/bist_duyuru_14132_2020-12-21.html,INSUFFICIENT_IDENTITY_EVIDENCE,ACQUIRED,Itemised in the periodic review announcement; effective at the stated index-period start.
EV-577,Borsa Istanbul,14132,2021 yılı birinci üç aylık dönemi için BIST Pay Endeksleri kapsamında yer alacak paylarda değişiklik yapılmıştır,2020-12-21,2021-01-01,2021,2021Q1,EGGUB,EGE GUBRE,ADD,XU100,SCHEDULED,https://www.borsaistanbul.com/duyuru/14132/2021-yili-birinci-uc-aylik-donemi-icin-bist-pay-endeksleri-kapsaminda-yer-alacak-paylarda-degisiklik-yapilmistir,2026-08-24T03:03:26Z,bist_duyuru_14132_2020-12-21.html,4def252de176bb6443369eaa176fd9c25a20ef861048880ec715d1a0952d63b0,124013,PRIVATE_LOCAL_RAW,PRIVATE_LOCAL_RAW:bist-membership/events/bist_duyuru_14132_2020-12-21.html,INSUFFICIENT_IDENTITY_EVIDENCE,ACQUIRED,Itemised in the periodic review announcement; effective at the stated index-period start.
EV-578,Borsa Istanbul,14132,2021 yılı birinci üç aylık dönemi için BIST Pay Endeksleri kapsamında yer alacak paylarda değişiklik yapılmıştır,2020-12-21,2021-01-01,2021,2021Q1,IHLGM,IHLAS GAYRIMENKUL,ADD,XU100,SCHEDULED,https://www.borsaistanbul.com/duyuru/14132/2021-yili-birinci-uc-aylik-donemi-icin-bist-pay-endeksleri-kapsaminda-yer-alacak-paylarda-degisiklik-yapilmistir,2026-08-24T03:03:26Z,bist_duyuru_14132_2020-12-21.html,4def252de176bb6443369eaa176fd9c25a20ef861048880ec715d1a0952d63b0,124013,PRIVATE_LOCAL_RAW,PRIVATE_LOCAL_RAW:bist-membership/events/bist_duyuru_14132_2020-12-21.html,INSUFFICIENT_IDENTITY_EVIDENCE,ACQUIRED,Itemised in the periodic review announcement; effective at the stated index-period start.
EV-579,Borsa Istanbul,14132,2021 yılı birinci üç aylık dönemi için BIST Pay Endeksleri kapsamında yer alacak paylarda değişiklik yapılmıştır,2020-12-21,2021-01-01,2021,2021Q1,KARSN,KARSAN OTOMOTIV,ADD,XU100,SCHEDULED,https://www.borsaistanbul.com/duyuru/14132/2021-yili-birinci-uc-aylik-donemi-icin-bist-pay-endeksleri-kapsaminda-yer-alacak-paylarda-degisiklik-yapilmistir,2026-08-24T03:03:26Z,bist_duyuru_14132_2020-12-21.html,4def252de176bb6443369eaa176fd9c25a20ef861048880ec715d1a0952d63b0,124013,PRIVATE_LOCAL_RAW,PRIVATE_LOCAL_RAW:bist-membership/events/bist_duyuru_14132_2020-12-21.html,INSUFFICIENT_IDENTITY_EVIDENCE,ACQUIRED,Itemised in the periodic review announcement; effective at the stated index-period start.
EV-580,Borsa Istanbul,14132,2021 yılı birinci üç aylık dönemi için BIST Pay Endeksleri kapsamında yer alacak paylarda değişiklik yapılmıştır,2020-12-21,2021-01-01,2021,2021Q1,KONYA,KONYA CIMENTO,ADD,XU100,SCHEDULED,https://www.borsaistanbul.com/duyuru/14132/2021-yili-birinci-uc-aylik-donemi-icin-bist-pay-endeksleri-kapsaminda-yer-alacak-paylarda-degisiklik-yapilmistir,2026-08-24T03:03:26Z,bist_duyuru_14132_2020-12-21.html,4def252de176bb6443369eaa176fd9c25a20ef861048880ec715d1a0952d63b0,124013,PRIVATE_LOCAL_RAW,PRIVATE_LOCAL_RAW:bist-membership/events/bist_duyuru_14132_2020-12-21.html,INSUFFICIENT_IDENTITY_EVIDENCE,ACQUIRED,Itemised in the periodic review announcement; effective at the stated index-period start.
EV-581,Borsa Istanbul,14132,2021 yılı birinci üç aylık dönemi için BIST Pay Endeksleri kapsamında yer alacak paylarda değişiklik yapılmıştır,2020-12-21,2021-01-01,2021,2021Q1,VERUS,VERUSA HOLDING,ADD,XU100,SCHEDULED,https://www.borsaistanbul.com/duyuru/14132/2021-yili-birinci-uc-aylik-donemi-icin-bist-pay-endeksleri-kapsaminda-yer-alacak-paylarda-degisiklik-yapilmistir,2026-08-24T03:03:26Z,bist_duyuru_14132_2020-12-21.html,4def252de176bb6443369eaa176fd9c25a20ef861048880ec715d1a0952d63b0,124013,PRIVATE_LOCAL_RAW,PRIVATE_LOCAL_RAW:bist-membership/events/bist_duyuru_14132_2020-12-21.html,INSUFFICIENT_IDENTITY_EVIDENCE,ACQUIRED,Itemised in the periodic review announcement; effective at the stated index-period start.
EV-582,Borsa Istanbul,14132,2021 yılı birinci üç aylık dönemi için BIST Pay Endeksleri kapsamında yer alacak paylarda değişiklik yapılmıştır,2020-12-21,2021-01-01,2021,2021Q1,ARDYZ,ARD BILISIM TEKNOLOJILERI,REMOVE,XU100,SCHEDULED,https://www.borsaistanbul.com/duyuru/14132/2021-yili-birinci-uc-aylik-donemi-icin-bist-pay-endeksleri-kapsaminda-yer-alacak-paylarda-degisiklik-yapilmistir,2026-08-24T03:03:26Z,bist_duyuru_14132_2020-12-21.html,4def252de176bb6443369eaa176fd9c25a20ef861048880ec715d1a0952d63b0,124013,PRIVATE_LOCAL_RAW,PRIVATE_LOCAL_RAW:bist-membership/events/bist_duyuru_14132_2020-12-21.html,INSUFFICIENT_IDENTITY_EVIDENCE,ACQUIRED,Itemised in the periodic review announcement; effective at the stated index-period start.
EV-583,Borsa Istanbul,14132,2021 yılı birinci üç aylık dönemi için BIST Pay Endeksleri kapsamında yer alacak paylarda değişiklik yapılmıştır,2020-12-21,2021-01-01,2021,2021Q1,CLEBI,CELEBI,REMOVE,XU100,SCHEDULED,https://www.borsaistanbul.com/duyuru/14132/2021-yili-birinci-uc-aylik-donemi-icin-bist-pay-endeksleri-kapsaminda-yer-alacak-paylarda-degisiklik-yapilmistir,2026-08-24T03:03:26Z,bist_duyuru_14132_2020-12-21.html,4def252de176bb6443369eaa176fd9c25a20ef861048880ec715d1a0952d63b0,124013,PRIVATE_LOCAL_RAW,PRIVATE_LOCAL_RAW:bist-membership/events/bist_duyuru_14132_2020-12-21.html,INSUFFICIENT_IDENTITY_EVIDENCE,ACQUIRED,Itemised in the periodic review announcement; effective at the stated index-period start.
EV-584,Borsa Istanbul,14132,2021 yılı birinci üç aylık dönemi için BIST Pay Endeksleri kapsamında yer alacak paylarda değişiklik yapılmıştır,2020-12-21,2021-01-01,2021,2021Q1,DOCO,DO-CO,REMOVE,XU100,SCHEDULED,https://www.borsaistanbul.com/duyuru/14132/2021-yili-birinci-uc-aylik-donemi-icin-bist-pay-endeksleri-kapsaminda-yer-alacak-paylarda-degisiklik-yapilmistir,2026-08-24T03:03:26Z,bist_duyuru_14132_2020-12-21.html,4def252de176bb6443369eaa176fd9c25a20ef861048880ec715d1a0952d63b0,124013,PRIVATE_LOCAL_RAW,PRIVATE_LOCAL_RAW:bist-membership/events/bist_duyuru_14132_2020-12-21.html,INSUFFICIENT_IDENTITY_EVIDENCE,ACQUIRED,Itemised in the periodic review announcement; effective at the stated index-period start.
EV-585,Borsa Istanbul,14132,2021 yılı birinci üç aylık dönemi için BIST Pay Endeksleri kapsamında yer alacak paylarda değişiklik yapılmıştır,2020-12-21,2021-01-01,2021,2021Q1,KAREL,KAREL ELEKTRONIK,REMOVE,XU100,SCHEDULED,https://www.borsaistanbul.com/duyuru/14132/2021-yili-birinci-uc-aylik-donemi-icin-bist-pay-endeksleri-kapsaminda-yer-alacak-paylarda-degisiklik-yapilmistir,2026-08-24T03:03:26Z,bist_duyuru_14132_2020-12-21.html,4def252de176bb6443369eaa176fd9c25a20ef861048880ec715d1a0952d63b0,124013,PRIVATE_LOCAL_RAW,PRIVATE_LOCAL_RAW:bist-membership/events/bist_duyuru_14132_2020-12-21.html,INSUFFICIENT_IDENTITY_EVIDENCE,ACQUIRED,Itemised in the periodic review announcement; effective at the stated index-period start.
EV-586,Borsa Istanbul,14132,2021 yılı birinci üç aylık dönemi için BIST Pay Endeksleri kapsamında yer alacak paylarda değişiklik yapılmıştır,2020-12-21,2021-01-01,2021,2021Q1,PETUN,PINAR ET VE UN,REMOVE,XU100,SCHEDULED,https://www.borsaistanbul.com/duyuru/14132/2021-yili-birinci-uc-aylik-donemi-icin-bist-pay-endeksleri-kapsaminda-yer-alacak-paylarda-degisiklik-yapilmistir,2026-08-24T03:03:26Z,bist_duyuru_14132_2020-12-21.html,4def252de176bb6443369eaa176fd9c25a20ef861048880ec715d1a0952d63b0,124013,PRIVATE_LOCAL_RAW,PRIVATE_LOCAL_RAW:bist-membership/events/bist_duyuru_14132_2020-12-21.html,INSUFFICIENT_IDENTITY_EVIDENCE,ACQUIRED,Same ticker also appears in the RESERVE column of the same table in the same document.
EV-587,Borsa Istanbul,14132,2021 yılı birinci üç aylık dönemi için BIST Pay Endeksleri kapsamında yer alacak paylarda değişiklik yapılmıştır,2020-12-21,2021-01-01,2021,2021Q1,TMSN,TUMOSAN MOTOR VE TRAKTOR,REMOVE,XU100,SCHEDULED,https://www.borsaistanbul.com/duyuru/14132/2021-yili-birinci-uc-aylik-donemi-icin-bist-pay-endeksleri-kapsaminda-yer-alacak-paylarda-degisiklik-yapilmistir,2026-08-24T03:03:26Z,bist_duyuru_14132_2020-12-21.html,4def252de176bb6443369eaa176fd9c25a20ef861048880ec715d1a0952d63b0,124013,PRIVATE_LOCAL_RAW,PRIVATE_LOCAL_RAW:bist-membership/events/bist_duyuru_14132_2020-12-21.html,INSUFFICIENT_IDENTITY_EVIDENCE,ACQUIRED,Itemised in the periodic review announcement; effective at the stated index-period start.
EV-588,Borsa Istanbul,14132,2021 yılı birinci üç aylık dönemi için BIST Pay Endeksleri kapsamında yer alacak paylarda değişiklik yapılmıştır,2020-12-21,2021-01-01,2021,2021Q1,ECZYT,ECZACIBASI YATIRIM,OTHER_MEMBERSHIP_RELEVANT,XU100,SCHEDULED,https://www.borsaistanbul.com/duyuru/14132/2021-yili-birinci-uc-aylik-donemi-icin-bist-pay-endeksleri-kapsaminda-yer-alacak-paylarda-degisiklik-yapilmistir,2026-08-24T03:03:26Z,bist_duyuru_14132_2020-12-21.html,4def252de176bb6443369eaa176fd9c25a20ef861048880ec715d1a0952d63b0,124013,PRIVATE_LOCAL_RAW,PRIVATE_LOCAL_RAW:bist-membership/events/bist_duyuru_14132_2020-12-21.html,INSUFFICIENT_IDENTITY_EVIDENCE,ACQUIRED,"Reserve (yedek) list entry: an eligible substitute under rulebook art. 7, NOT a membership change and NOT a state."
EV-589,Borsa Istanbul,14132,2021 yılı birinci üç aylık dönemi için BIST Pay Endeksleri kapsamında yer alacak paylarda değişiklik yapılmıştır,2020-12-21,2021-01-01,2021,2021Q1,PETUN,PINAR ET VE UN,OTHER_MEMBERSHIP_RELEVANT,XU100,SCHEDULED,https://www.borsaistanbul.com/duyuru/14132/2021-yili-birinci-uc-aylik-donemi-icin-bist-pay-endeksleri-kapsaminda-yer-alacak-paylarda-degisiklik-yapilmistir,2026-08-24T03:03:26Z,bist_duyuru_14132_2020-12-21.html,4def252de176bb6443369eaa176fd9c25a20ef861048880ec715d1a0952d63b0,124013,PRIVATE_LOCAL_RAW,PRIVATE_LOCAL_RAW:bist-membership/events/bist_duyuru_14132_2020-12-21.html,INSUFFICIENT_IDENTITY_EVIDENCE,ACQUIRED,"Reserve (yedek) list entry: an eligible substitute under rulebook art. 7, NOT a membership change and NOT a state. Same ticker also appears in the REMOVE column of the same table in the same document."
EV-590,Borsa Istanbul,14132,2021 yılı birinci üç aylık dönemi için BIST Pay Endeksleri kapsamında yer alacak paylarda değişiklik yapılmıştır,2020-12-21,2021-01-01,2021,2021Q1,ARENA,ARENA BILGISAYAR,OTHER_MEMBERSHIP_RELEVANT,XU100,SCHEDULED,https://www.borsaistanbul.com/duyuru/14132/2021-yili-birinci-uc-aylik-donemi-icin-bist-pay-endeksleri-kapsaminda-yer-alacak-paylarda-degisiklik-yapilmistir,2026-08-24T03:03:26Z,bist_duyuru_14132_2020-12-21.html,4def252de176bb6443369eaa176fd9c25a20ef861048880ec715d1a0952d63b0,124013,PRIVATE_LOCAL_RAW,PRIVATE_LOCAL_RAW:bist-membership/events/bist_duyuru_14132_2020-12-21.html,INSUFFICIENT_IDENTITY_EVIDENCE,ACQUIRED,"Reserve (yedek) list entry: an eligible substitute under rulebook art. 7, NOT a membership change and NOT a state."
EV-591,Borsa Istanbul,14132,2021 yılı birinci üç aylık dönemi için BIST Pay Endeksleri kapsamında yer alacak paylarda değişiklik yapılmıştır,2020-12-21,2021-01-01,2021,2021Q1,EGEEN,EGE ENDUSTRI,ADD,XU050,SCHEDULED,https://www.borsaistanbul.com/duyuru/14132/2021-yili-birinci-uc-aylik-donemi-icin-bist-pay-endeksleri-kapsaminda-yer-alacak-paylarda-degisiklik-yapilmistir,2026-08-24T03:03:26Z,bist_duyuru_14132_2020-12-21.html,4def252de176bb6443369eaa176fd9c25a20ef861048880ec715d1a0952d63b0,124013,PRIVATE_LOCAL_RAW,PRIVATE_LOCAL_RAW:bist-membership/events/bist_duyuru_14132_2020-12-21.html,INSUFFICIENT_IDENTITY_EVIDENCE,ACQUIRED,Itemised in the periodic review announcement; effective at the stated index-period start.
EV-592,Borsa Istanbul,14132,2021 yılı birinci üç aylık dönemi için BIST Pay Endeksleri kapsamında yer alacak paylarda değişiklik yapılmıştır,2020-12-21,2021-01-01,2021,2021Q1,IHLGM,IHLAS GAYRIMENKUL,ADD,XU050,SCHEDULED,https://www.borsaistanbul.com/duyuru/14132/2021-yili-birinci-uc-aylik-donemi-icin-bist-pay-endeksleri-kapsaminda-yer-alacak-paylarda-degisiklik-yapilmistir,2026-08-24T03:03:26Z,bist_duyuru_14132_2020-12-21.html,4def252de176bb6443369eaa176fd9c25a20ef861048880ec715d1a0952d63b0,124013,PRIVATE_LOCAL_RAW,PRIVATE_LOCAL_RAW:bist-membership/events/bist_duyuru_14132_2020-12-21.html,INSUFFICIENT_IDENTITY_EVIDENCE,ACQUIRED,Itemised in the periodic review announcement; effective at the stated index-period start.
EV-593,Borsa Istanbul,14132,2021 yılı birinci üç aylık dönemi için BIST Pay Endeksleri kapsamında yer alacak paylarda değişiklik yapılmıştır,2020-12-21,2021-01-01,2021,2021Q1,KARSN,KARSAN OTOMOTIV,ADD,XU050,SCHEDULED,https://www.borsaistanbul.com/duyuru/14132/2021-yili-birinci-uc-aylik-donemi-icin-bist-pay-endeksleri-kapsaminda-yer-alacak-paylarda-degisiklik-yapilmistir,2026-08-24T03:03:26Z,bist_duyuru_14132_2020-12-21.html,4def252de176bb6443369eaa176fd9c25a20ef861048880ec715d1a0952d63b0,124013,PRIVATE_LOCAL_RAW,PRIVATE_LOCAL_RAW:bist-membership/events/bist_duyuru_14132_2020-12-21.html,INSUFFICIENT_IDENTITY_EVIDENCE,ACQUIRED,Itemised in the periodic review announcement; effective at the stated index-period start.
EV-594,Borsa Istanbul,14132,2021 yılı birinci üç aylık dönemi için BIST Pay Endeksleri kapsamında yer alacak paylarda değişiklik yapılmıştır,2020-12-21,2021-01-01,2021,2021Q1,SKBNK,SEKERBANK,ADD,XU050,SCHEDULED,https://www.borsaistanbul.com/duyuru/14132/2021-yili-birinci-uc-aylik-donemi-icin-bist-pay-endeksleri-kapsaminda-yer-alacak-paylarda-degisiklik-yapilmistir,2026-08-24T03:03:26Z,bist_duyuru_14132_2020-12-21.html,4def252de176bb6443369eaa176fd9c25a20ef861048880ec715d1a0952d63b0,124013,PRIVATE_LOCAL_RAW,PRIVATE_LOCAL_RAW:bist-membership/events/bist_duyuru_14132_2020-12-21.html,INSUFFICIENT_IDENTITY_EVIDENCE,ACQUIRED,Itemised in the periodic review announcement; effective at the stated index-period start.
EV-595,Borsa Istanbul,14132,2021 yılı birinci üç aylık dönemi için BIST Pay Endeksleri kapsamında yer alacak paylarda değişiklik yapılmıştır,2020-12-21,2021-01-01,2021,2021Q1,ALARK,ALARKO HOLDING,REMOVE,XU050,SCHEDULED,https://www.borsaistanbul.com/duyuru/14132/2021-yili-birinci-uc-aylik-donemi-icin-bist-pay-endeksleri-kapsaminda-yer-alacak-paylarda-degisiklik-yapilmistir,2026-08-24T03:03:26Z,bist_duyuru_14132_2020-12-21.html,4def252de176bb6443369eaa176fd9c25a20ef861048880ec715d1a0952d63b0,124013,PRIVATE_LOCAL_RAW,PRIVATE_LOCAL_RAW:bist-membership/events/bist_duyuru_14132_2020-12-21.html,INSUFFICIENT_IDENTITY_EVIDENCE,ACQUIRED,Itemised in the periodic review announcement; effective at the stated index-period start.
EV-596,Borsa Istanbul,14132,2021 yılı birinci üç aylık dönemi için BIST Pay Endeksleri kapsamında yer alacak paylarda değişiklik yapılmıştır,2020-12-21,2021-01-01,2021,2021Q1,CCOLA,COCA COLA ICECEK,REMOVE,XU050,SCHEDULED,https://www.borsaistanbul.com/duyuru/14132/2021-yili-birinci-uc-aylik-donemi-icin-bist-pay-endeksleri-kapsaminda-yer-alacak-paylarda-degisiklik-yapilmistir,2026-08-24T03:03:26Z,bist_duyuru_14132_2020-12-21.html,4def252de176bb6443369eaa176fd9c25a20ef861048880ec715d1a0952d63b0,124013,PRIVATE_LOCAL_RAW,PRIVATE_LOCAL_RAW:bist-membership/events/bist_duyuru_14132_2020-12-21.html,INSUFFICIENT_IDENTITY_EVIDENCE,ACQUIRED,Itemised in the periodic review announcement; effective at the stated index-period start.
EV-597,Borsa Istanbul,14132,2021 yılı birinci üç aylık dönemi için BIST Pay Endeksleri kapsamında yer alacak paylarda değişiklik yapılmıştır,2020-12-21,2021-01-01,2021,2021Q1,ENJSA,ENERJISA ENERJI,REMOVE,XU050,SCHEDULED,https://www.borsaistanbul.com/duyuru/14132/2021-yili-birinci-uc-aylik-donemi-icin-bist-pay-endeksleri-kapsaminda-yer-alacak-paylarda-degisiklik-yapilmistir,2026-08-24T03:03:26Z,bist_duyuru_14132_2020-12-21.html,4def252de176bb6443369eaa176fd9c25a20ef861048880ec715d1a0952d63b0,124013,PRIVATE_LOCAL_RAW,PRIVATE_LOCAL_RAW:bist-membership/events/bist_duyuru_14132_2020-12-21.html,INSUFFICIENT_IDENTITY_EVIDENCE,ACQUIRED,Itemised in the periodic review announcement; effective at the stated index-period start.
EV-598,Borsa Istanbul,14132,2021 yılı birinci üç aylık dönemi için BIST Pay Endeksleri kapsamında yer alacak paylarda değişiklik yapılmıştır,2020-12-21,2021-01-01,2021,2021Q1,SELEC,SELCUK ECZA DEPOSU,REMOVE,XU050,SCHEDULED,https://www.borsaistanbul.com/duyuru/14132/2021-yili-birinci-uc-aylik-donemi-icin-bist-pay-endeksleri-kapsaminda-yer-alacak-paylarda-degisiklik-yapilmistir,2026-08-24T03:03:26Z,bist_duyuru_14132_2020-12-21.html,4def252de176bb6443369eaa176fd9c25a20ef861048880ec715d1a0952d63b0,124013,PRIVATE_LOCAL_RAW,PRIVATE_LOCAL_RAW:bist-membership/events/bist_duyuru_14132_2020-12-21.html,INSUFFICIENT_IDENTITY_EVIDENCE,ACQUIRED,Itemised in the periodic review announcement; effective at the stated index-period start.
EV-599,Borsa Istanbul,14132,2021 yılı birinci üç aylık dönemi için BIST Pay Endeksleri kapsamında yer alacak paylarda değişiklik yapılmıştır,2020-12-21,2021-01-01,2021,2021Q1,ZOREN,ZORLU ENERJI,OTHER_MEMBERSHIP_RELEVANT,XU050,SCHEDULED,https://www.borsaistanbul.com/duyuru/14132/2021-yili-birinci-uc-aylik-donemi-icin-bist-pay-endeksleri-kapsaminda-yer-alacak-paylarda-degisiklik-yapilmistir,2026-08-24T03:03:26Z,bist_duyuru_14132_2020-12-21.html,4def252de176bb6443369eaa176fd9c25a20ef861048880ec715d1a0952d63b0,124013,PRIVATE_LOCAL_RAW,PRIVATE_LOCAL_RAW:bist-membership/events/bist_duyuru_14132_2020-12-21.html,INSUFFICIENT_IDENTITY_EVIDENCE,ACQUIRED,"Reserve (yedek) list entry: an eligible substitute under rulebook art. 7, NOT a membership change and NOT a state."
EV-600,Borsa Istanbul,14132,2021 yılı birinci üç aylık dönemi için BIST Pay Endeksleri kapsamında yer alacak paylarda değişiklik yapılmıştır,2020-12-21,2021-01-01,2021,2021Q1,OTKAR,OTOKAR,OTHER_MEMBERSHIP_RELEVANT,XU050,SCHEDULED,https://www.borsaistanbul.com/duyuru/14132/2021-yili-birinci-uc-aylik-donemi-icin-bist-pay-endeksleri-kapsaminda-yer-alacak-paylarda-degisiklik-yapilmistir,2026-08-24T03:03:26Z,bist_duyuru_14132_2020-12-21.html,4def252de176bb6443369eaa176fd9c25a20ef861048880ec715d1a0952d63b0,124013,PRIVATE_LOCAL_RAW,PRIVATE_LOCAL_RAW:bist-membership/events/bist_duyuru_14132_2020-12-21.html,INSUFFICIENT_IDENTITY_EVIDENCE,ACQUIRED,"Reserve (yedek) list entry: an eligible substitute under rulebook art. 7, NOT a membership change and NOT a state."
EV-601,Borsa Istanbul,14132,2021 yılı birinci üç aylık dönemi için BIST Pay Endeksleri kapsamında yer alacak paylarda değişiklik yapılmıştır,2020-12-21,2021-01-01,2021,2021Q1,AKSEN,AKSA ENERJI,OTHER_MEMBERSHIP_RELEVANT,XU050,SCHEDULED,https://www.borsaistanbul.com/duyuru/14132/2021-yili-birinci-uc-aylik-donemi-icin-bist-pay-endeksleri-kapsaminda-yer-alacak-paylarda-degisiklik-yapilmistir,2026-08-24T03:03:26Z,bist_duyuru_14132_2020-12-21.html,4def252de176bb6443369eaa176fd9c25a20ef861048880ec715d1a0952d63b0,124013,PRIVATE_LOCAL_RAW,PRIVATE_LOCAL_RAW:bist-membership/events/bist_duyuru_14132_2020-12-21.html,INSUFFICIENT_IDENTITY_EVIDENCE,ACQUIRED,"Reserve (yedek) list entry: an eligible substitute under rulebook art. 7, NOT a membership change and NOT a state."
EV-602,Borsa Istanbul,14132,2021 yılı birinci üç aylık dönemi için BIST Pay Endeksleri kapsamında yer alacak paylarda değişiklik yapılmıştır,2020-12-21,2021-01-01,2021,2021Q1,SASA,SASA POLYESTER,OTHER_MEMBERSHIP_RELEVANT,XU030,SCHEDULED,https://www.borsaistanbul.com/duyuru/14132/2021-yili-birinci-uc-aylik-donemi-icin-bist-pay-endeksleri-kapsaminda-yer-alacak-paylarda-degisiklik-yapilmistir,2026-08-24T03:03:26Z,bist_duyuru_14132_2020-12-21.html,4def252de176bb6443369eaa176fd9c25a20ef861048880ec715d1a0952d63b0,124013,PRIVATE_LOCAL_RAW,PRIVATE_LOCAL_RAW:bist-membership/events/bist_duyuru_14132_2020-12-21.html,INSUFFICIENT_IDENTITY_EVIDENCE,ACQUIRED,"Reserve (yedek) list entry: an eligible substitute under rulebook art. 7, NOT a membership change and NOT a state."
EV-603,Borsa Istanbul,14132,2021 yılı birinci üç aylık dönemi için BIST Pay Endeksleri kapsamında yer alacak paylarda değişiklik yapılmıştır,2020-12-21,2021-01-01,2021,2021Q1,SOKM,SOK MARKETLER TICARET,OTHER_MEMBERSHIP_RELEVANT,XU030,SCHEDULED,https://www.borsaistanbul.com/duyuru/14132/2021-yili-birinci-uc-aylik-donemi-icin-bist-pay-endeksleri-kapsaminda-yer-alacak-paylarda-degisiklik-yapilmistir,2026-08-24T03:03:26Z,bist_duyuru_14132_2020-12-21.html,4def252de176bb6443369eaa176fd9c25a20ef861048880ec715d1a0952d63b0,124013,PRIVATE_LOCAL_RAW,PRIVATE_LOCAL_RAW:bist-membership/events/bist_duyuru_14132_2020-12-21.html,INSUFFICIENT_IDENTITY_EVIDENCE,ACQUIRED,"Reserve (yedek) list entry: an eligible substitute under rulebook art. 7, NOT a membership change and NOT a state."
EV-604,Borsa Istanbul,14132,2021 yılı birinci üç aylık dönemi için BIST Pay Endeksleri kapsamında yer alacak paylarda değişiklik yapılmıştır,2020-12-21,2021-01-01,2021,2021Q1,IPEKE,IPEK DOGAL ENERJI,OTHER_MEMBERSHIP_RELEVANT,XU030,SCHEDULED,https://www.borsaistanbul.com/duyuru/14132/2021-yili-birinci-uc-aylik-donemi-icin-bist-pay-endeksleri-kapsaminda-yer-alacak-paylarda-degisiklik-yapilmistir,2026-08-24T03:03:26Z,bist_duyuru_14132_2020-12-21.html,4def252de176bb6443369eaa176fd9c25a20ef861048880ec715d1a0952d63b0,124013,PRIVATE_LOCAL_RAW,PRIVATE_LOCAL_RAW:bist-membership/events/bist_duyuru_14132_2020-12-21.html,INSUFFICIENT_IDENTITY_EVIDENCE,ACQUIRED,"Reserve (yedek) list entry: an eligible substitute under rulebook art. 7, NOT a membership change and NOT a state."
EV-605,Borsa Istanbul,endeks-duyurulari-archive,"Endeks Duyurulari archive, intra-period category, year census",NA,NA,2017,NA,UNKNOWN,UNKNOWN,OTHER_MEMBERSHIP_RELEVANT,XU030;XU050;XU100,EXTRAORDINARY,https://www.borsaistanbul.com/endeksler/endeks-duyurulari,2026-08-24T03:03:26Z,bist_endeks_duyurulari_archive_2026-08-24.html,61df7328d81214a053477fd5603548b4541f08425a5482c94f702e2e29e3326f,664557,PRIVATE_LOCAL_RAW,PRIVATE_LOCAL_RAW:bist-membership/raw/bist_endeks_duyurulari_archive_2026-08-24.html,NA,NO_ADMISSIBLE_EVENT_EVIDENCE,"NEGATIVE RESULT, evidenced not assumed. The official Endeks Duyurulari archive (585 rows, 2013-2026) contains ZERO rows of type ""Endeks Iceriklerinde Yapilan Donem Ici Degisiklikler"" for this year. The earliest row of that type anywhere in the archive is 2021-12-07 (BIST Katilim indices) and the earliest one tagged to the benchmark group ""BIST Pay Endeksleri|Gosterge Endeksler"" (XU030/XU050/XU100) is 2023-09-28. Whether no extraordinary benchmark-index change occurred in this year, or whether such changes were made but never entered this archive, is NOT established by the source and must not be assumed either way."
EV-606,Borsa Istanbul,endeks-duyurulari-archive,"Endeks Duyurulari archive, intra-period category, year census",NA,NA,2018,NA,UNKNOWN,UNKNOWN,OTHER_MEMBERSHIP_RELEVANT,XU030;XU050;XU100,EXTRAORDINARY,https://www.borsaistanbul.com/endeksler/endeks-duyurulari,2026-08-24T03:03:26Z,bist_endeks_duyurulari_archive_2026-08-24.html,61df7328d81214a053477fd5603548b4541f08425a5482c94f702e2e29e3326f,664557,PRIVATE_LOCAL_RAW,PRIVATE_LOCAL_RAW:bist-membership/raw/bist_endeks_duyurulari_archive_2026-08-24.html,NA,NO_ADMISSIBLE_EVENT_EVIDENCE,"NEGATIVE RESULT, evidenced not assumed. The official Endeks Duyurulari archive (585 rows, 2013-2026) contains ZERO rows of type ""Endeks Iceriklerinde Yapilan Donem Ici Degisiklikler"" for this year. The earliest row of that type anywhere in the archive is 2021-12-07 (BIST Katilim indices) and the earliest one tagged to the benchmark group ""BIST Pay Endeksleri|Gosterge Endeksler"" (XU030/XU050/XU100) is 2023-09-28. Whether no extraordinary benchmark-index change occurred in this year, or whether such changes were made but never entered this archive, is NOT established by the source and must not be assumed either way."
EV-607,Borsa Istanbul,endeks-duyurulari-archive,"Endeks Duyurulari archive, intra-period category, year census",NA,NA,2019,NA,UNKNOWN,UNKNOWN,OTHER_MEMBERSHIP_RELEVANT,XU030;XU050;XU100,EXTRAORDINARY,https://www.borsaistanbul.com/endeksler/endeks-duyurulari,2026-08-24T03:03:26Z,bist_endeks_duyurulari_archive_2026-08-24.html,61df7328d81214a053477fd5603548b4541f08425a5482c94f702e2e29e3326f,664557,PRIVATE_LOCAL_RAW,PRIVATE_LOCAL_RAW:bist-membership/raw/bist_endeks_duyurulari_archive_2026-08-24.html,NA,NO_ADMISSIBLE_EVENT_EVIDENCE,"NEGATIVE RESULT, evidenced not assumed. The official Endeks Duyurulari archive (585 rows, 2013-2026) contains ZERO rows of type ""Endeks Iceriklerinde Yapilan Donem Ici Degisiklikler"" for this year. The earliest row of that type anywhere in the archive is 2021-12-07 (BIST Katilim indices) and the earliest one tagged to the benchmark group ""BIST Pay Endeksleri|Gosterge Endeksler"" (XU030/XU050/XU100) is 2023-09-28. Whether no extraordinary benchmark-index change occurred in this year, or whether such changes were made but never entered this archive, is NOT established by the source and must not be assumed either way."
EV-608,Borsa Istanbul,endeks-duyurulari-archive,"Endeks Duyurulari archive, intra-period category, year census",NA,NA,2020,NA,UNKNOWN,UNKNOWN,OTHER_MEMBERSHIP_RELEVANT,XU030;XU050;XU100,EXTRAORDINARY,https://www.borsaistanbul.com/endeksler/endeks-duyurulari,2026-08-24T03:03:26Z,bist_endeks_duyurulari_archive_2026-08-24.html,61df7328d81214a053477fd5603548b4541f08425a5482c94f702e2e29e3326f,664557,PRIVATE_LOCAL_RAW,PRIVATE_LOCAL_RAW:bist-membership/raw/bist_endeks_duyurulari_archive_2026-08-24.html,NA,NO_ADMISSIBLE_EVENT_EVIDENCE,"NEGATIVE RESULT, evidenced not assumed. The official Endeks Duyurulari archive (585 rows, 2013-2026) contains ZERO rows of type ""Endeks Iceriklerinde Yapilan Donem Ici Degisiklikler"" for this year. The earliest row of that type anywhere in the archive is 2021-12-07 (BIST Katilim indices) and the earliest one tagged to the benchmark group ""BIST Pay Endeksleri|Gosterge Endeksler"" (XU030/XU050/XU100) is 2023-09-28. Whether no extraordinary benchmark-index change occurred in this year, or whether such changes were made but never entered this archive, is NOT established by the source and must not be assumed either way."
EV-609,Borsa Istanbul,endeks-duyurulari-archive,"Endeks Duyurulari archive, intra-period category, year census",NA,NA,2021,NA,UNKNOWN,UNKNOWN,OTHER_MEMBERSHIP_RELEVANT,XU030;XU050;XU100,EXTRAORDINARY,https://www.borsaistanbul.com/endeksler/endeks-duyurulari,2026-08-24T03:03:26Z,bist_endeks_duyurulari_archive_2026-08-24.html,61df7328d81214a053477fd5603548b4541f08425a5482c94f702e2e29e3326f,664557,PRIVATE_LOCAL_RAW,PRIVATE_LOCAL_RAW:bist-membership/raw/bist_endeks_duyurulari_archive_2026-08-24.html,NA,NO_ADMISSIBLE_EVENT_EVIDENCE,"NEGATIVE RESULT, evidenced not assumed. The official Endeks Duyurulari archive (585 rows, 2013-2026) contains ZERO rows of type ""Endeks Iceriklerinde Yapilan Donem Ici Degisiklikler"" for this year. The earliest row of that type anywhere in the archive is 2021-12-07 (BIST Katilim indices) and the earliest one tagged to the benchmark group ""BIST Pay Endeksleri|Gosterge Endeksler"" (XU030/XU050/XU100) is 2023-09-28. Whether no extraordinary benchmark-index change occurred in this year, or whether such changes were made but never entered this archive, is NOT established by the source and must not be assumed either way."
EV-610,Borsa Istanbul,endeks-duyurulari-archive,"Endeks Duyurulari archive, intra-period category, year census",NA,NA,2022,NA,UNKNOWN,UNKNOWN,OTHER_MEMBERSHIP_RELEVANT,XU030;XU050;XU100,EXTRAORDINARY,https://www.borsaistanbul.com/endeksler/endeks-duyurulari,2026-08-24T03:03:26Z,bist_endeks_duyurulari_archive_2026-08-24.html,61df7328d81214a053477fd5603548b4541f08425a5482c94f702e2e29e3326f,664557,PRIVATE_LOCAL_RAW,PRIVATE_LOCAL_RAW:bist-membership/raw/bist_endeks_duyurulari_archive_2026-08-24.html,NA,NO_ADMISSIBLE_EVENT_EVIDENCE,"NEGATIVE RESULT, evidenced not assumed. The official Endeks Duyurulari archive (585 rows, 2013-2026) contains ZERO rows of type ""Endeks Iceriklerinde Yapilan Donem Ici Degisiklikler"" for this year. The earliest row of that type anywhere in the archive is 2021-12-07 (BIST Katilim indices) and the earliest one tagged to the benchmark group ""BIST Pay Endeksleri|Gosterge Endeksler"" (XU030/XU050/XU100) is 2023-09-28. Whether no extraordinary benchmark-index change occurred in this year, or whether such changes were made but never entered this archive, is NOT established by the source and must not be assumed either way."
