source_id,provider,kap_disclosure_id,document_title,company_name,ticker_or_share_code,coverage_year,search_period_start,search_period_end,publication_date,publication_time,event_date,event_type,rulebook_version,rulebook_article,rulebook_trigger_class,membership_consequence,effective_date_rule,derived_effective_date,reserve_implication,identity_status,source_url_or_stable_id,access_date_utc,raw_filename,raw_sha256,raw_bytes,raw_storage_class,archive_symbol,search_status,provenance_status,notes
KT-001,KAP (Kamuyu Aydinlatma Platformu),NA,KAP Detayli Sorgulama (disclosure query surface) - filter semantics and result cap,NA,NA,NA,NA,NA,NA,NA,NA,OTHER_RULE_TRIGGER,NA,NA,SEARCH_MECHANISM,NA,NA,NA,NA,NA,https://www.kap.org.tr/tr/bildirim-sorgu,2026-08-24T11:20:00Z,kap_bildirim_sorgu_2026-08-24.html,92c37bf6c32e705b8a0f4c050365f06faf7c116c7195b1981f0ecfd1c9f6023e,1171917,PRIVATE_LOCAL_RAW,PRIVATE_LOCAL_RAW:bist-membership/kap-triggers/kap_bildirim_sorgu_2026-08-24.html,TRIGGER_EVENT_FOUND,ACQUIRED,"First-party disclosure archive. Query is a POST to /tr/api/disclosure/members/byCriteria with fields fromDate, toDate, memberType, mkkMemberOidList, inactiveMkkMemberOidList, disclosureClass, subjectList, mainSector, sector, marketOid, index, year, term, period. Date filter is inclusive YYYY-MM-DD. disclosureClass takes ALL/FR/ODA/DUY/DG. subjectList takes stable subjectOid values. The page states its own result cap verbatim: ""Arama sonuclari 2000 bildirim ile sinirlidir"" (results limited to 2000 notifications). Every 2017-2020 query used here returned far fewer than 2000 rows, so the cap did not bind. Individual disclosures are addressable by stable numeric disclosureIndex at /tr/Bildirim/<id>, as rendered PDF at /tr/api/BildirimPdf/<id>, and as structured JSON at /tr/api/notification/attachment-detail/<id>."
KT-002,KAP,NA,"KAP disclosure-topic taxonomy (disclosureTopic list, 202 subjects with stable subjectOid)",NA,NA,NA,NA,NA,NA,NA,NA,OTHER_RULE_TRIGGER,NA,NA,SEARCH_MECHANISM,NA,NA,NA,NA,NA,https://www.kap.org.tr/tr/bildirim-sorgu,2026-08-24T11:20:00Z,kap_query_disclosure_topics.json,a1a241293eb57ad1e6c46ff33dcc19e81e9b15590df3eb50743b6744d5214973,28769,PRIVATE_LOCAL_RAW,PRIVATE_LOCAL_RAW:bist-membership/kap-triggers/kap_query_disclosure_topics.json,TRIGGER_EVENT_FOUND,ACQUIRED,"Taxonomy published by the source, not imposed by this audit. Trigger-relevant subjects and their subjectOid: Endeks Sirketlerinde Degisiklik 8aca490d4fda2d58014fda4e141f0112 (DUY); BIST Pay Endeksleri 8aca490d50286f620150287a60580089 (DUY); Pazar Degisikligi 8aca490d50666e6d0150669b6de101c4 (DUY); Kottan Cikarma/Islem Gormekten Men Etme 8aca490d504b7afa01504bbef9be02d1 (DUY); Pay Islem Sirasi Kapatma / Acma 4028328c5fc60da7016007a0bd395db0 (DUY); Borsa Istanbul A.S. Duyurusu 8aca490d507059f201507066aea600e4 (DUY); Borsa Genel Mudurlugu Duyurusu 8aca490d50287c47015028a4cfbb0169 (DUY); Birlesme 4028328d5988e2630159d5ff460b200c (ODA); Bolunme 4028328d5988e2630159d5e90bc21e73 (ODA); ABCD Grubu Listeleri 8aca490d504b7afa01504bb52a42022b (DUY); Kod Degisikligi 8aca490d4fdf3818014fdf3c703e0018 (DUY)."
KT-003,KAP,NA,Fail-closed handling of ambiguous archive results (query-client behaviour finding),NA,NA,NA,NA,NA,NA,NA,NA,OTHER_RULE_TRIGGER,NA,NA,SEARCH_MECHANISM,NA,NA,NA,NA,NA,https://www.kap.org.tr/tr/api/disclosure/members/byCriteria,2026-08-24T11:20:00Z,NA,NA,NA,NA,NA,SEARCH_INCOMPLETE,ACQUIRED,"CRITICAL METHOD FINDING. Under throttling the endpoint answers with HTTP 200-class handling but an EMPTY body, which a naive client parses as zero results. An empty body is therefore NOT evidence of zero disclosures. Every count reported in this audit was produced by a client that accepts a result only when the body parses as a JSON array, and retries up to six times with increasing backoff otherwise; a query that never returns an array is recorded SEARCH_INCOMPLETE and is never converted into a negative."
KT-004,Borsa Istanbul,NA,BIST Pay Endeksleri Temel Kurallari - Kasim 2015,NA,NA,NA,NA,NA,2015-11-27,NA,NA,OTHER_RULE_TRIGGER,Kasim 2015,"6, 7, 8.3",PERIOD_CORRECT_RULE_AUTHORITY,NA,See notes - art. 7 chapeau and per-article timing rules,NA,NA,NA,https://www.borsaistanbul.com/files/bist-pay-endeksleri-temel-kurallari-kasim-2015-.pdf,2026-08-24T11:20:00Z,bist_pay_endeksleri_temel_kurallari_2015-11.pdf,5de4c3a62df63296bc3be6984df44ad5998e6aed000ab0e800ee7f016970f8b6,427609,PRIVATE_LOCAL_RAW,PRIVATE_LOCAL_RAW:bist-membership/raw/bist_pay_endeksleri_temel_kurallari_2015-11.pdf,TRIGGER_EVENT_FOUND,ACQUIRED,"Announced by node 11703 (27.11.2015). In force for the whole of 2017 and until 08.06.2018. Art. 6(d): reserves BIST 30=2, BIST 50=3, BIST 100=5, Temettu 25=5. Art. 7 chapeau: a disclosure must be on KAP by 16:30 on the business day before the event date (12:00 on a half day), otherwise the change takes effect on the SECOND business day after KAP publication. Art. 7.1 permanent closure / closure >5 consecutive business days / transfer to Yakin Izleme Pazari removes the share from every index it is in, effective on the day of the closure or transfer, and BIST 30/50/100/Temettu 25 vacancies are filled from reserves. Art. 7.2 transfer to any other market removes from the old market index and adds to the new one, with BIST 30/50/100 vacancies filled from reserves. Art. 7.3 A/B/C/D list transitions, same day, reserves fill. Art. 7.4 a share removed under 7.1-7.3 is not re-admitted before the period ends. Art. 7.6 IPO fast entry on the 5th trading day. Art. 8.3: any matter NOT regulated by these Rules is determined and announced by the Borsa Istanbul General Directorate."
KT-005,Borsa Istanbul,NA,BIST Pay Endeksleri Temel Kurallari - Mayis 2018,NA,NA,NA,NA,NA,2018-06-08,NA,NA,OTHER_RULE_TRIGGER,Mayis 2018,"6, 7, 8.3",PERIOD_CORRECT_RULE_AUTHORITY,NA,See notes - art. 7 chapeau and per-article timing rules,NA,NA,NA,https://www.borsaistanbul.com/files/bist-pay-endeksleri-temel-kurallari-mayis-2018.pdf,2026-08-24T11:20:00Z,bist_pay_endeksleri_temel_kurallari_2018-05.pdf,c4f73f650d3a2c592843d58b9c3e3459df6bfbb13f029ce4872aa1f202e02d16,443662,PRIVATE_LOCAL_RAW,PRIVATE_LOCAL_RAW:bist-membership/raw/bist_pay_endeksleri_temel_kurallari_2018-05.pdf,TRIGGER_EVENT_FOUND,ACQUIRED,Announced by node 12514 (08.06.2018). Art. 6(e)/7.1-7.4 unchanged in substance from Kasim 2015 for BIST 100. Reserves still 5 for BIST 100.
KT-006,Borsa Istanbul,NA,BIST Pay Endeksleri Temel Kurallari - Haziran 2018,NA,NA,NA,NA,NA,2018-07-05,NA,NA,OTHER_RULE_TRIGGER,Haziran 2018,"6, 7, 8.3",PERIOD_CORRECT_RULE_AUTHORITY,NA,See notes - art. 7 chapeau and per-article timing rules,NA,NA,NA,https://www.borsaistanbul.com/files/bist-pay-endeksleri-temel-kurallari-haziran-2018.pdf,2026-08-24T11:20:00Z,bist_pay_endeksleri_temel_kurallari_2018-06.pdf,7ec1813493cccbd6f99030e8200e532b8d0834b74a29e545ceb764e92a45cfc4,442851,PRIVATE_LOCAL_RAW,PRIVATE_LOCAL_RAW:bist-membership/raw/bist_pay_endeksleri_temel_kurallari_2018-06.pdf,TRIGGER_EVENT_FOUND,ACQUIRED,Announced by node 12485 (05.07.2018). Art. 6(e)/7.1-7.4 unchanged in substance for BIST 100.
KT-007,Borsa Istanbul,NA,BIST Pay Endeksleri Temel Kurallari - Aralik 2018 (10.12.2018),NA,NA,NA,NA,NA,2018-12-10,NA,NA,OTHER_RULE_TRIGGER,Aralik 2018 (10.12.2018),"6, 7, 8.3",PERIOD_CORRECT_RULE_AUTHORITY,NA,See notes - art. 7 chapeau and per-article timing rules,NA,NA,NA,https://www.borsaistanbul.com/files/bist-pay-endeksleri-temel-kurallari_aralik-2018.pdf,2026-08-24T11:20:00Z,bist_pay_endeksleri_temel_kurallari_2018-12-10.pdf,1788888034eb3a770811d7de796d42115bfcf2fefbc00aa835b341fbab192fbf,485935,PRIVATE_LOCAL_RAW,PRIVATE_LOCAL_RAW:bist-membership/raw/bist_pay_endeksleri_temel_kurallari_2018-12-10.pdf,TRIGGER_EVENT_FOUND,ACQUIRED,Announced by node 12289 (10.12.2018).
KT-008,Borsa Istanbul,NA,BIST Pay Endeksleri Temel Kurallari - Aralik 2018 (20.12.2018),NA,NA,NA,NA,NA,2018-12-20,NA,NA,OTHER_RULE_TRIGGER,Aralik 2018 (20.12.2018),"6, 7, 8.3",PERIOD_CORRECT_RULE_AUTHORITY,NA,See notes - art. 7 chapeau and per-article timing rules,NA,NA,NA,https://www.borsaistanbul.com/files/bist-pay-endeksleri-temel-kurallari-20-aralik-2018-dyr.pdf,2026-08-24T11:20:00Z,bist_pay_endeksleri_temel_kurallari_2018-12-20.pdf,8e2fa3a48fd8c1de390d8d25d0d9e52bb3b9bc6b4de384a5cc782acf15bfd78a,518511,PRIVATE_LOCAL_RAW,PRIVATE_LOCAL_RAW:bist-membership/raw/bist_pay_endeksleri_temel_kurallari_2018-12-20.pdf,TRIGGER_EVENT_FOUND,ACQUIRED,"Announced by node 12305 (20.12.2018). Already archived by FI-DATA-EXPAND-04B-EVENT-01 and reused here, not reacquired. BIST 100 periodic thresholds are ranks 90/110 in this version. Art. 7.11/7.12 merger and transfer; art. 7.16 demerger."
KT-009,Borsa Istanbul,NA,BIST Pay Endeksleri Temel Kurallari - Ekim 2019,NA,NA,NA,NA,NA,2019-10-28,NA,NA,OTHER_RULE_TRIGGER,Ekim 2019,"6, 7, 8.3",PERIOD_CORRECT_RULE_AUTHORITY,NA,See notes - art. 7 chapeau and per-article timing rules,NA,NA,NA,https://www.borsaistanbul.com/files/bist-pay-endeksleri-temel-kurallari-2019-ekim.pdf,2026-08-24T11:20:00Z,bist_pay_endeksleri_temel_kurallari_2019-10.pdf,d27643d23c885d746d04dd0295629002b72a49cf736d3bd80042b5b1edea72f3,516630,PRIVATE_LOCAL_RAW,PRIVATE_LOCAL_RAW:bist-membership/raw/bist_pay_endeksleri_temel_kurallari_2019-10.pdf,TRIGGER_EVENT_FOUND,ACQUIRED,"Announced by node 11419 (28.10.2019, circular 2019/68). Already archived by FI-DATA-EXPAND-04B-EVENT-01 and reused here. MATERIAL CHANGES inside the candidate window: BIST 100 periodic thresholds move from 90/110 to 95/105; reserves become 3 per index for BIST 30/50/100/Temettu 25; the A/B/C/D list-transition trigger (old art. 7.3) is REMOVED; the reserve-replacement sentence is removed from art. 7.2; art. 7.1 gains BIST Banka Disi Likit 10. Art. 7 chapeau adds the deeming rule that a late disclosure counts as published on the following business day. Art. 8.3 unchanged."
KT-010,Borsa Istanbul,NA,BIST Pay Endeksleri Temel Kurallari - Nisan 2020,NA,NA,NA,NA,NA,2020-04-06,NA,NA,OTHER_RULE_TRIGGER,Nisan 2020,"6, 7, 8.3",PERIOD_CORRECT_RULE_AUTHORITY,NA,See notes - art. 7 chapeau and per-article timing rules,NA,NA,NA,https://www.borsaistanbul.com/files/bist-pay-endeksleri-temel-kurallari2020.pdf,2026-08-24T11:20:00Z,bist_pay_endeksleri_temel_kurallari_2020-04.pdf,8f39085454dae72793f0d398846c9fefd596978884974bee30277040335aacd6,671368,PRIVATE_LOCAL_RAW,PRIVATE_LOCAL_RAW:bist-membership/raw/bist_pay_endeksleri_temel_kurallari_2020-04.pdf,TRIGGER_EVENT_FOUND,ACQUIRED,"Announced by node 12553 (06.04.2020). This is the version Borsa Istanbul cites by article number in the 20.05.2020 disclosure (art. 7.11, 7.14, 7.16)."
KT-011,Borsa Istanbul,NA,Duyuru 2020/60 - BIST Pay Endeksleri Temel Kurallari guncellendi (18.09.2020),NA,NA,NA,NA,NA,2020-09-18,NA,NA,OTHER_RULE_TRIGGER,2020/60 circular,NA,PERIOD_CORRECT_RULE_AUTHORITY,NA,NA,NA,NA,NA,https://www.borsaistanbul.com/files/18-09-2020-tarihli-60-nolu-duyuru.pdf,2026-08-24T11:20:00Z,bist_duyuru_2020-60_2020-09-18.pdf,9fb2c54a32c01acba554f2676f600b99a546250d6196b66cdb48ca4dd2ee3beb,1336661,PRIVATE_LOCAL_RAW,PRIVATE_LOCAL_RAW:bist-membership/raw/bist_duyuru_2020-60_2020-09-18.pdf,TRIGGER_EVENT_FOUND,ACQUIRED,"Splits the rule set into BIST Piyasa Degeri Agirlikli Pay Endeksleri Temel Kurallari and a non-market-cap-weighted set. The 20.01.2020 version announced by node 12574 is NOT retrievable: that node links the UNVERSIONED path /files/bist-pay-endeksleri-temel-kurallari.pdf, which today serves the Aralik 2018 text (sha256 ff45622c00c6c4e5b41ad0666f8c03231155ea7d32d34294a9d51d7b2c41d11b), not the January 2020 text. Recorded as a period-correctness gap, not filled by substitution."
KT-012,Borsa Istanbul,NA,Rule-set change announcement node 12514,NA,NA,NA,NA,NA,2018-06-08,NA,NA,OTHER_RULE_TRIGGER,NA,NA,PERIOD_CORRECT_RULE_AUTHORITY,NA,NA,NA,NA,NA,https://www.borsaistanbul.com/duyuru/12514/,2026-08-24T11:20:00Z,bist_duyuru_12514_ruleset.html,3760abe83ec87e67ee4c2467c05a8cc38156e17f9a3f0ca95a25d6c8f128c7ca,72083,PRIVATE_LOCAL_RAW,PRIVATE_LOCAL_RAW:bist-membership/raw/bist_duyuru_12514_ruleset.html,TRIGGER_EVENT_FOUND,ACQUIRED,Rule-set announcement that carries the versioned PDF link used to establish the period-correct rulebook for this window.
KT-013,Borsa Istanbul,NA,Rule-set change announcement node 12485,NA,NA,NA,NA,NA,2018-07-05,NA,NA,OTHER_RULE_TRIGGER,NA,NA,PERIOD_CORRECT_RULE_AUTHORITY,NA,NA,NA,NA,NA,https://www.borsaistanbul.com/duyuru/12485/,2026-08-24T11:20:00Z,bist_duyuru_12485_ruleset.html,d81364663f035eb6b766f3dc0d7b88290dfc6342461993f571c55d1f82f2eecf,72119,PRIVATE_LOCAL_RAW,PRIVATE_LOCAL_RAW:bist-membership/raw/bist_duyuru_12485_ruleset.html,TRIGGER_EVENT_FOUND,ACQUIRED,Rule-set announcement that carries the versioned PDF link used to establish the period-correct rulebook for this window.
KT-014,Borsa Istanbul,NA,Rule-set change announcement node 12289,NA,NA,NA,NA,NA,2018-12-10,NA,NA,OTHER_RULE_TRIGGER,NA,NA,PERIOD_CORRECT_RULE_AUTHORITY,NA,NA,NA,NA,NA,https://www.borsaistanbul.com/duyuru/12289/,2026-08-24T11:20:00Z,bist_duyuru_12289_ruleset.html,9402bc50ec111965d1ae54a18edc03c7163953d49f0047a2ee84abd0390b489a,74353,PRIVATE_LOCAL_RAW,PRIVATE_LOCAL_RAW:bist-membership/raw/bist_duyuru_12289_ruleset.html,TRIGGER_EVENT_FOUND,ACQUIRED,Rule-set announcement that carries the versioned PDF link used to establish the period-correct rulebook for this window.
KT-015,Borsa Istanbul,NA,Rule-set change announcement node 12553,NA,NA,NA,NA,NA,2020-04-06,NA,NA,OTHER_RULE_TRIGGER,NA,NA,PERIOD_CORRECT_RULE_AUTHORITY,NA,NA,NA,NA,NA,https://www.borsaistanbul.com/duyuru/12553/,2026-08-24T11:20:00Z,bist_duyuru_12553_ruleset.html,dafdf8689ba819858af10372e6da051670c21bc2aa50c6cb00469771ce328383,76927,PRIVATE_LOCAL_RAW,PRIVATE_LOCAL_RAW:bist-membership/raw/bist_duyuru_12553_ruleset.html,TRIGGER_EVENT_FOUND,ACQUIRED,Rule-set announcement that carries the versioned PDF link used to establish the period-correct rulebook for this window.
KT-016,Borsa Istanbul,NA,Rule-set change announcement node 11703,NA,NA,NA,NA,NA,2015-11-27,NA,NA,OTHER_RULE_TRIGGER,NA,NA,PERIOD_CORRECT_RULE_AUTHORITY,NA,NA,NA,NA,NA,https://www.borsaistanbul.com/duyuru/11703/,2026-08-24T11:20:00Z,bist_duyuru_11703_ruleset.html,bda6e61dec9a768d794ae41b2948529562e33fbbf8a74b39ef7875d411eda659,74710,PRIVATE_LOCAL_RAW,PRIVATE_LOCAL_RAW:bist-membership/raw/bist_duyuru_11703_ruleset.html,TRIGGER_EVENT_FOUND,ACQUIRED,Rule-set announcement that carries the versioned PDF link used to establish the period-correct rulebook for this window.
KT-017,KAP / Borsa Istanbul A.S.,612485,Endeks Sirketlerinde Degisiklik,MAVI GIYIM,MAVI,2017,2017-01-01,2017-12-31,2017-06-14,18:35:25,21/06/2017,OTHER_RULE_TRIGGER,Kasim 2015,"5.6.b, 7.5, 7.6",SECURITY_REPLACEMENT,ADDED TO XU100,Art. 7.6 IPO fast entry - effective on the 5th trading day; the disclosure prints the date,2017-06-21,"NOT_A_RESERVE_SUBSTITUTION - art. 7.6 replaces the smallest free-float market-cap constituent, not a reserve",DISTINCT_SECURITY,https://www.kap.org.tr/tr/Bildirim/612485,2026-08-24T11:20:00Z,kap_bildirim_612485_2017-06-14.json,0e558eaef7cba700decc975071ba78e3f8f48423446fc882815a6e01bc641da0,46638,PRIVATE_LOCAL_RAW,PRIVATE_LOCAL_RAW:bist-membership/kap-triggers/kap_bildirim_612485_2017-06-14.json,TRIGGER_EVENT_FOUND,ACQUIRED,"Mavi Giyim began trading on Yildiz Pazar on 15.06.2017. Borsa Istanbul cites arts. 5.6.b, 7.5 and 7.6 verbatim. Benchmark-index rows take effect 21/06/2017; the market/sector rows in the same table take effect 15/06/2017. Both dates are printed by the source; neither was derived."
KT-018,KAP / Borsa Istanbul A.S.,612485,Endeks Sirketlerinde Degisiklik,MAVI GIYIM,MAVI,2017,2017-01-01,2017-12-31,2017-06-14,18:35:25,21/06/2017,OTHER_RULE_TRIGGER,Kasim 2015,"5.6.b, 7.5, 7.6",SECURITY_REPLACEMENT,ADDED TO XU050,Art. 7.6 IPO fast entry - effective on the 5th trading day; the disclosure prints the date,2017-06-21,"NOT_A_RESERVE_SUBSTITUTION - art. 7.6 replaces the smallest free-float market-cap constituent, not a reserve",DISTINCT_SECURITY,https://www.kap.org.tr/tr/Bildirim/612485,2026-08-24T11:20:00Z,kap_bildirim_612485_2017-06-14.json,0e558eaef7cba700decc975071ba78e3f8f48423446fc882815a6e01bc641da0,46638,PRIVATE_LOCAL_RAW,PRIVATE_LOCAL_RAW:bist-membership/kap-triggers/kap_bildirim_612485_2017-06-14.json,TRIGGER_EVENT_FOUND,ACQUIRED,"Mavi Giyim began trading on Yildiz Pazar on 15.06.2017. Borsa Istanbul cites arts. 5.6.b, 7.5 and 7.6 verbatim. Benchmark-index rows take effect 21/06/2017; the market/sector rows in the same table take effect 15/06/2017. Both dates are printed by the source; neither was derived."
KT-019,KAP / Borsa Istanbul A.S.,612485,Endeks Sirketlerinde Degisiklik,MAVI GIYIM,MAVI,2017,2017-01-01,2017-12-31,2017-06-14,18:35:25,21/06/2017,OTHER_RULE_TRIGGER,Kasim 2015,"5.6.b, 7.5, 7.6",SECURITY_REPLACEMENT,ADDED TO XU030,Art. 7.6 IPO fast entry - effective on the 5th trading day; the disclosure prints the date,2017-06-21,"NOT_A_RESERVE_SUBSTITUTION - art. 7.6 replaces the smallest free-float market-cap constituent, not a reserve",DISTINCT_SECURITY,https://www.kap.org.tr/tr/Bildirim/612485,2026-08-24T11:20:00Z,kap_bildirim_612485_2017-06-14.json,0e558eaef7cba700decc975071ba78e3f8f48423446fc882815a6e01bc641da0,46638,PRIVATE_LOCAL_RAW,PRIVATE_LOCAL_RAW:bist-membership/kap-triggers/kap_bildirim_612485_2017-06-14.json,TRIGGER_EVENT_FOUND,ACQUIRED,"Mavi Giyim began trading on Yildiz Pazar on 15.06.2017. Borsa Istanbul cites arts. 5.6.b, 7.5 and 7.6 verbatim. Benchmark-index rows take effect 21/06/2017; the market/sector rows in the same table take effect 15/06/2017. Both dates are printed by the source; neither was derived."
KT-020,KAP / Borsa Istanbul A.S.,612485,Endeks Sirketlerinde Degisiklik,AYEN ENERJI,AYEN,2017,2017-01-01,2017-12-31,2017-06-14,18:35:25,21/06/2017,OTHER_RULE_TRIGGER,Kasim 2015,"5.6.b, 7.5, 7.6",SECURITY_REPLACEMENT,REMOVED FROM XU100,Art. 7.6 IPO fast entry - effective on the 5th trading day; the disclosure prints the date,2017-06-21,"NOT_A_RESERVE_SUBSTITUTION - art. 7.6 replaces the smallest free-float market-cap constituent, not a reserve",DISTINCT_SECURITY,https://www.kap.org.tr/tr/Bildirim/612485,2026-08-24T11:20:00Z,kap_bildirim_612485_2017-06-14.json,0e558eaef7cba700decc975071ba78e3f8f48423446fc882815a6e01bc641da0,46638,PRIVATE_LOCAL_RAW,PRIVATE_LOCAL_RAW:bist-membership/kap-triggers/kap_bildirim_612485_2017-06-14.json,TRIGGER_EVENT_FOUND,ACQUIRED,"Mavi Giyim began trading on Yildiz Pazar on 15.06.2017. Borsa Istanbul cites arts. 5.6.b, 7.5 and 7.6 verbatim. Benchmark-index rows take effect 21/06/2017; the market/sector rows in the same table take effect 15/06/2017. Both dates are printed by the source; neither was derived."
KT-021,KAP / Borsa Istanbul A.S.,612485,Endeks Sirketlerinde Degisiklik,GOOD-YEAR,GOODY,2017,2017-01-01,2017-12-31,2017-06-14,18:35:25,21/06/2017,OTHER_RULE_TRIGGER,Kasim 2015,"5.6.b, 7.5, 7.6",SECURITY_REPLACEMENT,REMOVED FROM XU050,Art. 7.6 IPO fast entry - effective on the 5th trading day; the disclosure prints the date,2017-06-21,"NOT_A_RESERVE_SUBSTITUTION - art. 7.6 replaces the smallest free-float market-cap constituent, not a reserve",DISTINCT_SECURITY,https://www.kap.org.tr/tr/Bildirim/612485,2026-08-24T11:20:00Z,kap_bildirim_612485_2017-06-14.json,0e558eaef7cba700decc975071ba78e3f8f48423446fc882815a6e01bc641da0,46638,PRIVATE_LOCAL_RAW,PRIVATE_LOCAL_RAW:bist-membership/kap-triggers/kap_bildirim_612485_2017-06-14.json,TRIGGER_EVENT_FOUND,ACQUIRED,"Mavi Giyim began trading on Yildiz Pazar on 15.06.2017. Borsa Istanbul cites arts. 5.6.b, 7.5 and 7.6 verbatim. Benchmark-index rows take effect 21/06/2017; the market/sector rows in the same table take effect 15/06/2017. Both dates are printed by the source; neither was derived."
KT-022,KAP / Borsa Istanbul A.S.,612485,Endeks Sirketlerinde Degisiklik,DOGAN HOLDING,DOHOL,2017,2017-01-01,2017-12-31,2017-06-14,18:35:25,21/06/2017,OTHER_RULE_TRIGGER,Kasim 2015,"5.6.b, 7.5, 7.6",SECURITY_REPLACEMENT,REMOVED FROM XU030,Art. 7.6 IPO fast entry - effective on the 5th trading day; the disclosure prints the date,2017-06-21,"NOT_A_RESERVE_SUBSTITUTION - art. 7.6 replaces the smallest free-float market-cap constituent, not a reserve",DISTINCT_SECURITY,https://www.kap.org.tr/tr/Bildirim/612485,2026-08-24T11:20:00Z,kap_bildirim_612485_2017-06-14.json,0e558eaef7cba700decc975071ba78e3f8f48423446fc882815a6e01bc641da0,46638,PRIVATE_LOCAL_RAW,PRIVATE_LOCAL_RAW:bist-membership/kap-triggers/kap_bildirim_612485_2017-06-14.json,TRIGGER_EVENT_FOUND,ACQUIRED,"Mavi Giyim began trading on Yildiz Pazar on 15.06.2017. Borsa Istanbul cites arts. 5.6.b, 7.5 and 7.6 verbatim. Benchmark-index rows take effect 21/06/2017; the market/sector rows in the same table take effect 15/06/2017. Both dates are printed by the source; neither was derived."
KT-023,KAP / Borsa Istanbul A.S.,636019,Endeks Sirketlerinde Degisiklik,NET TURIZM,NTTUR,2017,2017-01-01,2017-12-31,2017-10-19,18:05:38,20/10/2017,MERGER_SUCCESSION,Kasim 2015,NOT CITED BY THE SOURCE - merger/transfer article,MERGER_SUCCESSION,REMOVED FROM XU100,Day on which share-exchange distribution begins; the disclosure prints the date,2017-10-20,RESERVE CONSUMED AND NAMED BY THE SOURCE - HURGZ was reserve rank 1 for XU100 in the 2017Q4 review (node 11473),SUCCESSION_RULE_CONFIRMED for the removal; DISTINCT_SECURITY for the replacement,https://www.kap.org.tr/tr/Bildirim/636019,2026-08-24T11:20:00Z,kap_bildirim_636019_2017-10-19.json,6d87587b21453022c37fc179603b72a2a8c278d58efe7053437ec6f655759b37,40123,PRIVATE_LOCAL_RAW,PRIVATE_LOCAL_RAW:bist-membership/kap-triggers/kap_bildirim_636019_2017-10-19.json,TRIGGER_EVENT_FOUND,ACQUIRED,"Net Holding absorbed Net Turizm. Borsa states: ""Net Turizm'in BIST 100 Endeksi'nden cikarilmasi nedeniyle, Hurriyet Gzt. 20.10.2017 tarihinden itibaren BIST 100 ... endekslerine alinacak"". The replacement is NAMED, so no reserve-order inference was needed. Independently, HURGZ is reserve 1 of 5 in the 2017Q4 review reserve list (HURGZ, SNGYO, BRSAN, KATMR, EGSER) recorded in docs/evidence/bist_membership_event_sources.csv - consistent, but the consistency is an observation, not a rule."
KT-024,KAP / Borsa Istanbul A.S.,636019,Endeks Sirketlerinde Degisiklik,HURRIYET GZT.,HURGZ,2017,2017-01-01,2017-12-31,2017-10-19,18:05:38,20/10/2017,MERGER_SUCCESSION,Kasim 2015,NOT CITED BY THE SOURCE - merger/transfer article,MERGER_SUCCESSION,ADDED TO XU100,Day on which share-exchange distribution begins; the disclosure prints the date,2017-10-20,RESERVE CONSUMED AND NAMED BY THE SOURCE - HURGZ was reserve rank 1 for XU100 in the 2017Q4 review (node 11473),SUCCESSION_RULE_CONFIRMED for the removal; DISTINCT_SECURITY for the replacement,https://www.kap.org.tr/tr/Bildirim/636019,2026-08-24T11:20:00Z,kap_bildirim_636019_2017-10-19.json,6d87587b21453022c37fc179603b72a2a8c278d58efe7053437ec6f655759b37,40123,PRIVATE_LOCAL_RAW,PRIVATE_LOCAL_RAW:bist-membership/kap-triggers/kap_bildirim_636019_2017-10-19.json,TRIGGER_EVENT_FOUND,ACQUIRED,"Net Holding absorbed Net Turizm. Borsa states: ""Net Turizm'in BIST 100 Endeksi'nden cikarilmasi nedeniyle, Hurriyet Gzt. 20.10.2017 tarihinden itibaren BIST 100 ... endekslerine alinacak"". The replacement is NAMED, so no reserve-order inference was needed. Independently, HURGZ is reserve 1 of 5 in the 2017Q4 review reserve list (HURGZ, SNGYO, BRSAN, KATMR, EGSER) recorded in docs/evidence/bist_membership_event_sources.csv - consistent, but the consistency is an observation, not a rule."
KT-025,KAP / Borsa Istanbul A.S.,658736,Endeks Sirketlerinde Degisiklik,ENERJISA ENERJI,ENJSA,2018,2018-01-01,2018-12-31,2018-02-07,17:22:34,14/02/2018,OTHER_RULE_TRIGGER,"Aralik 2018 predecessor (Kasim 2015 line, in force 07.02.2018)","7.5, 7.6",SECURITY_REPLACEMENT,ADDED TO XU100,Art. 7.6 IPO fast entry - 5th trading day; printed by the source,2018-02-14,NOT_A_RESERVE_SUBSTITUTION - smallest free-float market-cap constituent displaced,DISTINCT_SECURITY,https://www.kap.org.tr/tr/Bildirim/658736,2026-08-24T11:20:00Z,kap_bildirim_658736_2018-02-07.json,a9e812ad4c2d7af097f0b3c6859c4370f9d9d9619d6884aa1f84ca4513cbf494,52722,PRIVATE_LOCAL_RAW,PRIVATE_LOCAL_RAW:bist-membership/kap-triggers/kap_bildirim_658736_2018-02-07.json,TRIGGER_EVENT_FOUND,ACQUIRED,Enerjisa Enerji began trading on Yildiz Pazar 08.02.2018. The disclosure also states the share count and free-float ratio used in index calculation.
KT-026,KAP / Borsa Istanbul A.S.,658736,Endeks Sirketlerinde Degisiklik,ENERJISA ENERJI,ENJSA,2018,2018-01-01,2018-12-31,2018-02-07,17:22:34,14/02/2018,OTHER_RULE_TRIGGER,"Aralik 2018 predecessor (Kasim 2015 line, in force 07.02.2018)","7.5, 7.6",SECURITY_REPLACEMENT,ADDED TO XU050,Art. 7.6 IPO fast entry - 5th trading day; printed by the source,2018-02-14,NOT_A_RESERVE_SUBSTITUTION - smallest free-float market-cap constituent displaced,DISTINCT_SECURITY,https://www.kap.org.tr/tr/Bildirim/658736,2026-08-24T11:20:00Z,kap_bildirim_658736_2018-02-07.json,a9e812ad4c2d7af097f0b3c6859c4370f9d9d9619d6884aa1f84ca4513cbf494,52722,PRIVATE_LOCAL_RAW,PRIVATE_LOCAL_RAW:bist-membership/kap-triggers/kap_bildirim_658736_2018-02-07.json,TRIGGER_EVENT_FOUND,ACQUIRED,Enerjisa Enerji began trading on Yildiz Pazar 08.02.2018. The disclosure also states the share count and free-float ratio used in index calculation.
KT-027,KAP / Borsa Istanbul A.S.,658736,Endeks Sirketlerinde Degisiklik,ENERJISA ENERJI,ENJSA,2018,2018-01-01,2018-12-31,2018-02-07,17:22:34,14/02/2018,OTHER_RULE_TRIGGER,"Aralik 2018 predecessor (Kasim 2015 line, in force 07.02.2018)","7.5, 7.6",SECURITY_REPLACEMENT,ADDED TO XU030,Art. 7.6 IPO fast entry - 5th trading day; printed by the source,2018-02-14,NOT_A_RESERVE_SUBSTITUTION - smallest free-float market-cap constituent displaced,DISTINCT_SECURITY,https://www.kap.org.tr/tr/Bildirim/658736,2026-08-24T11:20:00Z,kap_bildirim_658736_2018-02-07.json,a9e812ad4c2d7af097f0b3c6859c4370f9d9d9619d6884aa1f84ca4513cbf494,52722,PRIVATE_LOCAL_RAW,PRIVATE_LOCAL_RAW:bist-membership/kap-triggers/kap_bildirim_658736_2018-02-07.json,TRIGGER_EVENT_FOUND,ACQUIRED,Enerjisa Enerji began trading on Yildiz Pazar 08.02.2018. The disclosure also states the share count and free-float ratio used in index calculation.
KT-028,KAP / Borsa Istanbul A.S.,658736,Endeks Sirketlerinde Degisiklik,CARREFOURSA,CRFSA,2018,2018-01-01,2018-12-31,2018-02-07,17:22:34,14/02/2018,OTHER_RULE_TRIGGER,"Aralik 2018 predecessor (Kasim 2015 line, in force 07.02.2018)","7.5, 7.6",SECURITY_REPLACEMENT,REMOVED FROM XU100,Art. 7.6 IPO fast entry - 5th trading day; printed by the source,2018-02-14,NOT_A_RESERVE_SUBSTITUTION - smallest free-float market-cap constituent displaced,DISTINCT_SECURITY,https://www.kap.org.tr/tr/Bildirim/658736,2026-08-24T11:20:00Z,kap_bildirim_658736_2018-02-07.json,a9e812ad4c2d7af097f0b3c6859c4370f9d9d9619d6884aa1f84ca4513cbf494,52722,PRIVATE_LOCAL_RAW,PRIVATE_LOCAL_RAW:bist-membership/kap-triggers/kap_bildirim_658736_2018-02-07.json,TRIGGER_EVENT_FOUND,ACQUIRED,Enerjisa Enerji began trading on Yildiz Pazar 08.02.2018. The disclosure also states the share count and free-float ratio used in index calculation.
KT-029,KAP / Borsa Istanbul A.S.,658736,Endeks Sirketlerinde Degisiklik,GOLTAS CIMENTO,GOLTS,2018,2018-01-01,2018-12-31,2018-02-07,17:22:34,14/02/2018,OTHER_RULE_TRIGGER,"Aralik 2018 predecessor (Kasim 2015 line, in force 07.02.2018)","7.5, 7.6",SECURITY_REPLACEMENT,REMOVED FROM XU050,Art. 7.6 IPO fast entry - 5th trading day; printed by the source,2018-02-14,NOT_A_RESERVE_SUBSTITUTION - smallest free-float market-cap constituent displaced,DISTINCT_SECURITY,https://www.kap.org.tr/tr/Bildirim/658736,2026-08-24T11:20:00Z,kap_bildirim_658736_2018-02-07.json,a9e812ad4c2d7af097f0b3c6859c4370f9d9d9619d6884aa1f84ca4513cbf494,52722,PRIVATE_LOCAL_RAW,PRIVATE_LOCAL_RAW:bist-membership/kap-triggers/kap_bildirim_658736_2018-02-07.json,TRIGGER_EVENT_FOUND,ACQUIRED,Enerjisa Enerji began trading on Yildiz Pazar 08.02.2018. The disclosure also states the share count and free-float ratio used in index calculation.
KT-030,KAP / Borsa Istanbul A.S.,658736,Endeks Sirketlerinde Degisiklik,SEKERBANK,SKBNK,2018,2018-01-01,2018-12-31,2018-02-07,17:22:34,14/02/2018,OTHER_RULE_TRIGGER,"Aralik 2018 predecessor (Kasim 2015 line, in force 07.02.2018)","7.5, 7.6",SECURITY_REPLACEMENT,REMOVED FROM XU030,Art. 7.6 IPO fast entry - 5th trading day; printed by the source,2018-02-14,NOT_A_RESERVE_SUBSTITUTION - smallest free-float market-cap constituent displaced,DISTINCT_SECURITY,https://www.kap.org.tr/tr/Bildirim/658736,2026-08-24T11:20:00Z,kap_bildirim_658736_2018-02-07.json,a9e812ad4c2d7af097f0b3c6859c4370f9d9d9619d6884aa1f84ca4513cbf494,52722,PRIVATE_LOCAL_RAW,PRIVATE_LOCAL_RAW:bist-membership/kap-triggers/kap_bildirim_658736_2018-02-07.json,TRIGGER_EVENT_FOUND,ACQUIRED,Enerjisa Enerji began trading on Yildiz Pazar 08.02.2018. The disclosure also states the share count and free-float ratio used in index calculation.
KT-031,KAP / Borsa Istanbul A.S.,659515,Endeks Sirketlerinde Degisiklik,MLP SAGLIK,MPARK,2018,2018-01-01,2018-12-31,2018-02-12,18:20:47,19/02/2018,OTHER_RULE_TRIGGER,"Kasim 2015 line, in force 12.02.2018","7.5, 7.6",SECURITY_REPLACEMENT,ADDED TO XU100,Art. 7.6 IPO fast entry - 5th trading day; printed by the source,2018-02-19,NOT_A_RESERVE_SUBSTITUTION,DISTINCT_SECURITY,https://www.kap.org.tr/tr/Bildirim/659515,2026-08-24T11:20:00Z,kap_bildirim_659515_2018-02-12.json,0a0f88f73c37ce502be6aa4b754f505f03f79411e6b0e082eb6e924799169cd9,50511,PRIVATE_LOCAL_RAW,PRIVATE_LOCAL_RAW:bist-membership/kap-triggers/kap_bildirim_659515_2018-02-12.json,TRIGGER_EVENT_FOUND,ACQUIRED,MLP Saglik began trading on Yildiz Pazar 13.02.2018.
KT-032,KAP / Borsa Istanbul A.S.,659515,Endeks Sirketlerinde Degisiklik,MLP SAGLIK,MPARK,2018,2018-01-01,2018-12-31,2018-02-12,18:20:47,19/02/2018,OTHER_RULE_TRIGGER,"Kasim 2015 line, in force 12.02.2018","7.5, 7.6",SECURITY_REPLACEMENT,ADDED TO XU050,Art. 7.6 IPO fast entry - 5th trading day; printed by the source,2018-02-19,NOT_A_RESERVE_SUBSTITUTION,DISTINCT_SECURITY,https://www.kap.org.tr/tr/Bildirim/659515,2026-08-24T11:20:00Z,kap_bildirim_659515_2018-02-12.json,0a0f88f73c37ce502be6aa4b754f505f03f79411e6b0e082eb6e924799169cd9,50511,PRIVATE_LOCAL_RAW,PRIVATE_LOCAL_RAW:bist-membership/kap-triggers/kap_bildirim_659515_2018-02-12.json,TRIGGER_EVENT_FOUND,ACQUIRED,MLP Saglik began trading on Yildiz Pazar 13.02.2018.
KT-033,KAP / Borsa Istanbul A.S.,659515,Endeks Sirketlerinde Degisiklik,MLP SAGLIK,MPARK,2018,2018-01-01,2018-12-31,2018-02-12,18:20:47,19/02/2018,OTHER_RULE_TRIGGER,"Kasim 2015 line, in force 12.02.2018","7.5, 7.6",SECURITY_REPLACEMENT,ADDED TO XU030,Art. 7.6 IPO fast entry - 5th trading day; printed by the source,2018-02-19,NOT_A_RESERVE_SUBSTITUTION,DISTINCT_SECURITY,https://www.kap.org.tr/tr/Bildirim/659515,2026-08-24T11:20:00Z,kap_bildirim_659515_2018-02-12.json,0a0f88f73c37ce502be6aa4b754f505f03f79411e6b0e082eb6e924799169cd9,50511,PRIVATE_LOCAL_RAW,PRIVATE_LOCAL_RAW:bist-membership/kap-triggers/kap_bildirim_659515_2018-02-12.json,TRIGGER_EVENT_FOUND,ACQUIRED,MLP Saglik began trading on Yildiz Pazar 13.02.2018.
KT-034,KAP / Borsa Istanbul A.S.,659515,Endeks Sirketlerinde Degisiklik,KILER GMYO,KLGYO,2018,2018-01-01,2018-12-31,2018-02-12,18:20:47,19/02/2018,OTHER_RULE_TRIGGER,"Kasim 2015 line, in force 12.02.2018","7.5, 7.6",SECURITY_REPLACEMENT,REMOVED FROM XU100,Art. 7.6 IPO fast entry - 5th trading day; printed by the source,2018-02-19,NOT_A_RESERVE_SUBSTITUTION,DISTINCT_SECURITY,https://www.kap.org.tr/tr/Bildirim/659515,2026-08-24T11:20:00Z,kap_bildirim_659515_2018-02-12.json,0a0f88f73c37ce502be6aa4b754f505f03f79411e6b0e082eb6e924799169cd9,50511,PRIVATE_LOCAL_RAW,PRIVATE_LOCAL_RAW:bist-membership/kap-triggers/kap_bildirim_659515_2018-02-12.json,TRIGGER_EVENT_FOUND,ACQUIRED,MLP Saglik began trading on Yildiz Pazar 13.02.2018.
KT-035,KAP / Borsa Istanbul A.S.,659515,Endeks Sirketlerinde Degisiklik,IHLAS HOLDING,IHLAS,2018,2018-01-01,2018-12-31,2018-02-12,18:20:47,19/02/2018,OTHER_RULE_TRIGGER,"Kasim 2015 line, in force 12.02.2018","7.5, 7.6",SECURITY_REPLACEMENT,REMOVED FROM XU050,Art. 7.6 IPO fast entry - 5th trading day; printed by the source,2018-02-19,NOT_A_RESERVE_SUBSTITUTION,DISTINCT_SECURITY,https://www.kap.org.tr/tr/Bildirim/659515,2026-08-24T11:20:00Z,kap_bildirim_659515_2018-02-12.json,0a0f88f73c37ce502be6aa4b754f505f03f79411e6b0e082eb6e924799169cd9,50511,PRIVATE_LOCAL_RAW,PRIVATE_LOCAL_RAW:bist-membership/kap-triggers/kap_bildirim_659515_2018-02-12.json,TRIGGER_EVENT_FOUND,ACQUIRED,MLP Saglik began trading on Yildiz Pazar 13.02.2018.
KT-036,KAP / Borsa Istanbul A.S.,659515,Endeks Sirketlerinde Degisiklik,ECZACIBASI ILAC,ECILC,2018,2018-01-01,2018-12-31,2018-02-12,18:20:47,19/02/2018,OTHER_RULE_TRIGGER,"Kasim 2015 line, in force 12.02.2018","7.5, 7.6",SECURITY_REPLACEMENT,REMOVED FROM XU030,Art. 7.6 IPO fast entry - 5th trading day; printed by the source,2018-02-19,NOT_A_RESERVE_SUBSTITUTION,DISTINCT_SECURITY,https://www.kap.org.tr/tr/Bildirim/659515,2026-08-24T11:20:00Z,kap_bildirim_659515_2018-02-12.json,0a0f88f73c37ce502be6aa4b754f505f03f79411e6b0e082eb6e924799169cd9,50511,PRIVATE_LOCAL_RAW,PRIVATE_LOCAL_RAW:bist-membership/kap-triggers/kap_bildirim_659515_2018-02-12.json,TRIGGER_EVENT_FOUND,ACQUIRED,MLP Saglik began trading on Yildiz Pazar 13.02.2018.
KT-037,KAP / Borsa Istanbul A.S.,684332,Endeks Sirketlerinde Degisiklik,SOK MARKETLER TICARET,SOKM,2018,2018-01-01,2018-12-31,2018-05-17,18:12:28,24/05/2018,OTHER_RULE_TRIGGER,Mayis 2018,"7.5, 7.6",SECURITY_REPLACEMENT,ADDED TO XU100,Art. 7.6 IPO fast entry - 5th trading day; printed by the source,2018-05-24,NOT_A_RESERVE_SUBSTITUTION,DISTINCT_SECURITY,https://www.kap.org.tr/tr/Bildirim/684332,2026-08-24T11:20:00Z,kap_bildirim_684332_2018-05-17.json,886989a50ca2562eec2d8159747deff2574e96122ba8177cd6700543df54e381,51485,PRIVATE_LOCAL_RAW,PRIVATE_LOCAL_RAW:bist-membership/kap-triggers/kap_bildirim_684332_2018-05-17.json,TRIGGER_EVENT_FOUND,ACQUIRED,Sok Marketler began trading on Yildiz Pazar 18.05.2018.
KT-038,KAP / Borsa Istanbul A.S.,684332,Endeks Sirketlerinde Degisiklik,SOK MARKETLER TICARET,SOKM,2018,2018-01-01,2018-12-31,2018-05-17,18:12:28,24/05/2018,OTHER_RULE_TRIGGER,Mayis 2018,"7.5, 7.6",SECURITY_REPLACEMENT,ADDED TO XU050,Art. 7.6 IPO fast entry - 5th trading day; printed by the source,2018-05-24,NOT_A_RESERVE_SUBSTITUTION,DISTINCT_SECURITY,https://www.kap.org.tr/tr/Bildirim/684332,2026-08-24T11:20:00Z,kap_bildirim_684332_2018-05-17.json,886989a50ca2562eec2d8159747deff2574e96122ba8177cd6700543df54e381,51485,PRIVATE_LOCAL_RAW,PRIVATE_LOCAL_RAW:bist-membership/kap-triggers/kap_bildirim_684332_2018-05-17.json,TRIGGER_EVENT_FOUND,ACQUIRED,Sok Marketler began trading on Yildiz Pazar 18.05.2018.
KT-039,KAP / Borsa Istanbul A.S.,684332,Endeks Sirketlerinde Degisiklik,SOK MARKETLER TICARET,SOKM,2018,2018-01-01,2018-12-31,2018-05-17,18:12:28,24/05/2018,OTHER_RULE_TRIGGER,Mayis 2018,"7.5, 7.6",SECURITY_REPLACEMENT,ADDED TO XU030,Art. 7.6 IPO fast entry - 5th trading day; printed by the source,2018-05-24,NOT_A_RESERVE_SUBSTITUTION,DISTINCT_SECURITY,https://www.kap.org.tr/tr/Bildirim/684332,2026-08-24T11:20:00Z,kap_bildirim_684332_2018-05-17.json,886989a50ca2562eec2d8159747deff2574e96122ba8177cd6700543df54e381,51485,PRIVATE_LOCAL_RAW,PRIVATE_LOCAL_RAW:bist-membership/kap-triggers/kap_bildirim_684332_2018-05-17.json,TRIGGER_EVENT_FOUND,ACQUIRED,Sok Marketler began trading on Yildiz Pazar 18.05.2018.
KT-040,KAP / Borsa Istanbul A.S.,684332,Endeks Sirketlerinde Degisiklik,DATAGATE BILGISAYAR,DGATE,2018,2018-01-01,2018-12-31,2018-05-17,18:12:28,24/05/2018,OTHER_RULE_TRIGGER,Mayis 2018,"7.5, 7.6",SECURITY_REPLACEMENT,REMOVED FROM XU100,Art. 7.6 IPO fast entry - 5th trading day; printed by the source,2018-05-24,NOT_A_RESERVE_SUBSTITUTION,DISTINCT_SECURITY,https://www.kap.org.tr/tr/Bildirim/684332,2026-08-24T11:20:00Z,kap_bildirim_684332_2018-05-17.json,886989a50ca2562eec2d8159747deff2574e96122ba8177cd6700543df54e381,51485,PRIVATE_LOCAL_RAW,PRIVATE_LOCAL_RAW:bist-membership/kap-triggers/kap_bildirim_684332_2018-05-17.json,TRIGGER_EVENT_FOUND,ACQUIRED,Sok Marketler began trading on Yildiz Pazar 18.05.2018.
KT-041,KAP / Borsa Istanbul A.S.,684332,Endeks Sirketlerinde Degisiklik,NETAS TELEKOM,NETAS,2018,2018-01-01,2018-12-31,2018-05-17,18:12:28,24/05/2018,OTHER_RULE_TRIGGER,Mayis 2018,"7.5, 7.6",SECURITY_REPLACEMENT,REMOVED FROM XU050,Art. 7.6 IPO fast entry - 5th trading day; printed by the source,2018-05-24,NOT_A_RESERVE_SUBSTITUTION,DISTINCT_SECURITY,https://www.kap.org.tr/tr/Bildirim/684332,2026-08-24T11:20:00Z,kap_bildirim_684332_2018-05-17.json,886989a50ca2562eec2d8159747deff2574e96122ba8177cd6700543df54e381,51485,PRIVATE_LOCAL_RAW,PRIVATE_LOCAL_RAW:bist-membership/kap-triggers/kap_bildirim_684332_2018-05-17.json,TRIGGER_EVENT_FOUND,ACQUIRED,Sok Marketler began trading on Yildiz Pazar 18.05.2018.
KT-042,KAP / Borsa Istanbul A.S.,684332,Endeks Sirketlerinde Degisiklik,OTOKAR,OTKAR,2018,2018-01-01,2018-12-31,2018-05-17,18:12:28,24/05/2018,OTHER_RULE_TRIGGER,Mayis 2018,"7.5, 7.6",SECURITY_REPLACEMENT,REMOVED FROM XU030,Art. 7.6 IPO fast entry - 5th trading day; printed by the source,2018-05-24,NOT_A_RESERVE_SUBSTITUTION,DISTINCT_SECURITY,https://www.kap.org.tr/tr/Bildirim/684332,2026-08-24T11:20:00Z,kap_bildirim_684332_2018-05-17.json,886989a50ca2562eec2d8159747deff2574e96122ba8177cd6700543df54e381,51485,PRIVATE_LOCAL_RAW,PRIVATE_LOCAL_RAW:bist-membership/kap-triggers/kap_bildirim_684332_2018-05-17.json,TRIGGER_EVENT_FOUND,ACQUIRED,Sok Marketler began trading on Yildiz Pazar 18.05.2018.
KT-043,KAP / Borsa Istanbul A.S.,705870,Endeks Sirketlerinde Degisiklik,KIPA TICARET,KIPA,2018,2018-01-01,2018-12-31,2018-08-31,18:51:40,03/09/2018,MERGER_SUCCESSION,Haziran 2018,NOT CITED BY THE SOURCE - merger article,MERGER_SUCCESSION,REMOVED FROM XU100,Day on which share-exchange distribution begins; printed by the source,2018-09-03,RESERVE CONSUMED AND NAMED BY THE SOURCE - ITTFH was reserve rank 1 for XU100 in the 2018Q3 review (node 12512),SUCCESSION_RULE_CONFIRMED for the removal; DISTINCT_SECURITY for the replacement,https://www.kap.org.tr/tr/Bildirim/705870,2026-08-24T11:20:00Z,kap_bildirim_705870_2018-08-31.json,fe58451fa16128a8c0c19ffa22d6ecc17e8bb3a93c4e0076d7c3804792d62777,36429,PRIVATE_LOCAL_RAW,PRIVATE_LOCAL_RAW:bist-membership/kap-triggers/kap_bildirim_705870_2018-08-31.json,TRIGGER_EVENT_FOUND,ACQUIRED,"Migros Ticaret absorbed Kipa Ticaret. Borsa names the replacement explicitly. ITTFH is reserve 1 of 5 in the 2018Q3 reserve list (ITTFH, ASUZU, TEKTU, HEKTS, POLHO)."
KT-044,KAP / Borsa Istanbul A.S.,705870,Endeks Sirketlerinde Degisiklik,ITTIFAK HOLDING,ITTFH,2018,2018-01-01,2018-12-31,2018-08-31,18:51:40,03/09/2018,MERGER_SUCCESSION,Haziran 2018,NOT CITED BY THE SOURCE - merger article,MERGER_SUCCESSION,ADDED TO XU100,Day on which share-exchange distribution begins; printed by the source,2018-09-03,RESERVE CONSUMED AND NAMED BY THE SOURCE - ITTFH was reserve rank 1 for XU100 in the 2018Q3 review (node 12512),SUCCESSION_RULE_CONFIRMED for the removal; DISTINCT_SECURITY for the replacement,https://www.kap.org.tr/tr/Bildirim/705870,2026-08-24T11:20:00Z,kap_bildirim_705870_2018-08-31.json,fe58451fa16128a8c0c19ffa22d6ecc17e8bb3a93c4e0076d7c3804792d62777,36429,PRIVATE_LOCAL_RAW,PRIVATE_LOCAL_RAW:bist-membership/kap-triggers/kap_bildirim_705870_2018-08-31.json,TRIGGER_EVENT_FOUND,ACQUIRED,"Migros Ticaret absorbed Kipa Ticaret. Borsa names the replacement explicitly. ITTFH is reserve 1 of 5 in the 2018Q3 reserve list (ITTFH, ASUZU, TEKTU, HEKTS, POLHO)."
KT-045,KAP / Borsa Istanbul A.S.,845949,Endeks Sirketlerinde Degisiklik,ADANA CIMENTO (A),ADANA,2020,2020-01-01,2020-12-31,2020-05-20,17:01:47,21/05/2020,MERGER_SUCCESSION,Nisan 2020,"7.11, 7.14, 7.16",MERGER_SUCCESSION,REMOVED FROM XU100,Day on which share distribution begins (21.05.2020); printed by the source,2020-05-21,"RESERVE CONSUMED, NAMED AND RANKED BY THE SOURCE - Borsa states Sarkuysan was the FIRST reserve determined for BIST 100 for the 2020Q2 period (01.04.2020-30.06.2020)",SUCCESSION_RULE_CONFIRMED - the surviving entity trades under the pre-existing share code MRDIN with the bulletin name changed to OYAK CIMENTO,https://www.kap.org.tr/tr/Bildirim/845949,2026-08-24T11:20:00Z,kap_bildirim_845949_2020-05-20.json,d0c79c8ab1d8106adf1d6e732e463445ce54c98f703c98782b274c0ddba0b3d0,19588,PRIVATE_LOCAL_RAW,PRIVATE_LOCAL_RAW:bist-membership/kap-triggers/kap_bildirim_845949_2020-05-20.json,TRIGGER_EVENT_FOUND,ACQUIRED,"DECISIVE ROW FOR RESERVE SEMANTICS. Verbatim: ""BIST Pay Endeksleri Temel Kurallari'nin 7.11. maddesi geregince Adana Cimento (A)'nin BIST 100 endeksinden cikarilmasi nedeniyle, yerine 2020 yili ikinci uc aylik doneminde (01.04.2020 - 30.06.2020) BIST 100 endeksi icin 1.yedek olarak belirlenmis olan Sarkuysan ... dahil edilecektir."" This is the only first-party statement located in the window that both names a reserve substitution AND states its rank. It confirms that the published reserve list carries a rank; it does NOT state a general consumption rule, and no rulebook version in the window states one. The XU100 rows are in the disclosure attachment, not the body table."
KT-046,KAP / Borsa Istanbul A.S.,845949,Endeks Sirketlerinde Degisiklik,SARKUYSAN,SARKY,2020,2020-01-01,2020-12-31,2020-05-20,17:01:47,21/05/2020,MERGER_SUCCESSION,Nisan 2020,"7.11, 7.14, 7.16",MERGER_SUCCESSION,ADDED TO XU100,Day on which share distribution begins (21.05.2020); printed by the source,2020-05-21,"RESERVE CONSUMED, NAMED AND RANKED BY THE SOURCE - Borsa states Sarkuysan was the FIRST reserve determined for BIST 100 for the 2020Q2 period (01.04.2020-30.06.2020)",SUCCESSION_RULE_CONFIRMED - the surviving entity trades under the pre-existing share code MRDIN with the bulletin name changed to OYAK CIMENTO,https://www.kap.org.tr/tr/Bildirim/845949,2026-08-24T11:20:00Z,kap_bildirim_845949_2020-05-20.json,d0c79c8ab1d8106adf1d6e732e463445ce54c98f703c98782b274c0ddba0b3d0,19588,PRIVATE_LOCAL_RAW,PRIVATE_LOCAL_RAW:bist-membership/kap-triggers/kap_bildirim_845949_2020-05-20.json,TRIGGER_EVENT_FOUND,ACQUIRED,"DECISIVE ROW FOR RESERVE SEMANTICS. Verbatim: ""BIST Pay Endeksleri Temel Kurallari'nin 7.11. maddesi geregince Adana Cimento (A)'nin BIST 100 endeksinden cikarilmasi nedeniyle, yerine 2020 yili ikinci uc aylik doneminde (01.04.2020 - 30.06.2020) BIST 100 endeksi icin 1.yedek olarak belirlenmis olan Sarkuysan ... dahil edilecektir."" This is the only first-party statement located in the window that both names a reserve substitution AND states its rank. It confirms that the published reserve list carries a rank; it does NOT state a general consumption rule, and no rulebook version in the window states one. The XU100 rows are in the disclosure attachment, not the body table."
KT-047,KAP / Borsa Istanbul A.S.,877486,Endeks Sirketlerinde Degisiklik,ANADOLU CAM,ANACM,2020,2020-01-01,2020-12-31,2020-09-30,16:41:20,01/10/2020,MERGER_SUCCESSION,Nisan 2020 / 2020-09 split rule set,7.16 (cited for BIST Temettu 25 only),MERGER_SUCCESSION,REMOVED FROM XU100,Day on which share distribution begins (01.10.2020); printed by the source,2020-10-01,RESERVE CONSUMPTION NOT RESOLVED - three BIST 100 constituents are removed and NO BIST 100 replacement is named,SUCCESSION_RULE_CONFIRMED for the removals; INSUFFICIENT_IDENTITY_EVIDENCE for any BIST 100 replacement,https://www.kap.org.tr/tr/Bildirim/877486,2026-08-24T11:20:00Z,kap_bildirim_877486_2020-09-30.json,a3319e3783b58107158f1a21989b473c3d99de4ee7efb855b05e9237f18318d6,20966,PRIVATE_LOCAL_RAW,PRIVATE_LOCAL_RAW:bist-membership/kap-triggers/kap_bildirim_877486_2020-09-30.json,TRIGGER_EVENT_FOUND,ACQUIRED,"FAIL-CLOSED ROW. Sise Cam absorbed Anadolu Cam, Denizli Cam, Soda Sanayii, Trakya Cam and unlisted Pasabahce. The attachment removes THREE BIST 100 constituents and adds NONE; the explanation names replacements only for BIST Temettu 25 (Sise Cam and Indeks Bilgisayar, art. 7.16). The effective date 01.10.2020 is ALSO the first day of the 2020Q4 index period (01/10/2020-31/12/2020) announced on 18.09.2020, so the merger removals and the periodic additions/removals share an effective date. No first-party rule was located that orders same-day changes or that says whether the periodic review already absorbed these removals. BIST 100 membership on 01.10.2020 is therefore NOT deterministically reconstructible from first-party evidence."
KT-048,KAP / Borsa Istanbul A.S.,877486,Endeks Sirketlerinde Degisiklik,ANADOLU CAM,ANACM,2020,2020-01-01,2020-12-31,2020-09-30,16:41:20,01/10/2020,MERGER_SUCCESSION,Nisan 2020 / 2020-09 split rule set,7.16 (cited for BIST Temettu 25 only),MERGER_SUCCESSION,REMOVED FROM XU050,Day on which share distribution begins (01.10.2020); printed by the source,2020-10-01,RESERVE CONSUMPTION NOT RESOLVED - three BIST 100 constituents are removed and NO BIST 100 replacement is named,SUCCESSION_RULE_CONFIRMED for the removals; INSUFFICIENT_IDENTITY_EVIDENCE for any BIST 100 replacement,https://www.kap.org.tr/tr/Bildirim/877486,2026-08-24T11:20:00Z,kap_bildirim_877486_2020-09-30.json,a3319e3783b58107158f1a21989b473c3d99de4ee7efb855b05e9237f18318d6,20966,PRIVATE_LOCAL_RAW,PRIVATE_LOCAL_RAW:bist-membership/kap-triggers/kap_bildirim_877486_2020-09-30.json,TRIGGER_EVENT_FOUND,ACQUIRED,"FAIL-CLOSED ROW. Sise Cam absorbed Anadolu Cam, Denizli Cam, Soda Sanayii, Trakya Cam and unlisted Pasabahce. The attachment removes THREE BIST 100 constituents and adds NONE; the explanation names replacements only for BIST Temettu 25 (Sise Cam and Indeks Bilgisayar, art. 7.16). The effective date 01.10.2020 is ALSO the first day of the 2020Q4 index period (01/10/2020-31/12/2020) announced on 18.09.2020, so the merger removals and the periodic additions/removals share an effective date. No first-party rule was located that orders same-day changes or that says whether the periodic review already absorbed these removals. BIST 100 membership on 01.10.2020 is therefore NOT deterministically reconstructible from first-party evidence."
KT-049,KAP / Borsa Istanbul A.S.,877486,Endeks Sirketlerinde Degisiklik,SODA SANAYII,SODA,2020,2020-01-01,2020-12-31,2020-09-30,16:41:20,01/10/2020,MERGER_SUCCESSION,Nisan 2020 / 2020-09 split rule set,7.16 (cited for BIST Temettu 25 only),MERGER_SUCCESSION,REMOVED FROM XU100,Day on which share distribution begins (01.10.2020); printed by the source,2020-10-01,RESERVE CONSUMPTION NOT RESOLVED - three BIST 100 constituents are removed and NO BIST 100 replacement is named,SUCCESSION_RULE_CONFIRMED for the removals; INSUFFICIENT_IDENTITY_EVIDENCE for any BIST 100 replacement,https://www.kap.org.tr/tr/Bildirim/877486,2026-08-24T11:20:00Z,kap_bildirim_877486_2020-09-30.json,a3319e3783b58107158f1a21989b473c3d99de4ee7efb855b05e9237f18318d6,20966,PRIVATE_LOCAL_RAW,PRIVATE_LOCAL_RAW:bist-membership/kap-triggers/kap_bildirim_877486_2020-09-30.json,TRIGGER_EVENT_FOUND,ACQUIRED,"FAIL-CLOSED ROW. Sise Cam absorbed Anadolu Cam, Denizli Cam, Soda Sanayii, Trakya Cam and unlisted Pasabahce. The attachment removes THREE BIST 100 constituents and adds NONE; the explanation names replacements only for BIST Temettu 25 (Sise Cam and Indeks Bilgisayar, art. 7.16). The effective date 01.10.2020 is ALSO the first day of the 2020Q4 index period (01/10/2020-31/12/2020) announced on 18.09.2020, so the merger removals and the periodic additions/removals share an effective date. No first-party rule was located that orders same-day changes or that says whether the periodic review already absorbed these removals. BIST 100 membership on 01.10.2020 is therefore NOT deterministically reconstructible from first-party evidence."
KT-050,KAP / Borsa Istanbul A.S.,877486,Endeks Sirketlerinde Degisiklik,SODA SANAYII,SODA,2020,2020-01-01,2020-12-31,2020-09-30,16:41:20,01/10/2020,MERGER_SUCCESSION,Nisan 2020 / 2020-09 split rule set,7.16 (cited for BIST Temettu 25 only),MERGER_SUCCESSION,REMOVED FROM XU050,Day on which share distribution begins (01.10.2020); printed by the source,2020-10-01,RESERVE CONSUMPTION NOT RESOLVED - three BIST 100 constituents are removed and NO BIST 100 replacement is named,SUCCESSION_RULE_CONFIRMED for the removals; INSUFFICIENT_IDENTITY_EVIDENCE for any BIST 100 replacement,https://www.kap.org.tr/tr/Bildirim/877486,2026-08-24T11:20:00Z,kap_bildirim_877486_2020-09-30.json,a3319e3783b58107158f1a21989b473c3d99de4ee7efb855b05e9237f18318d6,20966,PRIVATE_LOCAL_RAW,PRIVATE_LOCAL_RAW:bist-membership/kap-triggers/kap_bildirim_877486_2020-09-30.json,TRIGGER_EVENT_FOUND,ACQUIRED,"FAIL-CLOSED ROW. Sise Cam absorbed Anadolu Cam, Denizli Cam, Soda Sanayii, Trakya Cam and unlisted Pasabahce. The attachment removes THREE BIST 100 constituents and adds NONE; the explanation names replacements only for BIST Temettu 25 (Sise Cam and Indeks Bilgisayar, art. 7.16). The effective date 01.10.2020 is ALSO the first day of the 2020Q4 index period (01/10/2020-31/12/2020) announced on 18.09.2020, so the merger removals and the periodic additions/removals share an effective date. No first-party rule was located that orders same-day changes or that says whether the periodic review already absorbed these removals. BIST 100 membership on 01.10.2020 is therefore NOT deterministically reconstructible from first-party evidence."
KT-051,KAP / Borsa Istanbul A.S.,877486,Endeks Sirketlerinde Degisiklik,SODA SANAYII,SODA,2020,2020-01-01,2020-12-31,2020-09-30,16:41:20,01/10/2020,MERGER_SUCCESSION,Nisan 2020 / 2020-09 split rule set,7.16 (cited for BIST Temettu 25 only),MERGER_SUCCESSION,REMOVED FROM XU030,Day on which share distribution begins (01.10.2020); printed by the source,2020-10-01,RESERVE CONSUMPTION NOT RESOLVED - three BIST 100 constituents are removed and NO BIST 100 replacement is named,SUCCESSION_RULE_CONFIRMED for the removals; INSUFFICIENT_IDENTITY_EVIDENCE for any BIST 100 replacement,https://www.kap.org.tr/tr/Bildirim/877486,2026-08-24T11:20:00Z,kap_bildirim_877486_2020-09-30.json,a3319e3783b58107158f1a21989b473c3d99de4ee7efb855b05e9237f18318d6,20966,PRIVATE_LOCAL_RAW,PRIVATE_LOCAL_RAW:bist-membership/kap-triggers/kap_bildirim_877486_2020-09-30.json,TRIGGER_EVENT_FOUND,ACQUIRED,"FAIL-CLOSED ROW. Sise Cam absorbed Anadolu Cam, Denizli Cam, Soda Sanayii, Trakya Cam and unlisted Pasabahce. The attachment removes THREE BIST 100 constituents and adds NONE; the explanation names replacements only for BIST Temettu 25 (Sise Cam and Indeks Bilgisayar, art. 7.16). The effective date 01.10.2020 is ALSO the first day of the 2020Q4 index period (01/10/2020-31/12/2020) announced on 18.09.2020, so the merger removals and the periodic additions/removals share an effective date. No first-party rule was located that orders same-day changes or that says whether the periodic review already absorbed these removals. BIST 100 membership on 01.10.2020 is therefore NOT deterministically reconstructible from first-party evidence."
KT-052,KAP / Borsa Istanbul A.S.,877486,Endeks Sirketlerinde Degisiklik,TRAKYA CAM,TRKCM,2020,2020-01-01,2020-12-31,2020-09-30,16:41:20,01/10/2020,MERGER_SUCCESSION,Nisan 2020 / 2020-09 split rule set,7.16 (cited for BIST Temettu 25 only),MERGER_SUCCESSION,REMOVED FROM XU100,Day on which share distribution begins (01.10.2020); printed by the source,2020-10-01,RESERVE CONSUMPTION NOT RESOLVED - three BIST 100 constituents are removed and NO BIST 100 replacement is named,SUCCESSION_RULE_CONFIRMED for the removals; INSUFFICIENT_IDENTITY_EVIDENCE for any BIST 100 replacement,https://www.kap.org.tr/tr/Bildirim/877486,2026-08-24T11:20:00Z,kap_bildirim_877486_2020-09-30.json,a3319e3783b58107158f1a21989b473c3d99de4ee7efb855b05e9237f18318d6,20966,PRIVATE_LOCAL_RAW,PRIVATE_LOCAL_RAW:bist-membership/kap-triggers/kap_bildirim_877486_2020-09-30.json,TRIGGER_EVENT_FOUND,ACQUIRED,"FAIL-CLOSED ROW. Sise Cam absorbed Anadolu Cam, Denizli Cam, Soda Sanayii, Trakya Cam and unlisted Pasabahce. The attachment removes THREE BIST 100 constituents and adds NONE; the explanation names replacements only for BIST Temettu 25 (Sise Cam and Indeks Bilgisayar, art. 7.16). The effective date 01.10.2020 is ALSO the first day of the 2020Q4 index period (01/10/2020-31/12/2020) announced on 18.09.2020, so the merger removals and the periodic additions/removals share an effective date. No first-party rule was located that orders same-day changes or that says whether the periodic review already absorbed these removals. BIST 100 membership on 01.10.2020 is therefore NOT deterministically reconstructible from first-party evidence."
KT-053,KAP / Borsa Istanbul A.S.,877486,Endeks Sirketlerinde Degisiklik,TRAKYA CAM,TRKCM,2020,2020-01-01,2020-12-31,2020-09-30,16:41:20,01/10/2020,MERGER_SUCCESSION,Nisan 2020 / 2020-09 split rule set,7.16 (cited for BIST Temettu 25 only),MERGER_SUCCESSION,REMOVED FROM XU050,Day on which share distribution begins (01.10.2020); printed by the source,2020-10-01,RESERVE CONSUMPTION NOT RESOLVED - three BIST 100 constituents are removed and NO BIST 100 replacement is named,SUCCESSION_RULE_CONFIRMED for the removals; INSUFFICIENT_IDENTITY_EVIDENCE for any BIST 100 replacement,https://www.kap.org.tr/tr/Bildirim/877486,2026-08-24T11:20:00Z,kap_bildirim_877486_2020-09-30.json,a3319e3783b58107158f1a21989b473c3d99de4ee7efb855b05e9237f18318d6,20966,PRIVATE_LOCAL_RAW,PRIVATE_LOCAL_RAW:bist-membership/kap-triggers/kap_bildirim_877486_2020-09-30.json,TRIGGER_EVENT_FOUND,ACQUIRED,"FAIL-CLOSED ROW. Sise Cam absorbed Anadolu Cam, Denizli Cam, Soda Sanayii, Trakya Cam and unlisted Pasabahce. The attachment removes THREE BIST 100 constituents and adds NONE; the explanation names replacements only for BIST Temettu 25 (Sise Cam and Indeks Bilgisayar, art. 7.16). The effective date 01.10.2020 is ALSO the first day of the 2020Q4 index period (01/10/2020-31/12/2020) announced on 18.09.2020, so the merger removals and the periodic additions/removals share an effective date. No first-party rule was located that orders same-day changes or that says whether the periodic review already absorbed these removals. BIST 100 membership on 01.10.2020 is therefore NOT deterministically reconstructible from first-party evidence."
KT-054,KAP / Borsa Istanbul A.S.,877486,Endeks Sirketlerinde Degisiklik,TRAKYA CAM,TRKCM,2020,2020-01-01,2020-12-31,2020-09-30,16:41:20,01/10/2020,MERGER_SUCCESSION,Nisan 2020 / 2020-09 split rule set,7.16 (cited for BIST Temettu 25 only),MERGER_SUCCESSION,REMOVED FROM XU030,Day on which share distribution begins (01.10.2020); printed by the source,2020-10-01,RESERVE CONSUMPTION NOT RESOLVED - three BIST 100 constituents are removed and NO BIST 100 replacement is named,SUCCESSION_RULE_CONFIRMED for the removals; INSUFFICIENT_IDENTITY_EVIDENCE for any BIST 100 replacement,https://www.kap.org.tr/tr/Bildirim/877486,2026-08-24T11:20:00Z,kap_bildirim_877486_2020-09-30.json,a3319e3783b58107158f1a21989b473c3d99de4ee7efb855b05e9237f18318d6,20966,PRIVATE_LOCAL_RAW,PRIVATE_LOCAL_RAW:bist-membership/kap-triggers/kap_bildirim_877486_2020-09-30.json,TRIGGER_EVENT_FOUND,ACQUIRED,"FAIL-CLOSED ROW. Sise Cam absorbed Anadolu Cam, Denizli Cam, Soda Sanayii, Trakya Cam and unlisted Pasabahce. The attachment removes THREE BIST 100 constituents and adds NONE; the explanation names replacements only for BIST Temettu 25 (Sise Cam and Indeks Bilgisayar, art. 7.16). The effective date 01.10.2020 is ALSO the first day of the 2020Q4 index period (01/10/2020-31/12/2020) announced on 18.09.2020, so the merger removals and the periodic additions/removals share an effective date. No first-party rule was located that orders same-day changes or that says whether the periodic review already absorbed these removals. BIST 100 membership on 01.10.2020 is therefore NOT deterministically reconstructible from first-party evidence."
KT-055,KAP / Borsa Istanbul A.S.,581584,Endeks Sirketlerinde Degisiklik,BORSA ISTANBUL A.S. (issuer of the announcement),MSGYO,2017,2017-01-01,2017-12-31,2017-01-18,17:53:44,NA,NON_TRIGGER_REVIEWED,NA,NA,REVIEWED_NOT_A_BENCHMARK_MEMBERSHIP_CHANGE,"NO CHANGE TO XU100, XU050 OR XU030",NA,NA,NA,NA,https://www.kap.org.tr/tr/Bildirim/581584,2026-08-24T11:20:00Z,kap_bildirim_581584_2017-01-18.json,35d54ce8da4aa77c767b145358d92f43bdea39a8f73f2f7b8d830b90bd8148eb,26404,PRIVATE_LOCAL_RAW,PRIVATE_LOCAL_RAW:bist-membership/kap-triggers/kap_bildirim_581584_2017-01-18.json,NO_TRIGGER_EVENT_EVIDENCED,ACQUIRED,"Reviewed in full. Index codes touched by this disclosure: XGMYO, XHARZ, XTUMY, XUMAL, XUTUM. None is XU100, XU050 or XU030."
KT-056,KAP / Borsa Istanbul A.S.,581629,Endeks Sirketlerinde Degisiklik,BORSA ISTANBUL A.S. (issuer of the announcement),"AVISA, ULUSE, ULUUN",2017,2017-01-01,2017-12-31,2017-01-18,19:14:22,NA,NON_TRIGGER_REVIEWED,NA,NA,REVIEWED_NOT_A_BENCHMARK_MEMBERSHIP_CHANGE,"NO CHANGE TO XU100, XU050 OR XU030",NA,NA,NA,NA,https://www.kap.org.tr/tr/Bildirim/581629,2026-08-24T11:20:00Z,kap_bildirim_581629_2017-01-18.json,5bbb4321d4579be633f9994e511ee26716bec97ebde6717d94eb89ba50e8b5b9,21936,PRIVATE_LOCAL_RAW,PRIVATE_LOCAL_RAW:bist-membership/kap-triggers/kap_bildirim_581629_2017-01-18.json,NO_TRIGGER_EVENT_EVIDENCED,ACQUIRED,"Reviewed in full. Index codes touched by this disclosure: XHARZ. None is XU100, XU050 or XU030."
KT-057,KAP / Borsa Istanbul A.S.,583576,Endeks Sirketlerinde Degisiklik,BORSA ISTANBUL A.S. (issuer of the announcement),"ALCTL, EGSER, HEKTS, HURGZ, SASA, TKNSA",2017,2017-01-01,2017-12-31,2017-01-31,16:15:37,NA,NON_TRIGGER_REVIEWED,NA,NA,REVIEWED_NOT_A_BENCHMARK_MEMBERSHIP_CHANGE,"NO CHANGE TO XU100, XU050 OR XU030",NA,NA,NA,NA,https://www.kap.org.tr/tr/Bildirim/583576,2026-08-24T11:20:00Z,kap_bildirim_583576_2017-01-31.json,3e8e1cf8ec588e74af4fab8d2060ad96e87bb774e1e77432482e2e85df590f30,27631,PRIVATE_LOCAL_RAW,PRIVATE_LOCAL_RAW:bist-membership/kap-triggers/kap_bildirim_583576_2017-01-31.json,NO_TRIGGER_EVENT_EVIDENCED,ACQUIRED,"Reviewed in full. Index codes touched by this disclosure: BIST Ana, BIST Yildiz. None is XU100, XU050 or XU030."
KT-058,KAP / Borsa Istanbul A.S.,591472,Endeks Sirketlerinde Degisiklik,BORSA ISTANBUL A.S. (issuer of the announcement),GYHOL,2017,2017-01-01,2017-12-31,2017-03-07,16:39:32,NA,NON_TRIGGER_REVIEWED,NA,NA,REVIEWED_NOT_A_BENCHMARK_MEMBERSHIP_CHANGE,"NO CHANGE TO XU100, XU050 OR XU030",NA,NA,NA,NA,https://www.kap.org.tr/tr/Bildirim/591472,2026-08-24T11:20:00Z,kap_bildirim_591472_2017-03-07.json,5089623b15bc7ee98cc47afc7b9b9ea71c6eca93c1f7e99820826c9a1d6a62ca,27002,PRIVATE_LOCAL_RAW,PRIVATE_LOCAL_RAW:bist-membership/kap-triggers/kap_bildirim_591472_2017-03-07.json,NO_TRIGGER_EVENT_EVIDENCED,ACQUIRED,"Reviewed in full. Index codes touched by this disclosure: BIST ANA, BIST HOLDING VE YATIRIM, BIST MALI, BIST TUM, BIST TUM-100, BIST ISTANBUL. None is XU100, XU050 or XU030."
KT-059,KAP / Borsa Istanbul A.S.,596824,Endeks Sirketlerinde Degisiklik,BORSA ISTANBUL A.S. (issuer of the announcement),"BANVT, ERBOS, YATAS",2017,2017-01-01,2017-12-31,2017-03-31,17:07:07,NA,NON_TRIGGER_REVIEWED,NA,NA,REVIEWED_NOT_A_BENCHMARK_MEMBERSHIP_CHANGE,"NO CHANGE TO XU100, XU050 OR XU030",NA,NA,NA,NA,https://www.kap.org.tr/tr/Bildirim/596824,2026-08-24T11:20:00Z,kap_bildirim_596824_2017-03-31.json,937cc93ae328f2a986b12209eb078409027d51b154b32d907d3da68b1058c973,22362,PRIVATE_LOCAL_RAW,PRIVATE_LOCAL_RAW:bist-membership/kap-triggers/kap_bildirim_596824_2017-03-31.json,NO_TRIGGER_EVENT_EVIDENCED,ACQUIRED,"Reviewed in full. Index codes touched by this disclosure: XBANA, XYLDZ. None is XU100, XU050 or XU030."
KT-060,KAP / Borsa Istanbul A.S.,604596,Endeks Sirketlerinde Degisiklik,BORSA ISTANBUL A.S. (issuer of the announcement),FONET,2017,2017-01-01,2017-12-31,2017-05-03,17:35:33,NA,NON_TRIGGER_REVIEWED,NA,NA,REVIEWED_NOT_A_BENCHMARK_MEMBERSHIP_CHANGE,"NO CHANGE TO XU100, XU050 OR XU030",NA,NA,NA,NA,https://www.kap.org.tr/tr/Bildirim/604596,2026-08-24T11:20:00Z,kap_bildirim_604596_2017-05-03.json,693ca218559565431e14eae683f23e3500d97ee562560ccfd4ca7620ecda1b70,30721,PRIVATE_LOCAL_RAW,PRIVATE_LOCAL_RAW:bist-membership/kap-triggers/kap_bildirim_604596_2017-05-03.json,NO_TRIGGER_EVENT_EVIDENCED,ACQUIRED,"Reviewed in full. Index codes touched by this disclosure: XBANA, XBLSM, XHARZ, XSANK, XTKJS, XTUMY, XUTEK, XUTUM. None is XU100, XU050 or XU030."
KT-061,KAP / Borsa Istanbul A.S.,604600,Endeks Sirketlerinde Degisiklik,BORSA ISTANBUL A.S. (issuer of the announcement),HDFGS,2017,2017-01-01,2017-12-31,2017-05-03,17:40:24,NA,NON_TRIGGER_REVIEWED,NA,NA,REVIEWED_NOT_A_BENCHMARK_MEMBERSHIP_CHANGE,"NO CHANGE TO XU100, XU050 OR XU030",NA,NA,NA,NA,https://www.kap.org.tr/tr/Bildirim/604600,2026-08-24T11:20:00Z,kap_bildirim_604600_2017-05-03.json,51fad61287b68fd92f76566d06ba322ada7fd42d7a0365d351773eabe441ffa0,18497,PRIVATE_LOCAL_RAW,PRIVATE_LOCAL_RAW:bist-membership/kap-triggers/kap_bildirim_604600_2017-05-03.json,NO_TRIGGER_EVENT_EVIDENCED,ACQUIRED,"Reviewed in full. Index codes touched by this disclosure: XHARZ. None is XU100, XU050 or XU030."
KT-062,KAP / Borsa Istanbul A.S.,608230,Endeks Sirketlerinde Degisiklik,BORSA ISTANBUL A.S. (issuer of the announcement),TRCAS,2017,2017-01-01,2017-12-31,2017-05-18,17:28:05,NA,NON_TRIGGER_REVIEWED,NA,NA,REVIEWED_NOT_A_BENCHMARK_MEMBERSHIP_CHANGE,"NO CHANGE TO XU100, XU050 OR XU030",NA,NA,NA,NA,https://www.kap.org.tr/tr/Bildirim/608230,2026-08-24T11:20:00Z,kap_bildirim_608230_2017-05-18.json,814f621deaac442ac9fa06fc5cd087135405702b18a0acdfa66353075420aeac,23093,PRIVATE_LOCAL_RAW,PRIVATE_LOCAL_RAW:bist-membership/kap-triggers/kap_bildirim_608230_2017-05-18.json,NO_TRIGGER_EVENT_EVIDENCED,ACQUIRED,"Reviewed in full. Index codes touched by this disclosure: XHOLD, XKMYA, XUMAL, XUSIN. None is XU100, XU050 or XU030."
KT-063,KAP / Borsa Istanbul A.S.,614291,Endeks Sirketlerinde Degisiklik,BORSA ISTANBUL A.S. (issuer of the announcement),"ALCTL, KRONT, TKNSA",2017,2017-01-01,2017-12-31,2017-06-30,17:41:17,NA,NON_TRIGGER_REVIEWED,NA,NA,REVIEWED_NOT_A_BENCHMARK_MEMBERSHIP_CHANGE,"NO CHANGE TO XU100, XU050 OR XU030",NA,NA,NA,NA,https://www.kap.org.tr/tr/Bildirim/614291,2026-08-24T11:20:00Z,kap_bildirim_614291_2017-06-30.json,5c4bd48a3075502e8f3ff2e71b1db8aaf417d6c16b35fab448da281095ba7aa8,21569,PRIVATE_LOCAL_RAW,PRIVATE_LOCAL_RAW:bist-membership/kap-triggers/kap_bildirim_614291_2017-06-30.json,NO_TRIGGER_EVENT_EVIDENCED,ACQUIRED,"Reviewed in full. Index codes touched by this disclosure: XBANA, XYLDZ. None is XU100, XU050 or XU030."
KT-064,KAP / Borsa Istanbul A.S.,614335,Endeks Sirketlerinde Degisiklik,BORSA ISTANBUL A.S. (issuer of the announcement),"BRMEN, CELHA, EGCYO, EGPRO, GLRYH, GYHOL, IZFAS, KLNMA, LIDFA, METUR, SEKFK, SRVGY, VANGD, VKFYO",2017,2017-01-01,2017-12-31,2017-06-30,19:17:19,NA,NON_TRIGGER_REVIEWED,NA,NA,REVIEWED_NOT_A_BENCHMARK_MEMBERSHIP_CHANGE,"NO CHANGE TO XU100, XU050 OR XU030",NA,NA,NA,NA,https://www.kap.org.tr/tr/Bildirim/614335,2026-08-24T11:20:00Z,kap_bildirim_614335_2017-06-30.json,5493d6df0ee0f5070e176c1a22d25777dc6ff2d969b1d776e349c2f8e22ed87f,18646,PRIVATE_LOCAL_RAW,PRIVATE_LOCAL_RAW:bist-membership/kap-triggers/kap_bildirim_614335_2017-06-30.json,NO_TRIGGER_EVENT_EVIDENCED,ACQUIRED,"Reviewed in full. Index codes touched by this disclosure: none in the body table (free-text or attachment only). None is XU100, XU050 or XU030."
KT-065,KAP / Borsa Istanbul A.S.,618236,Endeks Sirketlerinde Degisiklik,BORSA ISTANBUL A.S. (issuer of the announcement),MARKA,2017,2017-01-01,2017-12-31,2017-07-13,15:08:45,NA,NON_TRIGGER_REVIEWED,NA,NA,REVIEWED_NOT_A_BENCHMARK_MEMBERSHIP_CHANGE,"NO CHANGE TO XU100, XU050 OR XU030",NA,NA,NA,NA,https://www.kap.org.tr/tr/Bildirim/618236,2026-08-24T11:20:00Z,kap_bildirim_618236_2017-07-13.json,7244489328b899b89580ab70dd505617aa242e6447058378d95f383658662587,26486,PRIVATE_LOCAL_RAW,PRIVATE_LOCAL_RAW:bist-membership/kap-triggers/kap_bildirim_618236_2017-07-13.json,NO_TRIGGER_EVENT_EVIDENCED,ACQUIRED,"Reviewed in full. Index codes touched by this disclosure: XBANA, XHOLD, XSIST, XTUMY, XUMAL, XUTUM. None is XU100, XU050 or XU030."
KT-066,KAP / Borsa Istanbul A.S.,621184,Endeks Sirketlerinde Degisiklik,BORSA ISTANBUL A.S. (issuer of the announcement),"BRYAT, BTCIM, TBORG",2017,2017-01-01,2017-12-31,2017-07-31,14:23:59,NA,NON_TRIGGER_REVIEWED,NA,NA,REVIEWED_NOT_A_BENCHMARK_MEMBERSHIP_CHANGE,"NO CHANGE TO XU100, XU050 OR XU030",NA,NA,NA,NA,https://www.kap.org.tr/tr/Bildirim/621184,2026-08-24T11:20:00Z,kap_bildirim_621184_2017-07-31.json,050144e5c24a9a77182fce81b44218d253905ea1bb89b62f492c7886c18b84be,21502,PRIVATE_LOCAL_RAW,PRIVATE_LOCAL_RAW:bist-membership/kap-triggers/kap_bildirim_621184_2017-07-31.json,NO_TRIGGER_EVENT_EVIDENCED,ACQUIRED,"Reviewed in full. Index codes touched by this disclosure: XBANA, XYLDZ. None is XU100, XU050 or XU030."
KT-067,KAP / Borsa Istanbul A.S.,631617,Endeks Sirketlerinde Degisiklik,BORSA ISTANBUL A.S. (issuer of the announcement),"ANELE, ICBCT",2017,2017-01-01,2017-12-31,2017-09-29,15:35:28,NA,NON_TRIGGER_REVIEWED,NA,NA,REVIEWED_NOT_A_BENCHMARK_MEMBERSHIP_CHANGE,"NO CHANGE TO XU100, XU050 OR XU030",NA,NA,NA,NA,https://www.kap.org.tr/tr/Bildirim/631617,2026-08-24T11:20:00Z,kap_bildirim_631617_2017-09-29.json,8763df451369ac435cba3b589f6dc23a208cf9fe00dcc98ad0c0570250856477,19841,PRIVATE_LOCAL_RAW,PRIVATE_LOCAL_RAW:bist-membership/kap-triggers/kap_bildirim_631617_2017-09-29.json,NO_TRIGGER_EVENT_EVIDENCED,ACQUIRED,"Reviewed in full. Index codes touched by this disclosure: XBANA, XYLDZ. None is XU100, XU050 or XU030."
KT-068,KAP / Borsa Istanbul A.S.,632451,Endeks Sirketlerinde Degisiklik,BORSA ISTANBUL A.S. (issuer of the announcement),"IEYHO, USAS",2017,2017-01-01,2017-12-31,2017-10-04,17:08:23,NA,NON_TRIGGER_REVIEWED,NA,NA,REVIEWED_NOT_A_BENCHMARK_MEMBERSHIP_CHANGE,"NO CHANGE TO XU100, XU050 OR XU030",NA,NA,NA,NA,https://www.kap.org.tr/tr/Bildirim/632451,2026-08-24T11:20:00Z,kap_bildirim_632451_2017-10-04.json,c7c256549ccdccc40697f49bb02445015b4023081e0ae8168bd7097f36f7fb67,27857,PRIVATE_LOCAL_RAW,PRIVATE_LOCAL_RAW:bist-membership/kap-triggers/kap_bildirim_632451_2017-10-04.json,NO_TRIGGER_EVENT_EVIDENCED,ACQUIRED,"Reviewed in full. Index codes touched by this disclosure: XBANA, XHOLD, XSIST, XTUMY, XUMAL, XUTUM. None is XU100, XU050 or XU030."
KT-069,KAP / Borsa Istanbul A.S.,636510,Endeks Sirketlerinde Degisiklik,BORSA ISTANBUL A.S. (issuer of the announcement),HURGZ,2017,2017-01-01,2017-12-31,2017-10-24,09:46:07,NA,NON_TRIGGER_REVIEWED,NA,NA,REVIEWED_NOT_A_BENCHMARK_MEMBERSHIP_CHANGE,"NO CHANGE TO XU100, XU050 OR XU030",NA,NA,NA,NA,https://www.kap.org.tr/tr/Bildirim/636510,2026-08-24T11:20:00Z,kap_bildirim_636510_2017-10-24.json,93ff9f1a97ed771f067161287977707f6624d17920b55930f17044a06d85820f,18230,PRIVATE_LOCAL_RAW,PRIVATE_LOCAL_RAW:bist-membership/kap-triggers/kap_bildirim_636510_2017-10-24.json,NO_TRIGGER_EVENT_EVIDENCED,ACQUIRED,"Reviewed in full. Index codes touched by this disclosure: XBANA, XYLDZ. None is XU100, XU050 or XU030."
KT-070,KAP / Borsa Istanbul A.S.,641778,Endeks Sirketlerinde Degisiklik,BORSA ISTANBUL A.S. (issuer of the announcement),IHLGM,2017,2017-01-01,2017-12-31,2017-11-17,16:05:34,NA,NON_TRIGGER_REVIEWED,NA,NA,REVIEWED_NOT_A_BENCHMARK_MEMBERSHIP_CHANGE,"NO CHANGE TO XU100, XU050 OR XU030",NA,NA,NA,NA,https://www.kap.org.tr/tr/Bildirim/641778,2026-08-24T11:20:00Z,kap_bildirim_641778_2017-11-17.json,39ba6a2a988df91acc26004010a56d4ec2b34d87b7c2866422e7247ed3c5e174,19815,PRIVATE_LOCAL_RAW,PRIVATE_LOCAL_RAW:bist-membership/kap-triggers/kap_bildirim_641778_2017-11-17.json,NO_TRIGGER_EVENT_EVIDENCED,ACQUIRED,"Reviewed in full. Index codes touched by this disclosure: XMADN, XUHIZ, XUSIN. None is XU100, XU050 or XU030."
KT-071,KAP / Borsa Istanbul A.S.,642501,Endeks Sirketlerinde Degisiklik,BORSA ISTANBUL A.S. (issuer of the announcement),ISFIN,2017,2017-01-01,2017-12-31,2017-11-23,15:18:55,NA,NON_TRIGGER_REVIEWED,NA,NA,REVIEWED_NOT_A_BENCHMARK_MEMBERSHIP_CHANGE,"NO CHANGE TO XU100, XU050 OR XU030",NA,NA,NA,NA,https://www.kap.org.tr/tr/Bildirim/642501,2026-08-24T11:20:00Z,kap_bildirim_642501_2017-11-23.json,8b31394f798139d94b5ee6407e861ad914bce06cdf84287e40c0c6e525d83d1b,18195,PRIVATE_LOCAL_RAW,PRIVATE_LOCAL_RAW:bist-membership/kap-triggers/kap_bildirim_642501_2017-11-23.json,NO_TRIGGER_EVENT_EVIDENCED,ACQUIRED,"Reviewed in full. Index codes touched by this disclosure: XKURY. None is XU100, XU050 or XU030."
KT-072,KAP / Borsa Istanbul A.S.,643380,Endeks Sirketlerinde Degisiklik,BORSA ISTANBUL A.S. (issuer of the announcement),HLGYO,2017,2017-01-01,2017-12-31,2017-11-30,14:57:41,NA,NON_TRIGGER_REVIEWED,NA,NA,REVIEWED_NOT_A_BENCHMARK_MEMBERSHIP_CHANGE,"NO CHANGE TO XU100, XU050 OR XU030",NA,NA,NA,NA,https://www.kap.org.tr/tr/Bildirim/643380,2026-08-24T11:20:00Z,kap_bildirim_643380_2017-11-30.json,0b0f29f0d494b3beaef0e8f85413e2b828578cb52f132346137c6a32479fec84,18144,PRIVATE_LOCAL_RAW,PRIVATE_LOCAL_RAW:bist-membership/kap-triggers/kap_bildirim_643380_2017-11-30.json,NO_TRIGGER_EVENT_EVIDENCED,ACQUIRED,"Reviewed in full. Index codes touched by this disclosure: XKURY. None is XU100, XU050 or XU030."
KT-073,KAP / Borsa Istanbul A.S.,647636,Endeks Sirketlerinde Degisiklik,BORSA ISTANBUL A.S. (issuer of the announcement),"EGPRO, PIMAS",2017,2017-01-01,2017-12-31,2017-12-28,17:38:22,NA,NON_TRIGGER_REVIEWED,NA,NA,REVIEWED_NOT_A_BENCHMARK_MEMBERSHIP_CHANGE,"NO CHANGE TO XU100, XU050 OR XU030",NA,NA,NA,NA,https://www.kap.org.tr/tr/Bildirim/647636,2026-08-24T11:20:00Z,kap_bildirim_647636_2017-12-28.json,e89fecc05a804c7597af84c932e09d4f47350d3937fab668742213e731fc75c5,28882,PRIVATE_LOCAL_RAW,PRIVATE_LOCAL_RAW:bist-membership/kap-triggers/kap_bildirim_647636_2017-12-28.json,NO_TRIGGER_EVENT_EVIDENCED,ACQUIRED,"Reviewed in full. Index codes touched by this disclosure: XBANA, XSKOC, XTCRT, XTUMY, XUHIZ, XUTUM. None is XU100, XU050 or XU030."
KT-074,KAP / Borsa Istanbul A.S.,647851,Endeks Sirketlerinde Degisiklik,BORSA ISTANBUL A.S. (issuer of the announcement),"DGKLB, IEYHO, IHLGM",2017,2017-01-01,2017-12-31,2017-12-29,15:46:20,NA,NON_TRIGGER_REVIEWED,NA,NA,REVIEWED_NOT_A_BENCHMARK_MEMBERSHIP_CHANGE,"NO CHANGE TO XU100, XU050 OR XU030",NA,NA,NA,NA,https://www.kap.org.tr/tr/Bildirim/647851,2026-08-24T11:20:00Z,kap_bildirim_647851_2017-12-29.json,d47a16c8f09005e715502aa8edf30951b4650fc817024ee3e5f0da2d01998de6,21562,PRIVATE_LOCAL_RAW,PRIVATE_LOCAL_RAW:bist-membership/kap-triggers/kap_bildirim_647851_2017-12-29.json,NO_TRIGGER_EVENT_EVIDENCED,ACQUIRED,"Reviewed in full. Index codes touched by this disclosure: XBANA, XYLDZ. None is XU100, XU050 or XU030."
KT-075,KAP / Borsa Istanbul A.S.,647984,Endeks Sirketlerinde Degisiklik,BORSA ISTANBUL A.S. (issuer of the announcement),"DOGUB, DZGYO, KAPLM, KRTEK, OSMEN, RAYSG, SNPAM, SONME, ULAS, VKFYO",2017,2017-01-01,2017-12-31,2017-12-29,18:23:30,NA,NON_TRIGGER_REVIEWED,NA,NA,REVIEWED_NOT_A_BENCHMARK_MEMBERSHIP_CHANGE,"NO CHANGE TO XU100, XU050 OR XU030",NA,NA,NA,NA,https://www.kap.org.tr/tr/Bildirim/647984,2026-08-24T11:20:00Z,kap_bildirim_647984_2017-12-29.json,341d2d7a74003306fda7faa95f0776e2fe158f0a6f8da06203a3cf51fc4e76db,17562,PRIVATE_LOCAL_RAW,PRIVATE_LOCAL_RAW:bist-membership/kap-triggers/kap_bildirim_647984_2017-12-29.json,NO_TRIGGER_EVENT_EVIDENCED,ACQUIRED,"Reviewed in full. Index codes touched by this disclosure: none in the body table (free-text or attachment only). None is XU100, XU050 or XU030."
KT-076,KAP / Borsa Istanbul A.S.,648306,Endeks Sirketlerinde Degisiklik,BORSA ISTANBUL A.S. (issuer of the announcement),"TATGD, ULAS",2018,2018-01-01,2018-12-31,2018-01-02,15:28:20,NA,NON_TRIGGER_REVIEWED,NA,NA,REVIEWED_NOT_A_BENCHMARK_MEMBERSHIP_CHANGE,"NO CHANGE TO XU100, XU050 OR XU030",NA,NA,NA,NA,https://www.kap.org.tr/tr/Bildirim/648306,2026-08-24T11:20:00Z,kap_bildirim_648306_2018-01-02.json,eded604384c855c8dfb3419d6140a56a3f979fee8e2ac4011c3923bc5635aa39,19839,PRIVATE_LOCAL_RAW,PRIVATE_LOCAL_RAW:bist-membership/kap-triggers/kap_bildirim_648306_2018-01-02.json,NO_TRIGGER_EVENT_EVIDENCED,ACQUIRED,"Reviewed in full. Index codes touched by this disclosure: XKURY, XSANT. None is XU100, XU050 or XU030."
KT-077,KAP / Borsa Istanbul A.S.,653869,Endeks Sirketlerinde Degisiklik,BORSA ISTANBUL A.S. (issuer of the announcement),SAFKR,2018,2018-01-01,2018-12-31,2018-01-15,16:46:08,NA,NON_TRIGGER_REVIEWED,NA,NA,REVIEWED_NOT_A_BENCHMARK_MEMBERSHIP_CHANGE,"NO CHANGE TO XU100, XU050 OR XU030",NA,NA,NA,NA,https://www.kap.org.tr/tr/Bildirim/653869,2026-08-24T11:20:00Z,kap_bildirim_653869_2018-01-15.json,ac47585f0dfd284faac3ce60b1c65d7349b35176a89989a7461f323ee84deb28,25926,PRIVATE_LOCAL_RAW,PRIVATE_LOCAL_RAW:bist-membership/kap-triggers/kap_bildirim_653869_2018-01-15.json,NO_TRIGGER_EVENT_EVIDENCED,ACQUIRED,"Reviewed in full. Index codes touched by this disclosure: XMESY, XSIZM, XTUMY, XUSIN, XUTUM. None is XU100, XU050 or XU030."
KT-078,KAP / Borsa Istanbul A.S.,655140,Endeks Sirketlerinde Degisiklik,BORSA ISTANBUL A.S. (issuer of the announcement),TLMAN,2018,2018-01-01,2018-12-31,2018-01-23,16:05:03,NA,NON_TRIGGER_REVIEWED,NA,NA,REVIEWED_NOT_A_BENCHMARK_MEMBERSHIP_CHANGE,"NO CHANGE TO XU100, XU050 OR XU030",NA,NA,NA,NA,https://www.kap.org.tr/tr/Bildirim/655140,2026-08-24T11:20:00Z,kap_bildirim_655140_2018-01-23.json,950bd1c17d3a0c8174254342e76da7cc907f50efca069919f35dad90bb67a257,28761,PRIVATE_LOCAL_RAW,PRIVATE_LOCAL_RAW:bist-membership/kap-triggers/kap_bildirim_655140_2018-01-23.json,NO_TRIGGER_EVENT_EVIDENCED,ACQUIRED,"Reviewed in full. Index codes touched by this disclosure: XBANA, XHARZ, XTUMY, XUHIZ, XULAS, XUTUM. None is XU100, XU050 or XU030."
KT-079,KAP / Borsa Istanbul A.S.,655143,Endeks Sirketlerinde Degisiklik,BORSA ISTANBUL A.S. (issuer of the announcement),VERTU,2018,2018-01-01,2018-12-31,2018-01-23,16:08:17,NA,NON_TRIGGER_REVIEWED,NA,NA,REVIEWED_NOT_A_BENCHMARK_MEMBERSHIP_CHANGE,"NO CHANGE TO XU100, XU050 OR XU030",NA,NA,NA,NA,https://www.kap.org.tr/tr/Bildirim/655143,2026-08-24T11:20:00Z,kap_bildirim_655143_2018-01-23.json,8bbb0ea8b60df13dc76a945bbcb4e99eb922d9151835dbabacb79af34bb72bc7,19295,PRIVATE_LOCAL_RAW,PRIVATE_LOCAL_RAW:bist-membership/kap-triggers/kap_bildirim_655143_2018-01-23.json,NO_TRIGGER_EVENT_EVIDENCED,ACQUIRED,"Reviewed in full. Index codes touched by this disclosure: XHARZ. None is XU100, XU050 or XU030."
KT-080,KAP / Borsa Istanbul A.S.,656721,Endeks Sirketlerinde Degisiklik,BORSA ISTANBUL A.S. (issuer of the announcement),"ASUZU, CEMAS, EGGUB, EGSER, FLAP, KATMR, ULUSE",2018,2018-01-01,2018-12-31,2018-01-31,14:57:37,NA,NON_TRIGGER_REVIEWED,NA,NA,REVIEWED_NOT_A_BENCHMARK_MEMBERSHIP_CHANGE,"NO CHANGE TO XU100, XU050 OR XU030",NA,NA,NA,NA,https://www.kap.org.tr/tr/Bildirim/656721,2026-08-24T11:20:00Z,kap_bildirim_656721_2018-01-31.json,263d06c3544ee7f72d93eae3e4ab93ce6a62ce99289906bd48151bba0b002975,29123,PRIVATE_LOCAL_RAW,PRIVATE_LOCAL_RAW:bist-membership/kap-triggers/kap_bildirim_656721_2018-01-31.json,NO_TRIGGER_EVENT_EVIDENCED,ACQUIRED,"Reviewed in full. Index codes touched by this disclosure: BIST Ana, BIST Yildiz. None is XU100, XU050 or XU030."
KT-081,KAP / Borsa Istanbul A.S.,661170,Endeks Sirketlerinde Degisiklik,BORSA ISTANBUL A.S. (issuer of the announcement),PEKGY,2018,2018-01-01,2018-12-31,2018-02-20,14:57:28,NA,NON_TRIGGER_REVIEWED,NA,NA,REVIEWED_NOT_A_BENCHMARK_MEMBERSHIP_CHANGE,"NO CHANGE TO XU100, XU050 OR XU030",NA,NA,NA,NA,https://www.kap.org.tr/tr/Bildirim/661170,2026-08-24T11:20:00Z,kap_bildirim_661170_2018-02-20.json,4309cb10204ccba402e94307f4e1a570f7ada2363c23120edbaf7149dcb1dba9,25664,PRIVATE_LOCAL_RAW,PRIVATE_LOCAL_RAW:bist-membership/kap-triggers/kap_bildirim_661170_2018-02-20.json,NO_TRIGGER_EVENT_EVIDENCED,ACQUIRED,"Reviewed in full. Index codes touched by this disclosure: XGMYO, XHARZ, XTUMY, XUMAL, XUTUM. None is XU100, XU050 or XU030."
KT-082,KAP / Borsa Istanbul A.S.,661643,Endeks Sirketlerinde Degisiklik,BORSA ISTANBUL A.S. (issuer of the announcement),TDGYO,2018,2018-01-01,2018-12-31,2018-02-22,11:03:55,NA,NON_TRIGGER_REVIEWED,NA,NA,REVIEWED_NOT_A_BENCHMARK_MEMBERSHIP_CHANGE,"NO CHANGE TO XU100, XU050 OR XU030",NA,NA,NA,NA,https://www.kap.org.tr/tr/Bildirim/661643,2026-08-24T11:20:00Z,kap_bildirim_661643_2018-02-22.json,28127a496f5bb6a0ba7fa1c36e3c14071649e30acfbbf084853ebd78449a5bbe,26551,PRIVATE_LOCAL_RAW,PRIVATE_LOCAL_RAW:bist-membership/kap-triggers/kap_bildirim_661643_2018-02-22.json,NO_TRIGGER_EVENT_EVIDENCED,ACQUIRED,"Reviewed in full. Index codes touched by this disclosure: XGMYO, XHARZ, XTUMY, XUMAL, XUTUM. None is XU100, XU050 or XU030."
KT-083,KAP / Borsa Istanbul A.S.,662729,Endeks Sirketlerinde Degisiklik,BORSA ISTANBUL A.S. (issuer of the announcement),YESIL,2018,2018-01-01,2018-12-31,2018-02-27,16:45:04,NA,NON_TRIGGER_REVIEWED,NA,NA,REVIEWED_NOT_A_BENCHMARK_MEMBERSHIP_CHANGE,"NO CHANGE TO XU100, XU050 OR XU030",NA,NA,NA,NA,https://www.kap.org.tr/tr/Bildirim/662729,2026-08-24T11:20:00Z,kap_bildirim_662729_2018-02-27.json,4a05e59a79c5dd84a04305626d9dfc7616e6ef9c179f548d0ae9bb4ca3bd323d,27531,PRIVATE_LOCAL_RAW,PRIVATE_LOCAL_RAW:bist-membership/kap-triggers/kap_bildirim_662729_2018-02-27.json,NO_TRIGGER_EVENT_EVIDENCED,ACQUIRED,"Reviewed in full. Index codes touched by this disclosure: BIST ANA, BIST HOLDING VE YATIRIM, BIST ISTANBUL, BIST MALI, BIST TUM-100, BIST TUM. None is XU100, XU050 or XU030."
KT-084,KAP / Borsa Istanbul A.S.,663585,Endeks Sirketlerinde Degisiklik,BORSA ISTANBUL A.S. (issuer of the announcement),CUSAN,2018,2018-01-01,2018-12-31,2018-02-28,17:17:43,NA,NON_TRIGGER_REVIEWED,NA,NA,REVIEWED_NOT_A_BENCHMARK_MEMBERSHIP_CHANGE,"NO CHANGE TO XU100, XU050 OR XU030",NA,NA,NA,NA,https://www.kap.org.tr/tr/Bildirim/663585,2026-08-24T11:20:00Z,kap_bildirim_663585_2018-02-28.json,8832bfa8dfbb73eea1400fdb6f895af3ab7a4049e5e242f9e4dcbebaf89be2a7,18857,PRIVATE_LOCAL_RAW,PRIVATE_LOCAL_RAW:bist-membership/kap-triggers/kap_bildirim_663585_2018-02-28.json,NO_TRIGGER_EVENT_EVIDENCED,ACQUIRED,"Reviewed in full. Index codes touched by this disclosure: XHARZ. None is XU100, XU050 or XU030."
KT-085,KAP / Borsa Istanbul A.S.,672010,Endeks Sirketlerinde Degisiklik,BORSA ISTANBUL A.S. (issuer of the announcement),DGATE,2018,2018-01-01,2018-12-31,2018-03-30,17:05:34,NA,NON_TRIGGER_REVIEWED,NA,NA,REVIEWED_NOT_A_BENCHMARK_MEMBERSHIP_CHANGE,"NO CHANGE TO XU100, XU050 OR XU030",NA,NA,NA,NA,https://www.kap.org.tr/tr/Bildirim/672010,2026-08-24T11:20:00Z,kap_bildirim_672010_2018-03-30.json,42cd6cd20c0ef84bf000e56a3ee281b3ace074e9b5b3eba743f79118e1a30623,18221,PRIVATE_LOCAL_RAW,PRIVATE_LOCAL_RAW:bist-membership/kap-triggers/kap_bildirim_672010_2018-03-30.json,NO_TRIGGER_EVENT_EVIDENCED,ACQUIRED,"Reviewed in full. Index codes touched by this disclosure: XBANA, XYLDZ. None is XU100, XU050 or XU030."
KT-086,KAP / Borsa Istanbul A.S.,677803,Endeks Sirketlerinde Degisiklik,BORSA ISTANBUL A.S. (issuer of the announcement),ISDMR,2018,2018-01-01,2018-12-31,2018-04-18,17:14:09,NA,NON_TRIGGER_REVIEWED,NA,NA,REVIEWED_NOT_A_BENCHMARK_MEMBERSHIP_CHANGE,"NO CHANGE TO XU100, XU050 OR XU030",NA,NA,NA,NA,https://www.kap.org.tr/tr/Bildirim/677803,2026-08-24T11:20:00Z,kap_bildirim_677803_2018-04-18.json,6692319e5392e2fcbedad7c3c74c58cce63ca843837bf340b7a24e2da25d8ca6,25893,PRIVATE_LOCAL_RAW,PRIVATE_LOCAL_RAW:bist-membership/kap-triggers/kap_bildirim_677803_2018-04-18.json,NO_TRIGGER_EVENT_EVIDENCED,ACQUIRED,"Reviewed in full. Index codes touched by this disclosure: XMANA, XTUMY, XUSIN, XUTUM, XYLDZ. None is XU100, XU050 or XU030."
KT-087,KAP / Borsa Istanbul A.S.,677808,Endeks Sirketlerinde Degisiklik,BORSA ISTANBUL A.S. (issuer of the announcement),SEKUR,2018,2018-01-01,2018-12-31,2018-04-18,17:19:38,NA,NON_TRIGGER_REVIEWED,NA,NA,REVIEWED_NOT_A_BENCHMARK_MEMBERSHIP_CHANGE,"NO CHANGE TO XU100, XU050 OR XU030",NA,NA,NA,NA,https://www.kap.org.tr/tr/Bildirim/677808,2026-08-24T11:20:00Z,kap_bildirim_677808_2018-04-18.json,4d19da9db28badf626be201218fd5af3456fd7d1ba4b7ad39d308d5a11363b54,18293,PRIVATE_LOCAL_RAW,PRIVATE_LOCAL_RAW:bist-membership/kap-triggers/kap_bildirim_677808_2018-04-18.json,NO_TRIGGER_EVENT_EVIDENCED,ACQUIRED,"Reviewed in full. Index codes touched by this disclosure: XBANA. None is XU100, XU050 or XU030."
KT-088,KAP / Borsa Istanbul A.S.,683766,Endeks Sirketlerinde Degisiklik,BORSA ISTANBUL A.S. (issuer of the announcement),KFEIN,2018,2018-01-01,2018-12-31,2018-05-15,15:21:01,NA,NON_TRIGGER_REVIEWED,NA,NA,REVIEWED_NOT_A_BENCHMARK_MEMBERSHIP_CHANGE,"NO CHANGE TO XU100, XU050 OR XU030",NA,NA,NA,NA,https://www.kap.org.tr/tr/Bildirim/683766,2026-08-24T11:20:00Z,kap_bildirim_683766_2018-05-15.json,e21a3b7a685dc0ff6cb62d28303507242267ed9bf4b011dad31dfc198abf0c75,31567,PRIVATE_LOCAL_RAW,PRIVATE_LOCAL_RAW:bist-membership/kap-triggers/kap_bildirim_683766_2018-05-15.json,NO_TRIGGER_EVENT_EVIDENCED,ACQUIRED,"Reviewed in full. Index codes touched by this disclosure: XBANA, XBLSM, XHARZ, XSIST, XTKJS, XTUMY, XUTEK, XUTUM. None is XU100, XU050 or XU030."
KT-089,KAP / Borsa Istanbul A.S.,684703,Endeks Sirketlerinde Degisiklik,BORSA ISTANBUL A.S. (issuer of the announcement),FORMT,2018,2018-01-01,2018-12-31,2018-05-21,14:44:50,NA,NON_TRIGGER_REVIEWED,NA,NA,REVIEWED_NOT_A_BENCHMARK_MEMBERSHIP_CHANGE,"NO CHANGE TO XU100, XU050 OR XU030",NA,NA,NA,NA,https://www.kap.org.tr/tr/Bildirim/684703,2026-08-24T11:20:00Z,kap_bildirim_684703_2018-05-21.json,db6872a84cda42998da0cf0b594ee4e078f05ea06a25ccc1eaa61ca46e65c7e4,29300,PRIVATE_LOCAL_RAW,PRIVATE_LOCAL_RAW:bist-membership/kap-triggers/kap_bildirim_684703_2018-05-21.json,NO_TRIGGER_EVENT_EVIDENCED,ACQUIRED,"Reviewed in full. Index codes touched by this disclosure: XBANA, XHARZ, XMESY, XSKAY, XTUMY, XUSIN, XUTUM. None is XU100, XU050 or XU030."
KT-090,KAP / Borsa Istanbul A.S.,691240,Endeks Sirketlerinde Degisiklik,BORSA ISTANBUL A.S. (issuer of the announcement),GEREL,2018,2018-01-01,2018-12-31,2018-06-29,18:15:33,NA,NON_TRIGGER_REVIEWED,NA,NA,REVIEWED_NOT_A_BENCHMARK_MEMBERSHIP_CHANGE,"NO CHANGE TO XU100, XU050 OR XU030",NA,NA,NA,NA,https://www.kap.org.tr/tr/Bildirim/691240,2026-08-24T11:20:00Z,kap_bildirim_691240_2018-06-29.json,ee90bc21ddae5c9f80f935d5ffb984a8766173ebe3c95f1ff93bf8906f356097,18328,PRIVATE_LOCAL_RAW,PRIVATE_LOCAL_RAW:bist-membership/kap-triggers/kap_bildirim_691240_2018-06-29.json,NO_TRIGGER_EVENT_EVIDENCED,ACQUIRED,"Reviewed in full. Index codes touched by this disclosure: BIST ANA, BIST YILDIZ. None is XU100, XU050 or XU030."
KT-091,KAP / Borsa Istanbul A.S.,691253,Endeks Sirketlerinde Degisiklik,BORSA ISTANBUL A.S. (issuer of the announcement),"MCTAS, SEYKM, VKING, YAYLA",2018,2018-01-01,2018-12-31,2018-06-29,18:30:52,NA,NON_TRIGGER_REVIEWED,NA,NA,REVIEWED_NOT_A_BENCHMARK_MEMBERSHIP_CHANGE,"NO CHANGE TO XU100, XU050 OR XU030",NA,NA,NA,NA,https://www.kap.org.tr/tr/Bildirim/691253,2026-08-24T11:20:00Z,kap_bildirim_691253_2018-06-29.json,df28041db5f8b1ee4f1b9b81b5293ad2dd0513e8dd193a02d95216614d99a7a1,50645,PRIVATE_LOCAL_RAW,PRIVATE_LOCAL_RAW:bist-membership/kap-triggers/kap_bildirim_691253_2018-06-29.json,NO_TRIGGER_EVENT_EVIDENCED,ACQUIRED,"Reviewed in full. Index codes touched by this disclosure: BIST ANA, BIST ANKARA, BIST HIZMETLER, BIST INSAAT, BIST ISTANBUL, BIST IZMIR, BIST KIMYA PETROL PLASTIK, BIST ORMAN KAGIT BASIM, BIST SINAI, BIST TUM, BIST TUM-100. None is XU100, XU050 or XU030."
KT-092,KAP / Borsa Istanbul A.S.,699217,Endeks Sirketlerinde Degisiklik,BORSA ISTANBUL A.S. (issuer of the announcement),"ALCTL, BSOKE, EGSER, ITTFH, KAREL, KERVT, LKMNH, MNDRS, TEKTU, TSPOR",2018,2018-01-01,2018-12-31,2018-07-31,16:42:34,NA,NON_TRIGGER_REVIEWED,NA,NA,REVIEWED_NOT_A_BENCHMARK_MEMBERSHIP_CHANGE,"NO CHANGE TO XU100, XU050 OR XU030",NA,NA,NA,NA,https://www.kap.org.tr/tr/Bildirim/699217,2026-08-24T11:20:00Z,kap_bildirim_699217_2018-07-31.json,db532c3ee324c0c11fc375122a2f14f0465fbc1ed7a1f037e27c918db3cd227c,33584,PRIVATE_LOCAL_RAW,PRIVATE_LOCAL_RAW:bist-membership/kap-triggers/kap_bildirim_699217_2018-07-31.json,NO_TRIGGER_EVENT_EVIDENCED,ACQUIRED,"Reviewed in full. Index codes touched by this disclosure: BIST ANA, BIST YILDIZ. None is XU100, XU050 or XU030."
KT-093,KAP / Borsa Istanbul A.S.,709871,Endeks Sirketlerinde Degisiklik,BORSA ISTANBUL A.S. (issuer of the announcement),GENTS,2018,2018-01-01,2018-12-31,2018-09-28,17:43:21,NA,NON_TRIGGER_REVIEWED,NA,NA,REVIEWED_NOT_A_BENCHMARK_MEMBERSHIP_CHANGE,"NO CHANGE TO XU100, XU050 OR XU030",NA,NA,NA,NA,https://www.kap.org.tr/tr/Bildirim/709871,2026-08-24T11:20:00Z,kap_bildirim_709871_2018-09-28.json,3692686674e6dc41c155e93c0681d8eb8156ef9eb9b03da74a87e1eb070f346e,18305,PRIVATE_LOCAL_RAW,PRIVATE_LOCAL_RAW:bist-membership/kap-triggers/kap_bildirim_709871_2018-09-28.json,NO_TRIGGER_EVENT_EVIDENCED,ACQUIRED,"Reviewed in full. Index codes touched by this disclosure: BIST ANA, BIST YILDIZ. None is XU100, XU050 or XU030."
KT-094,KAP / Borsa Istanbul A.S.,714387,Endeks Sirketlerinde Degisiklik,BORSA ISTANBUL A.S. (issuer of the announcement),ISMEN,2018,2018-01-01,2018-12-31,2018-10-17,15:52:37,NA,NON_TRIGGER_REVIEWED,NA,NA,REVIEWED_NOT_A_BENCHMARK_MEMBERSHIP_CHANGE,"NO CHANGE TO XU100, XU050 OR XU030",NA,NA,NA,NA,https://www.kap.org.tr/tr/Bildirim/714387,2026-08-24T11:20:00Z,kap_bildirim_714387_2018-10-17.json,c4ff00d829d991c9eaebb8593bc1cf21d0baedfa4384d0658b2e39748fabb7a7,19012,PRIVATE_LOCAL_RAW,PRIVATE_LOCAL_RAW:bist-membership/kap-triggers/kap_bildirim_714387_2018-10-17.json,NO_TRIGGER_EVENT_EVIDENCED,ACQUIRED,"Reviewed in full. Index codes touched by this disclosure: XKURY. None is XU100, XU050 or XU030."
KT-095,KAP / Borsa Istanbul A.S.,718273,Endeks Sirketlerinde Degisiklik,BORSA ISTANBUL A.S. (issuer of the announcement),ISGYO,2018,2018-01-01,2018-12-31,2018-11-07,17:45:12,NA,NON_TRIGGER_REVIEWED,NA,NA,REVIEWED_NOT_A_BENCHMARK_MEMBERSHIP_CHANGE,"NO CHANGE TO XU100, XU050 OR XU030",NA,NA,NA,NA,https://www.kap.org.tr/tr/Bildirim/718273,2026-08-24T11:20:00Z,kap_bildirim_718273_2018-11-07.json,73498a765983990051d709d5416c2854df8e907d591e415339e945f944946c0e,19108,PRIVATE_LOCAL_RAW,PRIVATE_LOCAL_RAW:bist-membership/kap-triggers/kap_bildirim_718273_2018-11-07.json,NO_TRIGGER_EVENT_EVIDENCED,ACQUIRED,"Reviewed in full. Index codes touched by this disclosure: XKURY. None is XU100, XU050 or XU030."
KT-096,KAP / Borsa Istanbul A.S.,726195,Endeks Sirketlerinde Degisiklik,BORSA ISTANBUL A.S. (issuer of the announcement),ALYAG,2018,2018-01-01,2018-12-31,2018-12-24,17:01:27,NA,NON_TRIGGER_REVIEWED,NA,NA,REVIEWED_NOT_A_BENCHMARK_MEMBERSHIP_CHANGE,"NO CHANGE TO XU100, XU050 OR XU030",NA,NA,NA,NA,https://www.kap.org.tr/tr/Bildirim/726195,2026-08-24T11:20:00Z,kap_bildirim_726195_2018-12-24.json,a3692987f1d6fc6f361b9f3a6f54c452697a4622f48975ddaaf83a4857ac8e6a,26477,PRIVATE_LOCAL_RAW,PRIVATE_LOCAL_RAW:bist-membership/kap-triggers/kap_bildirim_726195_2018-12-24.json,NO_TRIGGER_EVENT_EVIDENCED,ACQUIRED,"Reviewed in full. Index codes touched by this disclosure: XBANA, XGIDA, XSIZM, XTUMY, XUSIN, XUTUM. None is XU100, XU050 or XU030."
KT-097,KAP / Borsa Istanbul A.S.,727508,Endeks Sirketlerinde Degisiklik,BORSA ISTANBUL A.S. (issuer of the announcement),"AVHOL, BRMEN, DESA, GEDIK, IZTAR, KRTEK, LIDFA, MEGAP, OSMEN, SNPAM, TACTR, ULAS, VKFYO",2018,2018-01-01,2018-12-31,2018-12-31,19:16:00,NA,NON_TRIGGER_REVIEWED,NA,NA,REVIEWED_NOT_A_BENCHMARK_MEMBERSHIP_CHANGE,"NO CHANGE TO XU100, XU050 OR XU030",NA,NA,NA,NA,https://www.kap.org.tr/tr/Bildirim/727508,2026-08-24T11:20:00Z,kap_bildirim_727508_2018-12-31.json,cf3147f3f07998b921fc1f8c0a24c5ec7ed1071869e6efe4a8a4e471532079e0,17977,PRIVATE_LOCAL_RAW,PRIVATE_LOCAL_RAW:bist-membership/kap-triggers/kap_bildirim_727508_2018-12-31.json,NO_TRIGGER_EVENT_EVIDENCED,ACQUIRED,"Reviewed in full. Index codes touched by this disclosure: none in the body table (free-text or attachment only). None is XU100, XU050 or XU030."
KT-098,KAP / Borsa Istanbul A.S.,727515,Endeks Sirketlerinde Degisiklik,BORSA ISTANBUL A.S. (issuer of the announcement),"AVHOL, BRMEN, DESA, GEDIK, IZTAR, KRTEK, LIDFA, MEGAP, OSMEN, SNPAM, TACTR, ULAS, VKFYO",2018,2018-01-01,2018-12-31,2018-12-31,20:05:20,NA,NON_TRIGGER_REVIEWED,NA,NA,REVIEWED_NOT_A_BENCHMARK_MEMBERSHIP_CHANGE,"NO CHANGE TO XU100, XU050 OR XU030",NA,NA,NA,NA,https://www.kap.org.tr/tr/Bildirim/727515,2026-08-24T11:20:00Z,kap_bildirim_727515_2018-12-31.json,60859c827d81faf3a2dc1d89bf79fb51c90a6380550c4910a85da1c64450a4cf,19851,PRIVATE_LOCAL_RAW,PRIVATE_LOCAL_RAW:bist-membership/kap-triggers/kap_bildirim_727515_2018-12-31.json,NO_TRIGGER_EVENT_EVIDENCED,ACQUIRED,"Reviewed in full. Index codes touched by this disclosure: none in the body table (free-text or attachment only). None is XU100, XU050 or XU030."
KT-099,KAP / Borsa Istanbul A.S.,728003,Endeks Sirketlerinde Degisiklik,BORSA ISTANBUL A.S. (issuer of the announcement),MEGAP,2019,2019-01-01,2019-12-31,2019-01-02,17:27:31,NA,NON_TRIGGER_REVIEWED,NA,NA,REVIEWED_NOT_A_BENCHMARK_MEMBERSHIP_CHANGE,"NO CHANGE TO XU100, XU050 OR XU030",NA,NA,NA,NA,https://www.kap.org.tr/tr/Bildirim/728003,2026-08-24T11:20:00Z,kap_bildirim_728003_2019-01-02.json,d04220c213e48bac38324f4e437b34059934a6566fe5c191fc49fcabc02130eb,18033,PRIVATE_LOCAL_RAW,PRIVATE_LOCAL_RAW:bist-membership/kap-triggers/kap_bildirim_728003_2019-01-02.json,NO_TRIGGER_EVENT_EVIDENCED,ACQUIRED,"Reviewed in full. Index codes touched by this disclosure: XSIST. None is XU100, XU050 or XU030."
KT-100,KAP / Borsa Istanbul A.S.,736296,Endeks Sirketlerinde Degisiklik,BORSA ISTANBUL A.S. (issuer of the announcement),MSGYO,2019,2019-01-01,2019-12-31,2019-01-31,15:22:42,NA,NON_TRIGGER_REVIEWED,NA,NA,REVIEWED_NOT_A_BENCHMARK_MEMBERSHIP_CHANGE,"NO CHANGE TO XU100, XU050 OR XU030",NA,NA,NA,NA,https://www.kap.org.tr/tr/Bildirim/736296,2026-08-24T11:20:00Z,kap_bildirim_736296_2019-01-31.json,c0ec9c587cd5739cc90bf552ddfceb4a2a66ef3cf1e3d29d8392d4d31c4fd49e,18390,PRIVATE_LOCAL_RAW,PRIVATE_LOCAL_RAW:bist-membership/kap-triggers/kap_bildirim_736296_2019-01-31.json,NO_TRIGGER_EVENT_EVIDENCED,ACQUIRED,"Reviewed in full. Index codes touched by this disclosure: XHARZ. None is XU100, XU050 or XU030."
KT-101,KAP / Borsa Istanbul A.S.,736328,Endeks Sirketlerinde Degisiklik,BORSA ISTANBUL A.S. (issuer of the announcement),"ADEL, ADESE, ADNAC, ASUZU, AYEN, CRFSA, DGATE, KAREL, KATMR, KRONT, LKMNH, MNDRS, PETUN",2019,2019-01-01,2019-12-31,2019-01-31,15:45:55,NA,NON_TRIGGER_REVIEWED,NA,NA,REVIEWED_NOT_A_BENCHMARK_MEMBERSHIP_CHANGE,"NO CHANGE TO XU100, XU050 OR XU030",NA,NA,NA,NA,https://www.kap.org.tr/tr/Bildirim/736328,2026-08-24T11:20:00Z,kap_bildirim_736328_2019-01-31.json,dbffffe6775609389356402e1af5ec5f4aacd6432cbed203bbce07c4b58ce3f5,38233,PRIVATE_LOCAL_RAW,PRIVATE_LOCAL_RAW:bist-membership/kap-triggers/kap_bildirim_736328_2019-01-31.json,NO_TRIGGER_EVENT_EVIDENCED,ACQUIRED,"Reviewed in full. Index codes touched by this disclosure: XBANA, XYLDZ. None is XU100, XU050 or XU030."
KT-102,KAP / Borsa Istanbul A.S.,749904,Endeks Sirketlerinde Degisiklik,BORSA ISTANBUL A.S. (issuer of the announcement),RALYH,2019,2019-01-01,2019-12-31,2019-03-26,17:26:52,NA,NON_TRIGGER_REVIEWED,NA,NA,REVIEWED_NOT_A_BENCHMARK_MEMBERSHIP_CHANGE,"NO CHANGE TO XU100, XU050 OR XU030",NA,NA,NA,NA,https://www.kap.org.tr/tr/Bildirim/749904,2026-08-24T11:20:00Z,kap_bildirim_749904_2019-03-26.json,4368bb41055d786558b8af94ba4edc2fa295903be0fe45d7bbe7fe6d2f586744,28329,PRIVATE_LOCAL_RAW,PRIVATE_LOCAL_RAW:bist-membership/kap-triggers/kap_bildirim_749904_2019-03-26.json,NO_TRIGGER_EVENT_EVIDENCED,ACQUIRED,"Reviewed in full. Index codes touched by this disclosure: BIST ANA, BIST ANKARA, BIST HOLDING VE YATIRIM, BIST MALI, BIST TUM, BIST TUM-100. None is XU100, XU050 or XU030."
KT-103,KAP / Borsa Istanbul A.S.,751019,Endeks Sirketlerinde Degisiklik,BORSA ISTANBUL A.S. (issuer of the announcement),TSPOR,2019,2019-01-01,2019-12-31,2019-03-29,17:58:33,NA,NON_TRIGGER_REVIEWED,NA,NA,REVIEWED_NOT_A_BENCHMARK_MEMBERSHIP_CHANGE,"NO CHANGE TO XU100, XU050 OR XU030",NA,NA,NA,NA,https://www.kap.org.tr/tr/Bildirim/751019,2026-08-24T11:20:00Z,kap_bildirim_751019_2019-03-29.json,39f3faac704143a9bfe8d3e35db95cfcf7b5bb08681a9404fc1dddc2c4ec69f0,18046,PRIVATE_LOCAL_RAW,PRIVATE_LOCAL_RAW:bist-membership/kap-triggers/kap_bildirim_751019_2019-03-29.json,NO_TRIGGER_EVENT_EVIDENCED,ACQUIRED,"Reviewed in full. Index codes touched by this disclosure: BIST ANA, BIST YILDIZ. None is XU100, XU050 or XU030."
KT-104,KAP / Borsa Istanbul A.S.,764196,Endeks Sirketlerinde Degisiklik,BORSA ISTANBUL A.S. (issuer of the announcement),SMART,2019,2019-01-01,2019-12-31,2019-05-15,18:11:42,NA,NON_TRIGGER_REVIEWED,NA,NA,REVIEWED_NOT_A_BENCHMARK_MEMBERSHIP_CHANGE,"NO CHANGE TO XU100, XU050 OR XU030",NA,NA,NA,NA,https://www.kap.org.tr/tr/Bildirim/764196,2026-08-24T11:20:00Z,kap_bildirim_764196_2019-05-15.json,3accfec1adc63bc5164f4b521e786523762afdb63fb112b3f2229636938a7bbc,30852,PRIVATE_LOCAL_RAW,PRIVATE_LOCAL_RAW:bist-membership/kap-triggers/kap_bildirim_764196_2019-05-15.json,NO_TRIGGER_EVENT_EVIDENCED,ACQUIRED,"Reviewed in full. Index codes touched by this disclosure: XBANA, XBLSM, XHARZ, XSIST, XTKJS, XTUMY, XUTEK, XUTUM. None is XU100, XU050 or XU030."
KT-105,KAP / Borsa Istanbul A.S.,764652,Endeks Sirketlerinde Degisiklik,BORSA ISTANBUL A.S. (issuer of the announcement),MARKA,2019,2019-01-01,2019-12-31,2019-05-17,18:19:26,NA,NON_TRIGGER_REVIEWED,NA,NA,REVIEWED_NOT_A_BENCHMARK_MEMBERSHIP_CHANGE,"NO CHANGE TO XU100, XU050 OR XU030",NA,NA,NA,NA,https://www.kap.org.tr/tr/Bildirim/764652,2026-08-24T11:20:00Z,kap_bildirim_764652_2019-05-17.json,b96774de2601fe3af52655cd0ca371f2427bf2c367c49e2f92fcb9b90d8506a3,27494,PRIVATE_LOCAL_RAW,PRIVATE_LOCAL_RAW:bist-membership/kap-triggers/kap_bildirim_764652_2019-05-17.json,NO_TRIGGER_EVENT_EVIDENCED,ACQUIRED,"Reviewed in full. Index codes touched by this disclosure: XBANA, XHOLD, XSIST, XTUMY, XUMAL, XUTUM. None is XU100, XU050 or XU030."
KT-106,KAP / Borsa Istanbul A.S.,764881,Endeks Sirketlerinde Degisiklik,BORSA ISTANBUL A.S. (issuer of the announcement),MARKA,2019,2019-01-01,2019-12-31,2019-05-20,18:12:14,NA,NON_TRIGGER_REVIEWED,NA,NA,REVIEWED_NOT_A_BENCHMARK_MEMBERSHIP_CHANGE,"NO CHANGE TO XU100, XU050 OR XU030",NA,NA,NA,NA,https://www.kap.org.tr/tr/Bildirim/764881,2026-08-24T11:20:00Z,kap_bildirim_764881_2019-05-20.json,f64272e7b786c3d4f70a9c9e167e5273a2a23ee4647c27ba4f0db2ed2ff4ffc3,28435,PRIVATE_LOCAL_RAW,PRIVATE_LOCAL_RAW:bist-membership/kap-triggers/kap_bildirim_764881_2019-05-20.json,NO_TRIGGER_EVENT_EVIDENCED,ACQUIRED,"Reviewed in full. Index codes touched by this disclosure: XBANA, XHOLD, XSIST, XTUMY, XUMAL, XUTUM. None is XU100, XU050 or XU030."
KT-107,KAP / Borsa Istanbul A.S.,766560,Endeks Sirketlerinde Degisiklik,BORSA ISTANBUL A.S. (issuer of the announcement),CEOEM,2019,2019-01-01,2019-12-31,2019-05-30,18:19:25,NA,NON_TRIGGER_REVIEWED,NA,NA,REVIEWED_NOT_A_BENCHMARK_MEMBERSHIP_CHANGE,"NO CHANGE TO XU100, XU050 OR XU030",NA,NA,NA,NA,https://www.kap.org.tr/tr/Bildirim/766560,2026-08-24T11:20:00Z,kap_bildirim_766560_2019-05-30.json,92fabafeb049d8a95e47bf178cec72309bd579f8dd35ee42b014517b27650ec3,27736,PRIVATE_LOCAL_RAW,PRIVATE_LOCAL_RAW:bist-membership/kap-triggers/kap_bildirim_766560_2019-05-30.json,NO_TRIGGER_EVENT_EVIDENCED,ACQUIRED,"Reviewed in full. Index codes touched by this disclosure: XBANA, XHARZ, XSIST, XTUMY, XUHIZ, XUTUM. None is XU100, XU050 or XU030."
KT-108,KAP / Borsa Istanbul A.S.,766903,Endeks Sirketlerinde Degisiklik,BORSA ISTANBUL A.S. (issuer of the announcement),FONET,2019,2019-01-01,2019-12-31,2019-05-31,18:14:52,NA,NON_TRIGGER_REVIEWED,NA,NA,REVIEWED_NOT_A_BENCHMARK_MEMBERSHIP_CHANGE,"NO CHANGE TO XU100, XU050 OR XU030",NA,NA,NA,NA,https://www.kap.org.tr/tr/Bildirim/766903,2026-08-24T11:20:00Z,kap_bildirim_766903_2019-05-31.json,889d2849e8fcb31fdca15c8e38b7c1d6e00d6305558ed88e95d8e53b86612b6b,18813,PRIVATE_LOCAL_RAW,PRIVATE_LOCAL_RAW:bist-membership/kap-triggers/kap_bildirim_766903_2019-05-31.json,NO_TRIGGER_EVENT_EVIDENCED,ACQUIRED,"Reviewed in full. Index codes touched by this disclosure: XHARZ. None is XU100, XU050 or XU030."
KT-109,KAP / Borsa Istanbul A.S.,770384,Endeks Sirketlerinde Degisiklik,BORSA ISTANBUL A.S. (issuer of the announcement),MAVI,2019,2019-01-01,2019-12-31,2019-06-28,18:12:03,NA,NON_TRIGGER_REVIEWED,NA,NA,REVIEWED_NOT_A_BENCHMARK_MEMBERSHIP_CHANGE,"NO CHANGE TO XU100, XU050 OR XU030",NA,NA,NA,NA,https://www.kap.org.tr/tr/Bildirim/770384,2026-08-24T11:20:00Z,kap_bildirim_770384_2019-06-28.json,6ff84350418e3641b85ec778c1d81500280cd5e2d2642437674dc3a239f2a47b,18471,PRIVATE_LOCAL_RAW,PRIVATE_LOCAL_RAW:bist-membership/kap-triggers/kap_bildirim_770384_2019-06-28.json,NO_TRIGGER_EVENT_EVIDENCED,ACQUIRED,"Reviewed in full. Index codes touched by this disclosure: XHARZ. None is XU100, XU050 or XU030."
KT-110,KAP / Borsa Istanbul A.S.,770430,Endeks Sirketlerinde Degisiklik,BORSA ISTANBUL A.S. (issuer of the announcement),"INFO, KRTEK, SAYAS, SNKRN, TDGYO, VKFYO, VKING",2019,2019-01-01,2019-12-31,2019-06-28,19:36:45,NA,NON_TRIGGER_REVIEWED,NA,NA,REVIEWED_NOT_A_BENCHMARK_MEMBERSHIP_CHANGE,"NO CHANGE TO XU100, XU050 OR XU030",NA,NA,NA,NA,https://www.kap.org.tr/tr/Bildirim/770430,2026-08-24T11:20:00Z,kap_bildirim_770430_2019-06-28.json,2e755c7b1dcba377d01276159c05184d7d3b2db68ce24c07b70543e83bb0c938,17609,PRIVATE_LOCAL_RAW,PRIVATE_LOCAL_RAW:bist-membership/kap-triggers/kap_bildirim_770430_2019-06-28.json,NO_TRIGGER_EVENT_EVIDENCED,ACQUIRED,"Reviewed in full. Index codes touched by this disclosure: none in the body table (free-text or attachment only). None is XU100, XU050 or XU030."
KT-111,KAP / Borsa Istanbul A.S.,771245,Endeks Sirketlerinde Degisiklik,BORSA ISTANBUL A.S. (issuer of the announcement),DERAS,2019,2019-01-01,2019-12-31,2019-07-03,13:59:28,NA,NON_TRIGGER_REVIEWED,NA,NA,REVIEWED_NOT_A_BENCHMARK_MEMBERSHIP_CHANGE,"NO CHANGE TO XU100, XU050 OR XU030",NA,NA,NA,NA,https://www.kap.org.tr/tr/Bildirim/771245,2026-08-24T11:20:00Z,kap_bildirim_771245_2019-07-03.json,57dbe75c8e397f7e913069d58c41f60fece07702409bf5c9c367889ae148782c,29417,PRIVATE_LOCAL_RAW,PRIVATE_LOCAL_RAW:bist-membership/kap-triggers/kap_bildirim_771245_2019-07-03.json,NO_TRIGGER_EVENT_EVIDENCED,ACQUIRED,"Reviewed in full. Index codes touched by this disclosure: XBANA, XHARZ, XSIST, XTEKS, XTUMY, XUSIN, XUTUM. None is XU100, XU050 or XU030."
KT-112,KAP / Borsa Istanbul A.S.,777980,Endeks Sirketlerinde Degisiklik,BORSA ISTANBUL A.S. (issuer of the announcement),BTCIM,2019,2019-01-01,2019-12-31,2019-07-30,18:14:08,NA,NON_TRIGGER_REVIEWED,NA,NA,REVIEWED_NOT_A_BENCHMARK_MEMBERSHIP_CHANGE,"NO CHANGE TO XU100, XU050 OR XU030",NA,NA,NA,NA,https://www.kap.org.tr/tr/Bildirim/777980,2026-08-24T11:20:00Z,kap_bildirim_777980_2019-07-30.json,0547fc41d5c59441a09ce5f6b2a96dcac4aa47d464c1912213d02ad512ed8959,18003,PRIVATE_LOCAL_RAW,PRIVATE_LOCAL_RAW:bist-membership/kap-triggers/kap_bildirim_777980_2019-07-30.json,NO_TRIGGER_EVENT_EVIDENCED,ACQUIRED,"Reviewed in full. Index codes touched by this disclosure: XKURY. None is XU100, XU050 or XU030."
KT-113,KAP / Borsa Istanbul A.S.,780486,Endeks Sirketlerinde Degisiklik,BORSA ISTANBUL A.S. (issuer of the announcement),NATEN,2019,2019-01-01,2019-12-31,2019-08-07,15:52:14,NA,NON_TRIGGER_REVIEWED,NA,NA,REVIEWED_NOT_A_BENCHMARK_MEMBERSHIP_CHANGE,"NO CHANGE TO XU100, XU050 OR XU030",NA,NA,NA,NA,https://www.kap.org.tr/tr/Bildirim/780486,2026-08-24T11:20:00Z,kap_bildirim_780486_2019-08-07.json,2eae95df07bf55c35840f3c328667c49927e9176c13298fb1b6b81445ecda120,29152,PRIVATE_LOCAL_RAW,PRIVATE_LOCAL_RAW:bist-membership/kap-triggers/kap_bildirim_780486_2019-08-07.json,NO_TRIGGER_EVENT_EVIDENCED,ACQUIRED,"Reviewed in full. Index codes touched by this disclosure: XBANA, XELKT, XHARZ, XSANK, XTUMY, XUHIZ, XUTUM. None is XU100, XU050 or XU030."
KT-114,KAP / Borsa Istanbul A.S.,783537,Endeks Sirketlerinde Degisiklik,BORSA ISTANBUL A.S. (issuer of the announcement),TACTR,2019,2019-01-01,2019-12-31,2019-08-21,17:57:31,NA,NON_TRIGGER_REVIEWED,NA,NA,REVIEWED_NOT_A_BENCHMARK_MEMBERSHIP_CHANGE,"NO CHANGE TO XU100, XU050 OR XU030",NA,NA,NA,NA,https://www.kap.org.tr/tr/Bildirim/783537,2026-08-24T11:20:00Z,kap_bildirim_783537_2019-08-21.json,7b845a890861d022c6fa87fd72bf8276ec7c0b3cc067f3c27bb5add85cfb1c0a,23455,PRIVATE_LOCAL_RAW,PRIVATE_LOCAL_RAW:bist-membership/kap-triggers/kap_bildirim_783537_2019-08-21.json,NO_TRIGGER_EVENT_EVIDENCED,ACQUIRED,"Reviewed in full. Index codes touched by this disclosure: XKOBI, XTUMY, XUSIN, XUTUM. None is XU100, XU050 or XU030."
KT-115,KAP / Borsa Istanbul A.S.,784826,Endeks Sirketlerinde Degisiklik,BORSA ISTANBUL A.S. (issuer of the announcement),TACTR,2019,2019-01-01,2019-12-31,2019-08-29,16:15:34,NA,NON_TRIGGER_REVIEWED,NA,NA,REVIEWED_NOT_A_BENCHMARK_MEMBERSHIP_CHANGE,"NO CHANGE TO XU100, XU050 OR XU030",NA,NA,NA,NA,https://www.kap.org.tr/tr/Bildirim/784826,2026-08-24T11:20:00Z,kap_bildirim_784826_2019-08-29.json,a9980e347686cd93070d48e378876ae99528ae20d16e6adb9cbdda0e38d53da2,27672,PRIVATE_LOCAL_RAW,PRIVATE_LOCAL_RAW:bist-membership/kap-triggers/kap_bildirim_784826_2019-08-29.json,NO_TRIGGER_EVENT_EVIDENCED,ACQUIRED,"Reviewed in full. Index codes touched by this disclosure: XKOBI, XTUMY, XUSIN, XUTUM. None is XU100, XU050 or XU030."
KT-116,KAP / Borsa Istanbul A.S.,796223,Endeks Sirketlerinde Degisiklik,BORSA ISTANBUL A.S. (issuer of the announcement),"ADANA, ADESE, ADNAC, AFYON, AGYO, AKCNS, AKENR, AKFGY, AKMGY, AKSGY, ALGYO, ANELE, ATAGY, AVGYO, AYCES, BAGFS, BANVT, BERA, BIZIM, BJKAS, BMELK, BOLUC, BOYP, BRMEN, BRYAT, BSOKE, BTCIM, BUCIM, BURVA, CEMAS, DAGHL, DGGYO, DGKLB, DIRIT, DOBUR, DOCO, DZGYO, EGGUB, EKGYO, ERBOS, FENER, FLAP, GENTS, GEREL, GLBMD, GOLTS, GOZDE, GRNYO, GSDHO, GSRAY, GUSGR, GYHOL, HDFGS, HLGYO, HUBVC, ICBCT, IDGYO, IEYHO, IHLAS, IHLGM, INDES, ISATR, ISBTR, ISGSY, ISGYO, ITTFH, IZMDC, KLGYO, KONYA, KRDMB, KRGYO, LIDFA, LUKSK, METRO, MRDIN, MRGYO, MSGYO, NETAS, NUGYO, NUHCM, OSMEN, OZGYO, OZKGY, OZRDN, PAGYO, PARSN, PEGYO, PEKGY, PKENT, PNSUT, POLHO, PRKME, QNBFL, RHEAG, RODRG, RYGYO, SAFKR, SANFM, SAYAS, SELEC, SNGYO, SNPAM, SRVGY, TBORG, TDGYO, TEKTU, TKNSA, TKURU, TRCAS, TRGYO, TSGYO, TSPOR, ULAS, ULUSE, VERTU, VERUS, VESBE, VKGYO, VKING, YAPRK, YGGYO, YGYO, YKGYO",2019,2019-01-01,2019-12-31,2019-11-01,18:42:43,NA,NON_TRIGGER_REVIEWED,NA,NA,REVIEWED_NOT_A_BENCHMARK_MEMBERSHIP_CHANGE,"NO CHANGE TO XU100, XU050 OR XU030",NA,NA,NA,NA,https://www.kap.org.tr/tr/Bildirim/796223,2026-08-24T11:20:00Z,kap_bildirim_796223_2019-11-01.json,302070518883f476c9d005961791e2b8eedad42ab20f20d9ad21a58ad0982ee4,21828,PRIVATE_LOCAL_RAW,PRIVATE_LOCAL_RAW:bist-membership/kap-triggers/kap_bildirim_796223_2019-11-01.json,NO_TRIGGER_EVENT_EVIDENCED,ACQUIRED,"Reviewed in full. Index codes touched by this disclosure: none in the body table (free-text or attachment only). None is XU100, XU050 or XU030."
KT-117,KAP / Borsa Istanbul A.S.,797610,Endeks Sirketlerinde Degisiklik,BORSA ISTANBUL A.S. (issuer of the announcement),MEGAP,2019,2019-01-01,2019-12-31,2019-11-08,17:07:45,NA,NON_TRIGGER_REVIEWED,NA,NA,REVIEWED_NOT_A_BENCHMARK_MEMBERSHIP_CHANGE,"NO CHANGE TO XU100, XU050 OR XU030",NA,NA,NA,NA,https://www.kap.org.tr/tr/Bildirim/797610,2026-08-24T11:20:00Z,kap_bildirim_797610_2019-11-08.json,7c2202b5eed298897ee22d239fc3c86a0fb3528eb575011b507615fa370d52b2,18900,PRIVATE_LOCAL_RAW,PRIVATE_LOCAL_RAW:bist-membership/kap-triggers/kap_bildirim_797610_2019-11-08.json,NO_TRIGGER_EVENT_EVIDENCED,ACQUIRED,"Reviewed in full. Index codes touched by this disclosure: XKMYA, XTEKS. None is XU100, XU050 or XU030."
KT-118,KAP / Borsa Istanbul A.S.,798707,Endeks Sirketlerinde Degisiklik,BORSA ISTANBUL A.S. (issuer of the announcement),YKSLN,2019,2019-01-01,2019-12-31,2019-11-13,16:46:49,NA,NON_TRIGGER_REVIEWED,NA,NA,REVIEWED_NOT_A_BENCHMARK_MEMBERSHIP_CHANGE,"NO CHANGE TO XU100, XU050 OR XU030",NA,NA,NA,NA,https://www.kap.org.tr/tr/Bildirim/798707,2026-08-24T11:20:00Z,kap_bildirim_798707_2019-11-13.json,3d13ed763ebb5244a88e12ba605be236721f961db9afe4a4b6d9a020e72a1388,29158,PRIVATE_LOCAL_RAW,PRIVATE_LOCAL_RAW:bist-membership/kap-triggers/kap_bildirim_798707_2019-11-13.json,NO_TRIGGER_EVENT_EVIDENCED,ACQUIRED,"Reviewed in full. Index codes touched by this disclosure: XBANA, XHARZ, XMANA, XSIST, XTUMY, XUSIN, XUTUM. None is XU100, XU050 or XU030."
KT-119,KAP / Borsa Istanbul A.S.,798767,Endeks Sirketlerinde Degisiklik,BORSA ISTANBUL A.S. (issuer of the announcement),YKSLN,2019,2019-01-01,2019-12-31,2019-11-13,18:56:14,NA,NON_TRIGGER_REVIEWED,NA,NA,REVIEWED_NOT_A_BENCHMARK_MEMBERSHIP_CHANGE,"NO CHANGE TO XU100, XU050 OR XU030",NA,NA,NA,NA,https://www.kap.org.tr/tr/Bildirim/798767,2026-08-24T11:20:00Z,kap_bildirim_798767_2019-11-13.json,c045202d5989aaab1db21d647a40bfb538996939c19c0338bfececfe573527e5,17071,PRIVATE_LOCAL_RAW,PRIVATE_LOCAL_RAW:bist-membership/kap-triggers/kap_bildirim_798767_2019-11-13.json,NO_TRIGGER_EVENT_EVIDENCED,ACQUIRED,"Reviewed in full. Index codes touched by this disclosure: none in the body table (free-text or attachment only). None is XU100, XU050 or XU030."
KT-120,KAP / Borsa Istanbul A.S.,802057,Endeks Sirketlerinde Degisiklik,BORSA ISTANBUL A.S. (issuer of the announcement),PAPIL,2019,2019-01-01,2019-12-31,2019-12-05,17:07:17,NA,NON_TRIGGER_REVIEWED,NA,NA,REVIEWED_NOT_A_BENCHMARK_MEMBERSHIP_CHANGE,"NO CHANGE TO XU100, XU050 OR XU030",NA,NA,NA,NA,https://www.kap.org.tr/tr/Bildirim/802057,2026-08-24T11:20:00Z,kap_bildirim_802057_2019-12-05.json,d8fdf6e37aac612a734df60ec0ba7639f03746859ed2f1e9c0630e46010df56e,31878,PRIVATE_LOCAL_RAW,PRIVATE_LOCAL_RAW:bist-membership/kap-triggers/kap_bildirim_802057_2019-12-05.json,NO_TRIGGER_EVENT_EVIDENCED,ACQUIRED,"Reviewed in full. Index codes touched by this disclosure: XBANA, XBLSM, XHARZ, XSANK, XTKJS, XTUMY, XUTEK, XUTUM. None is XU100, XU050 or XU030."
KT-121,KAP / Borsa Istanbul A.S.,802627,Endeks Sirketlerinde Degisiklik,BORSA ISTANBUL A.S. (issuer of the announcement),DIRIT,2019,2019-01-01,2019-12-31,2019-12-09,16:27:29,NA,NON_TRIGGER_REVIEWED,NA,NA,REVIEWED_NOT_A_BENCHMARK_MEMBERSHIP_CHANGE,"NO CHANGE TO XU100, XU050 OR XU030",NA,NA,NA,NA,https://www.kap.org.tr/tr/Bildirim/802627,2026-08-24T11:20:00Z,kap_bildirim_802627_2019-12-09.json,9c96e611aa57c12b506f6176b764890411ebc735ce35b97e6ab08dca5d8da1b1,27444,PRIVATE_LOCAL_RAW,PRIVATE_LOCAL_RAW:bist-membership/kap-triggers/kap_bildirim_802627_2019-12-09.json,NO_TRIGGER_EVENT_EVIDENCED,ACQUIRED,"Reviewed in full. Index codes touched by this disclosure: XBANA, XKOBI, XTEKS, XTUMY, XUSIN, XUTUM. None is XU100, XU050 or XU030."
KT-122,KAP / Borsa Istanbul A.S.,804373,Endeks Sirketlerinde Degisiklik,BORSA ISTANBUL A.S. (issuer of the announcement),ENJSA,2019,2019-01-01,2019-12-31,2019-12-19,17:17:07,NA,NON_TRIGGER_REVIEWED,NA,NA,REVIEWED_NOT_A_BENCHMARK_MEMBERSHIP_CHANGE,"NO CHANGE TO XU100, XU050 OR XU030",NA,NA,NA,NA,https://www.kap.org.tr/tr/Bildirim/804373,2026-08-24T11:20:00Z,kap_bildirim_804373_2019-12-19.json,0f413646a5018438d21aeff56e3b26314fc14c895de24d0919d9c18d6b600103,18009,PRIVATE_LOCAL_RAW,PRIVATE_LOCAL_RAW:bist-membership/kap-triggers/kap_bildirim_804373_2019-12-19.json,NO_TRIGGER_EVENT_EVIDENCED,ACQUIRED,"Reviewed in full. Index codes touched by this disclosure: XKURY. None is XU100, XU050 or XU030."
KT-123,KAP / Borsa Istanbul A.S.,804829,Endeks Sirketlerinde Degisiklik,BORSA ISTANBUL A.S. (issuer of the announcement),BMELK,2019,2019-01-01,2019-12-31,2019-12-23,17:07:32,NA,NON_TRIGGER_REVIEWED,NA,NA,REVIEWED_NOT_A_BENCHMARK_MEMBERSHIP_CHANGE,"NO CHANGE TO XU100, XU050 OR XU030",NA,NA,NA,NA,https://www.kap.org.tr/tr/Bildirim/804829,2026-08-24T11:20:00Z,kap_bildirim_804829_2019-12-23.json,774be11d19b3c0db98d6d6f12db6da150901e974fe44dedbfd5426fa7256799a,25143,PRIVATE_LOCAL_RAW,PRIVATE_LOCAL_RAW:bist-membership/kap-triggers/kap_bildirim_804829_2019-12-23.json,NO_TRIGGER_EVENT_EVIDENCED,ACQUIRED,"Reviewed in full. Index codes touched by this disclosure: XELKT, XPGIP, XTUMY, XUHIZ, XUTUM. None is XU100, XU050 or XU030."
KT-124,KAP / Borsa Istanbul A.S.,806162,Endeks Sirketlerinde Degisiklik,BORSA ISTANBUL A.S. (issuer of the announcement),"AVISA, GLYHO",2019,2019-01-01,2019-12-31,2019-12-31,16:00:32,NA,NON_TRIGGER_REVIEWED,NA,NA,REVIEWED_NOT_A_BENCHMARK_MEMBERSHIP_CHANGE,"NO CHANGE TO XU100, XU050 OR XU030",NA,NA,NA,NA,https://www.kap.org.tr/tr/Bildirim/806162,2026-08-24T11:20:00Z,kap_bildirim_806162_2019-12-31.json,c692070bb10526fe2cfa573b4941a1f572fe120e468d5f478c14546e14184a47,20194,PRIVATE_LOCAL_RAW,PRIVATE_LOCAL_RAW:bist-membership/kap-triggers/kap_bildirim_806162_2019-12-31.json,NO_TRIGGER_EVENT_EVIDENCED,ACQUIRED,"Reviewed in full. Index codes touched by this disclosure: XBANA, XYLDZ. None is XU100, XU050 or XU030."
KT-125,KAP / Borsa Istanbul A.S.,816283,Endeks Sirketlerinde Degisiklik,BORSA ISTANBUL A.S. (issuer of the announcement),"SAFKR, TLMAN",2020,2020-01-01,2020-12-31,2020-01-31,17:45:48,NA,NON_TRIGGER_REVIEWED,NA,NA,REVIEWED_NOT_A_BENCHMARK_MEMBERSHIP_CHANGE,"NO CHANGE TO XU100, XU050 OR XU030",NA,NA,NA,NA,https://www.kap.org.tr/tr/Bildirim/816283,2026-08-24T11:20:00Z,kap_bildirim_816283_2020-01-31.json,48f696122e0f8cc20a149edfa7127f377aaeadb4f9dd4a9ae26278a860b51db7,20072,PRIVATE_LOCAL_RAW,PRIVATE_LOCAL_RAW:bist-membership/kap-triggers/kap_bildirim_816283_2020-01-31.json,NO_TRIGGER_EVENT_EVIDENCED,ACQUIRED,"Reviewed in full. Index codes touched by this disclosure: XHARZ. None is XU100, XU050 or XU030."
KT-126,KAP / Borsa Istanbul A.S.,817202,Endeks Sirketlerinde Degisiklik,BORSA ISTANBUL A.S. (issuer of the announcement),ARDYZ,2020,2020-01-01,2020-12-31,2020-02-05,16:28:39,NA,NON_TRIGGER_REVIEWED,NA,NA,REVIEWED_NOT_A_BENCHMARK_MEMBERSHIP_CHANGE,"NO CHANGE TO XU100, XU050 OR XU030",NA,NA,NA,NA,https://www.kap.org.tr/tr/Bildirim/817202,2026-08-24T11:20:00Z,kap_bildirim_817202_2020-02-05.json,5eceb6ff5a48b600c41029fc72e905c5aae602d365daa2cbf3e714665bbe84ca,32329,PRIVATE_LOCAL_RAW,PRIVATE_LOCAL_RAW:bist-membership/kap-triggers/kap_bildirim_817202_2020-02-05.json,NO_TRIGGER_EVENT_EVIDENCED,ACQUIRED,"Reviewed in full. Index codes touched by this disclosure: XBANA, XBLSM, XHARZ, XSIST, XTKJS, XTUMY, XUTEK, XUTUM. None is XU100, XU050 or XU030."
KT-127,KAP / Borsa Istanbul A.S.,817663,Endeks Sirketlerinde Degisiklik,BORSA ISTANBUL A.S. (issuer of the announcement),TACTR,2020,2020-01-01,2020-12-31,2020-02-07,17:05:36,NA,NON_TRIGGER_REVIEWED,NA,NA,REVIEWED_NOT_A_BENCHMARK_MEMBERSHIP_CHANGE,"NO CHANGE TO XU100, XU050 OR XU030",NA,NA,NA,NA,https://www.kap.org.tr/tr/Bildirim/817663,2026-08-24T11:20:00Z,kap_bildirim_817663_2020-02-07.json,46d9780511227ce6113962deb0c8200c33ae3ab7d732ec573454419556a045b3,25149,PRIVATE_LOCAL_RAW,PRIVATE_LOCAL_RAW:bist-membership/kap-triggers/kap_bildirim_817663_2020-02-07.json,NO_TRIGGER_EVENT_EVIDENCED,ACQUIRED,"Reviewed in full. Index codes touched by this disclosure: XKOBI, XPGIP, XTUMY, XUSIN, XUTUM. None is XU100, XU050 or XU030."
KT-128,KAP / Borsa Istanbul A.S.,822936,Endeks Sirketlerinde Degisiklik,BORSA ISTANBUL A.S. (issuer of the announcement),"ENJSA, MPARK, PEKGY, TDGYO",2020,2020-01-01,2020-12-31,2020-02-28,18:16:38,NA,NON_TRIGGER_REVIEWED,NA,NA,REVIEWED_NOT_A_BENCHMARK_MEMBERSHIP_CHANGE,"NO CHANGE TO XU100, XU050 OR XU030",NA,NA,NA,NA,https://www.kap.org.tr/tr/Bildirim/822936,2026-08-24T11:20:00Z,kap_bildirim_822936_2020-02-28.json,0def4f7f6fe1e4ff247eb2039bcb612daa758e111d2ef119b22f6487f04f2ec6,24028,PRIVATE_LOCAL_RAW,PRIVATE_LOCAL_RAW:bist-membership/kap-triggers/kap_bildirim_822936_2020-02-28.json,NO_TRIGGER_EVENT_EVIDENCED,ACQUIRED,"Reviewed in full. Index codes touched by this disclosure: XHARZ. None is XU100, XU050 or XU030."
KT-129,KAP / Borsa Istanbul A.S.,833589,Endeks Sirketlerinde Degisiklik,BORSA ISTANBUL A.S. (issuer of the announcement),"ADANA, AKCNS, ALGYO, AVISA, BFREN, BIZIM, BUCIM, GLYHO, HURGZ, KAREL, KONYA, NETAS, OZKGY, RYGYO, SELEC",2020,2020-01-01,2020-12-31,2020-03-31,17:05:10,NA,NON_TRIGGER_REVIEWED,NA,NA,REVIEWED_NOT_A_BENCHMARK_MEMBERSHIP_CHANGE,"NO CHANGE TO XU100, XU050 OR XU030",NA,NA,NA,NA,https://www.kap.org.tr/tr/Bildirim/833589,2026-08-24T11:20:00Z,kap_bildirim_833589_2020-03-31.json,02acabd6c681538ab77b048400334ac81187449c575bb9cfba534fce2455f7b6,41797,PRIVATE_LOCAL_RAW,PRIVATE_LOCAL_RAW:bist-membership/kap-triggers/kap_bildirim_833589_2020-03-31.json,NO_TRIGGER_EVENT_EVIDENCED,ACQUIRED,"Reviewed in full. Index codes touched by this disclosure: XBANA, XYLDZ. None is XU100, XU050 or XU030."
KT-130,KAP / Borsa Istanbul A.S.,843390,Endeks Sirketlerinde Degisiklik,BORSA ISTANBUL A.S. (issuer of the announcement),SEYKM,2020,2020-01-01,2020-12-31,2020-05-07,17:11:21,NA,NON_TRIGGER_REVIEWED,NA,NA,REVIEWED_NOT_A_BENCHMARK_MEMBERSHIP_CHANGE,"NO CHANGE TO XU100, XU050 OR XU030",NA,NA,NA,NA,https://www.kap.org.tr/tr/Bildirim/843390,2026-08-24T11:20:00Z,kap_bildirim_843390_2020-05-07.json,560bdfc6b363ad87ccdfe2ea9636664828683ffb95cef93639339c4066ca7c24,18017,PRIVATE_LOCAL_RAW,PRIVATE_LOCAL_RAW:bist-membership/kap-triggers/kap_bildirim_843390_2020-05-07.json,NO_TRIGGER_EVENT_EVIDENCED,ACQUIRED,"Reviewed in full. Index codes touched by this disclosure: XBANA, XPGIP. None is XU100, XU050 or XU030."
KT-131,KAP / Borsa Istanbul A.S.,847772,Endeks Sirketlerinde Degisiklik,BORSA ISTANBUL A.S. (issuer of the announcement),"FORMT, KFEIN, SOKM",2020,2020-01-01,2020-12-31,2020-05-29,18:18:36,NA,NON_TRIGGER_REVIEWED,NA,NA,REVIEWED_NOT_A_BENCHMARK_MEMBERSHIP_CHANGE,"NO CHANGE TO XU100, XU050 OR XU030",NA,NA,NA,NA,https://www.kap.org.tr/tr/Bildirim/847772,2026-08-24T11:20:00Z,kap_bildirim_847772_2020-05-29.json,5bdecb723b1e3e8661b0293e0c7abd70080af0a41ced16fc0af3fe8dd7eb4233,22714,PRIVATE_LOCAL_RAW,PRIVATE_LOCAL_RAW:bist-membership/kap-triggers/kap_bildirim_847772_2020-05-29.json,NO_TRIGGER_EVENT_EVIDENCED,ACQUIRED,"Reviewed in full. Index codes touched by this disclosure: XHARZ. None is XU100, XU050 or XU030."
KT-132,KAP / Borsa Istanbul A.S.,848805,Endeks Sirketlerinde Degisiklik,BORSA ISTANBUL A.S. (issuer of the announcement),BAYRK,2020,2020-01-01,2020-12-31,2020-06-03,17:09:13,NA,NON_TRIGGER_REVIEWED,NA,NA,REVIEWED_NOT_A_BENCHMARK_MEMBERSHIP_CHANGE,"NO CHANGE TO XU100, XU050 OR XU030",NA,NA,NA,NA,https://www.kap.org.tr/tr/Bildirim/848805,2026-08-24T11:20:00Z,kap_bildirim_848805_2020-06-03.json,82b69e9e62028380b3108462190825865c9be89e131e275c6dc0eef3e9975cc2,28706,PRIVATE_LOCAL_RAW,PRIVATE_LOCAL_RAW:bist-membership/kap-triggers/kap_bildirim_848805_2020-06-03.json,NO_TRIGGER_EVENT_EVIDENCED,ACQUIRED,"Reviewed in full. Index codes touched by this disclosure: XBANA, XHARZ, XKMYA, XSIST, XTUMY, XUSIN, XUTUM. None is XU100, XU050 or XU030."
KT-133,KAP / Borsa Istanbul A.S.,851583,Endeks Sirketlerinde Degisiklik,BORSA ISTANBUL A.S. (issuer of the announcement),SAFKR,2020,2020-01-01,2020-12-31,2020-06-17,15:59:13,NA,NON_TRIGGER_REVIEWED,NA,NA,REVIEWED_NOT_A_BENCHMARK_MEMBERSHIP_CHANGE,"NO CHANGE TO XU100, XU050 OR XU030",NA,NA,NA,NA,https://www.kap.org.tr/tr/Bildirim/851583,2026-08-24T11:20:00Z,kap_bildirim_851583_2020-06-17.json,7a3b5579365ceefc6f793a1ca907abbc8c93528a283b31caf7030763c11f6121,18035,PRIVATE_LOCAL_RAW,PRIVATE_LOCAL_RAW:bist-membership/kap-triggers/kap_bildirim_851583_2020-06-17.json,NO_TRIGGER_EVENT_EVIDENCED,ACQUIRED,"Reviewed in full. Index codes touched by this disclosure: XBANA, XPGIP. None is XU100, XU050 or XU030."
KT-134,KAP / Borsa Istanbul A.S.,851835,Endeks Sirketlerinde Degisiklik,BORSA ISTANBUL A.S. (issuer of the announcement),DENGE,2020,2020-01-01,2020-12-31,2020-06-18,17:14:41,NA,NON_TRIGGER_REVIEWED,NA,NA,REVIEWED_NOT_A_BENCHMARK_MEMBERSHIP_CHANGE,"NO CHANGE TO XU100, XU050 OR XU030",NA,NA,NA,NA,https://www.kap.org.tr/tr/Bildirim/851835,2026-08-24T11:20:00Z,kap_bildirim_851835_2020-06-18.json,201ad15a7a2d3d91bcb3a789da81e965b6b834f3831fe3fc56dedaf533887888,27089,PRIVATE_LOCAL_RAW,PRIVATE_LOCAL_RAW:bist-membership/kap-triggers/kap_bildirim_851835_2020-06-18.json,NO_TRIGGER_EVENT_EVIDENCED,ACQUIRED,"Reviewed in full. Index codes touched by this disclosure: XHOLD, XPGIP, XSIST, XTUMY, XUMAL, XUTUM. None is XU100, XU050 or XU030."
KT-135,KAP / Borsa Istanbul A.S.,853100,Endeks Sirketlerinde Degisiklik,BORSA ISTANBUL A.S. (issuer of the announcement),METUR,2020,2020-01-01,2020-12-31,2020-06-26,14:13:00,NA,NON_TRIGGER_REVIEWED,NA,NA,REVIEWED_NOT_A_BENCHMARK_MEMBERSHIP_CHANGE,"NO CHANGE TO XU100, XU050 OR XU030",NA,NA,NA,NA,https://www.kap.org.tr/tr/Bildirim/853100,2026-08-24T11:20:00Z,kap_bildirim_853100_2020-06-26.json,625906bb64e90ce2ccc4d337815d6ab37dcef4cb4737c4748078030aeb65b26d,20460,PRIVATE_LOCAL_RAW,PRIVATE_LOCAL_RAW:bist-membership/kap-triggers/kap_bildirim_853100_2020-06-26.json,NO_TRIGGER_EVENT_EVIDENCED,ACQUIRED,"Reviewed in full. Index codes touched by this disclosure: XHOLD, XTRZM, XUHIZ, XUMAL. None is XU100, XU050 or XU030."
KT-136,KAP / Borsa Istanbul A.S.,853488,Endeks Sirketlerinde Degisiklik,BORSA ISTANBUL A.S. (issuer of the announcement),"AKSGY, BAGFS, BTCIM, DOCO, GSDHO, KLMSN, OYAKC, PRKAB, RYGYO",2020,2020-01-01,2020-12-31,2020-06-30,15:43:17,NA,NON_TRIGGER_REVIEWED,NA,NA,REVIEWED_NOT_A_BENCHMARK_MEMBERSHIP_CHANGE,"NO CHANGE TO XU100, XU050 OR XU030",NA,NA,NA,NA,https://www.kap.org.tr/tr/Bildirim/853488,2026-08-24T11:20:00Z,kap_bildirim_853488_2020-06-30.json,2feba4982f91c7186aefdc2037a6067b389fa9420be2eec8de5bea6e4ce72b3e,31914,PRIVATE_LOCAL_RAW,PRIVATE_LOCAL_RAW:bist-membership/kap-triggers/kap_bildirim_853488_2020-06-30.json,NO_TRIGGER_EVENT_EVIDENCED,ACQUIRED,"Reviewed in full. Index codes touched by this disclosure: XBANA, XYLDZ. None is XU100, XU050 or XU030."
KT-137,KAP / Borsa Istanbul A.S.,853513,Endeks Sirketlerinde Degisiklik,BORSA ISTANBUL A.S. (issuer of the announcement),BEYAZ,2020,2020-01-01,2020-12-31,2020-06-30,17:07:25,NA,NON_TRIGGER_REVIEWED,NA,NA,REVIEWED_NOT_A_BENCHMARK_MEMBERSHIP_CHANGE,"NO CHANGE TO XU100, XU050 OR XU030",NA,NA,NA,NA,https://www.kap.org.tr/tr/Bildirim/853513,2026-08-24T11:20:00Z,kap_bildirim_853513_2020-06-30.json,226dad294480658cf2a6387ccf2b124b2323cb11ce1565ca41e981d4de50d203,18009,PRIVATE_LOCAL_RAW,PRIVATE_LOCAL_RAW:bist-membership/kap-triggers/kap_bildirim_853513_2020-06-30.json,NO_TRIGGER_EVENT_EVIDENCED,ACQUIRED,"Reviewed in full. Index codes touched by this disclosure: XSANK, XSBAL. None is XU100, XU050 or XU030."
KT-138,KAP / Borsa Istanbul A.S.,853721,Endeks Sirketlerinde Degisiklik,BORSA ISTANBUL A.S. (issuer of the announcement),SNKRN,2020,2020-01-01,2020-12-31,2020-07-01,14:52:21,NA,NON_TRIGGER_REVIEWED,NA,NA,REVIEWED_NOT_A_BENCHMARK_MEMBERSHIP_CHANGE,"NO CHANGE TO XU100, XU050 OR XU030",NA,NA,NA,NA,https://www.kap.org.tr/tr/Bildirim/853721,2026-08-24T11:20:00Z,kap_bildirim_853721_2020-07-01.json,e1c6921277fc434d5553fe73558cba3dc056b6afe2aac445f20ed092a99d11c3,25511,PRIVATE_LOCAL_RAW,PRIVATE_LOCAL_RAW:bist-membership/kap-triggers/kap_bildirim_853721_2020-07-01.json,NO_TRIGGER_EVENT_EVIDENCED,ACQUIRED,"Reviewed in full. Index codes touched by this disclosure: XBANA, XSIST, XTUMY, XUHIZ, XUTUM. None is XU100, XU050 or XU030."
KT-139,KAP / Borsa Istanbul A.S.,854430,Endeks Sirketlerinde Degisiklik,BORSA ISTANBUL A.S. (issuer of the announcement),AKGUV,2020,2020-01-01,2020-12-31,2020-07-03,17:10:55,NA,NON_TRIGGER_REVIEWED,NA,NA,REVIEWED_NOT_A_BENCHMARK_MEMBERSHIP_CHANGE,"NO CHANGE TO XU100, XU050 OR XU030",NA,NA,NA,NA,https://www.kap.org.tr/tr/Bildirim/854430,2026-08-24T11:20:00Z,kap_bildirim_854430_2020-07-03.json,8dff42775c2bf4aa58031b855d35a3f554f6f018c021547aa1953f4c4fd5cbc4,21204,PRIVATE_LOCAL_RAW,PRIVATE_LOCAL_RAW:bist-membership/kap-triggers/kap_bildirim_854430_2020-07-03.json,NO_TRIGGER_EVENT_EVIDENCED,ACQUIRED,"Reviewed in full. Index codes touched by this disclosure: XHOLD, XUHIZ, XUMAL. None is XU100, XU050 or XU030."
KT-140,KAP / Borsa Istanbul A.S.,861415,Endeks Sirketlerinde Degisiklik,BORSA ISTANBUL A.S. (issuer of the announcement),GUSGR,2020,2020-01-01,2020-12-31,2020-07-23,17:05:46,NA,NON_TRIGGER_REVIEWED,NA,NA,REVIEWED_NOT_A_BENCHMARK_MEMBERSHIP_CHANGE,"NO CHANGE TO XU100, XU050 OR XU030",NA,NA,NA,NA,https://www.kap.org.tr/tr/Bildirim/861415,2026-08-24T11:20:00Z,kap_bildirim_861415_2020-07-23.json,34f1589a6183e786a4f8d452de330170342210f751d30be6ee1af939ad41c53f,18005,PRIVATE_LOCAL_RAW,PRIVATE_LOCAL_RAW:bist-membership/kap-triggers/kap_bildirim_861415_2020-07-23.json,NO_TRIGGER_EVENT_EVIDENCED,ACQUIRED,"Reviewed in full. Index codes touched by this disclosure: XKURY. None is XU100, XU050 or XU030."
KT-141,KAP / Borsa Istanbul A.S.,865424,Endeks Sirketlerinde Degisiklik,BORSA ISTANBUL A.S. (issuer of the announcement),FADE,2020,2020-01-01,2020-12-31,2020-08-05,17:24:38,NA,NON_TRIGGER_REVIEWED,NA,NA,REVIEWED_NOT_A_BENCHMARK_MEMBERSHIP_CHANGE,"NO CHANGE TO XU100, XU050 OR XU030",NA,NA,NA,NA,https://www.kap.org.tr/tr/Bildirim/865424,2026-08-24T11:20:00Z,kap_bildirim_865424_2020-08-05.json,f9ee083e98f5f2239e86b9e68618879cee7a881096ccd9302f20391629790e25,28530,PRIVATE_LOCAL_RAW,PRIVATE_LOCAL_RAW:bist-membership/kap-triggers/kap_bildirim_865424_2020-08-05.json,NO_TRIGGER_EVENT_EVIDENCED,ACQUIRED,"Reviewed in full. Index codes touched by this disclosure: XBANA, XGIDA, XHARZ, XSIZM, XTUMY, XUSIN, XUTUM. None is XU100, XU050 or XU030."
KT-142,KAP / Borsa Istanbul A.S.,871100,Endeks Sirketlerinde Degisiklik,BORSA ISTANBUL A.S. (issuer of the announcement),ISDMR,2020,2020-01-01,2020-12-31,2020-08-25,17:07:49,NA,NON_TRIGGER_REVIEWED,NA,NA,REVIEWED_NOT_A_BENCHMARK_MEMBERSHIP_CHANGE,"NO CHANGE TO XU100, XU050 OR XU030",NA,NA,NA,NA,https://www.kap.org.tr/tr/Bildirim/871100,2026-08-24T11:20:00Z,kap_bildirim_871100_2020-08-25.json,ea5f37d6e0a4e39f2e7af7ee5642acb190b10b5fbdee873e445843f557bbc642,18023,PRIVATE_LOCAL_RAW,PRIVATE_LOCAL_RAW:bist-membership/kap-triggers/kap_bildirim_871100_2020-08-25.json,NO_TRIGGER_EVENT_EVIDENCED,ACQUIRED,"Reviewed in full. Index codes touched by this disclosure: XKURY. None is XU100, XU050 or XU030."
KT-143,KAP / Borsa Istanbul A.S.,872665,Endeks Sirketlerinde Degisiklik,BORSA ISTANBUL A.S. (issuer of the announcement),"HALKS, TURSG",2020,2020-01-01,2020-12-31,2020-09-01,17:18:17,NA,NON_TRIGGER_REVIEWED,NA,NA,REVIEWED_NOT_A_BENCHMARK_MEMBERSHIP_CHANGE,"NO CHANGE TO XU100, XU050 OR XU030",NA,NA,NA,NA,https://www.kap.org.tr/tr/Bildirim/872665,2026-08-24T11:20:00Z,kap_bildirim_872665_2020-09-01.json,1bf32475e9b809c328503a71eab7bc99bf8e353b25bee2835029eb79e87c3ef1,18210,PRIVATE_LOCAL_RAW,PRIVATE_LOCAL_RAW:bist-membership/kap-triggers/kap_bildirim_872665_2020-09-01.json,NO_TRIGGER_EVENT_EVIDENCED,ACQUIRED,"Reviewed in full. Index codes touched by this disclosure: none in the body table (free-text or attachment only). None is XU100, XU050 or XU030."
KT-144,KAP / Borsa Istanbul A.S.,872990,Endeks Sirketlerinde Degisiklik,BORSA ISTANBUL A.S. (issuer of the announcement),DNISI,2020,2020-01-01,2020-12-31,2020-09-02,17:10:32,NA,NON_TRIGGER_REVIEWED,NA,NA,REVIEWED_NOT_A_BENCHMARK_MEMBERSHIP_CHANGE,"NO CHANGE TO XU100, XU050 OR XU030",NA,NA,NA,NA,https://www.kap.org.tr/tr/Bildirim/872990,2026-08-24T11:20:00Z,kap_bildirim_872990_2020-09-02.json,7efde7cb8401f9fec9484dbdc50842ed4a60c5c3054f14b1a50465373f685a28,29306,PRIVATE_LOCAL_RAW,PRIVATE_LOCAL_RAW:bist-membership/kap-triggers/kap_bildirim_872990_2020-09-02.json,NO_TRIGGER_EVENT_EVIDENCED,ACQUIRED,"Reviewed in full. Index codes touched by this disclosure: XBANA, XHARZ, XKMYA, XSIZM, XTUMY, XUSIN, XUTUM. None is XU100, XU050 or XU030."
KT-145,KAP / Borsa Istanbul A.S.,877434,Endeks Sirketlerinde Degisiklik,BORSA ISTANBUL A.S. (issuer of the announcement),"ADESE, AKFGY, AKMGY, ALCTL, ARDYZ, ARMDA, ATAGY, AVHOL, AYCES, BANVT, BEYAZ, BFREN, BRKSN, BRMEN, BSOKE, BTCIM, BURVA, CELHA, CMENT, CRFSA, DAGHL, DGGYO, DOGUB, DOKTA, EGGUB, EGPRO, EMKEL, FORMT, GARFA, GEDIK, GLBMD, GLRYH, GLYHO, ICBCT, IDEAS, IDGYO, IEYHO, IHGZT, INDES, INFO, INTEM, ISATR, IZFAS, IZMDC, IZTAR, KAPLM, KARSN, KENT, KLMSN, KLNMA, KRDMA, KRSTL, KRTEK, LIDFA, LUKSK, MARKA, MEGAP, METUR, MRSHL, NIBAS, NUGYO, OLMIP, OSMEN, OZRDN, PETUN, PKENT, PNSUT, POLTK, QNBFB, QNBFL, RALYH, RAYSG, RHEAG, RODRG, SAMAT, SANEL, SANFM, SANKO, SEKFK, SEKUR, SEYKM, SMART, SNPAM, SONME, SRVGY, TDGYO, TKURU, TSGYO, ULAS, ULUSE, VANGD, VKING, YAPRK",2020,2020-01-01,2020-12-31,2020-09-30,15:32:35,NA,NON_TRIGGER_REVIEWED,NA,NA,REVIEWED_NOT_A_BENCHMARK_MEMBERSHIP_CHANGE,"NO CHANGE TO XU100, XU050 OR XU030",NA,NA,NA,NA,https://www.kap.org.tr/tr/Bildirim/877434,2026-08-24T11:20:00Z,kap_bildirim_877434_2020-09-30.json,85152327b1c4f586649545d551b65aa9e2b7cbd77bbc1b671bcbcbbe5a311b0f,19130,PRIVATE_LOCAL_RAW,PRIVATE_LOCAL_RAW:bist-membership/kap-triggers/kap_bildirim_877434_2020-09-30.json,NO_TRIGGER_EVENT_EVIDENCED,ACQUIRED,"Reviewed in full. Index codes touched by this disclosure: none in the body table (free-text or attachment only). None is XU100, XU050 or XU030."
KT-146,KAP / Borsa Istanbul A.S.,880107,Endeks Sirketlerinde Degisiklik,BORSA ISTANBUL A.S. (issuer of the announcement),ESEN,2020,2020-01-01,2020-12-31,2020-10-08,17:10:42,NA,NON_TRIGGER_REVIEWED,NA,NA,REVIEWED_NOT_A_BENCHMARK_MEMBERSHIP_CHANGE,"NO CHANGE TO XU100, XU050 OR XU030",NA,NA,NA,NA,https://www.kap.org.tr/tr/Bildirim/880107,2026-08-24T11:20:00Z,kap_bildirim_880107_2020-10-08.json,196071c831141db9bc5af38fffd0f4ac0d5b861bdff3cf7e82db503a2bce14ee,28668,PRIVATE_LOCAL_RAW,PRIVATE_LOCAL_RAW:bist-membership/kap-triggers/kap_bildirim_880107_2020-10-08.json,NO_TRIGGER_EVENT_EVIDENCED,ACQUIRED,"Reviewed in full. Index codes touched by this disclosure: XELKT, XHARZ, XSANK, XTUMY, XUHIZ, XUTUM, XYLDZ. None is XU100, XU050 or XU030."
KT-147,KAP / Borsa Istanbul A.S.,882204,Endeks Sirketlerinde Degisiklik,BORSA ISTANBUL A.S. (issuer of the announcement),KONTR,2020,2020-01-01,2020-12-31,2020-10-16,17:17:04,NA,NON_TRIGGER_REVIEWED,NA,NA,REVIEWED_NOT_A_BENCHMARK_MEMBERSHIP_CHANGE,"NO CHANGE TO XU100, XU050 OR XU030",NA,NA,NA,NA,https://www.kap.org.tr/tr/Bildirim/882204,2026-08-24T11:20:00Z,kap_bildirim_882204_2020-10-16.json,25083c506331b09e780a22119d315061c9b60a1e36a047aa8a0e0b6d1322ac08,27520,PRIVATE_LOCAL_RAW,PRIVATE_LOCAL_RAW:bist-membership/kap-triggers/kap_bildirim_882204_2020-10-16.json,NO_TRIGGER_EVENT_EVIDENCED,ACQUIRED,"Reviewed in full. Index codes touched by this disclosure: XBANA, XHARZ, XSIST, XTUMY, XUHIZ, XUTUM. None is XU100, XU050 or XU030."
KT-148,KAP / Borsa Istanbul A.S.,890339,Endeks Sirketlerinde Degisiklik,BORSA ISTANBUL A.S. (issuer of the announcement),FRIGO,2020,2020-01-01,2020-12-31,2020-11-27,17:25:09,NA,NON_TRIGGER_REVIEWED,NA,NA,REVIEWED_NOT_A_BENCHMARK_MEMBERSHIP_CHANGE,"NO CHANGE TO XU100, XU050 OR XU030",NA,NA,NA,NA,https://www.kap.org.tr/tr/Bildirim/890339,2026-08-24T11:20:00Z,kap_bildirim_890339_2020-11-27.json,14bb13d779698cd112d3b62b9d4b5cf06f9164c4b7257d68816ad5fe1db3a9a7,27207,PRIVATE_LOCAL_RAW,PRIVATE_LOCAL_RAW:bist-membership/kap-triggers/kap_bildirim_890339_2020-11-27.json,NO_TRIGGER_EVENT_EVIDENCED,ACQUIRED,"Reviewed in full. Index codes touched by this disclosure: XGIDA, XSBUR, XTUMY, XUSIN, XUTUM. None is XU100, XU050 or XU030."
KT-149,KAP / Borsa Istanbul A.S.,891233,Endeks Sirketlerinde Degisiklik,BORSA ISTANBUL A.S. (issuer of the announcement),KRVGD,2020,2020-01-01,2020-12-31,2020-12-03,17:41:45,NA,NON_TRIGGER_REVIEWED,NA,NA,REVIEWED_NOT_A_BENCHMARK_MEMBERSHIP_CHANGE,"NO CHANGE TO XU100, XU050 OR XU030",NA,NA,NA,NA,https://www.kap.org.tr/tr/Bildirim/891233,2026-08-24T11:20:00Z,kap_bildirim_891233_2020-12-03.json,293adcaf1e66fd9be1bb92566bb23424b6a3d7963eb3520a577ab893409df589,29058,PRIVATE_LOCAL_RAW,PRIVATE_LOCAL_RAW:bist-membership/kap-triggers/kap_bildirim_891233_2020-12-03.json,NO_TRIGGER_EVENT_EVIDENCED,ACQUIRED,"Reviewed in full. Index codes touched by this disclosure: XGIDA, XHARZ, XSIST, XTUMY, XUSIN, XUTUM, XYLDZ. None is XU100, XU050 or XU030."
KT-150,KAP / Borsa Istanbul A.S.,894504,Endeks Sirketlerinde Degisiklik,BORSA ISTANBUL A.S. (issuer of the announcement),ARZUM,2020,2020-01-01,2020-12-31,2020-12-23,18:13:54,NA,NON_TRIGGER_REVIEWED,NA,NA,REVIEWED_NOT_A_BENCHMARK_MEMBERSHIP_CHANGE,"NO CHANGE TO XU100, XU050 OR XU030",NA,NA,NA,NA,https://www.kap.org.tr/tr/Bildirim/894504,2026-08-24T11:20:00Z,kap_bildirim_894504_2020-12-23.json,dc0a627f76a802246384db5899b401205dab8270ba6c0efcb2e3a8519525ae69,28775,PRIVATE_LOCAL_RAW,PRIVATE_LOCAL_RAW:bist-membership/kap-triggers/kap_bildirim_894504_2020-12-23.json,NO_TRIGGER_EVENT_EVIDENCED,ACQUIRED,"Reviewed in full. Index codes touched by this disclosure: XHARZ, XSIST, XTCRT, XTUMY, XUHIZ, XUTUM, XYLDZ. None is XU100, XU050 or XU030."
KT-151,KAP / Borsa Istanbul A.S.,895467,Endeks Sirketlerinde Degisiklik,BORSA ISTANBUL A.S. (issuer of the announcement),ISFIN,2020,2020-01-01,2020-12-31,2020-12-29,18:10:28,NA,NON_TRIGGER_REVIEWED,NA,NA,REVIEWED_NOT_A_BENCHMARK_MEMBERSHIP_CHANGE,"NO CHANGE TO XU100, XU050 OR XU030",NA,NA,NA,NA,https://www.kap.org.tr/tr/Bildirim/895467,2026-08-24T11:20:00Z,kap_bildirim_895467_2020-12-29.json,11bb2170a280ca49c1359fef559878e15966b0fb029ed09307a49fa238781c64,18001,PRIVATE_LOCAL_RAW,PRIVATE_LOCAL_RAW:bist-membership/kap-triggers/kap_bildirim_895467_2020-12-29.json,NO_TRIGGER_EVENT_EVIDENCED,ACQUIRED,"Reviewed in full. Index codes touched by this disclosure: XKURY. None is XU100, XU050 or XU030."
KT-152,KAP / Borsa Istanbul A.S.,895697,Endeks Sirketlerinde Degisiklik,BORSA ISTANBUL A.S. (issuer of the announcement),BRMEN,2020,2020-01-01,2020-12-31,2020-12-30,16:59:15,NA,NON_TRIGGER_REVIEWED,NA,NA,REVIEWED_NOT_A_BENCHMARK_MEMBERSHIP_CHANGE,"NO CHANGE TO XU100, XU050 OR XU030",NA,NA,NA,NA,https://www.kap.org.tr/tr/Bildirim/895697,2026-08-24T11:20:00Z,kap_bildirim_895697_2020-12-30.json,93ff932885b8097ca6dff4be6e77d8aaa065f66113ee1659a41cc69cc4f453f1,26819,PRIVATE_LOCAL_RAW,PRIVATE_LOCAL_RAW:bist-membership/kap-triggers/kap_bildirim_895697_2020-12-30.json,NO_TRIGGER_EVENT_EVIDENCED,ACQUIRED,"Reviewed in full. Index codes touched by this disclosure: XKOBI, XSKAY, XTEKS, XTUMY, XUSIN, XUTUM. None is XU100, XU050 or XU030."
KT-153,KAP / Borsa Istanbul A.S.,896175,Endeks Sirketlerinde Degisiklik,BORSA ISTANBUL A.S. (issuer of the announcement),"AKMGY, ARENA, ATAGY, AVGYO, BERA, BEYAZ, BRKSN, CELHA, CMENT, DAGHL, DOBUR, DOCO, DOGUB, EGPRO, GEDIK, GLBMD, IHLGM, INTEM, ITTFH, IZTAR, JANTS, KARSN, KENT, KLNMA, KRDMA, KRSTL, KRTEK, KUTPO, LIDFA, MEGAP, METUR, NUHCM, QNBFB, QNBFL, SAMAT, SANKO, SEKFK, SEKUR, SEYKM, SRVGY, TBORG, TDGYO, VANGD, VERUS, VESBE, VKING, YAPRK",2020,2020-01-01,2020-12-31,2020-12-31,18:27:44,NA,NON_TRIGGER_REVIEWED,NA,NA,REVIEWED_NOT_A_BENCHMARK_MEMBERSHIP_CHANGE,"NO CHANGE TO XU100, XU050 OR XU030",NA,NA,NA,NA,https://www.kap.org.tr/tr/Bildirim/896175,2026-08-24T11:20:00Z,kap_bildirim_896175_2020-12-31.json,8ca6bd7bfc83542da5b489fc218d982eeac1ab3ad488bcc9bd11a737b9ee0156,18107,PRIVATE_LOCAL_RAW,PRIVATE_LOCAL_RAW:bist-membership/kap-triggers/kap_bildirim_896175_2020-12-31.json,NO_TRIGGER_EVENT_EVIDENCED,ACQUIRED,"Reviewed in full. Index codes touched by this disclosure: none in the body table (free-text or attachment only). None is XU100, XU050 or XU030."
KT-154,KAP,NA,Search scope and negative-evidence record for 2017,NA,NA,2017,2017-01-01,2017-12-31,NA,NA,NA,NON_TRIGGER_REVIEWED,NA,NA,SEARCH_SCOPE,2 benchmark-index (XU100) membership-changing events evidenced in 2017,NA,NA,NA,NA,https://www.kap.org.tr/tr/api/disclosure/members/byCriteria,2026-08-24T11:20:00Z,kap_query_idx_changes_2016_2021.json,e4932733d726802eb2e03664c834aac1e63db6d737dc66535fc2b5aba32603ce,101460,PRIVATE_LOCAL_RAW,PRIVATE_LOCAL_RAW:bist-membership/kap-triggers/kap_query_idx_changes_2016_2021.json,TRIGGER_EVENT_FOUND,ACQUIRED,"Exact query: POST /tr/api/disclosure/members/byCriteria with fromDate=2017-01-01, toDate=2017-12-31, memberType=IGS, disclosureClass empty, subjectList=[8aca490d4fda2d58014fda4e141f0112] (Endeks Sirketlerinde Degisiklik), all other filters empty. Returned 23 disclosures, every one of which was fetched in full and read. Corroborating queries on the same surface for the same window: subject BIST Pay Endeksleri returned 6; subject Pazar Degisikligi returned 7; subject Kottan Cikarma/Islem Gormekten Men Etme returned 3. The search is ISSUER-SIDE and therefore does not depend on knowing the BIST 100 constituent list: it captures every index-membership change Borsa Istanbul announced on KAP in the period, for any security. This is NOT certified exhaustive - see the 2017-03-20 omission row and the archive-completeness row."
KT-155,KAP,NA,Search scope and negative-evidence record for 2018,NA,NA,2018,2018-01-01,2018-12-31,NA,NA,NA,NON_TRIGGER_REVIEWED,NA,NA,SEARCH_SCOPE,4 benchmark-index (XU100) membership-changing events evidenced in 2018,NA,NA,NA,NA,https://www.kap.org.tr/tr/api/disclosure/members/byCriteria,2026-08-24T11:20:00Z,kap_query_idx_changes_2016_2021.json,e4932733d726802eb2e03664c834aac1e63db6d737dc66535fc2b5aba32603ce,101460,PRIVATE_LOCAL_RAW,PRIVATE_LOCAL_RAW:bist-membership/kap-triggers/kap_query_idx_changes_2016_2021.json,TRIGGER_EVENT_FOUND,ACQUIRED,"Exact query: POST /tr/api/disclosure/members/byCriteria with fromDate=2018-01-01, toDate=2018-12-31, memberType=IGS, disclosureClass empty, subjectList=[8aca490d4fda2d58014fda4e141f0112] (Endeks Sirketlerinde Degisiklik), all other filters empty. Returned 27 disclosures, every one of which was fetched in full and read. Corroborating queries on the same surface for the same window: subject BIST Pay Endeksleri returned 7; subject Pazar Degisikligi returned 9; subject Kottan Cikarma/Islem Gormekten Men Etme returned 1. The search is ISSUER-SIDE and therefore does not depend on knowing the BIST 100 constituent list: it captures every index-membership change Borsa Istanbul announced on KAP in the period, for any security. This is NOT certified exhaustive - see the 2017-03-20 omission row and the archive-completeness row."
KT-156,KAP,NA,Search scope and negative-evidence record for 2019,NA,NA,2019,2019-01-01,2019-12-31,NA,NA,NA,NON_TRIGGER_REVIEWED,NA,NA,SEARCH_SCOPE,0 benchmark-index (XU100) membership-changing events evidenced in 2019,NA,NA,NA,NA,https://www.kap.org.tr/tr/api/disclosure/members/byCriteria,2026-08-24T11:20:00Z,kap_query_idx_changes_2016_2021.json,e4932733d726802eb2e03664c834aac1e63db6d737dc66535fc2b5aba32603ce,101460,PRIVATE_LOCAL_RAW,PRIVATE_LOCAL_RAW:bist-membership/kap-triggers/kap_query_idx_changes_2016_2021.json,NO_TRIGGER_EVENT_EVIDENCED,ACQUIRED,"Exact query: POST /tr/api/disclosure/members/byCriteria with fromDate=2019-01-01, toDate=2019-12-31, memberType=IGS, disclosureClass empty, subjectList=[8aca490d4fda2d58014fda4e141f0112] (Endeks Sirketlerinde Degisiklik), all other filters empty. Returned 26 disclosures, every one of which was fetched in full and read. Corroborating queries on the same surface for the same window: subject BIST Pay Endeksleri returned 8; subject Pazar Degisikligi returned 3; subject Kottan Cikarma/Islem Gormekten Men Etme returned 0. The search is ISSUER-SIDE and therefore does not depend on knowing the BIST 100 constituent list: it captures every index-membership change Borsa Istanbul announced on KAP in the period, for any security. This is NOT certified exhaustive - see the 2017-03-20 omission row and the archive-completeness row."
KT-157,KAP,NA,Search scope and negative-evidence record for 2020,NA,NA,2020,2020-01-01,2020-12-31,NA,NA,NA,NON_TRIGGER_REVIEWED,NA,NA,SEARCH_SCOPE,2 benchmark-index (XU100) membership-changing events evidenced in 2020,NA,NA,NA,NA,https://www.kap.org.tr/tr/api/disclosure/members/byCriteria,2026-08-24T11:20:00Z,kap_query_idx_changes_2016_2021.json,e4932733d726802eb2e03664c834aac1e63db6d737dc66535fc2b5aba32603ce,101460,PRIVATE_LOCAL_RAW,PRIVATE_LOCAL_RAW:bist-membership/kap-triggers/kap_query_idx_changes_2016_2021.json,TRIGGER_EVENT_FOUND,ACQUIRED,"Exact query: POST /tr/api/disclosure/members/byCriteria with fromDate=2020-01-01, toDate=2020-12-31, memberType=IGS, disclosureClass empty, subjectList=[8aca490d4fda2d58014fda4e141f0112] (Endeks Sirketlerinde Degisiklik), all other filters empty. Returned 31 disclosures, every one of which was fetched in full and read. Corroborating queries on the same surface for the same window: subject BIST Pay Endeksleri returned 7; subject Pazar Degisikligi returned 7; subject Kottan Cikarma/Islem Gormekten Men Etme returned 0. The search is ISSUER-SIDE and therefore does not depend on knowing the BIST 100 constituent list: it captures every index-membership change Borsa Istanbul announced on KAP in the period, for any security. This is NOT certified exhaustive - see the 2017-03-20 omission row and the archive-completeness row."
KT-158,KAP / Borsa Istanbul A.S.,591185,Pazar Degisikligi,BORSA ISTANBUL A.S. (issuer of the announcement),GYHOL,2017,2017-01-01,2017-12-31,06-03-2017,18:22:41,NA,NON_TRIGGER_REVIEWED,NA,7.1 / 7.2,WATCHLIST_TRANSFER,"TRIGGER FACT ONLY - the index consequence, if any, is published separately as an Endeks Sirketlerinde Degisiklik disclosure",NA,NA,NA,NA,https://www.kap.org.tr/tr/Bildirim/591185,2026-08-24T11:20:00Z,kap_query_other_topics.json,90d1293fd8cdad1e2f11a83510a22c8a17170b8571146567109124fae5e52a6d,163349,PRIVATE_LOCAL_RAW,PRIVATE_LOCAL_RAW:bist-membership/kap-triggers/kap_query_other_topics.json,NO_TRIGGER_EVENT_EVIDENCED,ACQUIRED,"Cross-check row. 30 art. 7.1/7.2 trigger disclosures were located in 2017-2020 (26 market transfers, 4 delistings). 29 of the 30 pair with an Endeks Sirketlerinde Degisiklik disclosure published within 45 days that shares a share code. The single exception is EMNIS on 26.09.2018 (disclosure 709508), recorded separately as AMBIGUOUS."
KT-159,KAP / Borsa Istanbul A.S.,613426,Pazar Degisikligi,BORSA ISTANBUL A.S. (issuer of the announcement),"ALCTL, KRONT, TKNSA",2017,2017-01-01,2017-12-31,21-06-2017,18:11:14,NA,NON_TRIGGER_REVIEWED,NA,7.1 / 7.2,WATCHLIST_TRANSFER,"TRIGGER FACT ONLY - the index consequence, if any, is published separately as an Endeks Sirketlerinde Degisiklik disclosure",NA,NA,NA,NA,https://www.kap.org.tr/tr/Bildirim/613426,2026-08-24T11:20:00Z,kap_query_other_topics.json,90d1293fd8cdad1e2f11a83510a22c8a17170b8571146567109124fae5e52a6d,163349,PRIVATE_LOCAL_RAW,PRIVATE_LOCAL_RAW:bist-membership/kap-triggers/kap_query_other_topics.json,NO_TRIGGER_EVENT_EVIDENCED,ACQUIRED,"Cross-check row. 30 art. 7.1/7.2 trigger disclosures were located in 2017-2020 (26 market transfers, 4 delistings). 29 of the 30 pair with an Endeks Sirketlerinde Degisiklik disclosure published within 45 days that shares a share code. The single exception is EMNIS on 26.09.2018 (disclosure 709508), recorded separately as AMBIGUOUS."
KT-160,KAP / Borsa Istanbul A.S.,617878,Pazar Degisikligi,BORSA ISTANBUL A.S. (issuer of the announcement),"BRYAT, BTCIM, TBORG",2017,2017-01-01,2017-12-31,11-07-2017,17:33:56,NA,NON_TRIGGER_REVIEWED,NA,7.1 / 7.2,WATCHLIST_TRANSFER,"TRIGGER FACT ONLY - the index consequence, if any, is published separately as an Endeks Sirketlerinde Degisiklik disclosure",NA,NA,NA,NA,https://www.kap.org.tr/tr/Bildirim/617878,2026-08-24T11:20:00Z,kap_query_other_topics.json,90d1293fd8cdad1e2f11a83510a22c8a17170b8571146567109124fae5e52a6d,163349,PRIVATE_LOCAL_RAW,PRIVATE_LOCAL_RAW:bist-membership/kap-triggers/kap_query_other_topics.json,NO_TRIGGER_EVENT_EVIDENCED,ACQUIRED,"Cross-check row. 30 art. 7.1/7.2 trigger disclosures were located in 2017-2020 (26 market transfers, 4 delistings). 29 of the 30 pair with an Endeks Sirketlerinde Degisiklik disclosure published within 45 days that shares a share code. The single exception is EMNIS on 26.09.2018 (disclosure 709508), recorded separately as AMBIGUOUS."
KT-161,KAP / Borsa Istanbul A.S.,618021,Pazar Degisikligi,BORSA ISTANBUL A.S. (issuer of the announcement),MARKA,2017,2017-01-01,2017-12-31,12-07-2017,12:02:56,NA,NON_TRIGGER_REVIEWED,NA,7.1 / 7.2,WATCHLIST_TRANSFER,"TRIGGER FACT ONLY - the index consequence, if any, is published separately as an Endeks Sirketlerinde Degisiklik disclosure",NA,NA,NA,NA,https://www.kap.org.tr/tr/Bildirim/618021,2026-08-24T11:20:00Z,kap_query_other_topics.json,90d1293fd8cdad1e2f11a83510a22c8a17170b8571146567109124fae5e52a6d,163349,PRIVATE_LOCAL_RAW,PRIVATE_LOCAL_RAW:bist-membership/kap-triggers/kap_query_other_topics.json,NO_TRIGGER_EVENT_EVIDENCED,ACQUIRED,"Cross-check row. 30 art. 7.1/7.2 trigger disclosures were located in 2017-2020 (26 market transfers, 4 delistings). 29 of the 30 pair with an Endeks Sirketlerinde Degisiklik disclosure published within 45 days that shares a share code. The single exception is EMNIS on 26.09.2018 (disclosure 709508), recorded separately as AMBIGUOUS."
KT-162,KAP / Borsa Istanbul A.S.,630375,Pazar Degisikligi,BORSA ISTANBUL A.S. (issuer of the announcement),"ANELE, ICBCT",2017,2017-01-01,2017-12-31,20-09-2017,18:11:37,NA,NON_TRIGGER_REVIEWED,NA,7.1 / 7.2,WATCHLIST_TRANSFER,"TRIGGER FACT ONLY - the index consequence, if any, is published separately as an Endeks Sirketlerinde Degisiklik disclosure",NA,NA,NA,NA,https://www.kap.org.tr/tr/Bildirim/630375,2026-08-24T11:20:00Z,kap_query_other_topics.json,90d1293fd8cdad1e2f11a83510a22c8a17170b8571146567109124fae5e52a6d,163349,PRIVATE_LOCAL_RAW,PRIVATE_LOCAL_RAW:bist-membership/kap-triggers/kap_query_other_topics.json,NO_TRIGGER_EVENT_EVIDENCED,ACQUIRED,"Cross-check row. 30 art. 7.1/7.2 trigger disclosures were located in 2017-2020 (26 market transfers, 4 delistings). 29 of the 30 pair with an Endeks Sirketlerinde Degisiklik disclosure published within 45 days that shares a share code. The single exception is EMNIS on 26.09.2018 (disclosure 709508), recorded separately as AMBIGUOUS."
KT-163,KAP / Borsa Istanbul A.S.,636453,Pazar Degisikligi,BORSA ISTANBUL A.S. (issuer of the announcement),HURGZ,2017,2017-01-01,2017-12-31,23-10-2017,18:11:07,NA,NON_TRIGGER_REVIEWED,NA,7.1 / 7.2,WATCHLIST_TRANSFER,"TRIGGER FACT ONLY - the index consequence, if any, is published separately as an Endeks Sirketlerinde Degisiklik disclosure",NA,NA,NA,NA,https://www.kap.org.tr/tr/Bildirim/636453,2026-08-24T11:20:00Z,kap_query_other_topics.json,90d1293fd8cdad1e2f11a83510a22c8a17170b8571146567109124fae5e52a6d,163349,PRIVATE_LOCAL_RAW,PRIVATE_LOCAL_RAW:bist-membership/kap-triggers/kap_query_other_topics.json,NO_TRIGGER_EVENT_EVIDENCED,ACQUIRED,"Cross-check row. 30 art. 7.1/7.2 trigger disclosures were located in 2017-2020 (26 market transfers, 4 delistings). 29 of the 30 pair with an Endeks Sirketlerinde Degisiklik disclosure published within 45 days that shares a share code. The single exception is EMNIS on 26.09.2018 (disclosure 709508), recorded separately as AMBIGUOUS."
KT-164,KAP / Borsa Istanbul A.S.,646251,Pazar Degisikligi,BORSA ISTANBUL A.S. (issuer of the announcement),"DGKLB, IEYHO, IHLGM",2017,2017-01-01,2017-12-31,19-12-2017,18:10:06,NA,NON_TRIGGER_REVIEWED,NA,7.1 / 7.2,WATCHLIST_TRANSFER,"TRIGGER FACT ONLY - the index consequence, if any, is published separately as an Endeks Sirketlerinde Degisiklik disclosure",NA,NA,NA,NA,https://www.kap.org.tr/tr/Bildirim/646251,2026-08-24T11:20:00Z,kap_query_other_topics.json,90d1293fd8cdad1e2f11a83510a22c8a17170b8571146567109124fae5e52a6d,163349,PRIVATE_LOCAL_RAW,PRIVATE_LOCAL_RAW:bist-membership/kap-triggers/kap_query_other_topics.json,NO_TRIGGER_EVENT_EVIDENCED,ACQUIRED,"Cross-check row. 30 art. 7.1/7.2 trigger disclosures were located in 2017-2020 (26 market transfers, 4 delistings). 29 of the 30 pair with an Endeks Sirketlerinde Degisiklik disclosure published within 45 days that shares a share code. The single exception is EMNIS on 26.09.2018 (disclosure 709508), recorded separately as AMBIGUOUS."
KT-165,KAP / Borsa Istanbul A.S.,652950,Pazar Degisikligi,BORSA ISTANBUL A.S. (issuer of the announcement),"ASUZU, CEMAS, EGGUB, EGSER, FLAP, KATMR, ULUSE",2018,2018-01-01,2018-12-31,10-01-2018,18:34:12,NA,NON_TRIGGER_REVIEWED,NA,7.1 / 7.2,WATCHLIST_TRANSFER,"TRIGGER FACT ONLY - the index consequence, if any, is published separately as an Endeks Sirketlerinde Degisiklik disclosure",NA,NA,NA,NA,https://www.kap.org.tr/tr/Bildirim/652950,2026-08-24T11:20:00Z,kap_query_other_topics.json,90d1293fd8cdad1e2f11a83510a22c8a17170b8571146567109124fae5e52a6d,163349,PRIVATE_LOCAL_RAW,PRIVATE_LOCAL_RAW:bist-membership/kap-triggers/kap_query_other_topics.json,NO_TRIGGER_EVENT_EVIDENCED,ACQUIRED,"Cross-check row. 30 art. 7.1/7.2 trigger disclosures were located in 2017-2020 (26 market transfers, 4 delistings). 29 of the 30 pair with an Endeks Sirketlerinde Degisiklik disclosure published within 45 days that shares a share code. The single exception is EMNIS on 26.09.2018 (disclosure 709508), recorded separately as AMBIGUOUS."
KT-166,KAP / Borsa Istanbul A.S.,662346,Pazar Degisikligi,BORSA ISTANBUL A.S. (issuer of the announcement),YESIL,2018,2018-01-01,2018-12-31,26-02-2018,13:58:44,NA,NON_TRIGGER_REVIEWED,NA,7.1 / 7.2,WATCHLIST_TRANSFER,"TRIGGER FACT ONLY - the index consequence, if any, is published separately as an Endeks Sirketlerinde Degisiklik disclosure",NA,NA,NA,NA,https://www.kap.org.tr/tr/Bildirim/662346,2026-08-24T11:20:00Z,kap_query_other_topics.json,90d1293fd8cdad1e2f11a83510a22c8a17170b8571146567109124fae5e52a6d,163349,PRIVATE_LOCAL_RAW,PRIVATE_LOCAL_RAW:bist-membership/kap-triggers/kap_query_other_topics.json,NO_TRIGGER_EVENT_EVIDENCED,ACQUIRED,"Cross-check row. 30 art. 7.1/7.2 trigger disclosures were located in 2017-2020 (26 market transfers, 4 delistings). 29 of the 30 pair with an Endeks Sirketlerinde Degisiklik disclosure published within 45 days that shares a share code. The single exception is EMNIS on 26.09.2018 (disclosure 709508), recorded separately as AMBIGUOUS."
KT-167,KAP / Borsa Istanbul A.S.,669960,Pazar Degisikligi,BORSA ISTANBUL A.S. (issuer of the announcement),DGATE,2018,2018-01-01,2018-12-31,22-03-2018,18:12:00,NA,NON_TRIGGER_REVIEWED,NA,7.1 / 7.2,WATCHLIST_TRANSFER,"TRIGGER FACT ONLY - the index consequence, if any, is published separately as an Endeks Sirketlerinde Degisiklik disclosure",NA,NA,NA,NA,https://www.kap.org.tr/tr/Bildirim/669960,2026-08-24T11:20:00Z,kap_query_other_topics.json,90d1293fd8cdad1e2f11a83510a22c8a17170b8571146567109124fae5e52a6d,163349,PRIVATE_LOCAL_RAW,PRIVATE_LOCAL_RAW:bist-membership/kap-triggers/kap_query_other_topics.json,NO_TRIGGER_EVENT_EVIDENCED,ACQUIRED,"Cross-check row. 30 art. 7.1/7.2 trigger disclosures were located in 2017-2020 (26 market transfers, 4 delistings). 29 of the 30 pair with an Endeks Sirketlerinde Degisiklik disclosure published within 45 days that shares a share code. The single exception is EMNIS on 26.09.2018 (disclosure 709508), recorded separately as AMBIGUOUS."
KT-168,KAP / Borsa Istanbul A.S.,677669,Pazar Degisikligi,BORSA ISTANBUL A.S. (issuer of the announcement),ISDMR,2018,2018-01-01,2018-12-31,17-04-2018,19:43:48,NA,NON_TRIGGER_REVIEWED,NA,7.1 / 7.2,WATCHLIST_TRANSFER,"TRIGGER FACT ONLY - the index consequence, if any, is published separately as an Endeks Sirketlerinde Degisiklik disclosure",NA,NA,NA,NA,https://www.kap.org.tr/tr/Bildirim/677669,2026-08-24T11:20:00Z,kap_query_other_topics.json,90d1293fd8cdad1e2f11a83510a22c8a17170b8571146567109124fae5e52a6d,163349,PRIVATE_LOCAL_RAW,PRIVATE_LOCAL_RAW:bist-membership/kap-triggers/kap_query_other_topics.json,NO_TRIGGER_EVENT_EVIDENCED,ACQUIRED,"Cross-check row. 30 art. 7.1/7.2 trigger disclosures were located in 2017-2020 (26 market transfers, 4 delistings). 29 of the 30 pair with an Endeks Sirketlerinde Degisiklik disclosure published within 45 days that shares a share code. The single exception is EMNIS on 26.09.2018 (disclosure 709508), recorded separately as AMBIGUOUS."
KT-169,KAP / Borsa Istanbul A.S.,677625,Pazar Degisikligi,BORSA ISTANBUL A.S. (issuer of the announcement),SEKUR,2018,2018-01-01,2018-12-31,17-04-2018,18:10:39,NA,NON_TRIGGER_REVIEWED,NA,7.1 / 7.2,WATCHLIST_TRANSFER,"TRIGGER FACT ONLY - the index consequence, if any, is published separately as an Endeks Sirketlerinde Degisiklik disclosure",NA,NA,NA,NA,https://www.kap.org.tr/tr/Bildirim/677625,2026-08-24T11:20:00Z,kap_query_other_topics.json,90d1293fd8cdad1e2f11a83510a22c8a17170b8571146567109124fae5e52a6d,163349,PRIVATE_LOCAL_RAW,PRIVATE_LOCAL_RAW:bist-membership/kap-triggers/kap_query_other_topics.json,NO_TRIGGER_EVENT_EVIDENCED,ACQUIRED,"Cross-check row. 30 art. 7.1/7.2 trigger disclosures were located in 2017-2020 (26 market transfers, 4 delistings). 29 of the 30 pair with an Endeks Sirketlerinde Degisiklik disclosure published within 45 days that shares a share code. The single exception is EMNIS on 26.09.2018 (disclosure 709508), recorded separately as AMBIGUOUS."
KT-170,KAP / Borsa Istanbul A.S.,689525,Pazar Degisikligi,BORSA ISTANBUL A.S. (issuer of the announcement),GEREL,2018,2018-01-01,2018-12-31,19-06-2018,18:10:14,NA,NON_TRIGGER_REVIEWED,NA,7.1 / 7.2,WATCHLIST_TRANSFER,"TRIGGER FACT ONLY - the index consequence, if any, is published separately as an Endeks Sirketlerinde Degisiklik disclosure",NA,NA,NA,NA,https://www.kap.org.tr/tr/Bildirim/689525,2026-08-24T11:20:00Z,kap_query_other_topics.json,90d1293fd8cdad1e2f11a83510a22c8a17170b8571146567109124fae5e52a6d,163349,PRIVATE_LOCAL_RAW,PRIVATE_LOCAL_RAW:bist-membership/kap-triggers/kap_query_other_topics.json,NO_TRIGGER_EVENT_EVIDENCED,ACQUIRED,"Cross-check row. 30 art. 7.1/7.2 trigger disclosures were located in 2017-2020 (26 market transfers, 4 delistings). 29 of the 30 pair with an Endeks Sirketlerinde Degisiklik disclosure published within 45 days that shares a share code. The single exception is EMNIS on 26.09.2018 (disclosure 709508), recorded separately as AMBIGUOUS."
KT-171,KAP / Borsa Istanbul A.S.,691788,Pazar Degisikligi,BORSA ISTANBUL A.S. (issuer of the announcement),"ALCTL, BSOKE, EGSER, ITTFH, KAREL, KERVT, LKMNH, MNDRS, TEKTU, TSPOR",2018,2018-01-01,2018-12-31,03-07-2018,18:06:35,NA,NON_TRIGGER_REVIEWED,NA,7.1 / 7.2,WATCHLIST_TRANSFER,"TRIGGER FACT ONLY - the index consequence, if any, is published separately as an Endeks Sirketlerinde Degisiklik disclosure",NA,NA,NA,NA,https://www.kap.org.tr/tr/Bildirim/691788,2026-08-24T11:20:00Z,kap_query_other_topics.json,90d1293fd8cdad1e2f11a83510a22c8a17170b8571146567109124fae5e52a6d,163349,PRIVATE_LOCAL_RAW,PRIVATE_LOCAL_RAW:bist-membership/kap-triggers/kap_query_other_topics.json,NO_TRIGGER_EVENT_EVIDENCED,ACQUIRED,"Cross-check row. 30 art. 7.1/7.2 trigger disclosures were located in 2017-2020 (26 market transfers, 4 delistings). 29 of the 30 pair with an Endeks Sirketlerinde Degisiklik disclosure published within 45 days that shares a share code. The single exception is EMNIS on 26.09.2018 (disclosure 709508), recorded separately as AMBIGUOUS."
KT-172,KAP / Borsa Istanbul A.S.,708652,Pazar Degisikligi,BORSA ISTANBUL A.S. (issuer of the announcement),GENTS,2018,2018-01-01,2018-12-31,19-09-2018,18:02:16,NA,NON_TRIGGER_REVIEWED,NA,7.1 / 7.2,WATCHLIST_TRANSFER,"TRIGGER FACT ONLY - the index consequence, if any, is published separately as an Endeks Sirketlerinde Degisiklik disclosure",NA,NA,NA,NA,https://www.kap.org.tr/tr/Bildirim/708652,2026-08-24T11:20:00Z,kap_query_other_topics.json,90d1293fd8cdad1e2f11a83510a22c8a17170b8571146567109124fae5e52a6d,163349,PRIVATE_LOCAL_RAW,PRIVATE_LOCAL_RAW:bist-membership/kap-triggers/kap_query_other_topics.json,NO_TRIGGER_EVENT_EVIDENCED,ACQUIRED,"Cross-check row. 30 art. 7.1/7.2 trigger disclosures were located in 2017-2020 (26 market transfers, 4 delistings). 29 of the 30 pair with an Endeks Sirketlerinde Degisiklik disclosure published within 45 days that shares a share code. The single exception is EMNIS on 26.09.2018 (disclosure 709508), recorded separately as AMBIGUOUS."
KT-173,KAP / Borsa Istanbul A.S.,709508,Pazar Degisikligi,BORSA ISTANBUL A.S. (issuer of the announcement),EMNIS,2018,2018-01-01,2018-12-31,26-09-2018,17:44:47,NA,NON_TRIGGER_REVIEWED,NA,7.1 / 7.2,WATCHLIST_TRANSFER,"TRIGGER FACT ONLY - the index consequence, if any, is published separately as an Endeks Sirketlerinde Degisiklik disclosure",NA,NA,NA,NA,https://www.kap.org.tr/tr/Bildirim/709508,2026-08-24T11:20:00Z,kap_query_other_topics.json,90d1293fd8cdad1e2f11a83510a22c8a17170b8571146567109124fae5e52a6d,163349,PRIVATE_LOCAL_RAW,PRIVATE_LOCAL_RAW:bist-membership/kap-triggers/kap_query_other_topics.json,NO_TRIGGER_EVENT_EVIDENCED,ACQUIRED,"Cross-check row. 30 art. 7.1/7.2 trigger disclosures were located in 2017-2020 (26 market transfers, 4 delistings). 29 of the 30 pair with an Endeks Sirketlerinde Degisiklik disclosure published within 45 days that shares a share code. The single exception is EMNIS on 26.09.2018 (disclosure 709508), recorded separately as AMBIGUOUS."
KT-174,KAP / Borsa Istanbul A.S.,735580,Pazar Degisikligi,BORSA ISTANBUL A.S. (issuer of the announcement),"ADEL, ADESE, ADNAC, ASUZU, AYEN, CRFSA, DGATE, KAREL, KATMR, KRONT, LKMNH, MNDRS, PETUN",2019,2019-01-01,2019-12-31,29-01-2019,18:06:27,NA,NON_TRIGGER_REVIEWED,NA,7.1 / 7.2,WATCHLIST_TRANSFER,"TRIGGER FACT ONLY - the index consequence, if any, is published separately as an Endeks Sirketlerinde Degisiklik disclosure",NA,NA,NA,NA,https://www.kap.org.tr/tr/Bildirim/735580,2026-08-24T11:20:00Z,kap_query_other_topics.json,90d1293fd8cdad1e2f11a83510a22c8a17170b8571146567109124fae5e52a6d,163349,PRIVATE_LOCAL_RAW,PRIVATE_LOCAL_RAW:bist-membership/kap-triggers/kap_query_other_topics.json,NO_TRIGGER_EVENT_EVIDENCED,ACQUIRED,"Cross-check row. 30 art. 7.1/7.2 trigger disclosures were located in 2017-2020 (26 market transfers, 4 delistings). 29 of the 30 pair with an Endeks Sirketlerinde Degisiklik disclosure published within 45 days that shares a share code. The single exception is EMNIS on 26.09.2018 (disclosure 709508), recorded separately as AMBIGUOUS."
KT-175,KAP / Borsa Istanbul A.S.,748867,Pazar Degisikligi,BORSA ISTANBUL A.S. (issuer of the announcement),TSPOR,2019,2019-01-01,2019-12-31,20-03-2019,18:01:45,NA,NON_TRIGGER_REVIEWED,NA,7.1 / 7.2,WATCHLIST_TRANSFER,"TRIGGER FACT ONLY - the index consequence, if any, is published separately as an Endeks Sirketlerinde Degisiklik disclosure",NA,NA,NA,NA,https://www.kap.org.tr/tr/Bildirim/748867,2026-08-24T11:20:00Z,kap_query_other_topics.json,90d1293fd8cdad1e2f11a83510a22c8a17170b8571146567109124fae5e52a6d,163349,PRIVATE_LOCAL_RAW,PRIVATE_LOCAL_RAW:bist-membership/kap-triggers/kap_query_other_topics.json,NO_TRIGGER_EVENT_EVIDENCED,ACQUIRED,"Cross-check row. 30 art. 7.1/7.2 trigger disclosures were located in 2017-2020 (26 market transfers, 4 delistings). 29 of the 30 pair with an Endeks Sirketlerinde Degisiklik disclosure published within 45 days that shares a share code. The single exception is EMNIS on 26.09.2018 (disclosure 709508), recorded separately as AMBIGUOUS."
KT-176,KAP / Borsa Istanbul A.S.,749514,Pazar Degisikligi,BORSA ISTANBUL A.S. (issuer of the announcement),RALYH,2019,2019-01-01,2019-12-31,25-03-2019,09:20:53,NA,NON_TRIGGER_REVIEWED,NA,7.1 / 7.2,WATCHLIST_TRANSFER,"TRIGGER FACT ONLY - the index consequence, if any, is published separately as an Endeks Sirketlerinde Degisiklik disclosure",NA,NA,NA,NA,https://www.kap.org.tr/tr/Bildirim/749514,2026-08-24T11:20:00Z,kap_query_other_topics.json,90d1293fd8cdad1e2f11a83510a22c8a17170b8571146567109124fae5e52a6d,163349,PRIVATE_LOCAL_RAW,PRIVATE_LOCAL_RAW:bist-membership/kap-triggers/kap_query_other_topics.json,NO_TRIGGER_EVENT_EVIDENCED,ACQUIRED,"Cross-check row. 30 art. 7.1/7.2 trigger disclosures were located in 2017-2020 (26 market transfers, 4 delistings). 29 of the 30 pair with an Endeks Sirketlerinde Degisiklik disclosure published within 45 days that shares a share code. The single exception is EMNIS on 26.09.2018 (disclosure 709508), recorded separately as AMBIGUOUS."
KT-177,KAP / Borsa Istanbul A.S.,817591,Pazar Degisikligi,BORSA ISTANBUL A.S. (issuer of the announcement),TACTR,2020,2020-01-01,2020-12-31,07-02-2020,14:35:28,NA,NON_TRIGGER_REVIEWED,NA,7.1 / 7.2,WATCHLIST_TRANSFER,"TRIGGER FACT ONLY - the index consequence, if any, is published separately as an Endeks Sirketlerinde Degisiklik disclosure",NA,NA,NA,NA,https://www.kap.org.tr/tr/Bildirim/817591,2026-08-24T11:20:00Z,kap_query_other_topics.json,90d1293fd8cdad1e2f11a83510a22c8a17170b8571146567109124fae5e52a6d,163349,PRIVATE_LOCAL_RAW,PRIVATE_LOCAL_RAW:bist-membership/kap-triggers/kap_query_other_topics.json,NO_TRIGGER_EVENT_EVIDENCED,ACQUIRED,"Cross-check row. 30 art. 7.1/7.2 trigger disclosures were located in 2017-2020 (26 market transfers, 4 delistings). 29 of the 30 pair with an Endeks Sirketlerinde Degisiklik disclosure published within 45 days that shares a share code. The single exception is EMNIS on 26.09.2018 (disclosure 709508), recorded separately as AMBIGUOUS."
KT-178,KAP / Borsa Istanbul A.S.,843129,Pazar Degisikligi,BORSA ISTANBUL A.S. (issuer of the announcement),SEYKM,2020,2020-01-01,2020-12-31,06-05-2020,18:25:48,NA,NON_TRIGGER_REVIEWED,NA,7.1 / 7.2,WATCHLIST_TRANSFER,"TRIGGER FACT ONLY - the index consequence, if any, is published separately as an Endeks Sirketlerinde Degisiklik disclosure",NA,NA,NA,NA,https://www.kap.org.tr/tr/Bildirim/843129,2026-08-24T11:20:00Z,kap_query_other_topics.json,90d1293fd8cdad1e2f11a83510a22c8a17170b8571146567109124fae5e52a6d,163349,PRIVATE_LOCAL_RAW,PRIVATE_LOCAL_RAW:bist-membership/kap-triggers/kap_query_other_topics.json,NO_TRIGGER_EVENT_EVIDENCED,ACQUIRED,"Cross-check row. 30 art. 7.1/7.2 trigger disclosures were located in 2017-2020 (26 market transfers, 4 delistings). 29 of the 30 pair with an Endeks Sirketlerinde Degisiklik disclosure published within 45 days that shares a share code. The single exception is EMNIS on 26.09.2018 (disclosure 709508), recorded separately as AMBIGUOUS."
KT-179,KAP / Borsa Istanbul A.S.,851430,Pazar Degisikligi,BORSA ISTANBUL A.S. (issuer of the announcement),SAFKR,2020,2020-01-01,2020-12-31,16-06-2020,18:13:22,NA,NON_TRIGGER_REVIEWED,NA,7.1 / 7.2,WATCHLIST_TRANSFER,"TRIGGER FACT ONLY - the index consequence, if any, is published separately as an Endeks Sirketlerinde Degisiklik disclosure",NA,NA,NA,NA,https://www.kap.org.tr/tr/Bildirim/851430,2026-08-24T11:20:00Z,kap_query_other_topics.json,90d1293fd8cdad1e2f11a83510a22c8a17170b8571146567109124fae5e52a6d,163349,PRIVATE_LOCAL_RAW,PRIVATE_LOCAL_RAW:bist-membership/kap-triggers/kap_query_other_topics.json,NO_TRIGGER_EVENT_EVIDENCED,ACQUIRED,"Cross-check row. 30 art. 7.1/7.2 trigger disclosures were located in 2017-2020 (26 market transfers, 4 delistings). 29 of the 30 pair with an Endeks Sirketlerinde Degisiklik disclosure published within 45 days that shares a share code. The single exception is EMNIS on 26.09.2018 (disclosure 709508), recorded separately as AMBIGUOUS."
KT-180,KAP / Borsa Istanbul A.S.,851677,Pazar Degisikligi,BORSA ISTANBUL A.S. (issuer of the announcement),DENGE,2020,2020-01-01,2020-12-31,17-06-2020,18:27:57,NA,NON_TRIGGER_REVIEWED,NA,7.1 / 7.2,WATCHLIST_TRANSFER,"TRIGGER FACT ONLY - the index consequence, if any, is published separately as an Endeks Sirketlerinde Degisiklik disclosure",NA,NA,NA,NA,https://www.kap.org.tr/tr/Bildirim/851677,2026-08-24T11:20:00Z,kap_query_other_topics.json,90d1293fd8cdad1e2f11a83510a22c8a17170b8571146567109124fae5e52a6d,163349,PRIVATE_LOCAL_RAW,PRIVATE_LOCAL_RAW:bist-membership/kap-triggers/kap_query_other_topics.json,NO_TRIGGER_EVENT_EVIDENCED,ACQUIRED,"Cross-check row. 30 art. 7.1/7.2 trigger disclosures were located in 2017-2020 (26 market transfers, 4 delistings). 29 of the 30 pair with an Endeks Sirketlerinde Degisiklik disclosure published within 45 days that shares a share code. The single exception is EMNIS on 26.09.2018 (disclosure 709508), recorded separately as AMBIGUOUS."
KT-181,KAP / Borsa Istanbul A.S.,853643,Pazar Degisikligi,BORSA ISTANBUL A.S. (issuer of the announcement),SNKRN,2020,2020-01-01,2020-12-31,01-07-2020,09:02:43,NA,NON_TRIGGER_REVIEWED,NA,7.1 / 7.2,WATCHLIST_TRANSFER,"TRIGGER FACT ONLY - the index consequence, if any, is published separately as an Endeks Sirketlerinde Degisiklik disclosure",NA,NA,NA,NA,https://www.kap.org.tr/tr/Bildirim/853643,2026-08-24T11:20:00Z,kap_query_other_topics.json,90d1293fd8cdad1e2f11a83510a22c8a17170b8571146567109124fae5e52a6d,163349,PRIVATE_LOCAL_RAW,PRIVATE_LOCAL_RAW:bist-membership/kap-triggers/kap_query_other_topics.json,NO_TRIGGER_EVENT_EVIDENCED,ACQUIRED,"Cross-check row. 30 art. 7.1/7.2 trigger disclosures were located in 2017-2020 (26 market transfers, 4 delistings). 29 of the 30 pair with an Endeks Sirketlerinde Degisiklik disclosure published within 45 days that shares a share code. The single exception is EMNIS on 26.09.2018 (disclosure 709508), recorded separately as AMBIGUOUS."
KT-182,KAP / Borsa Istanbul A.S.,890184,Pazar Degisikligi,BORSA ISTANBUL A.S. (issuer of the announcement),FRIGO,2020,2020-01-01,2020-12-31,26-11-2020,18:36:36,NA,NON_TRIGGER_REVIEWED,NA,7.1 / 7.2,WATCHLIST_TRANSFER,"TRIGGER FACT ONLY - the index consequence, if any, is published separately as an Endeks Sirketlerinde Degisiklik disclosure",NA,NA,NA,NA,https://www.kap.org.tr/tr/Bildirim/890184,2026-08-24T11:20:00Z,kap_query_other_topics.json,90d1293fd8cdad1e2f11a83510a22c8a17170b8571146567109124fae5e52a6d,163349,PRIVATE_LOCAL_RAW,PRIVATE_LOCAL_RAW:bist-membership/kap-triggers/kap_query_other_topics.json,NO_TRIGGER_EVENT_EVIDENCED,ACQUIRED,"Cross-check row. 30 art. 7.1/7.2 trigger disclosures were located in 2017-2020 (26 market transfers, 4 delistings). 29 of the 30 pair with an Endeks Sirketlerinde Degisiklik disclosure published within 45 days that shares a share code. The single exception is EMNIS on 26.09.2018 (disclosure 709508), recorded separately as AMBIGUOUS."
KT-183,KAP / Borsa Istanbul A.S.,895513,Pazar Degisikligi,BORSA ISTANBUL A.S. (issuer of the announcement),BRMEN,2020,2020-01-01,2020-12-31,29-12-2020,19:13:02,NA,NON_TRIGGER_REVIEWED,NA,7.1 / 7.2,WATCHLIST_TRANSFER,"TRIGGER FACT ONLY - the index consequence, if any, is published separately as an Endeks Sirketlerinde Degisiklik disclosure",NA,NA,NA,NA,https://www.kap.org.tr/tr/Bildirim/895513,2026-08-24T11:20:00Z,kap_query_other_topics.json,90d1293fd8cdad1e2f11a83510a22c8a17170b8571146567109124fae5e52a6d,163349,PRIVATE_LOCAL_RAW,PRIVATE_LOCAL_RAW:bist-membership/kap-triggers/kap_query_other_topics.json,NO_TRIGGER_EVENT_EVIDENCED,ACQUIRED,"Cross-check row. 30 art. 7.1/7.2 trigger disclosures were located in 2017-2020 (26 market transfers, 4 delistings). 29 of the 30 pair with an Endeks Sirketlerinde Degisiklik disclosure published within 45 days that shares a share code. The single exception is EMNIS on 26.09.2018 (disclosure 709508), recorded separately as AMBIGUOUS."
KT-184,KAP / Borsa Istanbul A.S.,632313,Kottan Cikarma/Islem Gormekten Men Etme,BORSA ISTANBUL A.S. (issuer of the announcement),"IEYHO, USAS",2017,2017-01-01,2017-12-31,04-10-2017,13:42:55,NA,NON_TRIGGER_REVIEWED,NA,7.1,DELISTING,"TRIGGER FACT ONLY - the index consequence, if any, is published separately as an Endeks Sirketlerinde Degisiklik disclosure",NA,NA,NA,NA,https://www.kap.org.tr/tr/Bildirim/632313,2026-08-24T11:20:00Z,kap_query_other_topics.json,90d1293fd8cdad1e2f11a83510a22c8a17170b8571146567109124fae5e52a6d,163349,PRIVATE_LOCAL_RAW,PRIVATE_LOCAL_RAW:bist-membership/kap-triggers/kap_query_other_topics.json,NO_TRIGGER_EVENT_EVIDENCED,ACQUIRED,"Cross-check row. 30 art. 7.1/7.2 trigger disclosures were located in 2017-2020 (26 market transfers, 4 delistings). 29 of the 30 pair with an Endeks Sirketlerinde Degisiklik disclosure published within 45 days that shares a share code. The single exception is EMNIS on 26.09.2018 (disclosure 709508), recorded separately as AMBIGUOUS."
KT-185,KAP / Borsa Istanbul A.S.,635948,Kottan Cikarma/Islem Gormekten Men Etme,BORSA ISTANBUL A.S. (issuer of the announcement),"NTHOL, NTTUR",2017,2017-01-01,2017-12-31,19-10-2017,14:24:39,NA,NON_TRIGGER_REVIEWED,NA,7.1,DELISTING,"TRIGGER FACT ONLY - the index consequence, if any, is published separately as an Endeks Sirketlerinde Degisiklik disclosure",NA,NA,NA,NA,https://www.kap.org.tr/tr/Bildirim/635948,2026-08-24T11:20:00Z,kap_query_other_topics.json,90d1293fd8cdad1e2f11a83510a22c8a17170b8571146567109124fae5e52a6d,163349,PRIVATE_LOCAL_RAW,PRIVATE_LOCAL_RAW:bist-membership/kap-triggers/kap_query_other_topics.json,NO_TRIGGER_EVENT_EVIDENCED,ACQUIRED,"Cross-check row. 30 art. 7.1/7.2 trigger disclosures were located in 2017-2020 (26 market transfers, 4 delistings). 29 of the 30 pair with an Endeks Sirketlerinde Degisiklik disclosure published within 45 days that shares a share code. The single exception is EMNIS on 26.09.2018 (disclosure 709508), recorded separately as AMBIGUOUS."
KT-186,KAP / Borsa Istanbul A.S.,647647,Kottan Cikarma/Islem Gormekten Men Etme,BORSA ISTANBUL A.S. (issuer of the announcement),"EGPRO, PIMAS",2017,2017-01-01,2017-12-31,28-12-2017,18:10:12,NA,NON_TRIGGER_REVIEWED,NA,7.1,DELISTING,"TRIGGER FACT ONLY - the index consequence, if any, is published separately as an Endeks Sirketlerinde Degisiklik disclosure",NA,NA,NA,NA,https://www.kap.org.tr/tr/Bildirim/647647,2026-08-24T11:20:00Z,kap_query_other_topics.json,90d1293fd8cdad1e2f11a83510a22c8a17170b8571146567109124fae5e52a6d,163349,PRIVATE_LOCAL_RAW,PRIVATE_LOCAL_RAW:bist-membership/kap-triggers/kap_query_other_topics.json,NO_TRIGGER_EVENT_EVIDENCED,ACQUIRED,"Cross-check row. 30 art. 7.1/7.2 trigger disclosures were located in 2017-2020 (26 market transfers, 4 delistings). 29 of the 30 pair with an Endeks Sirketlerinde Degisiklik disclosure published within 45 days that shares a share code. The single exception is EMNIS on 26.09.2018 (disclosure 709508), recorded separately as AMBIGUOUS."
KT-187,KAP / Borsa Istanbul A.S.,705806,Kottan Cikarma/Islem Gormekten Men Etme,BORSA ISTANBUL A.S. (issuer of the announcement),"KIPA, MGROS",2018,2018-01-01,2018-12-31,31-08-2018,16:54:32,NA,NON_TRIGGER_REVIEWED,NA,7.1,DELISTING,"TRIGGER FACT ONLY - the index consequence, if any, is published separately as an Endeks Sirketlerinde Degisiklik disclosure",NA,NA,NA,NA,https://www.kap.org.tr/tr/Bildirim/705806,2026-08-24T11:20:00Z,kap_query_other_topics.json,90d1293fd8cdad1e2f11a83510a22c8a17170b8571146567109124fae5e52a6d,163349,PRIVATE_LOCAL_RAW,PRIVATE_LOCAL_RAW:bist-membership/kap-triggers/kap_query_other_topics.json,NO_TRIGGER_EVENT_EVIDENCED,ACQUIRED,"Cross-check row. 30 art. 7.1/7.2 trigger disclosures were located in 2017-2020 (26 market transfers, 4 delistings). 29 of the 30 pair with an Endeks Sirketlerinde Degisiklik disclosure published within 45 days that shares a share code. The single exception is EMNIS on 26.09.2018 (disclosure 709508), recorded separately as AMBIGUOUS."
KT-188,KAP,709508,Pazar Degisikligi - EMNIS,EMINIS AMBALAJ,EMNIS,2018,2018-01-01,2018-12-31,2018-09-26,17:44:47,NA,NON_TRIGGER_REVIEWED,NA,7.1 / 7.2,WATCHLIST_TRANSFER,UNKNOWN - no paired index-change disclosure found within 45 days,NA,NA,NA,NA,https://www.kap.org.tr/tr/Bildirim/709508,2026-08-24T11:20:00Z,kap_query_other_topics.json,90d1293fd8cdad1e2f11a83510a22c8a17170b8571146567109124fae5e52a6d,163349,PRIVATE_LOCAL_RAW,PRIVATE_LOCAL_RAW:bist-membership/kap-triggers/kap_query_other_topics.json,AMBIGUOUS,ACQUIRED,"The one art. 7.1/7.2 trigger disclosure in 2017-2020 with no paired index-change disclosure. EMNIS is not in the BIST 100 membership-derived search universe for any candidate year, so this does not bear on XU100; it is recorded because converting an unexplained gap into a negative is exactly what the negative-evidence standard forbids."
KT-189,KAP / Borsa Istanbul,NA,EVIDENCED COVERAGE DEFECT - the 2017Q2 periodic review is absent from KAP,NA,NA,2017,2017-03-17,2017-03-25,2017-03-20,NA,NA,NON_TRIGGER_REVIEWED,NA,NA,ARCHIVE_COMPLETENESS,NA,NA,NA,NA,NA,https://www.kap.org.tr/tr/bildirim-sorgu,2026-08-24T11:20:00Z,NA,NA,NA,NA,NA,SEARCH_INCOMPLETE,ACQUIRED,"The 2017Q2 BIST 30/50/100 periodic review announced by Borsa Istanbul on 2017-03-20 (node 11492, already archived by FI-DATA-EXPAND-04B-EVENT-01) is NOT on KAP. Queried subject BIST Pay Endeksleri for 2017 (6 rows: 20.01, 18.05, 20.06, 19.09, 27.10, 18.12) and subject Endeks Sirketlerinde Degisiklik for 2017 (23 rows) - neither carries it; a further unfiltered query of the whole DUY class for 2017-03-17..2017-03-25 returned 170 rows, none of which is the review. The other three 2017 quarterly reviews and all twelve 2018-2020 quarterly reviews ARE on KAP. This is a demonstrated omission in KAP index-announcement coverage inside the candidate window, and it is the reason no year is classified TRIGGER_STREAM_COMPLETE or TRIGGER_STREAM_COMPLETE_WITH_ZERO_EVENTS."
KT-190,KAP,NA,NO FIRST-PARTY STATEMENT OF ARCHIVE COMPLETENESS OR RETENTION WAS FOUND,NA,NA,NA,NA,NA,NA,NA,NA,NON_TRIGGER_REVIEWED,NA,NA,ARCHIVE_COMPLETENESS,NA,NA,NA,NA,NA,https://www.kap.org.tr/tr/bildirim-sorgu,2026-08-24T11:20:00Z,NA,NA,NA,NA,NA,SEARCH_INCOMPLETE,ACQUIRED,"Observed historical reach: the Endeks Sirketlerinde Degisiklik subject returns 0 rows for every year 2009-2015 and 11 rows for 2016, so the subject itself begins in 2016 and the topic filter cannot reach earlier years. No published statement was located on whether KAP retains every disclosure or applies a retention policy. Completeness of the 2017-2020 stream is therefore NOT established by the source, and is not assumed here in either direction."
KT-191,Borsa Istanbul,NA,CORRECTION OF A PRIOR FINDING - FI-DATA-EXPAND-04B-EVENT-01 s.2.3 and s.5,NA,NA,2017-2020,NA,NA,NA,NA,NA,NON_TRIGGER_REVIEWED,NA,NA,PRIOR_FINDING_CORRECTED,NA,NA,NA,NA,NA,https://www.kap.org.tr/tr/Bildirim/583576,2026-08-24T11:20:00Z,NA,NA,NA,NA,NA,TRIGGER_EVENT_FOUND,ACQUIRED,"The prior audit recorded that KAP ""is NOT a source of index-composition announcements for the candidate window"" and that ""No 2017-2020 Borsa index-composition disclosure was found, claimed or inferred"". That finding is corrected by first-party evidence: KAP carries 107 Borsa Istanbul Endeks Sirketlerinde Degisiklik disclosures for 2017-2020 (23/27/26/31), the earliest inspected being disclosure 581584 of 18.01.2017. The prior negative was correct about the borsaistanbul.com/endeksler/endeks-duyurulari archive, whose intra-period category is genuinely empty before 2021-12-07; it was wrong to extend that negative to KAP. The prior report and manifest are NOT edited by this task."
