split,year,model,ticker,y_true,y_pred
test_fy2022,2023,baseline_equal_weight,AEFES,225.0860659,0.55783790131
test_fy2022,2023,baseline_equal_weight,AGESA,319.1542369,0.318576890945
test_fy2022,2023,baseline_equal_weight,AGHOL,269.7090362,0.680818998253
test_fy2022,2023,baseline_equal_weight,AKBNK,307.0991145,0.741307668939
test_fy2022,2023,baseline_equal_weight,AKENR,283.6683514,0.395586504139
test_fy2022,2023,baseline_equal_weight,AKSA,81.18308589,0.468831485279
test_fy2022,2023,baseline_equal_weight,AKSEN,70.59597663,0.495313014227
test_fy2022,2023,baseline_equal_weight,ALARK,85.1770324,0.51779522918
test_fy2022,2023,baseline_equal_weight,ALBRK,112.4113449,0.415501895765
test_fy2022,2023,baseline_equal_weight,ANHYT,521.4882002,0.37089810774
test_fy2022,2023,baseline_equal_weight,ARCLK,57.3761444,0.629542953664
test_fy2022,2023,baseline_equal_weight,ASELS,130.2093786,0.677058140552
test_fy2022,2023,baseline_equal_weight,ASTOR,102.72987,0.481354069512
test_fy2022,2023,baseline_equal_weight,BERA,51.99692514,0.349145261045
test_fy2022,2023,baseline_equal_weight,BIMAS,229.989317,0.619326066684
test_fy2022,2023,baseline_equal_weight,BRSAN,397.230599,0.547987231829
test_fy2022,2023,baseline_equal_weight,BTCIM,297.3686377,0.306349682273
test_fy2022,2023,baseline_equal_weight,CANTE,-5.082049661,0.374749032233
test_fy2022,2023,baseline_equal_weight,CCOLA,274.7504809,0.570176908096
test_fy2022,2023,baseline_equal_weight,CEMTS,14.18616434,0.320672811806
test_fy2022,2023,baseline_equal_weight,CIMSA,152.3020608,0.504052186631
test_fy2022,2023,baseline_equal_weight,DEVA,146.8897332,0.291496576036
test_fy2022,2023,baseline_equal_weight,DOAS,213.2872204,0.532795205743
test_fy2022,2023,baseline_equal_weight,DOHOL,55.52582761,0.453517395129
test_fy2022,2023,baseline_equal_weight,EGEEN,197.9579414,0.376403376689
test_fy2022,2023,baseline_equal_weight,EKGYO,46.87647698,0.498666964127
test_fy2022,2023,baseline_equal_weight,ENJSA,140.0052425,0.548042631102
test_fy2022,2023,baseline_equal_weight,ENKAI,45.10884922,0.610463248621
test_fy2022,2023,baseline_equal_weight,EREGL,37.47085776,0.651873535978
test_fy2022,2023,baseline_equal_weight,FROTO,100.6528741,0.701532550638
test_fy2022,2023,baseline_equal_weight,GARAN,331.1387135,0.714313464313
test_fy2022,2023,baseline_equal_weight,GUBRF,-25.34313576,0.506206264768
test_fy2022,2023,baseline_equal_weight,HALKB,55.55554808,0.578488032435
test_fy2022,2023,baseline_equal_weight,HEKTS,-45.56301064,0.446588544138
test_fy2022,2023,baseline_equal_weight,ISCTR,238.9969179,0.785403714915
test_fy2022,2023,baseline_equal_weight,ISGYO,84.68368166,0.408122579175
test_fy2022,2023,baseline_equal_weight,KCHOL,217.1301709,0.712706640338
test_fy2022,2023,baseline_equal_weight,KONTR,48.67937085,0.48802544915
test_fy2022,2023,baseline_equal_weight,KRDMD,57.41164144,0.409837024986
test_fy2022,2023,baseline_equal_weight,KRVGD,66.59184123,0.21220309296
test_fy2022,2023,baseline_equal_weight,KUYAS,93.16374709,0.477793503669
test_fy2022,2023,baseline_equal_weight,LOGO,44.05021092,0.318597052579
test_fy2022,2023,baseline_equal_weight,MAVI,289.0857385,0.451584227397
test_fy2022,2023,baseline_equal_weight,MGROS,191.8577763,0.568078875883
test_fy2022,2023,baseline_equal_weight,MIATK,557.1196908,0.381741538817
test_fy2022,2023,baseline_equal_weight,MPARK,304.5658498,0.470564188492
test_fy2022,2023,baseline_equal_weight,NETAS,153.9464707,0.141629721399
test_fy2022,2023,baseline_equal_weight,NTGAZ,13.56246361,0.393768313027
test_fy2022,2023,baseline_equal_weight,ODAS,42.62294992,0.476645765297
test_fy2022,2023,baseline_equal_weight,OTKAR,227.8330515,0.431458618136
test_fy2022,2023,baseline_equal_weight,OYAKC,88.35405221,0.519909621027
test_fy2022,2023,baseline_equal_weight,PETKM,40.94051941,0.509415562406
test_fy2022,2023,baseline_equal_weight,PGSUS,116.0134974,0.663475966269
test_fy2022,2023,baseline_equal_weight,PRKME,63.81278775,0.231863420079
test_fy2022,2023,baseline_equal_weight,SAHOL,164.8760542,0.668089950985
test_fy2022,2023,baseline_equal_weight,SASA,-0.9311826577,0.68553282557
test_fy2022,2023,baseline_equal_weight,SELEC,59.28216689,0.432996192722
test_fy2022,2023,baseline_equal_weight,SISE,19.61681749,0.742049263302
test_fy2022,2023,baseline_equal_weight,SKBNK,104.5368848,0.43926541295
test_fy2022,2023,baseline_equal_weight,SMRTG,44.99781051,0.245160142887
test_fy2022,2023,baseline_equal_weight,SOKM,108.1766208,0.480364664575
test_fy2022,2023,baseline_equal_weight,TAVHL,210.9818944,0.589491046433
test_fy2022,2023,baseline_equal_weight,TBORG,166.1764646,0.391795942425
test_fy2022,2023,baseline_equal_weight,TCELL,208.3640626,0.630525655591
test_fy2022,2023,baseline_equal_weight,THYAO,150.6208698,0.651092095976
test_fy2022,2023,baseline_equal_weight,TOASO,76.7333626,0.681399784467
test_fy2022,2023,baseline_equal_weight,TRALT,-0.2298686107,0.601879425371
test_fy2022,2023,baseline_equal_weight,TRMET,38.44865714,0.454991750616
test_fy2022,2023,baseline_equal_weight,TSKB,174.19353,0.512506186383
test_fy2022,2023,baseline_equal_weight,TTKOM,172.738021,0.65077607168
test_fy2022,2023,baseline_equal_weight,TUPRS,156.4391057,0.602766634149
test_fy2022,2023,baseline_equal_weight,TURSG,655.2654075,0.533504526351
test_fy2022,2023,baseline_equal_weight,ULKER,344.6253797,0.480620824932
test_fy2022,2023,baseline_equal_weight,ULUSE,45.86709706,0.11562128174
test_fy2022,2023,baseline_equal_weight,VAKBN,145.726957,0.60371645898
test_fy2022,2023,baseline_equal_weight,VESTL,79.84528428,0.387792002101
test_fy2022,2023,baseline_equal_weight,YKBNK,248.7421349,0.737489014745
test_fy2022,2023,baseline_equal_weight,ZOREN,115.3552816,0.512139724311
test_fy2022,2023,baseline_rank_score,AEFES,225.0860659,0.55783790131
test_fy2022,2023,baseline_rank_score,AGESA,319.1542369,0.318576890945
test_fy2022,2023,baseline_rank_score,AGHOL,269.7090362,0.680818998253
test_fy2022,2023,baseline_rank_score,AKBNK,307.0991145,0.741307668939
test_fy2022,2023,baseline_rank_score,AKENR,283.6683514,0.395586504139
test_fy2022,2023,baseline_rank_score,AKSA,81.18308589,0.468831485279
test_fy2022,2023,baseline_rank_score,AKSEN,70.59597663,0.495313014227
test_fy2022,2023,baseline_rank_score,ALARK,85.1770324,0.51779522918
test_fy2022,2023,baseline_rank_score,ALBRK,112.4113449,0.415501895765
test_fy2022,2023,baseline_rank_score,ANHYT,521.4882002,0.37089810774
test_fy2022,2023,baseline_rank_score,ARCLK,57.3761444,0.629542953664
test_fy2022,2023,baseline_rank_score,ASELS,130.2093786,0.677058140552
test_fy2022,2023,baseline_rank_score,ASTOR,102.72987,0.481354069512
test_fy2022,2023,baseline_rank_score,BERA,51.99692514,0.349145261045
test_fy2022,2023,baseline_rank_score,BIMAS,229.989317,0.619326066684
test_fy2022,2023,baseline_rank_score,BRSAN,397.230599,0.547987231829
test_fy2022,2023,baseline_rank_score,BTCIM,297.3686377,0.306349682273
test_fy2022,2023,baseline_rank_score,CANTE,-5.082049661,0.374749032233
test_fy2022,2023,baseline_rank_score,CCOLA,274.7504809,0.570176908096
test_fy2022,2023,baseline_rank_score,CEMTS,14.18616434,0.320672811806
test_fy2022,2023,baseline_rank_score,CIMSA,152.3020608,0.504052186631
test_fy2022,2023,baseline_rank_score,DEVA,146.8897332,0.291496576036
test_fy2022,2023,baseline_rank_score,DOAS,213.2872204,0.532795205743
test_fy2022,2023,baseline_rank_score,DOHOL,55.52582761,0.453517395129
test_fy2022,2023,baseline_rank_score,EGEEN,197.9579414,0.376403376689
test_fy2022,2023,baseline_rank_score,EKGYO,46.87647698,0.498666964127
test_fy2022,2023,baseline_rank_score,ENJSA,140.0052425,0.548042631102
test_fy2022,2023,baseline_rank_score,ENKAI,45.10884922,0.610463248621
test_fy2022,2023,baseline_rank_score,EREGL,37.47085776,0.651873535978
test_fy2022,2023,baseline_rank_score,FROTO,100.6528741,0.701532550638
test_fy2022,2023,baseline_rank_score,GARAN,331.1387135,0.714313464313
test_fy2022,2023,baseline_rank_score,GUBRF,-25.34313576,0.506206264768
test_fy2022,2023,baseline_rank_score,HALKB,55.55554808,0.578488032435
test_fy2022,2023,baseline_rank_score,HEKTS,-45.56301064,0.446588544138
test_fy2022,2023,baseline_rank_score,ISCTR,238.9969179,0.785403714915
test_fy2022,2023,baseline_rank_score,ISGYO,84.68368166,0.408122579175
test_fy2022,2023,baseline_rank_score,KCHOL,217.1301709,0.712706640338
test_fy2022,2023,baseline_rank_score,KONTR,48.67937085,0.48802544915
test_fy2022,2023,baseline_rank_score,KRDMD,57.41164144,0.409837024986
test_fy2022,2023,baseline_rank_score,KRVGD,66.59184123,0.21220309296
test_fy2022,2023,baseline_rank_score,KUYAS,93.16374709,0.477793503669
test_fy2022,2023,baseline_rank_score,LOGO,44.05021092,0.318597052579
test_fy2022,2023,baseline_rank_score,MAVI,289.0857385,0.451584227397
test_fy2022,2023,baseline_rank_score,MGROS,191.8577763,0.568078875883
test_fy2022,2023,baseline_rank_score,MIATK,557.1196908,0.381741538817
test_fy2022,2023,baseline_rank_score,MPARK,304.5658498,0.470564188492
test_fy2022,2023,baseline_rank_score,NETAS,153.9464707,0.141629721399
test_fy2022,2023,baseline_rank_score,NTGAZ,13.56246361,0.393768313027
test_fy2022,2023,baseline_rank_score,ODAS,42.62294992,0.476645765297
test_fy2022,2023,baseline_rank_score,OTKAR,227.8330515,0.431458618136
test_fy2022,2023,baseline_rank_score,OYAKC,88.35405221,0.519909621027
test_fy2022,2023,baseline_rank_score,PETKM,40.94051941,0.509415562406
test_fy2022,2023,baseline_rank_score,PGSUS,116.0134974,0.663475966269
test_fy2022,2023,baseline_rank_score,PRKME,63.81278775,0.231863420079
test_fy2022,2023,baseline_rank_score,SAHOL,164.8760542,0.668089950985
test_fy2022,2023,baseline_rank_score,SASA,-0.9311826577,0.68553282557
test_fy2022,2023,baseline_rank_score,SELEC,59.28216689,0.432996192722
test_fy2022,2023,baseline_rank_score,SISE,19.61681749,0.742049263302
test_fy2022,2023,baseline_rank_score,SKBNK,104.5368848,0.43926541295
test_fy2022,2023,baseline_rank_score,SMRTG,44.99781051,0.245160142887
test_fy2022,2023,baseline_rank_score,SOKM,108.1766208,0.480364664575
test_fy2022,2023,baseline_rank_score,TAVHL,210.9818944,0.589491046433
test_fy2022,2023,baseline_rank_score,TBORG,166.1764646,0.391795942425
test_fy2022,2023,baseline_rank_score,TCELL,208.3640626,0.630525655591
test_fy2022,2023,baseline_rank_score,THYAO,150.6208698,0.651092095976
test_fy2022,2023,baseline_rank_score,TOASO,76.7333626,0.681399784467
test_fy2022,2023,baseline_rank_score,TRALT,-0.2298686107,0.601879425371
test_fy2022,2023,baseline_rank_score,TRMET,38.44865714,0.454991750616
test_fy2022,2023,baseline_rank_score,TSKB,174.19353,0.512506186383
test_fy2022,2023,baseline_rank_score,TTKOM,172.738021,0.65077607168
test_fy2022,2023,baseline_rank_score,TUPRS,156.4391057,0.602766634149
test_fy2022,2023,baseline_rank_score,TURSG,655.2654075,0.533504526351
test_fy2022,2023,baseline_rank_score,ULKER,344.6253797,0.480620824932
test_fy2022,2023,baseline_rank_score,ULUSE,45.86709706,0.11562128174
test_fy2022,2023,baseline_rank_score,VAKBN,145.726957,0.60371645898
test_fy2022,2023,baseline_rank_score,VESTL,79.84528428,0.387792002101
test_fy2022,2023,baseline_rank_score,YKBNK,248.7421349,0.737489014745
test_fy2022,2023,baseline_rank_score,ZOREN,115.3552816,0.512139724311
test_fy2022,2023,robust_rank_aggregation,AEFES,225.0860659,0.580128205128
test_fy2022,2023,robust_rank_aggregation,AGESA,319.1542369,0.272727272727
test_fy2022,2023,robust_rank_aggregation,AGHOL,269.7090362,0.655701754386
test_fy2022,2023,robust_rank_aggregation,AKBNK,307.0991145,0.753246753247
test_fy2022,2023,robust_rank_aggregation,AKENR,283.6683514,0.38961038961
test_fy2022,2023,robust_rank_aggregation,AKSA,81.18308589,0.525932400932
test_fy2022,2023,robust_rank_aggregation,AKSEN,70.59597663,0.510780885781
test_fy2022,2023,robust_rank_aggregation,ALARK,85.1770324,0.50641025641
test_fy2022,2023,robust_rank_aggregation,ALBRK,112.4113449,0.376623376623
test_fy2022,2023,robust_rank_aggregation,ANHYT,521.4882002,0.376623376623
test_fy2022,2023,robust_rank_aggregation,ARCLK,57.3761444,0.703530844156
test_fy2022,2023,robust_rank_aggregation,ASELS,130.2093786,0.716216216216
test_fy2022,2023,robust_rank_aggregation,ASTOR,102.72987,0.454545454545
test_fy2022,2023,robust_rank_aggregation,BERA,51.99692514,0.38961038961
test_fy2022,2023,robust_rank_aggregation,BIMAS,229.989317,0.657657657658
test_fy2022,2023,robust_rank_aggregation,BRSAN,397.230599,0.510780885781
test_fy2022,2023,robust_rank_aggregation,BTCIM,297.3686377,0.257575757576
test_fy2022,2023,robust_rank_aggregation,CANTE,-5.082049661,0.281015037594
test_fy2022,2023,robust_rank_aggregation,CCOLA,274.7504809,0.623376623377
test_fy2022,2023,robust_rank_aggregation,CEMTS,14.18616434,0.311688311688
test_fy2022,2023,robust_rank_aggregation,CIMSA,152.3020608,0.499958374958
test_fy2022,2023,robust_rank_aggregation,DEVA,146.8897332,0.286796536797
test_fy2022,2023,robust_rank_aggregation,DOAS,213.2872204,0.567567567568
test_fy2022,2023,robust_rank_aggregation,DOHOL,55.52582761,0.503205128205
test_fy2022,2023,robust_rank_aggregation,EGEEN,197.9579414,0.350649350649
test_fy2022,2023,robust_rank_aggregation,EKGYO,46.87647698,0.522727272727
test_fy2022,2023,robust_rank_aggregation,ENJSA,140.0052425,0.583333333333
test_fy2022,2023,robust_rank_aggregation,ENKAI,45.10884922,0.712121212121
test_fy2022,2023,robust_rank_aggregation,EREGL,37.47085776,0.697486960645
test_fy2022,2023,robust_rank_aggregation,FROTO,100.6528741,0.808002808003
test_fy2022,2023,robust_rank_aggregation,GARAN,331.1387135,0.74025974026
test_fy2022,2023,robust_rank_aggregation,GUBRF,-25.34313576,0.474025974026
test_fy2022,2023,robust_rank_aggregation,HALKB,55.55554808,0.526315789474
test_fy2022,2023,robust_rank_aggregation,HEKTS,-45.56301064,0.454545454545
test_fy2022,2023,robust_rank_aggregation,ISCTR,238.9969179,0.84962406015
test_fy2022,2023,robust_rank_aggregation,ISGYO,84.68368166,0.319377990431
test_fy2022,2023,robust_rank_aggregation,KCHOL,217.1301709,0.896103896104
test_fy2022,2023,robust_rank_aggregation,KONTR,48.67937085,0.469696969697
test_fy2022,2023,robust_rank_aggregation,KRDMD,57.41164144,0.432432432432
test_fy2022,2023,robust_rank_aggregation,KRVGD,66.59184123,0.166666666667
test_fy2022,2023,robust_rank_aggregation,KUYAS,93.16374709,0.397144522145
test_fy2022,2023,robust_rank_aggregation,LOGO,44.05021092,0.19696969697
test_fy2022,2023,robust_rank_aggregation,MAVI,289.0857385,0.390692640693
test_fy2022,2023,robust_rank_aggregation,MGROS,191.8577763,0.563004563005
test_fy2022,2023,robust_rank_aggregation,MIATK,557.1196908,0.194805194805
test_fy2022,2023,robust_rank_aggregation,MPARK,304.5658498,0.469696969697
test_fy2022,2023,robust_rank_aggregation,NETAS,153.9464707,0.0909090909091
test_fy2022,2023,robust_rank_aggregation,NTGAZ,13.56246361,0.318181818182
test_fy2022,2023,robust_rank_aggregation,ODAS,42.62294992,0.427489177489
test_fy2022,2023,robust_rank_aggregation,OTKAR,227.8330515,0.431390977444
test_fy2022,2023,robust_rank_aggregation,OYAKC,88.35405221,0.510780885781
test_fy2022,2023,robust_rank_aggregation,PETKM,40.94051941,0.575757575758
test_fy2022,2023,robust_rank_aggregation,PGSUS,116.0134974,0.74025974026
test_fy2022,2023,robust_rank_aggregation,PRKME,63.81278775,0.103896103896
test_fy2022,2023,robust_rank_aggregation,SAHOL,164.8760542,0.576923076923
test_fy2022,2023,robust_rank_aggregation,SASA,-0.9311826577,0.855263157895
test_fy2022,2023,robust_rank_aggregation,SELEC,59.28216689,0.5
test_fy2022,2023,robust_rank_aggregation,SISE,19.61681749,0.793207681366
test_fy2022,2023,robust_rank_aggregation,SKBNK,104.5368848,0.454545454545
test_fy2022,2023,robust_rank_aggregation,SMRTG,44.99781051,0.13961038961
test_fy2022,2023,robust_rank_aggregation,SOKM,108.1766208,0.486842105263
test_fy2022,2023,robust_rank_aggregation,TAVHL,210.9818944,0.628378378378
test_fy2022,2023,robust_rank_aggregation,TBORG,166.1764646,0.363636363636
test_fy2022,2023,robust_rank_aggregation,TCELL,208.3640626,0.688311688312
test_fy2022,2023,robust_rank_aggregation,THYAO,150.6208698,0.730139230139
test_fy2022,2023,robust_rank_aggregation,TOASO,76.7333626,0.704545454545
test_fy2022,2023,robust_rank_aggregation,TRALT,-0.2298686107,0.580669330669
test_fy2022,2023,robust_rank_aggregation,TRMET,38.44865714,0.427489177489
test_fy2022,2023,robust_rank_aggregation,TSKB,174.19353,0.536240786241
test_fy2022,2023,robust_rank_aggregation,TTKOM,172.738021,0.702702702703
test_fy2022,2023,robust_rank_aggregation,TUPRS,156.4391057,0.661714770798
test_fy2022,2023,robust_rank_aggregation,TURSG,655.2654075,0.516718641719
test_fy2022,2023,robust_rank_aggregation,ULKER,344.6253797,0.506493506494
test_fy2022,2023,robust_rank_aggregation,ULUSE,45.86709706,0.0562770562771
test_fy2022,2023,robust_rank_aggregation,VAKBN,145.726957,0.618421052632
test_fy2022,2023,robust_rank_aggregation,VESTL,79.84528428,0.419913419913
test_fy2022,2023,robust_rank_aggregation,YKBNK,248.7421349,0.746981089086
test_fy2022,2023,robust_rank_aggregation,ZOREN,115.3552816,0.55303030303
test_fy2022,2023,linear_regression,AEFES,225.0860659,545.81669332
test_fy2022,2023,linear_regression,AGESA,319.1542369,603.56583737
test_fy2022,2023,linear_regression,AGHOL,269.7090362,671.00737289
test_fy2022,2023,linear_regression,AKBNK,307.0991145,926.092736738
test_fy2022,2023,linear_regression,AKENR,283.6683514,583.857568991
test_fy2022,2023,linear_regression,AKSA,81.18308589,544.403174577
test_fy2022,2023,linear_regression,AKSEN,70.59597663,513.805550065
test_fy2022,2023,linear_regression,ALARK,85.1770324,726.655572586
test_fy2022,2023,linear_regression,ALBRK,112.4113449,669.97072988
test_fy2022,2023,linear_regression,ANHYT,521.4882002,635.916591408
test_fy2022,2023,linear_regression,ARCLK,57.3761444,696.016730175
test_fy2022,2023,linear_regression,ASELS,130.2093786,546.198295208
test_fy2022,2023,linear_regression,ASTOR,102.72987,706.186044224
test_fy2022,2023,linear_regression,BERA,51.99692514,393.997325973
test_fy2022,2023,linear_regression,BIMAS,229.989317,560.971320208
test_fy2022,2023,linear_regression,BRSAN,397.230599,622.802111024
test_fy2022,2023,linear_regression,BTCIM,297.3686377,780.475338471
test_fy2022,2023,linear_regression,CANTE,-5.082049661,696.218480735
test_fy2022,2023,linear_regression,CCOLA,274.7504809,594.26838892
test_fy2022,2023,linear_regression,CEMTS,14.18616434,567.625496542
test_fy2022,2023,linear_regression,CIMSA,152.3020608,754.714812416
test_fy2022,2023,linear_regression,DEVA,146.8897332,602.868422169
test_fy2022,2023,linear_regression,DOAS,213.2872204,677.385756226
test_fy2022,2023,linear_regression,DOHOL,55.52582761,517.166968277
test_fy2022,2023,linear_regression,EGEEN,197.9579414,547.822687011
test_fy2022,2023,linear_regression,EKGYO,46.87647698,512.172291138
test_fy2022,2023,linear_regression,ENJSA,140.0052425,955.698708945
test_fy2022,2023,linear_regression,ENKAI,45.10884922,569.251836445
test_fy2022,2023,linear_regression,EREGL,37.47085776,593.469867147
test_fy2022,2023,linear_regression,FROTO,100.6528741,634.421514092
test_fy2022,2023,linear_regression,GARAN,331.1387135,927.785218912
test_fy2022,2023,linear_regression,GUBRF,-25.34313576,682.693582689
test_fy2022,2023,linear_regression,HALKB,55.55554808,877.057482529
test_fy2022,2023,linear_regression,HEKTS,-45.56301064,657.730894492
test_fy2022,2023,linear_regression,ISCTR,238.9969179,954.219575579
test_fy2022,2023,linear_regression,ISGYO,84.68368166,738.877436601
test_fy2022,2023,linear_regression,KCHOL,217.1301709,958.935653429
test_fy2022,2023,linear_regression,KONTR,48.67937085,781.640661072
test_fy2022,2023,linear_regression,KRDMD,57.41164144,634.884740213
test_fy2022,2023,linear_regression,KRVGD,66.59184123,627.050758031
test_fy2022,2023,linear_regression,KUYAS,93.16374709,823.300959715
test_fy2022,2023,linear_regression,LOGO,44.05021092,643.32508335
test_fy2022,2023,linear_regression,MAVI,289.0857385,619.202942093
test_fy2022,2023,linear_regression,MGROS,191.8577763,675.259498314
test_fy2022,2023,linear_regression,MIATK,557.1196908,969.248969222
test_fy2022,2023,linear_regression,MPARK,304.5658498,719.844103726
test_fy2022,2023,linear_regression,NETAS,153.9464707,651.568312294
test_fy2022,2023,linear_regression,NTGAZ,13.56246361,664.580275488
test_fy2022,2023,linear_regression,ODAS,42.62294992,449.186699574
test_fy2022,2023,linear_regression,OTKAR,227.8330515,725.888737569
test_fy2022,2023,linear_regression,OYAKC,88.35405221,626.643229507
test_fy2022,2023,linear_regression,PETKM,40.94051941,813.781038828
test_fy2022,2023,linear_regression,PGSUS,116.0134974,599.081086529
test_fy2022,2023,linear_regression,PRKME,63.81278775,419.41594825
test_fy2022,2023,linear_regression,SAHOL,164.8760542,878.750802173
test_fy2022,2023,linear_regression,SASA,-0.9311826577,568.641955471
test_fy2022,2023,linear_regression,SELEC,59.28216689,650.413090487
test_fy2022,2023,linear_regression,SISE,19.61681749,565.733633658
test_fy2022,2023,linear_regression,SKBNK,104.5368848,606.704685813
test_fy2022,2023,linear_regression,SMRTG,44.99781051,575.18163886
test_fy2022,2023,linear_regression,SOKM,108.1766208,973.945724108
test_fy2022,2023,linear_regression,TAVHL,210.9818944,753.785065652
test_fy2022,2023,linear_regression,TBORG,166.1764646,649.404227321
test_fy2022,2023,linear_regression,TCELL,208.3640626,635.51524469
test_fy2022,2023,linear_regression,THYAO,150.6208698,795.508798779
test_fy2022,2023,linear_regression,TOASO,76.7333626,693.574838795
test_fy2022,2023,linear_regression,TRALT,-0.2298686107,623.206601125
test_fy2022,2023,linear_regression,TRMET,38.44865714,606.92075106
test_fy2022,2023,linear_regression,TSKB,174.19353,592.207298551
test_fy2022,2023,linear_regression,TTKOM,172.738021,665.499569469
test_fy2022,2023,linear_regression,TUPRS,156.4391057,346.017691134
test_fy2022,2023,linear_regression,TURSG,655.2654075,789.815660795
test_fy2022,2023,linear_regression,ULKER,344.6253797,724.071832121
test_fy2022,2023,linear_regression,ULUSE,45.86709706,589.607437344
test_fy2022,2023,linear_regression,VAKBN,145.726957,894.281000888
test_fy2022,2023,linear_regression,VESTL,79.84528428,992.683970896
test_fy2022,2023,linear_regression,YKBNK,248.7421349,928.615853237
test_fy2022,2023,linear_regression,ZOREN,115.3552816,857.459159547
test_fy2022,2023,ridge,AEFES,225.0860659,47.0205919598
test_fy2022,2023,ridge,AGESA,319.1542369,122.837049757
test_fy2022,2023,ridge,AGHOL,269.7090362,61.8049881675
test_fy2022,2023,ridge,AKBNK,307.0991145,138.16249523
test_fy2022,2023,ridge,AKENR,283.6683514,115.609935979
test_fy2022,2023,ridge,AKSA,81.18308589,89.3805337979
test_fy2022,2023,ridge,AKSEN,70.59597663,56.3061384964
test_fy2022,2023,ridge,ALARK,85.1770324,175.202344027
test_fy2022,2023,ridge,ALBRK,112.4113449,110.435147637
test_fy2022,2023,ridge,ANHYT,521.4882002,127.643758123
test_fy2022,2023,ridge,ARCLK,57.3761444,103.320312672
test_fy2022,2023,ridge,ASELS,130.2093786,95.3077563914
test_fy2022,2023,ridge,ASTOR,102.72987,129.771898937
test_fy2022,2023,ridge,BERA,51.99692514,45.9602123476
test_fy2022,2023,ridge,BIMAS,229.989317,83.9015032155
test_fy2022,2023,ridge,BRSAN,397.230599,98.9195643129
test_fy2022,2023,ridge,BTCIM,297.3686377,143.75719921
test_fy2022,2023,ridge,CANTE,-5.082049661,142.309536801
test_fy2022,2023,ridge,CCOLA,274.7504809,75.7901554928
test_fy2022,2023,ridge,CEMTS,14.18616434,104.42686355
test_fy2022,2023,ridge,CIMSA,152.3020608,196.781573988
test_fy2022,2023,ridge,DEVA,146.8897332,145.127172635
test_fy2022,2023,ridge,DOAS,213.2872204,121.969584241
test_fy2022,2023,ridge,DOHOL,55.52582761,99.0266824328
test_fy2022,2023,ridge,EGEEN,197.9579414,124.77740771
test_fy2022,2023,ridge,EKGYO,46.87647698,64.4564270542
test_fy2022,2023,ridge,ENJSA,140.0052425,125.594253653
test_fy2022,2023,ridge,ENKAI,45.10884922,36.0574933804
test_fy2022,2023,ridge,EREGL,37.47085776,64.536886938
test_fy2022,2023,ridge,FROTO,100.6528741,87.3218739648
test_fy2022,2023,ridge,GARAN,331.1387135,135.787941659
test_fy2022,2023,ridge,GUBRF,-25.34313576,89.3823224891
test_fy2022,2023,ridge,HALKB,55.55554808,116.801388625
test_fy2022,2023,ridge,HEKTS,-45.56301064,130.75271862
test_fy2022,2023,ridge,ISCTR,238.9969179,109.590146345
test_fy2022,2023,ridge,ISGYO,84.68368166,163.253252492
test_fy2022,2023,ridge,KCHOL,217.1301709,60.824712365
test_fy2022,2023,ridge,KONTR,48.67937085,217.943372387
test_fy2022,2023,ridge,KRDMD,57.41164144,98.8779675333
test_fy2022,2023,ridge,KRVGD,66.59184123,123.073782269
test_fy2022,2023,ridge,KUYAS,93.16374709,187.241176646
test_fy2022,2023,ridge,LOGO,44.05021092,118.916673088
test_fy2022,2023,ridge,MAVI,289.0857385,106.294341982
test_fy2022,2023,ridge,MGROS,191.8577763,130.823361661
test_fy2022,2023,ridge,MIATK,557.1196908,202.526933629
test_fy2022,2023,ridge,MPARK,304.5658498,145.755242188
test_fy2022,2023,ridge,NETAS,153.9464707,119.566885841
test_fy2022,2023,ridge,NTGAZ,13.56246361,136.378992027
test_fy2022,2023,ridge,ODAS,42.62294992,53.9963402859
test_fy2022,2023,ridge,OTKAR,227.8330515,131.109045088
test_fy2022,2023,ridge,OYAKC,88.35405221,122.914225739
test_fy2022,2023,ridge,PETKM,40.94051941,142.064960065
test_fy2022,2023,ridge,PGSUS,116.0134974,66.2333314973
test_fy2022,2023,ridge,PRKME,63.81278775,70.4523935792
test_fy2022,2023,ridge,SAHOL,164.8760542,92.2019537999
test_fy2022,2023,ridge,SASA,-0.9311826577,89.5123708554
test_fy2022,2023,ridge,SELEC,59.28216689,50.0003439249
test_fy2022,2023,ridge,SISE,19.61681749,69.7189657436
test_fy2022,2023,ridge,SKBNK,104.5368848,120.059822173
test_fy2022,2023,ridge,SMRTG,44.99781051,98.7432913891
test_fy2022,2023,ridge,SOKM,108.1766208,150.555569314
test_fy2022,2023,ridge,TAVHL,210.9818944,128.915843706
test_fy2022,2023,ridge,TBORG,166.1764646,94.2519245451
test_fy2022,2023,ridge,TCELL,208.3640626,84.666145011
test_fy2022,2023,ridge,THYAO,150.6208698,224.655118917
test_fy2022,2023,ridge,TOASO,76.7333626,129.006437767
test_fy2022,2023,ridge,TRALT,-0.2298686107,110.222725658
test_fy2022,2023,ridge,TRMET,38.44865714,110.577092168
test_fy2022,2023,ridge,TSKB,174.19353,100.014778319
test_fy2022,2023,ridge,TTKOM,172.738021,88.0012879044
test_fy2022,2023,ridge,TUPRS,156.4391057,56.1959906717
test_fy2022,2023,ridge,TURSG,655.2654075,131.506483752
test_fy2022,2023,ridge,ULKER,344.6253797,84.6575510722
test_fy2022,2023,ridge,ULUSE,45.86709706,114.51940609
test_fy2022,2023,ridge,VAKBN,145.726957,121.760307841
test_fy2022,2023,ridge,VESTL,79.84528428,114.165870467
test_fy2022,2023,ridge,YKBNK,248.7421349,126.494482514
test_fy2022,2023,ridge,ZOREN,115.3552816,132.669968135
test_fy2022,2023,lasso,AEFES,225.0860659,16.0030594896
test_fy2022,2023,lasso,AGESA,319.1542369,65.5812710386
test_fy2022,2023,lasso,AGHOL,269.7090362,84.6725121424
test_fy2022,2023,lasso,AKBNK,307.0991145,198.575342237
test_fy2022,2023,lasso,AKENR,283.6683514,58.8721725988
test_fy2022,2023,lasso,AKSA,81.18308589,48.1757608046
test_fy2022,2023,lasso,AKSEN,70.59597663,5.49079246925
test_fy2022,2023,lasso,ALARK,85.1770324,172.627931019
test_fy2022,2023,lasso,ALBRK,112.4113449,72.2128752102
test_fy2022,2023,lasso,ANHYT,521.4882002,82.0846413941
test_fy2022,2023,lasso,ARCLK,57.3761444,140.227611438
test_fy2022,2023,lasso,ASELS,130.2093786,51.6038800506
test_fy2022,2023,lasso,ASTOR,102.72987,160.687686586
test_fy2022,2023,lasso,BERA,51.99692514,-53.5315469365
test_fy2022,2023,lasso,BIMAS,229.989317,64.0301823414
test_fy2022,2023,lasso,BRSAN,397.230599,88.8192236452
test_fy2022,2023,lasso,BTCIM,297.3686377,175.100518366
test_fy2022,2023,lasso,CANTE,-5.082049661,167.302622356
test_fy2022,2023,lasso,CCOLA,274.7504809,54.8847865203
test_fy2022,2023,lasso,CEMTS,14.18616434,47.4239680399
test_fy2022,2023,lasso,CIMSA,152.3020608,203.735219238
test_fy2022,2023,lasso,DEVA,146.8897332,99.1754369388
test_fy2022,2023,lasso,DOAS,213.2872204,125.906352209
test_fy2022,2023,lasso,DOHOL,55.52582761,31.8227556554
test_fy2022,2023,lasso,EGEEN,197.9579414,51.2911196076
test_fy2022,2023,lasso,EKGYO,46.87647698,-9.43576771767
test_fy2022,2023,lasso,ENJSA,140.0052425,261.329850831
test_fy2022,2023,lasso,ENKAI,45.10884922,31.2603264807
test_fy2022,2023,lasso,EREGL,37.47085776,54.4946970905
test_fy2022,2023,lasso,FROTO,100.6528741,80.7719191301
test_fy2022,2023,lasso,GARAN,331.1387135,198.916335455
test_fy2022,2023,lasso,GUBRF,-25.34313576,100.004708444
test_fy2022,2023,lasso,HALKB,55.55554808,150.737826852
test_fy2022,2023,lasso,HEKTS,-45.56301064,117.915285899
test_fy2022,2023,lasso,ISCTR,238.9969179,174.924303019
test_fy2022,2023,lasso,ISGYO,84.68368166,181.595387363
test_fy2022,2023,lasso,KCHOL,217.1301709,199.004108788
test_fy2022,2023,lasso,KONTR,48.67937085,230.591322909
test_fy2022,2023,lasso,KRDMD,57.41164144,93.2649679487
test_fy2022,2023,lasso,KRVGD,66.59184123,96.8835473755
test_fy2022,2023,lasso,KUYAS,93.16374709,239.648889258
test_fy2022,2023,lasso,LOGO,44.05021092,85.3351139924
test_fy2022,2023,lasso,MAVI,289.0857385,94.2130630072
test_fy2022,2023,lasso,MGROS,191.8577763,139.816047255
test_fy2022,2023,lasso,MIATK,557.1196908,310.766753174
test_fy2022,2023,lasso,MPARK,304.5658498,169.839153859
test_fy2022,2023,lasso,NETAS,153.9464707,64.4635207685
test_fy2022,2023,lasso,NTGAZ,13.56246361,123.424852015
test_fy2022,2023,lasso,ODAS,42.62294992,-19.0658309314
test_fy2022,2023,lasso,OTKAR,227.8330515,122.697129985
test_fy2022,2023,lasso,OYAKC,88.35405221,115.194494492
test_fy2022,2023,lasso,PETKM,40.94051941,188.175775545
test_fy2022,2023,lasso,PGSUS,116.0134974,52.0179942886
test_fy2022,2023,lasso,PRKME,63.81278775,-45.4204119063
test_fy2022,2023,lasso,SAHOL,164.8760542,147.593777887
test_fy2022,2023,lasso,SASA,-0.9311826577,35.9748446101
test_fy2022,2023,lasso,SELEC,59.28216689,31.7103704536
test_fy2022,2023,lasso,SISE,19.61681749,63.8236438105
test_fy2022,2023,lasso,SKBNK,104.5368848,62.8233587474
test_fy2022,2023,lasso,SMRTG,44.99781051,32.9533947749
test_fy2022,2023,lasso,SOKM,108.1766208,274.378771939
test_fy2022,2023,lasso,TAVHL,210.9818944,173.131914637
test_fy2022,2023,lasso,TBORG,166.1764646,80.7380417181
test_fy2022,2023,lasso,TCELL,208.3640626,82.6032755878
test_fy2022,2023,lasso,THYAO,150.6208698,243.77625121
test_fy2022,2023,lasso,TOASO,76.7333626,142.993891848
test_fy2022,2023,lasso,TRALT,-0.2298686107,111.730609289
test_fy2022,2023,lasso,TRMET,38.44865714,104.114570014
test_fy2022,2023,lasso,TSKB,174.19353,90.5601468933
test_fy2022,2023,lasso,TTKOM,172.738021,94.0590224647
test_fy2022,2023,lasso,TUPRS,156.4391057,-51.569206723
test_fy2022,2023,lasso,TURSG,655.2654075,166.651226635
test_fy2022,2023,lasso,ULKER,344.6253797,102.840456349
test_fy2022,2023,lasso,ULUSE,45.86709706,42.4512790684
test_fy2022,2023,lasso,VAKBN,145.726957,160.562433881
test_fy2022,2023,lasso,VESTL,79.84528428,232.983064208
test_fy2022,2023,lasso,YKBNK,248.7421349,184.513384754
test_fy2022,2023,lasso,ZOREN,115.3552816,178.846442203
test_fy2022,2023,elasticnet,AEFES,225.0860659,63.6192216687
test_fy2022,2023,elasticnet,AGESA,319.1542369,126.704373136
test_fy2022,2023,elasticnet,AGHOL,269.7090362,65.0118739098
test_fy2022,2023,elasticnet,AKBNK,307.0991145,121.797048626
test_fy2022,2023,elasticnet,AKENR,283.6683514,122.973445641
test_fy2022,2023,elasticnet,AKSA,81.18308589,97.487612068
test_fy2022,2023,elasticnet,AKSEN,70.59597663,77.2892100535
test_fy2022,2023,elasticnet,ALARK,85.1770324,157.895890444
test_fy2022,2023,elasticnet,ALBRK,112.4113449,115.24599666
test_fy2022,2023,elasticnet,ANHYT,521.4882002,126.907903007
test_fy2022,2023,elasticnet,ARCLK,57.3761444,99.0128036092
test_fy2022,2023,elasticnet,ASELS,130.2093786,96.890161615
test_fy2022,2023,elasticnet,ASTOR,102.72987,119.375099623
test_fy2022,2023,elasticnet,BERA,51.99692514,79.1287713099
test_fy2022,2023,elasticnet,BIMAS,229.989317,81.7087925482
test_fy2022,2023,elasticnet,BRSAN,397.230599,101.97190168
test_fy2022,2023,elasticnet,BTCIM,297.3686377,139.493457495
test_fy2022,2023,elasticnet,CANTE,-5.082049661,131.951630991
test_fy2022,2023,elasticnet,CCOLA,274.7504809,83.9060263566
test_fy2022,2023,elasticnet,CEMTS,14.18616434,120.741220759
test_fy2022,2023,elasticnet,CIMSA,152.3020608,179.573592616
test_fy2022,2023,elasticnet,DEVA,146.8897332,142.106057955
test_fy2022,2023,elasticnet,DOAS,213.2872204,118.021862165
test_fy2022,2023,elasticnet,DOHOL,55.52582761,108.658706817
test_fy2022,2023,elasticnet,EGEEN,197.9579414,134.340482728
test_fy2022,2023,elasticnet,EKGYO,46.87647698,87.6397252989
test_fy2022,2023,elasticnet,ENJSA,140.0052425,104.510557199
test_fy2022,2023,elasticnet,ENKAI,45.10884922,48.5335796222
test_fy2022,2023,elasticnet,EREGL,37.47085776,69.5774135712
test_fy2022,2023,elasticnet,FROTO,100.6528741,88.170674705
test_fy2022,2023,elasticnet,GARAN,331.1387135,119.696439805
test_fy2022,2023,elasticnet,GUBRF,-25.34313576,96.8379369481
test_fy2022,2023,elasticnet,HALKB,55.55554808,113.928204294
test_fy2022,2023,elasticnet,HEKTS,-45.56301064,133.91487528
test_fy2022,2023,elasticnet,ISCTR,238.9969179,104.397333704
test_fy2022,2023,elasticnet,ISGYO,84.68368166,155.484407922
test_fy2022,2023,elasticnet,KCHOL,217.1301709,59.9568362407
test_fy2022,2023,elasticnet,KONTR,48.67937085,195.809820005
test_fy2022,2023,elasticnet,KRDMD,57.41164144,97.2822570625
test_fy2022,2023,elasticnet,KRVGD,66.59184123,128.706084483
test_fy2022,2023,elasticnet,KUYAS,93.16374709,168.569126588
test_fy2022,2023,elasticnet,LOGO,44.05021092,124.631826762
test_fy2022,2023,elasticnet,MAVI,289.0857385,107.239199912
test_fy2022,2023,elasticnet,MGROS,191.8577763,116.283750943
test_fy2022,2023,elasticnet,MIATK,557.1196908,173.309009709
test_fy2022,2023,elasticnet,MPARK,304.5658498,129.513248862
test_fy2022,2023,elasticnet,NETAS,153.9464707,135.898913149
test_fy2022,2023,elasticnet,NTGAZ,13.56246361,136.464586637
test_fy2022,2023,elasticnet,ODAS,42.62294992,80.8915348099
test_fy2022,2023,elasticnet,OTKAR,227.8330515,127.675506777
test_fy2022,2023,elasticnet,OYAKC,88.35405221,117.471053051
test_fy2022,2023,elasticnet,PETKM,40.94051941,133.759587142
test_fy2022,2023,elasticnet,PGSUS,116.0134974,82.3016369873
test_fy2022,2023,elasticnet,PRKME,63.81278775,107.171739493
test_fy2022,2023,elasticnet,SAHOL,164.8760542,92.9375978135
test_fy2022,2023,elasticnet,SASA,-0.9311826577,103.906036495
test_fy2022,2023,elasticnet,SELEC,59.28216689,73.667534374
test_fy2022,2023,elasticnet,SISE,19.61681749,70.6982732627
test_fy2022,2023,elasticnet,SKBNK,104.5368848,125.928449451
test_fy2022,2023,elasticnet,SMRTG,44.99781051,122.662804376
test_fy2022,2023,elasticnet,SOKM,108.1766208,122.550086318
test_fy2022,2023,elasticnet,TAVHL,210.9818944,122.029329088
test_fy2022,2023,elasticnet,TBORG,166.1764646,101.891736097
test_fy2022,2023,elasticnet,TCELL,208.3640626,86.1082311782
test_fy2022,2023,elasticnet,THYAO,150.6208698,196.750680192
test_fy2022,2023,elasticnet,TOASO,76.7333626,116.11048561
test_fy2022,2023,elasticnet,TRALT,-0.2298686107,104.154598024
test_fy2022,2023,elasticnet,TRMET,38.44865714,107.409498695
test_fy2022,2023,elasticnet,TSKB,174.19353,91.5531876629
test_fy2022,2023,elasticnet,TTKOM,172.738021,90.1974853997
test_fy2022,2023,elasticnet,TUPRS,156.4391057,67.1711577329
test_fy2022,2023,elasticnet,TURSG,655.2654075,115.363045468
test_fy2022,2023,elasticnet,ULKER,344.6253797,96.1307357495
test_fy2022,2023,elasticnet,ULUSE,45.86709706,134.371677321
test_fy2022,2023,elasticnet,VAKBN,145.726957,117.514679476
test_fy2022,2023,elasticnet,VESTL,79.84528428,108.166102783
test_fy2022,2023,elasticnet,YKBNK,248.7421349,116.048276099
test_fy2022,2023,elasticnet,ZOREN,115.3552816,126.348279466
test_fy2022,2023,random_forest,AEFES,225.0860659,101.786361318
test_fy2022,2023,random_forest,AGESA,319.1542369,121.1155735
test_fy2022,2023,random_forest,AGHOL,269.7090362,93.7712407694
test_fy2022,2023,random_forest,AKBNK,307.0991145,101.824052343
test_fy2022,2023,random_forest,AKENR,283.6683514,140.087307427
test_fy2022,2023,random_forest,AKSA,81.18308589,104.161802721
test_fy2022,2023,random_forest,AKSEN,70.59597663,105.565050615
test_fy2022,2023,random_forest,ALARK,85.1770324,141.57668471
test_fy2022,2023,random_forest,ALBRK,112.4113449,109.746607029
test_fy2022,2023,random_forest,ANHYT,521.4882002,116.952110963
test_fy2022,2023,random_forest,ARCLK,57.3761444,152.0526415
test_fy2022,2023,random_forest,ASELS,130.2093786,97.6907763284
test_fy2022,2023,random_forest,ASTOR,102.72987,122.179278873
test_fy2022,2023,random_forest,BERA,51.99692514,112.273005724
test_fy2022,2023,random_forest,BIMAS,229.989317,92.6495092815
test_fy2022,2023,random_forest,BRSAN,397.230599,134.806175929
test_fy2022,2023,random_forest,BTCIM,297.3686377,162.047499852
test_fy2022,2023,random_forest,CANTE,-5.082049661,138.974721147
test_fy2022,2023,random_forest,CCOLA,274.7504809,93.2850823575
test_fy2022,2023,random_forest,CEMTS,14.18616434,130.946826809
test_fy2022,2023,random_forest,CIMSA,152.3020608,150.785672451
test_fy2022,2023,random_forest,DEVA,146.8897332,151.027457286
test_fy2022,2023,random_forest,DOAS,213.2872204,114.175167145
test_fy2022,2023,random_forest,DOHOL,55.52582761,124.106404143
test_fy2022,2023,random_forest,EGEEN,197.9579414,131.0113536
test_fy2022,2023,random_forest,EKGYO,46.87647698,115.017048663
test_fy2022,2023,random_forest,ENJSA,140.0052425,100.070069082
test_fy2022,2023,random_forest,ENKAI,45.10884922,95.2341403985
test_fy2022,2023,random_forest,EREGL,37.47085776,90.1674311767
test_fy2022,2023,random_forest,FROTO,100.6528741,99.1779851399
test_fy2022,2023,random_forest,GARAN,331.1387135,101.598438152
test_fy2022,2023,random_forest,GUBRF,-25.34313576,149.49355595
test_fy2022,2023,random_forest,HALKB,55.55554808,113.786778153
test_fy2022,2023,random_forest,HEKTS,-45.56301064,138.56963973
test_fy2022,2023,random_forest,ISCTR,238.9969179,98.7956294973
test_fy2022,2023,random_forest,ISGYO,84.68368166,177.514180524
test_fy2022,2023,random_forest,KCHOL,217.1301709,106.612436574
test_fy2022,2023,random_forest,KONTR,48.67937085,311.804150323
test_fy2022,2023,random_forest,KRDMD,57.41164144,128.476632304
test_fy2022,2023,random_forest,KRVGD,66.59184123,130.883166197
test_fy2022,2023,random_forest,KUYAS,93.16374709,285.548755818
test_fy2022,2023,random_forest,LOGO,44.05021092,127.692837422
test_fy2022,2023,random_forest,MAVI,289.0857385,128.109471817
test_fy2022,2023,random_forest,MGROS,191.8577763,113.226189373
test_fy2022,2023,random_forest,MIATK,557.1196908,183.817689086
test_fy2022,2023,random_forest,MPARK,304.5658498,104.870181525
test_fy2022,2023,random_forest,NETAS,153.9464707,184.004275614
test_fy2022,2023,random_forest,NTGAZ,13.56246361,126.377410911
test_fy2022,2023,random_forest,ODAS,42.62294992,108.830761528
test_fy2022,2023,random_forest,OTKAR,227.8330515,109.815439034
test_fy2022,2023,random_forest,OYAKC,88.35405221,127.031748232
test_fy2022,2023,random_forest,PETKM,40.94051941,124.275108469
test_fy2022,2023,random_forest,PGSUS,116.0134974,113.706168754
test_fy2022,2023,random_forest,PRKME,63.81278775,175.923180013
test_fy2022,2023,random_forest,SAHOL,164.8760542,99.7433853897
test_fy2022,2023,random_forest,SASA,-0.9311826577,115.152199187
test_fy2022,2023,random_forest,SELEC,59.28216689,110.451650309
test_fy2022,2023,random_forest,SISE,19.61681749,111.801015732
test_fy2022,2023,random_forest,SKBNK,104.5368848,118.46259923
test_fy2022,2023,random_forest,SMRTG,44.99781051,166.585251137
test_fy2022,2023,random_forest,SOKM,108.1766208,110.574383627
test_fy2022,2023,random_forest,TAVHL,210.9818944,122.412759535
test_fy2022,2023,random_forest,TBORG,166.1764646,111.45601187
test_fy2022,2023,random_forest,TCELL,208.3640626,83.9005604066
test_fy2022,2023,random_forest,THYAO,150.6208698,233.945637593
test_fy2022,2023,random_forest,TOASO,76.7333626,109.457161619
test_fy2022,2023,random_forest,TRALT,-0.2298686107,165.706309347
test_fy2022,2023,random_forest,TRMET,38.44865714,146.439699899
test_fy2022,2023,random_forest,TSKB,174.19353,131.486277486
test_fy2022,2023,random_forest,TTKOM,172.738021,109.331612452
test_fy2022,2023,random_forest,TUPRS,156.4391057,89.2417137356
test_fy2022,2023,random_forest,TURSG,655.2654075,133.277664714
test_fy2022,2023,random_forest,ULKER,344.6253797,127.435609
test_fy2022,2023,random_forest,ULUSE,45.86709706,183.421802452
test_fy2022,2023,random_forest,VAKBN,145.726957,116.627429315
test_fy2022,2023,random_forest,VESTL,79.84528428,145.976356184
test_fy2022,2023,random_forest,YKBNK,248.7421349,103.903461362
test_fy2022,2023,random_forest,ZOREN,115.3552816,117.292136647
test_fy2022,2023,gradient_boosting,AEFES,225.0860659,118.932125649
test_fy2022,2023,gradient_boosting,AGESA,319.1542369,93.9344854148
test_fy2022,2023,gradient_boosting,AGHOL,269.7090362,83.9588781969
test_fy2022,2023,gradient_boosting,AKBNK,307.0991145,96.2306371766
test_fy2022,2023,gradient_boosting,AKENR,283.6683514,123.786049794
test_fy2022,2023,gradient_boosting,AKSA,81.18308589,102.818193322
test_fy2022,2023,gradient_boosting,AKSEN,70.59597663,95.8848227406
test_fy2022,2023,gradient_boosting,ALARK,85.1770324,137.823593848
test_fy2022,2023,gradient_boosting,ALBRK,112.4113449,103.736516654
test_fy2022,2023,gradient_boosting,ANHYT,521.4882002,96.8777948598
test_fy2022,2023,gradient_boosting,ARCLK,57.3761444,159.022619132
test_fy2022,2023,gradient_boosting,ASELS,130.2093786,113.769868919
test_fy2022,2023,gradient_boosting,ASTOR,102.72987,128.139099762
test_fy2022,2023,gradient_boosting,BERA,51.99692514,99.0408967011
test_fy2022,2023,gradient_boosting,BIMAS,229.989317,116.418401529
test_fy2022,2023,gradient_boosting,BRSAN,397.230599,137.810645109
test_fy2022,2023,gradient_boosting,BTCIM,297.3686377,197.008999217
test_fy2022,2023,gradient_boosting,CANTE,-5.082049661,138.094689679
test_fy2022,2023,gradient_boosting,CCOLA,274.7504809,98.6949684392
test_fy2022,2023,gradient_boosting,CEMTS,14.18616434,141.133631232
test_fy2022,2023,gradient_boosting,CIMSA,152.3020608,183.75581315
test_fy2022,2023,gradient_boosting,DEVA,146.8897332,142.154194851
test_fy2022,2023,gradient_boosting,DOAS,213.2872204,113.866830526
test_fy2022,2023,gradient_boosting,DOHOL,55.52582761,138.38938002
test_fy2022,2023,gradient_boosting,EGEEN,197.9579414,142.076716808
test_fy2022,2023,gradient_boosting,EKGYO,46.87647698,95.480960435
test_fy2022,2023,gradient_boosting,ENJSA,140.0052425,94.880958805
test_fy2022,2023,gradient_boosting,ENKAI,45.10884922,102.718204935
test_fy2022,2023,gradient_boosting,EREGL,37.47085776,77.3298408976
test_fy2022,2023,gradient_boosting,FROTO,100.6528741,99.6716940359
test_fy2022,2023,gradient_boosting,GARAN,331.1387135,96.2306371766
test_fy2022,2023,gradient_boosting,GUBRF,-25.34313576,140.821917303
test_fy2022,2023,gradient_boosting,HALKB,55.55554808,103.639614288
test_fy2022,2023,gradient_boosting,HEKTS,-45.56301064,133.785622911
test_fy2022,2023,gradient_boosting,ISCTR,238.9969179,86.5730146723
test_fy2022,2023,gradient_boosting,ISGYO,84.68368166,176.725991835
test_fy2022,2023,gradient_boosting,KCHOL,217.1301709,40.4348628235
test_fy2022,2023,gradient_boosting,KONTR,48.67937085,368.035864942
test_fy2022,2023,gradient_boosting,KRDMD,57.41164144,146.884451307
test_fy2022,2023,gradient_boosting,KRVGD,66.59184123,133.447538449
test_fy2022,2023,gradient_boosting,KUYAS,93.16374709,321.52035677
test_fy2022,2023,gradient_boosting,LOGO,44.05021092,127.356642456
test_fy2022,2023,gradient_boosting,MAVI,289.0857385,142.470299915
test_fy2022,2023,gradient_boosting,MGROS,191.8577763,137.248821891
test_fy2022,2023,gradient_boosting,MIATK,557.1196908,225.886157187
test_fy2022,2023,gradient_boosting,MPARK,304.5658498,128.121297979
test_fy2022,2023,gradient_boosting,NETAS,153.9464707,198.069718907
test_fy2022,2023,gradient_boosting,NTGAZ,13.56246361,132.746943588
test_fy2022,2023,gradient_boosting,ODAS,42.62294992,101.79327363
test_fy2022,2023,gradient_boosting,OTKAR,227.8330515,131.305785996
test_fy2022,2023,gradient_boosting,OYAKC,88.35405221,137.469463454
test_fy2022,2023,gradient_boosting,PETKM,40.94051941,88.6423205875
test_fy2022,2023,gradient_boosting,PGSUS,116.0134974,79.6549879924
test_fy2022,2023,gradient_boosting,PRKME,63.81278775,173.963939868
test_fy2022,2023,gradient_boosting,SAHOL,164.8760542,89.9264877993
test_fy2022,2023,gradient_boosting,SASA,-0.9311826577,91.9698274565
test_fy2022,2023,gradient_boosting,SELEC,59.28216689,120.717268638
test_fy2022,2023,gradient_boosting,SISE,19.61681749,144.717185039
test_fy2022,2023,gradient_boosting,SKBNK,104.5368848,107.074681627
test_fy2022,2023,gradient_boosting,SMRTG,44.99781051,174.916326524
test_fy2022,2023,gradient_boosting,SOKM,108.1766208,112.850605529
test_fy2022,2023,gradient_boosting,TAVHL,210.9818944,113.574699881
test_fy2022,2023,gradient_boosting,TBORG,166.1764646,139.577870589
test_fy2022,2023,gradient_boosting,TCELL,208.3640626,73.5841102945
test_fy2022,2023,gradient_boosting,THYAO,150.6208698,249.375785432
test_fy2022,2023,gradient_boosting,TOASO,76.7333626,134.966753659
test_fy2022,2023,gradient_boosting,TRALT,-0.2298686107,174.596762497
test_fy2022,2023,gradient_boosting,TRMET,38.44865714,94.3507558196
test_fy2022,2023,gradient_boosting,TSKB,174.19353,150.090699223
test_fy2022,2023,gradient_boosting,TTKOM,172.738021,126.618286836
test_fy2022,2023,gradient_boosting,TUPRS,156.4391057,49.2925995719
test_fy2022,2023,gradient_boosting,TURSG,655.2654075,151.379363889
test_fy2022,2023,gradient_boosting,ULKER,344.6253797,136.720622982
test_fy2022,2023,gradient_boosting,ULUSE,45.86709706,179.419065713
test_fy2022,2023,gradient_boosting,VAKBN,145.726957,107.767717228
test_fy2022,2023,gradient_boosting,VESTL,79.84528428,155.774246277
test_fy2022,2023,gradient_boosting,YKBNK,248.7421349,94.3604358196
test_fy2022,2023,gradient_boosting,ZOREN,115.3552816,103.271033019
test_fy2023,2024,baseline_equal_weight,AEFES,-21.91588972,0.608027908868
test_fy2023,2024,baseline_equal_weight,AGESA,27.02532106,0.543026056265
test_fy2023,2024,baseline_equal_weight,AGHOL,-17.41258876,0.740511981397
test_fy2023,2024,baseline_equal_weight,AKBNK,-20.03652433,0.787043496315
test_fy2023,2024,baseline_equal_weight,AKENR,-33.1794181,0.474654002882
test_fy2023,2024,baseline_equal_weight,AKSA,12.92334084,0.415336060013
test_fy2023,2024,baseline_equal_weight,AKSEN,-21.89980991,0.518376778047
test_fy2023,2024,baseline_equal_weight,ALARK,-16.7080256,0.420987271407
test_fy2023,2024,baseline_equal_weight,ALBRK,2.006680211,0.517964289422
test_fy2023,2024,baseline_equal_weight,ANHYT,-4.108152739,0.623190075781
test_fy2023,2024,baseline_equal_weight,ARCLK,-22.23482488,0.613043304493
test_fy2023,2024,baseline_equal_weight,ASELS,98.83457394,0.662557079957
test_fy2023,2024,baseline_equal_weight,ASTOR,16.92162045,0.513082087408
test_fy2023,2024,baseline_equal_weight,BERA,-6.332005516,0.435331080909
test_fy2023,2024,baseline_equal_weight,BIMAS,-5.936335766,0.66528472613
test_fy2023,2024,baseline_equal_weight,BRSAN,-25.30181087,0.564826209067
test_fy2023,2024,baseline_equal_weight,BTCIM,-0.3163925678,0.414972629364
test_fy2023,2024,baseline_equal_weight,CANTE,-28.67770169,0.252201605798
test_fy2023,2024,baseline_equal_weight,CEMTS,-0.7092322399,0.212646948325
test_fy2023,2024,baseline_equal_weight,CIMSA,65.91495024,0.469530735813
test_fy2023,2024,baseline_equal_weight,DEVA,-38.02992116,0.460152447323
test_fy2023,2024,baseline_equal_weight,DOAS,-16.69292981,0.558651810852
test_fy2023,2024,baseline_equal_weight,DOHOL,9.455785814,0.458429825159
test_fy2023,2024,baseline_equal_weight,EGEEN,-25.57946581,0.398063268626
test_fy2023,2024,baseline_equal_weight,EKGYO,44.95515839,0.452726536303
test_fy2023,2024,baseline_equal_weight,ENJSA,-6.459524574,0.542743951535
test_fy2023,2024,baseline_equal_weight,ENKAI,51.25951339,0.596461105398
test_fy2023,2024,baseline_equal_weight,EREGL,-9.193543907,0.599844930397
test_fy2023,2024,baseline_equal_weight,FROTO,-0.5509789624,0.680820453101
test_fy2023,2024,baseline_equal_weight,GARAN,12.67312237,0.818391985882
test_fy2023,2024,baseline_equal_weight,GUBRF,71.001297,0.402079280956
test_fy2023,2024,baseline_equal_weight,HALKB,15.21386831,0.509742551645
test_fy2023,2024,baseline_equal_weight,ISCTR,-24.59870773,0.788795806083
test_fy2023,2024,baseline_equal_weight,ISGYO,-3.668626392,0.434489532398
test_fy2023,2024,baseline_equal_weight,KCHOL,-29.54349868,0.75060443013
test_fy2023,2024,baseline_equal_weight,KONTR,-51.96614061,0.382779562257
test_fy2023,2024,baseline_equal_weight,KRDMD,-3.805773835,0.39322611969
test_fy2023,2024,baseline_equal_weight,KRVGD,-33.58121738,0.290899590231
test_fy2023,2024,baseline_equal_weight,KUYAS,198.0392157,0.394569637692
test_fy2023,2024,baseline_equal_weight,LOGO,45.83335173,0.271799136688
test_fy2023,2024,baseline_equal_weight,MAVI,-28.20114008,0.486384438519
test_fy2023,2024,baseline_equal_weight,MGROS,1.614068339,0.521920730198
test_fy2023,2024,baseline_equal_weight,MIATK,-4.093573215,0.427762009751
test_fy2023,2024,baseline_equal_weight,MPARK,16.22364803,0.551689001327
test_fy2023,2024,baseline_equal_weight,NETAS,-24.14035195,0.266637038992
test_fy2023,2024,baseline_equal_weight,NTGAZ,34.80663167,0.205059817967
test_fy2023,2024,baseline_equal_weight,ODAS,-41.18329189,0.411596225876
test_fy2023,2024,baseline_equal_weight,OTKAR,-19.9107867,0.516941026386
test_fy2023,2024,baseline_equal_weight,OYAKC,97.5307822,0.475994741771
test_fy2023,2024,baseline_equal_weight,PASEU,175.5634481,0.317346031862
test_fy2023,2024,baseline_equal_weight,PETKM,-20.00937407,0.415621358792
test_fy2023,2024,baseline_equal_weight,PGSUS,22.50475641,0.679966881311
test_fy2023,2024,baseline_equal_weight,PRKME,-17.55688199,0.309384734486
test_fy2023,2024,baseline_equal_weight,RGYAS,-5.929198215,0.580272181651
test_fy2023,2024,baseline_equal_weight,SAHOL,-16.45128651,0.608204090107
test_fy2023,2024,baseline_equal_weight,SASA,-34.58679716,0.50660926341
test_fy2023,2024,baseline_equal_weight,SELEC,35.83090766,0.373262844377
test_fy2023,2024,baseline_equal_weight,SISE,-21.20097717,0.629498046518
test_fy2023,2024,baseline_equal_weight,SKBNK,-8.720927126,0.453573134018
test_fy2023,2024,baseline_equal_weight,SMRTG,-37.15400167,0.3689204204
test_fy2023,2024,baseline_equal_weight,SOKM,-36.28142125,0.45948484124
test_fy2023,2024,baseline_equal_weight,TAVHL,-3.585663947,0.642689554082
test_fy2023,2024,baseline_equal_weight,TBORG,92.02748369,0.452848808238
test_fy2023,2024,baseline_equal_weight,TCELL,-3.709634979,0.675225420004
test_fy2023,2024,baseline_equal_weight,THYAO,-0.320507397,0.649503057749
test_fy2023,2024,baseline_equal_weight,TOASO,-41.73842186,0.638282236305
test_fy2023,2024,baseline_equal_weight,TRALT,35.70758612,0.43942064228
test_fy2023,2024,baseline_equal_weight,TRMET,72.46521136,0.367376532705
test_fy2023,2024,baseline_equal_weight,TSKB,-6.382975465,0.522360909201
test_fy2023,2024,baseline_equal_weight,TTKOM,4.025418815,0.671116446807
test_fy2023,2024,baseline_equal_weight,TUPRS,-9.707919196,0.591855388929
test_fy2023,2024,baseline_equal_weight,TURSG,-1.744862211,0.639329806888
test_fy2023,2024,baseline_equal_weight,ULKER,-16.59751828,0.600962661283
test_fy2023,2024,baseline_equal_weight,ULUSE,-19.82808373,0.140243673015
test_fy2023,2024,baseline_equal_weight,VAKBN,1.353636646,0.640596585989
test_fy2023,2024,baseline_equal_weight,VESTL,-43.1162812,0.484374035635
test_fy2023,2024,baseline_equal_weight,YKBNK,-26.88564436,0.735986462244
test_fy2023,2024,baseline_equal_weight,ZOREN,-36.98384412,0.521238862044
test_fy2023,2024,baseline_rank_score,AEFES,-21.91588972,0.608027908868
test_fy2023,2024,baseline_rank_score,AGESA,27.02532106,0.543026056265
test_fy2023,2024,baseline_rank_score,AGHOL,-17.41258876,0.740511981397
test_fy2023,2024,baseline_rank_score,AKBNK,-20.03652433,0.787043496315
test_fy2023,2024,baseline_rank_score,AKENR,-33.1794181,0.474654002882
test_fy2023,2024,baseline_rank_score,AKSA,12.92334084,0.415336060013
test_fy2023,2024,baseline_rank_score,AKSEN,-21.89980991,0.518376778047
test_fy2023,2024,baseline_rank_score,ALARK,-16.7080256,0.420987271407
test_fy2023,2024,baseline_rank_score,ALBRK,2.006680211,0.517964289422
test_fy2023,2024,baseline_rank_score,ANHYT,-4.108152739,0.623190075781
test_fy2023,2024,baseline_rank_score,ARCLK,-22.23482488,0.613043304493
test_fy2023,2024,baseline_rank_score,ASELS,98.83457394,0.662557079957
test_fy2023,2024,baseline_rank_score,ASTOR,16.92162045,0.513082087408
test_fy2023,2024,baseline_rank_score,BERA,-6.332005516,0.435331080909
test_fy2023,2024,baseline_rank_score,BIMAS,-5.936335766,0.66528472613
test_fy2023,2024,baseline_rank_score,BRSAN,-25.30181087,0.564826209067
test_fy2023,2024,baseline_rank_score,BTCIM,-0.3163925678,0.414972629364
test_fy2023,2024,baseline_rank_score,CANTE,-28.67770169,0.252201605798
test_fy2023,2024,baseline_rank_score,CEMTS,-0.7092322399,0.212646948325
test_fy2023,2024,baseline_rank_score,CIMSA,65.91495024,0.469530735813
test_fy2023,2024,baseline_rank_score,DEVA,-38.02992116,0.460152447323
test_fy2023,2024,baseline_rank_score,DOAS,-16.69292981,0.558651810852
test_fy2023,2024,baseline_rank_score,DOHOL,9.455785814,0.458429825159
test_fy2023,2024,baseline_rank_score,EGEEN,-25.57946581,0.398063268626
test_fy2023,2024,baseline_rank_score,EKGYO,44.95515839,0.452726536303
test_fy2023,2024,baseline_rank_score,ENJSA,-6.459524574,0.542743951535
test_fy2023,2024,baseline_rank_score,ENKAI,51.25951339,0.596461105398
test_fy2023,2024,baseline_rank_score,EREGL,-9.193543907,0.599844930397
test_fy2023,2024,baseline_rank_score,FROTO,-0.5509789624,0.680820453101
test_fy2023,2024,baseline_rank_score,GARAN,12.67312237,0.818391985882
test_fy2023,2024,baseline_rank_score,GUBRF,71.001297,0.402079280956
test_fy2023,2024,baseline_rank_score,HALKB,15.21386831,0.509742551645
test_fy2023,2024,baseline_rank_score,ISCTR,-24.59870773,0.788795806083
test_fy2023,2024,baseline_rank_score,ISGYO,-3.668626392,0.434489532398
test_fy2023,2024,baseline_rank_score,KCHOL,-29.54349868,0.75060443013
test_fy2023,2024,baseline_rank_score,KONTR,-51.96614061,0.382779562257
test_fy2023,2024,baseline_rank_score,KRDMD,-3.805773835,0.39322611969
test_fy2023,2024,baseline_rank_score,KRVGD,-33.58121738,0.290899590231
test_fy2023,2024,baseline_rank_score,KUYAS,198.0392157,0.394569637692
test_fy2023,2024,baseline_rank_score,LOGO,45.83335173,0.271799136688
test_fy2023,2024,baseline_rank_score,MAVI,-28.20114008,0.486384438519
test_fy2023,2024,baseline_rank_score,MGROS,1.614068339,0.521920730198
test_fy2023,2024,baseline_rank_score,MIATK,-4.093573215,0.427762009751
test_fy2023,2024,baseline_rank_score,MPARK,16.22364803,0.551689001327
test_fy2023,2024,baseline_rank_score,NETAS,-24.14035195,0.266637038992
test_fy2023,2024,baseline_rank_score,NTGAZ,34.80663167,0.205059817967
test_fy2023,2024,baseline_rank_score,ODAS,-41.18329189,0.411596225876
test_fy2023,2024,baseline_rank_score,OTKAR,-19.9107867,0.516941026386
test_fy2023,2024,baseline_rank_score,OYAKC,97.5307822,0.475994741771
test_fy2023,2024,baseline_rank_score,PASEU,175.5634481,0.317346031862
test_fy2023,2024,baseline_rank_score,PETKM,-20.00937407,0.415621358792
test_fy2023,2024,baseline_rank_score,PGSUS,22.50475641,0.679966881311
test_fy2023,2024,baseline_rank_score,PRKME,-17.55688199,0.309384734486
test_fy2023,2024,baseline_rank_score,RGYAS,-5.929198215,0.580272181651
test_fy2023,2024,baseline_rank_score,SAHOL,-16.45128651,0.608204090107
test_fy2023,2024,baseline_rank_score,SASA,-34.58679716,0.50660926341
test_fy2023,2024,baseline_rank_score,SELEC,35.83090766,0.373262844377
test_fy2023,2024,baseline_rank_score,SISE,-21.20097717,0.629498046518
test_fy2023,2024,baseline_rank_score,SKBNK,-8.720927126,0.453573134018
test_fy2023,2024,baseline_rank_score,SMRTG,-37.15400167,0.3689204204
test_fy2023,2024,baseline_rank_score,SOKM,-36.28142125,0.45948484124
test_fy2023,2024,baseline_rank_score,TAVHL,-3.585663947,0.642689554082
test_fy2023,2024,baseline_rank_score,TBORG,92.02748369,0.452848808238
test_fy2023,2024,baseline_rank_score,TCELL,-3.709634979,0.675225420004
test_fy2023,2024,baseline_rank_score,THYAO,-0.320507397,0.649503057749
test_fy2023,2024,baseline_rank_score,TOASO,-41.73842186,0.638282236305
test_fy2023,2024,baseline_rank_score,TRALT,35.70758612,0.43942064228
test_fy2023,2024,baseline_rank_score,TRMET,72.46521136,0.367376532705
test_fy2023,2024,baseline_rank_score,TSKB,-6.382975465,0.522360909201
test_fy2023,2024,baseline_rank_score,TTKOM,4.025418815,0.671116446807
test_fy2023,2024,baseline_rank_score,TUPRS,-9.707919196,0.591855388929
test_fy2023,2024,baseline_rank_score,TURSG,-1.744862211,0.639329806888
test_fy2023,2024,baseline_rank_score,ULKER,-16.59751828,0.600962661283
test_fy2023,2024,baseline_rank_score,ULUSE,-19.82808373,0.140243673015
test_fy2023,2024,baseline_rank_score,VAKBN,1.353636646,0.640596585989
test_fy2023,2024,baseline_rank_score,VESTL,-43.1162812,0.484374035635
test_fy2023,2024,baseline_rank_score,YKBNK,-26.88564436,0.735986462244
test_fy2023,2024,baseline_rank_score,ZOREN,-36.98384412,0.521238862044
test_fy2023,2024,robust_rank_aggregation,AEFES,-21.91588972,0.631221719457
test_fy2023,2024,robust_rank_aggregation,AGESA,27.02532106,0.586666666667
test_fy2023,2024,robust_rank_aggregation,AGHOL,-17.41258876,0.802631578947
test_fy2023,2024,robust_rank_aggregation,AKBNK,-20.03652433,0.846153846154
test_fy2023,2024,robust_rank_aggregation,AKENR,-33.1794181,0.477564102564
test_fy2023,2024,robust_rank_aggregation,AKSA,12.92334084,0.409581646424
test_fy2023,2024,robust_rank_aggregation,AKSEN,-21.89980991,0.570186875272
test_fy2023,2024,robust_rank_aggregation,ALARK,-16.7080256,0.422064777328
test_fy2023,2024,robust_rank_aggregation,ALBRK,2.006680211,0.578947368421
test_fy2023,2024,robust_rank_aggregation,ANHYT,-4.108152739,0.589743589744
test_fy2023,2024,robust_rank_aggregation,ARCLK,-22.23482488,0.665158371041
test_fy2023,2024,robust_rank_aggregation,ASELS,98.83457394,0.663796402602
test_fy2023,2024,robust_rank_aggregation,ASTOR,16.92162045,0.486486486486
test_fy2023,2024,robust_rank_aggregation,BERA,-6.332005516,0.388059701493
test_fy2023,2024,robust_rank_aggregation,BIMAS,-5.936335766,0.738461538462
test_fy2023,2024,robust_rank_aggregation,BRSAN,-25.30181087,0.537887485649
test_fy2023,2024,robust_rank_aggregation,BTCIM,-0.3163925678,0.352181400689
test_fy2023,2024,robust_rank_aggregation,CANTE,-28.67770169,0.194029850746
test_fy2023,2024,robust_rank_aggregation,CEMTS,-0.7092322399,0.166666666667
test_fy2023,2024,robust_rank_aggregation,CIMSA,65.91495024,0.464676616915
test_fy2023,2024,robust_rank_aggregation,DEVA,-38.02992116,0.433721224387
test_fy2023,2024,robust_rank_aggregation,DOAS,-16.69292981,0.578655578656
test_fy2023,2024,robust_rank_aggregation,DOHOL,9.455785814,0.544871794872
test_fy2023,2024,robust_rank_aggregation,EGEEN,-25.57946581,0.316972828167
test_fy2023,2024,robust_rank_aggregation,EKGYO,44.95515839,0.525641025641
test_fy2023,2024,robust_rank_aggregation,ENJSA,-6.459524574,0.551619433198
test_fy2023,2024,robust_rank_aggregation,ENKAI,51.25951339,0.696900114811
test_fy2023,2024,robust_rank_aggregation,EREGL,-9.193543907,0.684305744007
test_fy2023,2024,robust_rank_aggregation,FROTO,-0.5509789624,0.783783783784
test_fy2023,2024,robust_rank_aggregation,GARAN,12.67312237,0.884615384615
test_fy2023,2024,robust_rank_aggregation,GUBRF,71.001297,0.358208955224
test_fy2023,2024,robust_rank_aggregation,HALKB,15.21386831,0.589743589744
test_fy2023,2024,robust_rank_aggregation,ISCTR,-24.59870773,0.894736842105
test_fy2023,2024,robust_rank_aggregation,ISGYO,-3.668626392,0.405439905734
test_fy2023,2024,robust_rank_aggregation,KCHOL,-29.54349868,0.873104371097
test_fy2023,2024,robust_rank_aggregation,KONTR,-51.96614061,0.297297297297
test_fy2023,2024,robust_rank_aggregation,KRDMD,-3.805773835,0.417910447761
test_fy2023,2024,robust_rank_aggregation,KRVGD,-33.58121738,0.260995024876
test_fy2023,2024,robust_rank_aggregation,KUYAS,198.0392157,0.269463493344
test_fy2023,2024,robust_rank_aggregation,LOGO,45.83335173,0.194029850746
test_fy2023,2024,robust_rank_aggregation,MAVI,-28.20114008,0.407830907831
test_fy2023,2024,robust_rank_aggregation,MGROS,1.614068339,0.594594594595
test_fy2023,2024,robust_rank_aggregation,MIATK,-4.093573215,0.238374619731
test_fy2023,2024,robust_rank_aggregation,MPARK,16.22364803,0.55223880597
test_fy2023,2024,robust_rank_aggregation,NETAS,-24.14035195,0.165422885572
test_fy2023,2024,robust_rank_aggregation,NTGAZ,34.80663167,0.166666666667
test_fy2023,2024,robust_rank_aggregation,ODAS,-41.18329189,0.328358208955
test_fy2023,2024,robust_rank_aggregation,OTKAR,-19.9107867,0.510647544546
test_fy2023,2024,robust_rank_aggregation,OYAKC,97.5307822,0.451960784314
test_fy2023,2024,robust_rank_aggregation,PASEU,175.5634481,0.189189189189
test_fy2023,2024,robust_rank_aggregation,PETKM,-20.00937407,0.513513513514
test_fy2023,2024,robust_rank_aggregation,PGSUS,22.50475641,0.732338308458
test_fy2023,2024,robust_rank_aggregation,PRKME,-17.55688199,0.263157894737
test_fy2023,2024,robust_rank_aggregation,RGYAS,-5.929198215,0.641025641026
test_fy2023,2024,robust_rank_aggregation,SAHOL,-16.45128651,0.644736842105
test_fy2023,2024,robust_rank_aggregation,SASA,-34.58679716,0.589743589744
test_fy2023,2024,robust_rank_aggregation,SELEC,35.83090766,0.333333333333
test_fy2023,2024,robust_rank_aggregation,SISE,-21.20097717,0.703687445127
test_fy2023,2024,robust_rank_aggregation,SKBNK,-8.720927126,0.448717948718
test_fy2023,2024,robust_rank_aggregation,SMRTG,-37.15400167,0.328358208955
test_fy2023,2024,robust_rank_aggregation,SOKM,-36.28142125,0.477611940299
test_fy2023,2024,robust_rank_aggregation,TAVHL,-3.585663947,0.641791044776
test_fy2023,2024,robust_rank_aggregation,TBORG,92.02748369,0.44776119403
test_fy2023,2024,robust_rank_aggregation,TCELL,-3.709634979,0.723839223839
test_fy2023,2024,robust_rank_aggregation,THYAO,-0.320507397,0.716216216216
test_fy2023,2024,robust_rank_aggregation,TOASO,-41.73842186,0.688584106495
test_fy2023,2024,robust_rank_aggregation,TRALT,35.70758612,0.331898201301
test_fy2023,2024,robust_rank_aggregation,TRMET,72.46521136,0.236596736597
test_fy2023,2024,robust_rank_aggregation,TSKB,-6.382975465,0.550121016539
test_fy2023,2024,robust_rank_aggregation,TTKOM,4.025418815,0.700035561878
test_fy2023,2024,robust_rank_aggregation,TUPRS,-9.707919196,0.615384615385
test_fy2023,2024,robust_rank_aggregation,TURSG,-1.744862211,0.601282051282
test_fy2023,2024,robust_rank_aggregation,ULKER,-16.59751828,0.567117117117
test_fy2023,2024,robust_rank_aggregation,ULUSE,-19.82808373,0.10447761194
test_fy2023,2024,robust_rank_aggregation,VAKBN,1.353636646,0.592105263158
test_fy2023,2024,robust_rank_aggregation,VESTL,-43.1162812,0.516025641026
test_fy2023,2024,robust_rank_aggregation,YKBNK,-26.88564436,0.792172739541
test_fy2023,2024,robust_rank_aggregation,ZOREN,-36.98384412,0.509615384615
test_fy2023,2024,linear_regression,AEFES,-21.91588972,112.821201783
test_fy2023,2024,linear_regression,AGESA,27.02532106,332.484748621
test_fy2023,2024,linear_regression,AGHOL,-17.41258876,214.855392151
test_fy2023,2024,linear_regression,AKBNK,-20.03652433,240.213129752
test_fy2023,2024,linear_regression,AKENR,-33.1794181,214.691090752
test_fy2023,2024,linear_regression,AKSA,12.92334084,106.473955671
test_fy2023,2024,linear_regression,AKSEN,-21.89980991,151.307553547
test_fy2023,2024,linear_regression,ALARK,-16.7080256,97.2790492531
test_fy2023,2024,linear_regression,ALBRK,2.006680211,263.02434489
test_fy2023,2024,linear_regression,ANHYT,-4.108152739,294.168499004
test_fy2023,2024,linear_regression,ARCLK,-22.23482488,135.518663486
test_fy2023,2024,linear_regression,ASELS,98.83457394,95.5889379666
test_fy2023,2024,linear_regression,ASTOR,16.92162045,-17.9692113563
test_fy2023,2024,linear_regression,BERA,-6.332005516,151.217756357
test_fy2023,2024,linear_regression,BIMAS,-5.936335766,-27.5310009202
test_fy2023,2024,linear_regression,BRSAN,-25.30181087,14.366372303
test_fy2023,2024,linear_regression,BTCIM,-0.3163925678,212.723055256
test_fy2023,2024,linear_regression,CANTE,-28.67770169,-17.5693648184
test_fy2023,2024,linear_regression,CEMTS,-0.7092322399,50.3525634104
test_fy2023,2024,linear_regression,CIMSA,65.91495024,190.427008574
test_fy2023,2024,linear_regression,DEVA,-38.02992116,143.210861582
test_fy2023,2024,linear_regression,DOAS,-16.69292981,179.696112549
test_fy2023,2024,linear_regression,DOHOL,9.455785814,132.439050258
test_fy2023,2024,linear_regression,EGEEN,-25.57946581,53.242419035
test_fy2023,2024,linear_regression,EKGYO,44.95515839,138.687521581
test_fy2023,2024,linear_regression,ENJSA,-6.459524574,118.067229282
test_fy2023,2024,linear_regression,ENKAI,51.25951339,225.643987585
test_fy2023,2024,linear_regression,EREGL,-9.193543907,285.148017459
test_fy2023,2024,linear_regression,FROTO,-0.5509789624,74.4507716782
test_fy2023,2024,linear_regression,GARAN,12.67312237,277.894158216
test_fy2023,2024,linear_regression,GUBRF,71.001297,51.5368880689
test_fy2023,2024,linear_regression,HALKB,15.21386831,210.810284711
test_fy2023,2024,linear_regression,ISCTR,-24.59870773,246.372902935
test_fy2023,2024,linear_regression,ISGYO,-3.668626392,47.3390694529
test_fy2023,2024,linear_regression,KCHOL,-29.54349868,186.544892144
test_fy2023,2024,linear_regression,KONTR,-51.96614061,147.950470177
test_fy2023,2024,linear_regression,KRDMD,-3.805773835,205.58063247
test_fy2023,2024,linear_regression,KRVGD,-33.58121738,97.2660559133
test_fy2023,2024,linear_regression,KUYAS,198.0392157,114.399686359
test_fy2023,2024,linear_regression,LOGO,45.83335173,95.8231742582
test_fy2023,2024,linear_regression,MAVI,-28.20114008,160.855924433
test_fy2023,2024,linear_regression,MGROS,1.614068339,-57.0935952276
test_fy2023,2024,linear_regression,MIATK,-4.093573215,194.747127009
test_fy2023,2024,linear_regression,MPARK,16.22364803,154.932688665
test_fy2023,2024,linear_regression,NETAS,-24.14035195,285.408541881
test_fy2023,2024,linear_regression,NTGAZ,34.80663167,20.2531128547
test_fy2023,2024,linear_regression,ODAS,-41.18329189,156.509230022
test_fy2023,2024,linear_regression,OTKAR,-19.9107867,229.803783214
test_fy2023,2024,linear_regression,OYAKC,97.5307822,68.7471622311
test_fy2023,2024,linear_regression,PASEU,175.5634481,363.370946073
test_fy2023,2024,linear_regression,PETKM,-20.00937407,171.971007224
test_fy2023,2024,linear_regression,PGSUS,22.50475641,191.363596623
test_fy2023,2024,linear_regression,PRKME,-17.55688199,63.5354718354
test_fy2023,2024,linear_regression,RGYAS,-5.929198215,157.600705845
test_fy2023,2024,linear_regression,SAHOL,-16.45128651,151.297888186
test_fy2023,2024,linear_regression,SASA,-34.58679716,297.001857995
test_fy2023,2024,linear_regression,SELEC,35.83090766,116.198705384
test_fy2023,2024,linear_regression,SISE,-21.20097717,170.203014564
test_fy2023,2024,linear_regression,SKBNK,-8.720927126,159.961822594
test_fy2023,2024,linear_regression,SMRTG,-37.15400167,192.066407416
test_fy2023,2024,linear_regression,SOKM,-36.28142125,99.3475121722
test_fy2023,2024,linear_regression,TAVHL,-3.585663947,98.183011489
test_fy2023,2024,linear_regression,TBORG,92.02748369,66.7377473843
test_fy2023,2024,linear_regression,TCELL,-3.709634979,89.6788524935
test_fy2023,2024,linear_regression,THYAO,-0.320507397,269.201912035
test_fy2023,2024,linear_regression,TOASO,-41.73842186,145.024475457
test_fy2023,2024,linear_regression,TRALT,35.70758612,82.1111467899
test_fy2023,2024,linear_regression,TRMET,72.46521136,281.171671256
test_fy2023,2024,linear_regression,TSKB,-6.382975465,262.143137567
test_fy2023,2024,linear_regression,TTKOM,4.025418815,93.5022628162
test_fy2023,2024,linear_regression,TUPRS,-9.707919196,-66.2111964109
test_fy2023,2024,linear_regression,TURSG,-1.744862211,182.929299642
test_fy2023,2024,linear_regression,ULKER,-16.59751828,249.056572055
test_fy2023,2024,linear_regression,ULUSE,-19.82808373,85.4351698208
test_fy2023,2024,linear_regression,VAKBN,1.353636646,229.578670116
test_fy2023,2024,linear_regression,VESTL,-43.1162812,155.907845978
test_fy2023,2024,linear_regression,YKBNK,-26.88564436,247.722593081
test_fy2023,2024,linear_regression,ZOREN,-36.98384412,266.923919747
test_fy2023,2024,ridge,AEFES,-21.91588972,115.225158109
test_fy2023,2024,ridge,AGESA,27.02532106,245.149296112
test_fy2023,2024,ridge,AGHOL,-17.41258876,147.362576386
test_fy2023,2024,ridge,AKBNK,-20.03652433,190.756174879
test_fy2023,2024,ridge,AKENR,-33.1794181,126.081659925
test_fy2023,2024,ridge,AKSA,12.92334084,103.534902802
test_fy2023,2024,ridge,AKSEN,-21.89980991,148.986788945
test_fy2023,2024,ridge,ALARK,-16.7080256,147.989020955
test_fy2023,2024,ridge,ALBRK,2.006680211,209.615586521
test_fy2023,2024,ridge,ANHYT,-4.108152739,226.434546161
test_fy2023,2024,ridge,ARCLK,-22.23482488,130.871337565
test_fy2023,2024,ridge,ASELS,98.83457394,82.5676000353
test_fy2023,2024,ridge,ASTOR,16.92162045,44.9768173905
test_fy2023,2024,ridge,BERA,-6.332005516,132.859319378
test_fy2023,2024,ridge,BIMAS,-5.936335766,18.7516643097
test_fy2023,2024,ridge,BRSAN,-25.30181087,20.091062427
test_fy2023,2024,ridge,BTCIM,-0.3163925678,159.017376801
test_fy2023,2024,ridge,CANTE,-28.67770169,50.6825565948
test_fy2023,2024,ridge,CEMTS,-0.7092322399,61.9666205889
test_fy2023,2024,ridge,CIMSA,65.91495024,169.480680646
test_fy2023,2024,ridge,DEVA,-38.02992116,131.074895922
test_fy2023,2024,ridge,DOAS,-16.69292981,147.405315055
test_fy2023,2024,ridge,DOHOL,9.455785814,111.91682097
test_fy2023,2024,ridge,EGEEN,-25.57946581,44.8606264126
test_fy2023,2024,ridge,EKGYO,44.95515839,85.4072557885
test_fy2023,2024,ridge,ENJSA,-6.459524574,94.7276510852
test_fy2023,2024,ridge,ENKAI,51.25951339,178.222948227
test_fy2023,2024,ridge,EREGL,-9.193543907,201.529409211
test_fy2023,2024,ridge,FROTO,-0.5509789624,67.9682699176
test_fy2023,2024,ridge,GARAN,12.67312237,216.185838023
test_fy2023,2024,ridge,GUBRF,71.001297,37.0397448532
test_fy2023,2024,ridge,HALKB,15.21386831,180.622772731
test_fy2023,2024,ridge,ISCTR,-24.59870773,194.694241754
test_fy2023,2024,ridge,ISGYO,-3.668626392,96.5948495756
test_fy2023,2024,ridge,KCHOL,-29.54349868,144.509966046
test_fy2023,2024,ridge,KONTR,-51.96614061,152.736514919
test_fy2023,2024,ridge,KRDMD,-3.805773835,200.534914279
test_fy2023,2024,ridge,KRVGD,-33.58121738,83.4601853446
test_fy2023,2024,ridge,KUYAS,198.0392157,117.381143508
test_fy2023,2024,ridge,LOGO,45.83335173,74.1339555084
test_fy2023,2024,ridge,MAVI,-28.20114008,125.268229759
test_fy2023,2024,ridge,MGROS,1.614068339,66.0434007227
test_fy2023,2024,ridge,MIATK,-4.093573215,138.825243557
test_fy2023,2024,ridge,MPARK,16.22364803,118.674880387
test_fy2023,2024,ridge,NETAS,-24.14035195,168.641614691
test_fy2023,2024,ridge,NTGAZ,34.80663167,34.0303370465
test_fy2023,2024,ridge,ODAS,-41.18329189,145.365811856
test_fy2023,2024,ridge,OTKAR,-19.9107867,154.061226764
test_fy2023,2024,ridge,OYAKC,97.5307822,76.9480966229
test_fy2023,2024,ridge,PASEU,175.5634481,261.05849582
test_fy2023,2024,ridge,PETKM,-20.00937407,184.10673201
test_fy2023,2024,ridge,PGSUS,22.50475641,157.705125469
test_fy2023,2024,ridge,PRKME,-17.55688199,86.7677110827
test_fy2023,2024,ridge,RGYAS,-5.929198215,167.449284106
test_fy2023,2024,ridge,SAHOL,-16.45128651,113.616570346
test_fy2023,2024,ridge,SASA,-34.58679716,224.640221021
test_fy2023,2024,ridge,SELEC,35.83090766,77.068687645
test_fy2023,2024,ridge,SISE,-21.20097717,119.867389409
test_fy2023,2024,ridge,SKBNK,-8.720927126,149.239533372
test_fy2023,2024,ridge,SMRTG,-37.15400167,129.146061833
test_fy2023,2024,ridge,SOKM,-36.28142125,110.416762749
test_fy2023,2024,ridge,TAVHL,-3.585663947,125.600437815
test_fy2023,2024,ridge,TBORG,92.02748369,63.6321874775
test_fy2023,2024,ridge,TCELL,-3.709634979,92.7668378749
test_fy2023,2024,ridge,THYAO,-0.320507397,210.248965658
test_fy2023,2024,ridge,TOASO,-41.73842186,159.83893031
test_fy2023,2024,ridge,TRALT,35.70758612,74.3840078855
test_fy2023,2024,ridge,TRMET,72.46521136,216.755845126
test_fy2023,2024,ridge,TSKB,-6.382975465,244.1354673
test_fy2023,2024,ridge,TTKOM,4.025418815,131.914991397
test_fy2023,2024,ridge,TUPRS,-9.707919196,-13.9788278405
test_fy2023,2024,ridge,TURSG,-1.744862211,161.056324991
test_fy2023,2024,ridge,ULKER,-16.59751828,185.833686678
test_fy2023,2024,ridge,ULUSE,-19.82808373,52.2980267545
test_fy2023,2024,ridge,VAKBN,1.353636646,189.54168276
test_fy2023,2024,ridge,VESTL,-43.1162812,97.9928385305
test_fy2023,2024,ridge,YKBNK,-26.88564436,193.927194312
test_fy2023,2024,ridge,ZOREN,-36.98384412,203.974988339
test_fy2023,2024,lasso,AEFES,-21.91588972,107.90911584
test_fy2023,2024,lasso,AGESA,27.02532106,286.500575855
test_fy2023,2024,lasso,AGHOL,-17.41258876,172.28545731
test_fy2023,2024,lasso,AKBNK,-20.03652433,208.767373208
test_fy2023,2024,lasso,AKENR,-33.1794181,154.968130964
test_fy2023,2024,lasso,AKSA,12.92334084,86.8663513612
test_fy2023,2024,lasso,AKSEN,-21.89980991,137.207236667
test_fy2023,2024,lasso,ALARK,-16.7080256,102.771460865
test_fy2023,2024,lasso,ALBRK,2.006680211,227.763997972
test_fy2023,2024,lasso,ANHYT,-4.108152739,255.800554275
test_fy2023,2024,lasso,ARCLK,-22.23482488,123.52634542
test_fy2023,2024,lasso,ASELS,98.83457394,69.3041157306
test_fy2023,2024,lasso,ASTOR,16.92162045,-4.78875103263
test_fy2023,2024,lasso,BERA,-6.332005516,134.314187577
test_fy2023,2024,lasso,BIMAS,-5.936335766,-22.4822439752
test_fy2023,2024,lasso,BRSAN,-25.30181087,8.02642844278
test_fy2023,2024,lasso,BTCIM,-0.3163925678,190.955558828
test_fy2023,2024,lasso,CANTE,-28.67770169,0.464034031205
test_fy2023,2024,lasso,CEMTS,-0.7092322399,46.6129770291
test_fy2023,2024,lasso,CIMSA,65.91495024,173.22964165
test_fy2023,2024,lasso,DEVA,-38.02992116,121.540863869
test_fy2023,2024,lasso,DOAS,-16.69292981,164.423388881
test_fy2023,2024,lasso,DOHOL,9.455785814,113.243895491
test_fy2023,2024,lasso,EGEEN,-25.57946581,31.3657330673
test_fy2023,2024,lasso,EKGYO,44.95515839,102.749396098
test_fy2023,2024,lasso,ENJSA,-6.459524574,94.9681402264
test_fy2023,2024,lasso,ENKAI,51.25951339,195.369501629
test_fy2023,2024,lasso,EREGL,-9.193543907,232.195578107
test_fy2023,2024,lasso,FROTO,-0.5509789624,61.7788658276
test_fy2023,2024,lasso,GARAN,12.67312237,242.81665195
test_fy2023,2024,lasso,GUBRF,71.001297,33.5934649479
test_fy2023,2024,lasso,HALKB,15.21386831,182.080511027
test_fy2023,2024,lasso,ISCTR,-24.59870773,213.734783859
test_fy2023,2024,lasso,ISGYO,-3.668626392,48.6278698223
test_fy2023,2024,lasso,KCHOL,-29.54349868,165.340050178
test_fy2023,2024,lasso,KONTR,-51.96614061,145.191809033
test_fy2023,2024,lasso,KRDMD,-3.805773835,194.525652052
test_fy2023,2024,lasso,KRVGD,-33.58121738,78.122966958
test_fy2023,2024,lasso,KUYAS,198.0392157,100.011821909
test_fy2023,2024,lasso,LOGO,45.83335173,63.1497501318
test_fy2023,2024,lasso,MAVI,-28.20114008,137.238582881
test_fy2023,2024,lasso,MGROS,1.614068339,-10.0860719417
test_fy2023,2024,lasso,MIATK,-4.093573215,157.388685309
test_fy2023,2024,lasso,MPARK,16.22364803,124.475080273
test_fy2023,2024,lasso,NETAS,-24.14035195,226.441176828
test_fy2023,2024,lasso,NTGAZ,34.80663167,7.99995104915
test_fy2023,2024,lasso,ODAS,-41.18329189,139.825704063
test_fy2023,2024,lasso,OTKAR,-19.9107867,188.019424647
test_fy2023,2024,lasso,OYAKC,97.5307822,55.8008986723
test_fy2023,2024,lasso,PASEU,175.5634481,308.119169519
test_fy2023,2024,lasso,PETKM,-20.00937407,170.158612606
test_fy2023,2024,lasso,PGSUS,22.50475641,166.46227103
test_fy2023,2024,lasso,PRKME,-17.55688199,53.9906420232
test_fy2023,2024,lasso,RGYAS,-5.929198215,147.232061291
test_fy2023,2024,lasso,SAHOL,-16.45128651,120.466029596
test_fy2023,2024,lasso,SASA,-34.58679716,261.672261541
test_fy2023,2024,lasso,SELEC,35.83090766,84.6757738794
test_fy2023,2024,lasso,SISE,-21.20097717,137.276049976
test_fy2023,2024,lasso,SKBNK,-8.720927126,143.59694081
test_fy2023,2024,lasso,SMRTG,-37.15400167,160.323151448
test_fy2023,2024,lasso,SOKM,-36.28142125,104.230728943
test_fy2023,2024,lasso,TAVHL,-3.585663947,96.3725390759
test_fy2023,2024,lasso,TBORG,92.02748369,43.3865755863
test_fy2023,2024,lasso,TCELL,-3.709634979,72.9207180128
test_fy2023,2024,lasso,THYAO,-0.320507397,236.72582816
test_fy2023,2024,lasso,TOASO,-41.73842186,135.514514813
test_fy2023,2024,lasso,TRALT,35.70758612,60.8781324734
test_fy2023,2024,lasso,TRMET,72.46521136,248.551670893
test_fy2023,2024,lasso,TSKB,-6.382975465,243.420891294
test_fy2023,2024,lasso,TTKOM,4.025418815,99.7622085963
test_fy2023,2024,lasso,TUPRS,-9.707919196,-66.4126030439
test_fy2023,2024,lasso,TURSG,-1.744862211,160.1621627
test_fy2023,2024,lasso,ULKER,-16.59751828,212.641314028
test_fy2023,2024,lasso,ULUSE,-19.82808373,54.2150734936
test_fy2023,2024,lasso,VAKBN,1.353636646,200.037820657
test_fy2023,2024,lasso,VESTL,-43.1162812,106.171730842
test_fy2023,2024,lasso,YKBNK,-26.88564436,218.888204831
test_fy2023,2024,lasso,ZOREN,-36.98384412,227.088692783
test_fy2023,2024,elasticnet,AEFES,-21.91588972,132.732994014
test_fy2023,2024,elasticnet,AGESA,27.02532106,177.980995009
test_fy2023,2024,elasticnet,AGHOL,-17.41258876,134.233345067
test_fy2023,2024,elasticnet,AKBNK,-20.03652433,157.641186681
test_fy2023,2024,elasticnet,AKENR,-33.1794181,119.00288886
test_fy2023,2024,elasticnet,AKSA,12.92334084,121.362726007
test_fy2023,2024,elasticnet,AKSEN,-21.89980991,141.672116227
test_fy2023,2024,elasticnet,ALARK,-16.7080256,149.559820076
test_fy2023,2024,elasticnet,ALBRK,2.006680211,165.030621593
test_fy2023,2024,elasticnet,ANHYT,-4.108152739,169.172172293
test_fy2023,2024,elasticnet,ARCLK,-22.23482488,142.865855072
test_fy2023,2024,elasticnet,ASELS,98.83457394,94.5230591032
test_fy2023,2024,elasticnet,ASTOR,16.92162045,88.3323710025
test_fy2023,2024,elasticnet,BERA,-6.332005516,130.154582377
test_fy2023,2024,elasticnet,BIMAS,-5.936335766,74.1185753849
test_fy2023,2024,elasticnet,BRSAN,-25.30181087,63.9798351884
test_fy2023,2024,elasticnet,BTCIM,-0.3163925678,140.535984464
test_fy2023,2024,elasticnet,CANTE,-28.67770169,96.0921576238
test_fy2023,2024,elasticnet,CEMTS,-0.7092322399,95.1357146022
test_fy2023,2024,elasticnet,CIMSA,65.91495024,158.412870013
test_fy2023,2024,elasticnet,DEVA,-38.02992116,134.242239967
test_fy2023,2024,elasticnet,DOAS,-16.69292981,147.728655573
test_fy2023,2024,elasticnet,DOHOL,9.455785814,117.194503229
test_fy2023,2024,elasticnet,EGEEN,-25.57946581,91.096008792
test_fy2023,2024,elasticnet,EKGYO,44.95515839,106.891301775
test_fy2023,2024,elasticnet,ENJSA,-6.459524574,109.744135174
test_fy2023,2024,elasticnet,ENKAI,51.25951339,145.950579241
test_fy2023,2024,elasticnet,EREGL,-9.193543907,151.346333335
test_fy2023,2024,elasticnet,FROTO,-0.5509789624,103.039585052
test_fy2023,2024,elasticnet,GARAN,12.67312237,170.296092944
test_fy2023,2024,elasticnet,GUBRF,71.001297,74.7598239387
test_fy2023,2024,elasticnet,HALKB,15.21386831,158.747886591
test_fy2023,2024,elasticnet,ISCTR,-24.59870773,160.016011258
test_fy2023,2024,elasticnet,ISGYO,-3.668626392,124.420998868
test_fy2023,2024,elasticnet,KCHOL,-29.54349868,135.428039133
test_fy2023,2024,elasticnet,KONTR,-51.96614061,158.048357611
test_fy2023,2024,elasticnet,KRDMD,-3.805773835,163.833265189
test_fy2023,2024,elasticnet,KRVGD,-33.58121738,107.995184051
test_fy2023,2024,elasticnet,KUYAS,198.0392157,139.140243999
test_fy2023,2024,elasticnet,LOGO,45.83335173,104.717387101
test_fy2023,2024,elasticnet,MAVI,-28.20114008,128.850939856
test_fy2023,2024,elasticnet,MGROS,1.614068339,129.395796306
test_fy2023,2024,elasticnet,MIATK,-4.093573215,127.316685734
test_fy2023,2024,elasticnet,MPARK,16.22364803,125.642503998
test_fy2023,2024,elasticnet,NETAS,-24.14035195,139.654702132
test_fy2023,2024,elasticnet,NTGAZ,34.80663167,82.2650393225
test_fy2023,2024,elasticnet,ODAS,-41.18329189,140.16666832
test_fy2023,2024,elasticnet,OTKAR,-19.9107867,134.242151104
test_fy2023,2024,elasticnet,OYAKC,97.5307822,112.207180163
test_fy2023,2024,elasticnet,PASEU,175.5634481,188.610511895
test_fy2023,2024,elasticnet,PETKM,-20.00937407,175.612209883
test_fy2023,2024,elasticnet,PGSUS,22.50475641,156.302019248
test_fy2023,2024,elasticnet,PRKME,-17.55688199,112.708312077
test_fy2023,2024,elasticnet,RGYAS,-5.929198215,155.65974666
test_fy2023,2024,elasticnet,SAHOL,-16.45128651,124.657311951
test_fy2023,2024,elasticnet,SASA,-34.58679716,189.251947462
test_fy2023,2024,elasticnet,SELEC,35.83090766,96.4187892918
test_fy2023,2024,elasticnet,SISE,-21.20097717,121.482534644
test_fy2023,2024,elasticnet,SKBNK,-8.720927126,136.984808819
test_fy2023,2024,elasticnet,SMRTG,-37.15400167,126.731938708
test_fy2023,2024,elasticnet,SOKM,-36.28142125,129.189921191
test_fy2023,2024,elasticnet,TAVHL,-3.585663947,138.521953482
test_fy2023,2024,elasticnet,TBORG,92.02748369,97.3902131621
test_fy2023,2024,elasticnet,TCELL,-3.709634979,109.226852775
test_fy2023,2024,elasticnet,THYAO,-0.320507397,179.044477704
test_fy2023,2024,elasticnet,TOASO,-41.73842186,150.360860855
test_fy2023,2024,elasticnet,TRALT,35.70758612,86.659383058
test_fy2023,2024,elasticnet,TRMET,72.46521136,160.793846486
test_fy2023,2024,elasticnet,TSKB,-6.382975465,197.340017854
test_fy2023,2024,elasticnet,TTKOM,4.025418815,138.403466373
test_fy2023,2024,elasticnet,TUPRS,-9.707919196,75.9094606084
test_fy2023,2024,elasticnet,TURSG,-1.744862211,144.024528333
test_fy2023,2024,elasticnet,ULKER,-16.59751828,154.011952398
test_fy2023,2024,elasticnet,ULUSE,-19.82808373,90.4410067234
test_fy2023,2024,elasticnet,VAKBN,1.353636646,159.676871271
test_fy2023,2024,elasticnet,VESTL,-43.1162812,113.102220079
test_fy2023,2024,elasticnet,YKBNK,-26.88564436,157.113720733
test_fy2023,2024,elasticnet,ZOREN,-36.98384412,162.884329962
test_fy2023,2024,random_forest,AEFES,-21.91588972,149.028901589
test_fy2023,2024,random_forest,AGESA,27.02532106,215.11784722
test_fy2023,2024,random_forest,AGHOL,-17.41258876,143.746316444
test_fy2023,2024,random_forest,AKBNK,-20.03652433,185.499566446
test_fy2023,2024,random_forest,AKENR,-33.1794181,136.731651267
test_fy2023,2024,random_forest,AKSA,12.92334084,123.41819416
test_fy2023,2024,random_forest,AKSEN,-21.89980991,123.826896359
test_fy2023,2024,random_forest,ALARK,-16.7080256,118.254349913
test_fy2023,2024,random_forest,ALBRK,2.006680211,152.522165116
test_fy2023,2024,random_forest,ANHYT,-4.108152739,175.675912282
test_fy2023,2024,random_forest,ARCLK,-22.23482488,127.648264996
test_fy2023,2024,random_forest,ASELS,98.83457394,122.017889598
test_fy2023,2024,random_forest,ASTOR,16.92162045,115.204715989
test_fy2023,2024,random_forest,BERA,-6.332005516,113.762128912
test_fy2023,2024,random_forest,BIMAS,-5.936335766,126.841460432
test_fy2023,2024,random_forest,BRSAN,-25.30181087,113.332928538
test_fy2023,2024,random_forest,BTCIM,-0.3163925678,144.834206328
test_fy2023,2024,random_forest,CANTE,-28.67770169,106.238040985
test_fy2023,2024,random_forest,CEMTS,-0.7092322399,115.961793253
test_fy2023,2024,random_forest,CIMSA,65.91495024,147.795798295
test_fy2023,2024,random_forest,DEVA,-38.02992116,114.999542955
test_fy2023,2024,random_forest,DOAS,-16.69292981,174.548830086
test_fy2023,2024,random_forest,DOHOL,9.455785814,108.415569918
test_fy2023,2024,random_forest,EGEEN,-25.57946581,108.048492054
test_fy2023,2024,random_forest,EKGYO,44.95515839,111.057224016
test_fy2023,2024,random_forest,ENJSA,-6.459524574,113.612602811
test_fy2023,2024,random_forest,ENKAI,51.25951339,186.826918791
test_fy2023,2024,random_forest,EREGL,-9.193543907,189.569461354
test_fy2023,2024,random_forest,FROTO,-0.5509789624,113.941501899
test_fy2023,2024,random_forest,GARAN,12.67312237,194.516745644
test_fy2023,2024,random_forest,GUBRF,71.001297,111.22220184
test_fy2023,2024,random_forest,HALKB,15.21386831,133.614816628
test_fy2023,2024,random_forest,ISCTR,-24.59870773,172.435067757
test_fy2023,2024,random_forest,ISGYO,-3.668626392,125.909430703
test_fy2023,2024,random_forest,KCHOL,-29.54349868,154.416464276
test_fy2023,2024,random_forest,KONTR,-51.96614061,163.688177407
test_fy2023,2024,random_forest,KRDMD,-3.805773835,201.351610163
test_fy2023,2024,random_forest,KRVGD,-33.58121738,95.5174081795
test_fy2023,2024,random_forest,KUYAS,198.0392157,194.454646088
test_fy2023,2024,random_forest,LOGO,45.83335173,106.498420779
test_fy2023,2024,random_forest,MAVI,-28.20114008,144.745334349
test_fy2023,2024,random_forest,MGROS,1.614068339,125.808676077
test_fy2023,2024,random_forest,MIATK,-4.093573215,179.918122961
test_fy2023,2024,random_forest,MPARK,16.22364803,135.057883272
test_fy2023,2024,random_forest,NETAS,-24.14035195,166.68574201
test_fy2023,2024,random_forest,NTGAZ,34.80663167,96.7575909639
test_fy2023,2024,random_forest,ODAS,-41.18329189,139.587832413
test_fy2023,2024,random_forest,OTKAR,-19.9107867,128.354692938
test_fy2023,2024,random_forest,OYAKC,97.5307822,119.585025323
test_fy2023,2024,random_forest,PASEU,175.5634481,198.616783341
test_fy2023,2024,random_forest,PETKM,-20.00937407,152.806835098
test_fy2023,2024,random_forest,PGSUS,22.50475641,154.32855038
test_fy2023,2024,random_forest,PRKME,-17.55688199,119.704551911
test_fy2023,2024,random_forest,RGYAS,-5.929198215,180.163238346
test_fy2023,2024,random_forest,SAHOL,-16.45128651,133.276288927
test_fy2023,2024,random_forest,SASA,-34.58679716,148.874531622
test_fy2023,2024,random_forest,SELEC,35.83090766,100.085009221
test_fy2023,2024,random_forest,SISE,-21.20097717,132.184731225
test_fy2023,2024,random_forest,SKBNK,-8.720927126,129.739579452
test_fy2023,2024,random_forest,SMRTG,-37.15400167,168.757589539
test_fy2023,2024,random_forest,SOKM,-36.28142125,118.254039717
test_fy2023,2024,random_forest,TAVHL,-3.585663947,124.630012813
test_fy2023,2024,random_forest,TBORG,92.02748369,112.152945107
test_fy2023,2024,random_forest,TCELL,-3.709634979,135.928556003
test_fy2023,2024,random_forest,THYAO,-0.320507397,211.207510966
test_fy2023,2024,random_forest,TOASO,-41.73842186,124.383512625
test_fy2023,2024,random_forest,TRALT,35.70758612,114.969884362
test_fy2023,2024,random_forest,TRMET,72.46521136,182.771097909
test_fy2023,2024,random_forest,TSKB,-6.382975465,164.545657643
test_fy2023,2024,random_forest,TTKOM,4.025418815,135.334385441
test_fy2023,2024,random_forest,TUPRS,-9.707919196,128.997215965
test_fy2023,2024,random_forest,TURSG,-1.744862211,117.212972885
test_fy2023,2024,random_forest,ULKER,-16.59751828,151.114293709
test_fy2023,2024,random_forest,ULUSE,-19.82808373,111.697323123
test_fy2023,2024,random_forest,VAKBN,1.353636646,150.398178877
test_fy2023,2024,random_forest,VESTL,-43.1162812,115.296182582
test_fy2023,2024,random_forest,YKBNK,-26.88564436,175.475954843
test_fy2023,2024,random_forest,ZOREN,-36.98384412,132.979112103
test_fy2023,2024,gradient_boosting,AEFES,-21.91588972,169.081422963
test_fy2023,2024,gradient_boosting,AGESA,27.02532106,272.449190742
test_fy2023,2024,gradient_boosting,AGHOL,-17.41258876,165.448976954
test_fy2023,2024,gradient_boosting,AKBNK,-20.03652433,241.422830623
test_fy2023,2024,gradient_boosting,AKENR,-33.1794181,96.0992549253
test_fy2023,2024,gradient_boosting,AKSA,12.92334084,175.681431931
test_fy2023,2024,gradient_boosting,AKSEN,-21.89980991,184.320642323
test_fy2023,2024,gradient_boosting,ALARK,-16.7080256,129.10559955
test_fy2023,2024,gradient_boosting,ALBRK,2.006680211,190.677984409
test_fy2023,2024,gradient_boosting,ANHYT,-4.108152739,210.197712568
test_fy2023,2024,gradient_boosting,ARCLK,-22.23482488,115.691341362
test_fy2023,2024,gradient_boosting,ASELS,98.83457394,114.013252318
test_fy2023,2024,gradient_boosting,ASTOR,16.92162045,127.908241323
test_fy2023,2024,gradient_boosting,BERA,-6.332005516,129.297389756
test_fy2023,2024,gradient_boosting,BIMAS,-5.936335766,100.393389702
test_fy2023,2024,gradient_boosting,BRSAN,-25.30181087,95.7553787554
test_fy2023,2024,gradient_boosting,BTCIM,-0.3163925678,117.335849951
test_fy2023,2024,gradient_boosting,CANTE,-28.67770169,44.1425428409
test_fy2023,2024,gradient_boosting,CEMTS,-0.7092322399,111.17499234
test_fy2023,2024,gradient_boosting,CIMSA,65.91495024,181.609702064
test_fy2023,2024,gradient_boosting,DEVA,-38.02992116,159.355428027
test_fy2023,2024,gradient_boosting,DOAS,-16.69292981,151.502959543
test_fy2023,2024,gradient_boosting,DOHOL,9.455785814,100.515551393
test_fy2023,2024,gradient_boosting,EGEEN,-25.57946581,69.8502204097
test_fy2023,2024,gradient_boosting,EKGYO,44.95515839,82.240158776
test_fy2023,2024,gradient_boosting,ENJSA,-6.459524574,109.141337627
test_fy2023,2024,gradient_boosting,ENKAI,51.25951339,186.954601352
test_fy2023,2024,gradient_boosting,EREGL,-9.193543907,180.800695421
test_fy2023,2024,gradient_boosting,FROTO,-0.5509789624,107.486396296
test_fy2023,2024,gradient_boosting,GARAN,12.67312237,251.996840897
test_fy2023,2024,gradient_boosting,GUBRF,71.001297,53.4468110168
test_fy2023,2024,gradient_boosting,HALKB,15.21386831,137.388524277
test_fy2023,2024,gradient_boosting,ISCTR,-24.59870773,229.825265198
test_fy2023,2024,gradient_boosting,ISGYO,-3.668626392,131.751961328
test_fy2023,2024,gradient_boosting,KCHOL,-29.54349868,201.319992029
test_fy2023,2024,gradient_boosting,KONTR,-51.96614061,121.682740505
test_fy2023,2024,gradient_boosting,KRDMD,-3.805773835,152.737808052
test_fy2023,2024,gradient_boosting,KRVGD,-33.58121738,93.6755351316
test_fy2023,2024,gradient_boosting,KUYAS,198.0392157,177.478761041
test_fy2023,2024,gradient_boosting,LOGO,45.83335173,94.4664540717
test_fy2023,2024,gradient_boosting,MAVI,-28.20114008,129.45326282
test_fy2023,2024,gradient_boosting,MGROS,1.614068339,112.710145157
test_fy2023,2024,gradient_boosting,MIATK,-4.093573215,111.634396792
test_fy2023,2024,gradient_boosting,MPARK,16.22364803,138.39279272
test_fy2023,2024,gradient_boosting,NETAS,-24.14035195,183.396214357
test_fy2023,2024,gradient_boosting,NTGAZ,34.80663167,102.62134698
test_fy2023,2024,gradient_boosting,ODAS,-41.18329189,137.824520239
test_fy2023,2024,gradient_boosting,OTKAR,-19.9107867,155.699837768
test_fy2023,2024,gradient_boosting,OYAKC,97.5307822,118.082054578
test_fy2023,2024,gradient_boosting,PASEU,175.5634481,198.092244283
test_fy2023,2024,gradient_boosting,PETKM,-20.00937407,231.025439587
test_fy2023,2024,gradient_boosting,PGSUS,22.50475641,195.028468514
test_fy2023,2024,gradient_boosting,PRKME,-17.55688199,101.203458909
test_fy2023,2024,gradient_boosting,RGYAS,-5.929198215,185.989851141
test_fy2023,2024,gradient_boosting,SAHOL,-16.45128651,143.003581045
test_fy2023,2024,gradient_boosting,SASA,-34.58679716,102.396203976
test_fy2023,2024,gradient_boosting,SELEC,35.83090766,78.5459846091
test_fy2023,2024,gradient_boosting,SISE,-21.20097717,131.458255809
test_fy2023,2024,gradient_boosting,SKBNK,-8.720927126,176.463275901
test_fy2023,2024,gradient_boosting,SMRTG,-37.15400167,150.435792542
test_fy2023,2024,gradient_boosting,SOKM,-36.28142125,126.767628894
test_fy2023,2024,gradient_boosting,TAVHL,-3.585663947,112.474490807
test_fy2023,2024,gradient_boosting,TBORG,92.02748369,135.261753159
test_fy2023,2024,gradient_boosting,TCELL,-3.709634979,127.347743444
test_fy2023,2024,gradient_boosting,THYAO,-0.320507397,248.289706296
test_fy2023,2024,gradient_boosting,TOASO,-41.73842186,142.936476203
test_fy2023,2024,gradient_boosting,TRALT,35.70758612,74.4813127543
test_fy2023,2024,gradient_boosting,TRMET,72.46521136,165.020458742
test_fy2023,2024,gradient_boosting,TSKB,-6.382975465,204.104046575
test_fy2023,2024,gradient_boosting,TTKOM,4.025418815,145.35857359
test_fy2023,2024,gradient_boosting,TUPRS,-9.707919196,130.268912863
test_fy2023,2024,gradient_boosting,TURSG,-1.744862211,116.521252828
test_fy2023,2024,gradient_boosting,ULKER,-16.59751828,134.025763683
test_fy2023,2024,gradient_boosting,ULUSE,-19.82808373,83.4650774177
test_fy2023,2024,gradient_boosting,VAKBN,1.353636646,150.60182989
test_fy2023,2024,gradient_boosting,VESTL,-43.1162812,106.20956467
test_fy2023,2024,gradient_boosting,YKBNK,-26.88564436,234.610312197
test_fy2023,2024,gradient_boosting,ZOREN,-36.98384412,148.18816699
test_fy2024,2025,baseline_equal_weight,AEFES,-0.5784375361,0.609935280175
test_fy2024,2025,baseline_equal_weight,AGESA,85.96737526,0.631750475548
test_fy2024,2025,baseline_equal_weight,AGHOL,-4.415472351,0.685328858076
test_fy2024,2025,baseline_equal_weight,AKBNK,28.88424847,0.702171735535
test_fy2024,2025,baseline_equal_weight,AKENR,-7.465620885,0.249291231678
test_fy2024,2025,baseline_equal_weight,AKSA,4.536974082,0.458508401488
test_fy2024,2025,baseline_equal_weight,AKSEN,124.1278926,0.481642595742
test_fy2024,2025,baseline_equal_weight,ALARK,-12.95969773,0.379671541285
test_fy2024,2025,baseline_equal_weight,ALBRK,33.96262043,0.595744911947
test_fy2024,2025,baseline_equal_weight,ANHYT,28.9024237,0.635729721299
test_fy2024,2025,baseline_equal_weight,ARCLK,-17.85173905,0.629019066907
test_fy2024,2025,baseline_equal_weight,ASELS,171.054967,0.775191544417
test_fy2024,2025,baseline_equal_weight,ASTOR,79.36394986,0.49487162861
test_fy2024,2025,baseline_equal_weight,BERA,3.293408455,0.389004452235
test_fy2024,2025,baseline_equal_weight,BIMAS,56.93686515,0.664849378859
test_fy2024,2025,baseline_equal_weight,BRSAN,32.94723295,0.394596580999
test_fy2024,2025,baseline_equal_weight,BTCIM,36.46788135,0.32806304434
test_fy2024,2025,baseline_equal_weight,CANTE,1.863352244,0.223705586755
test_fy2024,2025,baseline_equal_weight,CCOLA,35.10509807,0.645763763777
test_fy2024,2025,baseline_equal_weight,CEMTS,-2.538259008,0.254125794985
test_fy2024,2025,baseline_equal_weight,CIMSA,2.916317025,0.507366489944
test_fy2024,2025,baseline_equal_weight,DEVA,0.5862620932,0.376510508019
test_fy2024,2025,baseline_equal_weight,DOAS,-1.699674643,0.495482815589
test_fy2024,2025,baseline_equal_weight,DOHOL,25.80542872,0.540259405083
test_fy2024,2025,baseline_equal_weight,DSTKF,1206.944444,0.538776607483
test_fy2024,2025,baseline_equal_weight,EKGYO,54.38099203,0.646812875904
test_fy2024,2025,baseline_equal_weight,ENJSA,110.2996475,0.536266364413
test_fy2024,2025,baseline_equal_weight,ENKAI,63.33508819,0.701890973434
test_fy2024,2025,baseline_equal_weight,EREGL,25.7137109,0.675271225702
test_fy2024,2025,baseline_equal_weight,FROTO,8.834047895,0.727526514177
test_fy2024,2025,baseline_equal_weight,GARAN,8.027332281,0.835572508556
test_fy2024,2025,baseline_equal_weight,GUBRF,81.66986564,0.452418280488
test_fy2024,2025,baseline_equal_weight,HALKB,67.55725413,0.696821857581
test_fy2024,2025,baseline_equal_weight,HEKTS,-13.33333526,0.238391061357
test_fy2024,2025,baseline_equal_weight,ISCTR,7.073166354,0.694093891056
test_fy2024,2025,baseline_equal_weight,ISGYO,26.39440418,0.417033751381
test_fy2024,2025,baseline_equal_weight,KCHOL,31.86699486,0.626934345852
test_fy2024,2025,baseline_equal_weight,KRDMD,5.102040883,0.420708955716
test_fy2024,2025,baseline_equal_weight,KRVGD,28.64077425,0.25064794638
test_fy2024,2025,baseline_equal_weight,KUYAS,106.7152043,0.408678364063
test_fy2024,2025,baseline_equal_weight,LOGO,9.92916356,0.443204300601
test_fy2024,2025,baseline_equal_weight,MAVI,26.48887894,0.40258815635
test_fy2024,2025,baseline_equal_weight,MGROS,27.54385681,0.546141537078
test_fy2024,2025,baseline_equal_weight,MIATK,-9.174305505,0.350530276692
test_fy2024,2025,baseline_equal_weight,MPARK,30.52147239,0.570523275174
test_fy2024,2025,baseline_equal_weight,NETAS,11.45454407,0.178865153013
test_fy2024,2025,baseline_equal_weight,NTGAZ,56.82797572,0.371269248624
test_fy2024,2025,baseline_equal_weight,ODAS,14.79999542,0.245494640636
test_fy2024,2025,baseline_equal_weight,OTKAR,-24.24557752,0.366115559448
test_fy2024,2025,baseline_equal_weight,OYAKC,-18.42831043,0.586250154812
test_fy2024,2025,baseline_equal_weight,PASEU,218.7660543,0.360583519564
test_fy2024,2025,baseline_equal_weight,PETKM,26.9138767,0.348930923071
test_fy2024,2025,baseline_equal_weight,PGSUS,-28.74543328,0.699476412583
test_fy2024,2025,baseline_equal_weight,PRKME,-0.8282800708,0.28544839186
test_fy2024,2025,baseline_equal_weight,RGYAS,48.29485159,0.557975508518
test_fy2024,2025,baseline_equal_weight,SAHOL,12.10031812,0.49533052647
test_fy2024,2025,baseline_equal_weight,SASA,-37.09677698,0.549330702795
test_fy2024,2025,baseline_equal_weight,SELEC,27.08073685,0.511901242243
test_fy2024,2025,baseline_equal_weight,SISE,19.68887048,0.64269858361
test_fy2024,2025,baseline_equal_weight,SKBNK,116.9889151,0.499749865826
test_fy2024,2025,baseline_equal_weight,SMRTG,-41.60583875,0.292200314346
test_fy2024,2025,baseline_equal_weight,SOKM,34.24807907,0.341619150942
test_fy2024,2025,baseline_equal_weight,TAVHL,29.90713996,0.612064817283
test_fy2024,2025,baseline_equal_weight,TBORG,-12.40640474,0.626464583348
test_fy2024,2025,baseline_equal_weight,TCELL,16.74493945,0.726337201312
test_fy2024,2025,baseline_equal_weight,THYAO,-1.241711875,0.670678394418
test_fy2024,2025,baseline_equal_weight,TOASO,75.32238324,0.528712990662
test_fy2024,2025,baseline_equal_weight,TRALT,49.96421161,0.461207618954
test_fy2024,2025,baseline_equal_weight,TRMET,42.42967762,0.391831008188
test_fy2024,2025,baseline_equal_weight,TSKB,6.154129473,0.602746800778
test_fy2024,2025,baseline_equal_weight,TTKOM,20.33581513,0.688281028403
test_fy2024,2025,baseline_equal_weight,TUPRS,107.0921571,0.639443130955
test_fy2024,2025,baseline_equal_weight,TURSG,42.88492433,0.549020852053
test_fy2024,2025,baseline_equal_weight,ULKER,10.39414987,0.58912962444
test_fy2024,2025,baseline_equal_weight,ULUSE,11.925292,0.156667322038
test_fy2024,2025,baseline_equal_weight,VAKBN,27.76831595,0.748548368042
test_fy2024,2025,baseline_equal_weight,VESTL,-41.4991593,0.409396745405
test_fy2024,2025,baseline_equal_weight,YKBNK,36.67218819,0.629439879964
test_fy2024,2025,baseline_equal_weight,ZOREN,-21.2464591,0.358824514549
test_fy2024,2025,baseline_rank_score,AEFES,-0.5784375361,0.609935280175
test_fy2024,2025,baseline_rank_score,AGESA,85.96737526,0.631750475548
test_fy2024,2025,baseline_rank_score,AGHOL,-4.415472351,0.685328858076
test_fy2024,2025,baseline_rank_score,AKBNK,28.88424847,0.702171735535
test_fy2024,2025,baseline_rank_score,AKENR,-7.465620885,0.249291231678
test_fy2024,2025,baseline_rank_score,AKSA,4.536974082,0.458508401488
test_fy2024,2025,baseline_rank_score,AKSEN,124.1278926,0.481642595742
test_fy2024,2025,baseline_rank_score,ALARK,-12.95969773,0.379671541285
test_fy2024,2025,baseline_rank_score,ALBRK,33.96262043,0.595744911947
test_fy2024,2025,baseline_rank_score,ANHYT,28.9024237,0.635729721299
test_fy2024,2025,baseline_rank_score,ARCLK,-17.85173905,0.629019066907
test_fy2024,2025,baseline_rank_score,ASELS,171.054967,0.775191544417
test_fy2024,2025,baseline_rank_score,ASTOR,79.36394986,0.49487162861
test_fy2024,2025,baseline_rank_score,BERA,3.293408455,0.389004452235
test_fy2024,2025,baseline_rank_score,BIMAS,56.93686515,0.664849378859
test_fy2024,2025,baseline_rank_score,BRSAN,32.94723295,0.394596580999
test_fy2024,2025,baseline_rank_score,BTCIM,36.46788135,0.32806304434
test_fy2024,2025,baseline_rank_score,CANTE,1.863352244,0.223705586755
test_fy2024,2025,baseline_rank_score,CCOLA,35.10509807,0.645763763777
test_fy2024,2025,baseline_rank_score,CEMTS,-2.538259008,0.254125794985
test_fy2024,2025,baseline_rank_score,CIMSA,2.916317025,0.507366489944
test_fy2024,2025,baseline_rank_score,DEVA,0.5862620932,0.376510508019
test_fy2024,2025,baseline_rank_score,DOAS,-1.699674643,0.495482815589
test_fy2024,2025,baseline_rank_score,DOHOL,25.80542872,0.540259405083
test_fy2024,2025,baseline_rank_score,DSTKF,1206.944444,0.538776607483
test_fy2024,2025,baseline_rank_score,EKGYO,54.38099203,0.646812875904
test_fy2024,2025,baseline_rank_score,ENJSA,110.2996475,0.536266364413
test_fy2024,2025,baseline_rank_score,ENKAI,63.33508819,0.701890973434
test_fy2024,2025,baseline_rank_score,EREGL,25.7137109,0.675271225702
test_fy2024,2025,baseline_rank_score,FROTO,8.834047895,0.727526514177
test_fy2024,2025,baseline_rank_score,GARAN,8.027332281,0.835572508556
test_fy2024,2025,baseline_rank_score,GUBRF,81.66986564,0.452418280488
test_fy2024,2025,baseline_rank_score,HALKB,67.55725413,0.696821857581
test_fy2024,2025,baseline_rank_score,HEKTS,-13.33333526,0.238391061357
test_fy2024,2025,baseline_rank_score,ISCTR,7.073166354,0.694093891056
test_fy2024,2025,baseline_rank_score,ISGYO,26.39440418,0.417033751381
test_fy2024,2025,baseline_rank_score,KCHOL,31.86699486,0.626934345852
test_fy2024,2025,baseline_rank_score,KRDMD,5.102040883,0.420708955716
test_fy2024,2025,baseline_rank_score,KRVGD,28.64077425,0.25064794638
test_fy2024,2025,baseline_rank_score,KUYAS,106.7152043,0.408678364063
test_fy2024,2025,baseline_rank_score,LOGO,9.92916356,0.443204300601
test_fy2024,2025,baseline_rank_score,MAVI,26.48887894,0.40258815635
test_fy2024,2025,baseline_rank_score,MGROS,27.54385681,0.546141537078
test_fy2024,2025,baseline_rank_score,MIATK,-9.174305505,0.350530276692
test_fy2024,2025,baseline_rank_score,MPARK,30.52147239,0.570523275174
test_fy2024,2025,baseline_rank_score,NETAS,11.45454407,0.178865153013
test_fy2024,2025,baseline_rank_score,NTGAZ,56.82797572,0.371269248624
test_fy2024,2025,baseline_rank_score,ODAS,14.79999542,0.245494640636
test_fy2024,2025,baseline_rank_score,OTKAR,-24.24557752,0.366115559448
test_fy2024,2025,baseline_rank_score,OYAKC,-18.42831043,0.586250154812
test_fy2024,2025,baseline_rank_score,PASEU,218.7660543,0.360583519564
test_fy2024,2025,baseline_rank_score,PETKM,26.9138767,0.348930923071
test_fy2024,2025,baseline_rank_score,PGSUS,-28.74543328,0.699476412583
test_fy2024,2025,baseline_rank_score,PRKME,-0.8282800708,0.28544839186
test_fy2024,2025,baseline_rank_score,RGYAS,48.29485159,0.557975508518
test_fy2024,2025,baseline_rank_score,SAHOL,12.10031812,0.49533052647
test_fy2024,2025,baseline_rank_score,SASA,-37.09677698,0.549330702795
test_fy2024,2025,baseline_rank_score,SELEC,27.08073685,0.511901242243
test_fy2024,2025,baseline_rank_score,SISE,19.68887048,0.64269858361
test_fy2024,2025,baseline_rank_score,SKBNK,116.9889151,0.499749865826
test_fy2024,2025,baseline_rank_score,SMRTG,-41.60583875,0.292200314346
test_fy2024,2025,baseline_rank_score,SOKM,34.24807907,0.341619150942
test_fy2024,2025,baseline_rank_score,TAVHL,29.90713996,0.612064817283
test_fy2024,2025,baseline_rank_score,TBORG,-12.40640474,0.626464583348
test_fy2024,2025,baseline_rank_score,TCELL,16.74493945,0.726337201312
test_fy2024,2025,baseline_rank_score,THYAO,-1.241711875,0.670678394418
test_fy2024,2025,baseline_rank_score,TOASO,75.32238324,0.528712990662
test_fy2024,2025,baseline_rank_score,TRALT,49.96421161,0.461207618954
test_fy2024,2025,baseline_rank_score,TRMET,42.42967762,0.391831008188
test_fy2024,2025,baseline_rank_score,TSKB,6.154129473,0.602746800778
test_fy2024,2025,baseline_rank_score,TTKOM,20.33581513,0.688281028403
test_fy2024,2025,baseline_rank_score,TUPRS,107.0921571,0.639443130955
test_fy2024,2025,baseline_rank_score,TURSG,42.88492433,0.549020852053
test_fy2024,2025,baseline_rank_score,ULKER,10.39414987,0.58912962444
test_fy2024,2025,baseline_rank_score,ULUSE,11.925292,0.156667322038
test_fy2024,2025,baseline_rank_score,VAKBN,27.76831595,0.748548368042
test_fy2024,2025,baseline_rank_score,VESTL,-41.4991593,0.409396745405
test_fy2024,2025,baseline_rank_score,YKBNK,36.67218819,0.629439879964
test_fy2024,2025,baseline_rank_score,ZOREN,-21.2464591,0.358824514549
test_fy2024,2025,robust_rank_aggregation,AEFES,-0.5784375361,0.671171171171
test_fy2024,2025,robust_rank_aggregation,AGESA,85.96737526,0.658227848101
test_fy2024,2025,robust_rank_aggregation,AGHOL,-4.415472351,0.708860759494
test_fy2024,2025,robust_rank_aggregation,AKBNK,28.88424847,0.76582278481
test_fy2024,2025,robust_rank_aggregation,AKENR,-7.465620885,0.181568627451
test_fy2024,2025,robust_rank_aggregation,AKSA,4.536974082,0.414743112435
test_fy2024,2025,robust_rank_aggregation,AKSEN,124.1278926,0.506329113924
test_fy2024,2025,robust_rank_aggregation,ALARK,-12.95969773,0.461285549893
test_fy2024,2025,robust_rank_aggregation,ALBRK,33.96262043,0.607594936709
test_fy2024,2025,robust_rank_aggregation,ANHYT,28.9024237,0.588607594937
test_fy2024,2025,robust_rank_aggregation,ARCLK,-17.85173905,0.681092436975
test_fy2024,2025,robust_rank_aggregation,ASELS,171.054967,0.809475055845
test_fy2024,2025,robust_rank_aggregation,ASTOR,79.36394986,0.536134453782
test_fy2024,2025,robust_rank_aggregation,BERA,3.293408455,0.373696947133
test_fy2024,2025,robust_rank_aggregation,BIMAS,56.93686515,0.712820512821
test_fy2024,2025,robust_rank_aggregation,BRSAN,32.94723295,0.397058823529
test_fy2024,2025,robust_rank_aggregation,BTCIM,36.46788135,0.291139240506
test_fy2024,2025,robust_rank_aggregation,CANTE,1.863352244,0.161764705882
test_fy2024,2025,robust_rank_aggregation,CCOLA,35.10509807,0.654298642534
test_fy2024,2025,robust_rank_aggregation,CEMTS,-2.538259008,0.215189873418
test_fy2024,2025,robust_rank_aggregation,CIMSA,2.916317025,0.503164556962
test_fy2024,2025,robust_rank_aggregation,DEVA,0.5862620932,0.308823529412
test_fy2024,2025,robust_rank_aggregation,DOAS,-1.699674643,0.496835443038
test_fy2024,2025,robust_rank_aggregation,DOHOL,25.80542872,0.587450980392
test_fy2024,2025,robust_rank_aggregation,DSTKF,1206.944444,0.571794871795
test_fy2024,2025,robust_rank_aggregation,EKGYO,54.38099203,0.662447257384
test_fy2024,2025,robust_rank_aggregation,ENJSA,110.2996475,0.594843633656
test_fy2024,2025,robust_rank_aggregation,ENKAI,63.33508819,0.77578183172
test_fy2024,2025,robust_rank_aggregation,EREGL,25.7137109,0.771428571429
test_fy2024,2025,robust_rank_aggregation,FROTO,8.834047895,0.802499188575
test_fy2024,2025,robust_rank_aggregation,GARAN,8.027332281,0.911392405063
test_fy2024,2025,robust_rank_aggregation,GUBRF,81.66986564,0.417948717949
test_fy2024,2025,robust_rank_aggregation,HALKB,67.55725413,0.79746835443
test_fy2024,2025,robust_rank_aggregation,HEKTS,-13.33333526,0.179487179487
test_fy2024,2025,robust_rank_aggregation,ISCTR,7.073166354,0.659339719466
test_fy2024,2025,robust_rank_aggregation,ISGYO,26.39440418,0.391007726451
test_fy2024,2025,robust_rank_aggregation,KCHOL,31.86699486,0.54746835443
test_fy2024,2025,robust_rank_aggregation,KRDMD,5.102040883,0.455696202532
test_fy2024,2025,robust_rank_aggregation,KRVGD,28.64077425,0.22717723453
test_fy2024,2025,robust_rank_aggregation,KUYAS,106.7152043,0.270569620253
test_fy2024,2025,robust_rank_aggregation,LOGO,9.92916356,0.382352941176
test_fy2024,2025,robust_rank_aggregation,MAVI,26.48887894,0.346666666667
test_fy2024,2025,robust_rank_aggregation,MGROS,27.54385681,0.594303797468
test_fy2024,2025,robust_rank_aggregation,MIATK,-9.174305505,0.18020361991
test_fy2024,2025,robust_rank_aggregation,MPARK,30.52147239,0.567293373045
test_fy2024,2025,robust_rank_aggregation,NETAS,11.45454407,0.147058823529
test_fy2024,2025,robust_rank_aggregation,NTGAZ,56.82797572,0.323529411765
test_fy2024,2025,robust_rank_aggregation,ODAS,14.79999542,0.235294117647
test_fy2024,2025,robust_rank_aggregation,OTKAR,-24.24557752,0.453333333333
test_fy2024,2025,robust_rank_aggregation,OYAKC,-18.42831043,0.580018083183
test_fy2024,2025,robust_rank_aggregation,PASEU,218.7660543,0.220588235294
test_fy2024,2025,robust_rank_aggregation,PETKM,26.9138767,0.316183816184
test_fy2024,2025,robust_rank_aggregation,PGSUS,-28.74543328,0.704292527822
test_fy2024,2025,robust_rank_aggregation,PRKME,-0.8282800708,0.246753246753
test_fy2024,2025,robust_rank_aggregation,RGYAS,48.29485159,0.584615384615
test_fy2024,2025,robust_rank_aggregation,SAHOL,12.10031812,0.506329113924
test_fy2024,2025,robust_rank_aggregation,SASA,-37.09677698,0.589743589744
test_fy2024,2025,robust_rank_aggregation,SELEC,27.08073685,0.518987341772
test_fy2024,2025,robust_rank_aggregation,SISE,19.68887048,0.743223443223
test_fy2024,2025,robust_rank_aggregation,SKBNK,116.9889151,0.53164556962
test_fy2024,2025,robust_rank_aggregation,SMRTG,-41.60583875,0.316455696203
test_fy2024,2025,robust_rank_aggregation,SOKM,34.24807907,0.253164556962
test_fy2024,2025,robust_rank_aggregation,TAVHL,29.90713996,0.617818889971
test_fy2024,2025,robust_rank_aggregation,TBORG,-12.40640474,0.647058823529
test_fy2024,2025,robust_rank_aggregation,TCELL,16.74493945,0.789840960727
test_fy2024,2025,robust_rank_aggregation,THYAO,-1.241711875,0.759493670886
test_fy2024,2025,robust_rank_aggregation,TOASO,75.32238324,0.561463046757
test_fy2024,2025,robust_rank_aggregation,TRALT,49.96421161,0.415189873418
test_fy2024,2025,robust_rank_aggregation,TRMET,42.42967762,0.264705882353
test_fy2024,2025,robust_rank_aggregation,TSKB,6.154129473,0.605079519636
test_fy2024,2025,robust_rank_aggregation,TTKOM,20.33581513,0.770691333982
test_fy2024,2025,robust_rank_aggregation,TUPRS,107.0921571,0.64474789916
test_fy2024,2025,robust_rank_aggregation,TURSG,42.88492433,0.584744973939
test_fy2024,2025,robust_rank_aggregation,ULKER,10.39414987,0.592340149302
test_fy2024,2025,robust_rank_aggregation,ULUSE,11.925292,0.112877583466
test_fy2024,2025,robust_rank_aggregation,VAKBN,27.76831595,0.810126582278
test_fy2024,2025,robust_rank_aggregation,VESTL,-41.4991593,0.492647058824
test_fy2024,2025,robust_rank_aggregation,YKBNK,36.67218819,0.652155319877
test_fy2024,2025,robust_rank_aggregation,ZOREN,-21.2464591,0.345588235294
test_fy2024,2025,linear_regression,AEFES,-0.5784375361,75.7975878196
test_fy2024,2025,linear_regression,AGESA,85.96737526,107.111547973
test_fy2024,2025,linear_regression,AGHOL,-4.415472351,46.697696969
test_fy2024,2025,linear_regression,AKBNK,28.88424847,97.5429745581
test_fy2024,2025,linear_regression,AKENR,-7.465620885,9.66306541139
test_fy2024,2025,linear_regression,AKSA,4.536974082,81.0554332642
test_fy2024,2025,linear_regression,AKSEN,124.1278926,82.6635003286
test_fy2024,2025,linear_regression,ALARK,-12.95969773,75.2360924808
test_fy2024,2025,linear_regression,ALBRK,33.96262043,138.380693195
test_fy2024,2025,linear_regression,ANHYT,28.9024237,74.0997245589
test_fy2024,2025,linear_regression,ARCLK,-17.85173905,101.907805335
test_fy2024,2025,linear_regression,ASELS,171.054967,55.2147203473
test_fy2024,2025,linear_regression,ASTOR,79.36394986,58.6719512567
test_fy2024,2025,linear_regression,BERA,3.293408455,65.0454535103
test_fy2024,2025,linear_regression,BIMAS,56.93686515,-24.582561336
test_fy2024,2025,linear_regression,BRSAN,32.94723295,18.2370500441
test_fy2024,2025,linear_regression,BTCIM,36.46788135,50.2563262287
test_fy2024,2025,linear_regression,CANTE,1.863352244,4.62268354678
test_fy2024,2025,linear_regression,CCOLA,35.10509807,29.9854971956
test_fy2024,2025,linear_regression,CEMTS,-2.538259008,36.1397466476
test_fy2024,2025,linear_regression,CIMSA,2.916317025,82.9679610343
test_fy2024,2025,linear_regression,DEVA,0.5862620932,30.9607776953
test_fy2024,2025,linear_regression,DOAS,-1.699674643,131.222310541
test_fy2024,2025,linear_regression,DOHOL,25.80542872,122.45625022
test_fy2024,2025,linear_regression,DSTKF,1206.944444,137.478099597
test_fy2024,2025,linear_regression,EKGYO,54.38099203,133.698397889
test_fy2024,2025,linear_regression,ENJSA,110.2996475,89.5355585967
test_fy2024,2025,linear_regression,ENKAI,63.33508819,139.084467345
test_fy2024,2025,linear_regression,EREGL,25.7137109,154.386764226
test_fy2024,2025,linear_regression,FROTO,8.834047895,37.0125082877
test_fy2024,2025,linear_regression,GARAN,8.027332281,126.154562099
test_fy2024,2025,linear_regression,GUBRF,81.66986564,75.9013420025
test_fy2024,2025,linear_regression,HALKB,67.55725413,137.499393831
test_fy2024,2025,linear_regression,HEKTS,-13.33333526,-27.7181956317
test_fy2024,2025,linear_regression,ISCTR,7.073166354,106.623389215
test_fy2024,2025,linear_regression,ISGYO,26.39440418,36.0384082866
test_fy2024,2025,linear_regression,KCHOL,31.86699486,83.7505825163
test_fy2024,2025,linear_regression,KRDMD,5.102040883,214.5673339
test_fy2024,2025,linear_regression,KRVGD,28.64077425,25.7064587666
test_fy2024,2025,linear_regression,KUYAS,106.7152043,78.7100194339
test_fy2024,2025,linear_regression,LOGO,9.92916356,91.4532772526
test_fy2024,2025,linear_regression,MAVI,26.48887894,65.3642623908
test_fy2024,2025,linear_regression,MGROS,27.54385681,-20.9491630657
test_fy2024,2025,linear_regression,MIATK,-9.174305505,64.9533966127
test_fy2024,2025,linear_regression,MPARK,30.52147239,47.811260234
test_fy2024,2025,linear_regression,NETAS,11.45454407,-1.67831491281
test_fy2024,2025,linear_regression,NTGAZ,56.82797572,88.4242645685
test_fy2024,2025,linear_regression,ODAS,14.79999542,31.3847586383
test_fy2024,2025,linear_regression,OTKAR,-24.24557752,50.3725330545
test_fy2024,2025,linear_regression,OYAKC,-18.42831043,78.4738626198
test_fy2024,2025,linear_regression,PASEU,218.7660543,142.220139362
test_fy2024,2025,linear_regression,PETKM,26.9138767,85.7577012549
test_fy2024,2025,linear_regression,PGSUS,-28.74543328,39.4496687252
test_fy2024,2025,linear_regression,PRKME,-0.8282800708,15.5081082411
test_fy2024,2025,linear_regression,RGYAS,48.29485159,38.4294012588
test_fy2024,2025,linear_regression,SAHOL,12.10031812,151.050819028
test_fy2024,2025,linear_regression,SASA,-37.09677698,87.4205966454
test_fy2024,2025,linear_regression,SELEC,27.08073685,105.509537536
test_fy2024,2025,linear_regression,SISE,19.68887048,186.261166868
test_fy2024,2025,linear_regression,SKBNK,116.9889151,95.0565773648
test_fy2024,2025,linear_regression,SMRTG,-41.60583875,87.0109612435
test_fy2024,2025,linear_regression,SOKM,34.24807907,58.7182303342
test_fy2024,2025,linear_regression,TAVHL,29.90713996,34.6290365336
test_fy2024,2025,linear_regression,TBORG,-12.40640474,63.8480148595
test_fy2024,2025,linear_regression,TCELL,16.74493945,119.54690048
test_fy2024,2025,linear_regression,THYAO,-1.241711875,121.971125874
test_fy2024,2025,linear_regression,TOASO,75.32238324,143.410055697
test_fy2024,2025,linear_regression,TRALT,49.96421161,86.263630589
test_fy2024,2025,linear_regression,TRMET,42.42967762,106.394615932
test_fy2024,2025,linear_regression,TSKB,6.154129473,111.069660694
test_fy2024,2025,linear_regression,TTKOM,20.33581513,109.939963552
test_fy2024,2025,linear_regression,TUPRS,107.0921571,147.629623079
test_fy2024,2025,linear_regression,TURSG,42.88492433,-57.308564052
test_fy2024,2025,linear_regression,ULKER,10.39414987,84.0098987528
test_fy2024,2025,linear_regression,ULUSE,11.925292,12.9649981473
test_fy2024,2025,linear_regression,VAKBN,27.76831595,120.924756093
test_fy2024,2025,linear_regression,VESTL,-41.4991593,99.8159218003
test_fy2024,2025,linear_regression,YKBNK,36.67218819,96.02759346
test_fy2024,2025,linear_regression,ZOREN,-21.2464591,80.8393806442
test_fy2024,2025,ridge,AEFES,-0.5784375361,62.836567065
test_fy2024,2025,ridge,AGESA,85.96737526,108.086237356
test_fy2024,2025,ridge,AGHOL,-4.415472351,60.9349977995
test_fy2024,2025,ridge,AKBNK,28.88424847,103.49256718
test_fy2024,2025,ridge,AKENR,-7.465620885,23.4116919027
test_fy2024,2025,ridge,AKSA,4.536974082,81.2106865452
test_fy2024,2025,ridge,AKSEN,124.1278926,84.6321229843
test_fy2024,2025,ridge,ALARK,-12.95969773,105.292358151
test_fy2024,2025,ridge,ALBRK,33.96262043,133.601729632
test_fy2024,2025,ridge,ANHYT,28.9024237,81.8594169824
test_fy2024,2025,ridge,ARCLK,-17.85173905,116.701571372
test_fy2024,2025,ridge,ASELS,171.054967,30.6303543868
test_fy2024,2025,ridge,ASTOR,79.36394986,91.5831156311
test_fy2024,2025,ridge,BERA,3.293408455,81.1279408469
test_fy2024,2025,ridge,BIMAS,56.93686515,-3.30298578131
test_fy2024,2025,ridge,BRSAN,32.94723295,58.6968314506
test_fy2024,2025,ridge,BTCIM,36.46788135,81.5301215213
test_fy2024,2025,ridge,CANTE,1.863352244,50.0095434018
test_fy2024,2025,ridge,CCOLA,35.10509807,54.9649947549
test_fy2024,2025,ridge,CEMTS,-2.538259008,55.7333928907
test_fy2024,2025,ridge,CIMSA,2.916317025,123.574151178
test_fy2024,2025,ridge,DEVA,0.5862620932,49.994787594
test_fy2024,2025,ridge,DOAS,-1.699674643,108.401122198
test_fy2024,2025,ridge,DOHOL,25.80542872,132.980298652
test_fy2024,2025,ridge,DSTKF,1206.944444,162.91670733
test_fy2024,2025,ridge,EKGYO,54.38099203,137.218459702
test_fy2024,2025,ridge,ENJSA,110.2996475,84.5862076458
test_fy2024,2025,ridge,ENKAI,63.33508819,73.5670201801
test_fy2024,2025,ridge,EREGL,25.7137109,107.187263263
test_fy2024,2025,ridge,FROTO,8.834047895,46.2508913009
test_fy2024,2025,ridge,GARAN,8.027332281,123.394816676
test_fy2024,2025,ridge,GUBRF,81.66986564,99.8898646048
test_fy2024,2025,ridge,HALKB,67.55725413,134.333210234
test_fy2024,2025,ridge,HEKTS,-13.33333526,40.8817406639
test_fy2024,2025,ridge,ISCTR,7.073166354,108.041627083
test_fy2024,2025,ridge,ISGYO,26.39440418,58.6186340196
test_fy2024,2025,ridge,KCHOL,31.86699486,82.0491919656
test_fy2024,2025,ridge,KRDMD,5.102040883,184.968939092
test_fy2024,2025,ridge,KRVGD,28.64077425,48.6181930064
test_fy2024,2025,ridge,KUYAS,106.7152043,126.198268181
test_fy2024,2025,ridge,LOGO,9.92916356,93.9419614803
test_fy2024,2025,ridge,MAVI,26.48887894,95.7399123873
test_fy2024,2025,ridge,MGROS,27.54385681,52.4712414666
test_fy2024,2025,ridge,MIATK,-9.174305505,97.4528358799
test_fy2024,2025,ridge,MPARK,30.52147239,57.0343277406
test_fy2024,2025,ridge,NETAS,11.45454407,16.4392461588
test_fy2024,2025,ridge,NTGAZ,56.82797572,92.9570554665
test_fy2024,2025,ridge,ODAS,14.79999542,49.4812970799
test_fy2024,2025,ridge,OTKAR,-24.24557752,59.9776027103
test_fy2024,2025,ridge,OYAKC,-18.42831043,74.463566278
test_fy2024,2025,ridge,PASEU,218.7660543,168.402664741
test_fy2024,2025,ridge,PETKM,26.9138767,132.259749445
test_fy2024,2025,ridge,PGSUS,-28.74543328,54.5068464394
test_fy2024,2025,ridge,PRKME,-0.8282800708,50.0190285512
test_fy2024,2025,ridge,RGYAS,48.29485159,70.8208066599
test_fy2024,2025,ridge,SAHOL,12.10031812,110.038027657
test_fy2024,2025,ridge,SASA,-37.09677698,103.759747789
test_fy2024,2025,ridge,SELEC,27.08073685,99.9818843771
test_fy2024,2025,ridge,SISE,19.68887048,160.900823946
test_fy2024,2025,ridge,SKBNK,116.9889151,105.164753789
test_fy2024,2025,ridge,SMRTG,-41.60583875,89.6247934308
test_fy2024,2025,ridge,SOKM,34.24807907,78.8469083783
test_fy2024,2025,ridge,TAVHL,29.90713996,63.3193615234
test_fy2024,2025,ridge,TBORG,-12.40640474,78.6022251826
test_fy2024,2025,ridge,TCELL,16.74493945,56.9470637773
test_fy2024,2025,ridge,THYAO,-1.241711875,125.279146571
test_fy2024,2025,ridge,TOASO,75.32238324,134.57644314
test_fy2024,2025,ridge,TRALT,49.96421161,128.700836877
test_fy2024,2025,ridge,TRMET,42.42967762,146.10059592
test_fy2024,2025,ridge,TSKB,6.154129473,128.79710322
test_fy2024,2025,ridge,TTKOM,20.33581513,62.0213792558
test_fy2024,2025,ridge,TUPRS,107.0921571,75.7385764041
test_fy2024,2025,ridge,TURSG,42.88492433,-1.06592064552
test_fy2024,2025,ridge,ULKER,10.39414987,106.930370892
test_fy2024,2025,ridge,ULUSE,11.925292,29.1370364146
test_fy2024,2025,ridge,VAKBN,27.76831595,119.7055618
test_fy2024,2025,ridge,VESTL,-41.4991593,86.3800586636
test_fy2024,2025,ridge,YKBNK,36.67218819,103.115427603
test_fy2024,2025,ridge,ZOREN,-21.2464591,72.3404968964
test_fy2024,2025,lasso,AEFES,-0.5784375361,68.1742339538
test_fy2024,2025,lasso,AGESA,85.96737526,114.10387791
test_fy2024,2025,lasso,AGHOL,-4.415472351,62.035265349
test_fy2024,2025,lasso,AKBNK,28.88424847,102.802178152
test_fy2024,2025,lasso,AKENR,-7.465620885,10.4670744917
test_fy2024,2025,lasso,AKSA,4.536974082,83.5598598611
test_fy2024,2025,lasso,AKSEN,124.1278926,84.4023463258
test_fy2024,2025,lasso,ALARK,-12.95969773,99.0695265189
test_fy2024,2025,lasso,ALBRK,33.96262043,142.310303428
test_fy2024,2025,lasso,ANHYT,28.9024237,84.6594226174
test_fy2024,2025,lasso,ARCLK,-17.85173905,118.588153105
test_fy2024,2025,lasso,ASELS,171.054967,42.7514556804
test_fy2024,2025,lasso,ASTOR,79.36394986,89.578597861
test_fy2024,2025,lasso,BERA,3.293408455,78.710997201
test_fy2024,2025,lasso,BIMAS,56.93686515,-4.30816525995
test_fy2024,2025,lasso,BRSAN,32.94723295,40.7740731525
test_fy2024,2025,lasso,BTCIM,36.46788135,71.1113268091
test_fy2024,2025,lasso,CANTE,1.863352244,42.3324800704
test_fy2024,2025,lasso,CCOLA,35.10509807,46.5460528312
test_fy2024,2025,lasso,CEMTS,-2.538259008,50.7072873973
test_fy2024,2025,lasso,CIMSA,2.916317025,113.587866131
test_fy2024,2025,lasso,DEVA,0.5862620932,45.8354082026
test_fy2024,2025,lasso,DOAS,-1.699674643,117.288710465
test_fy2024,2025,lasso,DOHOL,25.80542872,135.091753526
test_fy2024,2025,lasso,DSTKF,1206.944444,147.209481492
test_fy2024,2025,lasso,EKGYO,54.38099203,142.230736642
test_fy2024,2025,lasso,ENJSA,110.2996475,88.3651231443
test_fy2024,2025,lasso,ENKAI,63.33508819,110.275512627
test_fy2024,2025,lasso,EREGL,25.7137109,131.758150701
test_fy2024,2025,lasso,FROTO,8.834047895,41.7794506149
test_fy2024,2025,lasso,GARAN,8.027332281,126.373378069
test_fy2024,2025,lasso,GUBRF,81.66986564,97.3666525316
test_fy2024,2025,lasso,HALKB,67.55725413,140.876774756
test_fy2024,2025,lasso,HEKTS,-13.33333526,12.1054498923
test_fy2024,2025,lasso,ISCTR,7.073166354,108.268129117
test_fy2024,2025,lasso,ISGYO,26.39440418,52.4331347224
test_fy2024,2025,lasso,KCHOL,31.86699486,88.3880138086
test_fy2024,2025,lasso,KRDMD,5.102040883,207.926333378
test_fy2024,2025,lasso,KRVGD,28.64077425,42.6093185225
test_fy2024,2025,lasso,KUYAS,106.7152043,107.487952151
test_fy2024,2025,lasso,LOGO,9.92916356,96.0307934699
test_fy2024,2025,lasso,MAVI,26.48887894,82.8621408407
test_fy2024,2025,lasso,MGROS,27.54385681,27.9009587272
test_fy2024,2025,lasso,MIATK,-9.174305505,84.5573531053
test_fy2024,2025,lasso,MPARK,30.52147239,56.6549749609
test_fy2024,2025,lasso,NETAS,11.45454407,6.39062257397
test_fy2024,2025,lasso,NTGAZ,56.82797572,94.0891005026
test_fy2024,2025,lasso,ODAS,14.79999542,44.332122336
test_fy2024,2025,lasso,OTKAR,-24.24557752,49.8461249434
test_fy2024,2025,lasso,OYAKC,-18.42831043,88.2830520402
test_fy2024,2025,lasso,PASEU,218.7660543,162.024981173
test_fy2024,2025,lasso,PETKM,26.9138767,118.75815424
test_fy2024,2025,lasso,PGSUS,-28.74543328,52.5471669223
test_fy2024,2025,lasso,PRKME,-0.8282800708,40.0484359099
test_fy2024,2025,lasso,RGYAS,48.29485159,61.775439922
test_fy2024,2025,lasso,SAHOL,12.10031812,123.163884198
test_fy2024,2025,lasso,SASA,-37.09677698,107.148573658
test_fy2024,2025,lasso,SELEC,27.08073685,107.708929254
test_fy2024,2025,lasso,SISE,19.68887048,184.878931541
test_fy2024,2025,lasso,SKBNK,116.9889151,108.02366041
test_fy2024,2025,lasso,SMRTG,-41.60583875,86.964552864
test_fy2024,2025,lasso,SOKM,34.24807907,74.2106754293
test_fy2024,2025,lasso,TAVHL,29.90713996,57.5663524613
test_fy2024,2025,lasso,TBORG,-12.40640474,80.9068279582
test_fy2024,2025,lasso,TCELL,16.74493945,84.5388798705
test_fy2024,2025,lasso,THYAO,-1.241711875,131.241237912
test_fy2024,2025,lasso,TOASO,75.32238324,141.353933604
test_fy2024,2025,lasso,TRALT,49.96421161,130.62461966
test_fy2024,2025,lasso,TRMET,42.42967762,146.851690976
test_fy2024,2025,lasso,TSKB,6.154129473,129.326134424
test_fy2024,2025,lasso,TTKOM,20.33581513,91.6584538491
test_fy2024,2025,lasso,TUPRS,107.0921571,109.596261901
test_fy2024,2025,lasso,TURSG,42.88492433,-22.0321540471
test_fy2024,2025,lasso,ULKER,10.39414987,96.1107293857
test_fy2024,2025,lasso,ULUSE,11.925292,17.4073109893
test_fy2024,2025,lasso,VAKBN,27.76831595,124.765944209
test_fy2024,2025,lasso,VESTL,-41.4991593,90.8272238898
test_fy2024,2025,lasso,YKBNK,36.67218819,101.390910072
test_fy2024,2025,lasso,ZOREN,-21.2464591,69.8765801868
test_fy2024,2025,elasticnet,AEFES,-0.5784375361,80.7858952949
test_fy2024,2025,elasticnet,AGESA,85.96737526,96.9292356792
test_fy2024,2025,elasticnet,AGHOL,-4.415472351,75.5955038841
test_fy2024,2025,elasticnet,AKBNK,28.88424847,93.2271888376
test_fy2024,2025,elasticnet,AKENR,-7.465620885,60.6287904384
test_fy2024,2025,elasticnet,AKSA,4.536974082,81.8840793664
test_fy2024,2025,elasticnet,AKSEN,124.1278926,84.6859434236
test_fy2024,2025,elasticnet,ALARK,-12.95969773,102.871015064
test_fy2024,2025,elasticnet,ALBRK,33.96262043,108.700566644
test_fy2024,2025,elasticnet,ANHYT,28.9024237,84.7373283988
test_fy2024,2025,elasticnet,ARCLK,-17.85173905,102.352713879
test_fy2024,2025,elasticnet,ASELS,171.054967,40.8571243013
test_fy2024,2025,elasticnet,ASTOR,79.36394986,87.5182268552
test_fy2024,2025,elasticnet,BERA,3.293408455,88.2538086349
test_fy2024,2025,elasticnet,BIMAS,56.93686515,42.328693976
test_fy2024,2025,elasticnet,BRSAN,32.94723295,80.6874996255
test_fy2024,2025,elasticnet,BTCIM,36.46788135,92.9254381392
test_fy2024,2025,elasticnet,CANTE,1.863352244,80.4193413977
test_fy2024,2025,elasticnet,CCOLA,35.10509807,74.3606553796
test_fy2024,2025,elasticnet,CEMTS,-2.538259008,73.8977983047
test_fy2024,2025,elasticnet,CIMSA,2.916317025,111.820818264
test_fy2024,2025,elasticnet,DEVA,0.5862620932,74.3143514741
test_fy2024,2025,elasticnet,DOAS,-1.699674643,95.2970546451
test_fy2024,2025,elasticnet,DOHOL,25.80542872,110.220301375
test_fy2024,2025,elasticnet,DSTKF,1206.944444,124.931547549
test_fy2024,2025,elasticnet,EKGYO,54.38099203,107.744587833
test_fy2024,2025,elasticnet,ENJSA,110.2996475,81.7233130536
test_fy2024,2025,elasticnet,ENKAI,63.33508819,60.5760038847
test_fy2024,2025,elasticnet,EREGL,25.7137109,77.2773407194
test_fy2024,2025,elasticnet,FROTO,8.834047895,59.9419114818
test_fy2024,2025,elasticnet,GARAN,8.027332281,97.6682682471
test_fy2024,2025,elasticnet,GUBRF,81.66986564,89.9055703541
test_fy2024,2025,elasticnet,HALKB,67.55725413,108.605746526
test_fy2024,2025,elasticnet,HEKTS,-13.33333526,81.0893143377
test_fy2024,2025,elasticnet,ISCTR,7.073166354,93.6241850769
test_fy2024,2025,elasticnet,ISGYO,26.39440418,81.2356837002
test_fy2024,2025,elasticnet,KCHOL,31.86699486,80.7106431827
test_fy2024,2025,elasticnet,KRDMD,5.102040883,128.898049533
test_fy2024,2025,elasticnet,KRVGD,28.64077425,75.3520357824
test_fy2024,2025,elasticnet,KUYAS,106.7152043,111.988618262
test_fy2024,2025,elasticnet,LOGO,9.92916356,90.4076179855
test_fy2024,2025,elasticnet,MAVI,26.48887894,101.832808096
test_fy2024,2025,elasticnet,MGROS,27.54385681,89.5479157727
test_fy2024,2025,elasticnet,MIATK,-9.174305505,103.44515531
test_fy2024,2025,elasticnet,MPARK,30.52147239,72.8682160321
test_fy2024,2025,elasticnet,NETAS,11.45454407,59.6389663255
test_fy2024,2025,elasticnet,NTGAZ,56.82797572,88.5168803824
test_fy2024,2025,elasticnet,ODAS,14.79999542,75.8107293903
test_fy2024,2025,elasticnet,OTKAR,-24.24557752,75.6180328367
test_fy2024,2025,elasticnet,OYAKC,-18.42831043,70.3689574699
test_fy2024,2025,elasticnet,PASEU,218.7660543,124.337401361
test_fy2024,2025,elasticnet,PETKM,26.9138767,121.509537055
test_fy2024,2025,elasticnet,PGSUS,-28.74543328,68.916380034
test_fy2024,2025,elasticnet,PRKME,-0.8282800708,76.4150068583
test_fy2024,2025,elasticnet,RGYAS,48.29485159,86.6302354016
test_fy2024,2025,elasticnet,SAHOL,12.10031812,92.165592969
test_fy2024,2025,elasticnet,SASA,-37.09677698,96.5322272106
test_fy2024,2025,elasticnet,SELEC,27.08073685,84.6206010657
test_fy2024,2025,elasticnet,SISE,19.68887048,115.902458394
test_fy2024,2025,elasticnet,SKBNK,116.9889151,97.0442891531
test_fy2024,2025,elasticnet,SMRTG,-41.60583875,89.3600060265
test_fy2024,2025,elasticnet,SOKM,34.24807907,87.2185654069
test_fy2024,2025,elasticnet,TAVHL,29.90713996,79.347852745
test_fy2024,2025,elasticnet,TBORG,-12.40640474,79.6666762984
test_fy2024,2025,elasticnet,TCELL,16.74493945,56.1790415721
test_fy2024,2025,elasticnet,THYAO,-1.241711875,108.007858816
test_fy2024,2025,elasticnet,TOASO,75.32238324,103.653438177
test_fy2024,2025,elasticnet,TRALT,49.96421161,106.498279105
test_fy2024,2025,elasticnet,TRMET,42.42967762,125.897105475
test_fy2024,2025,elasticnet,TSKB,6.154129473,111.842940582
test_fy2024,2025,elasticnet,TTKOM,20.33581513,61.1644357028
test_fy2024,2025,elasticnet,TUPRS,107.0921571,64.7497914574
test_fy2024,2025,elasticnet,TURSG,42.88492433,60.113595654
test_fy2024,2025,elasticnet,ULKER,10.39414987,101.494652527
test_fy2024,2025,elasticnet,ULUSE,11.925292,64.747372764
test_fy2024,2025,elasticnet,VAKBN,27.76831595,101.367454456
test_fy2024,2025,elasticnet,VESTL,-41.4991593,85.034690947
test_fy2024,2025,elasticnet,YKBNK,36.67218819,93.8147032867
test_fy2024,2025,elasticnet,ZOREN,-21.2464591,81.3461740704
test_fy2024,2025,random_forest,AEFES,-0.5784375361,28.7628627626
test_fy2024,2025,random_forest,AGESA,85.96737526,-10.8670122942
test_fy2024,2025,random_forest,AGHOL,-4.415472351,-12.8815520268
test_fy2024,2025,random_forest,AKBNK,28.88424847,-14.136412885
test_fy2024,2025,random_forest,AKENR,-7.465620885,3.14677213663
test_fy2024,2025,random_forest,AKSA,4.536974082,-10.2632812702
test_fy2024,2025,random_forest,AKSEN,124.1278926,-15.2479085203
test_fy2024,2025,random_forest,ALARK,-12.95969773,-13.6761045111
test_fy2024,2025,random_forest,ALBRK,33.96262043,-12.5290499978
test_fy2024,2025,random_forest,ANHYT,28.9024237,-12.6855761844
test_fy2024,2025,random_forest,ARCLK,-17.85173905,9.39065555508
test_fy2024,2025,random_forest,ASELS,171.054967,31.2580853636
test_fy2024,2025,random_forest,ASTOR,79.36394986,117.579546361
test_fy2024,2025,random_forest,BERA,3.293408455,-10.399517338
test_fy2024,2025,random_forest,BIMAS,56.93686515,-14.2559399296
test_fy2024,2025,random_forest,BRSAN,32.94723295,17.022949972
test_fy2024,2025,random_forest,BTCIM,36.46788135,22.594532186
test_fy2024,2025,random_forest,CANTE,1.863352244,84.9325313993
test_fy2024,2025,random_forest,CCOLA,35.10509807,-12.5620629912
test_fy2024,2025,random_forest,CEMTS,-2.538259008,4.84554401269
test_fy2024,2025,random_forest,CIMSA,2.916317025,5.79566959702
test_fy2024,2025,random_forest,DEVA,0.5862620932,23.202145017
test_fy2024,2025,random_forest,DOAS,-1.699674643,16.039484345
test_fy2024,2025,random_forest,DOHOL,25.80542872,-11.2386826971
test_fy2024,2025,random_forest,DSTKF,1206.944444,107.136167158
test_fy2024,2025,random_forest,EKGYO,54.38099203,-9.17535838519
test_fy2024,2025,random_forest,ENJSA,110.2996475,88.5980800944
test_fy2024,2025,random_forest,ENKAI,63.33508819,36.2522616795
test_fy2024,2025,random_forest,EREGL,25.7137109,5.66970220772
test_fy2024,2025,random_forest,FROTO,8.834047895,-10.0556197311
test_fy2024,2025,random_forest,GARAN,8.027332281,-11.3597410218
test_fy2024,2025,random_forest,GUBRF,81.66986564,6.20611956618
test_fy2024,2025,random_forest,HALKB,67.55725413,-10.6906179267
test_fy2024,2025,random_forest,HEKTS,-13.33333526,3.01501676821
test_fy2024,2025,random_forest,ISCTR,7.073166354,-13.6841151985
test_fy2024,2025,random_forest,ISGYO,26.39440418,-9.05971593063
test_fy2024,2025,random_forest,KCHOL,31.86699486,-6.42613800141
test_fy2024,2025,random_forest,KRDMD,5.102040883,21.3296759995
test_fy2024,2025,random_forest,KRVGD,28.64077425,58.1524620549
test_fy2024,2025,random_forest,KUYAS,106.7152043,102.108496043
test_fy2024,2025,random_forest,LOGO,9.92916356,17.5746031659
test_fy2024,2025,random_forest,MAVI,26.48887894,100.631569347
test_fy2024,2025,random_forest,MGROS,27.54385681,-5.82296158706
test_fy2024,2025,random_forest,MIATK,-9.174305505,215.426999562
test_fy2024,2025,random_forest,MPARK,30.52147239,74.8642160523
test_fy2024,2025,random_forest,NETAS,11.45454407,8.54149122026
test_fy2024,2025,random_forest,NTGAZ,56.82797572,77.1721589357
test_fy2024,2025,random_forest,ODAS,14.79999542,5.13179958718
test_fy2024,2025,random_forest,OTKAR,-24.24557752,6.98767301354
test_fy2024,2025,random_forest,OYAKC,-18.42831043,32.0822093178
test_fy2024,2025,random_forest,PASEU,218.7660543,176.644548352
test_fy2024,2025,random_forest,PETKM,26.9138767,1.62010461641
test_fy2024,2025,random_forest,PGSUS,-28.74543328,-7.21101200002
test_fy2024,2025,random_forest,PRKME,-0.8282800708,19.9643298699
test_fy2024,2025,random_forest,RGYAS,48.29485159,76.6100591671
test_fy2024,2025,random_forest,SAHOL,12.10031812,3.63432372538
test_fy2024,2025,random_forest,SASA,-37.09677698,-14.5389651227
test_fy2024,2025,random_forest,SELEC,27.08073685,-12.808397067
test_fy2024,2025,random_forest,SISE,19.68887048,11.274548882
test_fy2024,2025,random_forest,SKBNK,116.9889151,-13.6181002475
test_fy2024,2025,random_forest,SMRTG,-41.60583875,63.3560018981
test_fy2024,2025,random_forest,SOKM,34.24807907,98.0968157474
test_fy2024,2025,random_forest,TAVHL,29.90713996,-7.41795403039
test_fy2024,2025,random_forest,TBORG,-12.40640474,5.87892562386
test_fy2024,2025,random_forest,TCELL,16.74493945,14.5224645115
test_fy2024,2025,random_forest,THYAO,-1.241711875,-1.02212792732
test_fy2024,2025,random_forest,TOASO,75.32238324,-8.81727058938
test_fy2024,2025,random_forest,TRALT,49.96421161,34.9482744043
test_fy2024,2025,random_forest,TRMET,42.42967762,35.5182842188
test_fy2024,2025,random_forest,TSKB,6.154129473,5.23189920169
test_fy2024,2025,random_forest,TTKOM,20.33581513,5.80528803846
test_fy2024,2025,random_forest,TUPRS,107.0921571,18.4821900145
test_fy2024,2025,random_forest,TURSG,42.88492433,20.7769419185
test_fy2024,2025,random_forest,ULKER,10.39414987,9.01512862887
test_fy2024,2025,random_forest,ULUSE,11.925292,7.36632891836
test_fy2024,2025,random_forest,VAKBN,27.76831595,-10.9321587461
test_fy2024,2025,random_forest,VESTL,-41.4991593,3.58526078733
test_fy2024,2025,random_forest,YKBNK,36.67218819,-14.1617498179
test_fy2024,2025,random_forest,ZOREN,-21.2464591,1.71631897725
test_fy2024,2025,gradient_boosting,AEFES,-0.5784375361,41.8749708326
test_fy2024,2025,gradient_boosting,AGESA,85.96737526,4.36611898829
test_fy2024,2025,gradient_boosting,AGHOL,-4.415472351,-6.10443030931
test_fy2024,2025,gradient_boosting,AKBNK,28.88424847,49.3020764923
test_fy2024,2025,gradient_boosting,AKENR,-7.465620885,-22.374490095
test_fy2024,2025,gradient_boosting,AKSA,4.536974082,19.9108103273
test_fy2024,2025,gradient_boosting,AKSEN,124.1278926,-12.8358555483
test_fy2024,2025,gradient_boosting,ALARK,-12.95969773,-10.3452184514
test_fy2024,2025,gradient_boosting,ALBRK,33.96262043,18.0064232683
test_fy2024,2025,gradient_boosting,ANHYT,28.9024237,-7.45655653065
test_fy2024,2025,gradient_boosting,ARCLK,-17.85173905,30.072529766
test_fy2024,2025,gradient_boosting,ASELS,171.054967,-33.6493300839
test_fy2024,2025,gradient_boosting,ASTOR,79.36394986,263.792720428
test_fy2024,2025,gradient_boosting,BERA,3.293408455,0.679599776849
test_fy2024,2025,gradient_boosting,BIMAS,56.93686515,-13.3754614902
test_fy2024,2025,gradient_boosting,BRSAN,32.94723295,-21.6141767419
test_fy2024,2025,gradient_boosting,BTCIM,36.46788135,36.0231236114
test_fy2024,2025,gradient_boosting,CANTE,1.863352244,52.1837413388
test_fy2024,2025,gradient_boosting,CCOLA,35.10509807,-12.8040576885
test_fy2024,2025,gradient_boosting,CEMTS,-2.538259008,-3.78807434599
test_fy2024,2025,gradient_boosting,CIMSA,2.916317025,-0.132653739867
test_fy2024,2025,gradient_boosting,DEVA,0.5862620932,13.6957903602
test_fy2024,2025,gradient_boosting,DOAS,-1.699674643,48.0239135559
test_fy2024,2025,gradient_boosting,DOHOL,25.80542872,5.95115333684
test_fy2024,2025,gradient_boosting,DSTKF,1206.944444,123.711406984
test_fy2024,2025,gradient_boosting,EKGYO,54.38099203,8.73490287813
test_fy2024,2025,gradient_boosting,ENJSA,110.2996475,94.1757932413
test_fy2024,2025,gradient_boosting,ENKAI,63.33508819,89.7554282957
test_fy2024,2025,gradient_boosting,EREGL,25.7137109,-12.1922248426
test_fy2024,2025,gradient_boosting,FROTO,8.834047895,34.1813181008
test_fy2024,2025,gradient_boosting,GARAN,8.027332281,21.072861614
test_fy2024,2025,gradient_boosting,GUBRF,81.66986564,1.93145905232
test_fy2024,2025,gradient_boosting,HALKB,67.55725413,17.8674367448
test_fy2024,2025,gradient_boosting,HEKTS,-13.33333526,59.4379669513
test_fy2024,2025,gradient_boosting,ISCTR,7.073166354,47.302486475
test_fy2024,2025,gradient_boosting,ISGYO,26.39440418,-7.45563937692
test_fy2024,2025,gradient_boosting,KCHOL,31.86699486,-2.78180517137
test_fy2024,2025,gradient_boosting,KRDMD,5.102040883,73.2178233568
test_fy2024,2025,gradient_boosting,KRVGD,28.64077425,62.7069554164
test_fy2024,2025,gradient_boosting,KUYAS,106.7152043,54.8007138302
test_fy2024,2025,gradient_boosting,LOGO,9.92916356,-11.059812451
test_fy2024,2025,gradient_boosting,MAVI,26.48887894,199.104385897
test_fy2024,2025,gradient_boosting,MGROS,27.54385681,0.310540789587
test_fy2024,2025,gradient_boosting,MIATK,-9.174305505,356.770531399
test_fy2024,2025,gradient_boosting,MPARK,30.52147239,54.1339598646
test_fy2024,2025,gradient_boosting,NETAS,11.45454407,-15.8784517653
test_fy2024,2025,gradient_boosting,NTGAZ,56.82797572,58.841588533
test_fy2024,2025,gradient_boosting,ODAS,14.79999542,-0.71027402028
test_fy2024,2025,gradient_boosting,OTKAR,-24.24557752,-9.04365187401
test_fy2024,2025,gradient_boosting,OYAKC,-18.42831043,-12.6270018661
test_fy2024,2025,gradient_boosting,PASEU,218.7660543,126.447551608
test_fy2024,2025,gradient_boosting,PETKM,26.9138767,44.3386078965
test_fy2024,2025,gradient_boosting,PGSUS,-28.74543328,7.01268241427
test_fy2024,2025,gradient_boosting,PRKME,-0.8282800708,9.43191744275
test_fy2024,2025,gradient_boosting,RGYAS,48.29485159,48.4868435723
test_fy2024,2025,gradient_boosting,SAHOL,12.10031812,-6.94513205921
test_fy2024,2025,gradient_boosting,SASA,-37.09677698,-17.2144296469
test_fy2024,2025,gradient_boosting,SELEC,27.08073685,4.14866998898
test_fy2024,2025,gradient_boosting,SISE,19.68887048,53.2777880947
test_fy2024,2025,gradient_boosting,SKBNK,116.9889151,18.3486696491
test_fy2024,2025,gradient_boosting,SMRTG,-41.60583875,96.5186616064
test_fy2024,2025,gradient_boosting,SOKM,34.24807907,70.3563864456
test_fy2024,2025,gradient_boosting,TAVHL,29.90713996,-19.2862065168
test_fy2024,2025,gradient_boosting,TBORG,-12.40640474,-10.4842281118
test_fy2024,2025,gradient_boosting,TCELL,16.74493945,12.7929485149
test_fy2024,2025,gradient_boosting,THYAO,-1.241711875,50.7971025446
test_fy2024,2025,gradient_boosting,TOASO,75.32238324,30.1977973811
test_fy2024,2025,gradient_boosting,TRALT,49.96421161,25.07367774
test_fy2024,2025,gradient_boosting,TRMET,42.42967762,180.1166325
test_fy2024,2025,gradient_boosting,TSKB,6.154129473,142.760238543
test_fy2024,2025,gradient_boosting,TTKOM,20.33581513,-14.5277684886
test_fy2024,2025,gradient_boosting,TUPRS,107.0921571,-9.41306745456
test_fy2024,2025,gradient_boosting,TURSG,42.88492433,-21.6533642122
test_fy2024,2025,gradient_boosting,ULKER,10.39414987,35.2333927555
test_fy2024,2025,gradient_boosting,ULUSE,11.925292,11.5029644343
test_fy2024,2025,gradient_boosting,VAKBN,27.76831595,51.2423761139
test_fy2024,2025,gradient_boosting,VESTL,-41.4991593,-18.4910287504
test_fy2024,2025,gradient_boosting,YKBNK,36.67218819,13.7860937928
test_fy2024,2025,gradient_boosting,ZOREN,-21.2464591,-20.5328343796
