split,year,model,ticker,y_true,y_pred
test_fy2022,2023,baseline_equal_weight,AEFES,246.1256985,0.527548612577
test_fy2022,2023,baseline_equal_weight,AGESA,245.9959152,0.345029455353
test_fy2022,2023,baseline_equal_weight,AGHOL,233.7747591,0.692725581038
test_fy2022,2023,baseline_equal_weight,AKBNK,324.0408378,0.70786224936
test_fy2022,2023,baseline_equal_weight,AKENR,241.6107645,0.421234432311
test_fy2022,2023,baseline_equal_weight,AKSA,90.65418258,0.442196515837
test_fy2022,2023,baseline_equal_weight,AKSEN,38.0331855,0.496845230141
test_fy2022,2023,baseline_equal_weight,ALARK,81.67664747,0.507443774606
test_fy2022,2023,baseline_equal_weight,ALBRK,132.1705379,0.387430647552
test_fy2022,2023,baseline_equal_weight,ANHYT,469.8804773,0.380823274548
test_fy2022,2023,baseline_equal_weight,ARCLK,82.66873081,0.595798555388
test_fy2022,2023,baseline_equal_weight,ASELS,146.3771293,0.659128508035
test_fy2022,2023,baseline_equal_weight,ASTOR,78.98551594,0.48419233256
test_fy2022,2023,baseline_equal_weight,BERA,63.80796284,0.340243348603
test_fy2022,2023,baseline_equal_weight,BIMAS,241.2337133,0.603391391435
test_fy2022,2023,baseline_equal_weight,BRSAN,147.9909517,0.575858583405
test_fy2022,2023,baseline_equal_weight,BTCIM,267.2973568,0.305619909221
test_fy2022,2023,baseline_equal_weight,CANTE,-22.65551306,0.381772790651
test_fy2022,2023,baseline_equal_weight,CCOLA,230.238318,0.569647151317
test_fy2022,2023,baseline_equal_weight,CEMTS,11.94561823,0.307359332181
test_fy2022,2023,baseline_equal_weight,CIMSA,100.0394926,0.517104264371
test_fy2022,2023,baseline_equal_weight,DEVA,106.1344192,0.292621008478
test_fy2022,2023,baseline_equal_weight,DOAS,152.436439,0.557419553064
test_fy2022,2023,baseline_equal_weight,DOHOL,68.16230884,0.419351256973
test_fy2022,2023,baseline_equal_weight,EGEEN,174.4019093,0.394139668731
test_fy2022,2023,baseline_equal_weight,EKGYO,22.23758132,0.5090704076
test_fy2022,2023,baseline_equal_weight,ENJSA,106.8056601,0.598931609334
test_fy2022,2023,baseline_equal_weight,ENKAI,67.86965543,0.597288678513
test_fy2022,2023,baseline_equal_weight,EREGL,45.63989443,0.632739312107
test_fy2022,2023,baseline_equal_weight,FROTO,100.3106323,0.70001413042
test_fy2022,2023,baseline_equal_weight,GARAN,315.3167773,0.694890175659
test_fy2022,2023,baseline_equal_weight,GUBRF,-41.44559805,0.537982834766
test_fy2022,2023,baseline_equal_weight,HALKB,36.6382618,0.608456056837
test_fy2022,2023,baseline_equal_weight,HEKTS,-47.74516785,0.445359595462
test_fy2022,2023,baseline_equal_weight,ISCTR,262.4887904,0.747240040311
test_fy2022,2023,baseline_equal_weight,ISGYO,81.06637597,0.406730490097
test_fy2022,2023,baseline_equal_weight,KCHOL,207.2814177,0.723060519615
test_fy2022,2023,baseline_equal_weight,KONTR,40.25969554,0.484405458449
test_fy2022,2023,baseline_equal_weight,KRDMD,64.00342845,0.395957784278
test_fy2022,2023,baseline_equal_weight,KRVGD,93.1077614,0.198620872214
test_fy2022,2023,baseline_equal_weight,KUYAS,66.2106664,0.486061300307
test_fy2022,2023,baseline_equal_weight,LOGO,60.76643138,0.304317115351
test_fy2022,2023,baseline_equal_weight,MAVI,251.7161264,0.455649091117
test_fy2022,2023,baseline_equal_weight,MGROS,173.0122007,0.563117174353
test_fy2022,2023,baseline_equal_weight,MIATK,494.4220514,0.381689818758
test_fy2022,2023,baseline_equal_weight,MPARK,309.469697,0.443133459836
test_fy2022,2023,baseline_equal_weight,NETAS,197.4276628,0.138532737936
test_fy2022,2023,baseline_equal_weight,NTGAZ,58.02187901,0.368092618776
test_fy2022,2023,baseline_equal_weight,ODAS,27.19297683,0.471542881523
test_fy2022,2023,baseline_equal_weight,OTKAR,255.1524555,0.42265585532
test_fy2022,2023,baseline_equal_weight,OYAKC,42.9750153,0.546157330711
test_fy2022,2023,baseline_equal_weight,PETKM,43.9265493,0.501458972425
test_fy2022,2023,baseline_equal_weight,PGSUS,112.7518575,0.66398283023
test_fy2022,2023,baseline_equal_weight,PRKME,59.38825911,0.244788829722
test_fy2022,2023,baseline_equal_weight,SAHOL,156.1364852,0.647995756295
test_fy2022,2023,baseline_equal_weight,SASA,-18.5555564,0.655797618571
test_fy2022,2023,baseline_equal_weight,SELEC,45.34311783,0.439591206702
test_fy2022,2023,baseline_equal_weight,SISE,23.01950535,0.71913315128
test_fy2022,2023,baseline_equal_weight,SKBNK,114.1493733,0.395312214138
test_fy2022,2023,baseline_equal_weight,SMRTG,24.08989378,0.244646183757
test_fy2022,2023,baseline_equal_weight,SOKM,112.6696496,0.466701787281
test_fy2022,2023,baseline_equal_weight,TAVHL,210.5806343,0.59071263049
test_fy2022,2023,baseline_equal_weight,TBORG,192.1239491,0.378137808728
test_fy2022,2023,baseline_equal_weight,TCELL,200.6914684,0.645409393123
test_fy2022,2023,baseline_equal_weight,THYAO,105.9523973,0.654520034632
test_fy2022,2023,baseline_equal_weight,TOASO,61.2424579,0.69937518451
test_fy2022,2023,baseline_equal_weight,TRALT,-8.57991348,0.597616222406
test_fy2022,2023,baseline_equal_weight,TRMET,11.70644074,0.467089662777
test_fy2022,2023,baseline_equal_weight,TSKB,166.9082224,0.483992040293
test_fy2022,2023,baseline_equal_weight,TTKOM,182.944792,0.637643252984
test_fy2022,2023,baseline_equal_weight,TUPRS,205.6365982,0.565413078987
test_fy2022,2023,baseline_equal_weight,TURSG,591.5846416,0.557802840889
test_fy2022,2023,baseline_equal_weight,ULKER,300.2932767,0.493500796494
test_fy2022,2023,baseline_equal_weight,ULUSE,38.14274427,0.113502695204
test_fy2022,2023,baseline_equal_weight,VAKBN,132.5630076,0.592014734727
test_fy2022,2023,baseline_equal_weight,VESTL,77.18034288,0.3813550585
test_fy2022,2023,baseline_equal_weight,YKBNK,220.2598974,0.748371725524
test_fy2022,2023,baseline_equal_weight,ZOREN,79.53217875,0.529833400241
test_fy2022,2023,baseline_rank_score,AEFES,246.1256985,0.527548612577
test_fy2022,2023,baseline_rank_score,AGESA,245.9959152,0.345029455353
test_fy2022,2023,baseline_rank_score,AGHOL,233.7747591,0.692725581038
test_fy2022,2023,baseline_rank_score,AKBNK,324.0408378,0.70786224936
test_fy2022,2023,baseline_rank_score,AKENR,241.6107645,0.421234432311
test_fy2022,2023,baseline_rank_score,AKSA,90.65418258,0.442196515837
test_fy2022,2023,baseline_rank_score,AKSEN,38.0331855,0.496845230141
test_fy2022,2023,baseline_rank_score,ALARK,81.67664747,0.507443774606
test_fy2022,2023,baseline_rank_score,ALBRK,132.1705379,0.387430647552
test_fy2022,2023,baseline_rank_score,ANHYT,469.8804773,0.380823274548
test_fy2022,2023,baseline_rank_score,ARCLK,82.66873081,0.595798555388
test_fy2022,2023,baseline_rank_score,ASELS,146.3771293,0.659128508035
test_fy2022,2023,baseline_rank_score,ASTOR,78.98551594,0.48419233256
test_fy2022,2023,baseline_rank_score,BERA,63.80796284,0.340243348603
test_fy2022,2023,baseline_rank_score,BIMAS,241.2337133,0.603391391435
test_fy2022,2023,baseline_rank_score,BRSAN,147.9909517,0.575858583405
test_fy2022,2023,baseline_rank_score,BTCIM,267.2973568,0.305619909221
test_fy2022,2023,baseline_rank_score,CANTE,-22.65551306,0.381772790651
test_fy2022,2023,baseline_rank_score,CCOLA,230.238318,0.569647151317
test_fy2022,2023,baseline_rank_score,CEMTS,11.94561823,0.307359332181
test_fy2022,2023,baseline_rank_score,CIMSA,100.0394926,0.517104264371
test_fy2022,2023,baseline_rank_score,DEVA,106.1344192,0.292621008478
test_fy2022,2023,baseline_rank_score,DOAS,152.436439,0.557419553064
test_fy2022,2023,baseline_rank_score,DOHOL,68.16230884,0.419351256973
test_fy2022,2023,baseline_rank_score,EGEEN,174.4019093,0.394139668731
test_fy2022,2023,baseline_rank_score,EKGYO,22.23758132,0.5090704076
test_fy2022,2023,baseline_rank_score,ENJSA,106.8056601,0.598931609334
test_fy2022,2023,baseline_rank_score,ENKAI,67.86965543,0.597288678513
test_fy2022,2023,baseline_rank_score,EREGL,45.63989443,0.632739312107
test_fy2022,2023,baseline_rank_score,FROTO,100.3106323,0.70001413042
test_fy2022,2023,baseline_rank_score,GARAN,315.3167773,0.694890175659
test_fy2022,2023,baseline_rank_score,GUBRF,-41.44559805,0.537982834766
test_fy2022,2023,baseline_rank_score,HALKB,36.6382618,0.608456056837
test_fy2022,2023,baseline_rank_score,HEKTS,-47.74516785,0.445359595462
test_fy2022,2023,baseline_rank_score,ISCTR,262.4887904,0.747240040311
test_fy2022,2023,baseline_rank_score,ISGYO,81.06637597,0.406730490097
test_fy2022,2023,baseline_rank_score,KCHOL,207.2814177,0.723060519615
test_fy2022,2023,baseline_rank_score,KONTR,40.25969554,0.484405458449
test_fy2022,2023,baseline_rank_score,KRDMD,64.00342845,0.395957784278
test_fy2022,2023,baseline_rank_score,KRVGD,93.1077614,0.198620872214
test_fy2022,2023,baseline_rank_score,KUYAS,66.2106664,0.486061300307
test_fy2022,2023,baseline_rank_score,LOGO,60.76643138,0.304317115351
test_fy2022,2023,baseline_rank_score,MAVI,251.7161264,0.455649091117
test_fy2022,2023,baseline_rank_score,MGROS,173.0122007,0.563117174353
test_fy2022,2023,baseline_rank_score,MIATK,494.4220514,0.381689818758
test_fy2022,2023,baseline_rank_score,MPARK,309.469697,0.443133459836
test_fy2022,2023,baseline_rank_score,NETAS,197.4276628,0.138532737936
test_fy2022,2023,baseline_rank_score,NTGAZ,58.02187901,0.368092618776
test_fy2022,2023,baseline_rank_score,ODAS,27.19297683,0.471542881523
test_fy2022,2023,baseline_rank_score,OTKAR,255.1524555,0.42265585532
test_fy2022,2023,baseline_rank_score,OYAKC,42.9750153,0.546157330711
test_fy2022,2023,baseline_rank_score,PETKM,43.9265493,0.501458972425
test_fy2022,2023,baseline_rank_score,PGSUS,112.7518575,0.66398283023
test_fy2022,2023,baseline_rank_score,PRKME,59.38825911,0.244788829722
test_fy2022,2023,baseline_rank_score,SAHOL,156.1364852,0.647995756295
test_fy2022,2023,baseline_rank_score,SASA,-18.5555564,0.655797618571
test_fy2022,2023,baseline_rank_score,SELEC,45.34311783,0.439591206702
test_fy2022,2023,baseline_rank_score,SISE,23.01950535,0.71913315128
test_fy2022,2023,baseline_rank_score,SKBNK,114.1493733,0.395312214138
test_fy2022,2023,baseline_rank_score,SMRTG,24.08989378,0.244646183757
test_fy2022,2023,baseline_rank_score,SOKM,112.6696496,0.466701787281
test_fy2022,2023,baseline_rank_score,TAVHL,210.5806343,0.59071263049
test_fy2022,2023,baseline_rank_score,TBORG,192.1239491,0.378137808728
test_fy2022,2023,baseline_rank_score,TCELL,200.6914684,0.645409393123
test_fy2022,2023,baseline_rank_score,THYAO,105.9523973,0.654520034632
test_fy2022,2023,baseline_rank_score,TOASO,61.2424579,0.69937518451
test_fy2022,2023,baseline_rank_score,TRALT,-8.57991348,0.597616222406
test_fy2022,2023,baseline_rank_score,TRMET,11.70644074,0.467089662777
test_fy2022,2023,baseline_rank_score,TSKB,166.9082224,0.483992040293
test_fy2022,2023,baseline_rank_score,TTKOM,182.944792,0.637643252984
test_fy2022,2023,baseline_rank_score,TUPRS,205.6365982,0.565413078987
test_fy2022,2023,baseline_rank_score,TURSG,591.5846416,0.557802840889
test_fy2022,2023,baseline_rank_score,ULKER,300.2932767,0.493500796494
test_fy2022,2023,baseline_rank_score,ULUSE,38.14274427,0.113502695204
test_fy2022,2023,baseline_rank_score,VAKBN,132.5630076,0.592014734727
test_fy2022,2023,baseline_rank_score,VESTL,77.18034288,0.3813550585
test_fy2022,2023,baseline_rank_score,YKBNK,220.2598974,0.748371725524
test_fy2022,2023,baseline_rank_score,ZOREN,79.53217875,0.529833400241
test_fy2022,2023,robust_rank_aggregation,AEFES,246.1256985,0.551956815115
test_fy2022,2023,robust_rank_aggregation,AGESA,245.9959152,0.294871794872
test_fy2022,2023,robust_rank_aggregation,AGHOL,233.7747591,0.710526315789
test_fy2022,2023,robust_rank_aggregation,AKBNK,324.0408378,0.74358974359
test_fy2022,2023,robust_rank_aggregation,AKENR,241.6107645,0.427956371986
test_fy2022,2023,robust_rank_aggregation,AKSA,90.65418258,0.499473784922
test_fy2022,2023,robust_rank_aggregation,AKSEN,38.0331855,0.506936471489
test_fy2022,2023,robust_rank_aggregation,ALARK,81.67664747,0.5
test_fy2022,2023,robust_rank_aggregation,ALBRK,132.1705379,0.381578947368
test_fy2022,2023,robust_rank_aggregation,ANHYT,469.8804773,0.371794871795
test_fy2022,2023,robust_rank_aggregation,ARCLK,82.66873081,0.651610369207
test_fy2022,2023,robust_rank_aggregation,ASELS,146.3771293,0.723684210526
test_fy2022,2023,robust_rank_aggregation,ASTOR,78.98551594,0.44776119403
test_fy2022,2023,robust_rank_aggregation,BERA,63.80796284,0.373134328358
test_fy2022,2023,robust_rank_aggregation,BIMAS,241.2337133,0.643049932524
test_fy2022,2023,robust_rank_aggregation,BRSAN,147.9909517,0.519568151147
test_fy2022,2023,robust_rank_aggregation,BTCIM,267.2973568,0.25
test_fy2022,2023,robust_rank_aggregation,CANTE,-22.65551306,0.282051282051
test_fy2022,2023,robust_rank_aggregation,CCOLA,230.238318,0.615384615385
test_fy2022,2023,robust_rank_aggregation,CEMTS,11.94561823,0.25
test_fy2022,2023,robust_rank_aggregation,CIMSA,100.0394926,0.503205128205
test_fy2022,2023,robust_rank_aggregation,DEVA,106.1344192,0.282816685802
test_fy2022,2023,robust_rank_aggregation,DOAS,152.436439,0.593379257558
test_fy2022,2023,robust_rank_aggregation,DOHOL,68.16230884,0.475985457329
test_fy2022,2023,robust_rank_aggregation,EGEEN,174.4019093,0.311688311688
test_fy2022,2023,robust_rank_aggregation,EKGYO,22.23758132,0.522388059701
test_fy2022,2023,robust_rank_aggregation,ENJSA,106.8056601,0.610492577598
test_fy2022,2023,robust_rank_aggregation,ENKAI,67.86965543,0.671641791045
test_fy2022,2023,robust_rank_aggregation,EREGL,45.63989443,0.69555353902
test_fy2022,2023,robust_rank_aggregation,FROTO,100.3106323,0.794871794872
test_fy2022,2023,robust_rank_aggregation,GARAN,315.3167773,0.730769230769
test_fy2022,2023,robust_rank_aggregation,GUBRF,-41.44559805,0.496794871795
test_fy2022,2023,robust_rank_aggregation,HALKB,36.6382618,0.578947368421
test_fy2022,2023,robust_rank_aggregation,HEKTS,-47.74516785,0.448717948718
test_fy2022,2023,robust_rank_aggregation,ISCTR,262.4887904,0.775635208711
test_fy2022,2023,robust_rank_aggregation,ISGYO,81.06637597,0.31420483788
test_fy2022,2023,robust_rank_aggregation,KCHOL,207.2814177,0.889776889777
test_fy2022,2023,robust_rank_aggregation,KONTR,40.25969554,0.462686567164
test_fy2022,2023,robust_rank_aggregation,KRDMD,64.00342845,0.415584415584
test_fy2022,2023,robust_rank_aggregation,KRVGD,93.1077614,0.15671641791
test_fy2022,2023,robust_rank_aggregation,KUYAS,66.2106664,0.402458859548
test_fy2022,2023,robust_rank_aggregation,LOGO,60.76643138,0.194029850746
test_fy2022,2023,robust_rank_aggregation,MAVI,251.7161264,0.385285112897
test_fy2022,2023,robust_rank_aggregation,MGROS,173.0122007,0.571356275304
test_fy2022,2023,robust_rank_aggregation,MIATK,494.4220514,0.192307692308
test_fy2022,2023,robust_rank_aggregation,MPARK,309.469697,0.434885290148
test_fy2022,2023,robust_rank_aggregation,NETAS,197.4276628,0.0897435897436
test_fy2022,2023,robust_rank_aggregation,NTGAZ,58.02187901,0.297297297297
test_fy2022,2023,robust_rank_aggregation,ODAS,27.19297683,0.455223880597
test_fy2022,2023,robust_rank_aggregation,OTKAR,255.1524555,0.427956371986
test_fy2022,2023,robust_rank_aggregation,OYAKC,42.9750153,0.557369402985
test_fy2022,2023,robust_rank_aggregation,PETKM,43.9265493,0.567164179104
test_fy2022,2023,robust_rank_aggregation,PGSUS,112.7518575,0.769230769231
test_fy2022,2023,robust_rank_aggregation,PRKME,59.38825911,0.102564102564
test_fy2022,2023,robust_rank_aggregation,SAHOL,156.1364852,0.576923076923
test_fy2022,2023,robust_rank_aggregation,SASA,-18.5555564,0.703310371221
test_fy2022,2023,robust_rank_aggregation,SELEC,45.34311783,0.50641025641
test_fy2022,2023,robust_rank_aggregation,SISE,23.01950535,0.782796543598
test_fy2022,2023,robust_rank_aggregation,SKBNK,114.1493733,0.394736842105
test_fy2022,2023,robust_rank_aggregation,SMRTG,24.08989378,0.137676999617
test_fy2022,2023,robust_rank_aggregation,SOKM,112.6696496,0.526315789474
test_fy2022,2023,robust_rank_aggregation,TAVHL,210.5806343,0.626865671642
test_fy2022,2023,robust_rank_aggregation,TBORG,192.1239491,0.358974358974
test_fy2022,2023,robust_rank_aggregation,TCELL,200.6914684,0.681848852901
test_fy2022,2023,robust_rank_aggregation,THYAO,105.9523973,0.762175962294
test_fy2022,2023,robust_rank_aggregation,TOASO,61.2424579,0.723593570608
test_fy2022,2023,robust_rank_aggregation,TRALT,-8.57991348,0.576923076923
test_fy2022,2023,robust_rank_aggregation,TRMET,11.70644074,0.440298507463
test_fy2022,2023,robust_rank_aggregation,TSKB,166.9082224,0.512989203779
test_fy2022,2023,robust_rank_aggregation,TTKOM,182.944792,0.683388157895
test_fy2022,2023,robust_rank_aggregation,TUPRS,205.6365982,0.516363022942
test_fy2022,2023,robust_rank_aggregation,TURSG,591.5846416,0.571356275304
test_fy2022,2023,robust_rank_aggregation,ULKER,300.2932767,0.565789473684
test_fy2022,2023,robust_rank_aggregation,ULUSE,38.14274427,0.0554917719097
test_fy2022,2023,robust_rank_aggregation,VAKBN,132.5630076,0.605263157895
test_fy2022,2023,robust_rank_aggregation,VESTL,77.18034288,0.414083429009
test_fy2022,2023,robust_rank_aggregation,YKBNK,220.2598974,0.788461538462
test_fy2022,2023,robust_rank_aggregation,ZOREN,79.53217875,0.564580941447
test_fy2022,2023,linear_regression,AEFES,246.1256985,878.409117265
test_fy2022,2023,linear_regression,AGESA,245.9959152,1011.63245499
test_fy2022,2023,linear_regression,AGHOL,233.7747591,1055.75904519
test_fy2022,2023,linear_regression,AKBNK,324.0408378,1358.3429157
test_fy2022,2023,linear_regression,AKENR,241.6107645,926.517066878
test_fy2022,2023,linear_regression,AKSA,90.65418258,970.65454172
test_fy2022,2023,linear_regression,AKSEN,38.0331855,892.749400074
test_fy2022,2023,linear_regression,ALARK,81.67664747,1115.54488915
test_fy2022,2023,linear_regression,ALBRK,132.1705379,1039.61500693
test_fy2022,2023,linear_regression,ANHYT,469.8804773,1046.91279564
test_fy2022,2023,linear_regression,ARCLK,82.66873081,1070.61419759
test_fy2022,2023,linear_regression,ASELS,146.3771293,853.092254872
test_fy2022,2023,linear_regression,ASTOR,78.98551594,1141.81009392
test_fy2022,2023,linear_regression,BERA,63.80796284,679.873179327
test_fy2022,2023,linear_regression,BIMAS,241.2337133,885.278438441
test_fy2022,2023,linear_regression,BRSAN,147.9909517,997.107414301
test_fy2022,2023,linear_regression,BTCIM,267.2973568,1164.55444292
test_fy2022,2023,linear_regression,CANTE,-22.65551306,1023.71171389
test_fy2022,2023,linear_regression,CCOLA,230.238318,908.051284297
test_fy2022,2023,linear_regression,CEMTS,11.94561823,959.185269473
test_fy2022,2023,linear_regression,CIMSA,100.0394926,1039.25639025
test_fy2022,2023,linear_regression,DEVA,106.1344192,935.116765343
test_fy2022,2023,linear_regression,DOAS,152.436439,1007.245562
test_fy2022,2023,linear_regression,DOHOL,68.16230884,830.859703662
test_fy2022,2023,linear_regression,EGEEN,174.4019093,882.304676526
test_fy2022,2023,linear_regression,EKGYO,22.23758132,827.222535537
test_fy2022,2023,linear_regression,ENJSA,106.8056601,1379.90013701
test_fy2022,2023,linear_regression,ENKAI,67.86965543,912.566111094
test_fy2022,2023,linear_regression,EREGL,45.63989443,969.659088807
test_fy2022,2023,linear_regression,FROTO,100.3106323,992.701497871
test_fy2022,2023,linear_regression,GARAN,315.3167773,1372.44887823
test_fy2022,2023,linear_regression,GUBRF,-41.44559805,1018.18885368
test_fy2022,2023,linear_regression,HALKB,36.6382618,1282.09596489
test_fy2022,2023,linear_regression,HEKTS,-47.74516785,1062.61289404
test_fy2022,2023,linear_regression,ISCTR,262.4887904,1361.06623631
test_fy2022,2023,linear_regression,ISGYO,81.06637597,1134.60219811
test_fy2022,2023,linear_regression,KCHOL,207.2814177,1333.19407248
test_fy2022,2023,linear_regression,KONTR,40.25969554,1123.01403834
test_fy2022,2023,linear_regression,KRDMD,64.00342845,1048.75439324
test_fy2022,2023,linear_regression,KRVGD,93.1077614,977.73038305
test_fy2022,2023,linear_regression,KUYAS,66.2106664,1213.80553624
test_fy2022,2023,linear_regression,LOGO,60.76643138,1012.76691034
test_fy2022,2023,linear_regression,MAVI,251.7161264,926.38809216
test_fy2022,2023,linear_regression,MGROS,173.0122007,947.696912479
test_fy2022,2023,linear_regression,MIATK,494.4220514,1309.65983679
test_fy2022,2023,linear_regression,MPARK,309.469697,1125.91004859
test_fy2022,2023,linear_regression,NETAS,197.4276628,1038.89141716
test_fy2022,2023,linear_regression,NTGAZ,58.02187901,1033.53666255
test_fy2022,2023,linear_regression,ODAS,27.19297683,719.616683643
test_fy2022,2023,linear_regression,OTKAR,255.1524555,1123.38080867
test_fy2022,2023,linear_regression,OYAKC,42.9750153,923.092338134
test_fy2022,2023,linear_regression,PETKM,43.9265493,1154.45841834
test_fy2022,2023,linear_regression,PGSUS,112.7518575,910.085698437
test_fy2022,2023,linear_regression,PRKME,59.38825911,697.174007769
test_fy2022,2023,linear_regression,SAHOL,156.1364852,1335.68978485
test_fy2022,2023,linear_regression,SASA,-18.5555564,1118.51633281
test_fy2022,2023,linear_regression,SELEC,45.34311783,1040.13568976
test_fy2022,2023,linear_regression,SISE,23.01950535,902.696283182
test_fy2022,2023,linear_regression,SKBNK,114.1493733,957.984713813
test_fy2022,2023,linear_regression,SMRTG,24.08989378,896.19376806
test_fy2022,2023,linear_regression,SOKM,112.6696496,1386.29876017
test_fy2022,2023,linear_regression,TAVHL,210.5806343,1117.11503997
test_fy2022,2023,linear_regression,TBORG,192.1239491,1016.29583908
test_fy2022,2023,linear_regression,TCELL,200.6914684,1032.48152373
test_fy2022,2023,linear_regression,THYAO,105.9523973,1167.92878624
test_fy2022,2023,linear_regression,TOASO,61.2424579,1042.54481989
test_fy2022,2023,linear_regression,TRALT,-8.57991348,926.401350195
test_fy2022,2023,linear_regression,TRMET,11.70644074,987.752062371
test_fy2022,2023,linear_regression,TSKB,166.9082224,908.386382081
test_fy2022,2023,linear_regression,TTKOM,182.944792,1063.58058562
test_fy2022,2023,linear_regression,TUPRS,205.6365982,703.089549695
test_fy2022,2023,linear_regression,TURSG,591.5846416,1176.5981224
test_fy2022,2023,linear_regression,ULKER,300.2932767,1005.19626094
test_fy2022,2023,linear_regression,ULUSE,38.14274427,984.34779028
test_fy2022,2023,linear_regression,VAKBN,132.5630076,1286.7011797
test_fy2022,2023,linear_regression,VESTL,77.18034288,1404.51581399
test_fy2022,2023,linear_regression,YKBNK,220.2598974,1354.80453727
test_fy2022,2023,linear_regression,ZOREN,79.53217875,1191.16507566
test_fy2022,2023,ridge,AEFES,246.1256985,18.3402009334
test_fy2022,2023,ridge,AGESA,245.9959152,170.532598241
test_fy2022,2023,ridge,AGHOL,233.7747591,39.9744059055
test_fy2022,2023,ridge,AKBNK,324.0408378,151.520016153
test_fy2022,2023,ridge,AKENR,241.6107645,124.265675351
test_fy2022,2023,ridge,AKSA,90.65418258,138.920019482
test_fy2022,2023,ridge,AKSEN,38.0331855,77.2760227592
test_fy2022,2023,ridge,ALARK,81.67664747,197.161353638
test_fy2022,2023,ridge,ALBRK,132.1705379,130.237290015
test_fy2022,2023,ridge,ANHYT,469.8804773,174.735174981
test_fy2022,2023,ridge,ARCLK,82.66873081,95.9087832537
test_fy2022,2023,ridge,ASELS,146.3771293,73.1505270146
test_fy2022,2023,ridge,ASTOR,78.98551594,182.684428584
test_fy2022,2023,ridge,BERA,63.80796284,62.2607833519
test_fy2022,2023,ridge,BIMAS,241.2337133,83.9891391394
test_fy2022,2023,ridge,BRSAN,147.9909517,107.211082569
test_fy2022,2023,ridge,BTCIM,267.2973568,183.60167659
test_fy2022,2023,ridge,CANTE,-22.65551306,181.741444826
test_fy2022,2023,ridge,CCOLA,230.238318,65.7927628786
test_fy2022,2023,ridge,CEMTS,11.94561823,153.845170736
test_fy2022,2023,ridge,CIMSA,100.0394926,169.962756553
test_fy2022,2023,ridge,DEVA,106.1344192,154.250723989
test_fy2022,2023,ridge,DOAS,152.436439,96.7917308416
test_fy2022,2023,ridge,DOHOL,68.16230884,105.996262488
test_fy2022,2023,ridge,EGEEN,174.4019093,142.379133533
test_fy2022,2023,ridge,EKGYO,22.23758132,59.5149169781
test_fy2022,2023,ridge,ENJSA,106.8056601,140.452772218
test_fy2022,2023,ridge,ENKAI,67.86965543,29.093606769
test_fy2022,2023,ridge,EREGL,45.63989443,70.1151789444
test_fy2022,2023,ridge,FROTO,100.3106323,108.968744965
test_fy2022,2023,ridge,GARAN,315.3167773,148.893397631
test_fy2022,2023,ridge,GUBRF,-41.44559805,107.959297414
test_fy2022,2023,ridge,HALKB,36.6382618,121.316996764
test_fy2022,2023,ridge,HEKTS,-47.74516785,142.341775179
test_fy2022,2023,ridge,ISCTR,262.4887904,113.892434621
test_fy2022,2023,ridge,ISGYO,81.06637597,187.333154247
test_fy2022,2023,ridge,KCHOL,207.2814177,40.4315735143
test_fy2022,2023,ridge,KONTR,40.25969554,209.476157759
test_fy2022,2023,ridge,KRDMD,64.00342845,139.630386794
test_fy2022,2023,ridge,KRVGD,93.1077614,165.062467911
test_fy2022,2023,ridge,KUYAS,66.2106664,198.496705388
test_fy2022,2023,ridge,LOGO,60.76643138,154.464426917
test_fy2022,2023,ridge,MAVI,251.7161264,90.5438470317
test_fy2022,2023,ridge,MGROS,173.0122007,87.6821207503
test_fy2022,2023,ridge,MIATK,494.4220514,210.484238311
test_fy2022,2023,ridge,MPARK,309.469697,179.434294806
test_fy2022,2023,ridge,NETAS,197.4276628,184.069692114
test_fy2022,2023,ridge,NTGAZ,58.02187901,176.592891672
test_fy2022,2023,ridge,ODAS,27.19297683,32.6717815001
test_fy2022,2023,ridge,OTKAR,255.1524555,165.837140832
test_fy2022,2023,ridge,OYAKC,42.9750153,108.297216995
test_fy2022,2023,ridge,PETKM,43.9265493,165.250487547
test_fy2022,2023,ridge,PGSUS,112.7518575,19.973177267
test_fy2022,2023,ridge,PRKME,59.38825911,79.0007793801
test_fy2022,2023,ridge,SAHOL,156.1364852,104.282943402
test_fy2022,2023,ridge,SASA,-18.5555564,154.782149426
test_fy2022,2023,ridge,SELEC,45.34311783,84.084790475
test_fy2022,2023,ridge,SISE,23.01950535,52.6554971109
test_fy2022,2023,ridge,SKBNK,114.1493733,144.353039927
test_fy2022,2023,ridge,SMRTG,24.08989378,138.204664969
test_fy2022,2023,ridge,SOKM,112.6696496,172.50989942
test_fy2022,2023,ridge,TAVHL,210.5806343,110.954973329
test_fy2022,2023,ridge,TBORG,192.1239491,117.705549053
test_fy2022,2023,ridge,TCELL,200.6914684,70.7694888992
test_fy2022,2023,ridge,THYAO,105.9523973,204.379666754
test_fy2022,2023,ridge,TOASO,61.2424579,122.214915477
test_fy2022,2023,ridge,TRALT,-8.57991348,108.053703339
test_fy2022,2023,ridge,TRMET,11.70644074,106.527533034
test_fy2022,2023,ridge,TSKB,166.9082224,71.0888605736
test_fy2022,2023,ridge,TTKOM,182.944792,90.63222399
test_fy2022,2023,ridge,TUPRS,205.6365982,54.0071841861
test_fy2022,2023,ridge,TURSG,591.5846416,152.074247369
test_fy2022,2023,ridge,ULKER,300.2932767,62.8511242586
test_fy2022,2023,ridge,ULUSE,38.14274427,186.740330763
test_fy2022,2023,ridge,VAKBN,132.5630076,120.441697259
test_fy2022,2023,ridge,VESTL,77.18034288,135.892403878
test_fy2022,2023,ridge,YKBNK,220.2598974,136.01080392
test_fy2022,2023,ridge,ZOREN,79.53217875,127.321831702
test_fy2022,2023,lasso,AEFES,246.1256985,-14.2435651833
test_fy2022,2023,lasso,AGESA,245.9959152,130.272229608
test_fy2022,2023,lasso,AGHOL,233.7747591,91.0689515362
test_fy2022,2023,lasso,AKBNK,324.0408378,262.687208393
test_fy2022,2023,lasso,AKENR,241.6107645,9.45796023549
test_fy2022,2023,lasso,AKSA,90.65418258,94.6422411448
test_fy2022,2023,lasso,AKSEN,38.0331855,2.96539858919
test_fy2022,2023,lasso,ALARK,81.67664747,194.846707362
test_fy2022,2023,lasso,ALBRK,132.1705379,103.050557325
test_fy2022,2023,lasso,ANHYT,469.8804773,145.77213778
test_fy2022,2023,lasso,ARCLK,82.66873081,163.206763198
test_fy2022,2023,lasso,ASELS,146.3771293,-14.7988896497
test_fy2022,2023,lasso,ASTOR,78.98551594,249.524294384
test_fy2022,2023,lasso,BERA,63.80796284,-100.450602883
test_fy2022,2023,lasso,BIMAS,241.2337133,21.1336953166
test_fy2022,2023,lasso,BRSAN,147.9909517,91.7895318656
test_fy2022,2023,lasso,BTCIM,267.2973568,213.893313734
test_fy2022,2023,lasso,CANTE,-22.65551306,196.652929522
test_fy2022,2023,lasso,CCOLA,230.238318,20.0130371954
test_fy2022,2023,lasso,CEMTS,11.94561823,77.2577714187
test_fy2022,2023,lasso,CIMSA,100.0394926,129.502831195
test_fy2022,2023,lasso,DEVA,106.1344192,66.9771797274
test_fy2022,2023,lasso,DOAS,152.436439,103.489415596
test_fy2022,2023,lasso,DOHOL,68.16230884,-1.67139572429
test_fy2022,2023,lasso,EGEEN,174.4019093,15.3548484051
test_fy2022,2023,lasso,EKGYO,22.23758132,-52.2403581628
test_fy2022,2023,lasso,ENJSA,106.8056601,334.635097569
test_fy2022,2023,lasso,ENKAI,67.86965543,19.4128987912
test_fy2022,2023,lasso,EREGL,45.63989443,61.2097660359
test_fy2022,2023,lasso,FROTO,100.3106323,89.4774270884
test_fy2022,2023,lasso,GARAN,315.3167773,268.231514272
test_fy2022,2023,lasso,GUBRF,-41.44559805,113.029957634
test_fy2022,2023,lasso,HALKB,36.6382618,195.440747781
test_fy2022,2023,lasso,HEKTS,-47.74516785,155.861633748
test_fy2022,2023,lasso,ISCTR,262.4887904,223.670025181
test_fy2022,2023,lasso,ISGYO,81.06637597,242.115449455
test_fy2022,2023,lasso,KCHOL,207.2814177,241.986954737
test_fy2022,2023,lasso,KONTR,40.25969554,217.77414969
test_fy2022,2023,lasso,KRDMD,64.00342845,132.294382535
test_fy2022,2023,lasso,KRVGD,93.1077614,104.413860269
test_fy2022,2023,lasso,KUYAS,66.2106664,275.323391699
test_fy2022,2023,lasso,LOGO,60.76643138,99.681471629
test_fy2022,2023,lasso,MAVI,251.7161264,33.5743521684
test_fy2022,2023,lasso,MGROS,173.0122007,52.3067295192
test_fy2022,2023,lasso,MIATK,494.4220514,327.667954851
test_fy2022,2023,lasso,MPARK,309.469697,197.40688755
test_fy2022,2023,lasso,NETAS,197.4276628,109.061013002
test_fy2022,2023,lasso,NTGAZ,58.02187901,146.835008527
test_fy2022,2023,lasso,ODAS,27.19297683,-90.2455964944
test_fy2022,2023,lasso,OTKAR,255.1524555,154.725614688
test_fy2022,2023,lasso,OYAKC,42.9750153,69.8426969128
test_fy2022,2023,lasso,PETKM,43.9265493,192.478892209
test_fy2022,2023,lasso,PGSUS,112.7518575,13.8617566543
test_fy2022,2023,lasso,PRKME,59.38825911,-116.998167725
test_fy2022,2023,lasso,SAHOL,156.1364852,213.434993308
test_fy2022,2023,lasso,SASA,-18.5555564,202.157327058
test_fy2022,2023,lasso,SELEC,45.34311783,84.2085215704
test_fy2022,2023,lasso,SISE,23.01950535,40.5326692945
test_fy2022,2023,lasso,SKBNK,114.1493733,88.2452932649
test_fy2022,2023,lasso,SMRTG,24.08989378,16.7639533574
test_fy2022,2023,lasso,SOKM,112.6696496,356.867980122
test_fy2022,2023,lasso,TAVHL,210.5806343,175.586539354
test_fy2022,2023,lasso,TBORG,192.1239491,106.148848197
test_fy2022,2023,lasso,TCELL,200.6914684,97.028984935
test_fy2022,2023,lasso,THYAO,105.9523973,230.784615955
test_fy2022,2023,lasso,TOASO,61.2424579,127.415288706
test_fy2022,2023,lasso,TRALT,-8.57991348,77.0301489926
test_fy2022,2023,lasso,TRMET,11.70644074,109.465089213
test_fy2022,2023,lasso,TSKB,166.9082224,38.9879371787
test_fy2022,2023,lasso,TTKOM,182.944792,124.902480807
test_fy2022,2023,lasso,TUPRS,205.6365982,-97.1429560325
test_fy2022,2023,lasso,TURSG,591.5846416,211.314050214
test_fy2022,2023,lasso,ULKER,300.2932767,65.0951547251
test_fy2022,2023,lasso,ULUSE,38.14274427,92.8369610677
test_fy2022,2023,lasso,VAKBN,132.5630076,204.284594292
test_fy2022,2023,lasso,VESTL,77.18034288,340.546784807
test_fy2022,2023,lasso,YKBNK,220.2598974,241.721907152
test_fy2022,2023,lasso,ZOREN,79.53217875,171.688608239
test_fy2022,2023,elasticnet,AEFES,246.1256985,45.0726852415
test_fy2022,2023,elasticnet,AGESA,245.9959152,155.126911449
test_fy2022,2023,elasticnet,AGHOL,233.7747591,47.7790940563
test_fy2022,2023,elasticnet,AKBNK,324.0408378,126.745459818
test_fy2022,2023,elasticnet,AKENR,241.6107645,136.269311742
test_fy2022,2023,elasticnet,AKSA,90.65418258,137.572950991
test_fy2022,2023,elasticnet,AKSEN,38.0331855,96.0920297474
test_fy2022,2023,elasticnet,ALARK,81.67664747,177.719830914
test_fy2022,2023,elasticnet,ALBRK,132.1705379,128.884178599
test_fy2022,2023,elasticnet,ANHYT,469.8804773,155.822589444
test_fy2022,2023,elasticnet,ARCLK,82.66873081,96.9012850768
test_fy2022,2023,elasticnet,ASELS,146.3771293,82.3956733951
test_fy2022,2023,elasticnet,ASTOR,78.98551594,153.35738009
test_fy2022,2023,elasticnet,BERA,63.80796284,100.387069109
test_fy2022,2023,elasticnet,BIMAS,241.2337133,88.7077167521
test_fy2022,2023,elasticnet,BRSAN,147.9909517,111.325585756
test_fy2022,2023,elasticnet,BTCIM,267.2973568,176.014062209
test_fy2022,2023,elasticnet,CANTE,-22.65551306,163.403767715
test_fy2022,2023,elasticnet,CCOLA,230.238318,83.4309696516
test_fy2022,2023,elasticnet,CEMTS,11.94561823,164.414678443
test_fy2022,2023,elasticnet,CIMSA,100.0394926,169.234376751
test_fy2022,2023,elasticnet,DEVA,106.1344192,162.7037673
test_fy2022,2023,elasticnet,DOAS,152.436439,101.081993098
test_fy2022,2023,elasticnet,DOHOL,68.16230884,122.981795677
test_fy2022,2023,elasticnet,EGEEN,174.4019093,155.627217222
test_fy2022,2023,elasticnet,EKGYO,22.23758132,85.9898385543
test_fy2022,2023,elasticnet,ENJSA,106.8056601,110.44151225
test_fy2022,2023,elasticnet,ENKAI,67.86965543,49.5692650824
test_fy2022,2023,elasticnet,EREGL,45.63989443,71.6717462441
test_fy2022,2023,elasticnet,FROTO,100.3106323,99.1314265749
test_fy2022,2023,elasticnet,GARAN,315.3167773,124.944969396
test_fy2022,2023,elasticnet,GUBRF,-41.44559805,115.057383456
test_fy2022,2023,elasticnet,HALKB,36.6382618,111.588465281
test_fy2022,2023,elasticnet,HEKTS,-47.74516785,148.01859028
test_fy2022,2023,elasticnet,ISCTR,262.4887904,103.279921653
test_fy2022,2023,elasticnet,ISGYO,81.06637597,178.432835044
test_fy2022,2023,elasticnet,KCHOL,207.2814177,41.6586487962
test_fy2022,2023,elasticnet,KONTR,40.25969554,196.208011008
test_fy2022,2023,elasticnet,KRDMD,64.00342845,130.61288601
test_fy2022,2023,elasticnet,KRVGD,93.1077614,169.508457402
test_fy2022,2023,elasticnet,KUYAS,66.2106664,186.01002204
test_fy2022,2023,elasticnet,LOGO,60.76643138,161.547968864
test_fy2022,2023,elasticnet,MAVI,251.7161264,106.082181916
test_fy2022,2023,elasticnet,MGROS,173.0122007,96.8851746794
test_fy2022,2023,elasticnet,MIATK,494.4220514,186.930191856
test_fy2022,2023,elasticnet,MPARK,309.469697,158.320170612
test_fy2022,2023,elasticnet,NETAS,197.4276628,190.580783418
test_fy2022,2023,elasticnet,NTGAZ,58.02187901,170.366014484
test_fy2022,2023,elasticnet,ODAS,27.19297683,73.728040876
test_fy2022,2023,elasticnet,OTKAR,255.1524555,156.303102458
test_fy2022,2023,elasticnet,OYAKC,42.9750153,109.747418318
test_fy2022,2023,elasticnet,PETKM,43.9265493,156.450654488
test_fy2022,2023,elasticnet,PGSUS,112.7518575,49.2459152846
test_fy2022,2023,elasticnet,PRKME,59.38825911,127.919113401
test_fy2022,2023,elasticnet,SAHOL,156.1364852,99.2521090663
test_fy2022,2023,elasticnet,SASA,-18.5555564,138.166454801
test_fy2022,2023,elasticnet,SELEC,45.34311783,97.2399954329
test_fy2022,2023,elasticnet,SISE,23.01950535,57.0575159113
test_fy2022,2023,elasticnet,SKBNK,114.1493733,140.212559341
test_fy2022,2023,elasticnet,SMRTG,24.08989378,156.695647627
test_fy2022,2023,elasticnet,SOKM,112.6696496,141.262068628
test_fy2022,2023,elasticnet,TAVHL,210.5806343,113.720486988
test_fy2022,2023,elasticnet,TBORG,192.1239491,127.645517012
test_fy2022,2023,elasticnet,TCELL,200.6914684,70.4023630508
test_fy2022,2023,elasticnet,THYAO,105.9523973,183.13086153
test_fy2022,2023,elasticnet,TOASO,61.2424579,110.293551506
test_fy2022,2023,elasticnet,TRALT,-8.57991348,110.574929688
test_fy2022,2023,elasticnet,TRMET,11.70644074,112.59758635
test_fy2022,2023,elasticnet,TSKB,166.9082224,76.092734217
test_fy2022,2023,elasticnet,TTKOM,182.944792,90.0080306744
test_fy2022,2023,elasticnet,TUPRS,205.6365982,67.6816319285
test_fy2022,2023,elasticnet,TURSG,591.5846416,120.660894928
test_fy2022,2023,elasticnet,ULKER,300.2932767,83.8074206446
test_fy2022,2023,elasticnet,ULUSE,38.14274427,195.179450033
test_fy2022,2023,elasticnet,VAKBN,132.5630076,111.774075063
test_fy2022,2023,elasticnet,VESTL,77.18034288,125.613805437
test_fy2022,2023,elasticnet,YKBNK,220.2598974,116.221170147
test_fy2022,2023,elasticnet,ZOREN,79.53217875,122.710155334
test_fy2022,2023,random_forest,AEFES,246.1256985,82.4256126963
test_fy2022,2023,random_forest,AGESA,245.9959152,97.7434973522
test_fy2022,2023,random_forest,AGHOL,233.7747591,73.2502206347
test_fy2022,2023,random_forest,AKBNK,324.0408378,89.229006916
test_fy2022,2023,random_forest,AKENR,241.6107645,106.296820683
test_fy2022,2023,random_forest,AKSA,90.65418258,86.6245432249
test_fy2022,2023,random_forest,AKSEN,38.0331855,75.2879669234
test_fy2022,2023,random_forest,ALARK,81.67664747,149.100610653
test_fy2022,2023,random_forest,ALBRK,132.1705379,84.1868420209
test_fy2022,2023,random_forest,ANHYT,469.8804773,88.9037011598
test_fy2022,2023,random_forest,ARCLK,82.66873081,113.069110711
test_fy2022,2023,random_forest,ASELS,146.3771293,73.3991241403
test_fy2022,2023,random_forest,ASTOR,78.98551594,108.61691718
test_fy2022,2023,random_forest,BERA,63.80796284,82.2488172212
test_fy2022,2023,random_forest,BIMAS,241.2337133,68.5218586829
test_fy2022,2023,random_forest,BRSAN,147.9909517,113.289612147
test_fy2022,2023,random_forest,BTCIM,267.2973568,128.772453848
test_fy2022,2023,random_forest,CANTE,-22.65551306,134.252762764
test_fy2022,2023,random_forest,CCOLA,230.238318,73.7706087966
test_fy2022,2023,random_forest,CEMTS,11.94561823,149.870680267
test_fy2022,2023,random_forest,CIMSA,100.0394926,157.787079482
test_fy2022,2023,random_forest,DEVA,106.1344192,228.247860003
test_fy2022,2023,random_forest,DOAS,152.436439,121.620903986
test_fy2022,2023,random_forest,DOHOL,68.16230884,140.105695501
test_fy2022,2023,random_forest,EGEEN,174.4019093,172.065086681
test_fy2022,2023,random_forest,EKGYO,22.23758132,77.3000603921
test_fy2022,2023,random_forest,ENJSA,106.8056601,80.3990368815
test_fy2022,2023,random_forest,ENKAI,67.86965543,73.6760289992
test_fy2022,2023,random_forest,EREGL,45.63989443,72.2146460086
test_fy2022,2023,random_forest,FROTO,100.3106323,99.5310208181
test_fy2022,2023,random_forest,GARAN,315.3167773,83.3675141504
test_fy2022,2023,random_forest,GUBRF,-41.44559805,122.729745025
test_fy2022,2023,random_forest,HALKB,36.6382618,82.8790453914
test_fy2022,2023,random_forest,HEKTS,-47.74516785,115.638687491
test_fy2022,2023,random_forest,ISCTR,262.4887904,74.6356505824
test_fy2022,2023,random_forest,ISGYO,81.06637597,230.048935437
test_fy2022,2023,random_forest,KCHOL,207.2814177,78.3637557711
test_fy2022,2023,random_forest,KONTR,40.25969554,230.938794795
test_fy2022,2023,random_forest,KRDMD,64.00342845,134.430700837
test_fy2022,2023,random_forest,KRVGD,93.1077614,155.810888062
test_fy2022,2023,random_forest,KUYAS,66.2106664,251.579421627
test_fy2022,2023,random_forest,LOGO,60.76643138,192.136706776
test_fy2022,2023,random_forest,MAVI,251.7161264,116.158116895
test_fy2022,2023,random_forest,MGROS,173.0122007,121.585221019
test_fy2022,2023,random_forest,MIATK,494.4220514,241.12022247
test_fy2022,2023,random_forest,MPARK,309.469697,83.9340362777
test_fy2022,2023,random_forest,NETAS,197.4276628,193.446511872
test_fy2022,2023,random_forest,NTGAZ,58.02187901,159.66077925
test_fy2022,2023,random_forest,ODAS,27.19297683,75.9868633626
test_fy2022,2023,random_forest,OTKAR,255.1524555,103.606166246
test_fy2022,2023,random_forest,OYAKC,42.9750153,117.212686754
test_fy2022,2023,random_forest,PETKM,43.9265493,87.3591083338
test_fy2022,2023,random_forest,PGSUS,112.7518575,94.0285484951
test_fy2022,2023,random_forest,PRKME,59.38825911,184.45329672
test_fy2022,2023,random_forest,SAHOL,156.1364852,87.580568329
test_fy2022,2023,random_forest,SASA,-18.5555564,153.328247857
test_fy2022,2023,random_forest,SELEC,45.34311783,116.809332843
test_fy2022,2023,random_forest,SISE,23.01950535,85.2420429699
test_fy2022,2023,random_forest,SKBNK,114.1493733,85.9057000549
test_fy2022,2023,random_forest,SMRTG,24.08989378,193.341577847
test_fy2022,2023,random_forest,SOKM,112.6696496,155.835412785
test_fy2022,2023,random_forest,TAVHL,210.5806343,92.6655026943
test_fy2022,2023,random_forest,TBORG,192.1239491,91.6811068336
test_fy2022,2023,random_forest,TCELL,200.6914684,75.8508693149
test_fy2022,2023,random_forest,THYAO,105.9523973,212.503737853
test_fy2022,2023,random_forest,TOASO,61.2424579,139.93264622
test_fy2022,2023,random_forest,TRALT,-8.57991348,97.0053243268
test_fy2022,2023,random_forest,TRMET,11.70644074,91.5439355948
test_fy2022,2023,random_forest,TSKB,166.9082224,84.8335701588
test_fy2022,2023,random_forest,TTKOM,182.944792,83.5793776567
test_fy2022,2023,random_forest,TUPRS,205.6365982,92.6648063681
test_fy2022,2023,random_forest,TURSG,591.5846416,106.80737457
test_fy2022,2023,random_forest,ULKER,300.2932767,90.6249966447
test_fy2022,2023,random_forest,ULUSE,38.14274427,248.766731216
test_fy2022,2023,random_forest,VAKBN,132.5630076,78.1415191253
test_fy2022,2023,random_forest,VESTL,77.18034288,134.54875464
test_fy2022,2023,random_forest,YKBNK,220.2598974,84.8268660042
test_fy2022,2023,random_forest,ZOREN,79.53217875,78.4158771809
test_fy2022,2023,gradient_boosting,AEFES,246.1256985,78.9406380428
test_fy2022,2023,gradient_boosting,AGESA,245.9959152,139.694365613
test_fy2022,2023,gradient_boosting,AGHOL,233.7747591,38.7180487854
test_fy2022,2023,gradient_boosting,AKBNK,324.0408378,108.944102093
test_fy2022,2023,gradient_boosting,AKENR,241.6107645,158.470369392
test_fy2022,2023,gradient_boosting,AKSA,90.65418258,98.5644919289
test_fy2022,2023,gradient_boosting,AKSEN,38.0331855,62.3059563263
test_fy2022,2023,gradient_boosting,ALARK,81.67664747,114.488311011
test_fy2022,2023,gradient_boosting,ALBRK,132.1705379,98.8073743188
test_fy2022,2023,gradient_boosting,ANHYT,469.8804773,109.348842956
test_fy2022,2023,gradient_boosting,ARCLK,82.66873081,75.6120131693
test_fy2022,2023,gradient_boosting,ASELS,146.3771293,77.4452230445
test_fy2022,2023,gradient_boosting,ASTOR,78.98551594,164.620879272
test_fy2022,2023,gradient_boosting,BERA,63.80796284,70.8170333217
test_fy2022,2023,gradient_boosting,BIMAS,241.2337133,74.7548566364
test_fy2022,2023,gradient_boosting,BRSAN,147.9909517,125.801812034
test_fy2022,2023,gradient_boosting,BTCIM,267.2973568,138.568112422
test_fy2022,2023,gradient_boosting,CANTE,-22.65551306,180.104357447
test_fy2022,2023,gradient_boosting,CCOLA,230.238318,78.1071258176
test_fy2022,2023,gradient_boosting,CEMTS,11.94561823,125.933590629
test_fy2022,2023,gradient_boosting,CIMSA,100.0394926,197.744343046
test_fy2022,2023,gradient_boosting,DEVA,106.1344192,182.675487967
test_fy2022,2023,gradient_boosting,DOAS,152.436439,131.15312303
test_fy2022,2023,gradient_boosting,DOHOL,68.16230884,133.517254109
test_fy2022,2023,gradient_boosting,EGEEN,174.4019093,121.011623555
test_fy2022,2023,gradient_boosting,EKGYO,22.23758132,61.1203811886
test_fy2022,2023,gradient_boosting,ENJSA,106.8056601,87.3381516637
test_fy2022,2023,gradient_boosting,ENKAI,67.86965543,62.4747190636
test_fy2022,2023,gradient_boosting,EREGL,45.63989443,49.7752842542
test_fy2022,2023,gradient_boosting,FROTO,100.3106323,100.620046722
test_fy2022,2023,gradient_boosting,GARAN,315.3167773,90.9857005749
test_fy2022,2023,gradient_boosting,GUBRF,-41.44559805,164.226480337
test_fy2022,2023,gradient_boosting,HALKB,36.6382618,85.0955387758
test_fy2022,2023,gradient_boosting,HEKTS,-47.74516785,115.67862214
test_fy2022,2023,gradient_boosting,ISCTR,262.4887904,51.519596042
test_fy2022,2023,gradient_boosting,ISGYO,81.06637597,179.212869648
test_fy2022,2023,gradient_boosting,KCHOL,207.2814177,41.1027457807
test_fy2022,2023,gradient_boosting,KONTR,40.25969554,261.36717395
test_fy2022,2023,gradient_boosting,KRDMD,64.00342845,162.777307812
test_fy2022,2023,gradient_boosting,KRVGD,93.1077614,181.283196233
test_fy2022,2023,gradient_boosting,KUYAS,66.2106664,286.513760103
test_fy2022,2023,gradient_boosting,LOGO,60.76643138,194.682329712
test_fy2022,2023,gradient_boosting,MAVI,251.7161264,191.7676691
test_fy2022,2023,gradient_boosting,MGROS,173.0122007,119.782216459
test_fy2022,2023,gradient_boosting,MIATK,494.4220514,309.212283771
test_fy2022,2023,gradient_boosting,MPARK,309.469697,127.499750389
test_fy2022,2023,gradient_boosting,NETAS,197.4276628,155.47482839
test_fy2022,2023,gradient_boosting,NTGAZ,58.02187901,124.05450211
test_fy2022,2023,gradient_boosting,ODAS,27.19297683,64.3227328821
test_fy2022,2023,gradient_boosting,OTKAR,255.1524555,113.091686291
test_fy2022,2023,gradient_boosting,OYAKC,42.9750153,144.644697219
test_fy2022,2023,gradient_boosting,PETKM,43.9265493,123.946375698
test_fy2022,2023,gradient_boosting,PGSUS,112.7518575,41.8663159657
test_fy2022,2023,gradient_boosting,PRKME,59.38825911,98.7273721131
test_fy2022,2023,gradient_boosting,SAHOL,156.1364852,107.863275315
test_fy2022,2023,gradient_boosting,SASA,-18.5555564,246.907602287
test_fy2022,2023,gradient_boosting,SELEC,45.34311783,99.4155069142
test_fy2022,2023,gradient_boosting,SISE,23.01950535,29.7930912934
test_fy2022,2023,gradient_boosting,SKBNK,114.1493733,89.7323605868
test_fy2022,2023,gradient_boosting,SMRTG,24.08989378,162.217909116
test_fy2022,2023,gradient_boosting,SOKM,112.6696496,202.30560082
test_fy2022,2023,gradient_boosting,TAVHL,210.5806343,107.544688571
test_fy2022,2023,gradient_boosting,TBORG,192.1239491,96.998819042
test_fy2022,2023,gradient_boosting,TCELL,200.6914684,103.563094166
test_fy2022,2023,gradient_boosting,THYAO,105.9523973,231.072469925
test_fy2022,2023,gradient_boosting,TOASO,61.2424579,160.598515828
test_fy2022,2023,gradient_boosting,TRALT,-8.57991348,93.7204799984
test_fy2022,2023,gradient_boosting,TRMET,11.70644074,108.218420224
test_fy2022,2023,gradient_boosting,TSKB,166.9082224,104.905077061
test_fy2022,2023,gradient_boosting,TTKOM,182.944792,103.526796912
test_fy2022,2023,gradient_boosting,TUPRS,205.6365982,66.6723016865
test_fy2022,2023,gradient_boosting,TURSG,591.5846416,120.052348661
test_fy2022,2023,gradient_boosting,ULKER,300.2932767,81.5727216772
test_fy2022,2023,gradient_boosting,ULUSE,38.14274427,129.960364922
test_fy2022,2023,gradient_boosting,VAKBN,132.5630076,81.0217533842
test_fy2022,2023,gradient_boosting,VESTL,77.18034288,145.315037445
test_fy2022,2023,gradient_boosting,YKBNK,220.2598974,86.0389663904
test_fy2022,2023,gradient_boosting,ZOREN,79.53217875,86.0683273564
test_fy2023,2024,baseline_equal_weight,AEFES,-34.35743449,0.608027908868
test_fy2023,2024,baseline_equal_weight,AGESA,40.53231729,0.543026056265
test_fy2023,2024,baseline_equal_weight,AGHOL,-26.98536049,0.740511981397
test_fy2023,2024,baseline_equal_weight,AKBNK,-22.02604001,0.787043496315
test_fy2023,2024,baseline_equal_weight,AKENR,-31.9261227,0.474654002882
test_fy2023,2024,baseline_equal_weight,AKSA,-3.686446099,0.415336060013
test_fy2023,2024,baseline_equal_weight,AKSEN,-27.8972665,0.518376778047
test_fy2023,2024,baseline_equal_weight,ALARK,-31.08792214,0.420987271407
test_fy2023,2024,baseline_equal_weight,ALBRK,15.18245479,0.517964289422
test_fy2023,2024,baseline_equal_weight,ANHYT,-15.46017977,0.623190075781
test_fy2023,2024,baseline_equal_weight,ARCLK,-40.21554186,0.613043304493
test_fy2023,2024,baseline_equal_weight,ASELS,114.9204458,0.662557079957
test_fy2023,2024,baseline_equal_weight,ASTOR,-3.714628043,0.513082087408
test_fy2023,2024,baseline_equal_weight,BERA,-19.85168488,0.435331080909
test_fy2023,2024,baseline_equal_weight,BIMAS,-2.292841815,0.66528472613
test_fy2023,2024,baseline_equal_weight,BRSAN,-33.45070423,0.564826209067
test_fy2023,2024,baseline_equal_weight,BTCIM,13.3701421,0.414972629364
test_fy2023,2024,baseline_equal_weight,CANTE,-30.48333311,0.252201605798
test_fy2023,2024,baseline_equal_weight,CEMTS,20.08938839,0.212646948325
test_fy2023,2024,baseline_equal_weight,CIMSA,57.22060112,0.469530735813
test_fy2023,2024,baseline_equal_weight,DEVA,-43.56481357,0.460152447323
test_fy2023,2024,baseline_equal_weight,DOAS,-28.36101869,0.558651810852
test_fy2023,2024,baseline_equal_weight,DOHOL,0.8561840418,0.458429825159
test_fy2023,2024,baseline_equal_weight,EGEEN,-34.17864362,0.398063268626
test_fy2023,2024,baseline_equal_weight,EKGYO,56.72644418,0.452726536303
test_fy2023,2024,baseline_equal_weight,ENJSA,-8.502952281,0.542743951535
test_fy2023,2024,baseline_equal_weight,ENKAI,47.92101796,0.596461105398
test_fy2023,2024,baseline_equal_weight,EREGL,-5.483864292,0.599844930397
test_fy2023,2024,baseline_equal_weight,FROTO,-23.47536179,0.680820453101
test_fy2023,2024,baseline_equal_weight,GARAN,1.119352249,0.818391985882
test_fy2023,2024,baseline_equal_weight,GUBRF,54.81144433,0.402079280956
test_fy2023,2024,baseline_equal_weight,HALKB,5.197623322,0.509742551645
test_fy2023,2024,baseline_equal_weight,ISCTR,-33.88549359,0.788795806083
test_fy2023,2024,baseline_equal_weight,ISGYO,-14.43786405,0.434489532398
test_fy2023,2024,baseline_equal_weight,KCHOL,-36.1270249,0.75060443013
test_fy2023,2024,baseline_equal_weight,KONTR,-58.67386704,0.382779562257
test_fy2023,2024,baseline_equal_weight,KRDMD,-27.69028462,0.39322611969
test_fy2023,2024,baseline_equal_weight,KRVGD,-38.03031913,0.290899590231
test_fy2023,2024,baseline_equal_weight,KUYAS,284.3137255,0.394569637692
test_fy2023,2024,baseline_equal_weight,LOGO,67.28297453,0.271799136688
test_fy2023,2024,baseline_equal_weight,MAVI,-34.27135812,0.486384438519
test_fy2023,2024,baseline_equal_weight,MGROS,-0.7601081128,0.521920730198
test_fy2023,2024,baseline_equal_weight,MIATK,-35.58897355,0.427762009751
test_fy2023,2024,baseline_equal_weight,MPARK,15.58203483,0.551689001327
test_fy2023,2024,baseline_equal_weight,NETAS,-32.88421095,0.266637038992
test_fy2023,2024,baseline_equal_weight,NTGAZ,72.58825304,0.205059817967
test_fy2023,2024,baseline_equal_weight,ODAS,-45.59164595,0.411596225876
test_fy2023,2024,baseline_equal_weight,OTKAR,-37.06407137,0.516941026386
test_fy2023,2024,baseline_equal_weight,OYAKC,36.27287524,0.475994741771
test_fy2023,2024,baseline_equal_weight,PASEU,454.0373037,0.317346031862
test_fy2023,2024,baseline_equal_weight,PETKM,-23.61762362,0.415621358792
test_fy2023,2024,baseline_equal_weight,PGSUS,14.63878515,0.679966881311
test_fy2023,2024,baseline_equal_weight,PRKME,-22.89330036,0.309384734486
test_fy2023,2024,baseline_equal_weight,RGYAS,7.699116489,0.580272181651
test_fy2023,2024,baseline_equal_weight,SAHOL,-20.31689403,0.608204090107
test_fy2023,2024,baseline_equal_weight,SASA,-42.63227195,0.50660926341
test_fy2023,2024,baseline_equal_weight,SELEC,44.07015918,0.373262844377
test_fy2023,2024,baseline_equal_weight,SISE,-31.28701321,0.629498046518
test_fy2023,2024,baseline_equal_weight,SKBNK,-12.59689474,0.453573134018
test_fy2023,2024,baseline_equal_weight,SMRTG,-45.49707902,0.3689204204
test_fy2023,2024,baseline_equal_weight,SOKM,-42.26699825,0.45948484124
test_fy2023,2024,baseline_equal_weight,TAVHL,-13.1872539,0.642689554082
test_fy2023,2024,baseline_equal_weight,TBORG,92.37245557,0.452848808238
test_fy2023,2024,baseline_equal_weight,TCELL,-4.664503491,0.675225420004
test_fy2023,2024,baseline_equal_weight,THYAO,-12.41987691,0.649503057749
test_fy2023,2024,baseline_equal_weight,TOASO,-38.35054981,0.638282236305
test_fy2023,2024,baseline_equal_weight,TRALT,8.528583326,0.43942064228
test_fy2023,2024,baseline_equal_weight,TRMET,71.96819346,0.367376532705
test_fy2023,2024,baseline_equal_weight,TSKB,-7.234045667,0.522360909201
test_fy2023,2024,baseline_equal_weight,TTKOM,16.84322168,0.671116446807
test_fy2023,2024,baseline_equal_weight,TUPRS,-18.86798473,0.591855388929
test_fy2023,2024,baseline_equal_weight,TURSG,-10.33132625,0.639329806888
test_fy2023,2024,baseline_equal_weight,ULKER,-26.97095672,0.600962661283
test_fy2023,2024,baseline_equal_weight,ULUSE,-27.10601894,0.140243673015
test_fy2023,2024,baseline_equal_weight,VAKBN,-4.653123953,0.640596585989
test_fy2023,2024,baseline_equal_weight,VESTL,-61.48837334,0.484374035635
test_fy2023,2024,baseline_equal_weight,YKBNK,-22.56691528,0.735986462244
test_fy2023,2024,baseline_equal_weight,ZOREN,-46.3195706,0.521238862044
test_fy2023,2024,baseline_rank_score,AEFES,-34.35743449,0.608027908868
test_fy2023,2024,baseline_rank_score,AGESA,40.53231729,0.543026056265
test_fy2023,2024,baseline_rank_score,AGHOL,-26.98536049,0.740511981397
test_fy2023,2024,baseline_rank_score,AKBNK,-22.02604001,0.787043496315
test_fy2023,2024,baseline_rank_score,AKENR,-31.9261227,0.474654002882
test_fy2023,2024,baseline_rank_score,AKSA,-3.686446099,0.415336060013
test_fy2023,2024,baseline_rank_score,AKSEN,-27.8972665,0.518376778047
test_fy2023,2024,baseline_rank_score,ALARK,-31.08792214,0.420987271407
test_fy2023,2024,baseline_rank_score,ALBRK,15.18245479,0.517964289422
test_fy2023,2024,baseline_rank_score,ANHYT,-15.46017977,0.623190075781
test_fy2023,2024,baseline_rank_score,ARCLK,-40.21554186,0.613043304493
test_fy2023,2024,baseline_rank_score,ASELS,114.9204458,0.662557079957
test_fy2023,2024,baseline_rank_score,ASTOR,-3.714628043,0.513082087408
test_fy2023,2024,baseline_rank_score,BERA,-19.85168488,0.435331080909
test_fy2023,2024,baseline_rank_score,BIMAS,-2.292841815,0.66528472613
test_fy2023,2024,baseline_rank_score,BRSAN,-33.45070423,0.564826209067
test_fy2023,2024,baseline_rank_score,BTCIM,13.3701421,0.414972629364
test_fy2023,2024,baseline_rank_score,CANTE,-30.48333311,0.252201605798
test_fy2023,2024,baseline_rank_score,CEMTS,20.08938839,0.212646948325
test_fy2023,2024,baseline_rank_score,CIMSA,57.22060112,0.469530735813
test_fy2023,2024,baseline_rank_score,DEVA,-43.56481357,0.460152447323
test_fy2023,2024,baseline_rank_score,DOAS,-28.36101869,0.558651810852
test_fy2023,2024,baseline_rank_score,DOHOL,0.8561840418,0.458429825159
test_fy2023,2024,baseline_rank_score,EGEEN,-34.17864362,0.398063268626
test_fy2023,2024,baseline_rank_score,EKGYO,56.72644418,0.452726536303
test_fy2023,2024,baseline_rank_score,ENJSA,-8.502952281,0.542743951535
test_fy2023,2024,baseline_rank_score,ENKAI,47.92101796,0.596461105398
test_fy2023,2024,baseline_rank_score,EREGL,-5.483864292,0.599844930397
test_fy2023,2024,baseline_rank_score,FROTO,-23.47536179,0.680820453101
test_fy2023,2024,baseline_rank_score,GARAN,1.119352249,0.818391985882
test_fy2023,2024,baseline_rank_score,GUBRF,54.81144433,0.402079280956
test_fy2023,2024,baseline_rank_score,HALKB,5.197623322,0.509742551645
test_fy2023,2024,baseline_rank_score,ISCTR,-33.88549359,0.788795806083
test_fy2023,2024,baseline_rank_score,ISGYO,-14.43786405,0.434489532398
test_fy2023,2024,baseline_rank_score,KCHOL,-36.1270249,0.75060443013
test_fy2023,2024,baseline_rank_score,KONTR,-58.67386704,0.382779562257
test_fy2023,2024,baseline_rank_score,KRDMD,-27.69028462,0.39322611969
test_fy2023,2024,baseline_rank_score,KRVGD,-38.03031913,0.290899590231
test_fy2023,2024,baseline_rank_score,KUYAS,284.3137255,0.394569637692
test_fy2023,2024,baseline_rank_score,LOGO,67.28297453,0.271799136688
test_fy2023,2024,baseline_rank_score,MAVI,-34.27135812,0.486384438519
test_fy2023,2024,baseline_rank_score,MGROS,-0.7601081128,0.521920730198
test_fy2023,2024,baseline_rank_score,MIATK,-35.58897355,0.427762009751
test_fy2023,2024,baseline_rank_score,MPARK,15.58203483,0.551689001327
test_fy2023,2024,baseline_rank_score,NETAS,-32.88421095,0.266637038992
test_fy2023,2024,baseline_rank_score,NTGAZ,72.58825304,0.205059817967
test_fy2023,2024,baseline_rank_score,ODAS,-45.59164595,0.411596225876
test_fy2023,2024,baseline_rank_score,OTKAR,-37.06407137,0.516941026386
test_fy2023,2024,baseline_rank_score,OYAKC,36.27287524,0.475994741771
test_fy2023,2024,baseline_rank_score,PASEU,454.0373037,0.317346031862
test_fy2023,2024,baseline_rank_score,PETKM,-23.61762362,0.415621358792
test_fy2023,2024,baseline_rank_score,PGSUS,14.63878515,0.679966881311
test_fy2023,2024,baseline_rank_score,PRKME,-22.89330036,0.309384734486
test_fy2023,2024,baseline_rank_score,RGYAS,7.699116489,0.580272181651
test_fy2023,2024,baseline_rank_score,SAHOL,-20.31689403,0.608204090107
test_fy2023,2024,baseline_rank_score,SASA,-42.63227195,0.50660926341
test_fy2023,2024,baseline_rank_score,SELEC,44.07015918,0.373262844377
test_fy2023,2024,baseline_rank_score,SISE,-31.28701321,0.629498046518
test_fy2023,2024,baseline_rank_score,SKBNK,-12.59689474,0.453573134018
test_fy2023,2024,baseline_rank_score,SMRTG,-45.49707902,0.3689204204
test_fy2023,2024,baseline_rank_score,SOKM,-42.26699825,0.45948484124
test_fy2023,2024,baseline_rank_score,TAVHL,-13.1872539,0.642689554082
test_fy2023,2024,baseline_rank_score,TBORG,92.37245557,0.452848808238
test_fy2023,2024,baseline_rank_score,TCELL,-4.664503491,0.675225420004
test_fy2023,2024,baseline_rank_score,THYAO,-12.41987691,0.649503057749
test_fy2023,2024,baseline_rank_score,TOASO,-38.35054981,0.638282236305
test_fy2023,2024,baseline_rank_score,TRALT,8.528583326,0.43942064228
test_fy2023,2024,baseline_rank_score,TRMET,71.96819346,0.367376532705
test_fy2023,2024,baseline_rank_score,TSKB,-7.234045667,0.522360909201
test_fy2023,2024,baseline_rank_score,TTKOM,16.84322168,0.671116446807
test_fy2023,2024,baseline_rank_score,TUPRS,-18.86798473,0.591855388929
test_fy2023,2024,baseline_rank_score,TURSG,-10.33132625,0.639329806888
test_fy2023,2024,baseline_rank_score,ULKER,-26.97095672,0.600962661283
test_fy2023,2024,baseline_rank_score,ULUSE,-27.10601894,0.140243673015
test_fy2023,2024,baseline_rank_score,VAKBN,-4.653123953,0.640596585989
test_fy2023,2024,baseline_rank_score,VESTL,-61.48837334,0.484374035635
test_fy2023,2024,baseline_rank_score,YKBNK,-22.56691528,0.735986462244
test_fy2023,2024,baseline_rank_score,ZOREN,-46.3195706,0.521238862044
test_fy2023,2024,robust_rank_aggregation,AEFES,-34.35743449,0.631221719457
test_fy2023,2024,robust_rank_aggregation,AGESA,40.53231729,0.586666666667
test_fy2023,2024,robust_rank_aggregation,AGHOL,-26.98536049,0.802631578947
test_fy2023,2024,robust_rank_aggregation,AKBNK,-22.02604001,0.846153846154
test_fy2023,2024,robust_rank_aggregation,AKENR,-31.9261227,0.477564102564
test_fy2023,2024,robust_rank_aggregation,AKSA,-3.686446099,0.409581646424
test_fy2023,2024,robust_rank_aggregation,AKSEN,-27.8972665,0.570186875272
test_fy2023,2024,robust_rank_aggregation,ALARK,-31.08792214,0.422064777328
test_fy2023,2024,robust_rank_aggregation,ALBRK,15.18245479,0.578947368421
test_fy2023,2024,robust_rank_aggregation,ANHYT,-15.46017977,0.589743589744
test_fy2023,2024,robust_rank_aggregation,ARCLK,-40.21554186,0.665158371041
test_fy2023,2024,robust_rank_aggregation,ASELS,114.9204458,0.663796402602
test_fy2023,2024,robust_rank_aggregation,ASTOR,-3.714628043,0.486486486486
test_fy2023,2024,robust_rank_aggregation,BERA,-19.85168488,0.388059701493
test_fy2023,2024,robust_rank_aggregation,BIMAS,-2.292841815,0.738461538462
test_fy2023,2024,robust_rank_aggregation,BRSAN,-33.45070423,0.537887485649
test_fy2023,2024,robust_rank_aggregation,BTCIM,13.3701421,0.352181400689
test_fy2023,2024,robust_rank_aggregation,CANTE,-30.48333311,0.194029850746
test_fy2023,2024,robust_rank_aggregation,CEMTS,20.08938839,0.166666666667
test_fy2023,2024,robust_rank_aggregation,CIMSA,57.22060112,0.464676616915
test_fy2023,2024,robust_rank_aggregation,DEVA,-43.56481357,0.433721224387
test_fy2023,2024,robust_rank_aggregation,DOAS,-28.36101869,0.578655578656
test_fy2023,2024,robust_rank_aggregation,DOHOL,0.8561840418,0.544871794872
test_fy2023,2024,robust_rank_aggregation,EGEEN,-34.17864362,0.316972828167
test_fy2023,2024,robust_rank_aggregation,EKGYO,56.72644418,0.525641025641
test_fy2023,2024,robust_rank_aggregation,ENJSA,-8.502952281,0.551619433198
test_fy2023,2024,robust_rank_aggregation,ENKAI,47.92101796,0.696900114811
test_fy2023,2024,robust_rank_aggregation,EREGL,-5.483864292,0.684305744007
test_fy2023,2024,robust_rank_aggregation,FROTO,-23.47536179,0.783783783784
test_fy2023,2024,robust_rank_aggregation,GARAN,1.119352249,0.884615384615
test_fy2023,2024,robust_rank_aggregation,GUBRF,54.81144433,0.358208955224
test_fy2023,2024,robust_rank_aggregation,HALKB,5.197623322,0.589743589744
test_fy2023,2024,robust_rank_aggregation,ISCTR,-33.88549359,0.894736842105
test_fy2023,2024,robust_rank_aggregation,ISGYO,-14.43786405,0.405439905734
test_fy2023,2024,robust_rank_aggregation,KCHOL,-36.1270249,0.873104371097
test_fy2023,2024,robust_rank_aggregation,KONTR,-58.67386704,0.297297297297
test_fy2023,2024,robust_rank_aggregation,KRDMD,-27.69028462,0.417910447761
test_fy2023,2024,robust_rank_aggregation,KRVGD,-38.03031913,0.260995024876
test_fy2023,2024,robust_rank_aggregation,KUYAS,284.3137255,0.269463493344
test_fy2023,2024,robust_rank_aggregation,LOGO,67.28297453,0.194029850746
test_fy2023,2024,robust_rank_aggregation,MAVI,-34.27135812,0.407830907831
test_fy2023,2024,robust_rank_aggregation,MGROS,-0.7601081128,0.594594594595
test_fy2023,2024,robust_rank_aggregation,MIATK,-35.58897355,0.238374619731
test_fy2023,2024,robust_rank_aggregation,MPARK,15.58203483,0.55223880597
test_fy2023,2024,robust_rank_aggregation,NETAS,-32.88421095,0.165422885572
test_fy2023,2024,robust_rank_aggregation,NTGAZ,72.58825304,0.166666666667
test_fy2023,2024,robust_rank_aggregation,ODAS,-45.59164595,0.328358208955
test_fy2023,2024,robust_rank_aggregation,OTKAR,-37.06407137,0.510647544546
test_fy2023,2024,robust_rank_aggregation,OYAKC,36.27287524,0.451960784314
test_fy2023,2024,robust_rank_aggregation,PASEU,454.0373037,0.189189189189
test_fy2023,2024,robust_rank_aggregation,PETKM,-23.61762362,0.513513513514
test_fy2023,2024,robust_rank_aggregation,PGSUS,14.63878515,0.732338308458
test_fy2023,2024,robust_rank_aggregation,PRKME,-22.89330036,0.263157894737
test_fy2023,2024,robust_rank_aggregation,RGYAS,7.699116489,0.641025641026
test_fy2023,2024,robust_rank_aggregation,SAHOL,-20.31689403,0.644736842105
test_fy2023,2024,robust_rank_aggregation,SASA,-42.63227195,0.589743589744
test_fy2023,2024,robust_rank_aggregation,SELEC,44.07015918,0.333333333333
test_fy2023,2024,robust_rank_aggregation,SISE,-31.28701321,0.703687445127
test_fy2023,2024,robust_rank_aggregation,SKBNK,-12.59689474,0.448717948718
test_fy2023,2024,robust_rank_aggregation,SMRTG,-45.49707902,0.328358208955
test_fy2023,2024,robust_rank_aggregation,SOKM,-42.26699825,0.477611940299
test_fy2023,2024,robust_rank_aggregation,TAVHL,-13.1872539,0.641791044776
test_fy2023,2024,robust_rank_aggregation,TBORG,92.37245557,0.44776119403
test_fy2023,2024,robust_rank_aggregation,TCELL,-4.664503491,0.723839223839
test_fy2023,2024,robust_rank_aggregation,THYAO,-12.41987691,0.716216216216
test_fy2023,2024,robust_rank_aggregation,TOASO,-38.35054981,0.688584106495
test_fy2023,2024,robust_rank_aggregation,TRALT,8.528583326,0.331898201301
test_fy2023,2024,robust_rank_aggregation,TRMET,71.96819346,0.236596736597
test_fy2023,2024,robust_rank_aggregation,TSKB,-7.234045667,0.550121016539
test_fy2023,2024,robust_rank_aggregation,TTKOM,16.84322168,0.700035561878
test_fy2023,2024,robust_rank_aggregation,TUPRS,-18.86798473,0.615384615385
test_fy2023,2024,robust_rank_aggregation,TURSG,-10.33132625,0.601282051282
test_fy2023,2024,robust_rank_aggregation,ULKER,-26.97095672,0.567117117117
test_fy2023,2024,robust_rank_aggregation,ULUSE,-27.10601894,0.10447761194
test_fy2023,2024,robust_rank_aggregation,VAKBN,-4.653123953,0.592105263158
test_fy2023,2024,robust_rank_aggregation,VESTL,-61.48837334,0.516025641026
test_fy2023,2024,robust_rank_aggregation,YKBNK,-22.56691528,0.792172739541
test_fy2023,2024,robust_rank_aggregation,ZOREN,-46.3195706,0.509615384615
test_fy2023,2024,linear_regression,AEFES,-34.35743449,91.2252801198
test_fy2023,2024,linear_regression,AGESA,40.53231729,322.924091052
test_fy2023,2024,linear_regression,AGHOL,-26.98536049,154.155195197
test_fy2023,2024,linear_regression,AKBNK,-22.02604001,202.85521576
test_fy2023,2024,linear_regression,AKENR,-31.9261227,162.163133663
test_fy2023,2024,linear_regression,AKSA,-3.686446099,130.771864101
test_fy2023,2024,linear_regression,AKSEN,-27.8972665,143.102274351
test_fy2023,2024,linear_regression,ALARK,-31.08792214,65.1090415899
test_fy2023,2024,linear_regression,ALBRK,15.18245479,243.83822514
test_fy2023,2024,linear_regression,ANHYT,-15.46017977,272.714572872
test_fy2023,2024,linear_regression,ARCLK,-40.21554186,134.319754374
test_fy2023,2024,linear_regression,ASELS,114.9204458,87.2065164203
test_fy2023,2024,linear_regression,ASTOR,-3.714628043,3.57048107369
test_fy2023,2024,linear_regression,BERA,-19.85168488,134.50079011
test_fy2023,2024,linear_regression,BIMAS,-2.292841815,13.4498615172
test_fy2023,2024,linear_regression,BRSAN,-33.45070423,-21.090898899
test_fy2023,2024,linear_regression,BTCIM,13.3701421,181.286690656
test_fy2023,2024,linear_regression,CANTE,-30.48333311,35.8272279369
test_fy2023,2024,linear_regression,CEMTS,20.08938839,80.6687443117
test_fy2023,2024,linear_regression,CIMSA,57.22060112,140.378617802
test_fy2023,2024,linear_regression,DEVA,-43.56481357,124.037688464
test_fy2023,2024,linear_regression,DOAS,-28.36101869,169.676366845
test_fy2023,2024,linear_regression,DOHOL,0.8561840418,102.493444582
test_fy2023,2024,linear_regression,EGEEN,-34.17864362,51.1490769333
test_fy2023,2024,linear_regression,EKGYO,56.72644418,113.067747267
test_fy2023,2024,linear_regression,ENJSA,-8.502952281,92.5679617822
test_fy2023,2024,linear_regression,ENKAI,47.92101796,192.551947856
test_fy2023,2024,linear_regression,EREGL,-5.483864292,252.730199003
test_fy2023,2024,linear_regression,FROTO,-23.47536179,91.2804087065
test_fy2023,2024,linear_regression,GARAN,1.119352249,251.728094837
test_fy2023,2024,linear_regression,GUBRF,54.81144433,54.8472938958
test_fy2023,2024,linear_regression,HALKB,5.197623322,176.570047886
test_fy2023,2024,linear_regression,ISCTR,-33.88549359,218.439870081
test_fy2023,2024,linear_regression,ISGYO,-14.43786405,14.1994579213
test_fy2023,2024,linear_regression,KCHOL,-36.1270249,161.694305808
test_fy2023,2024,linear_regression,KONTR,-58.67386704,150.344427091
test_fy2023,2024,linear_regression,KRDMD,-27.69028462,189.984129611
test_fy2023,2024,linear_regression,KRVGD,-38.03031913,88.4740435207
test_fy2023,2024,linear_regression,KUYAS,284.3137255,54.1481222372
test_fy2023,2024,linear_regression,LOGO,67.28297453,91.2544745753
test_fy2023,2024,linear_regression,MAVI,-34.27135812,119.137249839
test_fy2023,2024,linear_regression,MGROS,-0.7601081128,-1.75219476791
test_fy2023,2024,linear_regression,MIATK,-35.58897355,121.13158262
test_fy2023,2024,linear_regression,MPARK,15.58203483,135.454606596
test_fy2023,2024,linear_regression,NETAS,-32.88421095,303.224674962
test_fy2023,2024,linear_regression,NTGAZ,72.58825304,12.2439105624
test_fy2023,2024,linear_regression,ODAS,-45.59164595,139.164664113
test_fy2023,2024,linear_regression,OTKAR,-37.06407137,235.353628441
test_fy2023,2024,linear_regression,OYAKC,36.27287524,37.3552421805
test_fy2023,2024,linear_regression,PASEU,454.0373037,345.551979468
test_fy2023,2024,linear_regression,PETKM,-23.61762362,190.198310054
test_fy2023,2024,linear_regression,PGSUS,14.63878515,108.928412954
test_fy2023,2024,linear_regression,PRKME,-22.89330036,58.9194430794
test_fy2023,2024,linear_regression,RGYAS,7.699116489,62.8333742249
test_fy2023,2024,linear_regression,SAHOL,-20.31689403,142.145100095
test_fy2023,2024,linear_regression,SASA,-42.63227195,217.750570979
test_fy2023,2024,linear_regression,SELEC,44.07015918,139.734983972
test_fy2023,2024,linear_regression,SISE,-31.28701321,135.225082959
test_fy2023,2024,linear_regression,SKBNK,-12.59689474,139.300276294
test_fy2023,2024,linear_regression,SMRTG,-45.49707902,187.041505436
test_fy2023,2024,linear_regression,SOKM,-42.26699825,178.909287422
test_fy2023,2024,linear_regression,TAVHL,-13.1872539,45.6673539528
test_fy2023,2024,linear_regression,TBORG,92.37245557,64.9665404952
test_fy2023,2024,linear_regression,TCELL,-4.664503491,104.099411748
test_fy2023,2024,linear_regression,THYAO,-12.41987691,229.272036935
test_fy2023,2024,linear_regression,TOASO,-38.35054981,127.646909886
test_fy2023,2024,linear_regression,TRALT,8.528583326,47.0775341013
test_fy2023,2024,linear_regression,TRMET,71.96819346,249.368460698
test_fy2023,2024,linear_regression,TSKB,-7.234045667,231.055479951
test_fy2023,2024,linear_regression,TTKOM,16.84322168,168.073822183
test_fy2023,2024,linear_regression,TUPRS,-18.86798473,-35.1705599045
test_fy2023,2024,linear_regression,TURSG,-10.33132625,186.557910747
test_fy2023,2024,linear_regression,ULKER,-26.97095672,183.792843701
test_fy2023,2024,linear_regression,ULUSE,-27.10601894,113.646626526
test_fy2023,2024,linear_regression,VAKBN,-4.653123953,198.010109518
test_fy2023,2024,linear_regression,VESTL,-61.48837334,147.439589535
test_fy2023,2024,linear_regression,YKBNK,-22.56691528,214.178397156
test_fy2023,2024,linear_regression,ZOREN,-46.3195706,225.117918221
test_fy2023,2024,ridge,AEFES,-34.35743449,98.7346396699
test_fy2023,2024,ridge,AGESA,40.53231729,256.242177606
test_fy2023,2024,ridge,AGHOL,-26.98536049,120.017678036
test_fy2023,2024,ridge,AKBNK,-22.02604001,173.645647602
test_fy2023,2024,ridge,AKENR,-31.9261227,117.251161452
test_fy2023,2024,ridge,AKSA,-3.686446099,126.283756835
test_fy2023,2024,ridge,AKSEN,-27.8972665,150.0431561
test_fy2023,2024,ridge,ALARK,-31.08792214,127.502957886
test_fy2023,2024,ridge,ALBRK,15.18245479,209.392366206
test_fy2023,2024,ridge,ANHYT,-15.46017977,226.4743703
test_fy2023,2024,ridge,ARCLK,-40.21554186,129.481648757
test_fy2023,2024,ridge,ASELS,114.9204458,83.173684332
test_fy2023,2024,ridge,ASTOR,-3.714628043,60.5048030376
test_fy2023,2024,ridge,BERA,-19.85168488,129.302370764
test_fy2023,2024,ridge,BIMAS,-2.292841815,44.9203528773
test_fy2023,2024,ridge,BRSAN,-33.45070423,-0.479750223059
test_fy2023,2024,ridge,BTCIM,13.3701421,136.349288082
test_fy2023,2024,ridge,CANTE,-30.48333311,96.4280196165
test_fy2023,2024,ridge,CEMTS,20.08938839,98.7760780116
test_fy2023,2024,ridge,CIMSA,57.22060112,136.515480174
test_fy2023,2024,ridge,DEVA,-43.56481357,130.254564116
test_fy2023,2024,ridge,DOAS,-28.36101869,131.805595339
test_fy2023,2024,ridge,DOHOL,0.8561840418,106.368351663
test_fy2023,2024,ridge,EGEEN,-34.17864362,48.7861099151
test_fy2023,2024,ridge,EKGYO,56.72644418,87.0516056954
test_fy2023,2024,ridge,ENJSA,-8.502952281,100.526048993
test_fy2023,2024,ridge,ENKAI,47.92101796,166.909191064
test_fy2023,2024,ridge,EREGL,-5.483864292,209.432203614
test_fy2023,2024,ridge,FROTO,-23.47536179,80.782791176
test_fy2023,2024,ridge,GARAN,1.119352249,203.694050565
test_fy2023,2024,ridge,GUBRF,54.81144433,47.4196745923
test_fy2023,2024,ridge,HALKB,5.197623322,172.058497275
test_fy2023,2024,ridge,ISCTR,-33.88549359,182.768115368
test_fy2023,2024,ridge,ISGYO,-14.43786405,79.3032925125
test_fy2023,2024,ridge,KCHOL,-36.1270249,130.126334759
test_fy2023,2024,ridge,KONTR,-58.67386704,152.078331713
test_fy2023,2024,ridge,KRDMD,-27.69028462,199.398045823
test_fy2023,2024,ridge,KRVGD,-38.03031913,105.478324991
test_fy2023,2024,ridge,KUYAS,284.3137255,75.8225829501
test_fy2023,2024,ridge,LOGO,67.28297453,96.5751281526
test_fy2023,2024,ridge,MAVI,-34.27135812,106.107410689
test_fy2023,2024,ridge,MGROS,-0.7601081128,66.5088380147
test_fy2023,2024,ridge,MIATK,-35.58897355,105.260835297
test_fy2023,2024,ridge,MPARK,15.58203483,119.618869631
test_fy2023,2024,ridge,NETAS,-32.88421095,212.416694056
test_fy2023,2024,ridge,NTGAZ,72.58825304,64.5413717948
test_fy2023,2024,ridge,ODAS,-45.59164595,140.880209067
test_fy2023,2024,ridge,OTKAR,-37.06407137,165.969846524
test_fy2023,2024,ridge,OYAKC,36.27287524,58.0804338285
test_fy2023,2024,ridge,PASEU,454.0373037,259.250628478
test_fy2023,2024,ridge,PETKM,-23.61762362,185.220968998
test_fy2023,2024,ridge,PGSUS,14.63878515,115.683855291
test_fy2023,2024,ridge,PRKME,-22.89330036,91.8497213412
test_fy2023,2024,ridge,RGYAS,7.699116489,135.298432453
test_fy2023,2024,ridge,SAHOL,-20.31689403,117.560855397
test_fy2023,2024,ridge,SASA,-42.63227195,182.506346839
test_fy2023,2024,ridge,SELEC,44.07015918,106.915902405
test_fy2023,2024,ridge,SISE,-31.28701321,112.027841689
test_fy2023,2024,ridge,SKBNK,-12.59689474,142.971144222
test_fy2023,2024,ridge,SMRTG,-45.49707902,141.120771949
test_fy2023,2024,ridge,SOKM,-42.26699825,143.711875743
test_fy2023,2024,ridge,TAVHL,-13.1872539,92.6581561532
test_fy2023,2024,ridge,TBORG,92.37245557,79.8484069075
test_fy2023,2024,ridge,TCELL,-4.664503491,94.8741127746
test_fy2023,2024,ridge,THYAO,-12.41987691,185.085177989
test_fy2023,2024,ridge,TOASO,-38.35054981,149.60390238
test_fy2023,2024,ridge,TRALT,8.528583326,70.4548021671
test_fy2023,2024,ridge,TRMET,71.96819346,202.673572332
test_fy2023,2024,ridge,TSKB,-7.234045667,220.728560283
test_fy2023,2024,ridge,TTKOM,16.84322168,152.294935443
test_fy2023,2024,ridge,TUPRS,-18.86798473,-1.80508552465
test_fy2023,2024,ridge,TURSG,-10.33132625,173.087770785
test_fy2023,2024,ridge,ULKER,-26.97095672,152.412704556
test_fy2023,2024,ridge,ULUSE,-27.10601894,95.3235703945
test_fy2023,2024,ridge,VAKBN,-4.653123953,181.388821954
test_fy2023,2024,ridge,VESTL,-61.48837334,112.790812877
test_fy2023,2024,ridge,YKBNK,-22.56691528,178.932140338
test_fy2023,2024,ridge,ZOREN,-46.3195706,189.862764704
test_fy2023,2024,lasso,AEFES,-34.35743449,89.5805568398
test_fy2023,2024,lasso,AGESA,40.53231729,300.344404602
test_fy2023,2024,lasso,AGHOL,-26.98536049,136.944051843
test_fy2023,2024,lasso,AKBNK,-22.02604001,190.282938344
test_fy2023,2024,lasso,AKENR,-31.9261227,135.335390432
test_fy2023,2024,lasso,AKSA,-3.686446099,125.622353692
test_fy2023,2024,lasso,AKSEN,-27.8972665,142.519779382
test_fy2023,2024,lasso,ALARK,-31.08792214,80.284584442
test_fy2023,2024,lasso,ALBRK,15.18245479,229.97765536
test_fy2023,2024,lasso,ANHYT,-15.46017977,255.903450071
test_fy2023,2024,lasso,ARCLK,-40.21554186,123.984411909
test_fy2023,2024,lasso,ASELS,114.9204458,84.5790966606
test_fy2023,2024,lasso,ASTOR,-3.714628043,23.0799451443
test_fy2023,2024,lasso,BERA,-19.85168488,128.028206844
test_fy2023,2024,lasso,BIMAS,-2.292841815,18.894589552
test_fy2023,2024,lasso,BRSAN,-33.45070423,-21.435291942
test_fy2023,2024,lasso,BTCIM,13.3701421,163.202372383
test_fy2023,2024,lasso,CANTE,-30.48333311,51.4385836309
test_fy2023,2024,lasso,CEMTS,20.08938839,83.4268828071
test_fy2023,2024,lasso,CIMSA,57.22060112,133.066510472
test_fy2023,2024,lasso,DEVA,-43.56481357,121.515852584
test_fy2023,2024,lasso,DOAS,-28.36101869,158.2181365
test_fy2023,2024,lasso,DOHOL,0.8561840418,98.0318606917
test_fy2023,2024,lasso,EGEEN,-34.17864362,42.8595856373
test_fy2023,2024,lasso,EKGYO,56.72644418,99.1902587845
test_fy2023,2024,lasso,ENJSA,-8.502952281,88.0621522724
test_fy2023,2024,lasso,ENKAI,47.92101796,173.925830331
test_fy2023,2024,lasso,EREGL,-5.483864292,233.789479
test_fy2023,2024,lasso,FROTO,-23.47536179,82.9639770121
test_fy2023,2024,lasso,GARAN,1.119352249,232.662253704
test_fy2023,2024,lasso,GUBRF,54.81144433,43.8727688287
test_fy2023,2024,lasso,HALKB,5.197623322,171.924199467
test_fy2023,2024,lasso,ISCTR,-33.88549359,202.823508719
test_fy2023,2024,lasso,ISGYO,-14.43786405,27.5012662921
test_fy2023,2024,lasso,KCHOL,-36.1270249,141.142513044
test_fy2023,2024,lasso,KONTR,-58.67386704,145.882686958
test_fy2023,2024,lasso,KRDMD,-27.69028462,192.752568702
test_fy2023,2024,lasso,KRVGD,-38.03031913,89.2160670151
test_fy2023,2024,lasso,KUYAS,284.3137255,47.5999119107
test_fy2023,2024,lasso,LOGO,67.28297453,82.9199935323
test_fy2023,2024,lasso,MAVI,-34.27135812,113.771588067
test_fy2023,2024,lasso,MGROS,-0.7601081128,14.7523576332
test_fy2023,2024,lasso,MIATK,-35.58897355,111.626147831
test_fy2023,2024,lasso,MPARK,15.58203483,126.971580744
test_fy2023,2024,lasso,NETAS,-32.88421095,268.528170147
test_fy2023,2024,lasso,NTGAZ,72.58825304,25.4262187302
test_fy2023,2024,lasso,ODAS,-45.59164595,133.276931608
test_fy2023,2024,lasso,OTKAR,-37.06407137,205.672240448
test_fy2023,2024,lasso,OYAKC,36.27287524,36.3573189642
test_fy2023,2024,lasso,PASEU,454.0373037,315.264638054
test_fy2023,2024,lasso,PETKM,-23.61762362,177.115318743
test_fy2023,2024,lasso,PGSUS,14.63878515,103.534613921
test_fy2023,2024,lasso,PRKME,-22.89330036,58.6682851884
test_fy2023,2024,lasso,RGYAS,7.699116489,87.3248497239
test_fy2023,2024,lasso,SAHOL,-20.31689403,128.697376085
test_fy2023,2024,lasso,SASA,-42.63227195,200.055820738
test_fy2023,2024,lasso,SELEC,44.07015918,121.747573882
test_fy2023,2024,lasso,SISE,-31.28701321,123.190202984
test_fy2023,2024,lasso,SKBNK,-12.59689474,136.909416025
test_fy2023,2024,lasso,SMRTG,-45.49707902,167.774436504
test_fy2023,2024,lasso,SOKM,-42.26699825,166.556362663
test_fy2023,2024,lasso,TAVHL,-13.1872539,57.809114553
test_fy2023,2024,lasso,TBORG,92.37245557,63.1460277614
test_fy2023,2024,lasso,TCELL,-4.664503491,99.1851257173
test_fy2023,2024,lasso,THYAO,-12.41987691,203.514436678
test_fy2023,2024,lasso,TOASO,-38.35054981,132.065398552
test_fy2023,2024,lasso,TRALT,8.528583326,48.023495637
test_fy2023,2024,lasso,TRMET,71.96819346,233.727179329
test_fy2023,2024,lasso,TSKB,-7.234045667,222.485894361
test_fy2023,2024,lasso,TTKOM,16.84322168,160.921718776
test_fy2023,2024,lasso,TUPRS,-18.86798473,-27.0148311143
test_fy2023,2024,lasso,TURSG,-10.33132625,180.927868097
test_fy2023,2024,lasso,ULKER,-26.97095672,166.49002528
test_fy2023,2024,lasso,ULUSE,-27.10601894,99.0641110663
test_fy2023,2024,lasso,VAKBN,-4.653123953,190.55296337
test_fy2023,2024,lasso,VESTL,-61.48837334,119.561686516
test_fy2023,2024,lasso,YKBNK,-22.56691528,199.84490678
test_fy2023,2024,lasso,ZOREN,-46.3195706,202.445503756
test_fy2023,2024,elasticnet,AEFES,-34.35743449,118.383783285
test_fy2023,2024,elasticnet,AGESA,40.53231729,181.536149922
test_fy2023,2024,elasticnet,AGHOL,-26.98536049,115.16946197
test_fy2023,2024,elasticnet,AKBNK,-22.02604001,145.924915976
test_fy2023,2024,elasticnet,AKENR,-31.9261227,116.343277572
test_fy2023,2024,elasticnet,AKSA,-3.686446099,134.436029031
test_fy2023,2024,elasticnet,AKSEN,-27.8972665,141.011688776
test_fy2023,2024,elasticnet,ALARK,-31.08792214,144.272345079
test_fy2023,2024,elasticnet,ALBRK,15.18245479,163.219465185
test_fy2023,2024,elasticnet,ANHYT,-15.46017977,167.466593398
test_fy2023,2024,elasticnet,ARCLK,-40.21554186,135.202313009
test_fy2023,2024,elasticnet,ASELS,114.9204458,86.1697509699
test_fy2023,2024,elasticnet,ASTOR,-3.714628043,91.7576155096
test_fy2023,2024,elasticnet,BERA,-19.85168488,130.956673278
test_fy2023,2024,elasticnet,BIMAS,-2.292841815,81.1966373029
test_fy2023,2024,elasticnet,BRSAN,-33.45070423,55.6251037833
test_fy2023,2024,elasticnet,BTCIM,13.3701421,134.566907583
test_fy2023,2024,elasticnet,CANTE,-30.48333311,120.983857693
test_fy2023,2024,elasticnet,CEMTS,20.08938839,118.706752368
test_fy2023,2024,elasticnet,CIMSA,57.22060112,141.521955286
test_fy2023,2024,elasticnet,DEVA,-43.56481357,136.162737039
test_fy2023,2024,elasticnet,DOAS,-28.36101869,133.539320005
test_fy2023,2024,elasticnet,DOHOL,0.8561840418,119.438592714
test_fy2023,2024,elasticnet,EGEEN,-34.17864362,93.6998037342
test_fy2023,2024,elasticnet,EKGYO,56.72644418,107.96685304
test_fy2023,2024,elasticnet,ENJSA,-8.502952281,112.278911493
test_fy2023,2024,elasticnet,ENKAI,47.92101796,137.990556025
test_fy2023,2024,elasticnet,EREGL,-5.483864292,152.674929109
test_fy2023,2024,elasticnet,FROTO,-23.47536179,101.671023759
test_fy2023,2024,elasticnet,GARAN,1.119352249,160.151126696
test_fy2023,2024,elasticnet,GUBRF,54.81144433,86.3428721071
test_fy2023,2024,elasticnet,HALKB,5.197623322,153.74651496
test_fy2023,2024,elasticnet,ISCTR,-33.88549359,150.660225686
test_fy2023,2024,elasticnet,ISGYO,-14.43786405,117.281029644
test_fy2023,2024,elasticnet,KCHOL,-36.1270249,118.411962975
test_fy2023,2024,elasticnet,KONTR,-58.67386704,154.400989624
test_fy2023,2024,elasticnet,KRDMD,-27.69028462,169.554758634
test_fy2023,2024,elasticnet,KRVGD,-38.03031913,126.161194795
test_fy2023,2024,elasticnet,KUYAS,284.3137255,122.8851332
test_fy2023,2024,elasticnet,LOGO,67.28297453,119.432674737
test_fy2023,2024,elasticnet,MAVI,-34.27135812,122.043704454
test_fy2023,2024,elasticnet,MGROS,-0.7601081128,122.621259355
test_fy2023,2024,elasticnet,MIATK,-35.58897355,114.533135143
test_fy2023,2024,elasticnet,MPARK,15.58203483,123.656696721
test_fy2023,2024,elasticnet,NETAS,-32.88421095,164.361709964
test_fy2023,2024,elasticnet,NTGAZ,72.58825304,105.291453871
test_fy2023,2024,elasticnet,ODAS,-45.59164595,137.91240714
test_fy2023,2024,elasticnet,OTKAR,-37.06407137,139.180691671
test_fy2023,2024,elasticnet,OYAKC,36.27287524,100.873127582
test_fy2023,2024,elasticnet,PASEU,454.0373037,192.285041291
test_fy2023,2024,elasticnet,PETKM,-23.61762362,176.796523064
test_fy2023,2024,elasticnet,PGSUS,14.63878515,130.471443713
test_fy2023,2024,elasticnet,PRKME,-22.89330036,118.967631146
test_fy2023,2024,elasticnet,RGYAS,7.699116489,141.492688429
test_fy2023,2024,elasticnet,SAHOL,-20.31689403,123.957284957
test_fy2023,2024,elasticnet,SASA,-42.63227195,165.669793251
test_fy2023,2024,elasticnet,SELEC,44.07015918,112.513111692
test_fy2023,2024,elasticnet,SISE,-31.28701321,113.00589333
test_fy2023,2024,elasticnet,SKBNK,-12.59689474,132.791898553
test_fy2023,2024,elasticnet,SMRTG,-45.49707902,130.008661724
test_fy2023,2024,elasticnet,SOKM,-42.26699825,138.307098884
test_fy2023,2024,elasticnet,TAVHL,-13.1872539,119.658237556
test_fy2023,2024,elasticnet,TBORG,92.37245557,107.106610571
test_fy2023,2024,elasticnet,TCELL,-4.664503491,100.929451287
test_fy2023,2024,elasticnet,THYAO,-12.41987691,157.925256495
test_fy2023,2024,elasticnet,TOASO,-38.35054981,140.107507199
test_fy2023,2024,elasticnet,TRALT,8.528583326,89.2235448986
test_fy2023,2024,elasticnet,TRMET,71.96819346,157.683598535
test_fy2023,2024,elasticnet,TSKB,-7.234045667,182.847045307
test_fy2023,2024,elasticnet,TTKOM,16.84322168,135.625256703
test_fy2023,2024,elasticnet,TUPRS,-18.86798473,73.6783190155
test_fy2023,2024,elasticnet,TURSG,-10.33132625,143.57893704
test_fy2023,2024,elasticnet,ULKER,-26.97095672,135.967965485
test_fy2023,2024,elasticnet,ULUSE,-27.10601894,118.614356441
test_fy2023,2024,elasticnet,VAKBN,-4.653123953,153.678846603
test_fy2023,2024,elasticnet,VESTL,-61.48837334,117.600816686
test_fy2023,2024,elasticnet,YKBNK,-22.56691528,145.027923207
test_fy2023,2024,elasticnet,ZOREN,-46.3195706,154.768736434
test_fy2023,2024,random_forest,AEFES,-34.35743449,129.5036086
test_fy2023,2024,random_forest,AGESA,40.53231729,215.869060214
test_fy2023,2024,random_forest,AGHOL,-26.98536049,138.073441303
test_fy2023,2024,random_forest,AKBNK,-22.02604001,189.966270694
test_fy2023,2024,random_forest,AKENR,-31.9261227,125.360784551
test_fy2023,2024,random_forest,AKSA,-3.686446099,126.25027726
test_fy2023,2024,random_forest,AKSEN,-27.8972665,108.790639219
test_fy2023,2024,random_forest,ALARK,-31.08792214,117.390431803
test_fy2023,2024,random_forest,ALBRK,15.18245479,173.975166793
test_fy2023,2024,random_forest,ANHYT,-15.46017977,193.576535755
test_fy2023,2024,random_forest,ARCLK,-40.21554186,127.251651893
test_fy2023,2024,random_forest,ASELS,114.9204458,98.6783171303
test_fy2023,2024,random_forest,ASTOR,-3.714628043,112.100940781
test_fy2023,2024,random_forest,BERA,-19.85168488,105.768189502
test_fy2023,2024,random_forest,BIMAS,-2.292841815,128.97996038
test_fy2023,2024,random_forest,BRSAN,-33.45070423,79.9865855468
test_fy2023,2024,random_forest,BTCIM,13.3701421,128.088137399
test_fy2023,2024,random_forest,CANTE,-30.48333311,96.2252770513
test_fy2023,2024,random_forest,CEMTS,20.08938839,110.770693924
test_fy2023,2024,random_forest,CIMSA,57.22060112,122.457211486
test_fy2023,2024,random_forest,DEVA,-43.56481357,110.059898496
test_fy2023,2024,random_forest,DOAS,-28.36101869,135.086989046
test_fy2023,2024,random_forest,DOHOL,0.8561840418,100.93837114
test_fy2023,2024,random_forest,EGEEN,-34.17864362,107.295102024
test_fy2023,2024,random_forest,EKGYO,56.72644418,96.3662592884
test_fy2023,2024,random_forest,ENJSA,-8.502952281,103.014335894
test_fy2023,2024,random_forest,ENKAI,47.92101796,147.504745023
test_fy2023,2024,random_forest,EREGL,-5.483864292,215.117983992
test_fy2023,2024,random_forest,FROTO,-23.47536179,112.319450012
test_fy2023,2024,random_forest,GARAN,1.119352249,199.337027218
test_fy2023,2024,random_forest,GUBRF,54.81144433,82.1776185489
test_fy2023,2024,random_forest,HALKB,5.197623322,130.702589318
test_fy2023,2024,random_forest,ISCTR,-33.88549359,169.033584231
test_fy2023,2024,random_forest,ISGYO,-14.43786405,97.9583914921
test_fy2023,2024,random_forest,KCHOL,-36.1270249,141.376779643
test_fy2023,2024,random_forest,KONTR,-58.67386704,128.67107619
test_fy2023,2024,random_forest,KRDMD,-27.69028462,143.531553405
test_fy2023,2024,random_forest,KRVGD,-38.03031913,114.356657077
test_fy2023,2024,random_forest,KUYAS,284.3137255,176.905185897
test_fy2023,2024,random_forest,LOGO,67.28297453,112.44121563
test_fy2023,2024,random_forest,MAVI,-34.27135812,122.677956689
test_fy2023,2024,random_forest,MGROS,-0.7601081128,139.147859489
test_fy2023,2024,random_forest,MIATK,-35.58897355,167.692781166
test_fy2023,2024,random_forest,MPARK,15.58203483,125.273372767
test_fy2023,2024,random_forest,NETAS,-32.88421095,180.834953706
test_fy2023,2024,random_forest,NTGAZ,72.58825304,113.929221762
test_fy2023,2024,random_forest,ODAS,-45.59164595,140.05958
test_fy2023,2024,random_forest,OTKAR,-37.06407137,143.147723752
test_fy2023,2024,random_forest,OYAKC,36.27287524,103.999163496
test_fy2023,2024,random_forest,PASEU,454.0373037,195.068272287
test_fy2023,2024,random_forest,PETKM,-23.61762362,128.277808995
test_fy2023,2024,random_forest,PGSUS,14.63878515,133.065425705
test_fy2023,2024,random_forest,PRKME,-22.89330036,127.123537764
test_fy2023,2024,random_forest,RGYAS,7.699116489,151.61158205
test_fy2023,2024,random_forest,SAHOL,-20.31689403,125.771470551
test_fy2023,2024,random_forest,SASA,-42.63227195,117.140708031
test_fy2023,2024,random_forest,SELEC,44.07015918,91.1525743183
test_fy2023,2024,random_forest,SISE,-31.28701321,127.229901474
test_fy2023,2024,random_forest,SKBNK,-12.59689474,139.421795911
test_fy2023,2024,random_forest,SMRTG,-45.49707902,162.425129835
test_fy2023,2024,random_forest,SOKM,-42.26699825,108.880958165
test_fy2023,2024,random_forest,TAVHL,-13.1872539,109.891214821
test_fy2023,2024,random_forest,TBORG,92.37245557,121.664737758
test_fy2023,2024,random_forest,TCELL,-4.664503491,119.453616351
test_fy2023,2024,random_forest,THYAO,-12.41987691,174.853263079
test_fy2023,2024,random_forest,TOASO,-38.35054981,131.02127118
test_fy2023,2024,random_forest,TRALT,8.528583326,81.6615105592
test_fy2023,2024,random_forest,TRMET,71.96819346,229.117621049
test_fy2023,2024,random_forest,TSKB,-7.234045667,170.041844828
test_fy2023,2024,random_forest,TTKOM,16.84322168,132.172426591
test_fy2023,2024,random_forest,TUPRS,-18.86798473,120.689777352
test_fy2023,2024,random_forest,TURSG,-10.33132625,117.646377431
test_fy2023,2024,random_forest,ULKER,-26.97095672,111.582307909
test_fy2023,2024,random_forest,ULUSE,-27.10601894,112.707233269
test_fy2023,2024,random_forest,VAKBN,-4.653123953,139.791528149
test_fy2023,2024,random_forest,VESTL,-61.48837334,104.798265038
test_fy2023,2024,random_forest,YKBNK,-22.56691528,172.677534712
test_fy2023,2024,random_forest,ZOREN,-46.3195706,124.64090028
test_fy2023,2024,gradient_boosting,AEFES,-34.35743449,172.072987297
test_fy2023,2024,gradient_boosting,AGESA,40.53231729,320.257774372
test_fy2023,2024,gradient_boosting,AGHOL,-26.98536049,166.954312848
test_fy2023,2024,gradient_boosting,AKBNK,-22.02604001,198.462907544
test_fy2023,2024,gradient_boosting,AKENR,-31.9261227,49.4488398004
test_fy2023,2024,gradient_boosting,AKSA,-3.686446099,129.997030713
test_fy2023,2024,gradient_boosting,AKSEN,-27.8972665,120.930181285
test_fy2023,2024,gradient_boosting,ALARK,-31.08792214,109.446138749
test_fy2023,2024,gradient_boosting,ALBRK,15.18245479,194.451273677
test_fy2023,2024,gradient_boosting,ANHYT,-15.46017977,230.344850908
test_fy2023,2024,gradient_boosting,ARCLK,-40.21554186,161.358538556
test_fy2023,2024,gradient_boosting,ASELS,114.9204458,76.1601430992
test_fy2023,2024,gradient_boosting,ASTOR,-3.714628043,103.95337426
test_fy2023,2024,gradient_boosting,BERA,-19.85168488,119.361495785
test_fy2023,2024,gradient_boosting,BIMAS,-2.292841815,122.744322023
test_fy2023,2024,gradient_boosting,BRSAN,-33.45070423,16.6348226921
test_fy2023,2024,gradient_boosting,BTCIM,13.3701421,155.992132998
test_fy2023,2024,gradient_boosting,CANTE,-30.48333311,23.6597937098
test_fy2023,2024,gradient_boosting,CEMTS,20.08938839,97.9637916488
test_fy2023,2024,gradient_boosting,CIMSA,57.22060112,126.565500342
test_fy2023,2024,gradient_boosting,DEVA,-43.56481357,121.233513762
test_fy2023,2024,gradient_boosting,DOAS,-28.36101869,118.703668168
test_fy2023,2024,gradient_boosting,DOHOL,0.8561840418,112.070211525
test_fy2023,2024,gradient_boosting,EGEEN,-34.17864362,88.597564618
test_fy2023,2024,gradient_boosting,EKGYO,56.72644418,107.146627486
test_fy2023,2024,gradient_boosting,ENJSA,-8.502952281,108.834791205
test_fy2023,2024,gradient_boosting,ENKAI,47.92101796,182.980034714
test_fy2023,2024,gradient_boosting,EREGL,-5.483864292,333.062032874
test_fy2023,2024,gradient_boosting,FROTO,-23.47536179,102.682635547
test_fy2023,2024,gradient_boosting,GARAN,1.119352249,229.809200505
test_fy2023,2024,gradient_boosting,GUBRF,54.81144433,37.1434934229
test_fy2023,2024,gradient_boosting,HALKB,5.197623322,120.576466951
test_fy2023,2024,gradient_boosting,ISCTR,-33.88549359,185.903362908
test_fy2023,2024,gradient_boosting,ISGYO,-14.43786405,90.9905945592
test_fy2023,2024,gradient_boosting,KCHOL,-36.1270249,177.246843978
test_fy2023,2024,gradient_boosting,KONTR,-58.67386704,150.602091079
test_fy2023,2024,gradient_boosting,KRDMD,-27.69028462,143.367084275
test_fy2023,2024,gradient_boosting,KRVGD,-38.03031913,130.07424345
test_fy2023,2024,gradient_boosting,KUYAS,284.3137255,107.823551021
test_fy2023,2024,gradient_boosting,LOGO,67.28297453,129.550863783
test_fy2023,2024,gradient_boosting,MAVI,-34.27135812,100.868233107
test_fy2023,2024,gradient_boosting,MGROS,-0.7601081128,110.106650471
test_fy2023,2024,gradient_boosting,MIATK,-35.58897355,162.319991746
test_fy2023,2024,gradient_boosting,MPARK,15.58203483,136.037715487
test_fy2023,2024,gradient_boosting,NETAS,-32.88421095,253.81958007
test_fy2023,2024,gradient_boosting,NTGAZ,72.58825304,66.2154275042
test_fy2023,2024,gradient_boosting,ODAS,-45.59164595,180.210375654
test_fy2023,2024,gradient_boosting,OTKAR,-37.06407137,177.138286477
test_fy2023,2024,gradient_boosting,OYAKC,36.27287524,100.709140804
test_fy2023,2024,gradient_boosting,PASEU,454.0373037,233.692443545
test_fy2023,2024,gradient_boosting,PETKM,-23.61762362,94.5389360335
test_fy2023,2024,gradient_boosting,PGSUS,14.63878515,164.994749343
test_fy2023,2024,gradient_boosting,PRKME,-22.89330036,118.54764335
test_fy2023,2024,gradient_boosting,RGYAS,7.699116489,143.931815767
test_fy2023,2024,gradient_boosting,SAHOL,-20.31689403,112.184901715
test_fy2023,2024,gradient_boosting,SASA,-42.63227195,144.272836207
test_fy2023,2024,gradient_boosting,SELEC,44.07015918,69.3814309091
test_fy2023,2024,gradient_boosting,SISE,-31.28701321,158.57741858
test_fy2023,2024,gradient_boosting,SKBNK,-12.59689474,171.697768319
test_fy2023,2024,gradient_boosting,SMRTG,-45.49707902,140.281838163
test_fy2023,2024,gradient_boosting,SOKM,-42.26699825,120.663774879
test_fy2023,2024,gradient_boosting,TAVHL,-13.1872539,92.6133133262
test_fy2023,2024,gradient_boosting,TBORG,92.37245557,138.500402468
test_fy2023,2024,gradient_boosting,TCELL,-4.664503491,107.415999161
test_fy2023,2024,gradient_boosting,THYAO,-12.41987691,205.276884386
test_fy2023,2024,gradient_boosting,TOASO,-38.35054981,172.758940306
test_fy2023,2024,gradient_boosting,TRALT,8.528583326,38.9211053577
test_fy2023,2024,gradient_boosting,TRMET,71.96819346,190.667464101
test_fy2023,2024,gradient_boosting,TSKB,-7.234045667,239.628910269
test_fy2023,2024,gradient_boosting,TTKOM,16.84322168,137.867513843
test_fy2023,2024,gradient_boosting,TUPRS,-18.86798473,84.1735513655
test_fy2023,2024,gradient_boosting,TURSG,-10.33132625,164.822984508
test_fy2023,2024,gradient_boosting,ULKER,-26.97095672,108.116703825
test_fy2023,2024,gradient_boosting,ULUSE,-27.10601894,77.7452326637
test_fy2023,2024,gradient_boosting,VAKBN,-4.653123953,153.616403866
test_fy2023,2024,gradient_boosting,VESTL,-61.48837334,116.951395748
test_fy2023,2024,gradient_boosting,YKBNK,-22.56691528,224.390645712
test_fy2023,2024,gradient_boosting,ZOREN,-46.3195706,127.639647868
test_fy2024,2025,baseline_equal_weight,AEFES,41.94739965,0.592027488807
test_fy2024,2025,baseline_equal_weight,AGESA,67.67513682,0.643781763369
test_fy2024,2025,baseline_equal_weight,AGHOL,35.9223277,0.673762965457
test_fy2024,2025,baseline_equal_weight,AKBNK,26.89956222,0.69267594446
test_fy2024,2025,baseline_equal_weight,AKENR,19.60975833,0.253977466101
test_fy2024,2025,baseline_equal_weight,AKSA,21.48446343,0.443550362451
test_fy2024,2025,baseline_equal_weight,AKSEN,147.218784,0.471203193592
test_fy2024,2025,baseline_equal_weight,ALARK,20.96977482,0.382227521735
test_fy2024,2025,baseline_equal_weight,ALBRK,21.48982566,0.645152630829
test_fy2024,2025,baseline_equal_weight,ANHYT,46.93096904,0.55981699486
test_fy2024,2025,baseline_equal_weight,ARCLK,-1.70616403,0.603819474754
test_fy2024,2025,baseline_equal_weight,ASELS,194.4582207,0.775944402898
test_fy2024,2025,baseline_equal_weight,ASTOR,243.0895188,0.48593756796
test_fy2024,2025,baseline_equal_weight,BERA,20.89552664,0.406379431452
test_fy2024,2025,baseline_equal_weight,BIMAS,57.30470304,0.676743351249
test_fy2024,2025,baseline_equal_weight,BRSAN,51.74553918,0.38908447415
test_fy2024,2025,baseline_equal_weight,BTCIM,20.83333728,0.358607474344
test_fy2024,2025,baseline_equal_weight,CANTE,1.333332062,0.235204932991
test_fy2024,2025,baseline_equal_weight,CCOLA,66.48144336,0.645886696962
test_fy2024,2025,baseline_equal_weight,CEMTS,-6.506245444,0.301819433525
test_fy2024,2025,baseline_equal_weight,CIMSA,6.926836952,0.512908464404
test_fy2024,2025,baseline_equal_weight,DEVA,18.50501697,0.361932919494
test_fy2024,2025,baseline_equal_weight,DOAS,17.12207617,0.483693640725
test_fy2024,2025,baseline_equal_weight,DOHOL,63.24951859,0.550135364432
test_fy2024,2025,baseline_equal_weight,DSTKF,638.5964912,0.540724659431
test_fy2024,2025,baseline_equal_weight,EKGYO,35.66330452,0.678885789555
test_fy2024,2025,baseline_equal_weight,ENJSA,118.4482164,0.548363709537
test_fy2024,2025,baseline_equal_weight,ENKAI,73.23447999,0.694959127886
test_fy2024,2025,baseline_equal_weight,EREGL,71.80852777,0.696106460469
test_fy2024,2025,baseline_equal_weight,FROTO,14.15683534,0.716718254034
test_fy2024,2025,baseline_equal_weight,GARAN,18.61456704,0.794466470383
test_fy2024,2025,baseline_equal_weight,GUBRF,133.1496457,0.452681550421
test_fy2024,2025,baseline_equal_weight,HALKB,115.3452691,0.677925959738
test_fy2024,2025,baseline_equal_weight,HEKTS,32.01320257,0.238391061357
test_fy2024,2025,baseline_equal_weight,ISCTR,26.1628615,0.650897439062
test_fy2024,2025,baseline_equal_weight,ISGYO,40.04969465,0.414869439085
test_fy2024,2025,baseline_equal_weight,KCHOL,36.70412753,0.61562546349
test_fy2024,2025,baseline_equal_weight,KRDMD,79.98189228,0.392184799852
test_fy2024,2025,baseline_equal_weight,KRVGD,63.73058369,0.256636171448
test_fy2024,2025,baseline_equal_weight,KUYAS,42.11502098,0.412494191171
test_fy2024,2025,baseline_equal_weight,LOGO,18.99342447,0.478673311768
test_fy2024,2025,baseline_equal_weight,MAVI,41.35650401,0.388097222362
test_fy2024,2025,baseline_equal_weight,MGROS,38.79597271,0.555359357042
test_fy2024,2025,baseline_equal_weight,MIATK,66.53333028,0.334640916043
test_fy2024,2025,baseline_equal_weight,MPARK,46.48342765,0.571212513627
test_fy2024,2025,baseline_equal_weight,NETAS,41.30892441,0.18926049025
test_fy2024,2025,baseline_equal_weight,NTGAZ,55.48080326,0.404188883466
test_fy2024,2025,baseline_equal_weight,ODAS,63.15789804,0.249461672841
test_fy2024,2025,baseline_equal_weight,OTKAR,-1.861702128,0.331031093574
test_fy2024,2025,baseline_equal_weight,OYAKC,5.211963676,0.547319996997
test_fy2024,2025,baseline_equal_weight,PASEU,55.85464104,0.374552284567
test_fy2024,2025,baseline_equal_weight,PETKM,36.41974902,0.364977868855
test_fy2024,2025,baseline_equal_weight,PGSUS,-31.13360077,0.705986460696
test_fy2024,2025,baseline_equal_weight,PRKME,4.189113114,0.290864517367
test_fy2024,2025,baseline_equal_weight,RGYAS,62.29068917,0.585357114571
test_fy2024,2025,baseline_equal_weight,SAHOL,22.35345209,0.50662821882
test_fy2024,2025,baseline_equal_weight,SASA,-17.49999795,0.544019278154
test_fy2024,2025,baseline_equal_weight,SELEC,50.16100972,0.538009464272
test_fy2024,2025,baseline_equal_weight,SISE,39.8900322,0.640440222295
test_fy2024,2025,baseline_equal_weight,SKBNK,200.7485151,0.505800391876
test_fy2024,2025,baseline_equal_weight,SMRTG,30.55555556,0.294364057036
test_fy2024,2025,baseline_equal_weight,SOKM,46.74847359,0.340948518051
test_fy2024,2025,baseline_equal_weight,TAVHL,16.17443002,0.600995063722
test_fy2024,2025,baseline_equal_weight,TBORG,-14.37942293,0.632843210184
test_fy2024,2025,baseline_equal_weight,TCELL,15.44202933,0.726770833764
test_fy2024,2025,baseline_equal_weight,THYAO,10.16207603,0.668164588746
test_fy2024,2025,baseline_equal_weight,TOASO,80.90121531,0.540014258609
test_fy2024,2025,baseline_equal_weight,TRALT,90.29721378,0.452175168459
test_fy2024,2025,baseline_equal_weight,TRMET,30.55051365,0.393689083219
test_fy2024,2025,baseline_equal_weight,TSKB,6.743226074,0.60885707193
test_fy2024,2025,baseline_equal_weight,TTKOM,11.46496661,0.705269622976
test_fy2024,2025,baseline_equal_weight,TUPRS,107.0475109,0.641270388022
test_fy2024,2025,baseline_equal_weight,TURSG,58.19675033,0.533504633377
test_fy2024,2025,baseline_equal_weight,ULKER,18.60041871,0.577236779694
test_fy2024,2025,baseline_equal_weight,ULUSE,173.546277,0.165768396797
test_fy2024,2025,baseline_equal_weight,VAKBN,35.62005481,0.716467949646
test_fy2024,2025,baseline_equal_weight,VESTL,-20.26618416,0.403891212531
test_fy2024,2025,baseline_equal_weight,YKBNK,28.12983355,0.665449287477
test_fy2024,2025,baseline_equal_weight,ZOREN,6.185560929,0.35037243636
test_fy2024,2025,baseline_rank_score,AEFES,41.94739965,0.592027488807
test_fy2024,2025,baseline_rank_score,AGESA,67.67513682,0.643781763369
test_fy2024,2025,baseline_rank_score,AGHOL,35.9223277,0.673762965457
test_fy2024,2025,baseline_rank_score,AKBNK,26.89956222,0.69267594446
test_fy2024,2025,baseline_rank_score,AKENR,19.60975833,0.253977466101
test_fy2024,2025,baseline_rank_score,AKSA,21.48446343,0.443550362451
test_fy2024,2025,baseline_rank_score,AKSEN,147.218784,0.471203193592
test_fy2024,2025,baseline_rank_score,ALARK,20.96977482,0.382227521735
test_fy2024,2025,baseline_rank_score,ALBRK,21.48982566,0.645152630829
test_fy2024,2025,baseline_rank_score,ANHYT,46.93096904,0.55981699486
test_fy2024,2025,baseline_rank_score,ARCLK,-1.70616403,0.603819474754
test_fy2024,2025,baseline_rank_score,ASELS,194.4582207,0.775944402898
test_fy2024,2025,baseline_rank_score,ASTOR,243.0895188,0.48593756796
test_fy2024,2025,baseline_rank_score,BERA,20.89552664,0.406379431452
test_fy2024,2025,baseline_rank_score,BIMAS,57.30470304,0.676743351249
test_fy2024,2025,baseline_rank_score,BRSAN,51.74553918,0.38908447415
test_fy2024,2025,baseline_rank_score,BTCIM,20.83333728,0.358607474344
test_fy2024,2025,baseline_rank_score,CANTE,1.333332062,0.235204932991
test_fy2024,2025,baseline_rank_score,CCOLA,66.48144336,0.645886696962
test_fy2024,2025,baseline_rank_score,CEMTS,-6.506245444,0.301819433525
test_fy2024,2025,baseline_rank_score,CIMSA,6.926836952,0.512908464404
test_fy2024,2025,baseline_rank_score,DEVA,18.50501697,0.361932919494
test_fy2024,2025,baseline_rank_score,DOAS,17.12207617,0.483693640725
test_fy2024,2025,baseline_rank_score,DOHOL,63.24951859,0.550135364432
test_fy2024,2025,baseline_rank_score,DSTKF,638.5964912,0.540724659431
test_fy2024,2025,baseline_rank_score,EKGYO,35.66330452,0.678885789555
test_fy2024,2025,baseline_rank_score,ENJSA,118.4482164,0.548363709537
test_fy2024,2025,baseline_rank_score,ENKAI,73.23447999,0.694959127886
test_fy2024,2025,baseline_rank_score,EREGL,71.80852777,0.696106460469
test_fy2024,2025,baseline_rank_score,FROTO,14.15683534,0.716718254034
test_fy2024,2025,baseline_rank_score,GARAN,18.61456704,0.794466470383
test_fy2024,2025,baseline_rank_score,GUBRF,133.1496457,0.452681550421
test_fy2024,2025,baseline_rank_score,HALKB,115.3452691,0.677925959738
test_fy2024,2025,baseline_rank_score,HEKTS,32.01320257,0.238391061357
test_fy2024,2025,baseline_rank_score,ISCTR,26.1628615,0.650897439062
test_fy2024,2025,baseline_rank_score,ISGYO,40.04969465,0.414869439085
test_fy2024,2025,baseline_rank_score,KCHOL,36.70412753,0.61562546349
test_fy2024,2025,baseline_rank_score,KRDMD,79.98189228,0.392184799852
test_fy2024,2025,baseline_rank_score,KRVGD,63.73058369,0.256636171448
test_fy2024,2025,baseline_rank_score,KUYAS,42.11502098,0.412494191171
test_fy2024,2025,baseline_rank_score,LOGO,18.99342447,0.478673311768
test_fy2024,2025,baseline_rank_score,MAVI,41.35650401,0.388097222362
test_fy2024,2025,baseline_rank_score,MGROS,38.79597271,0.555359357042
test_fy2024,2025,baseline_rank_score,MIATK,66.53333028,0.334640916043
test_fy2024,2025,baseline_rank_score,MPARK,46.48342765,0.571212513627
test_fy2024,2025,baseline_rank_score,NETAS,41.30892441,0.18926049025
test_fy2024,2025,baseline_rank_score,NTGAZ,55.48080326,0.404188883466
test_fy2024,2025,baseline_rank_score,ODAS,63.15789804,0.249461672841
test_fy2024,2025,baseline_rank_score,OTKAR,-1.861702128,0.331031093574
test_fy2024,2025,baseline_rank_score,OYAKC,5.211963676,0.547319996997
test_fy2024,2025,baseline_rank_score,PASEU,55.85464104,0.374552284567
test_fy2024,2025,baseline_rank_score,PETKM,36.41974902,0.364977868855
test_fy2024,2025,baseline_rank_score,PGSUS,-31.13360077,0.705986460696
test_fy2024,2025,baseline_rank_score,PRKME,4.189113114,0.290864517367
test_fy2024,2025,baseline_rank_score,RGYAS,62.29068917,0.585357114571
test_fy2024,2025,baseline_rank_score,SAHOL,22.35345209,0.50662821882
test_fy2024,2025,baseline_rank_score,SASA,-17.49999795,0.544019278154
test_fy2024,2025,baseline_rank_score,SELEC,50.16100972,0.538009464272
test_fy2024,2025,baseline_rank_score,SISE,39.8900322,0.640440222295
test_fy2024,2025,baseline_rank_score,SKBNK,200.7485151,0.505800391876
test_fy2024,2025,baseline_rank_score,SMRTG,30.55555556,0.294364057036
test_fy2024,2025,baseline_rank_score,SOKM,46.74847359,0.340948518051
test_fy2024,2025,baseline_rank_score,TAVHL,16.17443002,0.600995063722
test_fy2024,2025,baseline_rank_score,TBORG,-14.37942293,0.632843210184
test_fy2024,2025,baseline_rank_score,TCELL,15.44202933,0.726770833764
test_fy2024,2025,baseline_rank_score,THYAO,10.16207603,0.668164588746
test_fy2024,2025,baseline_rank_score,TOASO,80.90121531,0.540014258609
test_fy2024,2025,baseline_rank_score,TRALT,90.29721378,0.452175168459
test_fy2024,2025,baseline_rank_score,TRMET,30.55051365,0.393689083219
test_fy2024,2025,baseline_rank_score,TSKB,6.743226074,0.60885707193
test_fy2024,2025,baseline_rank_score,TTKOM,11.46496661,0.705269622976
test_fy2024,2025,baseline_rank_score,TUPRS,107.0475109,0.641270388022
test_fy2024,2025,baseline_rank_score,TURSG,58.19675033,0.533504633377
test_fy2024,2025,baseline_rank_score,ULKER,18.60041871,0.577236779694
test_fy2024,2025,baseline_rank_score,ULUSE,173.546277,0.165768396797
test_fy2024,2025,baseline_rank_score,VAKBN,35.62005481,0.716467949646
test_fy2024,2025,baseline_rank_score,VESTL,-20.26618416,0.403891212531
test_fy2024,2025,baseline_rank_score,YKBNK,28.12983355,0.665449287477
test_fy2024,2025,baseline_rank_score,ZOREN,6.185560929,0.35037243636
test_fy2024,2025,robust_rank_aggregation,AEFES,41.94739965,0.666666666667
test_fy2024,2025,robust_rank_aggregation,AGESA,67.67513682,0.658227848101
test_fy2024,2025,robust_rank_aggregation,AGHOL,35.9223277,0.699452617174
test_fy2024,2025,robust_rank_aggregation,AKBNK,26.89956222,0.76582278481
test_fy2024,2025,robust_rank_aggregation,AKENR,19.60975833,0.200077399381
test_fy2024,2025,robust_rank_aggregation,AKSA,21.48446343,0.414743112435
test_fy2024,2025,robust_rank_aggregation,AKSEN,147.218784,0.506329113924
test_fy2024,2025,robust_rank_aggregation,ALARK,20.96977482,0.424050632911
test_fy2024,2025,robust_rank_aggregation,ALBRK,21.48982566,0.72972972973
test_fy2024,2025,robust_rank_aggregation,ANHYT,46.93096904,0.513157894737
test_fy2024,2025,robust_rank_aggregation,ARCLK,-1.70616403,0.681092436975
test_fy2024,2025,robust_rank_aggregation,ASELS,194.4582207,0.809475055845
test_fy2024,2025,robust_rank_aggregation,ASTOR,243.0895188,0.510517498138
test_fy2024,2025,robust_rank_aggregation,BERA,20.89552664,0.411764705882
test_fy2024,2025,robust_rank_aggregation,BIMAS,57.30470304,0.717948717949
test_fy2024,2025,robust_rank_aggregation,BRSAN,51.74553918,0.392405063291
test_fy2024,2025,robust_rank_aggregation,BTCIM,20.83333728,0.294117647059
test_fy2024,2025,robust_rank_aggregation,CANTE,1.333332062,0.189873417722
test_fy2024,2025,robust_rank_aggregation,CCOLA,66.48144336,0.657142857143
test_fy2024,2025,robust_rank_aggregation,CEMTS,-6.506245444,0.215189873418
test_fy2024,2025,robust_rank_aggregation,CIMSA,6.926836952,0.503164556962
test_fy2024,2025,robust_rank_aggregation,DEVA,18.50501697,0.308823529412
test_fy2024,2025,robust_rank_aggregation,DOAS,17.12207617,0.490425186628
test_fy2024,2025,robust_rank_aggregation,DOHOL,63.24951859,0.588421444527
test_fy2024,2025,robust_rank_aggregation,DSTKF,638.5964912,0.571794871795
test_fy2024,2025,robust_rank_aggregation,EKGYO,35.66330452,0.680007446016
test_fy2024,2025,robust_rank_aggregation,ENJSA,118.4482164,0.5991005996
test_fy2024,2025,robust_rank_aggregation,ENKAI,73.23447999,0.746008403361
test_fy2024,2025,robust_rank_aggregation,EREGL,71.80852777,0.778021978022
test_fy2024,2025,robust_rank_aggregation,FROTO,14.15683534,0.802499188575
test_fy2024,2025,robust_rank_aggregation,GARAN,18.61456704,0.90206979131
test_fy2024,2025,robust_rank_aggregation,GUBRF,133.1496457,0.438536953243
test_fy2024,2025,robust_rank_aggregation,HALKB,115.3452691,0.723684210526
test_fy2024,2025,robust_rank_aggregation,HEKTS,32.01320257,0.179487179487
test_fy2024,2025,robust_rank_aggregation,ISCTR,26.1628615,0.666096476223
test_fy2024,2025,robust_rank_aggregation,ISGYO,40.04969465,0.386075949367
test_fy2024,2025,robust_rank_aggregation,KCHOL,36.70412753,0.54746835443
test_fy2024,2025,robust_rank_aggregation,KRDMD,79.98189228,0.410256410256
test_fy2024,2025,robust_rank_aggregation,KRVGD,63.73058369,0.22717723453
test_fy2024,2025,robust_rank_aggregation,KUYAS,42.11502098,0.270569620253
test_fy2024,2025,robust_rank_aggregation,LOGO,18.99342447,0.382352941176
test_fy2024,2025,robust_rank_aggregation,MAVI,41.35650401,0.299695740365
test_fy2024,2025,robust_rank_aggregation,MGROS,38.79597271,0.604430379747
test_fy2024,2025,robust_rank_aggregation,MIATK,66.53333028,0.161538461538
test_fy2024,2025,robust_rank_aggregation,MPARK,46.48342765,0.613158899924
test_fy2024,2025,robust_rank_aggregation,NETAS,41.30892441,0.149478778853
test_fy2024,2025,robust_rank_aggregation,NTGAZ,55.48080326,0.329113924051
test_fy2024,2025,robust_rank_aggregation,ODAS,63.15789804,0.235294117647
test_fy2024,2025,robust_rank_aggregation,OTKAR,-1.861702128,0.318968726731
test_fy2024,2025,robust_rank_aggregation,OYAKC,5.211963676,0.543580470163
test_fy2024,2025,robust_rank_aggregation,PASEU,55.85464104,0.257142857143
test_fy2024,2025,robust_rank_aggregation,PETKM,36.41974902,0.460526315789
test_fy2024,2025,robust_rank_aggregation,PGSUS,-31.13360077,0.707371556217
test_fy2024,2025,robust_rank_aggregation,PRKME,4.189113114,0.246753246753
test_fy2024,2025,robust_rank_aggregation,RGYAS,62.29068917,0.645569620253
test_fy2024,2025,robust_rank_aggregation,SAHOL,22.35345209,0.506329113924
test_fy2024,2025,robust_rank_aggregation,SASA,-17.49999795,0.589743589744
test_fy2024,2025,robust_rank_aggregation,SELEC,50.16100972,0.53609305508
test_fy2024,2025,robust_rank_aggregation,SISE,39.8900322,0.722610722611
test_fy2024,2025,robust_rank_aggregation,SKBNK,200.7485151,0.5
test_fy2024,2025,robust_rank_aggregation,SMRTG,30.55555556,0.316455696203
test_fy2024,2025,robust_rank_aggregation,SOKM,46.74847359,0.256756756757
test_fy2024,2025,robust_rank_aggregation,TAVHL,16.17443002,0.594303797468
test_fy2024,2025,robust_rank_aggregation,TBORG,-14.37942293,0.647058823529
test_fy2024,2025,robust_rank_aggregation,TCELL,15.44202933,0.803060413355
test_fy2024,2025,robust_rank_aggregation,THYAO,10.16207603,0.754746835443
test_fy2024,2025,robust_rank_aggregation,TOASO,80.90121531,0.569620253165
test_fy2024,2025,robust_rank_aggregation,TRALT,90.29721378,0.405462184874
test_fy2024,2025,robust_rank_aggregation,TRMET,30.55051365,0.282051282051
test_fy2024,2025,robust_rank_aggregation,TSKB,6.743226074,0.617900032457
test_fy2024,2025,robust_rank_aggregation,TTKOM,11.46496661,0.786257606491
test_fy2024,2025,robust_rank_aggregation,TUPRS,107.0475109,0.630462184874
test_fy2024,2025,robust_rank_aggregation,TURSG,58.19675033,0.565789473684
test_fy2024,2025,robust_rank_aggregation,ULKER,18.60041871,0.592340149302
test_fy2024,2025,robust_rank_aggregation,ULUSE,173.546277,0.119634340223
test_fy2024,2025,robust_rank_aggregation,VAKBN,35.62005481,0.662337662338
test_fy2024,2025,robust_rank_aggregation,VESTL,-20.26618416,0.492647058824
test_fy2024,2025,robust_rank_aggregation,YKBNK,28.12983355,0.685939103661
test_fy2024,2025,robust_rank_aggregation,ZOREN,6.185560929,0.345588235294
test_fy2024,2025,linear_regression,AEFES,41.94739965,16.8764137771
test_fy2024,2025,linear_regression,AGESA,67.67513682,119.405406315
test_fy2024,2025,linear_regression,AGHOL,35.9223277,18.851298398
test_fy2024,2025,linear_regression,AKBNK,26.89956222,78.8757770892
test_fy2024,2025,linear_regression,AKENR,19.60975833,3.61233933577
test_fy2024,2025,linear_regression,AKSA,21.48446343,73.8869879495
test_fy2024,2025,linear_regression,AKSEN,147.218784,94.5989432792
test_fy2024,2025,linear_regression,ALARK,20.96977482,51.1783471436
test_fy2024,2025,linear_regression,ALBRK,21.48982566,129.387714536
test_fy2024,2025,linear_regression,ANHYT,46.93096904,67.534761084
test_fy2024,2025,linear_regression,ARCLK,-1.70616403,96.1037453242
test_fy2024,2025,linear_regression,ASELS,194.4582207,53.9013030947
test_fy2024,2025,linear_regression,ASTOR,243.0895188,85.7158065008
test_fy2024,2025,linear_regression,BERA,20.89552664,44.5749850388
test_fy2024,2025,linear_regression,BIMAS,57.30470304,12.1690864559
test_fy2024,2025,linear_regression,BRSAN,51.74553918,13.4991158037
test_fy2024,2025,linear_regression,BTCIM,20.83333728,6.79525354447
test_fy2024,2025,linear_regression,CANTE,1.333332062,31.7032994959
test_fy2024,2025,linear_regression,CCOLA,66.48144336,-0.347040352968
test_fy2024,2025,linear_regression,CEMTS,-6.506245444,26.2427209707
test_fy2024,2025,linear_regression,CIMSA,6.926836952,58.474169902
test_fy2024,2025,linear_regression,DEVA,18.50501697,20.2551089961
test_fy2024,2025,linear_regression,DOAS,17.12207617,161.741584552
test_fy2024,2025,linear_regression,DOHOL,63.24951859,115.381959958
test_fy2024,2025,linear_regression,DSTKF,638.5964912,78.9868035766
test_fy2024,2025,linear_regression,EKGYO,35.66330452,132.833492322
test_fy2024,2025,linear_regression,ENJSA,118.4482164,94.904015593
test_fy2024,2025,linear_regression,ENKAI,73.23447999,150.797056392
test_fy2024,2025,linear_regression,EREGL,71.80852777,162.943268813
test_fy2024,2025,linear_regression,FROTO,14.15683534,20.4334721638
test_fy2024,2025,linear_regression,GARAN,18.61456704,101.931416292
test_fy2024,2025,linear_regression,GUBRF,133.1496457,81.9246157442
test_fy2024,2025,linear_regression,HALKB,115.3452691,131.012751631
test_fy2024,2025,linear_regression,HEKTS,32.01320257,-48.7776615881
test_fy2024,2025,linear_regression,ISCTR,26.1628615,86.4528086199
test_fy2024,2025,linear_regression,ISGYO,40.04969465,7.80263964909
test_fy2024,2025,linear_regression,KCHOL,36.70412753,75.9263032705
test_fy2024,2025,linear_regression,KRDMD,79.98189228,233.613029601
test_fy2024,2025,linear_regression,KRVGD,63.73058369,20.8318224665
test_fy2024,2025,linear_regression,KUYAS,42.11502098,30.5441301302
test_fy2024,2025,linear_regression,LOGO,18.99342447,82.2616459609
test_fy2024,2025,linear_regression,MAVI,41.35650401,33.3302332021
test_fy2024,2025,linear_regression,MGROS,38.79597271,-8.35482435014
test_fy2024,2025,linear_regression,MIATK,66.53333028,15.4143849839
test_fy2024,2025,linear_regression,MPARK,46.48342765,52.8609632204
test_fy2024,2025,linear_regression,NETAS,41.30892441,11.415483999
test_fy2024,2025,linear_regression,NTGAZ,55.48080326,48.0953871055
test_fy2024,2025,linear_regression,ODAS,63.15789804,18.460674148
test_fy2024,2025,linear_regression,OTKAR,-1.861702128,67.7021752316
test_fy2024,2025,linear_regression,OYAKC,5.211963676,97.1767007231
test_fy2024,2025,linear_regression,PASEU,55.85464104,85.8248655202
test_fy2024,2025,linear_regression,PETKM,36.41974902,95.6239279544
test_fy2024,2025,linear_regression,PGSUS,-31.13360077,-19.2880015134
test_fy2024,2025,linear_regression,PRKME,4.189113114,9.39630128001
test_fy2024,2025,linear_regression,RGYAS,62.29068917,20.7628906278
test_fy2024,2025,linear_regression,SAHOL,22.35345209,153.209482398
test_fy2024,2025,linear_regression,SASA,-17.49999795,63.3167197242
test_fy2024,2025,linear_regression,SELEC,50.16100972,127.990913339
test_fy2024,2025,linear_regression,SISE,39.8900322,186.559576999
test_fy2024,2025,linear_regression,SKBNK,200.7485151,85.0796645517
test_fy2024,2025,linear_regression,SMRTG,30.55555556,96.2508955484
test_fy2024,2025,linear_regression,SOKM,46.74847359,118.10862674
test_fy2024,2025,linear_regression,TAVHL,16.17443002,-37.8000063129
test_fy2024,2025,linear_regression,TBORG,-14.37942293,61.3270095127
test_fy2024,2025,linear_regression,TCELL,15.44202933,133.660187685
test_fy2024,2025,linear_regression,THYAO,10.16207603,108.753173018
test_fy2024,2025,linear_regression,TOASO,80.90121531,104.580918607
test_fy2024,2025,linear_regression,TRALT,90.29721378,82.4648899468
test_fy2024,2025,linear_regression,TRMET,30.55051365,66.3802931669
test_fy2024,2025,linear_regression,TSKB,6.743226074,100.639859019
test_fy2024,2025,linear_regression,TTKOM,11.46496661,152.59142497
test_fy2024,2025,linear_regression,TUPRS,107.0475109,191.594801425
test_fy2024,2025,linear_regression,TURSG,58.19675033,-59.2127976761
test_fy2024,2025,linear_regression,ULKER,18.60041871,16.1029095472
test_fy2024,2025,linear_regression,ULUSE,173.546277,20.5790426398
test_fy2024,2025,linear_regression,VAKBN,35.62005481,108.63906205
test_fy2024,2025,linear_regression,VESTL,-20.26618416,117.098083572
test_fy2024,2025,linear_regression,YKBNK,28.12983355,75.8033302206
test_fy2024,2025,linear_regression,ZOREN,6.185560929,72.9556397244
test_fy2024,2025,ridge,AEFES,41.94739965,21.3404025662
test_fy2024,2025,ridge,AGESA,67.67513682,122.970126861
test_fy2024,2025,ridge,AGHOL,35.9223277,38.5310513328
test_fy2024,2025,ridge,AKBNK,26.89956222,98.343536686
test_fy2024,2025,ridge,AKENR,19.60975833,29.6508502623
test_fy2024,2025,ridge,AKSA,21.48446343,82.2281284696
test_fy2024,2025,ridge,AKSEN,147.218784,99.0372761198
test_fy2024,2025,ridge,ALARK,20.96977482,93.1933708804
test_fy2024,2025,ridge,ALBRK,21.48982566,130.854584247
test_fy2024,2025,ridge,ANHYT,46.93096904,81.0819248473
test_fy2024,2025,ridge,ARCLK,-1.70616403,107.724749376
test_fy2024,2025,ridge,ASELS,194.4582207,14.2479392366
test_fy2024,2025,ridge,ASTOR,243.0895188,111.204258309
test_fy2024,2025,ridge,BERA,20.89552664,71.1545497159
test_fy2024,2025,ridge,BIMAS,57.30470304,11.7981588189
test_fy2024,2025,ridge,BRSAN,51.74553918,73.4194973128
test_fy2024,2025,ridge,BTCIM,20.83333728,64.6808291809
test_fy2024,2025,ridge,CANTE,1.333332062,77.9275302256
test_fy2024,2025,ridge,CCOLA,66.48144336,38.4342004109
test_fy2024,2025,ridge,CEMTS,-6.506245444,64.2310591103
test_fy2024,2025,ridge,CIMSA,6.926836952,112.582102296
test_fy2024,2025,ridge,DEVA,18.50501697,54.1575637524
test_fy2024,2025,ridge,DOAS,17.12207617,128.580084556
test_fy2024,2025,ridge,DOHOL,63.24951859,124.188935264
test_fy2024,2025,ridge,DSTKF,638.5964912,150.137528355
test_fy2024,2025,ridge,EKGYO,35.66330452,139.422531307
test_fy2024,2025,ridge,ENJSA,118.4482164,93.8262117944
test_fy2024,2025,ridge,ENKAI,73.23447999,64.9332886285
test_fy2024,2025,ridge,EREGL,71.80852777,118.525106048
test_fy2024,2025,ridge,FROTO,14.15683534,34.9289378105
test_fy2024,2025,ridge,GARAN,18.61456704,112.5260343
test_fy2024,2025,ridge,GUBRF,133.1496457,106.695880533
test_fy2024,2025,ridge,HALKB,115.3452691,133.806059704
test_fy2024,2025,ridge,HEKTS,32.01320257,47.2296133445
test_fy2024,2025,ridge,ISCTR,26.1628615,101.282810231
test_fy2024,2025,ridge,ISGYO,40.04969465,45.7778889403
test_fy2024,2025,ridge,KCHOL,36.70412753,76.4334666914
test_fy2024,2025,ridge,KRDMD,79.98189228,197.356770414
test_fy2024,2025,ridge,KRVGD,63.73058369,61.1702219672
test_fy2024,2025,ridge,KUYAS,42.11502098,101.3628252
test_fy2024,2025,ridge,LOGO,18.99342447,92.9638519795
test_fy2024,2025,ridge,MAVI,41.35650401,83.7514442452
test_fy2024,2025,ridge,MGROS,38.79597271,46.8140801461
test_fy2024,2025,ridge,MIATK,66.53333028,74.4152151266
test_fy2024,2025,ridge,MPARK,46.48342765,66.5427946786
test_fy2024,2025,ridge,NETAS,41.30892441,34.3455750726
test_fy2024,2025,ridge,NTGAZ,55.48080326,75.9652968168
test_fy2024,2025,ridge,ODAS,63.15789804,53.6943070586
test_fy2024,2025,ridge,OTKAR,-1.861702128,74.5074946226
test_fy2024,2025,ridge,OYAKC,5.211963676,78.3195803916
test_fy2024,2025,ridge,PASEU,55.85464104,149.626425064
test_fy2024,2025,ridge,PETKM,36.41974902,136.33983125
test_fy2024,2025,ridge,PGSUS,-31.13360077,27.6112976212
test_fy2024,2025,ridge,PRKME,4.189113114,57.4719081796
test_fy2024,2025,ridge,RGYAS,62.29068917,73.5672304815
test_fy2024,2025,ridge,SAHOL,22.35345209,108.039986205
test_fy2024,2025,ridge,SASA,-17.49999795,90.4389626449
test_fy2024,2025,ridge,SELEC,50.16100972,121.38280053
test_fy2024,2025,ridge,SISE,39.8900322,166.957267768
test_fy2024,2025,ridge,SKBNK,200.7485151,102.257041098
test_fy2024,2025,ridge,SMRTG,30.55555556,111.018864549
test_fy2024,2025,ridge,SOKM,46.74847359,111.67477744
test_fy2024,2025,ridge,TAVHL,16.17443002,22.3991488258
test_fy2024,2025,ridge,TBORG,-14.37942293,81.5897651994
test_fy2024,2025,ridge,TCELL,15.44202933,63.4383204971
test_fy2024,2025,ridge,THYAO,10.16207603,110.674278628
test_fy2024,2025,ridge,TOASO,80.90121531,119.553857519
test_fy2024,2025,ridge,TRALT,90.29721378,136.546016065
test_fy2024,2025,ridge,TRMET,30.55051365,142.487617738
test_fy2024,2025,ridge,TSKB,6.743226074,121.140051699
test_fy2024,2025,ridge,TTKOM,11.46496661,81.7260976971
test_fy2024,2025,ridge,TUPRS,107.0475109,80.2620800785
test_fy2024,2025,ridge,TURSG,58.19675033,-14.2248572137
test_fy2024,2025,ridge,ULKER,18.60041871,74.8833849441
test_fy2024,2025,ridge,ULUSE,173.546277,46.9683680068
test_fy2024,2025,ridge,VAKBN,35.62005481,114.12802763
test_fy2024,2025,ridge,VESTL,-20.26618416,94.5346219867
test_fy2024,2025,ridge,YKBNK,28.12983355,98.8085088987
test_fy2024,2025,ridge,ZOREN,6.185560929,77.4263923431
test_fy2024,2025,lasso,AEFES,41.94739965,25.4930828684
test_fy2024,2025,lasso,AGESA,67.67513682,124.01741659
test_fy2024,2025,lasso,AGHOL,35.9223277,40.1305996442
test_fy2024,2025,lasso,AKBNK,26.89956222,95.8494108327
test_fy2024,2025,lasso,AKENR,19.60975833,16.201621069
test_fy2024,2025,lasso,AKSA,21.48446343,85.0830892681
test_fy2024,2025,lasso,AKSEN,147.218784,101.76706367
test_fy2024,2025,lasso,ALARK,20.96977482,84.8598854493
test_fy2024,2025,lasso,ALBRK,21.48982566,131.609010807
test_fy2024,2025,lasso,ANHYT,46.93096904,75.9752531183
test_fy2024,2025,lasso,ARCLK,-1.70616403,111.897602868
test_fy2024,2025,lasso,ASELS,194.4582207,34.9311755965
test_fy2024,2025,lasso,ASTOR,243.0895188,110.641427798
test_fy2024,2025,lasso,BERA,20.89552664,68.5051015297
test_fy2024,2025,lasso,BIMAS,57.30470304,13.296428425
test_fy2024,2025,lasso,BRSAN,51.74553918,54.6394132356
test_fy2024,2025,lasso,BTCIM,20.83333728,46.067902019
test_fy2024,2025,lasso,CANTE,1.333332062,66.535240635
test_fy2024,2025,lasso,CCOLA,66.48144336,26.5879150988
test_fy2024,2025,lasso,CEMTS,-6.506245444,55.8210133995
test_fy2024,2025,lasso,CIMSA,6.926836952,97.2629707481
test_fy2024,2025,lasso,DEVA,18.50501697,46.852445326
test_fy2024,2025,lasso,DOAS,17.12207617,152.472905184
test_fy2024,2025,lasso,DOHOL,63.24951859,129.513273237
test_fy2024,2025,lasso,DSTKF,638.5964912,127.495140626
test_fy2024,2025,lasso,EKGYO,35.66330452,149.937511327
test_fy2024,2025,lasso,ENJSA,118.4482164,101.478589119
test_fy2024,2025,lasso,ENKAI,73.23447999,119.250424005
test_fy2024,2025,lasso,EREGL,71.80852777,158.805319872
test_fy2024,2025,lasso,FROTO,14.15683534,31.7403693108
test_fy2024,2025,lasso,GARAN,18.61456704,116.965222205
test_fy2024,2025,lasso,GUBRF,133.1496457,104.374120125
test_fy2024,2025,lasso,HALKB,115.3452691,139.768805808
test_fy2024,2025,lasso,HEKTS,32.01320257,5.4563448059
test_fy2024,2025,lasso,ISCTR,26.1628615,101.339482503
test_fy2024,2025,lasso,ISGYO,40.04969465,33.3110794336
test_fy2024,2025,lasso,KCHOL,36.70412753,85.0368678501
test_fy2024,2025,lasso,KRDMD,79.98189228,230.929061441
test_fy2024,2025,lasso,KRVGD,63.73058369,51.3050973876
test_fy2024,2025,lasso,KUYAS,42.11502098,75.4388793434
test_fy2024,2025,lasso,LOGO,18.99342447,91.8477000406
test_fy2024,2025,lasso,MAVI,41.35650401,65.5358024691
test_fy2024,2025,lasso,MGROS,38.79597271,17.1627030485
test_fy2024,2025,lasso,MIATK,66.53333028,50.3800452519
test_fy2024,2025,lasso,MPARK,46.48342765,67.0642550327
test_fy2024,2025,lasso,NETAS,41.30892441,24.2019225867
test_fy2024,2025,lasso,NTGAZ,55.48080326,67.3038619715
test_fy2024,2025,lasso,ODAS,63.15789804,43.2099569143
test_fy2024,2025,lasso,OTKAR,-1.861702128,66.62602584
test_fy2024,2025,lasso,OYAKC,5.211963676,105.728214161
test_fy2024,2025,lasso,PASEU,55.85464104,128.723211998
test_fy2024,2025,lasso,PETKM,36.41974902,127.809646424
test_fy2024,2025,lasso,PGSUS,-31.13360077,17.9506553418
test_fy2024,2025,lasso,PRKME,4.189113114,44.3516047558
test_fy2024,2025,lasso,RGYAS,62.29068917,55.020956517
test_fy2024,2025,lasso,SAHOL,22.35345209,130.070455874
test_fy2024,2025,lasso,SASA,-17.49999795,89.1993830194
test_fy2024,2025,lasso,SELEC,50.16100972,138.382107087
test_fy2024,2025,lasso,SISE,39.8900322,190.39703002
test_fy2024,2025,lasso,SKBNK,200.7485151,99.2171402189
test_fy2024,2025,lasso,SMRTG,30.55555556,110.069468999
test_fy2024,2025,lasso,SOKM,46.74847359,117.487155994
test_fy2024,2025,lasso,TAVHL,16.17443002,5.58904191456
test_fy2024,2025,lasso,TBORG,-14.37942293,84.3557323235
test_fy2024,2025,lasso,TCELL,15.44202933,105.716971139
test_fy2024,2025,lasso,THYAO,10.16207603,118.186319335
test_fy2024,2025,lasso,TOASO,80.90121531,128.12033553
test_fy2024,2025,lasso,TRALT,90.29721378,140.180449887
test_fy2024,2025,lasso,TRMET,30.55051365,133.78632191
test_fy2024,2025,lasso,TSKB,6.743226074,116.959030136
test_fy2024,2025,lasso,TTKOM,11.46496661,128.94724728
test_fy2024,2025,lasso,TUPRS,107.0475109,135.160370172
test_fy2024,2025,lasso,TURSG,58.19675033,-41.4335160493
test_fy2024,2025,lasso,ULKER,18.60041871,61.2406513673
test_fy2024,2025,lasso,ULUSE,173.546277,37.2375418242
test_fy2024,2025,lasso,VAKBN,35.62005481,119.678465765
test_fy2024,2025,lasso,VESTL,-20.26618416,106.029389925
test_fy2024,2025,lasso,YKBNK,28.12983355,93.9395970086
test_fy2024,2025,lasso,ZOREN,6.185560929,75.9049770803
test_fy2024,2025,elasticnet,AEFES,41.94739965,60.3284605752
test_fy2024,2025,elasticnet,AGESA,67.67513682,103.41983791
test_fy2024,2025,elasticnet,AGHOL,35.9223277,57.3834213782
test_fy2024,2025,elasticnet,AKBNK,26.89956222,88.0750976358
test_fy2024,2025,elasticnet,AKENR,19.60975833,70.6984730217
test_fy2024,2025,elasticnet,AKSA,21.48446343,86.1710775896
test_fy2024,2025,elasticnet,AKSEN,147.218784,89.6313980411
test_fy2024,2025,elasticnet,ALARK,20.96977482,100.265661902
test_fy2024,2025,elasticnet,ALBRK,21.48982566,107.129537255
test_fy2024,2025,elasticnet,ANHYT,46.93096904,84.8450200643
test_fy2024,2025,elasticnet,ARCLK,-1.70616403,90.0839726052
test_fy2024,2025,elasticnet,ASELS,194.4582207,22.3269409855
test_fy2024,2025,elasticnet,ASTOR,243.0895188,94.2189473648
test_fy2024,2025,elasticnet,BERA,20.89552664,86.9835058475
test_fy2024,2025,elasticnet,BIMAS,57.30470304,36.2323864137
test_fy2024,2025,elasticnet,BRSAN,51.74553918,91.6276154345
test_fy2024,2025,elasticnet,BTCIM,20.83333728,91.2157127192
test_fy2024,2025,elasticnet,CANTE,1.333332062,94.9592884122
test_fy2024,2025,elasticnet,CCOLA,66.48144336,62.267188289
test_fy2024,2025,elasticnet,CEMTS,-6.506245444,85.7716701813
test_fy2024,2025,elasticnet,CIMSA,6.926836952,105.179462404
test_fy2024,2025,elasticnet,DEVA,18.50501697,79.6599774174
test_fy2024,2025,elasticnet,DOAS,17.12207617,100.684272865
test_fy2024,2025,elasticnet,DOHOL,63.24951859,104.288350542
test_fy2024,2025,elasticnet,DSTKF,638.5964912,129.032261139
test_fy2024,2025,elasticnet,EKGYO,35.66330452,102.995957256
test_fy2024,2025,elasticnet,ENJSA,118.4482164,80.9089714123
test_fy2024,2025,elasticnet,ENKAI,73.23447999,47.5764682416
test_fy2024,2025,elasticnet,EREGL,71.80852777,74.9062506765
test_fy2024,2025,elasticnet,FROTO,14.15683534,49.7523296451
test_fy2024,2025,elasticnet,GARAN,18.61456704,89.1392739174
test_fy2024,2025,elasticnet,GUBRF,133.1496457,94.212942051
test_fy2024,2025,elasticnet,HALKB,115.3452691,106.825432248
test_fy2024,2025,elasticnet,HEKTS,32.01320257,95.4032127619
test_fy2024,2025,elasticnet,ISCTR,26.1628615,87.5325502269
test_fy2024,2025,elasticnet,ISGYO,40.04969465,79.117179226
test_fy2024,2025,elasticnet,KCHOL,36.70412753,69.576432033
test_fy2024,2025,elasticnet,KRDMD,79.98189228,134.157359455
test_fy2024,2025,elasticnet,KRVGD,63.73058369,87.0576230203
test_fy2024,2025,elasticnet,KUYAS,42.11502098,106.791650879
test_fy2024,2025,elasticnet,LOGO,18.99342447,92.3791087292
test_fy2024,2025,elasticnet,MAVI,41.35650401,102.521472501
test_fy2024,2025,elasticnet,MGROS,38.79597271,78.2039824993
test_fy2024,2025,elasticnet,MIATK,66.53333028,101.9074616
test_fy2024,2025,elasticnet,MPARK,46.48342765,75.9492265778
test_fy2024,2025,elasticnet,NETAS,41.30892441,74.1070873419
test_fy2024,2025,elasticnet,NTGAZ,55.48080326,87.9356419442
test_fy2024,2025,elasticnet,ODAS,63.15789804,83.6840746122
test_fy2024,2025,elasticnet,OTKAR,-1.861702128,85.1731152174
test_fy2024,2025,elasticnet,OYAKC,5.211963676,68.0309774887
test_fy2024,2025,elasticnet,PASEU,55.85464104,125.984399378
test_fy2024,2025,elasticnet,PETKM,36.41974902,120.809591029
test_fy2024,2025,elasticnet,PGSUS,-31.13360077,54.7406059972
test_fy2024,2025,elasticnet,PRKME,4.189113114,84.7286381932
test_fy2024,2025,elasticnet,RGYAS,62.29068917,89.4299166836
test_fy2024,2025,elasticnet,SAHOL,22.35345209,88.5411143601
test_fy2024,2025,elasticnet,SASA,-17.49999795,83.1353873446
test_fy2024,2025,elasticnet,SELEC,50.16100972,92.2327735573
test_fy2024,2025,elasticnet,SISE,39.8900322,108.520860783
test_fy2024,2025,elasticnet,SKBNK,200.7485151,95.2551460196
test_fy2024,2025,elasticnet,SMRTG,30.55555556,101.841844041
test_fy2024,2025,elasticnet,SOKM,46.74847359,95.5685781903
test_fy2024,2025,elasticnet,TAVHL,16.17443002,61.4046999609
test_fy2024,2025,elasticnet,TBORG,-14.37942293,78.921600268
test_fy2024,2025,elasticnet,TCELL,15.44202933,49.6442172397
test_fy2024,2025,elasticnet,THYAO,10.16207603,93.2640023695
test_fy2024,2025,elasticnet,TOASO,80.90121531,96.8136281985
test_fy2024,2025,elasticnet,TRALT,90.29721378,112.940787216
test_fy2024,2025,elasticnet,TRMET,30.55051365,134.034563381
test_fy2024,2025,elasticnet,TSKB,6.743226074,104.900143855
test_fy2024,2025,elasticnet,TTKOM,11.46496661,53.8973388158
test_fy2024,2025,elasticnet,TUPRS,107.0475109,54.4512892534
test_fy2024,2025,elasticnet,TURSG,58.19675033,54.8997437259
test_fy2024,2025,elasticnet,ULKER,18.60041871,90.8232405747
test_fy2024,2025,elasticnet,ULUSE,173.546277,82.2843434534
test_fy2024,2025,elasticnet,VAKBN,35.62005481,96.3531782946
test_fy2024,2025,elasticnet,VESTL,-20.26618416,82.0002014853
test_fy2024,2025,elasticnet,YKBNK,28.12983355,88.4655620311
test_fy2024,2025,elasticnet,ZOREN,6.185560929,86.3520493263
test_fy2024,2025,random_forest,AEFES,41.94739965,2.92016581301
test_fy2024,2025,random_forest,AGESA,67.67513682,-17.3853147259
test_fy2024,2025,random_forest,AGHOL,35.9223277,-20.3393282059
test_fy2024,2025,random_forest,AKBNK,26.89956222,-20.9326575816
test_fy2024,2025,random_forest,AKENR,19.60975833,-0.921550012239
test_fy2024,2025,random_forest,AKSA,21.48446343,-18.2566031949
test_fy2024,2025,random_forest,AKSEN,147.218784,-21.1461563947
test_fy2024,2025,random_forest,ALARK,20.96977482,-19.8702625796
test_fy2024,2025,random_forest,ALBRK,21.48982566,-18.6008630421
test_fy2024,2025,random_forest,ANHYT,46.93096904,-20.7331198915
test_fy2024,2025,random_forest,ARCLK,-1.70616403,5.06253384223
test_fy2024,2025,random_forest,ASELS,194.4582207,26.2052048209
test_fy2024,2025,random_forest,ASTOR,243.0895188,116.257599146
test_fy2024,2025,random_forest,BERA,20.89552664,-16.8982340622
test_fy2024,2025,random_forest,BIMAS,57.30470304,-21.1613565456
test_fy2024,2025,random_forest,BRSAN,51.74553918,9.25326520194
test_fy2024,2025,random_forest,BTCIM,20.83333728,22.9795010048
test_fy2024,2025,random_forest,CANTE,1.333332062,98.3442184952
test_fy2024,2025,random_forest,CCOLA,66.48144336,-19.8046388815
test_fy2024,2025,random_forest,CEMTS,-6.506245444,10.600236738
test_fy2024,2025,random_forest,CIMSA,6.926836952,-11.9502078378
test_fy2024,2025,random_forest,DEVA,18.50501697,18.6154747807
test_fy2024,2025,random_forest,DOAS,17.12207617,-1.1453083047
test_fy2024,2025,random_forest,DOHOL,63.24951859,-20.0465856123
test_fy2024,2025,random_forest,DSTKF,638.5964912,127.292683243
test_fy2024,2025,random_forest,EKGYO,35.66330452,-8.18274323697
test_fy2024,2025,random_forest,ENJSA,118.4482164,96.2926869804
test_fy2024,2025,random_forest,ENKAI,73.23447999,19.9497309116
test_fy2024,2025,random_forest,EREGL,71.80852777,5.80628491777
test_fy2024,2025,random_forest,FROTO,14.15683534,-20.2558967319
test_fy2024,2025,random_forest,GARAN,18.61456704,-20.8904105427
test_fy2024,2025,random_forest,GUBRF,133.1496457,-3.01864262482
test_fy2024,2025,random_forest,HALKB,115.3452691,-19.1313689343
test_fy2024,2025,random_forest,HEKTS,32.01320257,1.0583972081
test_fy2024,2025,random_forest,ISCTR,26.1628615,-20.8239060495
test_fy2024,2025,random_forest,ISGYO,40.04969465,-15.4620857767
test_fy2024,2025,random_forest,KCHOL,36.70412753,-11.5702566392
test_fy2024,2025,random_forest,KRDMD,79.98189228,31.2207373076
test_fy2024,2025,random_forest,KRVGD,63.73058369,79.9055838525
test_fy2024,2025,random_forest,KUYAS,42.11502098,140.491803479
test_fy2024,2025,random_forest,LOGO,18.99342447,12.9287154187
test_fy2024,2025,random_forest,MAVI,41.35650401,167.41399687
test_fy2024,2025,random_forest,MGROS,38.79597271,-7.25376124655
test_fy2024,2025,random_forest,MIATK,66.53333028,224.135908085
test_fy2024,2025,random_forest,MPARK,46.48342765,79.62884166
test_fy2024,2025,random_forest,NETAS,41.30892441,10.322683138
test_fy2024,2025,random_forest,NTGAZ,55.48080326,112.162052263
test_fy2024,2025,random_forest,ODAS,63.15789804,9.05975741372
test_fy2024,2025,random_forest,OTKAR,-1.861702128,4.1239909978
test_fy2024,2025,random_forest,OYAKC,5.211963676,5.7691524802
test_fy2024,2025,random_forest,PASEU,55.85464104,143.945200035
test_fy2024,2025,random_forest,PETKM,36.41974902,-3.08534747191
test_fy2024,2025,random_forest,PGSUS,-31.13360077,-15.1457558967
test_fy2024,2025,random_forest,PRKME,4.189113114,16.0748435584
test_fy2024,2025,random_forest,RGYAS,62.29068917,103.250797535
test_fy2024,2025,random_forest,SAHOL,22.35345209,2.95793455911
test_fy2024,2025,random_forest,SASA,-17.49999795,-19.919627055
test_fy2024,2025,random_forest,SELEC,50.16100972,-16.5594056714
test_fy2024,2025,random_forest,SISE,39.8900322,-5.49450086197
test_fy2024,2025,random_forest,SKBNK,200.7485151,-21.0455289047
test_fy2024,2025,random_forest,SMRTG,30.55555556,105.590485932
test_fy2024,2025,random_forest,SOKM,46.74847359,100.939825998
test_fy2024,2025,random_forest,TAVHL,16.17443002,-14.9206310337
test_fy2024,2025,random_forest,TBORG,-14.37942293,0.415829491957
test_fy2024,2025,random_forest,TCELL,15.44202933,17.3538388202
test_fy2024,2025,random_forest,THYAO,10.16207603,-1.52613443617
test_fy2024,2025,random_forest,TOASO,80.90121531,-16.4437462859
test_fy2024,2025,random_forest,TRALT,90.29721378,29.0333912429
test_fy2024,2025,random_forest,TRMET,30.55051365,45.1904566658
test_fy2024,2025,random_forest,TSKB,6.743226074,8.54631992048
test_fy2024,2025,random_forest,TTKOM,11.46496661,8.16992292931
test_fy2024,2025,random_forest,TUPRS,107.0475109,12.2544868207
test_fy2024,2025,random_forest,TURSG,58.19675033,6.67855438722
test_fy2024,2025,random_forest,ULKER,18.60041871,-10.8475677972
test_fy2024,2025,random_forest,ULUSE,173.546277,6.10721515451
test_fy2024,2025,random_forest,VAKBN,35.62005481,-20.3322031973
test_fy2024,2025,random_forest,VESTL,-20.26618416,3.79492906137
test_fy2024,2025,random_forest,YKBNK,28.12983355,-21.0513195326
test_fy2024,2025,random_forest,ZOREN,6.185560929,1.53544592491
test_fy2024,2025,gradient_boosting,AEFES,41.94739965,26.590705921
test_fy2024,2025,gradient_boosting,AGESA,67.67513682,20.2433730354
test_fy2024,2025,gradient_boosting,AGHOL,35.9223277,6.78245655589
test_fy2024,2025,gradient_boosting,AKBNK,26.89956222,33.8639879882
test_fy2024,2025,gradient_boosting,AKENR,19.60975833,-3.88503042181
test_fy2024,2025,gradient_boosting,AKSA,21.48446343,-12.7654466853
test_fy2024,2025,gradient_boosting,AKSEN,147.218784,-18.8415074399
test_fy2024,2025,gradient_boosting,ALARK,20.96977482,-23.4971911742
test_fy2024,2025,gradient_boosting,ALBRK,21.48982566,39.8033911958
test_fy2024,2025,gradient_boosting,ANHYT,46.93096904,2.21280140818
test_fy2024,2025,gradient_boosting,ARCLK,-1.70616403,32.2783751449
test_fy2024,2025,gradient_boosting,ASELS,194.4582207,-74.671316786
test_fy2024,2025,gradient_boosting,ASTOR,243.0895188,226.57824822
test_fy2024,2025,gradient_boosting,BERA,20.89552664,-17.2509563676
test_fy2024,2025,gradient_boosting,BIMAS,57.30470304,-32.9934770596
test_fy2024,2025,gradient_boosting,BRSAN,51.74553918,-23.4387009975
test_fy2024,2025,gradient_boosting,BTCIM,20.83333728,-16.3964918086
test_fy2024,2025,gradient_boosting,CANTE,1.333332062,100.886353881
test_fy2024,2025,gradient_boosting,CCOLA,66.48144336,0.875400985421
test_fy2024,2025,gradient_boosting,CEMTS,-6.506245444,5.58902660203
test_fy2024,2025,gradient_boosting,CIMSA,6.926836952,-44.2730475702
test_fy2024,2025,gradient_boosting,DEVA,18.50501697,-2.20580910133
test_fy2024,2025,gradient_boosting,DOAS,17.12207617,-9.32606267181
test_fy2024,2025,gradient_boosting,DOHOL,63.24951859,12.4527857209
test_fy2024,2025,gradient_boosting,DSTKF,638.5964912,168.297412371
test_fy2024,2025,gradient_boosting,EKGYO,35.66330452,-6.67808989148
test_fy2024,2025,gradient_boosting,ENJSA,118.4482164,48.7995117803
test_fy2024,2025,gradient_boosting,ENKAI,73.23447999,-18.5889982678
test_fy2024,2025,gradient_boosting,EREGL,71.80852777,24.6431524784
test_fy2024,2025,gradient_boosting,FROTO,14.15683534,-19.9736869899
test_fy2024,2025,gradient_boosting,GARAN,18.61456704,12.9253858889
test_fy2024,2025,gradient_boosting,GUBRF,133.1496457,5.89569519043
test_fy2024,2025,gradient_boosting,HALKB,115.3452691,15.0921588553
test_fy2024,2025,gradient_boosting,HEKTS,32.01320257,38.8687856224
test_fy2024,2025,gradient_boosting,ISCTR,26.1628615,15.8074710062
test_fy2024,2025,gradient_boosting,ISGYO,40.04969465,-11.823368559
test_fy2024,2025,gradient_boosting,KCHOL,36.70412753,27.2452442002
test_fy2024,2025,gradient_boosting,KRDMD,79.98189228,115.975986968
test_fy2024,2025,gradient_boosting,KRVGD,63.73058369,71.1155982999
test_fy2024,2025,gradient_boosting,KUYAS,42.11502098,42.7974326974
test_fy2024,2025,gradient_boosting,LOGO,18.99342447,6.61047406534
test_fy2024,2025,gradient_boosting,MAVI,41.35650401,246.396207927
test_fy2024,2025,gradient_boosting,MGROS,38.79597271,-4.16969290893
test_fy2024,2025,gradient_boosting,MIATK,66.53333028,198.713307017
test_fy2024,2025,gradient_boosting,MPARK,46.48342765,47.0305334376
test_fy2024,2025,gradient_boosting,NETAS,41.30892441,16.7375270921
test_fy2024,2025,gradient_boosting,NTGAZ,55.48080326,102.099269752
test_fy2024,2025,gradient_boosting,ODAS,63.15789804,-14.1220146795
test_fy2024,2025,gradient_boosting,OTKAR,-1.861702128,16.6500461463
test_fy2024,2025,gradient_boosting,OYAKC,5.211963676,19.9408674981
test_fy2024,2025,gradient_boosting,PASEU,55.85464104,157.250267235
test_fy2024,2025,gradient_boosting,PETKM,36.41974902,-26.6546652837
test_fy2024,2025,gradient_boosting,PGSUS,-31.13360077,19.8022796481
test_fy2024,2025,gradient_boosting,PRKME,4.189113114,1.97114327566
test_fy2024,2025,gradient_boosting,RGYAS,62.29068917,76.5110591649
test_fy2024,2025,gradient_boosting,SAHOL,22.35345209,12.301831552
test_fy2024,2025,gradient_boosting,SASA,-17.49999795,-75.1458538248
test_fy2024,2025,gradient_boosting,SELEC,50.16100972,0.609120984988
test_fy2024,2025,gradient_boosting,SISE,39.8900322,64.9433908828
test_fy2024,2025,gradient_boosting,SKBNK,200.7485151,40.3433241529
test_fy2024,2025,gradient_boosting,SMRTG,30.55555556,98.5891663758
test_fy2024,2025,gradient_boosting,SOKM,46.74847359,75.5248975665
test_fy2024,2025,gradient_boosting,TAVHL,16.17443002,-52.6636035389
test_fy2024,2025,gradient_boosting,TBORG,-14.37942293,-48.955460793
test_fy2024,2025,gradient_boosting,TCELL,15.44202933,-47.5700192469
test_fy2024,2025,gradient_boosting,THYAO,10.16207603,94.8626113295
test_fy2024,2025,gradient_boosting,TOASO,80.90121531,-2.0589492545
test_fy2024,2025,gradient_boosting,TRALT,90.29721378,20.2197035607
test_fy2024,2025,gradient_boosting,TRMET,30.55051365,53.4232106995
test_fy2024,2025,gradient_boosting,TSKB,6.743226074,70.7900602172
test_fy2024,2025,gradient_boosting,TTKOM,11.46496661,-41.1087472021
test_fy2024,2025,gradient_boosting,TUPRS,107.0475109,34.2170276837
test_fy2024,2025,gradient_boosting,TURSG,58.19675033,-25.4231372183
test_fy2024,2025,gradient_boosting,ULKER,18.60041871,-6.26519275444
test_fy2024,2025,gradient_boosting,ULUSE,173.546277,-12.3343832774
test_fy2024,2025,gradient_boosting,VAKBN,35.62005481,38.0159947951
test_fy2024,2025,gradient_boosting,VESTL,-20.26618416,-39.4782826003
test_fy2024,2025,gradient_boosting,YKBNK,28.12983355,10.9693730611
test_fy2024,2025,gradient_boosting,ZOREN,6.185560929,-11.2466230336
