arm,carrier,ic_injected,repetition,injection_seed,permutation_seed,injected_dataset_sha256,permutation_p_value_two_sided,bonferroni_adjusted_p_value,detected,n_ic_injected,ic_raw_carrier,n_ic_raw_carrier,ratio_to_injected_ic_raw_carrier,ic_panel_carrier,n_ic_panel_carrier,ratio_to_injected_ic_panel_carrier,ic_model_input_carrier,n_ic_model_input_carrier,ratio_to_injected_ic_model_input_carrier,ic_model_prediction,n_ic_model_prediction,ratio_to_injected_ic_model_prediction,ic_final_evaluation,n_ic_final_evaluation,ratio_to_injected_ic_final_evaluation
primary,equity,0,0,42000126,42,3c6470abdb87cd108d9398f42bd46333e326688d4717f8d921533ef7532c3f0e,0.15278472152799999,0.76392360763900002,False,,-0.032567739434000001,240,,-0.032567739434000001,240,,-0.032567739434000001,240,,0.09406142009,240,,0.09406142009,240,
primary,equity,0,1,42000127,43,9ac719e5b1b95666890038cf7cf6e1eddaee6ca6738d431bdd1eb5a701596eec,0.188381161884,0.94190580941900004,False,,0.031380737812000001,240,,0.031380737812000001,240,,0.031380737812000001,240,,0.086240062965999995,240,,0.086240062965999995,240,
primary,equity,0,2,42000128,44,b258b84104fc3f7eaf3aa787091870cf6052342b42bdcfcf9c6aec91fcd09e29,0.165083491651,0.82541745825400004,False,,-0.047482726614,240,,-0.047482726614,240,,-0.047482726614,240,,0.090302875086999995,240,,0.090302875086999995,240,
primary,equity,0,3,42000129,45,c5cd3d62cb1df2be0f4461f16ef5afb32a17dfc455341bcc1c78da429561828b,0.20887911208900001,1,False,,-0.011017574689,240,,-0.011017574689,240,,-0.011017574689,240,,0.082184369623000006,240,,0.082184369623000006,240,
primary,equity,0,4,42000130,46,60d4737065239b8e88de9930bca6faa58ded1f085446d88cc7e5624faa7b723c,0.11498850115000001,0.57494250574899997,False,,-0.024808825587,240,,-0.024808825587,240,,-0.024808825587,240,,0.102133099096,240,,0.102133099096,240,
primary,equity,0,5,42000131,47,6e197d125b1f0cf60b6ecb1eda6e4b59d633cb115b75bb4589cf3c40bfa6a805,0.212478752125,1,False,,-0.079856153718000006,240,,-0.079856153718000006,240,,-0.079856153718000006,240,,0.081488990775000006,240,,0.081488990775000006,240,
primary,equity,0,6,42000132,48,7a35a20b56f10d9fd9a7e571a9d805ee30d10e97bd9647088b1a1a9d711cb6df,0.118288171183,0.59144085591399997,False,,0.012337514888999999,240,,0.012337514888999999,240,,0.012337514888999999,240,,0.102398801691,240,,0.102398801691,240,
primary,equity,0,7,42000133,49,f18b5844ed18b45fa9e81bdebcf05d45c30b1688f83bde0a861e6212a239555b,0.18568143185700001,0.92840715928399997,False,,0.018589568822,240,,0.018589568822,240,,0.018589568822,240,,0.086435064744999998,240,,0.086435064744999998,240,
primary,equity,0,8,42000134,50,649a6a70606c14fb3df825af14122d1a8b88d9c5cb4a1bd6b19f7479e3f621b5,0.099290070992999996,0.49645035496500001,False,,0.13504585318000001,240,,0.13504585318000001,240,,0.13504585318000001,240,,0.107962189284,240,,0.107962189284,240,
primary,equity,0,9,42000135,51,9dc16201f0f8a98770634c4e8e3e21770f898e790be3e35928e61a5508669910,0.088691130886999994,0.44345565443500001,False,,0.085723783885000002,240,,0.085723783885000002,240,,0.085723783885000002,240,,0.111243702949,240,,0.111243702949,240,
primary,equity,0,10,42000136,52,92a1d6f757f33c3cbf7c05ea3d3257a8ded3165c90aa94e3f81202485aaca249,0.13768623137700001,0.68843115688400003,False,,0.0079856701940000004,240,,0.0079856701940000004,240,,0.0079856701940000004,240,,0.095616443964,240,,0.095616443964,240,
primary,equity,0,11,42000137,53,d41377b49641385a93ea047bbacbeef3562035f4b6286925d0e71e29acfa6aa8,0.17798220177999999,0.88991100889899999,False,,-0.0082197642059999992,240,,-0.0082197642059999992,240,,-0.0082197642059999992,240,,0.086747725863000003,240,,0.086747725863000003,240,
primary,equity,0,12,42000138,54,72343add63373964743dce709b0cf78c2c144094f835029800b0742c49504be4,0.16598340166,0.82991700829899995,False,,0.054783544417,240,,0.054783544417,240,,0.054783544417,240,,0.090006034471000002,240,,0.090006034471000002,240,
primary,equity,0,13,42000139,55,0fb7e5b301f54eef49133cf4d23489607c79360d3c5664800d7a9073074a5798,0.33666633336700003,1,False,,-0.023691600143000001,240,,-0.023691600143000001,240,,-0.023691600143000001,240,,0.064431757307000001,240,,0.064431757307000001,240,
primary,equity,0,14,42000140,56,19e593792bf192910dbe61a69dc86f185d201f5f9ae56095975e8f459ae6c0e4,0.55524447555199996,1,False,,-0.078153520700999998,240,,-0.078153520700999998,240,,-0.078153520700999998,240,,0.038950835777000002,240,,0.038950835777000002,240,
primary,equity,0,15,42000141,57,af52a5975f8254e1477b3a511667c4185f1e8fab591ac3741139a0d60f5ff0c6,0.16018398160200001,0.80091990800900004,False,,0.012337608488,240,,0.012337608488,240,,0.012337608488,240,,0.091178109273000005,240,,0.091178109273000005,240,
primary,equity,0,16,42000142,58,2be863ccb31c4d66db4edd48b6fd5f6b5ff332eeaadd0bc3af9d55da3bfa2462,0.085691430856999998,0.42845715428499997,False,,-0.078324176644000001,240,,-0.078324176644000001,240,,-0.078324176644000001,240,,0.11256446539499999,240,,0.11256446539499999,240,
primary,equity,0,17,42000143,59,d83a1f83deb8174f9373ccc3b827c06a0493f82c83e9cf6c32c14bac276a57c9,0.26617338266200002,1,False,,-0.043240390874000001,240,,-0.043240390874000001,240,,-0.043240390874000001,240,,0.072581978325000004,240,,0.072581978325000004,240,
primary,equity,0,18,42000144,60,c483d15299d64c853902eee4e0f26ec05aa852b832ffe56ed684ce9199b33459,0.24507549245099999,1,False,,0.152221764043,240,,0.152221764043,240,,0.152221764043,240,,0.075706554317000005,240,,0.075706554317000005,240,
primary,equity,0,19,42000145,61,4e07f7cf6e055cd4cef45043edc2b6c36ec9800ebfff2017a33009efd9172b4d,0.064893510648999994,0.32446755324499998,False,,-0.121746690857,240,,-0.121746690857,240,,-0.121746690857,240,,0.118932637666,240,,0.118932637666,240,
primary,equity,0,20,42000146,62,849a7a97307da7c76219a2721ca1e95405bc551f384b9e0033333bdb6e0f405e,0.17898210178999999,0.89491050894900004,False,,-0.082311102888000004,240,,-0.082311102888000004,240,,-0.082311102888000004,240,,0.086607149223999993,240,,0.086607149223999993,240,
primary,equity,0,21,42000147,63,1991792435dd8f4179487e685a3973cb8448d953242977e83f4881d127dde42c,0.23357664233600001,1,False,,-0.018005049801000001,240,,-0.018005049801000001,240,,-0.018005049801000001,240,,0.077683803947999994,240,,0.077683803947999994,240,
primary,equity,0,22,42000148,64,e91b8ed3251f75e64c8a08a18bd6b06364beb7f262482ae55f4ec92a5cca9780,0.27077292270800002,1,False,,-0.076147772333000005,240,,-0.076147772333000005,240,,-0.076147772333000005,240,,0.070425398318999993,240,,0.070425398318999993,240,
primary,equity,0,23,42000149,65,71f91e24a03005b6dd50443b8bcb7ac6dbcbfb1d519c4d49dcab36ecc482fe69,0.261673832617,1,False,,0.049553457715999998,240,,0.049553457715999998,240,,0.049553457715999998,240,,0.073027377268000002,240,,0.073027377268000002,240,
primary,equity,0,24,42000150,66,76f3464598d678f4c36eb03781337cfe52713771a3f3a8e34474e619c6e9172e,0.28117188281200001,1,False,,0.069542589448,240,,0.069542589448,240,,0.069542589448,240,,0.071377988864,240,,0.071377988864,240,
primary,equity,0,25,42000151,67,ff682835352168beabc69a7d4bf8653ac0624586e80dd202fcb339a316439cb8,0.21397860214,1,False,,-0.036273360918999999,240,,-0.036273360918999999,240,,-0.036273360918999999,240,,0.080410501849999996,240,,0.080410501849999996,240,
primary,equity,0,26,42000152,68,7940919dc047580f2fcae153707a2db32a834489e71426a4d0b1e1e9abbafcf4,0.27727227277299998,1,False,,0.012190539327,240,,0.012190539327,240,,0.012190539327,240,,0.070190020657999994,240,,0.070190020657999994,240,
primary,equity,0,27,42000153,69,08c51b77bdaed6190ef4a6985fb6dceb10169dd27d61cf6c7d6f422b25b4f5e2,0.107289271073,0.53644635536399998,False,,-0.057595328507999997,240,,-0.057595328507999997,240,,-0.057595328507999997,240,,0.10394584039800001,240,,0.10394584039800001,240,
primary,equity,0,28,42000154,70,205eaef2995dcb41e3dddb07b23a5b5fb6f1f46764e95c6765d9f13d02ce208f,0.16258374162600001,0.81291870812900002,False,,-0.021754008006000001,240,,-0.021754008006000001,240,,-0.021754008006000001,240,,0.090381272762999995,240,,0.090381272762999995,240,
primary,equity,0,29,42000155,71,de5c8d868030c4dffac996df616b22ad8a4afd82c9492a67c3c2aa357f5404f7,0.194780521948,0.973902609739,False,,-0.077973618103999998,240,,-0.077973618103999998,240,,-0.077973618103999998,240,,0.085005278742000007,240,,0.085005278742000007,240,
primary,equity,0,30,42000156,72,8a572067e28130f6a1b5e2223a8ad8d1eadb563cb3b45adfd394e31c4636d457,0.26477352264800003,1,False,,0.031083260498999999,240,,0.031083260498999999,240,,0.031083260498999999,240,,0.071651563244000002,240,,0.071651563244000002,240,
primary,equity,0,31,42000157,73,104e9e9bbf3576f11bd19ea68e738defe6ca14baf83a15815d5073750a9a48cc,0.17598240175999999,0.879912008799,False,,-0.000835651426,240,,-0.000835651426,240,,-0.000835651426,240,,0.088341737564000003,240,,0.088341737564000003,240,
primary,equity,0,32,42000158,74,b41d8a50f0bc894ec7f0813eb805a07d3fd9ee0e68cd536f78ad8c2a9a5bf7f5,0.117788221178,0.58894110588899995,False,,-0.072073637886000005,240,,-0.072073637886000005,240,,-0.072073637886000005,240,,0.100484415344,240,,0.100484415344,240,
primary,equity,0,33,42000159,75,efb57868f72bc7f464bbc9185309c153cf09521423c379680c3cdd8685c6c510,0.18188181181900001,0.90940905909400005,False,,-0.086944776570999999,240,,-0.086944776570999999,240,,-0.086944776570999999,240,,0.085364609344000003,240,,0.085364609344000003,240,
primary,equity,0,34,42000160,76,75a203343c01f5c85c3c708f8366c2a67b078eb30b47b9afe5ec064b8b85ecc7,0.15568443155700001,0.77842215778400004,False,,-0.042060885723999998,240,,-0.042060885723999998,240,,-0.042060885723999998,240,,0.093108103280000007,240,,0.093108103280000007,240,
primary,equity,0,35,42000161,77,f6c825083ebf35c3cd4d51191efc22555f9b3ca19e81b1da967fa369e94575a8,0.30006999300100001,1,False,,0.036505473773000001,240,,0.036505473773000001,240,,0.036505473773000001,240,,0.066760137880000001,240,,0.066760137880000001,240,
primary,equity,0,36,42000162,78,54d68f487e58231730dc3e733ad5ce12f1cbb6d36d453cbd57060a0cb3997d59,0.169083091691,0.84541545845400001,False,,-0.018760186299,240,,-0.018760186299,240,,-0.018760186299,240,,0.087998025063000002,240,,0.087998025063000002,240,
primary,equity,0,37,42000163,79,e9534015b057934d9e7be77a1a4261c24e720b724f991d710d513bdba10b5bc1,0.078892110789000006,0.39446055394500001,False,,-0.062572946034999993,240,,-0.062572946034999993,240,,-0.062572946034999993,240,,0.114510272394,240,,0.114510272394,240,
primary,equity,0,38,42000164,80,5bdb9835732be2c344408d3af9cd5f27932fc309d102a37dffc1f09110986a0d,0.188881111889,0.94440555944399995,False,,-0.13602351545999999,240,,-0.13602351545999999,240,,-0.13602351545999999,240,,0.084114295307,240,,0.084114295307,240,
primary,equity,0,39,42000165,81,3691c19710f614e91466aa072fbd7fcc0c31eba56528807c194c0a5d28b1571f,0.189681031897,0.94840515948399995,False,,-0.00071012286400000001,240,,-0.00071012286400000001,240,,-0.00071012286400000001,240,,0.085247386679000003,240,,0.085247386679000003,240,
primary,equity,0,40,42000166,82,74605baa7ac8fd08817aa095ada2a5c9e04b5faafdba01737bc8aaa16c7e97eb,0.20937906209400001,1,False,,0.026083097873000002,240,,0.026083097873000002,240,,0.026083097873000002,240,,0.081575397063999994,240,,0.081575397063999994,240,
primary,equity,0,41,42000167,83,2eb87c642665d5e53b690ae9b5612357a4af01684482394e8041350f407de973,0.165783421658,0.828917108289,False,,-0.034779437690999997,240,,-0.034779437690999997,240,,-0.034779437690999997,240,,0.089310631993999995,240,,0.089310631993999995,240,
primary,equity,0,42,42000168,84,b5c9e7b45ab9c0be6985fd6a5a9f97a10ae405cdf57af91e6d4b65970f9a19dd,0.15018498150199999,0.75092490750899998,False,,-0.014986393564,240,,-0.014986393564,240,,-0.014986393564,240,,0.092217417311,240,,0.092217417311,240,
primary,equity,0,43,42000169,85,8f0107898cff9f607d912646552303db1aa4a79e30f1eac35828ebe7829dd6ce,0.241575842416,1,False,,-0.034099358230000001,240,,-0.034099358230000001,240,,-0.034099358230000001,240,,0.075722573192000001,240,,0.075722573192000001,240,
primary,equity,0,44,42000170,86,9be3fc7a1e77ec2acaa026000d06fdb76bee1d1ade084981a51e5821efc2b3dc,0.17838216178399999,0.89191080891899999,False,,-0.078169862319,240,,-0.078169862319,240,,-0.078169862319,240,,0.088404347891000004,240,,0.088404347891000004,240,
primary,equity,0,45,42000171,87,4d200dda026bcacfa0dd4479038b63b49392f01a0ed417075c5471358c0d4434,0.106889311069,0.53444655534399998,False,,-0.19018557347600001,240,,-0.19018557347600001,240,,-0.19018557347600001,240,,0.105477272178,240,,0.105477272178,240,
primary,equity,0,46,42000172,88,0b7263fc5a303c8242d14c2fe6a86d076df94532d45dd5a8d17a351c7057ac65,0.41515848415200002,1,False,,0.084075182191999998,240,,0.084075182191999998,240,,0.084075182191999998,240,,0.051906505036999999,240,,0.051906505036999999,240,
primary,equity,0,47,42000173,89,a37e8c08d9e6f68486f6a9bf0b99e9063fb885e9f3f075353e3c30a81c046865,0.18478152184800001,0.92390760923899995,False,,0.06604172304,240,,0.06604172304,240,,0.06604172304,240,,0.087568215463000004,240,,0.087568215463000004,240,
primary,equity,0,48,42000174,90,3738aebf6be827dd84c764ca37d038477a1ec82940d7f46a9baec6bd945e8fe9,0.14928507149299999,0.74642535746399996,False,,0.033294784379999998,240,,0.033294784379999998,240,,0.033294784379999998,240,,0.093912955729999997,240,,0.093912955729999997,240,
primary,equity,0,49,42000175,91,ea0c713fedd8823e2d09967698704774a708d3cac52523f6924da04b0e80ec83,0.16068393160700001,0.80341965803399995,False,,-0.070004442107999998,240,,-0.070004442107999998,240,,-0.070004442107999998,240,,0.091428181129000002,240,,0.091428181129000002,240,
primary,equity,0,50,42000176,92,276b10df1929224cda52d20e3eb37f035a4c9edb7a6b0cea5dc723b0fb061efb,0.142485751425,0.712428757124,False,,-0.10300001291499999,240,,-0.10300001291499999,240,,-0.10300001291499999,240,,0.096100567519999999,240,,0.096100567519999999,240,
primary,equity,0,51,42000177,93,4576bbb204eb1fef0b208441ef550efd167639c8e56a54dfd4cd5efa32cb1428,0.190280971903,0.951404859514,False,,0.019870756383999998,240,,0.019870756383999998,240,,0.019870756383999998,240,,0.084450345568000004,240,,0.084450345568000004,240,
primary,equity,0,52,42000178,94,8802f58cdf75a6b9b33a582efbba967558dd439a03a2085dc929cd1d55f3fea0,0.20187981201899999,1,False,,0.031153009935,240,,0.031153009935,240,,0.031153009935,240,,0.084286334544000002,240,,0.084286334544000002,240,
primary,equity,0,53,42000179,95,4a6d28d94bf36db0d4babca6c2396231f40a5dbbd49bb4ccbf71e0706d1d959e,0.236276372363,1,False,,0.0092378067639999999,240,,0.0092378067639999999,240,,0.0092378067639999999,240,,0.076230748961999995,240,,0.076230748961999995,240,
primary,equity,0,54,42000180,96,ed958fb493999e32f50aecf361b080479ac4527ef7d409118881cacf85367229,0.19668033196699999,0.98340165983399996,False,,-0.0061414095129999997,240,,-0.0061414095129999997,240,,-0.0061414095129999997,240,,0.084825564627,240,,0.084825564627,240,
primary,equity,0,55,42000181,97,eff6f937203037220de064ed9186e8929b5cdb30093fddddb83d5878fd081e1f,0.13108689131099999,0.65543445655400001,False,,-0.0073837209809999998,240,,-0.0073837209809999998,240,,-0.0073837209809999998,240,,0.097647975311999993,240,,0.097647975311999993,240,
primary,equity,0,56,42000182,98,ee4876ccd380be5cae00fa7f50be135a4769f145a9dade1ce9a3012897597b6e,0.077592240775999993,0.38796120387999999,False,,0.14514158354699999,240,,0.14514158354699999,240,,0.14514158354699999,240,,0.11465076752300001,240,,0.11465076752300001,240,
primary,equity,0,57,42000183,99,99880aa85f9201314d4d23e5be9ab90ac1ffaa015748db94a68c76a5c2643a4f,0.17288271172899999,0.86441355864400005,False,,-0.006454649812,240,,-0.006454649812,240,,-0.006454649812,240,,0.088411963056999998,240,,0.088411963056999998,240,
primary,equity,0,58,42000184,100,152ea48dd0773a17b8d5b06506ce1a6e30ee63778f364af73619c37be693a559,0.14098590141,0.70492950704900004,False,,-0.0061651309240000002,240,,-0.0061651309240000002,240,,-0.0061651309240000002,240,,0.096241425689999993,240,,0.096241425689999993,240,
primary,equity,0,59,42000185,101,c9442dcc1def4c99cec94200f2219f7ad1f5d387b570ce11accb8c8a6965952f,0.14398560144,0.71992800719899996,False,,0.072597997016000004,240,,0.072597997016000004,240,,0.072597997016000004,240,,0.095686800057000004,240,,0.095686800057000004,240,
primary,equity,0,60,42000186,102,f82f0b373b5cbe2bb6ba3a6ec84edfd556c0f256b7f7539262c8e96fea518f70,0.16698330167,0.834916508349,False,,-0.026488686742000001,240,,-0.026488686742000001,240,,-0.026488686742000001,240,,0.089732575487000005,240,,0.089732575487000005,240,
primary,equity,0,61,42000187,103,869986a46a0abd47e77d10086d07a05232d51694aa8eb94bc2ba73d5a72856e0,0.16198380162000001,0.80991900809899997,False,,-0.037865540927999999,240,,-0.037865540927999999,240,,-0.037865540927999999,240,,0.089912306637000006,240,,0.089912306637000006,240,
primary,equity,0,62,42000188,104,2bfc3a421949d80d5d34e2c6184e89cf50a4d90dff7b054bfe59da0b67a90f2a,0.216578342166,1,False,,0.047836264949,240,,0.047836264949,240,,0.047836264949,240,,0.080332709365999996,240,,0.080332709365999996,240,
primary,equity,0,63,42000189,105,2ba4366f9090056bdbeae18ab3ad71fe6a6008bbc4fba1b8b20274a58df4ea88,0.22937706229400001,1,False,,-0.026435479678000001,240,,-0.026435479678000001,240,,-0.026435479678000001,240,,0.078175889774000001,240,,0.078175889774000001,240,
primary,equity,0,64,42000190,106,8312f3fd54a6100b03974cb6d7a27225f5e52fa56df0eb0a9c0854c6107828f8,0.14848515148499999,0.74242575742399997,False,,0.010947490786,240,,0.010947490786,240,,0.010947490786,240,,0.093928408061999993,240,,0.093928408061999993,240,
primary,equity,0,65,42000191,107,812a025cb0a7ae2b55d12a38afd0edb4d268c8c74068fd162da53d9804045f7a,0.11438856114400001,0.57194280571900002,False,,-0.13353032066500001,240,,-0.13353032066500001,240,,-0.13353032066500001,240,,0.101687777268,240,,0.101687777268,240,
primary,equity,0,66,42000192,108,3e6aac4034647455dc6a93cb423dcd5a52a4c994f976dd0f35a4cfe1385285aa,0.117188281172,0.58594140585900001,False,,-0.096750275523000001,240,,-0.096750275523000001,240,,-0.096750275523000001,240,,0.10085944280799999,240,,0.10085944280799999,240,
primary,equity,0,67,42000193,109,b390be2ee4c10e8d5f56e1251d77f340669f965fb19c1db38e490800fb81bac5,0.218178182182,1,False,,-0.056400091691999998,240,,-0.056400091691999998,240,,-0.056400091691999998,240,,0.080660793691999993,240,,0.080660793691999993,240,
primary,equity,0,68,42000194,110,5fe9a209fed700170c3a2eb82d792c891ad28d0f0f250750872c8a6acfb4411c,0.18018198180200001,0.90090990900900003,False,,-0.019464006405000001,240,,-0.019464006405000001,240,,-0.019464006405000001,240,,0.087130760658000003,240,,0.087130760658000003,240,
primary,equity,0,69,42000195,111,6093e00fd45e7fecf9098befe7fc8ab070f27132875a426061148057e0616473,0.19968003199699999,0.998400159984,False,,0.049054469984000003,240,,0.049054469984000003,240,,0.049054469984000003,240,,0.083700396327999999,240,,0.083700396327999999,240,
primary,equity,0,70,42000196,112,b362e760206260c340c554bf45c81473317ed5a0b759cc3f0d76e81f104382df,0.10148985101499999,0.50744925507399996,False,,-0.068784116340000007,240,,-0.068784116340000007,240,,-0.068784116340000007,240,,0.106891654021,240,,0.106891654021,240,
primary,equity,0,71,42000197,113,2aab83120112e2484b98e087dbcc9fb57b14f42bd56fcca55932e31dc571ff5b,0.1699830017,0.84991500849900004,False,,0.011603999950999999,240,,0.011603999950999999,240,,0.011603999950999999,240,,0.088974661595000004,240,,0.088974661595000004,240,
primary,equity,0,72,42000198,114,9e5e038b08488a727bdffc19a8be258a441fd0a8271089f9d09c6df6ce0f04c0,0.093790620938000002,0.46895310469000001,False,,0.074560638725000003,240,,0.074560638725000003,240,,0.074560638725000003,240,,0.10630583102000001,240,,0.10630583102000001,240,
primary,equity,0,73,42000199,115,3dd10c037ead22f4774c9839649707f40a238d97cf3f752673c76c7d431ab5c4,0.13148685131499999,0.65743425657400001,False,,-0.017947639921,240,,-0.017947639921,240,,-0.017947639921,240,,0.097679281849999994,240,,0.097679281849999994,240,
primary,equity,0,74,42000200,116,fe68e6f2805bfdfb4d6f772b9daa8931b13f8fb82b704df0b26273280980ee5d,0.15498450154999999,0.77492250774899996,False,,-0.0092428667199999995,240,,-0.0092428667199999995,240,,-0.0092428667199999995,240,,0.092459769228999997,240,,0.092459769228999997,240,
primary,equity,0,75,42000201,117,144c4e2ae23cbd719bb489feaeadbe06d019657479e8fa1c66695dc79a64f531,0.19608039196099999,0.98040195980400002,False,,-0.073121545622999995,240,,-0.073121545622999995,240,,-0.073121545622999995,240,,0.083317550381,240,,0.083317550381,240,
primary,equity,0,76,42000202,118,81e4677e84a75f67198954f220144dfe568c557718e4067b156cdadf2dfba536,0.139786021398,0.69893010698900004,False,,0.110659344934,240,,0.110659344934,240,,0.110659344934,240,,0.096085168489999997,240,,0.096085168489999997,240,
primary,equity,0,77,42000203,119,40aacd0e2ed7889c28a683f8f087355cde53c266162dadf20886c7cc8395e10e,0.24847515248499999,1,False,,-0.122520572519,240,,-0.122520572519,240,,-0.122520572519,240,,0.074886436183999996,240,,0.074886436183999996,240,
primary,equity,0,78,42000204,120,8706ea1beaa0ec55849ad6cf18ec6ed085d11d8fce24df0fd71400225ab3560d,0.15068493150699999,0.75342465753400001,False,,-0.12284735726,240,,-0.12284735726,240,,-0.12284735726,240,,0.094241065700000001,240,,0.094241065700000001,240,
primary,equity,0,79,42000205,121,5f70a774d43ca000395b09f71827eb4c7a76858afe81de3aaf3471a1fd4e1568,0.15388461153899999,0.76942305769399999,False,,-0.036827026929000001,240,,-0.036827026929000001,240,,-0.036827026929000001,240,,0.092467403259999997,240,,0.092467403259999997,240,
primary,equity,0,80,42000206,122,d99e0e0be781b1addfa353264d2234600427f1d0fe1c9549f1607559bbef1a83,0.163683631637,0.81841815818399999,False,,-0.057689394838000001,240,,-0.057689394838000001,240,,-0.057689394838000001,240,,0.090771855866000006,240,,0.090771855866000006,240,
primary,equity,0,81,42000207,123,f0e28c77a13cd21952cbfad2339925666d66c7b7192e3f661d83a54bd991904c,0.18438156184400001,0.92190780921899995,False,,-0.056047931888000002,240,,-0.056047931888000002,240,,-0.056047931888000002,240,,0.087263372827999994,240,,0.087263372827999994,240,
primary,equity,0,82,42000208,124,cdeb4b576ec315d9fdbdbf33af9b322c56cd423717db5a38c59782acee93012b,0.17608239176099999,0.88041195880400003,False,,0.017416990487,240,,0.017416990487,240,,0.017416990487,240,,0.089318521181000005,240,,0.089318521181000005,240,
primary,equity,0,83,42000209,125,cb1c233f695653897ac0afea8eaec2bfb16837dc8b2c78bf9101a65900d85d99,0.17918208179199999,0.89591040895899998,False,,-0.056173386632,240,,-0.056173386632,240,,-0.056173386632,240,,0.086951001299999997,240,,0.086951001299999997,240,
primary,equity,0,84,42000210,126,90e4ef72b878a1af2e59bb2c343d6cf3ff53f5fb47263e4de674974e16f761ee,0.167183281672,0.83591640835900005,False,,-0.0058208256879999998,240,,-0.0058208256879999998,240,,-0.0058208256879999998,240,,0.090818779404999994,240,,0.090818779404999994,240,
primary,equity,0,85,42000211,127,8ad861d974b6133ee1994d6f9a47b5285a93922d72dc7ff74fbfb5768c318d40,0.166783321668,0.83391660833900005,False,,0.071176524970000002,240,,0.071176524970000002,240,,0.071176524970000002,240,,0.088880901890000003,240,,0.088880901890000003,240,
primary,equity,0,86,42000212,128,6d1f2ccf646b49bb3d9de8d41665cca63726bc7d3870e32fb8fcca2fde2e0e27,0.168383161684,0.84191580841900004,False,,-0.025371007772,240,,-0.025371007772,240,,-0.025371007772,240,,0.089654403293000007,240,,0.089654403293000007,240,
primary,equity,0,87,42000213,129,a02ca433391bef02215893213e3dbb12bbfa59cac8fad8b1cec66bdbd9ea114c,0.13358664133600001,0.66793320667900002,False,,-0.075106582781999998,240,,-0.075106582781999998,240,,-0.075106582781999998,240,,0.098734845599000004,240,,0.098734845599000004,240,
primary,equity,0,88,42000214,130,a09ed96e67a620c3e718da41d24b64d9aad48d05c06d58049c74c4cef173157d,0.15738426157400001,0.78692130786900005,False,,-0.013510827365,240,,-0.013510827365,240,,-0.013510827365,240,,0.090795129429000004,240,,0.090795129429000004,240,
primary,equity,0,89,42000215,131,d19c70a549235e02805cac08cbfeb8b2df2293931b19412c83c465a0a9f303fb,0.12408759124099999,0.620437956204,False,,0.105149779671,240,,0.105149779671,240,,0.105149779671,240,,0.100296869557,240,,0.100296869557,240,
primary,equity,0,90,42000216,132,d89dfc1817b9733c17fcaadc1ce5130dd9cec3e7948b795b600011f733f816ba,0.146185381462,0.73092690730900001,False,,-0.070693077308999999,240,,-0.070693077308999999,240,,-0.070693077308999999,240,,0.095054306655999996,240,,0.095054306655999996,240,
primary,equity,0,91,42000217,133,1b43ebf38567ac966562a6206133313ea13deb2f67f8140a52cb5ec46c0c9587,0.19618038196199999,0.98090190980900005,False,,0.033606934273000003,240,,0.033606934273000003,240,,0.033606934273000003,240,,0.083044057145000003,240,,0.083044057145000003,240,
primary,equity,0,92,42000218,134,4a320a1c3b8fbc39b147916eb6f330b8b4f26f967f483afa427636ff9ad7b136,0.116788321168,0.58394160583900001,False,,0.036535936450000001,240,,0.036535936450000001,240,,0.036535936450000001,240,,0.10173444491899999,240,,0.10173444491899999,240,
primary,equity,0,93,42000219,135,5cc0a6ecb361f1e6ac503cd9c2f2333472b014b09544c20cd5a1061f5e6ed77d,0.103689631037,0.518448155184,False,,0.023105380762999998,240,,0.023105380762999998,240,,0.023105380762999998,240,,0.104594372088,240,,0.104594372088,240,
primary,equity,0,94,42000220,136,f0597bda290b94266bdee40913624dfccf123f9ad99662195de35dc6ac2a7580,0.13808619138100001,0.69043095690400003,False,,-0.025605180912000002,240,,-0.025605180912000002,240,,-0.025605180912000002,240,,0.096257069250999999,240,,0.096257069250999999,240,
primary,equity,0,95,42000221,137,e4585cebf3a6c5bf693f0d2e9b7ca3ad15e8b9bb27e8a804558393e2fefbf4fb,0.18678132186800001,0.93390660933900005,False,,-0.068190772322000007,240,,-0.068190772322000007,240,,-0.068190772322000007,240,,0.086192937391999999,240,,0.086192937391999999,240,
primary,equity,0,96,42000222,138,17d3d46efb2fd72f61a8d20f80c82132e5b34d15a05ec0c023e43489dc0ad1da,0.18578142185800001,0.928907109289,False,,0.034982671548999998,240,,0.034982671548999998,240,,0.034982671548999998,240,,0.086739913424000004,240,,0.086739913424000004,240,
primary,equity,0,97,42000223,139,a91d997a5f2599e1cbce4c0460b74fd02a64664911f583166c891ec6df6a1429,0.16298370163000001,0.81491850814900002,False,,-0.004704959176,240,,-0.004704959176,240,,-0.004704959176,240,,0.090857715761000005,240,,0.090857715761000005,240,
primary,equity,0,98,42000224,140,84938cbfb9b8f47017b7f49025e0b86d027782fb655245ad00e2af12262ae080,0.26717328267200002,1,False,,0.061431782125000001,240,,0.061431782125000001,240,,0.061431782125000001,240,,0.071940558451999995,240,,0.071940558451999995,240,
primary,equity,0,99,42000225,141,f213d95c87c29c507cceb8f73824cdfb686bad715b85b1d90288320f36080a16,0.18368163183700001,0.91840815918399998,False,,-0.0016089698429999999,240,,-0.0016089698429999999,240,,-0.0016089698429999999,240,,0.088146425313999993,240,,0.088146425313999993,240,
primary,equity,0,100,42000226,142,fb61ca75f9813d3d4a8a5cb99244f8f22063396512d6ab6c463963ed980b6804,0.15138486151399999,0.75692430756899998,False,,0.017145083496,240,,0.017145083496,240,,0.017145083496,240,,0.092600850681999997,240,,0.092600850681999997,240,
primary,equity,0,101,42000227,143,19d833f8cac7f609aadac36bae4e8982279e7dd13337364b741aeb447d2d7eb8,0.13308669133100001,0.665433456654,False,,0.106439217995,240,,0.106439217995,240,,0.106439217995,240,,0.096960311091000007,240,,0.096960311091000007,240,
primary,equity,0,102,42000228,144,f0f301171f624ceb998525b0a6be1c08144e39a2379cb43bbe0f477c66ad3fef,0.167483251675,0.83741625837400002,False,,-0.010619107894,240,,-0.010619107894,240,,-0.010619107894,240,,0.088310475720000003,240,,0.088310475720000003,240,
primary,equity,0,103,42000229,145,4679c4fd1dc9df442b7fb8f616bcbb067605a7005914d5bc88cc9e658856f723,0.167383261674,0.83691630836899999,False,,0.017846335203999999,240,,0.017846335203999999,240,,0.017846335203999999,240,,0.089224692787000001,240,,0.089224692787000001,240,
primary,equity,0,104,42000230,146,54e7ca78a2ccce2d06b630396ee08856f4de6d1f3b45ef5b3b32efbe311911db,0.103589641036,0.51794820517899998,False,,0.030583212219000001,240,,0.030583212219000001,240,,0.030583212219000001,240,,0.105618178704,240,,0.105618178704,240,
primary,equity,0,105,42000231,147,392f89240f977b31bdcfdef6be9066704daa7104c1131b5eb399f031518715b7,0.110688931107,0.55344465553400002,False,,0.049649072923999997,240,,0.049649072923999997,240,,0.049649072923999997,240,,0.106102502647,240,,0.106102502647,240,
primary,equity,0,106,42000232,148,930e974899925c019acb3af1af26cf4d06269fc7a6174a94b3601b10fe28dc59,0.111088891111,0.55544445555400002,False,,-0.10741597780000001,240,,-0.10741597780000001,240,,-0.10741597780000001,240,,0.103914538256,240,,0.103914538256,240,
primary,equity,0,107,42000233,149,1e2b90b9b9cd730d149c51569dc50ff7386e1b4887a25097822660d0bbf7a79e,0.192280771923,0.96140385961399999,False,,-5.5331826000000002e-05,240,,-5.5331826000000002e-05,240,,-5.5331826000000002e-05,240,,0.084692781926999999,240,,0.084692781926999999,240,
primary,equity,0,108,42000234,150,04ac9685b2a03f1d67665bed45ce3a6663295ba990ca3c471d6b2bac03bab7f9,0.18288171182900001,0.91440855914399999,False,,-0.089257719282999998,240,,-0.089257719282999998,240,,-0.089257719282999998,240,,0.087497763940000001,240,,0.087497763940000001,240,
primary,equity,0,109,42000235,151,d12c1cde3f38d0c14db06d5f8e5e07c6ad3b1df05b9b84960a602e8c058c666b,0.194680531947,0.97340265973399998,False,,0.016205976580999999,240,,0.016205976580999999,240,,0.016205976580999999,240,,0.08436479761,240,,0.08436479761,240,
primary,equity,0,110,42000236,152,64fbdce1b572d3c3ac97c76a16dbe71079f58e84f3b12bf469926b80e83e4882,0.143585641436,0.71792820717899997,False,,0.042037281357000002,240,,0.042037281357000002,240,,0.042037281357000002,240,,0.094311460806999994,240,,0.094311460806999994,240,
primary,equity,0,111,42000237,153,09dccc5530350772ce25d39636bae84e2f626e6916e5faee3f534a8b5dd06052,0.18418158184200001,0.92090790920900001,False,,0.047959958705,240,,0.047959958705,240,,0.047959958705,240,,0.08677900291,240,,0.08677900291,240,
primary,equity,0,112,42000238,154,e5ae7be5cbe19f3d540172b50fe5f6efd9ef4fe253f04f44c21a293367c16600,0.15408459154099999,0.77042295770400004,False,,0.033287003996,240,,0.033287003996,240,,0.033287003996,240,,0.091162532936000004,240,,0.091162532936000004,240,
primary,equity,0,113,42000239,155,249b1801fa8c06f799ddb57cabbb3ed388f0817321e3ed701be06c13011affec,0.117588241176,0.58794120587900001,False,,0.16324503684899999,240,,0.16324503684899999,240,,0.16324503684899999,240,,0.102586145625,240,,0.102586145625,240,
primary,equity,0,114,42000240,156,b34aa4eec3f7d4d3ba79b8dea92b52aa9345ef7f2ed39c921e8894c8302ff323,0.122687731227,0.61343865613399995,False,,0.12478614585800001,240,,0.12478614585800001,240,,0.12478614585800001,240,,0.100875181617,240,,0.100875181617,240,
primary,equity,0,115,42000241,157,4b95baeae0fcf4ce65d4b57c9793afc62e815b86cf3f9346f365073c84de9459,0.056694330566999997,0.28347165283499998,False,,0.13325502046500001,240,,0.13325502046500001,240,,0.13325502046500001,240,,0.122644196304,240,,0.122644196304,240,
primary,equity,0,116,42000242,158,8d7bcd8bec28456c2e2b81874fa5bc6898d4176e0016aaa70e10886011cbca26,0.219178082192,1,False,,0.036608107564999999,240,,0.036608107564999999,240,,0.036608107564999999,240,,0.08101237285,240,,0.08101237285,240,
primary,equity,0,117,42000243,159,0f4b1f9a5a0a264d7d93ffe59492c715943341c1984b6f6cf88cea90dd5ed269,0.27877212278800001,1,False,,-0.037801795136000002,240,,-0.037801795136000002,240,,-0.037801795136000002,240,,0.069690394215999998,240,,0.069690394215999998,240,
primary,equity,0,118,42000244,160,cb502d006f0698ffe09423edab8566fb0185c7264f2e6a1b7c8cacfd188099a4,0.15678432156800001,0.783921607839,False,,-0.063182339882999997,240,,-0.063182339882999997,240,,-0.063182339882999997,240,,0.093022226350000001,240,,0.093022226350000001,240,
primary,equity,0,119,42000245,161,6f5afa33a9e2b79fa27f2b5b144b083b711d981c3229fe32e809ce6ea2c2f0d9,0.11698830117,0.58494150584899995,False,,-0.045576971837999997,240,,-0.045576971837999997,240,,-0.045576971837999997,240,,0.100710898769,240,,0.100710898769,240,
primary,equity,0,120,42000246,162,8503408a1480c34c3820d1caa4a38e30f5ba0ac7d38cb36c9e6a3ac4e3cd0c5b,0.104589541046,0.52294770522900003,False,,-0.086271729796999999,240,,-0.086271729796999999,240,,-0.086271729796999999,240,,0.107227551336,240,,0.107227551336,240,
primary,equity,0,121,42000247,163,038115c7f619909314ceed6bd6bbdf347294692a63481c479e57a12006b7d655,0.19808019198099999,0.99040095990400001,False,,0.092913938217999995,240,,0.092913938217999995,240,,0.092913938217999995,240,,0.083739446982000004,240,,0.083739446982000004,240,
primary,equity,0,122,42000248,164,7b41bade8edd15bb3a2ea2390291e4b3a2bc694a94558757a43a12e7cb1e0ab5,0.12948705129499999,0.64743525647400002,False,,-0.010885306877,240,,-0.010885306877,240,,-0.010885306877,240,,0.097764960223999997,240,,0.097764960223999997,240,
primary,equity,0,123,42000249,165,c28f162596a2c9723d652230e4acd7aa9220b06b55883ea14b6e94ad6e5540b3,0.23097690231000001,1,False,,0.074308682607999998,240,,0.074308682607999998,240,,0.074308682607999998,240,,0.078199453111000003,240,,0.078199453111000003,240,
primary,equity,0,124,42000250,166,43a8e4b8bc6c6128cdef17cbfce7e282bf66c02ade8f95439a7ae56b98158866,0.237576242376,1,False,,-0.052211204249999997,240,,-0.052211204249999997,240,,-0.052211204249999997,240,,0.077136856857000002,240,,0.077136856857000002,240,
primary,equity,0,125,42000251,167,2f3f306f2b84595b936c1c8332ec1c21a2d422f7143ec43d0cf50323b25f7658,0.090690930907000006,0.453454654535,False,,0.16238608530099999,240,,0.16238608530099999,240,,0.16238608530099999,240,,0.108852845946,240,,0.108852845946,240,
primary,equity,0,126,42000252,168,d35347be3123b6d52636210dc579d212054cd0f11a028851f187d6ae8314dcae,0.25147485251500001,1,False,,-0.083958879037,240,,-0.083958879037,240,,-0.083958879037,240,,0.074675568294999994,240,,0.074675568294999994,240,
primary,equity,0,127,42000253,169,8224d7b0d78572911885a90644af0fe8511e45e9b59ca1b0234c20107f3201b8,0.069993000700000002,0.34996500349999998,False,,-0.103173113983,240,,-0.103173113983,240,,-0.103173113983,240,,0.118096652323,240,,0.118096652323,240,
primary,equity,0,128,42000254,170,3d36ee7d9003cf61fc49ea8df529848ac7aaae2e6f7cac036fcf4860bcce3e61,0.12618738126199999,0.63093690630900001,False,,0.055893243714999999,240,,0.055893243714999999,240,,0.055893243714999999,240,,0.10067216078500001,240,,0.10067216078500001,240,
primary,equity,0,129,42000255,171,c2262a8318b8a60eb4c991e37e8722a62297e1b5660dbe78e6bb981751b90fe2,0.15398460153999999,0.76992300769900002,False,,0.030184660982999999,240,,0.030184660982999999,240,,0.030184660982999999,240,,0.093287886082999996,240,,0.093287886082999996,240,
primary,equity,0,130,42000256,172,691d33ecca00202236122f3bd736df49ca7681ec61f894307fed228f1f5b5311,0.046295370463000002,0.23147685231500001,False,,0.091076682749000007,240,,0.091076682749000007,240,,0.091076682749000007,240,,0.12942647508399999,240,,0.12942647508399999,240,
primary,equity,0,131,42000257,173,24374f00c1a61f66facf231279edb270067838d730f098988f10a6e86fd7f83b,0.167683231677,0.83841615838399997,False,,0.0015470022560000001,240,,0.0015470022560000001,240,,0.0015470022560000001,240,,0.090232811881999997,240,,0.090232811881999997,240,
primary,equity,0,132,42000258,174,36518d8029f95a02a070ad3f596d78d87279028504062f1143bbc683d2038a67,0.12728727127299999,0.63643635636399998,False,,-0.010314696438999999,240,,-0.010314696438999999,240,,-0.010314696438999999,240,,0.098866934089000005,240,,0.098866934089000005,240,
primary,equity,0,133,42000259,175,047507b638080a11a4c8ceac10d11234b7d72aec7e22107df0efc594429b3b46,0.16148385161500001,0.80741925807399995,False,,-0.045664042847,240,,-0.045664042847,240,,-0.045664042847,240,,0.091389205025000003,240,,0.091389205025000003,240,
primary,equity,0,134,42000260,176,9eb703544ae977eb5fe14fa6a6c549cd8f5152e3187531271b2a295357a25a2f,0.15148485151499999,0.757424257574,False,,-0.059377177966999997,240,,-0.059377177966999997,240,,-0.059377177966999997,240,,0.093662987365000006,240,,0.093662987365000006,240,
primary,equity,0,135,42000261,177,3c5e57327c685306cf04f141d3b34837e6716f46fda31f205d52399e7744bcc6,0.26357364263600003,1,False,,0.035451311266999998,240,,0.035451311266999998,240,,0.035451311266999998,240,,0.074339500816000006,240,,0.074339500816000006,240,
primary,equity,0,136,42000262,178,eb4543d2e2788933a32874dfe76e7a1a4128f1fa83aa5c5b9c97c54514160088,0.074892510748999996,0.37446255374499998,False,,0.19647724442200001,240,,0.19647724442200001,240,,0.19647724442200001,240,,0.116549274021,240,,0.116549274021,240,
primary,equity,0,137,42000263,179,e01d544b8611c422adf5cc2952eb110c3fdadd686a4abbc7db57b19cdbc53107,0.120187981202,0.60093990600900005,False,,0.045421034084999999,240,,0.045421034084999999,240,,0.045421034084999999,240,,0.099734171385000001,240,,0.099734171385000001,240,
primary,equity,0,138,42000264,180,45b2ffbd43f901c144ba23f40e3124f8c9f623a6a9fc6abeebef1fe93f98b76b,0.33726627337300003,1,False,,-0.062580008029999995,240,,-0.062580008029999995,240,,-0.062580008029999995,240,,0.063072125728,240,,0.063072125728,240,
primary,equity,0,139,42000265,181,0047ce3e22bfd0978ecef5f229bd8820bef4e4114356e58713a0073a1cde0c38,0.13848615138500001,0.69243075692400002,False,,0.018738219099,240,,0.018738219099,240,,0.018738219099,240,,0.095796082613999994,240,,0.095796082613999994,240,
primary,equity,0,140,42000266,182,53674fec5caddae445318cd6512d00d06da9ada3862477b3f256a6c5b7bc5b1e,0.163783621638,0.81891810818900002,False,,0.067403207925,240,,0.067403207925,240,,0.067403207925,240,,0.090123540865000004,240,,0.090123540865000004,240,
primary,equity,0,141,42000267,183,b1b0eafbc11f13fae85a439b6894b6fada2457f792dca0e3b46676e5a49d2884,0.166483351665,0.83241675832399997,False,,0.028880218906999999,240,,0.028880218906999999,240,,0.028880218906999999,240,,0.090217107875999999,240,,0.090217107875999999,240,
primary,equity,0,142,42000268,184,3e1c708a1d28435fd580c8c178dfadd227db90555f86582688f08e5415734001,0.166183381662,0.830916908309,False,,0.052227607963000001,240,,0.052227607963000001,240,,0.052227607963000001,240,,0.090209243783999998,240,,0.090209243783999998,240,
primary,equity,0,143,42000269,185,2a05852a7d36083a681c5925008df06617102f995e20aa3e5e5d6d8c7b657446,0.30676932306799998,1,False,,-0.021456394233000001,240,,-0.021456394233000001,240,,-0.021456394233000001,240,,0.066088327680999995,240,,0.066088327680999995,240,
primary,equity,0,144,42000270,186,426648e15d0ffc0d0fa551bc46dd4655fda265f9405d635cfd1545757dcc8ac5,0.27477252274800001,1,False,,0.11102534902900001,240,,0.11102534902900001,240,,0.11102534902900001,240,,0.070206006562000003,240,,0.070206006562000003,240,
primary,equity,0,145,42000271,187,d8ac8c71f67e4e896848fb0ae14ac565b0f32171be10e8430c446e54726d82f7,0.13328667133300001,0.66643335666400005,False,,0.018112549023999999,240,,0.018112549023999999,240,,0.018112549023999999,240,,0.096335159567999998,240,,0.096335159567999998,240,
primary,equity,0,146,42000272,188,57b06eae58ad38bf7750437b98c51b68c5364a03126c59ccce5ecade591b9c25,0.10318968103200001,0.51594840515899998,False,,0.047485510235,240,,0.047485510235,240,,0.047485510235,240,,0.106532142632,240,,0.106532142632,240,
primary,equity,0,147,42000273,189,8ca732545b64f51c021bec0a1b1debcf80fc297a811a5dac466aca73d77a1511,0.143585641436,0.71792820717899997,False,,0.056892485425999999,240,,0.056892485425999999,240,,0.056892485425999999,240,,0.093069054824000005,240,,0.093069054824000005,240,
primary,equity,0,148,42000274,190,881669f57101f856a113cf7feab0cf5ce108f638ad80e44eb9754de81ccee960,0.16118388161200001,0.80591940805899998,False,,0.069720905432999997,240,,0.069720905432999997,240,,0.069720905432999997,240,,0.091389133223000005,240,,0.091389133223000005,240,
primary,equity,0,149,42000275,191,c95ffeb9897122179840b9898fe0ad77899f7fd2cfa4a90213aa3dbdd534b947,0.140885911409,0.70442955704400001,False,,-0.0024368938200000001,240,,-0.0024368938200000001,240,,-0.0024368938200000001,240,,0.094991445571000005,240,,0.094991445571000005,240,
primary,equity,0,150,42000276,192,8455b7376729b5661b05cac2f2cad6e82ef81a16f3fc914f80c4361ba2237e26,0.13778622137800001,0.68893110688899994,False,,0.114151300255,240,,0.114151300255,240,,0.114151300255,240,,0.095358442624999998,240,,0.095358442624999998,240,
primary,equity,0,151,42000277,193,382fe577fc5e9c2b5a60f49b51fc1b8acfd73d3a2867823bd27b580b8a8ab274,0.242775722428,1,False,,-0.013549415517000001,240,,-0.013549415517000001,240,,-0.013549415517000001,240,,0.075378739249000001,240,,0.075378739249000001,240,
primary,equity,0,152,42000278,194,464d87e216718666a5567f4a1451e83c36e401091cd8142d888ea08d6dc63955,0.16278372162800001,0.81391860813899997,False,,-0.032684583487999998,240,,-0.032684583487999998,240,,-0.032684583487999998,240,,0.090013669601999996,240,,0.090013669601999996,240,
primary,equity,0,153,42000279,195,8717b97b561289f0c5d6419a984b0cdfa1acedaad5567bef413b0bfd80382464,0.11318868113199999,0.56594340565900003,False,,0.055070179855999997,240,,0.055070179855999997,240,,0.055070179855999997,240,,0.10189090159,240,,0.10189090159,240,
primary,equity,0,154,42000280,196,67eed97d6df27910269e33356a4350c1bd54e3ec86994de0976e3902ab3f5125,0.193880611939,0.96940305969399998,False,,0.0038209325960000002,240,,0.0038209325960000002,240,,0.0038209325960000002,240,,0.085349065427000007,240,,0.085349065427000007,240,
primary,equity,0,155,42000281,197,3ee0186f063189a4baeb970ab90dbf6bdc7f2f0f3c481e49d26dc946f9f37d7b,0.18498150185000001,0.924907509249,False,,-0.031809606838,240,,-0.031809606838,240,,-0.031809606838,240,,0.085567954751,240,,0.085567954751,240,
primary,equity,0,156,42000282,198,3579e7d48885ebcc4198840aff36cc8e129461e672957f92d975e83a5c99c8a9,0.18418158184200001,0.92090790920900001,False,,0.12037970274699999,240,,0.12037970274699999,240,,0.12037970274699999,240,,0.086599089323999998,240,,0.086599089323999998,240,
primary,equity,0,157,42000283,199,5efcd3fd29c45d822f7fbc81453cae12c8b7b73017b5968839058e96a3d87087,0.288371162884,1,False,,-0.080466615992000001,240,,-0.080466615992000001,240,,-0.080466615992000001,240,,0.069174429635999998,240,,0.069174429635999998,240,
primary,equity,0,158,42000284,200,3af5d7d193fd712c5ee5aafafdc9f668f885789a48950ca2d4dbe217699029e6,0.15148485151499999,0.757424257574,False,,-0.023573669895999998,240,,-0.023573669895999998,240,,-0.023573669895999998,240,,0.094616241897999998,240,,0.094616241897999998,240,
primary,equity,0,159,42000285,201,bba4e566f4384ba74333327851cd38f75b545a2cca46eedac5e9b5ce42f6dd0b,0.168883111689,0.84441555844399996,False,,-0.085279627745000003,240,,-0.085279627745000003,240,,-0.085279627745000003,240,,0.089654546897000004,240,,0.089654546897000004,240,
primary,equity,0,160,42000286,202,799eaa546d5c812cacef917443e5ec4da3fda62aa4b37c242b020add92d257d0,0.18588141185900001,0.92940705929400003,False,,0.029888516409000001,240,,0.029888516409000001,240,,0.029888516409000001,240,,0.085348909001000006,240,,0.085348909001000006,240,
primary,equity,0,161,42000287,203,696ccb55eee90b8aed2c6f84958fe67602ecfedc4f26d0156da238944c9160b7,0.15178482151799999,0.75892410758899997,False,,0.074183620578000001,240,,0.074183620578000001,240,,0.074183620578000001,240,,0.094397162627,240,,0.094397162627,240,
primary,equity,0,162,42000288,204,2a12161e63aefe6fc1cd18de3acb28cf50801d3b4a5f391d8cf87dfb75b4a04c,0.383561643836,1,False,,0.065956036056999998,240,,0.065956036056999998,240,,0.065956036056999998,240,,0.056172480495000003,240,,0.056172480495000003,240,
primary,equity,0,163,42000289,205,57f9ed54cc2079622926c70303b765b627b04bc3d8ef2016ec897edb934e252d,0.18168183181700001,0.908409159084,False,,0.053649506426999997,240,,0.053649506426999997,240,,0.053649506426999997,240,,0.088083905473000004,240,,0.088083905473000004,240,
primary,equity,0,164,42000290,206,cb98bf73bd44c39a2660b92d39941150a50f41d739886db48c56d3cfd80b7744,0.18258174182600001,0.91290870912900002,False,,-0.073911118469999995,240,,-0.073911118469999995,240,,-0.073911118469999995,240,,0.088146404982000007,240,,0.088146404982000007,240,
primary,equity,0,165,42000291,207,15cbabaed89f18b037bf8226ded7ceb8f9765de5cbd5b142989bbe01be48adde,0.117588241176,0.58794120587900001,False,,0.066057150460999997,240,,0.066057150460999997,240,,0.066057150460999997,240,,0.102086299013,240,,0.102086299013,240,
primary,equity,0,166,42000292,208,7aab84dc6b952449fd975df4a64fe91da3f382f7200e00c81fc8a8e7acbb4d42,0.15288471152899999,0.76442355764400005,False,,0.036458828285000001,240,,0.036458828285000001,240,,0.036458828285000001,240,,0.093631659763000002,240,,0.093631659763000002,240,
primary,equity,0,167,42000293,209,d880c89b051e0cdbf913a37815150e7c44ec080efb5833c0e0235ca958cc8c92,0.169483051695,0.84741525847400001,False,,0.028285164272,240,,0.028285164272,240,,0.028285164272,240,,0.088513469442999995,240,,0.088513469442999995,240,
primary,equity,0,168,42000294,210,4ab291b802927e6561c22ae46d53bf037ae3363b5756e0f19a0727f2820e7af9,0.079892010799000004,0.39946005399500001,False,,-0.204386042007,240,,-0.204386042007,240,,-0.204386042007,240,,0.112345603547,240,,0.112345603547,240,
primary,equity,0,169,42000295,211,3cde5a54efc749a72ccc8df6b6c492a52f6780b0910c610a0c9ba3ccfae1ec6e,0.15028497150299999,0.75142485751400001,False,,-0.025825106241000002,240,,-0.025825106241000002,240,,-0.025825106241000002,240,,0.092100150869000003,240,,0.092100150869000003,240,
primary,equity,0,170,42000296,212,bccaab5a5a50c3f6ae0ca63a1748280b1d5cb9c9cf63cde6584152a19d5c56d8,0.056594340565999997,0.28297170283,False,,0.072621065063999998,240,,0.072621065063999998,240,,0.072621065063999998,240,,0.123839591561,240,,0.123839591561,240,
primary,equity,0,171,42000297,213,8abbee88edd51afa2314dce3868f2b3c7d99eacb04e040d5ee1933ee991a8b3b,0.122487751225,0.61243875612400001,False,,0.049867364018000002,240,,0.049867364018000002,240,,0.049867364018000002,240,,0.1021330196,240,,0.1021330196,240,
primary,equity,0,172,42000298,214,45c5f36bec2e3368e9908a111d938008980db693f300cb396576a3d3b5600585,0.062793720627999997,0.31396860314000002,False,,-0.118026685282,240,,-0.118026685282,240,,-0.118026685282,240,,0.121542464955,240,,0.121542464955,240,
primary,equity,0,173,42000299,215,48fbcf60a6bb2d4b4f38dd5c8bc637da9abc4963ea5171ee23ca64efb7ce20cb,0.12988701129899999,0.64943505649400002,False,,0.060705191988,240,,0.060705191988,240,,0.060705191988,240,,0.096038390754000003,240,,0.096038390754000003,240,
primary,equity,0,174,42000300,216,8369dbac5dd962aacb909fdeaa91be1d447e0f2135d7e7a5da7945d7fe695666,0.078892110789000006,0.39446055394500001,False,,-0.15044584038,240,,-0.15044584038,240,,-0.15044584038,240,,0.11388480893400001,240,,0.11388480893400001,240,
primary,equity,0,175,42000301,217,d594aecb7022e595ac30a3e379cef54399f86a22d52c85459a037e75debad599,0.16158384161600001,0.80791920807899997,False,,-0.013744284314,240,,-0.013744284314,240,,-0.013744284314,240,,0.090225058974000003,240,,0.090225058974000003,240,
primary,equity,0,176,42000302,218,d142818a63f8be862540dbd34679d6ed6c00941ee96e23d5eb8abae33e4b374b,0.086291370862999997,0.43145685431500003,False,,-0.011166165436,240,,-0.011166165436,240,,-0.011166165436,240,,0.11188494624799999,240,,0.11188494624799999,240,
primary,equity,0,177,42000303,219,e4623912972b849229beb9c0bd446f35da5af5a768747c68e8a960d0989bd662,0.167283271673,0.83641635836399997,False,,-0.053798290233999999,240,,-0.053798290233999999,240,,-0.053798290233999999,240,,0.089787318973999997,240,,0.089787318973999997,240,
primary,equity,0,178,42000304,220,72a2aaa88b4d2e8609e95ebb2a7627d23715333e52ab37f6dd2c8d90515ea27b,0.165483451655,0.82741725827400003,False,,0.100367954846,240,,0.100367954846,240,,0.100367954846,240,,0.090576421443000002,240,,0.090576421443000002,240,
primary,equity,0,179,42000305,221,fdf2450348e7335d5cc1f51718a949ce37d9069c4df3fb8e67737ad9602554a3,0.18648135186500001,0.93240675932399997,False,,0.031411948368000001,240,,0.031411948368000001,240,,0.031411948368000001,240,,0.085919364661000003,240,,0.085919364661000003,240,
primary,equity,0,180,42000306,222,a776fb45d3270e8dfd6c03f6c6f6ed0825ea037305ce2aed6366d93b39d259b2,0.171782821718,0.85891410858899997,False,,-0.026778419937999998,240,,-0.026778419937999998,240,,-0.026778419937999998,240,,0.089654506782999993,240,,0.089654506782999993,240,
primary,equity,0,181,42000307,223,c620d5b2b70c66397c9902dc8ace3cc5e1814b4e25b1c6ad73acf542e3dc4728,0.193180681932,0.96590340965900001,False,,0.046593802916000002,240,,0.046593802916000002,240,,0.046593802916000002,240,,0.084473937112999997,240,,0.084473937112999997,240,
primary,equity,0,182,42000308,224,064d1237aa4d7842c939b024885a967243a4abfb22024b0d56666f0649228bdf,0.167683231677,0.83841615838399997,False,,-0.015041209951999999,240,,-0.015041209951999999,240,,-0.015041209951999999,240,,0.090443670246999994,240,,0.090443670246999994,240,
primary,equity,0,183,42000309,225,cd6bf3a5649c641564836abc2fc9c4e7839a352457f703e9f682e3a7cd3384d2,0.18688131186900001,0.93440655934399997,False,,-0.020074068638000001,240,,-0.020074068638000001,240,,-0.020074068638000001,240,,0.085177222364999999,240,,0.085177222364999999,240,
primary,equity,0,184,42000310,226,77e8c49c772eb030360b7d27d227f57722942b092eac2f6ebb851af0548d9f57,0.144685531447,0.72342765723400004,False,,0.046030152081000003,240,,0.046030152081000003,240,,0.046030152081000003,240,,0.095483526818,240,,0.095483526818,240,
primary,equity,0,185,42000311,227,986759f1e80f23883d87e7eb0054595d0570405361c846b9a22696fafd632246,0.031396860313999998,0.15698430157000001,False,,-0.10361794473499999,240,,-0.10361794473499999,240,,-0.10361794473499999,240,,0.13847491591,240,,0.13847491591,240,
primary,equity,0,186,42000312,228,1ad598643fcc41facdcaf5271b4174f95915c451630d855fefcdd98504dcf7f5,0.214878512149,1,False,,0.0034678060259999998,240,,0.0034678060259999998,240,,0.0034678060259999998,240,,0.080754536180000003,240,,0.080754536180000003,240,
primary,equity,0,187,42000313,229,ba3d5df3509deef87ccab8c3eca712ce118a758014c97778cf87a60f3ca78f30,0.217778222178,1,False,,0.100477172378,240,,0.100477172378,240,,0.100477172378,240,,0.080457528146999996,240,,0.080457528146999996,240,
primary,equity,0,188,42000314,230,7f0f7497c490b99d8398c77d455d8fe2625938cc3d3346733f25c313ff6ea1a1,0.140485951405,0.70242975702400001,False,,-0.0086338069720000004,240,,-0.0086338069720000004,240,,-0.0086338069720000004,240,,0.095499228992999993,240,,0.095499228992999993,240,
primary,equity,0,189,42000315,231,dfc73a48ddbd8758f3b9a08e33e50db1bcbee7f18ded11e4504bbe7915ecf365,0.166683331667,0.83341665833400003,False,,0.0014466311519999999,240,,0.0014466311519999999,240,,0.0014466311519999999,240,,0.089873266423999995,240,,0.089873266423999995,240,
primary,equity,0,190,42000316,232,1a0b480b93fd92c6a313c9e46dc5028f4882d1d50d98be43e7550c289b8b2956,0.15728427157300001,0.78642135786400003,False,,0.040162769192999999,240,,0.040162769192999999,240,,0.040162769192999999,240,,0.093350355920000003,240,,0.093350355920000003,240,
primary,equity,0,191,42000317,233,698332a8507e0e673a551d774ccfb65f47e6639a1d32ea1a2cf16b5f1743dfab,0.15538446155399999,0.77692230776899995,False,,0.005930822788,240,,0.005930822788,240,,0.005930822788,240,,0.091060880563999996,240,,0.091060880563999996,240,
primary,equity,0,192,42000318,234,7116d0850eca15f94aed6d4506a97d450c6d9498a83fa83e79574376275b58da,0.18458154184600001,0.92290770922900001,False,,0.014720977446,240,,0.014720977446,240,,0.014720977446,240,,0.086481791192999993,240,,0.086481791192999993,240,
primary,equity,0,193,42000319,235,6f63c17771571a2e1e1bc9ef6d38680f3d4b02a1e5212054575a78097b906c3c,0.212778722128,1,False,,0.0047588003719999999,240,,0.0047588003719999999,240,,0.0047588003719999999,240,,0.080856058868,240,,0.080856058868,240,
primary,equity,0,194,42000320,236,6236384dcbb5596216974bebe88bfc2bde37fe774d76aefadfd9b9b5361a56f7,0.19728027197299999,0.98640135986400002,False,,0.088702572534000004,240,,0.088702572534000004,240,,0.088702572534000004,240,,0.083356572643999996,240,,0.083356572643999996,240,
primary,equity,0,195,42000321,237,d04240f1921065aaf528500ec5b7360f29c22a3fe3479763e09da9a99e9a24b6,0.12408759124099999,0.620437956204,False,,-0.016721093637000001,240,,-0.016721093637000001,240,,-0.016721093637000001,240,,0.099366900859000004,240,,0.099366900859000004,240,
primary,equity,0,196,42000322,238,e736b9f64acda534ac333992291455bae96206cd609fdf9c3d1b3252e7441253,0.16698330167,0.834916508349,False,,0.034849771619999997,240,,0.034849771619999997,240,,0.034849771619999997,240,,0.089701374821999996,240,,0.089701374821999996,240,
primary,equity,0,197,42000323,239,ee2733d6723c38d347115e03a468ddd8c2439dca28fa042040d42de31ad76414,0.219578042196,1,False,,-0.010079226278,240,,-0.010079226278,240,,-0.010079226278,240,,0.080590463976999996,240,,0.080590463976999996,240,
primary,equity,0,198,42000324,240,8f309a8ca95eb6d1fd51b42c3a4a6778332d197a84b130d19287b752d6f5a25a,0.11328867113299999,0.56644335566399995,False,,0.016641943869,240,,0.016641943869,240,,0.016641943869,240,,0.103008288589,240,,0.103008288589,240,
primary,equity,0,199,42000325,241,969dada90977d156111bff5296191304cd0ab45cbcda13620ca4246a3a2e2501,0.22227777222299999,1,False,,-0.021495609006000001,240,,-0.021495609006000001,240,,-0.021495609006000001,240,,0.080621639913999996,240,,0.080621639913999996,240,
primary,equity,0.10000000000000001,0,42010133,42,6f52071b163dea09ced56adabf6381b9941c99b17064d8f44675ff6f9c176638,0.075692430756999995,0.37846215378499998,False,,0.12456823593999999,240,1.2456823593949999,0.12456823593999999,240,1.2456823593949999,0.12456823593999999,240,1.2456823593949999,0.116002328212,240,1.160023282117,0.116002328212,240,1.160023282117
primary,equity,0.10000000000000001,1,42010134,43,b2fc01cc392ca24e231c55a83dfb8e852965a1df4cba75262a76c4185ebe549f,0.056894310569000003,0.28447155284499998,False,,0.10206427484699999,240,1.0206427484730001,0.10206427484699999,240,1.0206427484730001,0.10206427484699999,240,1.0206427484730001,0.124832221873,240,1.24832221873,0.124832221873,240,1.24832221873
primary,equity,0.10000000000000001,2,42010135,44,92bf18706e7c6e76baa42f932cdd12ce9386ff925db110014dc3afeef6a8b399,0.030396960303999999,0.15198480151999999,False,,0.183701455412,240,1.8370145541239999,0.183701455412,240,1.8370145541239999,0.183701455412,240,1.8370145541239999,0.13997489937999999,240,1.3997489937980001,0.13997489937999999,240,1.3997489937980001
primary,equity,0.10000000000000001,3,42010136,45,c129dfd68f47ec06d3fa616706323b55be9fb68b529f24ec3b511f68caf8807b,0.15228477152299999,0.761423857614,False,,0.067519696631000006,240,0.67519696631299997,0.067519696631000006,240,0.67519696631299997,0.067519696631000006,240,0.67519696631299997,0.093452057381,240,0.93452057380800002,0.093452057381,240,0.93452057380800002
primary,equity,0.10000000000000001,4,42010137,46,0fb1cf4098762ccb1d740b4fda876e48d18353eb267328def399285d277a743f,0.024197580242,0.12098790121,False,,0.233317991452,240,2.3331799145219998,0.233317991452,240,2.3331799145219998,0.233317991452,240,2.3331799145219998,0.14580395842900001,240,1.458039584292,0.14580395842900001,240,1.458039584292
primary,equity,0.10000000000000001,5,42010138,47,e6352ebe0bdae0142b75bbfe9ffa59ca40d8ab8c5cf5672775a406bed279b15f,0.171182881712,0.85591440855900003,False,,0.105423910885,240,1.054239108849,0.105423910885,240,1.054239108849,0.105423910885,240,1.054239108849,0.089130897363999997,240,0.89130897364299999,0.089130897363999997,240,0.89130897364299999
primary,equity,0.10000000000000001,6,42010139,48,7e52c3e5f08e2cdb7850b217cc2dd8badb695354d9bdc1ad0d7529097c116b81,0.18558144185600001,0.92790720927899994,False,,0.143054680076,240,1.4305468007569999,0.143054680076,240,1.4305468007569999,0.143054680076,240,1.4305468007569999,0.086114780217999995,240,0.86114780217999998,0.086114780217999995,240,0.86114780217999998
primary,equity,0.10000000000000001,7,42010140,49,d34599ae9a32ba9c080140f7e4742b79f30cdab1e9f2ce73a9ff836a5d6e1374,0.122787721228,0.61393860613899998,False,,0.038928304782000003,240,0.38928304782099998,0.038928304782000003,240,0.38928304782099998,0.038928304782000003,240,0.38928304782099998,0.099898361549000003,240,0.99898361548900005,0.099898361549000003,240,0.99898361548900005
primary,equity,0.10000000000000001,8,42010141,50,856b8f3cefbf0503f937ab4e9191c43ae0047a38d9b4ee863652a9265f9c7293,0.30466953304700001,1,False,,0.18124055736700001,240,1.8124055736739999,0.18124055736700001,240,1.8124055736739999,0.18124055736700001,240,1.8124055736739999,0.066244241255999994,240,0.66244241256000003,0.066244241255999994,240,0.66244241256000003
primary,equity,0.10000000000000001,9,42010142,51,747e00752aaad8b03d0c6ce0cdc58b81c1d79f9f41a8ff818b9a4b45cfac5c6f,0.109389061094,0.546945305469,False,,0.150234934392,240,1.5023493439160001,0.150234934392,240,1.5023493439160001,0.150234934392,240,1.5023493439160001,0.10489137334400001,240,1.048913733439,0.10489137334400001,240,1.048913733439
primary,equity,0.10000000000000001,10,42010143,52,d7a8e97660c7233d4a9ab1c759fa7c0362e37e294eb0fd9e0243da2d0c60dbb1,0.12698730126999999,0.63493650634900001,False,,0.159479238257,240,1.594792382566,0.159479238257,240,1.594792382566,0.159479238257,240,1.594792382566,0.098460531216,240,0.98460531215799996,0.098460531216,240,0.98460531215799996
primary,equity,0.10000000000000001,11,42010144,53,4f5bd6c36b7e72c52dd54f5d5e95f8bfe7cc863ed9a17e66e6a4f004d7d3791d,0.076692330766999994,0.38346165383500003,False,,0.14809430914999999,240,1.480943091503,0.14809430914999999,240,1.480943091503,0.14809430914999999,240,1.480943091503,0.113783455677,240,1.137834556769,0.113783455677,240,1.137834556769
primary,equity,0.10000000000000001,12,42010145,54,eb585abcbc28ce361a5f88880d58df59247a33f01a1137878b1cb3d743486840,0.22877712228800001,1,False,,0.038708794514999999,240,0.387087945145,0.038708794514999999,240,0.387087945145,0.038708794514999999,240,0.387087945145,0.079238663885999996,240,0.792386638857,0.079238663885999996,240,0.792386638857
primary,equity,0.10000000000000001,13,42010146,55,f237bab4da9ba3ab2c4a3f992356cab7978d38082acb4cb2de937c31c66656d1,0.29187081291900002,1,False,,0.13098298995499999,240,1.3098298995540001,0.13098298995499999,240,1.3098298995540001,0.13098298995499999,240,1.3098298995540001,0.069768326642,240,0.69768326642,0.069768326642,240,0.69768326642
primary,equity,0.10000000000000001,14,42010147,56,b97653deab40d186524965724f69fba476860db383c223d626859818b83febe1,0.193480651935,0.96740325967399998,False,,0.10747881983599999,240,1.0747881983600001,0.10747881983599999,240,1.0747881983600001,0.10747881983599999,240,1.0747881983600001,0.084513141262000005,240,0.84513141262299996,0.084513141262000005,240,0.84513141262299996
primary,equity,0.10000000000000001,15,42010148,57,345afac903de3bcab822ac5656380525a595274fdd01794c420c38ab83fce0f9,0.189781021898,0.94890510948899998,False,,-0.045186812771,240,-0.45186812771200002,-0.045186812771,240,-0.45186812771200002,-0.045186812771,240,-0.45186812771200002,0.085161635402999994,240,0.85161635403199998,0.085161635402999994,240,0.85161635403199998
primary,equity,0.10000000000000001,16,42010149,58,efc8474fc92af01d94de8de971674185e36a681eed66f51b6eee0c1c2134b2b0,0.20787921207900001,1,False,,0.152416230051,240,1.5241623005139999,0.152416230051,240,1.5241623005139999,0.152416230051,240,1.5241623005139999,0.081777906853000001,240,0.81777906853399995,0.081777906853000001,240,0.81777906853399995
primary,equity,0.10000000000000001,17,42010150,59,4d3802013995fc02f1d066f272702aee810c429972c29170898d759e6cf2d2ab,0.12888711128899999,0.64443555644399997,False,,0.081443573620000001,240,0.814435736199,0.081443573620000001,240,0.814435736199,0.081443573620000001,240,0.814435736199,0.099656055056999995,240,0.99656055057299997,0.099656055056999995,240,0.99656055057299997
primary,equity,0.10000000000000001,18,42010151,60,02b6c16711dd692858228ac01a6e9e396a1be4b6e13f6ef5500035a121dcb7a5,0.15278472152799999,0.76392360763900002,False,,0.071894741986999994,240,0.71894741987400002,0.071894741986999994,240,0.71894741987400002,0.071894741986999994,240,0.71894741987400002,0.092615915428000004,240,0.92615915427999995,0.092615915428000004,240,0.92615915427999995
primary,equity,0.10000000000000001,19,42010152,61,fa449da4d5cd25017d06ec68d8f4e979a20b6b8f2042c95a47867db9660ac12a,0.23177682231800001,1,False,,0.057750853030999999,240,0.57750853031100002,0.057750853030999999,240,0.57750853031100002,0.057750853030999999,240,0.57750853031100002,0.076863379373000001,240,0.76863379372899998,0.076863379373000001,240,0.76863379372899998
primary,equity,0.10000000000000001,20,42010153,62,906b9eb43fd1618e4175df4b31fcd97444a1d558aee683f771a853cd39ad9927,0.098090190980999997,0.49045095490500001,False,,0.069362686485000005,240,0.69362686485299996,0.069362686485000005,240,0.69362686485299996,0.069362686485000005,240,0.69362686485299996,0.106797777821,240,1.067977778205,0.106797777821,240,1.067977778205
primary,equity,0.10000000000000001,21,42010154,63,76307f0d616f772808e6cbf9fd5069e22a392a852ed5fda9fdcce7e9f1d79e8a,0.116088391161,0.58044195580400004,False,,0.18721056122599999,240,1.872105612258,0.18721056122599999,240,1.872105612258,0.18721056122599999,240,1.872105612258,0.102343909653,240,1.0234390965339999,0.102343909653,240,1.0234390965339999
primary,equity,0.10000000000000001,22,42010155,64,4aaf820da603c68a2176dcb9b5f53b06671cda050930d6b2988517ea097b2f1c,0.216078392161,1,False,,0.045944717138000003,240,0.45944717138399999,0.045944717138000003,240,0.45944717138399999,0.045944717138000003,240,0.45944717138399999,0.078480734790999998,240,0.78480734790600004,0.078480734790999998,240,0.78480734790600004
primary,equity,0.10000000000000001,23,42010156,65,86f6ba3cfe00ad7c638af8e348083fefd4a16765c7052f9c17ebbab29ecbb7ae,0.13568643135700001,0.67843215678400004,False,,0.076419408416999998,240,0.76419408417000001,0.076419408416999998,240,0.76419408417000001,0.076419408416999998,240,0.76419408417000001,0.096851224525000001,240,0.96851224525000001,0.096851224525000001,240,0.96851224525000001
primary,equity,0.10000000000000001,24,42010157,66,ceb461deb8fb4edf45bb955e9c23d6d918fbae5f0f572e774e44a4d62a0fcec1,0.15778422157800001,0.78892110788900005,False,,0.112627415684,240,1.1262741568429999,0.112627415684,240,1.1262741568429999,0.112627415684,240,1.1262741568429999,0.093006451823999997,240,0.93006451823500003,0.093006451823999997,240,0.93006451823500003
primary,equity,0.10000000000000001,25,42010158,67,130adfa41cbcdf73c77f8c4396473cc6090e4af5ca5bbb72e7f90b6436e9e58b,0.039396060394000003,0.19698030196999999,False,,0.13555328711600001,240,1.355532871156,0.13555328711600001,240,1.355532871156,0.13555328711600001,240,1.355532871156,0.13445863571200001,240,1.344586357119,0.13445863571200001,240,1.344586357119
primary,equity,0.10000000000000001,26,42010159,68,f2b33e41dd3b75eaafa83d9e8a7a7b4736d0c2a28badf845c884a6a24550de38,0.139786021398,0.69893010698900004,False,,0.062438831695000002,240,0.62438831694999997,0.062438831695000002,240,0.62438831694999997,0.062438831695000002,240,0.62438831694999997,0.094670912667000007,240,0.94670912666600004,0.094670912667000007,240,0.94670912666600004
primary,equity,0.10000000000000001,27,42010160,69,352742118308782d80783a9d66b5c4d18cf3ee3169bd50896479aa118bada8c0,0.24427557244299999,1,False,,0.064033513794999997,240,0.64033513795100006,0.064033513794999997,240,0.64033513795100006,0.064033513794999997,240,0.64033513795100006,0.075910162022999994,240,0.75910162023100003,0.075910162022999994,240,0.75910162023100003
primary,equity,0.10000000000000001,28,42010161,70,50d6a592ef7f9d1c5b5a5c140236cac7303d3bd0cb5a2b03a508d5f205ddbd14,0.071392860714,0.35696430356999997,False,,0.046452560089999997,240,0.46452560090400002,0.046452560089999997,240,0.46452560090400002,0.046452560089999997,240,0.46452560090400002,0.115314710882,240,1.153147108819,0.115314710882,240,1.153147108819
primary,equity,0.10000000000000001,29,42010162,71,1534a612c2ed528e514da40bf9c51683fdae50f329724c2e7bbbaf0503e3624d,0.141485851415,0.70742925707399995,False,,0.121121801815,240,1.2112180181479999,0.121121801815,240,1.2112180181479999,0.121121801815,240,1.2112180181479999,0.096046190737000006,240,0.96046190737299997,0.096046190737000006,240,0.96046190737299997
primary,equity,0.10000000000000001,30,42010163,72,e69d5253bb4b01975f46c47c231bb6e3b5b0efa5acbef586506fdce18fd475f1,0.15218478152199999,0.76092390760899997,False,,0.111416096252,240,1.1141609625190001,0.111416096252,240,1.1141609625190001,0.111416096252,240,1.1141609625190001,0.091115673140000006,240,0.91115673140099995,0.091115673140000006,240,0.91115673140099995
primary,equity,0.10000000000000001,31,42010164,73,4e71d5244ca98dc409f11fa3c281c48bb5d828baf2b57e0959563ed0300c48d9,0.090690930907000006,0.453454654535,False,,0.18146705379799999,240,1.814670537976,0.18146705379799999,240,1.814670537976,0.18146705379799999,240,1.814670537976,0.110665589079,240,1.1066558907890001,0.110665589079,240,1.1066558907890001
primary,equity,0.10000000000000001,32,42010165,74,6b3fa787643ed91a41d90551e767c358edd6de4d3ed12759065f4190a3f0c3b9,0.097390260973999998,0.48695130486999999,False,,0.15236123653799999,240,1.523612365385,0.15236123653799999,240,1.523612365385,0.15236123653799999,240,1.523612365385,0.106915282566,240,1.06915282566,0.106915282566,240,1.06915282566
primary,equity,0.10000000000000001,33,42010166,75,ed94420631d82690afc646ea2d9f55dc22436ba7c29eb7e32fbc4dc5938a8cd6,0.235776422358,1,False,,-0.081513570517000006,240,-0.81513570517300005,-0.081513570517000006,240,-0.81513570517300005,-0.081513570517000006,240,-0.81513570517300005,0.075730352294000006,240,0.75730352293600001,0.075730352294000006,240,0.75730352293600001
primary,equity,0.10000000000000001,34,42010167,76,e790f094436fd23a5b27bd2be415813c502aa34205da96bb83893148bb9e7c69,0.094690530947000001,0.47345265473499998,False,,0.116292254284,240,1.1629225428450001,0.116292254284,240,1.1629225428450001,0.116292254284,240,1.1629225428450001,0.109564025513,240,1.0956402551290001,0.109564025513,240,1.0956402551290001
primary,equity,0.10000000000000001,35,42010168,77,3a12d5ab4a17ddf46592e2054b110a7587da145b784e729a9f6a8bd1d47b5733,0.13658634136600001,0.68293170682899995,False,,0.064072078500999996,240,0.64072078501200003,0.064072078500999996,240,0.64072078501200003,0.064072078500999996,240,0.64072078501200003,0.095381969693999993,240,0.95381969693699997,0.095381969693999993,240,0.95381969693699997
primary,equity,0.10000000000000001,36,42010169,78,6b3f625824557950da3ef2dac965a8310da5518e37d07d23a90b91f79173bc8c,0.15728427157300001,0.78642135786400003,False,,0.030904050648999998,240,0.30904050648800002,0.030904050648999998,240,0.30904050648800002,0.030904050648999998,240,0.30904050648800002,0.090388948556999998,240,0.903889485572,0.090388948556999998,240,0.903889485572
primary,equity,0.10000000000000001,37,42010170,79,a30b3f6ee9289714351048426a3c643b0396bfc47716d52490fb59032b7cc2a0,0.034896510349000001,0.17448255174499999,False,,0.20754157523299999,240,2.0754157523300001,0.20754157523299999,240,2.0754157523300001,0.20754157523299999,240,2.0754157523300001,0.135583459653,240,1.355834596527,0.135583459653,240,1.355834596527
primary,equity,0.10000000000000001,38,42010171,80,a22e2e114b7df0a19b8a6597363c6cbd9e6910a5c54d163813b18ca3f356dfb6,0.13838616138400001,0.691930806919,False,,0.061539948998999998,240,0.615399489987,0.061539948998999998,240,0.615399489987,0.061539948998999998,240,0.615399489987,0.095702325290000001,240,0.95702325290000001,0.095702325290000001,240,0.95702325290000001
primary,equity,0.10000000000000001,39,42010172,81,b80c197b22c96c18658d7794c627fb40179238204c50f1e705e526d0c45c9c99,0.12678732126799999,0.63393660633899995,False,,0.056822211210000001,240,0.56822211210499995,0.056822211210000001,240,0.56822211210499995,0.056822211210000001,240,0.56822211210499995,0.098796532204000004,240,0.987965322044,0.098796532204000004,240,0.987965322044
primary,equity,0.10000000000000001,40,42010173,82,427abcad7230d7cc01ab0eb61a4197d706c17c5a39db260683d9f1d3e8cc2094,0.143285671433,0.716428357164,False,,0.045812477168,240,0.45812477168100002,0.045812477168,240,0.45812477168100002,0.045812477168,240,0.45812477168100002,0.095850803570999996,240,0.95850803571200005,0.095850803570999996,240,0.95850803571200005
primary,equity,0.10000000000000001,41,42010174,83,15059d41a8c0138b2e3545fb4eafe1b050246f44fcc855e4101d6dcb11c1cd8f,0.12598740125999999,0.62993700629899996,False,,0.051679719749,240,0.51679719748599995,0.051679719749,240,0.51679719748599995,0.051679719749,240,0.51679719748599995,0.097843216676000003,240,0.97843216676,0.097843216676000003,240,0.97843216676
primary,equity,0.10000000000000001,42,42010175,84,bd64d355158b7ad552dd83b1e6e816e86fb5fd657a3363b3fe1fad3acbec0c25,0.165783421658,0.828917108289,False,,0.062542296708999995,240,0.62542296708800005,0.062542296708999995,240,0.62542296708800005,0.062542296708999995,240,0.62542296708800005,0.088615271647000005,240,0.88615271647100002,0.088615271647000005,240,0.88615271647100002
primary,equity,0.10000000000000001,43,42010176,85,90c92f1829523a57f14976bc733fe5f19d9ba0fe7eb6562495a1d2acc4c33609,0.119188081192,0.595940405959,False,,0.036123195283000002,240,0.36123195283199999,0.036123195283000002,240,0.36123195283199999,0.036123195283000002,240,0.36123195283199999,0.101023444308,240,1.0102344430770001,0.101023444308,240,1.0102344430770001
primary,equity,0.10000000000000001,44,42010177,86,e80e09e99c782327e1d83122701b0d4979c97fd507deb5ce85bb71a78144ab55,0.12428757124299999,0.62143785621400005,False,,0.103056041517,240,1.0305604151700001,0.103056041517,240,1.0305604151700001,0.103056041517,240,1.0305604151700001,0.100335855369,240,1.0033585536909999,0.100335855369,240,1.0033585536909999
primary,equity,0.10000000000000001,45,42010178,87,a4c39342257f82d131ee6cc7bcfac1d094cebd043fe045788eb0d4f1a0657cda,0.142185781422,0.71092890710900003,False,,0.18322427186099999,240,1.832242718611,0.18322427186099999,240,1.832242718611,0.18322427186099999,240,1.832242718611,0.095819448493999995,240,0.95819448494100001,0.095819448493999995,240,0.95819448494100001
primary,equity,0.10000000000000001,46,42010179,88,a19349b889b421172ee0d9e4cca638644b84bdb6e485f42d5a6b4da82a15dcd7,0.22337766223399999,1,False,,0.20610462228000001,240,2.061046222801,0.20610462228000001,240,2.061046222801,0.20610462228000001,240,2.061046222801,0.078144615474999998,240,0.78144615474800005,0.078144615474999998,240,0.78144615474800005
primary,equity,0.10000000000000001,47,42010180,89,5d93b683dce7b889450eca91b32c7d9809846cd4e3e406ec601341c207890a8a,0.119888011199,0.59944005599399997,False,,0.115151238191,240,1.1515123819140001,0.115151238191,240,1.1515123819140001,0.115151238191,240,1.1515123819140001,0.10276587750799999,240,1.0276587750749999,0.10276587750799999,240,1.0276587750749999
primary,equity,0.10000000000000001,48,42010181,90,b015029a30107e0f22d0935177c170a0bd94eef3a6d11ce1e69c7270cfdb2670,0.188381161884,0.94190580941900004,False,,0.047701892523999999,240,0.47701892523599998,0.047701892523999999,240,0.47701892523599998,0.047701892523999999,240,0.47701892523599998,0.085692724075999996,240,0.85692724076299998,0.085692724075999996,240,0.85692724076299998
primary,equity,0.10000000000000001,49,42010182,91,c38e1271cbaf551ec88d0d593ca62c92cb83f706cd2676dd02199d9b0bbb4b01,0.081291870813000003,0.406459354065,False,,0.050649149886,240,0.506491498865,0.050649149886,240,0.506491498865,0.050649149886,240,0.506491498865,0.114095994255,240,1.140959942551,0.114095994255,240,1.140959942551
primary,equity,0.10000000000000001,50,42010183,92,bf9eeaa14906b39e17c19118a189158888387eab92f8ccd67b46d99be17f2c37,0.27777222277800001,1,False,,0.072668821472000003,240,0.72668821472099998,0.072668821472000003,240,0.72668821472099998,0.072668821472000003,240,0.72668821472099998,0.070541769613999994,240,0.70541769613899996,0.070541769613999994,240,0.70541769613899996
primary,equity,0.10000000000000001,51,42010184,93,a1b41bc0f5ba151392bb034489f0dbbd1e6b67c124816ff7eb460a4093c75404,0.090890910909000006,0.454454554545,False,,0.011495247667999999,240,0.114952476683,0.011495247667999999,240,0.114952476683,0.011495247667999999,240,0.114952476683,0.109376975199,240,1.093769751987,0.109376975199,240,1.093769751987
primary,equity,0.10000000000000001,52,42010185,94,19915a2aa789da9ed9be7da1b4ce186ed57d8a9b690d4993ef2208ec700529a6,0.145685431457,0.72842715728399998,False,,0.144360411479,240,1.443604114787,0.144360411479,240,1.443604114787,0.144360411479,240,1.443604114787,0.095874793875000003,240,0.95874793874999997,0.095874793875000003,240,0.95874793874999997
primary,equity,0.10000000000000001,53,42010186,95,1e71ff9e93bee925b3e48bfb0551a18f757e5d8d370ba039d7e9dbf2dc2d3002,0.104689531047,0.52344765523400005,False,,0.101227553347,240,1.012275533473,0.101227553347,240,1.012275533473,0.101227553347,240,1.012275533473,0.104055104638,240,1.0405510463800001,0.104055104638,240,1.0405510463800001
primary,equity,0.10000000000000001,54,42010187,96,90424816961d650f529a9fd9b2f2fd878973fb5612bfd4ef1723c4c392c97302,0.085291470852999998,0.42645735426499998,False,,0.12994321941600001,240,1.2994321941560001,0.12994321941600001,240,1.2994321941560001,0.12994321941600001,240,1.2994321941560001,0.11219735953899999,240,1.1219735953879999,0.11219735953899999,240,1.1219735953879999
primary,equity,0.10000000000000001,55,42010188,97,d57f982cbb2f3cf7741251baf164f30ee5ff761d93fa01293dde39ef4b190a0b,0.140285971403,0.70142985701399996,False,,0.063744500637000004,240,0.63744500637299994,0.063744500637000004,240,0.63744500637299994,0.063744500637000004,240,0.63744500637299994,0.094842696564999995,240,0.94842696565399998,0.094842696564999995,240,0.94842696565399998
primary,equity,0.10000000000000001,56,42010189,98,15851d1ce45e3d3e69f785b139b0d2cf3fa8d456ac93fc22409aad0f908ada2d,0.015998400159999999,0.079992000800000004,False,,0.26160453334,240,2.6160453333959999,0.26160453334,240,2.6160453333959999,0.26160453334,240,2.6160453333959999,0.15618884995499999,240,1.5618884995460001,0.15618884995499999,240,1.5618884995460001
primary,equity,0.10000000000000001,57,42010190,99,9e0c15e2a5a7e71d55e96c1130760e499aed588f984df9117b46507a4e9c3951,0.073292670732999998,0.36646335366499999,False,,0.20982449285900001,240,2.098244928587,0.20982449285900001,240,2.098244928587,0.20982449285900001,240,2.098244928587,0.116221281096,240,1.1622128109550001,0.116221281096,240,1.1622128109550001
primary,equity,0.10000000000000001,58,42010191,100,6714448058f28128807ee790de19a272ebef5c0a20fb5ab0909ef5612f513bfa,0.28427157284299998,1,False,,0.055485854842999997,240,0.55485854842600002,0.055485854842999997,240,0.55485854842600002,0.055485854842999997,240,0.55485854842600002,0.069924763530999995,240,0.69924763530900003,0.069924763530999995,240,0.69924763530900003
primary,equity,0.10000000000000001,59,42010192,101,48cf76693ed68614d27f3e70c3abdfad31ae77ead6f8d69e94c73e42d12b1b42,0.12768723127699999,0.63843615638399998,False,,0.121855618066,240,1.218556180659,0.121855618066,240,1.218556180659,0.121855618066,240,1.218556180659,0.099538866645000001,240,0.99538866644900004,0.099538866645000001,240,0.99538866644900004
primary,equity,0.10000000000000001,60,42010193,102,8de8395ffb1152ad23ba405e60963ae3817b2193787eb11d3447efa3b652200f,0.140385961404,0.70192980701899998,False,,0.11233067947399999,240,1.1233067947440001,0.11233067947399999,240,1.1233067947440001,0.11233067947399999,240,1.1233067947440001,0.095764838719999995,240,0.95764838720500001,0.095764838719999995,240,0.95764838720500001
primary,equity,0.10000000000000001,61,42010194,103,79d52c4eb9c227156ef2b2e9b25565dfac6122bef09794adf07cf146c370d30c,0.13448655134500001,0.67243275672400005,False,,0.077825314933000003,240,0.77825314932800005,0.077825314933000003,240,0.77825314932800005,0.077825314933000003,240,0.77825314932800005,0.096038240922000001,240,0.96038240921700002,0.096038240922000001,240,0.96038240921700002
primary,equity,0.10000000000000001,62,42010195,104,801320e354dca239f876a678249c2782558efc064f86405910a7df39852b8390,0.120287971203,0.60143985601399996,False,,0.090967904638999994,240,0.90967904639300001,0.090967904638999994,240,0.90967904639300001,0.090967904638999994,240,0.90967904639300001,0.099202971161999998,240,0.99202971161800002,0.099202971161999998,240,0.99202971161800002
primary,equity,0.10000000000000001,63,42010196,105,f40159838284331503788ce6bb2cb44f42e6e4b931d62e8f64a04a774b958fbc,0.025897410259000001,0.12948705129499999,False,,0.213933639446,240,2.1393363944599999,0.213933639446,240,2.1393363944599999,0.213933639446,240,2.1393363944599999,0.145234042935,240,1.452340429348,0.145234042935,240,1.452340429348
primary,equity,0.10000000000000001,64,42010197,106,ce8c042cf687d08e6947570f493f00ecb3c79dedc0dbfa7408b5429da0ad07bd,0.19718028197199999,0.98590140985899999,False,,0.094157323424000003,240,0.94157323423899997,0.094157323424000003,240,0.94157323423899997,0.094157323424000003,240,0.94157323423899997,0.083317317572999997,240,0.83317317573000005,0.083317317572999997,240,0.83317317573000005
primary,equity,0.10000000000000001,65,42010198,107,ac18d7848b8e25c8b136f9927b2da2e933273cd480d9d172b30d4e88d2d7e19b,0.18078192180800001,0.90390960903899997,False,,0.107620160657,240,1.076201606568,0.107620160657,240,1.076201606568,0.107620160657,240,1.076201606568,0.085700584139000002,240,0.85700584139000002,0.085700584139000002,240,0.85700584139000002
primary,equity,0.10000000000000001,66,42010199,108,b1d7a25fbbd606f70a84426572cf02df69cdab74a50d76b616836cb4119d4ba2,0.13198680132000001,0.65993400659900003,False,,0.053805824622000002,240,0.53805824622300003,0.053805824622000002,240,0.53805824622300003,0.053805824622000002,240,0.53805824622300003,0.097124592474000002,240,0.97124592473600002,0.097124592474000002,240,0.97124592473600002
primary,equity,0.10000000000000001,67,42010200,109,4136e483d8e2a5ab21017eba26d6316202152c85d769823245945b2b862620cd,0.032596740325999997,0.16298370163000001,False,,0.17729409804099999,240,1.7729409804130001,0.17729409804099999,240,1.7729409804130001,0.17729409804099999,240,1.7729409804130001,0.13809209523999999,240,1.3809209523979999,0.13809209523999999,240,1.3809209523979999
primary,equity,0.10000000000000001,68,42010201,110,9dc1117740d28212c75795ae3e1790efd3f4273000fa944355f88e245f55dc54,0.106689331067,0.53344665533400004,False,,0.15816645823,240,1.581664582303,0.15816645823,240,1.581664582303,0.15816645823,240,1.581664582303,0.104945944652,240,1.0494594465189999,0.104945944652,240,1.0494594465189999
primary,equity,0.10000000000000001,69,42010202,111,80ad57c484db29550be3ad256b997a5781fc3faa3e63a1dba0ea036af8c16155,0.169283071693,0.84641535846399996,False,,0.110831040912,240,1.10831040912,0.110831040912,240,1.10831040912,0.110831040912,240,1.10831040912,0.089459088111999999,240,0.89459088112200003,0.089459088111999999,240,0.89459088112200003
primary,equity,0.10000000000000001,70,42010203,112,9a8ccabd9508f3574efa655a7cc7bcd384e0e49fd02def48dde9ca24ffb5517f,0.17598240175999999,0.879912008799,False,,0.0082197292209999998,240,0.082197292206,0.0082197292209999998,240,0.082197292206,0.0082197292209999998,240,0.082197292206,0.088787125699999997,240,0.887871256996,0.088787125699999997,240,0.887871256996
primary,equity,0.10000000000000001,71,42010204,113,600c1dd34b0325e027100e220988ffcc1806bbe80dc6b14893c80465058f4f1b,0.031196880311999999,0.15598440156000001,False,,0.16067520500099999,240,1.6067520500100001,0.16067520500099999,240,1.6067520500100001,0.16067520500099999,240,1.6067520500100001,0.13981933382699999,240,1.398193338265,0.13981933382699999,240,1.398193338265
primary,equity,0.10000000000000001,72,42010205,114,9a69ccb8e672f7dac8553fe102967306949e9b3720e112601cb6ed786fba603e,0.33866613338700002,1,False,,0.030232489009999999,240,0.30232489010199998,0.030232489009999999,240,0.30232489010199998,0.030232489009999999,240,0.30232489010199998,0.061704043365000003,240,0.61704043365200001,0.061704043365000003,240,0.61704043365200001
primary,equity,0.10000000000000001,73,42010206,115,0b06ab840dc857ed4833c9755fba6db52ffabe406981d52c2c43696cba2df120,0.146585341466,0.732926707329,False,,0.0041578609699999998,240,0.041578609704,0.0041578609699999998,240,0.041578609704,0.0041578609699999998,240,0.041578609704,0.094905441704999996,240,0.94905441704899995,0.094905441704999996,240,0.94905441704899995
primary,equity,0.10000000000000001,74,42010207,116,95f938a0849b816838faa53bf0c7a026d9b10b64b7cd796eb9a80e284fafd285,0.099490050994999996,0.49745025497500001,False,,0.17573872742800001,240,1.757387274279,0.17573872742800001,240,1.757387274279,0.17573872742800001,240,1.757387274279,0.107844812207,240,1.0784481220740001,0.107844812207,240,1.0784481220740001
primary,equity,0.10000000000000001,75,42010208,117,f9e6d185a0fc56d29f253afaa63c367a1d972d10da73cec7059bc6ed197ca203,0.116088391161,0.58044195580400004,False,,0.068988155043000002,240,0.68988155043099997,0.068988155043000002,240,0.68988155043099997,0.068988155043000002,240,0.68988155043099997,0.100867207806,240,1.0086720780580001,0.100867207806,240,1.0086720780580001
primary,equity,0.10000000000000001,76,42010209,118,fab8764496aca0b3445d19c17188af3dcd632f7db0becb7e78f917578bb13b0b,0.139386061394,0.69693030696900005,False,,0.17484176929,240,1.7484176928990001,0.17484176929,240,1.7484176928990001,0.17484176929,240,1.7484176928990001,0.095725589511000006,240,0.95725589511200004,0.095725589511000006,240,0.95725589511200004
primary,equity,0.10000000000000001,77,42010210,119,bea32c70f22e0ad27db8acab04be89893c66bc4a69283aa5813050191954c4d1,0.120887911209,0.60443955604400001,False,,0.12539600715400001,240,1.253960071541,0.12539600715400001,240,1.253960071541,0.12539600715400001,240,1.253960071541,0.10025780754700001,240,1.002578075467,0.10025780754700001,240,1.002578075467
primary,equity,0.10000000000000001,78,42010211,120,069de8d36d5c793dfb884d44cd75c024e02042db133ecef5388039bc5bb63c6e,0.20937906209400001,1,False,,0.094420950345999996,240,0.94420950345900001,0.094420950345999996,240,0.94420950345900001,0.094420950345999996,240,0.94420950345900001,0.082457983201000007,240,0.82457983201200002,0.082457983201000007,240,0.82457983201200002
primary,equity,0.10000000000000001,79,42010212,121,2123e6c229b017561c95a4506b79339f403a4b50612cd555ad4c1c1800cd330e,0.086591340865999997,0.43295670433,False,,0.212057848578,240,2.120578485777,0.212057848578,240,2.120578485777,0.212057848578,240,2.120578485777,0.11136885876200001,240,1.113688587615,0.11136885876200001,240,1.113688587615
primary,equity,0.10000000000000001,80,42010213,122,6907efd555930a5e43f70a75006d3b7f15c3684b00819809d2dc95ad159d4653,0.35716428357199997,1,False,,0.058939423679999998,240,0.58939423680199998,0.058939423679999998,240,0.58939423680199998,0.058939423679999998,240,0.58939423680199998,0.060212023631999997,240,0.60212023631800005,0.060212023631999997,240,0.60212023631800005
primary,equity,0.10000000000000001,81,42010214,123,d59c4c76fe0cbc96fc57206407cba83e667fd8700a80f6f7eaef6362993df72b,0.13458654134600001,0.67293270672899996,False,,0.119009970213,240,1.190099702133,0.119009970213,240,1.190099702133,0.119009970213,240,1.190099702133,0.098077679589999994,240,0.98077679590099998,0.098077679589999994,240,0.98077679590099998
primary,equity,0.10000000000000001,82,42010215,124,e8242d11d480d546eadae7bb602fddf658ed97829df1af0611902a63d0e331d2,0.18238176182400001,0.91190880911899996,False,,0.106253320364,240,1.062533203643,0.106253320364,240,1.062533203643,0.106253320364,240,1.062533203643,0.087231984597000004,240,0.87231984597199996,0.087231984597000004,240,0.87231984597199996
primary,equity,0.10000000000000001,83,42010216,125,58c9ae4f0fd32f162d34b0af5016e87a6026e01930d25679b4cfa654998c2227,0.34366563343700002,1,False,,0.098476957458000003,240,0.98476957458299996,0.098476957458000003,240,0.98476957458299996,0.098476957458000003,240,0.98476957458299996,0.06160298208,240,0.61602982080099999,0.06160298208,240,0.61602982080099999
primary,equity,0.10000000000000001,84,42010217,126,e0b72674d03f971e0b8f68be5eb8e45818d6a84c29bd418bb06464ac4f9d7032,0.146885311469,0.73442655734399998,False,,0.043678736613999999,240,0.43678736613800001,0.043678736613999999,240,0.43678736613800001,0.043678736613999999,240,0.43678736613800001,0.094631934180999994,240,0.94631934181400001,0.094631934180999994,240,0.94631934181400001
primary,equity,0.10000000000000001,85,42010218,127,3e05ffccc658ff042bd283642103a8262f576c3be989cba219828d1266c1a0c1,0.15218478152199999,0.76092390760899997,False,,0.13396032240899999,240,1.3396032240939999,0.13396032240899999,240,1.3396032240939999,0.13396032240899999,240,1.3396032240939999,0.091537693929999997,240,0.91537693930099995,0.091537693929999997,240,0.91537693930099995
primary,equity,0.10000000000000001,86,42010219,128,d240f26a104c9a2c9627c4d28706b920faa93cd610d42cb7804b89c27eb529e5,0.20567943205700001,1,False,,0.11855217456599999,240,1.1855217456639999,0.11855217456599999,240,1.1855217456639999,0.11855217456599999,240,1.1855217456639999,0.082896008945000002,240,0.82896008944599997,0.082896008945000002,240,0.82896008944599997
primary,equity,0.10000000000000001,87,42010220,129,db6a3f2549a293b6543880066c820fbb5bc0424c6314f42aa11018a96120b2ca,0.169583041696,0.84791520847900004,False,,0.11862099936499999,240,1.1862099936449999,0.11862099936499999,240,1.1862099936449999,0.11862099936499999,240,1.1862099936449999,0.090334234377,240,0.90334234377199996,0.090334234377,240,0.90334234377199996
primary,equity,0.10000000000000001,88,42010221,130,10f83677a1be92ba1021666feba3f93f973cb3489398b7849d0c200f0fb64225,0.024497550244999999,0.122487751225,False,,0.17791894678600001,240,1.7791894678589999,0.17791894678600001,240,1.7791894678589999,0.17791894678600001,240,1.7791894678589999,0.14476489510500001,240,1.4476489510549999,0.14476489510500001,240,1.4476489510549999
primary,equity,0.10000000000000001,89,42010222,131,bf8096faae46db943ab2c63c6bb20432de4bb05c67e721dbf406200c617598fc,0.15708429157100001,0.78542145785399997,False,,0.087741253337999994,240,0.87741253337799996,0.087741253337999994,240,0.87741253337799996,0.087741253337999994,240,0.87741253337799996,0.091631269001000007,240,0.91631269000799997,0.091631269001000007,240,0.91631269000799997
primary,equity,0.10000000000000001,90,42010223,132,7abd67bc3a0b5c100df6bbedd14b923e51a6aafe2c84657717cea8969ebbdd02,0.070692930707000001,0.35346465353500001,False,,0.16644947550399999,240,1.664494755037,0.16644947550399999,240,1.664494755037,0.16644947550399999,240,1.664494755037,0.116768408792,240,1.1676840879149999,0.116768408792,240,1.1676840879149999
primary,equity,0.10000000000000001,91,42010224,133,871f9d29d7f9c8abac708234cea00d3fbc798309d76016d0376614af64414f76,0.139486051395,0.69743025697399996,False,,0.082490464585000006,240,0.82490464585300005,0.082490464585000006,240,0.82490464585300005,0.082490464585000006,240,0.82490464585300005,0.095327164662000002,240,0.95327164661800001,0.095327164662000002,240,0.95327164661800001
primary,equity,0.10000000000000001,92,42010225,134,7b154f5dc855af774f1b746ede6ca163934a2669b1be216a5193449aec1b88d4,0.109489051095,0.54744525547400003,False,,0.12773246997400001,240,1.277324699744,0.12773246997400001,240,1.277324699744,0.12773246997400001,240,1.277324699744,0.10392260585,240,1.0392260584969999,0.10392260585,240,1.0392260584969999
primary,equity,0.10000000000000001,93,42010226,135,0258a6a33cd4a0fac2a0c10e8ee2c2229cf24915c8deef94aaff6eee82388471,0.29097090291,1,False,,0.13431266025399999,240,1.3431266025390001,0.13431266025399999,240,1.3431266025390001,0.13431266025399999,240,1.3431266025390001,0.067494188038999994,240,0.67494188038500003,0.067494188038999994,240,0.67494188038500003
primary,equity,0.10000000000000001,94,42010227,136,62e7935b1e09c550d97da46df261e9be5996107c5b5406f43b685dd85370e6f7,0.093990600940000002,0.46995300470000001,False,,0.087460084856,240,0.874600848564,0.087460084856,240,0.874600848564,0.087460084856,240,0.874600848564,0.108524886907,240,1.0852488690669999,0.108524886907,240,1.0852488690669999
primary,equity,0.10000000000000001,95,42010228,137,7a0c3ed37670ab69dd4567e520ba7ce8f51e887775505e29ce42c1518d2ec8e3,0.167183281672,0.83591640835900005,False,,-0.015588416593999999,240,-0.15588416594400001,-0.015588416593999999,240,-0.15588416594400001,-0.015588416593999999,240,-0.15588416594400001,0.090170316035999995,240,0.90170316036200004,0.090170316035999995,240,0.90170316036200004
primary,equity,0.10000000000000001,96,42010229,138,f2c98eb158ff8fd391a710b2716abbabb4a4f17d496b5a58fd84befe909d7c0f,0.18398160184000001,0.91990800919899995,False,,-0.029606142674999999,240,-0.29606142674699998,-0.029606142674999999,240,-0.29606142674699998,-0.029606142674999999,240,-0.29606142674699998,0.086778971588000006,240,0.86778971588200005,0.086778971588000006,240,0.86778971588200005
primary,equity,0.10000000000000001,97,42010230,139,ba89344431ff726c16647643a472919a536e5bfebb87f34e48c58474cb35b2fb,0.058794120588000001,0.29397060293999999,False,,0.13560923677100001,240,1.3560923677150001,0.13560923677100001,240,1.3560923677150001,0.13560923677100001,240,1.3560923677150001,0.121948974066,240,1.219489740662,0.121948974066,240,1.219489740662
primary,equity,0.10000000000000001,98,42010231,140,8aebebb70d3c5e8e6f4309d216ac0dfda76546d8efc672598ebc0bbdef1673c5,0.13208679132100001,0.66043395660399995,False,,0.029981203841999999,240,0.299812038419,0.029981203841999999,240,0.299812038419,0.029981203841999999,240,0.299812038419,0.097647909554999995,240,0.97647909554800005,0.097647909554999995,240,0.97647909554800005
primary,equity,0.10000000000000001,99,42010232,141,88439386c1a5c21f0035b3cbe302edd417d20566e80f25514818e7d9ae04bd9d,0.15338466153399999,0.76692330766899997,False,,0.108368257873,240,1.083682578733,0.108368257873,240,1.083682578733,0.108368257873,240,1.083682578733,0.094342618428,240,0.943426184281,0.094342618428,240,0.943426184281
primary,equity,0.10000000000000001,100,42010233,142,99fc7caa2343888cef8e9ede4c1a78f4ca41a2c5ed0aa52a1be8467f82b2f687,0.083791620838,0.41895810419000001,False,,0.14641510795400001,240,1.464151079536,0.14641510795400001,240,1.464151079536,0.14641510795400001,240,1.464151079536,0.113861669634,240,1.1386166963369999,0.113861669634,240,1.1386166963369999
primary,equity,0.10000000000000001,101,42010234,143,b33823a4ed3a1638496bc1bc9a93065cfd99deccf2425a5e732e0132bb108c9f,0.095190480952000001,0.47595240476,False,,0.14335048065799999,240,1.433504806577,0.14335048065799999,240,1.433504806577,0.14335048065799999,240,1.433504806577,0.107461949958,240,1.0746194995789999,0.107461949958,240,1.0746194995789999
primary,equity,0.10000000000000001,102,42010235,144,275d127f7e803e33ebe7779e5d0e02f300ffc2525298253b5b619d2645497d82,0.20037996200399999,1,False,,0.034208636025000003,240,0.34208636024700001,0.034208636025000003,240,0.34208636024700001,0.034208636025000003,240,0.34208636024700001,0.082864294672999994,240,0.82864294672799998,0.082864294672999994,240,0.82864294672799998
primary,equity,0.10000000000000001,103,42010236,145,27d313aa1a4833f7ac81b11eed7837db63035e726db4e60c455b29aaf2a89e63,0.13558644135600001,0.67793220677900001,False,,0.095546848207000004,240,0.95546848207400004,0.095546848207000004,240,0.95546848207400004,0.095546848207000004,240,0.95546848207400004,0.097304210242000005,240,0.97304210241900002,0.097304210242000005,240,0.97304210241900002
primary,equity,0.10000000000000001,104,42010237,146,55049dbfaae97d34a4120100ffff1edc5bbf2055501f3d119ae6c44b1d75b27a,0.019198080191999999,0.09599040096,False,,0.26745071540699999,240,2.6745071540669998,0.26745071540699999,240,2.6745071540669998,0.26745071540699999,240,2.6745071540669998,0.151641185998,240,1.5164118599800001,0.151641185998,240,1.5164118599800001
primary,equity,0.10000000000000001,105,42010238,147,06fc8dd17af08f709d8b5336fe13eb399b77dc0eb37edb142124f0935c0863b5,0.064193580641999995,0.32096790321000002,False,,0.154651065044,240,1.546510650444,0.154651065044,240,1.546510650444,0.154651065044,240,1.546510650444,0.12037824948299999,240,1.2037824948260001,0.12037824948299999,240,1.2037824948260001
primary,equity,0.10000000000000001,106,42010239,148,1253d9e337e904ddbc186fe7962932bf90fdee87f8392cf50e8e4640f377ed35,0.016698330167000001,0.083491650835,False,,0.167909967065,240,1.6790996706520001,0.167909967065,240,1.6790996706520001,0.167909967065,240,1.6790996706520001,0.154235351775,240,1.542353517754,0.154235351775,240,1.542353517754
primary,equity,0.10000000000000001,107,42010240,149,88839ae7e052e5d6749a6b14fc3447fe9e9edba03bd92619daeaa9bd6b924ff0,0.075892410758999995,0.37946205379499998,False,,0.071924994753000002,240,0.71924994752600002,0.071924994753000002,240,0.71924994752600002,0.071924994753000002,240,0.71924994752600002,0.114079843682,240,1.140798436823,0.114079843682,240,1.140798436823
primary,equity,0.10000000000000001,108,42010241,150,d7b7c9145d39182b7671f0f5e0d8bed23eee16ec4ba0099a7626f4e8538df3d0,0.192380761924,0.96190380961900002,False,,0.033701000969999999,240,0.33701000969700001,0.033701000969999999,240,0.33701000969700001,0.033701000969999999,240,0.33701000969700001,0.085286488436999999,240,0.85286488436800001,0.085286488436999999,240,0.85286488436800001
primary,equity,0.10000000000000001,109,42010242,151,33c57853185afd02efe13d8558383e73d11db45c9bd320efc0c9335b21bff7cc,0.025297470252999998,0.12648735126499999,False,,0.16984727602300001,240,1.698472760229,0.16984727602300001,240,1.698472760229,0.16984727602300001,240,1.698472760229,0.14501466106899999,240,1.450146610689,0.14501466106899999,240,1.450146610689
primary,equity,0.10000000000000001,110,42010243,152,9aa3e62af2965586e8bd2ded8dfe6f64e485b14b88807f990e1a94209d92b7bd,0.097590240975999998,0.48795120487999999,False,,0.15437663050200001,240,1.543766305019,0.15437663050200001,240,1.543766305019,0.15437663050200001,240,1.543766305019,0.106493324237,240,1.0649332423660001,0.106493324237,240,1.0649332423660001
primary,equity,0.10000000000000001,111,42010244,153,0b4d341fdd79a18e498235c10dfe74b62c80f57c99b117aa1ec7eec8f87d349e,0.22317768223199999,1,False,,0.099727285599000001,240,0.99727285598899995,0.099727285599000001,240,0.99727285598899995,0.099727285599000001,240,0.99727285598899995,0.078730680625999999,240,0.78730680626100003,0.078730680625999999,240,0.78730680626100003
primary,equity,0.10000000000000001,112,42010245,154,0ad479ff0c5392891f4917f632a8107f444a0ac9447e6fe92ea06b3dbbab5eee,0.10078992100799999,0.50394960503899999,False,,0.033020085524000001,240,0.33020085524100001,0.033020085524000001,240,0.33020085524100001,0.033020085524000001,240,0.33020085524100001,0.10492240238,240,1.049224023799,0.10492240238,240,1.049224023799
primary,equity,0.10000000000000001,113,42010246,155,3d9905cae047d77fa6a080dcd7f6709b4bf0320aec5e71f7f556aa66a4bc2e2a,0.144285571443,0.72142785721400005,False,,0.200353468181,240,2.0035346818119999,0.200353468181,240,2.0035346818119999,0.200353468181,240,2.0035346818119999,0.096077203471000003,240,0.96077203471299999,0.096077203471000003,240,0.96077203471299999
primary,equity,0.10000000000000001,114,42010247,156,572476dc5657523c8cc1fbe8207f13b54696d95e91c5476caa47bee5da9b08f4,0.25167483251700001,1,False,,0.047178256178999997,240,0.47178256178599998,0.047178256178999997,240,0.47178256178599998,0.047178256178999997,240,0.47178256178599998,0.074691470307000005,240,0.74691470307399999,0.074691470307000005,240,0.74691470307399999
primary,equity,0.10000000000000001,115,42010248,157,fca5cc5d58c3ddc285cea563c90f86a6db17203cfc9aba944b7f593ffe0d3ec1,0.111588841116,0.55794420557900004,False,,0.022565392542999999,240,0.225653925427,0.022565392542999999,240,0.225653925427,0.022565392542999999,240,0.225653925427,0.101664128391,240,1.0166412839109999,0.101664128391,240,1.0166412839109999
primary,equity,0.10000000000000001,116,42010249,158,7673d773d20ebdce998aa52238be7f3a2d7eb0b88b333e64b6babcbf83dfd55e,0.17938206179399999,0.89691030896900004,False,,0.137648206893,240,1.3764820689320001,0.137648206893,240,1.3764820689320001,0.137648206893,240,1.3764820689320001,0.088755834914999998,240,0.887558349149,0.088755834914999998,240,0.887558349149
primary,equity,0.10000000000000001,117,42010250,159,59d7c680f63089911f56269919330d73c0ea8435e9e84384649c6f574879eca2,0.035696430357,0.17848215178499999,False,,0.154330362892,240,1.5433036289219999,0.154330362892,240,1.5433036289219999,0.154330362892,240,1.5433036289219999,0.13445876722700001,240,1.344587672274,0.13445876722700001,240,1.344587672274
primary,equity,0.10000000000000001,118,42010251,160,6b64cee007aec0220578dc9969a35f28c78d2be8f53c9b701f5a1f5dcec87c17,0.13458654134600001,0.67293270672899996,False,,0.066378732374999999,240,0.66378732375100002,0.066378732374999999,240,0.66378732375100002,0.066378732374999999,240,0.66378732375100002,0.097616618769999997,240,0.97616618769999997,0.097616618769999997,240,0.97616618769999997
primary,equity,0.10000000000000001,119,42010252,161,0b2fba049ca394866aa87142740909ed1de9817efc7c7ed860b14c9dd9de48f4,0.13738626137400001,0.68693130686899995,False,,0.097851357537,240,0.97851357536899997,0.097851357537,240,0.97851357536899997,0.097851357537,240,0.97851357536899997,0.095210125716000002,240,0.95210125715500005,0.095210125716000002,240,0.95210125715500005
primary,equity,0.10000000000000001,120,42010253,162,d0c0a3648f4e4e2aa8debdddf0096985fa51c89d7cb58d86a67fe387ae36d0d5,0.13668633136700001,0.68343165683399998,False,,0.068667429261999993,240,0.68667429262099999,0.068667429261999993,240,0.68667429262099999,0.068667429261999993,240,0.68667429262099999,0.097882359646999997,240,0.97882359647100003,0.097882359646999997,240,0.97882359647100003
primary,equity,0.10000000000000001,121,42010254,163,a797ce503b6469f6dffe6478ed7df1a0af35f8fc5149ddaa6d163dc0d34876c0,0.18098190181000001,0.90490950904900003,False,,0.0076100351579999996,240,0.076100351582,0.0076100351579999996,240,0.076100351582,0.0076100351579999996,240,0.076100351582,0.086810003738000005,240,0.86810003738099994,0.086810003738000005,240,0.86810003738099994
primary,equity,0.10000000000000001,122,42010255,164,b2bcde21e24b81e187eaf99c145e0cdaaca18fc74e3e38af3b9ed9628f8fee97,0.14988501149899999,0.74942505749400001,False,,0.109611318687,240,1.0961131868659999,0.109611318687,240,1.0961131868659999,0.109611318687,240,1.0961131868659999,0.093342588724000003,240,0.93342588723599995,0.093342588724000003,240,0.93342588723599995
primary,equity,0.10000000000000001,123,42010256,165,9053814aff926a0a045634f317b3ce871faf6a1fcabb67182e6c83c8e47e7b1b,0.432756724328,1,False,,-0.0054307499630000004,240,-0.054307499628000001,-0.0054307499630000004,240,-0.054307499628000001,-0.0054307499630000004,240,-0.054307499628000001,0.051632647843,240,0.51632647843099999,0.051632647843,240,0.51632647843099999
primary,equity,0.10000000000000001,124,42010257,166,3c0a212f91a1c1e74e600d79a3b354ad467ee726f80313e127d7e428a6fd9f9e,0.057494250575000003,0.28747125287500003,False,,0.149445373268,240,1.494453732677,0.149445373268,240,1.494453732677,0.149445373268,240,1.494453732677,0.12419904305399999,240,1.241990430537,0.12419904305399999,240,1.241990430537
primary,equity,0.10000000000000001,125,42010258,167,bce3853223443971de463b4bf9f6cd9835dd9faa7998a8ff64ac08e649ae2dae,0.216278372163,1,False,,0.020316232989999999,240,0.20316232989999999,0.020316232989999999,240,0.20316232989999999,0.020316232989999999,240,0.20316232989999999,0.079723173194999997,240,0.79723173195200003,0.079723173194999997,240,0.79723173195200003
primary,equity,0.10000000000000001,126,42010259,168,f3b4641277d6a055e8703c8b8392e5842401c32d0113f80583254cc222ed7606,0.075792420757999995,0.37896210379,False,,0.13082544562599999,240,1.3082544562580001,0.13082544562599999,240,1.3082544562580001,0.13082544562599999,240,1.3082544562580001,0.114509893051,240,1.145098930506,0.114509893051,240,1.145098930506
primary,equity,0.10000000000000001,127,42010260,169,5ee2a72b3e3514cd31827a5644c6eaebbd68cac92e02cfeb288d2d157b4d8529,0.081591840816000002,0.40795920408000003,False,,0.130631555501,240,1.3063155550109999,0.130631555501,240,1.3063155550109999,0.130631555501,240,1.3063155550109999,0.11130663199099999,240,1.1130663199069999,0.11130663199099999,240,1.1130663199069999
primary,equity,0.10000000000000001,128,42010261,170,90004b54bb9d8fdf5ccac9c9af6736a464b5ef3bdbcf433e1148b9cade42a9ed,0.18348165183500001,0.91740825917400004,False,,0.044797018942999998,240,0.44797018943400002,0.044797018942999998,240,0.44797018943400002,0.044797018942999998,240,0.44797018943400002,0.086396010794,240,0.86396010793699995,0.086396010794,240,0.86396010793699995
primary,equity,0.10000000000000001,129,42010262,171,194a9e4dca9434fcb48aaa4bb2956a9d1164b9d6cd2776a80b2a4e290e9e9f76,0.22357764223599999,1,False,,0.083154233566999997,240,0.83154233567400004,0.083154233566999997,240,0.83154233567400004,0.083154233566999997,240,0.83154233567400004,0.079934069109,240,0.79934069109500006,0.079934069109,240,0.79934069109500006
primary,equity,0.10000000000000001,130,42010263,172,7a618241d00cb0510627ac2f7474e1136b003e6ce338d4249a569e5d7184db65,0.031096890310999999,0.15548445155499999,False,,0.130623813216,240,1.306238132162,0.130623813216,240,1.306238132162,0.130623813216,240,1.306238132162,0.13763175848699999,240,1.3763175848739999,0.13763175848699999,240,1.3763175848739999
primary,equity,0.10000000000000001,131,42010264,173,63d2f902ee2a46ed056fed803e1314156b72ff41ade59e8509eefa5b91138f17,0.18068193180700001,0.90340965903399995,False,,0.053719203477000002,240,0.53719203476599997,0.053719203477000002,240,0.53719203476599997,0.053719203477000002,240,0.53719203476599997,0.087036806426999999,240,0.870368064271,0.087036806426999999,240,0.870368064271
primary,equity,0.10000000000000001,132,42010265,174,b4da3df4ffed028e0ef56cd4896c82f76933cb6d2c98388b7056990e0b38a5d6,0.19968003199699999,0.998400159984,False,,0.074378306756000004,240,0.74378306756000001,0.074378306756000004,240,0.74378306756000001,0.074378306756000004,240,0.74378306756000001,0.08327844844,240,0.83278448439700004,0.08327844844,240,0.83278448439700004
primary,equity,0.10000000000000001,133,42010266,175,ff56e448db70090b42691316424130a1a4ededc3757115ff6ea407bcd21b8931,0.092690730927000003,0.46345365463499999,False,,0.19659462113199999,240,1.9659462113220001,0.19659462113199999,240,1.9659462113220001,0.19659462113199999,240,1.9659462113220001,0.109907760544,240,1.099077605438,0.109907760544,240,1.099077605438
primary,equity,0.10000000000000001,134,42010267,176,0a97b45c05169284fbe768e0ccba5d1d25d8157d7593c011ab36a08a7d5093f3,0.13578642135800001,0.67893210678899996,False,,0.22691122901499999,240,2.2691122901449998,0.22691122901499999,240,2.2691122901449998,0.22691122901499999,240,2.2691122901449998,0.097897843301000001,240,0.97897843301099996,0.097897843301000001,240,0.97897843301099996
primary,equity,0.10000000000000001,135,42010268,177,a6fa15f8239a9de6e340e30297795c9dfdc2e8a4c4f14b2e1df2bc567b16ea49,0.22287771222899999,1,False,,0.021939506511,240,0.21939506511199999,0.021939506511,240,0.21939506511199999,0.021939506511,240,0.21939506511199999,0.080395682917,240,0.80395682917199995,0.080395682917,240,0.80395682917199995
primary,equity,0.10000000000000001,136,42010269,178,170f2dc66b240169865d8b8ce2bcabf77dfca1f9180c1cd165b7db8528bb9dd7,0.21987801219899999,1,False,,0.19099951340599999,240,1.9099951340570001,0.19099951340599999,240,1.9099951340570001,0.19099951340599999,240,1.9099951340570001,0.080184206723000001,240,0.80184206723100004,0.080184206723000001,240,0.80184206723100004
primary,equity,0.10000000000000001,137,42010270,179,3e7702b61e118429bbe5ca290ce27ced28b40fd1aab25493f79cf133c00af8df,0.25637436256399998,1,False,,0.166597763289,240,1.66597763289,0.166597763289,240,1.66597763289,0.166597763289,240,1.66597763289,0.073112258124000004,240,0.73112258123600005,0.073112258124000004,240,0.73112258123600005
primary,equity,0.10000000000000001,138,42010271,180,bf8aaa9f123abc2e8cd569beb29a40c0b96179b93d52e4a775eac9606895e84e,0.13228677132300001,0.661433856614,False,,0.087334504458000006,240,0.87334504458200002,0.087334504458000006,240,0.87334504458200002,0.087334504458000006,240,0.87334504458200002,0.097132257828000002,240,0.97132257827500001,0.097132257828000002,240,0.97132257827500001
primary,equity,0.10000000000000001,139,42010272,181,f7d207725ea782a6c6d86f3ce4ea2d4523d22eac0f5f077336899ab6b1c24f0a,0.13278672132800001,0.66393360663900003,False,,0.14949302527,240,1.494930252698,0.14949302527,240,1.494930252698,0.14949302527,240,1.494930252698,0.097241563646999998,240,0.972415636473,0.097241563646999998,240,0.972415636473
primary,equity,0.10000000000000001,140,42010273,182,cc1ade03dc9ba6fb66f2c0738c40f4eabc713db3783c7316a54399be86bb8ae6,0.164083591641,0.82041795820399999,False,,-0.000328275922,240,-0.0032827592160000001,-0.000328275922,240,-0.0032827592160000001,-0.000328275922,240,-0.0032827592160000001,0.089935696329000003,240,0.89935696329199999,0.089935696329000003,240,0.89935696329199999
primary,equity,0.10000000000000001,141,42010274,183,b521cfaf18c157d19b832133e1f67433eb0296b6aaf81a4bbd6841c84ef06d16,0.170582941706,0.85291470852899998,False,,-0.002157533035,240,-0.021575330353000001,-0.002157533035,240,-0.021575330353000001,-0.002157533035,240,-0.021575330353000001,0.087802572139000001,240,0.87802572139099999,0.087802572139000001,240,0.87802572139099999
primary,equity,0.10000000000000001,142,42010275,184,2e6252e6e1b998def31815419c159d10aabf7e6a6a8656b17e09679948a2ef17,0.23317668233200001,1,False,,0.049937520089000001,240,0.499375200894,0.049937520089000001,240,0.499375200894,0.049937520089000001,240,0.499375200894,0.077386850499000001,240,0.77386850499299997,0.077386850499000001,240,0.77386850499299997
primary,equity,0.10000000000000001,143,42010276,185,544531db5511d8c3f58a182b298341a8f9bcfaabc5cf63c059dbdededf415b0a,0.211378862114,1,False,,0.072355896407000006,240,0.72355896406999998,0.072355896407000006,240,0.72355896406999998,0.072355896407000006,240,0.72355896406999998,0.081199932008000006,240,0.81199932008300002,0.081199932008000006,240,0.81199932008300002
primary,equity,0.10000000000000001,144,42010277,186,aaebf3465dfb172826068379f93d2ce01fc57af7bfdfb1befd99514fcbcc1e9a,0.15848415158500001,0.79242075792400002,False,,0.046484252015999997,240,0.46484252015499999,0.046484252015999997,240,0.46484252015499999,0.046484252015999997,240,0.46484252015499999,0.091256289709999994,240,0.91256289710100003,0.091256289709999994,240,0.91256289710100003
primary,equity,0.10000000000000001,145,42010278,187,221c3d79a8a5f5b67ca205a0c8f3396c634f6d4e0c07361cc5bc0d9ea83a4505,0.13048695130499999,0.65243475652399996,False,,0.106478658616,240,1.0647865861600001,0.106478658616,240,1.0647865861600001,0.106478658616,240,1.0647865861600001,0.097686975044999999,240,0.97686975045400004,0.097686975044999999,240,0.97686975045400004
primary,equity,0.10000000000000001,146,42010279,188,07df20bd3c113f08672927bb026d84252b283053a847ee0acb5c35c2e7ade02c,0.115788421158,0.57894210578899996,False,,0.14816465242099999,240,1.481646524206,0.14816465242099999,240,1.481646524206,0.14816465242099999,240,1.481646524206,0.10291422921899999,240,1.0291422921890001,0.10291422921899999,240,1.0291422921890001
primary,equity,0.10000000000000001,147,42010280,189,ac1efef167b29e7a7f51dd5dfb6ce1e8e04a5e449a12a5d2ce2abfa1a65a7711,0.053694630537,0.26847315268499999,False,,0.17035625096000001,240,1.7035625096010001,0.17035625096000001,240,1.7035625096010001,0.17035625096000001,240,1.7035625096010001,0.12473039549000001,240,1.2473039549039999,0.12473039549000001,240,1.2473039549039999
primary,equity,0.10000000000000001,148,42010281,190,76133487f4ab1b6539d51fc7992367bc9eaa03110222227a0f76bc061c18e277,0.037796220377999998,0.18898110189,False,,0.127231448882,240,1.2723144888239999,0.127231448882,240,1.2723144888239999,0.127231448882,240,1.2723144888239999,0.1327866751,240,1.327866750998,0.1327866751,240,1.327866750998
primary,equity,0.10000000000000001,149,42010282,191,14cc5094286ea6682210020a38c9a48bcd75eb3bbb17c4bb41b3a8f6576e2535,0.14498550145,0.72492750724900001,False,,0.063331228279999999,240,0.633312282803,0.063331228279999999,240,0.633312282803,0.063331228279999999,240,0.633312282803,0.094139475971999995,240,0.94139475972099995,0.094139475971999995,240,0.94139475972099995
primary,equity,0.10000000000000001,150,42010283,192,8ec66b72c796f0f85abdd31ca309b87d29299209150be4a2e63b2027d5d477b4,0.16308369163100001,0.81541845815400005,False,,0.046451806716000001,240,0.464518067157,0.046451806716000001,240,0.464518067157,0.046451806716000001,240,0.464518067157,0.090505962775999996,240,0.90505962775600002,0.090505962775999996,240,0.90505962775600002
primary,equity,0.10000000000000001,151,42010284,193,fd32722c04bdc7b59736cfb0f4d1629452ed3899df6b48556c6e8088e52f2d53,0.12968703129699999,0.64843515648399996,False,,0.11151855017200001,240,1.1151855017200001,0.11151855017200001,240,1.1151855017200001,0.11151855017200001,240,1.1151855017200001,0.097038555821000003,240,0.97038555820600003,0.097038555821000003,240,0.97038555820600003
primary,equity,0.10000000000000001,152,42010285,194,ea3d9764fabdd0160f86bc2343183ea8a0fde2740d3c8708fea78e24765d962c,0.061293870612999998,0.30646935306500001,False,,0.091687036587000004,240,0.91687036586500004,0.091687036587000004,240,0.91687036586500004,0.091687036587000004,240,0.91687036586500004,0.12275393422,240,1.2275393422,0.12275393422,240,1.2275393422
primary,equity,0.10000000000000001,153,42010286,195,147fd4737248260ff4ba1811e3e153f0f62f19a8c7d012e3bdc49ec212e05330,0.144485551445,0.72242775722399999,False,,0.023129488479,240,0.23129488478599999,0.023129488479,240,0.23129488478599999,0.023129488479,240,0.23129488478599999,0.093959833659,240,0.93959833659199998,0.093959833659,240,0.93959833659199998
primary,equity,0.10000000000000001,154,42010287,196,4605d2808d79990d9d0055851e3081e6537b6a6867123d97233fd33513222048,0.187881211879,0.93940605939400001,False,,0.020175704341000002,240,0.20175704341199999,0.020175704341000002,240,0.20175704341199999,0.020175704341000002,240,0.20175704341199999,0.086286734646999999,240,0.86286734647200003,0.086286734646999999,240,0.86286734647200003
primary,equity,0.10000000000000001,155,42010288,197,1fea6bca721097b1a70b039703b4734653572b8fe8453931851e150d92f495fb,0.073092690730999998,0.36546345365499999,False,,0.13294220823200001,240,1.329422082322,0.13294220823200001,240,1.329422082322,0.13294220823200001,240,1.329422082322,0.116369652772,240,1.163696527723,0.116369652772,240,1.163696527723
primary,equity,0.10000000000000001,156,42010289,198,4ad4117be5dfe4b22836a92a1269c1a86c28d7d1d015fc2fae5b465db1581953,0.15978402159800001,0.79892010798900004,False,,0.063374972917999997,240,0.63374972918200001,0.063374972917999997,240,0.63374972918200001,0.063374972917999997,240,0.63374972918200001,0.090912571164000006,240,0.90912571164400002,0.090912571164000006,240,0.90912571164400002
primary,equity,0.10000000000000001,157,42010290,199,5285f2aeca57125b3775d9ec5ef4d8b0cb737c9f94ed11e913757a343198c593,0.167683231677,0.83841615838399997,False,,0.122449948084,240,1.224499480837,0.122449948084,240,1.224499480837,0.122449948084,240,1.224499480837,0.089873255250000006,240,0.89873255250499995,0.089873255250000006,240,0.89873255250499995
primary,equity,0.10000000000000001,158,42010291,200,4e5894914b251cdbe6f7ab59dfccfbe39f9f0f4df73970980b7585357c2b8e6b,0.218378162184,1,False,,0.121051502139,240,1.210515021387,0.121051502139,240,1.210515021387,0.121051502139,240,1.210515021387,0.080910652338999994,240,0.80910652339400002,0.080910652338999994,240,0.80910652339400002
primary,equity,0.10000000000000001,159,42010292,201,d59d2175a2c6a56dc27ab1e3b0a3ae413126ec01ad4c42cac462a2e750346e04,0.144885511449,0.72442755724399999,False,,0.077708883374999996,240,0.77708883375399995,0.077708883374999996,240,0.77708883375399995,0.077708883374999996,240,0.77708883375399995,0.094725849762999997,240,0.94725849763500003,0.094725849762999997,240,0.94725849763500003
primary,equity,0.10000000000000001,160,42010293,202,48a63872e81b477739f630298efc0ad35c2f4b537b98f98ae38e004343241da6,0.087591240875999996,0.43795620437999999,False,,0.046922125544999999,240,0.46922125545400001,0.046922125544999999,240,0.46922125545400001,0.046922125544999999,240,0.46922125545400001,0.111408239669,240,1.1140823966940001,0.111408239669,240,1.1140823966940001
primary,equity,0.10000000000000001,161,42010294,203,22c134c28402ae78b5df501c3e4d8b873fc513e96e78bf0c9b7dded6e281fe13,0.081691830817000002,0.408459154085,False,,0.16911405836900001,240,1.6911405836860001,0.16911405836900001,240,1.6911405836860001,0.16911405836900001,240,1.6911405836860001,0.113244312049,240,1.1324431204909999,0.113244312049,240,1.1324431204909999
primary,equity,0.10000000000000001,162,42010295,204,71ca5bdfaed4975e217931e88c8e069156d617f372bd074e64d340414f666dbd,0.13578642135800001,0.67893210678899996,False,,0.031652908383999999,240,0.31652908383599998,0.031652908383999999,240,0.31652908383599998,0.031652908383999999,240,0.31652908383599998,0.096710235571999995,240,0.96710235572100001,0.096710235571999995,240,0.96710235572100001
primary,equity,0.10000000000000001,163,42010296,205,718b83d0c03ccaf185236089240ffd7f0bf0ecb3e7ef7cab266548ddf3d64c75,0.17638236176399999,0.881911808819,False,,0.079621617352999996,240,0.79621617353399998,0.079621617352999996,240,0.79621617353399998,0.079621617352999996,240,0.79621617353399998,0.089169999306000003,240,0.89169999305600001,0.089169999306000003,240,0.89169999305600001
primary,equity,0.10000000000000001,164,42010297,206,09bad039e5023539e5c919219273ae49652efe3de25a000f78f854145bac58d0,0.096490350964999999,0.48245175482500002,False,,0.21853726661299999,240,2.1853726661300001,0.21853726661299999,240,2.1853726661300001,0.21853726661299999,240,2.1853726661300001,0.108790262178,240,1.0879026217809999,0.108790262178,240,1.0879026217809999
primary,equity,0.10000000000000001,165,42010298,207,226e6471e4ec6f6e4c7252ff0c949fcc1d729000c347231d36a20995cf167b24,0.111788821118,0.55894410558899998,False,,0.086701597827999993,240,0.86701597828200005,0.086701597827999993,240,0.86701597828200005,0.086701597827999993,240,0.86701597828200005,0.103539477639,240,1.0353947763860001,0.103539477639,240,1.0353947763860001
primary,equity,0.10000000000000001,166,42010299,208,32562d2d321d1363de061273fce5e7eaf2a681247abb528dc7434ac46682b060,0.050994900510000003,0.25497450254999998,False,,0.19122555173,240,1.9122555172989999,0.19122555173,240,1.9122555172989999,0.19122555173,240,1.9122555172989999,0.127965104128,240,1.279651041278,0.127965104128,240,1.279651041278
primary,equity,0.10000000000000001,167,42010300,209,dd8c840eeb2018d8aac69b1c8a574135c8865830cfe9d99789a9bc82eac98907,0.107689231077,0.53844615538399998,False,,0.098992901706999994,240,0.98992901706600001,0.098992901706999994,240,0.98992901706600001,0.098992901706999994,240,0.98992901706600001,0.10423493946200001,240,1.0423493946169999,0.10423493946200001,240,1.0423493946169999
primary,equity,0.10000000000000001,168,42010301,210,6d5ad643e6368b902fbf038759d235aa3c7f065b5305f2cfded56e90f1a16977,0.141885811419,0.70942905709399995,False,,0.093030576389999994,240,0.93030576390300002,0.093030576389999994,240,0.93030576390300002,0.093030576389999994,240,0.93030576390300002,0.093835056641000003,240,0.93835056640799996,0.093835056641000003,240,0.93835056640799996
primary,equity,0.10000000000000001,169,42010302,211,fb9c7f8c8ac10ae0a657a6f8ff2648b36793eb94071150b515541d907c4eb6a7,0.13868613138700001,0.69343065693399997,False,,-0.0041811962610000001,240,-0.041811962612999999,-0.0041811962610000001,240,-0.041811962612999999,-0.0041811962610000001,240,-0.041811962612999999,0.094373985044999997,240,0.943739850449,0.094373985044999997,240,0.943739850449
primary,equity,0.10000000000000001,170,42010303,212,c017ec0db9301160a78055a91d20de21c8067a6ba16fea3f4768ea145bd11274,0.12668733126699999,0.63343665633400004,False,,0.14306315412100001,240,1.430631541214,0.14306315412100001,240,1.430631541214,0.14306315412100001,240,1.430631541214,0.098351230708000004,240,0.98351230707899995,0.098351230708000004,240,0.98351230707899995
primary,equity,0.10000000000000001,171,42010304,213,cba8c894de59200f6520b3135560fbbb57fcdb632a4307ea25e0e6d300199c1a,0.15598440156000001,0.77992200779900001,False,,0.057884063064999998,240,0.57884063065199998,0.057884063064999998,240,0.57884063065199998,0.057884063064999998,240,0.57884063065199998,0.093358087214000005,240,0.93358087214300001,0.093358087214000005,240,0.93358087214300001
primary,equity,0.10000000000000001,172,42010305,214,7195ca8c09fac81db00208b16c1072d08ec2bdaebd2a7e6ce4f1dc58c19427bb,0.15028497150299999,0.75142485751400001,False,,0.030645527459999999,240,0.30645527460200001,0.030645527459999999,240,0.30645527460200001,0.030645527459999999,240,0.30645527460200001,0.094381737953999997,240,0.94381737953599998,0.094381737953999997,240,0.94381737953599998
primary,equity,0.10000000000000001,173,42010306,215,89e7c4048ad5efadeb8723c155af273249931567705416b2078c935634a53e7e,0.115888411159,0.57944205579399999,False,,0.043749350058999999,240,0.43749350058600001,0.043749350058999999,240,0.43749350058600001,0.043749350058999999,240,0.43749350058600001,0.10042953081600001,240,1.0042953081649999,0.10042953081600001,240,1.0042953081649999
primary,equity,0.10000000000000001,174,42010307,216,923b3764c915be902438e0d0cf4d86e6627ebb7695f83b0fe24e9d278d43603d,0.095090490951000001,0.47545245475499998,False,,0.078911128516999995,240,0.78911128516899998,0.078911128516999995,240,0.78911128516899998,0.078911128516999995,240,0.78911128516899998,0.107720219824,240,1.0772021982360001,0.107720219824,240,1.0772021982360001
primary,equity,0.10000000000000001,175,42010308,217,9b57e0f13412e4b57ed655f648336a8d76ba88b26dfaaefe018a3c0462a775b9,0.144385561444,0.72192780721899996,False,,0.150258665145,240,1.502586651446,0.150258665145,240,1.502586651446,0.150258665145,240,1.502586651446,0.094131696503999995,240,0.941316965038,0.094131696503999995,240,0.941316965038
primary,equity,0.10000000000000001,176,42010309,218,75c4da3ac4bd5fc866a3acd798ed21876f833c2911f9838d029096924f465844,0.11528847115300001,0.57644235576400005,False,,0.101908514768,240,1.0190851476839999,0.101908514768,240,1.0190851476839999,0.101908514768,240,1.0190851476839999,0.101593974335,240,1.0159397433449999,0.101593974335,240,1.0159397433449999
primary,equity,0.10000000000000001,177,42010310,219,eb57a0089a08540aa02e3a14fe69fa6cde547c504e326c3f7c66d1af1afc700d,0.107889211079,0.53944605539400003,False,,0.120136991268,240,1.2013699126799999,0.120136991268,240,1.2013699126799999,0.120136991268,240,1.2013699126799999,0.103672449003,240,1.0367244900329999,0.103672449003,240,1.0367244900329999
primary,equity,0.10000000000000001,178,42010311,220,e7dc1a940388205e01e06987b0992fc60046829e3669fa0bb0c0fa59e63f9885,0.147485251475,0.73742625737400003,False,,0.176988617978,240,1.7698861797750001,0.176988617978,240,1.7698861797750001,0.176988617978,240,1.7698861797750001,0.094202164879000003,240,0.94202164878700001,0.094202164879000003,240,0.94202164878700001
primary,equity,0.10000000000000001,179,42010312,221,d0e2594768d8c56901f85dddf1afb2bf549b2e64d3cde91181017f8b009ca9da,0.106189381062,0.53094690530900002,False,,0.106008966591,240,1.060089665911,0.106008966591,240,1.060089665911,0.106008966591,240,1.060089665911,0.105696047387,240,1.0569604738739999,0.105696047387,240,1.0569604738739999
primary,equity,0.10000000000000001,180,42010313,222,59bb32c533870426e26c06423fbefe595a2c6035c417b8f1ec3d88d303733c45,0.17258274172599999,0.86291370862899996,False,,0.0043829453500000004,240,0.043829453497000001,0.0043829453500000004,240,0.043829453497000001,0.0043829453500000004,240,0.043829453497000001,0.089631027522000001,240,0.89631027521600004,0.089631027522000001,240,0.89631027521600004
primary,equity,0.10000000000000001,181,42010314,223,bbaa703bb17cdc812a8f78afbc7966c013bb298f333f83445b93440ccac31531,0.11228877112299999,0.56144385561400001,False,,0.16319845858500001,240,1.631984585848,0.16319845858500001,240,1.631984585848,0.16319845858500001,240,1.631984585848,0.102640744408,240,1.026407444083,0.102640744408,240,1.026407444083
primary,equity,0.10000000000000001,182,42010315,224,58dfd3aff69c37291f8eadbe4f8f0913c29e515940fde2057268d26419a1d6c9,0.18268173182700001,0.91340865913400004,False,,0.053688141836,240,0.53688141836500003,0.053688141836,240,0.53688141836500003,0.053688141836,240,0.53688141836500003,0.087333727454999996,240,0.87333727454700005,0.087333727454999996,240,0.87333727454700005
primary,equity,0.10000000000000001,183,42010316,225,37edfdeb2f1dced6b9c1a207a0bab735d31814b099a9b5d7440575194fcac8f0,0.17468253174699999,0.87341265873399998,False,,0.13839835578699999,240,1.383983557873,0.13839835578699999,240,1.383983557873,0.13839835578699999,240,1.383983557873,0.087349486961000006,240,0.873494869615,0.087349486961000006,240,0.873494869615
primary,equity,0.10000000000000001,184,42010317,226,52ec5624ce9df6d92f9b47e665e7389b5ce62ceab3533f17893731e9cb1a0e6c,0.074492550744999997,0.37246275372499998,False,,0.127567610877,240,1.2756761087670001,0.127567610877,240,1.2756761087670001,0.127567610877,240,1.2756761087670001,0.116901035615,240,1.1690103561509999,0.116901035615,240,1.1690103561509999
primary,equity,0.10000000000000001,185,42010318,227,e11baaa354997a94c3a74b4b66ae9029895821e9f4c654ea623f4618cd4374a5,0.061093890610999999,0.30546945305500001,False,,0.125426755025,240,1.254267550255,0.125426755025,240,1.254267550255,0.125426755025,240,1.254267550255,0.120167141275,240,1.2016714127529999,0.120167141275,240,1.2016714127529999
primary,equity,0.10000000000000001,186,42010319,228,aab930872cb896efdb2d0eb278a12f2644997afefc01ef38349185132595f448,0.020497950205000001,0.10248975102500001,False,,0.15421241982299999,240,1.54212419823,0.15421241982299999,240,1.54212419823,0.15421241982299999,240,1.54212419823,0.15092996302,240,1.509299630196,0.15092996302,240,1.509299630196
primary,equity,0.10000000000000001,187,42010320,229,90f314012a20d1fce7d699d0f8b29e2989fc2e272438180990ca361d3ff30a57,0.194380561944,0.971902809719,False,,0.10476614866,240,1.0476614866009999,0.10476614866,240,1.0476614866009999,0.10476614866,240,1.0476614866009999,0.084317816557000005,240,0.84317816556799996,0.084317816557000005,240,0.84317816556799996
primary,equity,0.10000000000000001,188,42010321,230,d0d879b28518e8590f503cb900c87306f875e2df08430b07aa7d697d3e744a97,0.042395760423999999,0.21197880212,False,,0.12388011104799999,240,1.2388011104809999,0.12388011104799999,240,1.2388011104809999,0.12388011104799999,240,1.2388011104809999,0.130989578824,240,1.3098957882419999,0.130989578824,240,1.3098957882419999
primary,equity,0.10000000000000001,189,42010322,231,07aacc802c1007e559c968033678f18a161c174c03a35211acbbbd14650160ac,0.23087691230900001,1,False,,-0.022628110207,240,-0.22628110206800001,-0.022628110207,240,-0.22628110206800001,-0.022628110207,240,-0.22628110206800001,0.077801015256,240,0.77801015256399997,0.077801015256,240,0.77801015256399997
primary,equity,0.10000000000000001,190,42010323,232,0e1c00ceb61622cb2d3d9aa833794aaa2027fe44ff4d4ec80ff1d09674f007b6,0.01199880012,0.0599940006,False,,0.266675866245,240,2.6667586624530002,0.266675866245,240,2.6667586624530002,0.266675866245,240,2.6667586624530002,0.16457271603699999,240,1.6457271603700001,0.16457271603699999,240,1.6457271603700001
primary,equity,0.10000000000000001,191,42010324,233,fd56405ac8801f22e62c656116aecfca51f5d88ad9365cad7bc71b1f511658d6,0.057794220578000002,0.28897110289,False,,0.11260454124700001,240,1.1260454124699999,0.11260454124700001,240,1.1260454124699999,0.11260454124700001,240,1.1260454124699999,0.121425426925,240,1.2142542692460001,0.121425426925,240,1.2142542692460001
primary,equity,0.10000000000000001,192,42010325,234,1be937e2c098ff3374babdeda035db1199a43de5a5687dd21d65606bc8721d51,0.15968403159700001,0.79842015798400001,False,,0.097920584574999997,240,0.97920584574500003,0.097920584574999997,240,0.97920584574500003,0.097920584574999997,240,0.97920584574500003,0.091802916804999996,240,0.91802916804900003,0.091802916804999996,240,0.91802916804900003
primary,equity,0.10000000000000001,193,42010326,235,f853ba0b5b2253af0b308a2878031287e20e77c544962a87f6a871cb3151da2f,0.041595840416,0.20797920208000001,False,,0.142398709978,240,1.423987099778,0.142398709978,240,1.423987099778,0.142398709978,240,1.423987099778,0.131950427275,240,1.319504272753,0.131950427275,240,1.319504272753
primary,equity,0.10000000000000001,194,42010327,236,b2a8f6ca1dd7c1cabdd8f538aaa490e3d9970e9f7225c9bc0bcd72813b80995f,0.13588641135900001,0.67943205679399998,False,,0.051054006261999997,240,0.51054006262399998,0.051054006261999997,240,0.51054006262399998,0.051054006261999997,240,0.51054006262399998,0.096741340257,240,0.96741340256999997,0.096741340257,240,0.96741340256999997
primary,equity,0.10000000000000001,195,42010328,237,d66192b11fb9db8e8c994ae367c704119c6cabc72b4d25c45516481daf40f093,0.094090590941000002,0.47045295470499998,False,,0.093515308616999998,240,0.93515308616699999,0.093515308616999998,240,0.93515308616699999,0.093515308616999998,240,0.93515308616699999,0.108978172288,240,1.0897817228819999,0.108978172288,240,1.0897817228819999
primary,equity,0.10000000000000001,196,42010329,238,080b9a783e7e5bcb4a52dc3d11e2fbf26c9f419a817bf69b5faeb426a5db12a0,0.10308969103100001,0.51544845515399995,False,,0.20571390766100001,240,2.05713907661,0.20571390766100001,240,2.05713907661,0.20571390766100001,240,2.05713907661,0.106188767345,240,1.0618876734539999,0.106188767345,240,1.0618876734539999
primary,equity,0.10000000000000001,197,42010330,239,e2d91ab40027ffb9abf9c67de735176228101540aedbc10b431980f8fe918b55,0.15818418158200001,0.79092090790900005,False,,0.0041192178679999997,240,0.041192178677999999,0.0041192178679999997,240,0.041192178677999999,0.0041192178679999997,240,0.041192178677999999,0.092498471861000006,240,0.92498471861099996,0.092498471861000006,240,0.92498471861099996
primary,equity,0.10000000000000001,198,42010331,240,1c68bd376de275a1d388b523bf7875b4bbcf3ebb8afda50388ff050d881ac8ff,0.147085291471,0.73542645735400003,False,,0.118721799084,240,1.1872179908410001,0.118721799084,240,1.1872179908410001,0.118721799084,240,1.1872179908410001,0.094358221142000001,240,0.94358221142099996,0.094358221142000001,240,0.94358221142099996
primary,equity,0.10000000000000001,199,42010332,241,81b62c3fedbf4248520547d7c3749b861be5c7c75a127636cf62ef83d619288e,0.075392460753999996,0.37696230377000001,False,,0.109783685246,240,1.0978368524640001,0.109783685246,240,1.0978368524640001,0.109783685246,240,1.0978368524640001,0.115580700686,240,1.155807006858,0.115580700686,240,1.155807006858
primary,equity,0.20000000000000001,0,42020140,42,6e03d5905803d9fb1f2156e579d3d2a21e085af4349f236f1da775bbcc328196,0.092990700930000003,0.46495350465000002,False,,0.17302918752900001,240,0.86514593764299996,0.17302918752900001,240,0.86514593764299996,0.17302918752900001,240,0.86514593764299996,0.10943880229400001,240,0.54719401147199997,0.10943880229400001,240,0.54719401147199997
primary,equity,0.20000000000000001,1,42020141,43,1299f3ff8a0788f3b3c11f2a2bbc442ed3f90a06c237598e6b5f5a2bd8c712b1,0.046895310469000001,0.23447655234500001,False,,0.17138715968500001,240,0.85693579842599998,0.17138715968500001,240,0.85693579842599998,0.17138715968500001,240,0.85693579842599998,0.130278613382,240,0.65139306690800003,0.130278613382,240,0.65139306690800003
primary,equity,0.20000000000000001,2,42020142,44,f0fbf8b18ce8f55d4b553b48dd0f864ea0bed578d9904f888641d18c6c5a715a,0.055194480551999998,0.27597240276000001,False,,0.145234722309,240,0.72617361154600002,0.145234722309,240,0.72617361154600002,0.145234722309,240,0.72617361154600002,0.12388656455499999,240,0.61943282277400002,0.12388656455499999,240,0.61943282277400002
primary,equity,0.20000000000000001,3,42020143,45,42f319bec375d7ffc1cec4da717f172c620423fa42fad5865ae1e0385977f8fd,0.023797620238,0.11898810119,False,,0.221285721987,240,1.106428609937,0.221285721987,240,1.106428609937,0.221285721987,240,1.106428609937,0.14900004905799999,240,0.74500024529099995,0.14900004905799999,240,0.74500024529099995
primary,equity,0.20000000000000001,4,42020144,46,ca46ba628005dfad00a0dfe7e1050777343544d4a669c66c9e70c701c7e16143,0.105089491051,0.52544745525400005,False,,0.20669879898499999,240,1.0334939949269999,0.20669879898499999,240,1.0334939949269999,0.20669879898499999,240,1.0334939949269999,0.104953770462,240,0.52476885231000003,0.104953770462,240,0.52476885231000003
primary,equity,0.20000000000000001,5,42020145,47,b7b9b2dd88f1b5b6eafeb78cba22adc7cce0d76719e968083a6d59db2e3c4a77,0.032896710328999997,0.164483551645,False,,0.20219046501599999,240,1.0109523250779999,0.20219046501599999,240,1.0109523250779999,0.20219046501599999,240,1.0109523250779999,0.138498409825,240,0.69249204912700002,0.138498409825,240,0.69249204912700002
primary,equity,0.20000000000000001,6,42020146,48,226eaee008f0da2f80cb40e38694607160800931119c1441c3b4d4b2031691a1,0.027597240275999999,0.13798620138000001,False,,0.25563557830799999,240,1.278177891538,0.25563557830799999,240,1.278177891538,0.25563557830799999,240,1.278177891538,0.14313978513,240,0.715698925652,0.14313978513,240,0.715698925652
primary,equity,0.20000000000000001,7,42020147,49,f5c8d92ebe1bda06c05034c5df7db9ec24b89f48ddad3d2851bdd4649579ab88,0.0098990100990000007,0.049495050494999998,True,,0.215442282146,240,1.077211410728,0.215442282146,240,1.077211410728,0.215442282146,240,1.077211410728,0.16870654897099999,240,0.84353274485399998,0.16870654897099999,240,0.84353274485399998
primary,equity,0.20000000000000001,8,42020148,50,151f6fbc8c1640ae87151cb50b0b2db47b72941a7bee3444404de4b0c8798c60,0.007499250075,0.037496250374999998,True,,0.26189511753900002,240,1.309475587696,0.26189511753900002,240,1.309475587696,0.26189511753900002,240,1.309475587696,0.17353560414200001,240,0.86767802071199995,0.17353560414200001,240,0.86767802071199995
primary,equity,0.20000000000000001,9,42020149,51,28e12f78e51da27d779fd1abd22b28cab7d1dc93603e6b1d85c4efbe6884fa04,0.123387661234,0.61693830616900003,False,,0.200901463916,240,1.004507319579,0.200901463916,240,1.004507319579,0.200901463916,240,1.004507319579,0.100828529168,240,0.50414264584199997,0.100828529168,240,0.50414264584199997
primary,equity,0.20000000000000001,10,42020150,52,88c350fc0b7fd147a8bb00821ca3b30aba89cfa5853933e0ef2a77d472db13a3,0.081191880812000003,0.40595940405999997,False,,0.23974277883299999,240,1.198713894163,0.23974277883299999,240,1.198713894163,0.23974277883299999,240,1.198713894163,0.1131503787,240,0.56575189349800004,0.1131503787,240,0.56575189349800004
primary,equity,0.20000000000000001,11,42020151,53,c2dc85de72ffdd1443f2de89eb53d719ce1072f3e4ded3d53c9d2a98a8965a3e,0.11348865113499999,0.567443255674,False,,0.11727766104700001,240,0.58638830523399998,0.11727766104700001,240,0.58638830523399998,0.11727766104700001,240,0.58638830523399998,0.101461008465,240,0.50730504232399998,0.101461008465,240,0.50730504232399998
primary,equity,0.20000000000000001,12,42020152,54,f165b5b9afd029056e37826f5bcc317871d9c26dcf1eab30b8d886895ad312cd,0.0046995300469999998,0.023497650235,True,,0.34597086535799998,240,1.7298543267890001,0.34597086535799998,240,1.7298543267890001,0.34597086535799998,240,1.7298543267890001,0.18300559025099999,240,0.91502795125400005,0.18300559025099999,240,0.91502795125400005
primary,equity,0.20000000000000001,13,42020153,55,72a773c63530b34d278bb0cac0bacfceefcbac03422563b16918bc766423826c,0.090290970903000006,0.451454854515,False,,0.16859862497899999,240,0.842993124895,0.16859862497899999,240,0.842993124895,0.16859862497899999,240,0.842993124895,0.111509812729,240,0.55754906364500001,0.111509812729,240,0.55754906364500001
primary,equity,0.20000000000000001,14,42020154,56,66399dda9da6b3c753b18da0fee81e6a068687c27088b4171a4106dc9b9c0fad,0.026797320268,0.13398660134000001,False,,0.23663989382200001,240,1.1831994691109999,0.23663989382200001,240,1.1831994691109999,0.23663989382200001,240,1.1831994691109999,0.144046379522,240,0.72023189761200002,0.144046379522,240,0.72023189761200002
primary,equity,0.20000000000000001,15,42020155,57,fafe38fce39135d34ea0b79f3634986cfbb464dcbfc95e674b8437312c64fc3c,0.038896110389000003,0.194480551945,False,,0.28841446459800002,240,1.4420723229879999,0.28841446459800002,240,1.4420723229879999,0.28841446459800002,240,1.4420723229879999,0.13305193204400001,240,0.66525966022000005,0.13305193204400001,240,0.66525966022000005
primary,equity,0.20000000000000001,16,42020156,58,dfc67a85c9e2cc7957f451a9cc592ace3b0c5e4305a65212914888673f35d531,0.15048495150499999,0.75242475752399995,False,,0.24392366755299999,240,1.2196183377650001,0.24392366755299999,240,1.2196183377650001,0.24392366755299999,240,1.2196183377650001,0.094139279798000006,240,0.47069639898999999,0.094139279798000006,240,0.47069639898999999
primary,equity,0.20000000000000001,17,42020157,59,a57178d99345b7d237853c4b81d0e87d295e5be56ba5d5a60d306d5180fac4cd,0.021797820217999999,0.10898910109,False,,0.20116569456300001,240,1.0058284728160001,0.20116569456300001,240,1.0058284728160001,0.20116569456300001,240,1.0058284728160001,0.149249953681,240,0.74624976840299995,0.149249953681,240,0.74624976840299995
primary,equity,0.20000000000000001,18,42020158,60,df01383692fe2b8c7b9d339edc2989f5e9bce6c86bd72f9db62091ac7aacd9ec,0.086191380861999997,0.43095690431,False,,0.07800416449,240,0.39002082244800002,0.07800416449,240,0.39002082244800002,0.07800416449,240,0.39002082244800002,0.11092348839299999,240,0.55461744196700002,0.11092348839299999,240,0.55461744196700002
primary,equity,0.20000000000000001,19,42020159,61,4d87aa8181f7d79e79f84cbfd0af7148343d1ecb6c6b7809537552ebc178a6a8,0.057194280572000003,0.28597140286,False,,0.19993953549999999,240,0.99969767749799998,0.19993953549999999,240,0.99969767749799998,0.19993953549999999,240,0.99969767749799998,0.122284571533,240,0.61142285766600002,0.122284571533,240,0.61142285766600002
primary,equity,0.20000000000000001,20,42020160,62,7a70123f9669902aa05005569255f5177d42c052783deb52826ef9d435ea7d17,0.089591040895999993,0.44795520447999998,False,,0.18849866204900001,240,0.94249331024600003,0.18849866204900001,240,0.94249331024600003,0.18849866204900001,240,0.94249331024600003,0.109087145839,240,0.54543572919600003,0.109087145839,240,0.54543572919600003
primary,equity,0.20000000000000001,21,42020161,63,65b8b9845a477c1f55ef30375307ca3b96587d205a75030c8e587b63b6dc1057,0.0019998000199999998,0.0099990001000000005,True,,0.25416745106600003,240,1.2708372553280001,0.25416745106600003,240,1.2708372553280001,0.25416745106600003,240,1.2708372553280001,0.204884598375,240,1.0244229918759999,0.204884598375,240,1.0244229918759999
primary,equity,0.20000000000000001,22,42020162,64,3fd7ed03b764133bbbf50d4e13a711d2cd75a68a7c1b7cb378fbcf03eb684e48,0.11328867113299999,0.56644335566399995,False,,0.29492264385200001,240,1.474613219259,0.29492264385200001,240,1.474613219259,0.29492264385200001,240,1.474613219259,0.100741991182,240,0.50370995590800005,0.100741991182,240,0.50370995590800005
primary,equity,0.20000000000000001,23,42020163,65,2f02471eda909fefa29738184985d8ba61f0c9cc2575ce9babec698c4f54c5fe,0.215578442156,1,False,,0.169542043787,240,0.84771021893499998,0.169542043787,240,0.84771021893499998,0.169542043787,240,0.84771021893499998,0.079801432394999997,240,0.39900716197399999,0.079801432394999997,240,0.39900716197399999
primary,equity,0.20000000000000001,24,42020164,66,b1866189699c80568ae0478d53ab12a7d59cf7106025af71c0c66265de0af9cd,0.15968403159700001,0.79842015798400001,False,,0.18522599389700001,240,0.92612996948299997,0.18522599389700001,240,0.92612996948299997,0.18522599389700001,240,0.92612996948299997,0.092912743406000003,240,0.46456371702900001,0.092912743406000003,240,0.46456371702900001
primary,equity,0.20000000000000001,25,42020165,67,f4e771e9e9bba1f943fbfb462104fad5e354c9f0b572353b09ad0a53a844be97,0.011298870113000001,0.056494350564999997,False,,0.19898598240099999,240,0.99492991200299996,0.19898598240099999,240,0.99492991200299996,0.19898598240099999,240,0.99492991200299996,0.16292419805300001,240,0.81462099026500001,0.16292419805300001,240,0.81462099026500001
primary,equity,0.20000000000000001,26,42020166,68,88093f235cac498d8e301fb8b107cd7077467435166ff25ebbce4fcfd5b97ac0,0.0099990001000000005,0.049995000499999998,True,,0.227810588683,240,1.1390529434159999,0.227810588683,240,1.1390529434159999,0.227810588683,240,1.1390529434159999,0.164775898241,240,0.82387949120399995,0.164775898241,240,0.82387949120399995
primary,equity,0.20000000000000001,27,42020167,69,69e8a4ae67fdfc3d3bbf5a865e34a9c15db92bf7864ac437d2d1857c35d25f81,0.021897810218999999,0.109489051095,False,,0.175357051382,240,0.876785256909,0.175357051382,240,0.876785256909,0.175357051382,240,0.876785256909,0.14933614767600001,240,0.74668073838000004,0.14933614767600001,240,0.74668073838000004
primary,equity,0.20000000000000001,28,42020168,70,8636543e78a40af7c8e23e6f04b83517774f6faa670caa2027b5d0bfcc205548,0.086091390860999997,0.43045695430499997,False,,0.13190422963599999,240,0.65952114818100005,0.13190422963599999,240,0.65952114818100005,0.13190422963599999,240,0.65952114818100005,0.109876464447,240,0.54938232223600003,0.109876464447,240,0.54938232223600003
primary,equity,0.20000000000000001,29,42020169,71,461698d6853d4c971a1bc2dbe5a8f9920c7a19c001ac06fe492a2bd3940959d4,0.088191180881999995,0.44095590440999999,False,,0.23010812357300001,240,1.1505406178649999,0.23010812357300001,240,1.1505406178649999,0.23010812357300001,240,1.1505406178649999,0.110899938245,240,0.55449969122499998,0.110899938245,240,0.55449969122499998
primary,equity,0.20000000000000001,30,42020170,72,b006d105ee055d681ee4e8c8ee8977bade2dcdd475cad8c18a879deff3d7bafd,0.0040995900409999996,0.020497950205000001,True,,0.27929617341000001,240,1.39648086705,0.27929617341000001,240,1.39648086705,0.27929617341000001,240,1.39648086705,0.18174751286499999,240,0.90873756432399999,0.18174751286499999,240,0.90873756432399999
primary,equity,0.20000000000000001,31,42020171,73,b1e94826dfa311b9babdc4b7472c47d623ee5ed845d4bfe965aeb7ca2a38296e,0.001299870013,0.0064993500650000003,True,,0.277434246248,240,1.3871712312390001,0.277434246248,240,1.3871712312390001,0.277434246248,240,1.3871712312390001,0.20359444147799999,240,1.017972207391,0.20359444147799999,240,1.017972207391
primary,equity,0.20000000000000001,32,42020172,74,a273813f9b2e2e0d2d022bc14ec9e010395588fbd033c3a663c1876349ec6ef3,0.029897010299,0.14948505149499999,False,,0.227451580643,240,1.137257903214,0.227451580643,240,1.137257903214,0.227451580643,240,1.137257903214,0.14082675596300001,240,0.70413377981500003,0.14082675596300001,240,0.70413377981500003
primary,equity,0.20000000000000001,33,42020173,75,0ddb55f0e5fd7a46f62af5785bd2901fe2957afa176e4127179fa10e4f70b283,0.079992000800000004,0.39996000399999998,False,,0.20944000150299999,240,1.047200007514,0.20944000150299999,240,1.047200007514,0.20944000150299999,240,1.047200007514,0.113619211661,240,0.56809605830599996,0.113619211661,240,0.56809605830599996
primary,equity,0.20000000000000001,34,42020174,76,b504d4c58e4c9a39a31b84567695742fca7790105962869da9618bffa569da99,0.0068993100689999998,0.034496550345000002,True,,0.26155099803600002,240,1.3077549901809999,0.26155099803600002,240,1.3077549901809999,0.26155099803600002,240,1.3077549901809999,0.17665267615300001,240,0.88326338076300004,0.17665267615300001,240,0.88326338076300004
primary,equity,0.20000000000000001,35,42020175,77,38f715c6e835c660fe9294e1e55bc85b0a03b92663d69c3d3d37666c9b7cbcda,0.014698530147,0.073492650734999998,False,,0.19408626194699999,240,0.97043130973699998,0.19408626194699999,240,0.97043130973699998,0.19408626194699999,240,0.97043130973699998,0.15639157368600001,240,0.78195786843000004,0.15639157368600001,240,0.78195786843000004
primary,equity,0.20000000000000001,36,42020176,78,355d927629323dd775c22fa6e6ee133ebec1237ca916f4b807fe96757c545d39,0.0097990200980000008,0.048995100489999999,True,,0.18644448943799999,240,0.932222447191,0.18644448943799999,240,0.932222447191,0.18644448943799999,240,0.932222447191,0.164846676538,240,0.82423338268900004,0.164846676538,240,0.82423338268900004
primary,equity,0.20000000000000001,37,42020177,79,72f38a5367220136d28782fc994c2d82ab5609b1fc1e952e9d3ab4f889ab4369,0.044195580441999997,0.22097790220999999,False,,0.224849578981,240,1.1242478949050001,0.224849578981,240,1.1242478949050001,0.224849578981,240,1.1242478949050001,0.129254741008,240,0.64627370503799997,0.129254741008,240,0.64627370503799997
primary,equity,0.20000000000000001,38,42020178,80,e3bebce16b60630c4d3a43dd1db02952ede1d14b3e126875868e1997f63dc1e4,0.12398760123999999,0.61993800619899997,False,,0.13481072865900001,240,0.67405364329600004,0.13481072865900001,240,0.67405364329600004,0.13481072865900001,240,0.67405364329600004,0.098835627002000007,240,0.49417813501000002,0.098835627002000007,240,0.49417813501000002
primary,equity,0.20000000000000001,39,42020179,81,d81d7793c093753d22168477466738b691986c3b8b351a7a6d7ef110743238b5,0.01199880012,0.0599940006,False,,0.23485069809,240,1.174253490448,0.23485069809,240,1.174253490448,0.23485069809,240,1.174253490448,0.16591689088799999,240,0.82958445444100004,0.16591689088799999,240,0.82958445444100004
primary,equity,0.20000000000000001,40,42020180,82,8df11706620f32c0d0f6f005210b0df0f7202f444fb86554469a3c330c5affb1,0.12778722127799999,0.638936106389,False,,0.085983128953000004,240,0.42991564476600003,0.085983128953000004,240,0.42991564476600003,0.085983128953000004,240,0.42991564476600003,0.099718564457999995,240,0.49859282229000002,0.099718564457999995,240,0.49859282229000002
primary,equity,0.20000000000000001,41,42020181,83,d287ed71b1a6be282de9e6f4d7a556adede078cd8cbf32c2f760fe5c6ce65d49,0.091590840916000005,0.45795420458000002,False,,0.121646338802,240,0.60823169401199995,0.121646338802,240,0.60823169401199995,0.121646338802,240,0.60823169401199995,0.10962681131599999,240,0.54813405658000003,0.10962681131599999,240,0.54813405658000003
primary,equity,0.20000000000000001,42,42020182,84,fccb91916ff3845a3dc93c32b05930e4eea9515b0b7ea3963c69bf68d08dc29f,0.099690030996999995,0.498450154985,False,,0.17192751112999999,240,0.85963755565199995,0.17192751112999999,240,0.85963755565199995,0.17192751112999999,240,0.85963755565199995,0.106962119282,240,0.53481059641100004,0.106962119282,240,0.53481059641100004
primary,equity,0.20000000000000001,43,42020183,85,315f3d2c930ae695368bfca647331f13fc2bc89d1769ee6d339288d0ead79bfe,0.0015998400160000001,0.0079992000799999994,True,,0.33280432308000002,240,1.664021615402,0.33280432308000002,240,1.664021615402,0.33280432308000002,240,1.664021615402,0.199297185126,240,0.996485925632,0.199297185126,240,0.996485925632
primary,equity,0.20000000000000001,44,42020184,86,622c5e9aeb00d543b4cafc2dc481b76c8d6221321c947eda85296ed5da98e429,0.20487951204900001,1,False,,0.19833042571599999,240,0.991652128578,0.19833042571599999,240,0.991652128578,0.19833042571599999,240,0.991652128578,0.083559254612000006,240,0.41779627306200001,0.083559254612000006,240,0.41779627306200001
primary,equity,0.20000000000000001,45,42020185,87,d9b2c1fb28455d5547abd5dba9ed9a075129047f08c208fe1dceb5c6afcc47c7,0.031196880311999999,0.15598440156000001,False,,0.21174566644699999,240,1.0587283322329999,0.21174566644699999,240,1.0587283322329999,0.21174566644699999,240,1.0587283322329999,0.141396899686,240,0.70698449843,0.141396899686,240,0.70698449843
primary,equity,0.20000000000000001,46,42020186,88,980025c3e7d2b2a0a24296036efc5b97af9b6a43264e75f62d51021a2eda2daa,0.116388361164,0.58194180581900001,False,,0.214792954402,240,1.073964772009,0.214792954402,240,1.073964772009,0.214792954402,240,1.073964772009,0.10142187373600001,240,0.50710936868199996,0.10142187373600001,240,0.50710936868199996
primary,equity,0.20000000000000001,47,42020187,89,8fcc4afc5ca48afac1b06ba2352bc9187de23d9362ae98ae9a4ece56607ec7cf,0.027397260273999999,0.13698630137000001,False,,0.20818356146600001,240,1.040917807329,0.20818356146600001,240,1.040917807329,0.20818356146600001,240,1.040917807329,0.14391361971800001,240,0.71956809859000004,0.14391361971800001,240,0.71956809859000004
primary,equity,0.20000000000000001,48,42020188,90,c123901ca75d7ab427c441c43647fdc9ae4fb8c21c2ef7ccdcfc2df43b4c50d0,0.13498650135000001,0.67493250674899996,False,,0.185568423664,240,0.92784211832100005,0.185568423664,240,0.92784211832100005,0.185568423664,240,0.92784211832100005,0.098155719902999997,240,0.49077859951300001,0.098155719902999997,240,0.49077859951300001
primary,equity,0.20000000000000001,49,42020189,91,0fe7d1bf2fdf91bb4d9a5abe427fe1bd32f2d400658f2cba6c59eae2268d2dde,0.006699330067,0.033496650335000003,True,,0.37977349965000001,240,1.89886749825,0.37977349965000001,240,1.89886749825,0.37977349965000001,240,1.89886749825,0.17671553009499999,240,0.88357765047299996,0.17671553009499999,240,0.88357765047299996
primary,equity,0.20000000000000001,50,42020190,92,c613e4bd27b0169a9cd797f556233f9da9ade3a719127c23aa4de538a56ec607,0.13178682131800001,0.65893410658899998,False,,0.085974122617999998,240,0.429870613091,0.085974122617999998,240,0.429870613091,0.085974122617999998,240,0.429870613091,0.098593312268,240,0.49296656133900002,0.098593312268,240,0.49296656133900002
primary,equity,0.20000000000000001,51,42020191,93,41e327ccd0b4f2fd20a1ffa4cf845b1e13d3a88d241df8122b74f37f7b712670,0.13148685131499999,0.65743425657400001,False,,0.122838959962,240,0.61419479981199998,0.122838959962,240,0.61419479981199998,0.122838959962,240,0.61419479981199998,0.097366370155999998,240,0.48683185078000002,0.097366370155999998,240,0.48683185078000002
primary,equity,0.20000000000000001,52,42020192,94,3c156a2880247a7196c02ab5abcb2dfe8bf37fe64f9c6c499205ac119e655654,0.141685831417,0.70842915708400001,False,,0.147594166538,240,0.73797083268800001,0.147594166538,240,0.73797083268800001,0.147594166538,240,0.73797083268800001,0.096944659288000001,240,0.48472329644099998,0.096944659288000001,240,0.48472329644099998
primary,equity,0.20000000000000001,53,42020193,95,f6774fb3d852f934762670c0e617261876ee12858e2aec7c9315f8f766a8dfad,0.046695330467000001,0.23347665233500001,False,,0.24329030886200001,240,1.216451544308,0.24329030886200001,240,1.216451544308,0.24329030886200001,240,1.216451544308,0.127410623748,240,0.63705311873799997,0.127410623748,240,0.63705311873799997
primary,equity,0.20000000000000001,54,42020194,96,09b68195dd4b8b1a3b21c1fcf210852b4753d5a72ffb4573b41e850fc67430c2,0.011398860114000001,0.056994300570000003,False,,0.25374488589700001,240,1.268724429485,0.25374488589700001,240,1.268724429485,0.25374488589700001,240,1.268724429485,0.165354400796,240,0.82677200397999995,0.165354400796,240,0.82677200397999995
primary,equity,0.20000000000000001,55,42020195,97,16b881bcd86366a5f932a902a2a9393f17ba9f9892a861b3f64a63ba0b39490b,0.043095690430999999,0.215478452155,False,,0.196688442199,240,0.98344221099499995,0.196688442199,240,0.98344221099499995,0.196688442199,240,0.98344221099499995,0.130497024085,240,0.65248512042399998,0.130497024085,240,0.65248512042399998
primary,equity,0.20000000000000001,56,42020196,98,1b32b0103070a84c187d2724276048aa42882ba6e91c097e782c233d31af3a63,0.060693930606999999,0.30346965303500001,False,,0.24063328694399999,240,1.20316643472,0.24063328694399999,240,1.20316643472,0.24063328694399999,240,1.20316643472,0.12070612756100001,240,0.60353063780399996,0.12070612756100001,240,0.60353063780399996
primary,equity,0.20000000000000001,57,42020197,99,196c623bdebee44bf489cbbb5739b11dd549636ed166e729f8a4ce224719ce6b,0.072492750724999999,0.362463753625,False,,0.29324378847799998,240,1.466218942392,0.29324378847799998,240,1.466218942392,0.29324378847799998,240,1.466218942392,0.11677575634700001,240,0.58387878173499996,0.11677575634700001,240,0.58387878173499996
primary,equity,0.20000000000000001,58,42020198,100,b55e4ceda5798a88d4d41abfc3c6c08755110a6579636a87e3b13c1042b2064a,0.049095090490999999,0.24547545245499999,False,,0.21553373831600001,240,1.077668691578,0.21553373831600001,240,1.077668691578,0.21553373831600001,240,1.077668691578,0.128418382183,240,0.642091910913,0.128418382183,240,0.642091910913
primary,equity,0.20000000000000001,59,42020199,101,3bc324acdf2b08d90af19d8b53d36d40e37bf7fcd6ac9ed523ec79628f300545,0.026397360264000001,0.13198680132000001,False,,0.20315098357899999,240,1.0157549178950001,0.20315098357899999,240,1.0157549178950001,0.20315098357899999,240,1.0157549178950001,0.14198325515999999,240,0.70991627580200001,0.14198325515999999,240,0.70991627580200001
primary,equity,0.20000000000000001,60,42020200,102,12b1ad7bde08c0192a319c6e411ee9aff55c1951d9f191cb3786ab85dbbf605b,0.00049995000499999996,0.0024997500250000001,True,,0.23617146822900001,240,1.1808573411429999,0.23617146822900001,240,1.1808573411429999,0.23617146822900001,240,1.1808573411429999,0.21165885224100001,240,1.058294261203,0.21165885224100001,240,1.058294261203
primary,equity,0.20000000000000001,61,42020201,103,3aaec360e64c4e66821fb4ae858044403068db65b7e5874369797d955bb4c9c1,0.0056994300570000003,0.028497150285000002,True,,0.27057581947499998,240,1.352879097377,0.27057581947499998,240,1.352879097377,0.27057581947499998,240,1.352879097377,0.17823922471799999,240,0.89119612359199996,0.17823922471799999,240,0.89119612359199996
primary,equity,0.20000000000000001,62,42020202,104,491f153b2bce536200d5aa3554b6ad98d09a8d18f77163e7630780a473927ed4,0.011298870113000001,0.056494350564999997,False,,0.22491132694800001,240,1.1245566347389999,0.22491132694800001,240,1.1245566347389999,0.22491132694800001,240,1.1245566347389999,0.16890896552699999,240,0.84454482763700001,0.16890896552699999,240,0.84454482763700001
primary,equity,0.20000000000000001,63,42020203,105,74808be024550886c1d45fc007be98f11bf43bd79cc509ddf76eefcda0d177ce,0.054094590541,0.27047295270499999,False,,0.25525329450599998,240,1.2762664725320001,0.25525329450599998,240,1.2762664725320001,0.25525329450599998,240,1.2762664725320001,0.12569148865499999,240,0.62845744327700004,0.12569148865499999,240,0.62845744327700004
primary,equity,0.20000000000000001,64,42020204,106,b0edea30628e4d50a70e2d03f0c4f1856e7ee76fdc5c1b08b728407710d5e17c,0.104289571043,0.52144785521399994,False,,0.15968235671700001,240,0.79841178358700005,0.15968235671700001,240,0.79841178358700005,0.15968235671700001,240,0.79841178358700005,0.105461638691,240,0.527308193456,0.105461638691,240,0.527308193456
primary,equity,0.20000000000000001,65,42020205,107,38a491af30705bebb6fc0b892f07c428e77beaef8d6379ede2b44f6bc4ae1461,0.035496450355,0.17748225177499999,False,,0.31649820051100003,240,1.5824910025529999,0.31649820051100003,240,1.5824910025529999,0.31649820051100003,240,1.5824910025529999,0.13538836629000001,240,0.67694183144999998,0.13538836629000001,240,0.67694183144999998
primary,equity,0.20000000000000001,66,42020206,108,a3616db09161715c431cee7b504d8f6f9b0aeaea07c05ffaac99d51285456c87,0.046595340466000001,0.23297670233000001,False,,0.24179717765799999,240,1.208985888288,0.24179717765799999,240,1.208985888288,0.24179717765799999,240,1.208985888288,0.13133313544799999,240,0.65666567724199998,0.13133313544799999,240,0.65666567724199998
primary,equity,0.20000000000000001,67,42020207,109,f034fc552cb050e4e99fb801a571bd9c54a232e3e43c2a45e2a7eb80deccb79f,0.00089991000900000004,0.004499550045,True,,0.221122203322,240,1.105611016608,0.221122203322,240,1.105611016608,0.221122203322,240,1.105611016608,0.207603555641,240,1.0380177782069999,0.207603555641,240,1.0380177782069999
primary,equity,0.20000000000000001,68,42020208,110,5f231685776ae563c37414e444a0adc5ddcfdb4a6464ae6c49398a7216f770aa,0.031296870312999998,0.15648435156500001,False,,0.143633401518,240,0.71816700759100005,0.143633401518,240,0.71816700759100005,0.143633401518,240,0.71816700759100005,0.139561071654,240,0.69780535827000001,0.139561071654,240,0.69780535827000001
primary,equity,0.20000000000000001,69,42020209,111,31bec53eddf2896f83ff3a945d573f41b4b50815c5c131bf5314320e8d162bc9,0.013398660134,0.066993300670000006,False,,0.232335381866,240,1.161676909329,0.232335381866,240,1.161676909329,0.232335381866,240,1.161676909329,0.16150229207899999,240,0.80751146039400001,0.16150229207899999,240,0.80751146039400001
primary,equity,0.20000000000000001,70,42020210,112,a296ff1362f88b6ce6f203cb3b51bb823ed2ca289f5a387cefc75d42f95f6ad6,0.019498050195000002,0.097490250974999998,False,,0.22616913672399999,240,1.1308456836180001,0.22616913672399999,240,1.1308456836180001,0.22616913672399999,240,1.1308456836180001,0.152437766621,240,0.76218883310700003,0.152437766621,240,0.76218883310700003
primary,equity,0.20000000000000001,71,42020211,113,cea61f1e6e277a20756bc5ed8be64def55915b8bbfc7357b916d4298c16d1ae5,0.016498350165000002,0.082491750825000001,False,,0.26951283893200001,240,1.3475641946620001,0.26951283893200001,240,1.3475641946620001,0.26951283893200001,240,1.3475641946620001,0.156626245596,240,0.78313122798099999,0.156626245596,240,0.78313122798099999
primary,equity,0.20000000000000001,72,42020212,114,282b208aeed6f12cca6385d2d868b7c0486270aadc19c86689a8af8a8f6fe22e,0.019698030197000001,0.098490150984999997,False,,0.18435870806099999,240,0.92179354030299998,0.18435870806099999,240,0.92179354030299998,0.18435870806099999,240,0.92179354030299998,0.153024122096,240,0.76512061047900004,0.153024122096,240,0.76512061047900004
primary,equity,0.20000000000000001,73,42020213,115,1a8794e653a7780b2969b84a1e6344d4aa97a0ebf9012e4c8ec27ac71fa72737,0.058594140586000001,0.29297070292999999,False,,0.18726503014199999,240,0.93632515071199995,0.18726503014199999,240,0.93632515071199995,0.18726503014199999,240,0.93632515071199995,0.124113438863,240,0.62056719431499996,0.124113438863,240,0.62056719431499996
primary,equity,0.20000000000000001,74,42020214,116,9dbd6458a25bb5dff24f6ebe5a97d900c254b125905e524bc02590b1e856b553,0.120887911209,0.60443955604400001,False,,0.13377219158,240,0.66886095790199995,0.13377219158,240,0.66886095790199995,0.13377219158,240,0.66886095790199995,0.100609368571,240,0.50304684285400003,0.100609368571,240,0.50304684285400003
primary,equity,0.20000000000000001,75,42020215,117,e68c67190cceb03d74f40bf69ac9a84ee5513d89a3c041aafb58789671393330,0.035796420358,0.17898210178999999,False,,0.17246556893100001,240,0.86232784465699996,0.17246556893100001,240,0.86232784465699996,0.17246556893100001,240,0.86232784465699996,0.13645092334600001,240,0.68225461672900001,0.13645092334600001,240,0.68225461672900001
primary,equity,0.20000000000000001,76,42020216,118,14531ac67040aba20ae63102f26c73e2ab813db1786b2d66f0710817e9d370ba,0.0064993500650000003,0.032496750324999997,True,,0.25716649501599997,240,1.285832475081,0.25716649501599997,240,1.285832475081,0.25716649501599997,240,1.285832475081,0.173730200567,240,0.86865100283600005,0.173730200567,240,0.86865100283600005
primary,equity,0.20000000000000001,77,42020217,119,da7a58ca36ce292f8da9be5ca2d8af2c69138d20208673374d4843b6de7b51ea,0.0060993900609999999,0.030496950304999999,True,,0.283975165704,240,1.419875828521,0.283975165704,240,1.419875828521,0.283975165704,240,1.419875828521,0.17644166704,240,0.88220833519899999,0.17644166704,240,0.88220833519899999
primary,equity,0.20000000000000001,78,42020218,120,740075abf6b5b7ebc419fe04f964de2cb5666fd51cfe4e80b609578d8267fbf6,0.20627937206300001,1,False,,0.123043239899,240,0.61521619949399997,0.123043239899,240,0.61521619949399997,0.123043239899,240,0.61521619949399997,0.082911092007999995,240,0.41455546003799998,0.082911092007999995,240,0.41455546003799998
primary,equity,0.20000000000000001,79,42020219,121,79927696b2b9e7c874bfb5c20248cb435a52650341ee6b442396c37eef159389,0.051294870513000003,0.25647435256500001,False,,0.184889625104,240,0.92444812552099997,0.184889625104,240,0.92444812552099997,0.184889625104,240,0.92444812552099997,0.127207481658,240,0.63603740828999999,0.127207481658,240,0.63603740828999999
primary,equity,0.20000000000000001,80,42020220,122,be2b427abd332fb1509616f1a0e18f3186ab8a6f2d0690b280aea1d78747dd0a,0.028597140286000002,0.14298570143,False,,0.13756129982000001,240,0.68780649910199998,0.13756129982000001,240,0.68780649910199998,0.13756129982000001,240,0.68780649910199998,0.141975437776,240,0.70987718888100004,0.141975437776,240,0.70987718888100004
primary,equity,0.20000000000000001,81,42020221,123,3af874f6d06ea3500fc433204b3918804b272629b047083ef9f93442b57f940a,0.17438256174399999,0.87191280871900001,False,,0.054384985120999998,240,0.27192492560600001,0.054384985120999998,240,0.27192492560600001,0.054384985120999998,240,0.27192492560600001,0.088826114991999994,240,0.44413057495899999,0.088826114991999994,240,0.44413057495899999
primary,equity,0.20000000000000001,82,42020222,124,c700bf9efff04046a43f9915e32091d779cef6fd1c04a83366c849afaa3ff84a,0.014198580141999999,0.070992900710000001,False,,0.24634502862999999,240,1.23172514315,0.24634502862999999,240,1.23172514315,0.24634502862999999,240,1.23172514315,0.15719655636999999,240,0.78598278184799997,0.15719655636999999,240,0.78598278184799997
primary,equity,0.20000000000000001,83,42020223,125,06490283394dae91ffb4f7dbe43810fd2f7dabe5e7d7df59d16714a0efb0f02d,0.012498750124999999,0.062493750624999997,False,,0.243148046334,240,1.2157402316679999,0.243148046334,240,1.2157402316679999,0.243148046334,240,1.2157402316679999,0.16229092948099999,240,0.811454647403,0.16229092948099999,240,0.811454647403
primary,equity,0.20000000000000001,84,42020224,126,9227aa6ef61d87b6de687e73e4431912f14c62442c591095ebc392841678190a,0.030996900309999999,0.15498450154999999,False,,0.23045926605600001,240,1.152296330278,0.23045926605600001,240,1.152296330278,0.23045926605600001,240,1.152296330278,0.14205342735099999,240,0.71026713675399999,0.14205342735099999,240,0.71026713675399999
primary,equity,0.20000000000000001,85,42020225,127,e5910e38b0117fb2d128bcf8c2f8f0868842948d65a02cd714aac90540ba107e,0.00599940006,0.0299970003,True,,0.15622089649500001,240,0.78110448247599995,0.15622089649500001,240,0.78110448247599995,0.15622089649500001,240,0.78110448247599995,0.177754989064,240,0.88877494531800005,0.177754989064,240,0.88877494531800005
primary,equity,0.20000000000000001,86,42020226,128,44e930bc2b3c9309b88798c66d6278fb92db670fd62f0c7fea509cf770edd71b,0.011098890110999999,0.055494450554999998,False,,0.194694697088,240,0.97347348544099999,0.194694697088,240,0.97347348544099999,0.194694697088,240,0.97347348544099999,0.164924255997,240,0.82462127998300006,0.164924255997,240,0.82462127998300006
primary,equity,0.20000000000000001,87,42020227,129,c078a04719b90a430295b2f73a9e2e84e5fbb8c7a80138075b5a488bb80b43f4,0.052094790521000002,0.260473952605,False,,0.25329944922199998,240,1.266497246108,0.25329944922199998,240,1.266497246108,0.25329944922199998,240,1.266497246108,0.126753996073,240,0.63376998036300003,0.126753996073,240,0.63376998036300003
primary,equity,0.20000000000000001,88,42020228,130,d85d5fdf4ad49c0200c921ce07946caaccdae43a764a603aaedb2a7098b52aff,0.0062993700629999996,0.031496850314999998,True,,0.27549059093700001,240,1.3774529546859999,0.27549059093700001,240,1.3774529546859999,0.27549059093700001,240,1.3774529546859999,0.17833304084000001,240,0.89166520419799999,0.17833304084000001,240,0.89166520419799999
primary,equity,0.20000000000000001,89,42020229,131,1571612aae8f57233fcc4f24394b308a04819f066b153dd9f80908228f11e1a9,0.031396860313999998,0.15698430157000001,False,,0.122362986243,240,0.61181493121700004,0.122362986243,240,0.61181493121700004,0.122362986243,240,0.61181493121700004,0.13884957080800001,240,0.69424785404,0.13884957080800001,240,0.69424785404
primary,equity,0.20000000000000001,90,42020230,132,bd53ebb440b0153c44fabd58bcfd1b4799a1ef9c93d452d35bec9d582cba6464,0.034396560344000002,0.17198280171999999,False,,0.18910113311099999,240,0.94550566555600002,0.18910113311099999,240,0.94550566555600002,0.18910113311099999,240,0.94550566555600002,0.137294942946,240,0.68647471472800004,0.137294942946,240,0.68647471472800004
primary,equity,0.20000000000000001,91,42020231,133,21dff78aacf78eb34ed2f4355015a2c0b652846b6ad91981e20bee7847b5d598,0.010598940106,0.052994700530000001,False,,0.26724679466500001,240,1.3362339733249999,0.26724679466500001,240,1.3362339733249999,0.26724679466500001,240,1.3362339733249999,0.16444776097800001,240,0.82223880489099999,0.16444776097800001,240,0.82223880489099999
primary,equity,0.20000000000000001,92,42020232,134,a389455d7d1998f8e909ffcce5145069f54976d12d19e6a718bf3468626b2e18,0.032496750324999997,0.16248375162500001,False,,0.23737430482300001,240,1.186871524117,0.23737430482300001,240,1.186871524117,0.23737430482300001,240,1.186871524117,0.13881842509299999,240,0.69409212546599997,0.13881842509299999,240,0.69409212546599997
primary,equity,0.20000000000000001,93,42020233,135,8972384984403de63d7f7ef9fb4a52cd65d6c5b91a6919eb4c412adcf37f94c1,0.021297870213,0.106489351065,False,,0.25850274606200002,240,1.292513730309,0.25850274606200002,240,1.292513730309,0.25850274606200002,240,1.292513730309,0.148320171266,240,0.74160085632899997,0.148320171266,240,0.74160085632899997
primary,equity,0.20000000000000001,94,42020234,136,80a1b73f427f2d79967eddf22cdddde65c3fc800a26aaf47333768b6aca1e215,0.061393860613999998,0.30696930306999998,False,,0.215754993452,240,1.078774967262,0.215754993452,240,1.078774967262,0.215754993452,240,1.078774967262,0.120315678903,240,0.60157839451700001,0.120315678903,240,0.60157839451700001
primary,equity,0.20000000000000001,95,42020235,137,acc305c960f1fbbe41b3a800cae5b83714856012c8ebd7712bd6f646059c6df2,0.11388861113900001,0.569443055694,False,,0.13643780990099999,240,0.68218904950299997,0.13643780990099999,240,0.68218904950299997,0.13643780990099999,240,0.68218904950299997,0.102875642899,240,0.51437821449400001,0.102875642899,240,0.51437821449400001
primary,equity,0.20000000000000001,96,42020236,138,f9f275e1b10dcc06954e4cf0f7443c5f7fdfe6629be8e08ac13823376251b0af,0.006699330067,0.033496650335000003,True,,0.226138638329,240,1.1306931916430001,0.226138638329,240,1.1306931916430001,0.226138638329,240,1.1306931916430001,0.17594992575400001,240,0.87974962877200003,0.17594992575400001,240,0.87974962877200003
primary,equity,0.20000000000000001,97,42020237,139,3b07ecd8a39d6f2de30d6e64fce9361eaaf1b6acc32ecf0ccea7884e61c5e611,0.00069993000699999995,0.0034996500349999998,True,,0.26262851305099999,240,1.313142565253,0.26262851305099999,240,1.313142565253,0.26262851305099999,240,1.313142565253,0.22848957609000001,240,1.142447880452,0.22848957609000001,240,1.142447880452
primary,equity,0.20000000000000001,98,42020238,140,6fc4d6db3d30d8f79f67cdc01eac59df3baa7c972226dc82d3d6e34dc9ca0906,0.057594240576000003,0.28797120288,False,,0.18653103310300001,240,0.93265516551600003,0.18653103310300001,240,0.93265516551600003,0.18653103310300001,240,0.93265516551600003,0.12190180837800001,240,0.60950904189099997,0.12190180837800001,240,0.60950904189099997
primary,equity,0.20000000000000001,99,42020239,141,36f86aeb2d76a6acd49f5dbb52a88d2a67bfffcc7771e004773eae2d194254a4,0.002599740026,0.012998700130000001,True,,0.27199054128099998,240,1.3599527064050001,0.27199054128099998,240,1.3599527064050001,0.27199054128099998,240,1.3599527064050001,0.19409396521700001,240,0.97046982608599996,0.19409396521700001,240,0.97046982608599996
primary,equity,0.20000000000000001,100,42020240,142,a873d6f3c476a7d5e75be12fad5b7cc066f581a117c665cfbb5d933e3b24e1fd,0.048095190481,0.240475952405,False,,0.18193653719299999,240,0.90968268596400004,0.18193653719299999,240,0.90968268596400004,0.18193653719299999,240,0.90968268596400004,0.12819996250400001,240,0.64099981252100002,0.12819996250400001,240,0.64099981252100002
primary,equity,0.20000000000000001,101,42020241,143,ffe2d561bb5e123b31712556c60c9f35c84f474531c2f4d55e93ab34ca373273,0.024697530246999999,0.123487651235,False,,0.180521368455,240,0.90260684227300003,0.180521368455,240,0.90260684227300003,0.180521368455,240,0.90260684227300003,0.14624967846699999,240,0.73124839233600003,0.14624967846699999,240,0.73124839233600003
primary,equity,0.20000000000000001,102,42020242,144,65408610ffdc89e78ce5f5eb83de0746b948db6513017b3bf31a6fd347485966,0.235576442356,1,False,,0.27714684149800001,240,1.385734207491,0.27714684149800001,240,1.385734207491,0.27714684149800001,240,1.385734207491,0.077183679103000002,240,0.385918395513,0.077183679103000002,240,0.385918395513
primary,equity,0.20000000000000001,103,42020243,145,a55d193b1ee7c90ae72b3cd4afca6af1f7364b7757bf3739c0e38b5d54708b42,0.023897610239,0.119488051195,False,,0.292211537307,240,1.4610576865330001,0.292211537307,240,1.4610576865330001,0.292211537307,240,1.4610576865330001,0.14665560638299999,240,0.73327803191300001,0.14665560638299999,240,0.73327803191300001
primary,equity,0.20000000000000001,104,42020244,146,0bc052b937f2f2a479bfd037da7afa5d07121f436f48d7b5f71999d1ff01e6e1,0.039996000400000002,0.19998000199999999,False,,0.173301746236,240,0.86650873117899996,0.173301746236,240,0.86650873117899996,0.173301746236,240,0.86650873117899996,0.13211455827599999,240,0.66057279137799996,0.13211455827599999,240,0.66057279137799996
primary,equity,0.20000000000000001,105,42020245,147,1ab8e99c2aabaa2f41c4b7e6ca81ed70ba73072dc8cb32ab20250a1fb9b58896,0.075092490750999996,0.37546245375499998,False,,0.17333309471899999,240,0.86666547359400004,0.17333309471899999,240,0.86666547359400004,0.17333309471899999,240,0.86666547359400004,0.114690290936,240,0.57345145468100001,0.114690290936,240,0.57345145468100001
primary,equity,0.20000000000000001,106,42020246,148,f79b5e35e1404c2d42be8675e36a0d37baf032c0d7bbfec25e302829588f3e1a,0.13728627137300001,0.68643135686400003,False,,0.15868973153400001,240,0.79344865766999995,0.15868973153400001,240,0.79344865766999995,0.15868973153400001,240,0.79344865766999995,0.096374172672000005,240,0.48187086336200002,0.096374172672000005,240,0.48187086336200002
primary,equity,0.20000000000000001,107,42020247,149,cbac0893667b8c92b3dcde4ec7145c451b78cb13f966e646e905c79e3d73ed81,0.054794520547999999,0.27397260274000002,False,,0.277632641234,240,1.388163206172,0.277632641234,240,1.388163206172,0.277632641234,240,1.388163206172,0.12412099358299999,240,0.62060496791399999,0.12412099358299999,240,0.62060496791399999
primary,equity,0.20000000000000001,108,42020248,150,e3f98f6965ea52f2446bbc6d500622b91938361fa83e697e703a511dc443f649,0.212578742126,1,False,,0.24809496544500001,240,1.2404748272270001,0.24809496544500001,240,1.2404748272270001,0.24809496544500001,240,1.2404748272270001,0.082004664849,240,0.41002332424600002,0.082004664849,240,0.41002332424600002
primary,equity,0.20000000000000001,109,42020249,151,8fcace19d1309fc1e443c72d26f52c21a500821aabc4adc5afadf2d15a628fee,0.055694430556999998,0.27847215278499998,False,,0.21771534609599999,240,1.0885767304780001,0.21771534609599999,240,1.0885767304780001,0.21771534609599999,240,1.0885767304780001,0.124035161896,240,0.62017580947999995,0.124035161896,240,0.62017580947999995
primary,equity,0.20000000000000001,110,42020250,152,dd1ffbb7fa900c8d8d34b7ffd97e992d50289e4bcfbe9aa9b521d64e341333d0,0.017298270173000001,0.086491350864999997,False,,0.25966894159300002,240,1.2983447079629999,0.25966894159300002,240,1.2983447079629999,0.25966894159300002,240,1.2983447079629999,0.156150074054,240,0.780750370272,0.156150074054,240,0.780750370272
primary,equity,0.20000000000000001,111,42020251,153,60288d8ec54c71614a603141a89877c9abf9ad00e23b1f13f1cb676f58b1eaef,0.052794720528000001,0.26397360264000003,False,,0.12587980704999999,240,0.62939903524800001,0.12587980704999999,240,0.62939903524800001,0.12587980704999999,240,0.62939903524800001,0.125183721902,240,0.62591860950900002,0.125183721902,240,0.62591860950900002
primary,equity,0.20000000000000001,112,42020252,154,37f6953b03426df1b7febcfafaa5fd66aea4768a5a65022fd67cafe57a20256c,0.050894910509000003,0.25447455254500001,False,,0.22473900251699999,240,1.123695012584,0.22473900251699999,240,1.123695012584,0.22473900251699999,240,1.123695012584,0.12538641174699999,240,0.62693205873500002,0.12538641174699999,240,0.62693205873500002
primary,equity,0.20000000000000001,113,42020253,155,426fc6ec7b69afb18f8cb6933ed4d13cd2364ee11cae659e6812bc9cc7ca4c1f,0.120487951205,0.60243975602400002,False,,0.11977725403099999,240,0.59888627015600004,0.11977725403099999,240,0.59888627015600004,0.11977725403099999,240,0.59888627015600004,0.102180045347,240,0.510900226736,0.102180045347,240,0.510900226736
primary,equity,0.20000000000000001,114,42020254,156,2e175361041356abb185ef6a05ba498f13cfaa8f44854a94169f51d221a1b555,0.0043995600440000001,0.021997800219999999,True,,0.32910870015799998,240,1.645543500791,0.32910870015799998,240,1.645543500791,0.32910870015799998,240,1.645543500791,0.19046770982299999,240,0.952338549117,0.19046770982299999,240,0.952338549117
primary,equity,0.20000000000000001,115,42020255,157,8f2d3d619e97e837853e70ead61ee63f4ee7bce1e8a54a9b35896bf27f1f1cbe,0.063693630636999995,0.31846815318499999,False,,0.15123560390599999,240,0.75617801952999997,0.15123560390599999,240,0.75617801952999997,0.15123560390599999,240,0.75617801952999997,0.120549869995,240,0.602749349973,0.120549869995,240,0.602749349973
primary,equity,0.20000000000000001,116,42020256,158,1de2098061183a1b65283de5a0a846a90f40526a989405041ca1df05b9ffb4ce,0.048795120487999999,0.24397560243999999,False,,0.20653407964600001,240,1.032670398229,0.20653407964600001,240,1.032670398229,0.20653407964600001,240,1.032670398229,0.13112213879099999,240,0.65561069395500005,0.13112213879099999,240,0.65561069395500005
primary,equity,0.20000000000000001,117,42020257,159,515931e3fb0b385c5f7307a6814f5376c5f60fb0b8f831bd08c1e5e552982e95,0.140685931407,0.70342965703399996,False,,0.15239986040799999,240,0.76199930204099997,0.15239986040799999,240,0.76199930204099997,0.15239986040799999,240,0.76199930204099997,0.095483514911999995,240,0.47741757455900002,0.095483514911999995,240,0.47741757455900002
primary,equity,0.20000000000000001,118,42020258,160,871add8e735de0e564a25d49fc17c8ba4b8fc12f5811135728b623b85ffedb92,0.141585841416,0.70792920707899998,False,,0.067378969792999996,240,0.336894848967,0.067378969792999996,240,0.336894848967,0.067378969792999996,240,0.336894848967,0.097046456180999996,240,0.48523228090300002,0.097046456180999996,240,0.48523228090300002
primary,equity,0.20000000000000001,119,42020259,161,4037b281e1e1285ce94d58965a766ff179f4d1256602970b6e7ad6709e9a4eda,0.040195980402000002,0.20097990200999999,False,,0.108259505041,240,0.54129752520600005,0.108259505041,240,0.54129752520600005,0.108259505041,240,0.54129752520600005,0.131348574592,240,0.65674287296099998,0.131348574592,240,0.65674287296099998
primary,equity,0.20000000000000001,120,42020260,162,7afcca30517edf9554cd706fae8bbeaa5228f0093dc18ce117b71e81d0b1a8de,0.016698330167000001,0.083491650835,False,,0.23472563166400001,240,1.1736281583199999,0.23472563166400001,240,1.1736281583199999,0.23472563166400001,240,1.1736281583199999,0.15471187188800001,240,0.77355935943999998,0.15471187188800001,240,0.77355935943999998
primary,equity,0.20000000000000001,121,42020261,163,1867d1bc141a70aebd1eb4146ab4fb81652413026da209c2f0da8a5ec411f576,0.029497050295,0.147485251475,False,,0.26683977194800002,240,1.3341988597379999,0.26683977194800002,240,1.3341988597379999,0.26683977194800002,240,1.3341988597379999,0.14203780338899999,240,0.71018901694600001,0.14203780338899999,240,0.71018901694600001
primary,equity,0.20000000000000001,122,42020262,164,085a41a29115c7a1b219d213c87a7624bfb831e258ea180ded7dabc9cfb35575,0.049595040495999998,0.24797520247999999,False,,0.18748365845000001,240,0.93741829225200002,0.18748365845000001,240,0.93741829225200002,0.18748365845000001,240,0.93741829225200002,0.12668414534399999,240,0.63342072672000005,0.12668414534399999,240,0.63342072672000005
primary,equity,0.20000000000000001,123,42020263,165,3d17c3029bf26f44451075fb025c008511aa4c6587aaa8094b030db91145e03e,0.081691830817000002,0.408459154085,False,,0.196047786324,240,0.98023893161800002,0.196047786324,240,0.98023893161800002,0.196047786324,240,0.98023893161800002,0.114572433407,240,0.57286216703500004,0.114572433407,240,0.57286216703500004
primary,equity,0.20000000000000001,124,42020264,166,daa605ab3000746b6cfb978b02a0cf086abdaef9361f5af55a85318724a5f93f,0.021797820217999999,0.10898910109,False,,0.25661999119399997,240,1.2830999559709999,0.25661999119399997,240,1.2830999559709999,0.25661999119399997,240,1.2830999559709999,0.150875178503,240,0.75437589251299997,0.150875178503,240,0.75437589251299997
primary,equity,0.20000000000000001,125,42020265,167,2b1248c4f0521ba29e657ee8e1987ee05fe1e29a7711eb1b1ce2ee1031d99719,0.031896810318999998,0.15948405159500001,False,,0.22484061972,240,1.124203098602,0.22484061972,240,1.124203098602,0.22484061972,240,1.124203098602,0.137896614291,240,0.68948307145599996,0.137896614291,240,0.68948307145599996
primary,equity,0.20000000000000001,126,42020266,168,710bdf88ac514045ea4d4736a4a112c6c7a27ef2be6bcdfd1e6faacac52d9082,0.14808519148099999,0.74042595740399997,False,,0.20656504329,240,1.032825216452,0.20656504329,240,1.032825216452,0.20656504329,240,1.032825216452,0.094303503299000002,240,0.47151751649399998,0.094303503299000002,240,0.47151751649399998
primary,equity,0.20000000000000001,127,42020267,169,cbc5c72899d378d383dd134f0b9fcb2e6a4fefbca91f7b915d7e5b1636e021b9,0.022497750225000002,0.11248875112499999,False,,0.217630009698,240,1.0881500484910001,0.217630009698,240,1.0881500484910001,0.217630009698,240,1.0881500484910001,0.14949258566400001,240,0.74746292831899996,0.14949258566400001,240,0.74746292831899996
primary,equity,0.20000000000000001,128,42020268,170,d1c4ec0e5354a0e711d693c832146278c45d9486ca85854ad74fd361c768689a,0.016598340166000002,0.082991700830000001,False,,0.27391227481699998,240,1.3695613740849999,0.27391227481699998,240,1.3695613740849999,0.27391227481699998,240,1.3695613740849999,0.15742361256500001,240,0.78711806282300001,0.15742361256500001,240,0.78711806282300001
primary,equity,0.20000000000000001,129,42020269,171,c7c38c9312cb40279fc834858c80c5668153fa19f129b870e33c5271aeec4c45,0.066893310669000006,0.33446655334499997,False,,0.18977394268100001,240,0.94886971340600001,0.18977394268100001,240,0.94886971340600001,0.18977394268100001,240,0.94886971340600001,0.12062038379499999,240,0.60310191897599996,0.12062038379499999,240,0.60310191897599996
primary,equity,0.20000000000000001,130,42020270,172,486638de51e9fed96b196fdec0a9ea36d007297d7a30cdfa2a5c6865881f8130,0.024997500249999999,0.12498750124999999,False,,0.286117362353,240,1.430586811767,0.286117362353,240,1.430586811767,0.286117362353,240,1.430586811767,0.14563263245300001,240,0.72816316226599997,0.14563263245300001,240,0.72816316226599997
primary,equity,0.20000000000000001,131,42020271,173,44351870efa1a65c1e0daabdd5ad0fb0668639f9245df68e72b0103a7284437e,0.0028997100290000001,0.014498550145000001,True,,0.26383926227799998,240,1.3191963113880001,0.26383926227799998,240,1.3191963113880001,0.26383926227799998,240,1.3191963113880001,0.19427247426300001,240,0.97136237131299996,0.19427247426300001,240,0.97136237131299996
primary,equity,0.20000000000000001,132,42020272,174,3fd7ced24929902120a332dca5dba2067ee37040831ddc4e3216df778c4db929,0.037796220377999998,0.18898110189,False,,0.19113266152899999,240,0.955663307643,0.19113266152899999,240,0.955663307643,0.19113266152899999,240,0.955663307643,0.13194278390200001,240,0.65971391950799996,0.13194278390200001,240,0.65971391950799996
primary,equity,0.20000000000000001,133,42020273,175,abdc1135e9aa0a524d6e14b2fc827dca8012f09336b25cccd3e9b5bc80326258,0.16088391160900001,0.804419558044,False,,0.100828532466,240,0.50414266232799998,0.100828532466,240,0.50414266232799998,0.100828532466,240,0.50414266232799998,0.09179541209,240,0.45897706045199999,0.09179541209,240,0.45897706045199999
primary,equity,0.20000000000000001,134,42020274,176,24bcbeea8d7171d95e477be111926161b7ed32c3d4552a5700a70b211dc97a14,0.20907909209100001,1,False,,0.24747930052700001,240,1.2373965026339999,0.24747930052700001,240,1.2373965026339999,0.24747930052700001,240,1.2373965026339999,0.081519995082999994,240,0.40759997541699999,0.081519995082999994,240,0.40759997541699999
primary,equity,0.20000000000000001,135,42020275,177,970ffd2acf8e7a145a7fcac673480ef4e6eb6490af3519784212b2c90ceb7372,0.003399660034,0.016998300170000001,True,,0.29512678934199998,240,1.4756339467099999,0.29512678934199998,240,1.4756339467099999,0.29512678934199998,240,1.4756339467099999,0.19260881515100001,240,0.96304407575499995,0.19260881515100001,240,0.96304407575499995
primary,equity,0.20000000000000001,136,42020276,178,7044098dd0088aae71bd90f92a1c39733174573eba5616c621780cdb356cc0d2,0.013298670133,0.066493350665000006,False,,0.244015779652,240,1.220078898258,0.244015779652,240,1.220078898258,0.244015779652,240,1.220078898258,0.16046259407399999,240,0.80231297037000004,0.16046259407399999,240,0.80231297037000004
primary,equity,0.20000000000000001,137,42020277,179,3bbe9c0025ce8c6bc6a6622fdacea51291bd314958bd84e3c98a827146ab9296,0.041395860414000001,0.20697930207000001,False,,0.23078024479299999,240,1.153901223966,0.23078024479299999,240,1.153901223966,0.23078024479299999,240,1.153901223966,0.13172382827000001,240,0.65861914135199995,0.13172382827000001,240,0.65861914135199995
primary,equity,0.20000000000000001,138,42020278,180,158c2751a6206d509ad49c283ae4d9d5398ea1d95a8a6a22523a82508480ce06,0.097790220977999998,0.48895110488999999,False,,0.18286566880800001,240,0.91432834403800001,0.18286566880800001,240,0.91432834403800001,0.18286566880800001,240,0.91432834403800001,0.107313339429,240,0.53656669714299998,0.107313339429,240,0.53656669714299998
primary,equity,0.20000000000000001,139,42020279,181,0d05a5cd56d12dfd58978f29a0dee3069e84d42db1454eb53efc67556cd70edb,0.0098990100990000007,0.049495050494999998,True,,0.20105624349000001,240,1.0052812174520001,0.20105624349000001,240,1.0052812174520001,0.20105624349000001,240,1.0052812174520001,0.16972190993299999,240,0.84860954966299995,0.16972190993299999,240,0.84860954966299995
primary,equity,0.20000000000000001,140,42020280,182,a7ee3e90547e3c32efa384c3ca932a6658ec2e4e014f7dd2255f6569dc14cd30,0.021897810218999999,0.109489051095,False,,0.237288115041,240,1.186440575205,0.237288115041,240,1.186440575205,0.237288115041,240,1.186440575205,0.149015612208,240,0.74507806103800001,0.149015612208,240,0.74507806103800001
primary,equity,0.20000000000000001,141,42020281,183,63fc36075360a53bc95d33924757d1ef3df067b7ab596867093fc42c81aa9474,0.021797820217999999,0.10898910109,False,,0.229693907345,240,1.1484695367269999,0.229693907345,240,1.1484695367269999,0.229693907345,240,1.1484695367269999,0.14755428631100001,240,0.73777143155299996,0.14755428631100001,240,0.73777143155299996
primary,equity,0.20000000000000001,142,42020282,184,36a0eb1962cc31782c880b7239056c96e65188824c8f369d15b96132bd2af238,0.13308669133100001,0.665433456654,False,,0.13916252170000001,240,0.69581260850000004,0.13916252170000001,240,0.69581260850000004,0.13916252170000001,240,0.69581260850000004,0.098132340651000002,240,0.49066170325500003,0.098132340651000002,240,0.49066170325500003
primary,equity,0.20000000000000001,143,42020283,185,df13bee99133fd916ddff68eeffb442f3ec6ff9965097206eed34dabb630a10b,0.0053994600539999998,0.02699730027,True,,0.338898587054,240,1.69449293527,0.338898587054,240,1.69449293527,0.338898587054,240,1.69449293527,0.178520410967,240,0.89260205483599997,0.178520410967,240,0.89260205483599997
primary,equity,0.20000000000000001,144,42020284,186,7c1f700fbe0da0427818fc0dd17dc769cba1ae513f4a45a233c6ca25cf6c4a71,0.050094990500999997,0.25047495250500001,False,,0.222293481155,240,1.111467405775,0.222293481155,240,1.111467405775,0.222293481155,240,1.111467405775,0.12644140126100001,240,0.632207006307,0.12644140126100001,240,0.632207006307
primary,equity,0.20000000000000001,145,42020285,187,ab79947f40cb1edf8e3ef4b83c61f1a15b394e9baf6945ceba99ec1ed3602011,0.089091090890999994,0.44545545445500001,False,,0.26084664326000001,240,1.3042332162979999,0.26084664326000001,240,1.3042332162979999,0.26084664326000001,240,1.3042332162979999,0.110251363693,240,0.55125681846399999,0.110251363693,240,0.55125681846399999
primary,equity,0.20000000000000001,146,42020286,188,928a01f96d3f4fcc26f13b0a239fd6c64183870c2b07b79e7f3f054a6316ac1e,0.0022997700229999999,0.011498850115000001,True,,0.28075700841399998,240,1.403785042068,0.28075700841399998,240,1.403785042068,0.28075700841399998,240,1.403785042068,0.19272590959700001,240,0.96362954798699996,0.19272590959700001,240,0.96362954798699996
primary,equity,0.20000000000000001,147,42020287,189,a1ba5ff00bf36572c8a009d45912843265f093c75b6d71dc4bff8d970a3af2cc,0.022797720228000001,0.11398860114000001,False,,0.220755433763,240,1.1037771688169999,0.220755433763,240,1.1037771688169999,0.220755433763,240,1.1037771688169999,0.146788944452,240,0.73394472225999996,0.146788944452,240,0.73394472225999996
primary,equity,0.20000000000000001,148,42020288,190,76fbd18d9974f2aa78a841f733ccf029562c659a993ff2a14a0055c42636f663,0.0023997600239999998,0.01199880012,True,,0.234796004241,240,1.173980021207,0.234796004241,240,1.173980021207,0.234796004241,240,1.173980021207,0.19994584833199999,240,0.99972924166199995,0.19994584833199999,240,0.99972924166199995
primary,equity,0.20000000000000001,149,42020289,191,9fc2c1bef2a541cbd7fba9f1fce566c666be4a024c22b001ff6d26d092eedfe7,0.054194580542,0.27097290271000002,False,,0.242273381254,240,1.2113669062700001,0.242273381254,240,1.2113669062700001,0.242273381254,240,1.2113669062700001,0.124644711438,240,0.62322355719,0.124644711438,240,0.62322355719
primary,equity,0.20000000000000001,150,42020290,192,6a519f1ce47e9394ee818f793ac793ba84eb82efac7655b48355306beb48a4c5,0.042995700429999999,0.21497850215,False,,0.156908666222,240,0.78454333110899999,0.156908666222,240,0.78454333110899999,0.156908666222,240,0.78454333110899999,0.130254800202,240,0.65127400101199995,0.130254800202,240,0.65127400101199995
primary,equity,0.20000000000000001,151,42020291,193,9aadf44a2f01c659afdb54580fde39193d4d2d9fa88daf6ed949f355152ff259,0.069893010699000002,0.34946505349500001,False,,0.23013929053500001,240,1.150696452677,0.23013929053500001,240,1.150696452677,0.23013929053500001,240,1.150696452677,0.116088445093,240,0.58044222546400004,0.116088445093,240,0.58044222546400004
primary,equity,0.20000000000000001,152,42020292,194,b78d07bff7c914f2586858db602461e74e02d980e536df9d2cc951ca1c22663c,0.072392760723999999,0.36196380362000002,False,,0.122066211568,240,0.61033105783999997,0.122066211568,240,0.61033105783999997,0.122066211568,240,0.61033105783999997,0.116986872614,240,0.58493436306799995,0.116986872614,240,0.58493436306799995
primary,equity,0.20000000000000001,153,42020293,195,cb0ec0f06eecf056437274dd25bc9e4519030cd5e1a7abafbf69ff5548c3b9a1,0.032196780321999997,0.16098390161000001,False,,0.20226762098699999,240,1.011338104937,0.20226762098699999,240,1.011338104937,0.20226762098699999,240,1.011338104937,0.14014717050799999,240,0.70073585254199999,0.14014717050799999,240,0.70073585254199999
primary,equity,0.20000000000000001,154,42020294,196,1b91c6cf4ba0fb2a48d4ede766be96b5b06509a347df98241e768e455b4267c9,0.085291470852999998,0.42645735426499998,False,,0.14382848352499999,240,0.71914241762300002,0.14382848352499999,240,0.71914241762300002,0.14382848352499999,240,0.71914241762300002,0.11223643052399999,240,0.561182152622,0.11223643052399999,240,0.561182152622
primary,equity,0.20000000000000001,155,42020295,197,86948c39540bb9e1b655b8349af7b11d800dd2c7650d53fd72a28006356d756a,0.012898710129000001,0.064493550644999995,False,,0.180623623087,240,0.90311811543300002,0.180623623087,240,0.90311811543300002,0.180623623087,240,0.90311811543300002,0.16068153944800001,240,0.80340769724000005,0.16068153944800001,240,0.80340769724000005
primary,equity,0.20000000000000001,156,42020296,198,9e7854a9023e55f14cde9b3688384ae5f797b59e07bedc64bbe2695e84670da6,0.012598740125999999,0.062993700629999996,False,,0.25268299484399998,240,1.26341497422,0.25268299484399998,240,1.26341497422,0.25268299484399998,240,1.26341497422,0.161986714566,240,0.80993357283099998,0.161986714566,240,0.80993357283099998
primary,equity,0.20000000000000001,157,42020297,199,41a196ca4632a38653a47232c826c8a9122c1304c0d78f8043fb6bf8e129303d,0.018698130186999999,0.093490650935000003,False,,0.19491471125400001,240,0.97457355626999997,0.19491471125400001,240,0.97457355626999997,0.19491471125400001,240,0.97457355626999997,0.15077395621199999,240,0.75386978105900004,0.15077395621199999,240,0.75386978105900004
primary,equity,0.20000000000000001,158,42020298,200,510b13055a36d1cc7cd483a0b053fabf89193b422be93321530f49742a380e1c,0.030096990301,0.15048495150499999,False,,0.22339576457599999,240,1.1169788228790001,0.22339576457599999,240,1.1169788228790001,0.22339576457599999,240,1.1169788228790001,0.142889551536,240,0.714447757681,0.142889551536,240,0.714447757681
primary,equity,0.20000000000000001,159,42020299,201,8e0ea817ef5129206ce0af3de797105b74d69d8ec8f17e457681aeb171b3d19c,0.146585341466,0.732926707329,False,,0.164995821371,240,0.82497910685700004,0.164995821371,240,0.82497910685700004,0.164995821371,240,0.82497910685700004,0.094412975802000004,240,0.472064879012,0.094412975802000004,240,0.472064879012
primary,equity,0.20000000000000001,160,42020300,202,50dd8903fb8c0784466451d9ee88ba2384a9d819ae465681374088db0e2e0d5f,0.121187881212,0.60593940605899999,False,,0.22844442837699999,240,1.142222141884,0.22844442837699999,240,1.142222141884,0.22844442837699999,240,1.142222141884,0.101492215175,240,0.507461075875,0.101492215175,240,0.507461075875
primary,equity,0.20000000000000001,161,42020301,203,ba3c1c6857f290a995205ca0c4e125b306fd1ea1c7a3df9931afa7d9f859d5a5,0.0011998800119999999,0.00599940006,True,,0.23858604994099999,240,1.1929302497050001,0.23858604994099999,240,1.1929302497050001,0.23858604994099999,240,1.1929302497050001,0.211588457683,240,1.057942288414,0.211588457683,240,1.057942288414
primary,equity,0.20000000000000001,162,42020302,204,8c5725995d758dddeea89e186d79f7a52733c3554a19fb252490b67813d498c6,0.028897110289000001,0.144485551445,False,,0.19086687650799999,240,0.95433438253900005,0.19086687650799999,240,0.95433438253900005,0.19086687650799999,240,0.95433438253900005,0.13934231567700001,240,0.69671157838499997,0.13934231567700001,240,0.69671157838499997
primary,equity,0.20000000000000001,163,42020303,205,07f65b2181323e9f7e0f9c216a71c452b4ae58d2e5eb8ebc7e2c4f9121a4905c,0.025397460253999998,0.12698730126999999,False,,0.24947893461699999,240,1.2473946730859999,0.24947893461699999,240,1.2473946730859999,0.24947893461699999,240,1.2473946730859999,0.14555401112800001,240,0.72777005564099995,0.14555401112800001,240,0.72777005564099995
primary,equity,0.20000000000000001,164,42020304,206,a03bb3838a752639d94a83490581e943961ae591b08178e0f163a56f79f9098a,0.025397460253999998,0.12698730126999999,False,,0.31776232696599999,240,1.5888116348300001,0.31776232696599999,240,1.5888116348300001,0.31776232696599999,240,1.5888116348300001,0.14799204554299999,240,0.73996022771500003,0.14799204554299999,240,0.73996022771500003
primary,equity,0.20000000000000001,165,42020305,207,3fdf70ee0eef7741673083f53ff5dda9d5ff7885943ed38d4a1a54c6dedde2a5,0.027897210278999999,0.139486051395,False,,0.146539253954,240,0.732696269771,0.146539253954,240,0.732696269771,0.146539253954,240,0.732696269771,0.14228799100799999,240,0.71143995504000002,0.14228799100799999,240,0.71143995504000002
primary,equity,0.20000000000000001,166,42020306,208,e87784367637543d7688191fa5387a6a01ba6e8df6a3c67e368ba4daf3e89976,0.024997500249999999,0.12498750124999999,False,,0.18333427976800001,240,0.91667139884100002,0.18333427976800001,240,0.91667139884100002,0.18333427976800001,240,0.91667139884100002,0.148328057338,240,0.74164028669199999,0.148328057338,240,0.74164028669199999
primary,equity,0.20000000000000001,167,42020307,209,d31bf74bff5d7d8a6c5d6716e8c2e35ee9dd34f917defe0981108aa7cd63ef1c,0.25937406259399998,1,False,,0.21055137991299999,240,1.052756899564,0.21055137991299999,240,1.052756899564,0.21055137991299999,240,1.052756899564,0.072557613258000003,240,0.36278806628799998,0.072557613258000003,240,0.36278806628799998
primary,equity,0.20000000000000001,168,42020308,210,99e4e23cac0641d47a8a1e8541b92c406f838d1ad2e3dafe49a25bf9a28b5b57,0.030196980302,0.15098490150999999,False,,0.17272427034400001,240,0.86362135171800003,0.17272427034400001,240,0.86362135171800003,0.17272427034400001,240,0.86362135171800003,0.141194666848,240,0.70597333423999997,0.141194666848,240,0.70597333423999997
primary,equity,0.20000000000000001,169,42020309,211,a543154117a7c71bf2f9aea2c535f8927330d99e9364e333c326622618c2e75f,0.091490850915000005,0.457454254575,False,,0.088756632067000005,240,0.44378316033499998,0.088756632067000005,240,0.44378316033499998,0.088756632067000005,240,0.44378316033499998,0.107298271019,240,0.53649135509500001,0.107298271019,240,0.53649135509500001
primary,equity,0.20000000000000001,170,42020310,212,640cf477e3e1833b67421aeec372d06d695a6245ee6bd60ec22a04b844362dbe,0.015098490151,0.075492450754999996,False,,0.22971655483600001,240,1.148582774181,0.22971655483600001,240,1.148582774181,0.22971655483600001,240,1.148582774181,0.15602439950700001,240,0.78012199753699996,0.15602439950700001,240,0.78012199753699996
primary,equity,0.20000000000000001,171,42020311,213,1bc8f5d84072ba2796955317d8d40a52f408a465499d0e8093c69c70b4b042fe,0.0090990900909999999,0.045495450455000003,True,,0.20608902762600001,240,1.030445138128,0.20608902762600001,240,1.030445138128,0.20608902762600001,240,1.030445138128,0.171910336459,240,0.85955168229400003,0.171910336459,240,0.85955168229400003
primary,equity,0.20000000000000001,172,42020312,214,927f72ed66ccd0d0b6cb0a3af472285e632f333f7faad990bbca9eadc5291ca5,0.061393860613999998,0.30696930306999998,False,,0.133552255078,240,0.66776127539200003,0.133552255078,240,0.66776127539200003,0.133552255078,240,0.66776127539200003,0.123683215118,240,0.61841607558900002,0.123683215118,240,0.61841607558900002
primary,equity,0.20000000000000001,173,42020313,215,8810eda4feaff45e4605ff5aedc3cf9538351a09d32bcea62873572579c342eb,0.013098690131,0.065493450654999993,False,,0.22812294628999999,240,1.1406147314520001,0.22812294628999999,240,1.1406147314520001,0.22812294628999999,240,1.1406147314520001,0.16051737364499999,240,0.80258686822699998,0.16051737364499999,240,0.80258686822699998
primary,equity,0.20000000000000001,174,42020314,216,30fcdc86f82a958fff5eb8d4a57e811264749c31db072acb9f78eec74db47400,0.043095690430999999,0.215478452155,False,,0.19306900133800001,240,0.96534500669199996,0.19306900133800001,240,0.96534500669199996,0.19306900133800001,240,0.96534500669199996,0.132286365071,240,0.66143182535300005,0.132286365071,240,0.66143182535300005
primary,equity,0.20000000000000001,175,42020315,217,cf99db5fd5d92b2c8ebb440f5c7ff8e22dce3e5f73e2ac932c236eae91e62eed,0.001699830017,0.0084991500850000005,True,,0.325147032665,240,1.6257351633229999,0.325147032665,240,1.6257351633229999,0.325147032665,240,1.6257351633229999,0.20451662814300001,240,1.0225831407170001,0.20451662814300001,240,1.0225831407170001
primary,equity,0.20000000000000001,176,42020316,218,4c1bc882a8efd964217a6139a99d27a88c3c7ca588feba4aec2fe6bd16b22579,0.055594440555999998,0.27797220278000001,False,,0.24843919796399999,240,1.2421959898179999,0.24843919796399999,240,1.2421959898179999,0.24843919796399999,240,1.2421959898179999,0.12573855305100001,240,0.62869276525499995,0.12573855305100001,240,0.62869276525499995
primary,equity,0.20000000000000001,177,42020317,219,d220cb0717896bc3194a17d0163bd237a55320758359c81d282be3bc06f44410,0.142485751425,0.712428757124,False,,0.086583390812000005,240,0.432916954061,0.086583390812000005,240,0.432916954061,0.086583390812000005,240,0.432916954061,0.094069064928999996,240,0.47034532464599998,0.094069064928999996,240,0.47034532464599998
primary,equity,0.20000000000000001,178,42020318,220,5435a68ee34728a9db5fff5f347e11a4bb1e6862cef2a2a15c736727f7a76a8b,0.028797120288000001,0.14398560144,False,,0.20735422928399999,240,1.0367711464189999,0.20735422928399999,240,1.0367711464189999,0.20735422928399999,240,1.0367711464189999,0.141397337643,240,0.70698668821699995,0.141397337643,240,0.70698668821699995
primary,equity,0.20000000000000001,179,42020319,221,a01387d8919ae86162a0c63b21af6023791f42432f44d2480850a6b561395885,0.029597040296,0.14798520147999999,False,,0.222809747232,240,1.114048736158,0.222809747232,240,1.114048736158,0.222809747232,240,1.114048736158,0.140428092078,240,0.70214046038900002,0.140428092078,240,0.70214046038900002
primary,equity,0.20000000000000001,180,42020320,222,30f6fa34f051c3aedb3e11b40b9c0cd7406fc3c1ca06ef68b8f6d34844696998,0.072392760723999999,0.36196380362000002,False,,0.12094992578200001,240,0.60474962890999995,0.12094992578200001,240,0.60474962890999995,0.12094992578200001,240,0.60474962890999995,0.116088527702,240,0.58044263851,0.116088527702,240,0.58044263851
primary,equity,0.20000000000000001,181,42020321,223,7baa614200d7b3ab63ec8ea42a0b52e99d39881a8c303df74e382d9edd72db99,0.047495250475,0.237476252375,False,,0.19194508353500001,240,0.95972541767700004,0.19194508353500001,240,0.95972541767700004,0.19194508353500001,240,0.95972541767700004,0.12890275961,240,0.64451379805200004,0.12890275961,240,0.64451379805200004
primary,equity,0.20000000000000001,182,42020322,224,ff83c477d3e52e9e1603e3c13c7bfa8a74dd3045154bfd6f6960d1889b3d9a77,0.11198880111999999,0.55994400559900004,False,,0.23316329430400001,240,1.165816471519,0.23316329430400001,240,1.165816471519,0.23316329430400001,240,1.165816471519,0.102961115208,240,0.51480557603800003,0.102961115208,240,0.51480557603800003
primary,equity,0.20000000000000001,183,42020323,225,0ac7a18de8df969f5a4d6411d37e227f20c0cf5407d06503248a16232f850f10,0.15768423157700001,0.78842115788400002,False,,0.189788080591,240,0.948940402957,0.189788080591,240,0.948940402957,0.189788080591,240,0.948940402957,0.090638986344,240,0.45319493171800002,0.090638986344,240,0.45319493171800002
primary,equity,0.20000000000000001,184,42020324,226,d71924a3ecdccd8ec1eb808b81196b702d9145c6c3203388ca190ebb9811878b,0.035196480352000001,0.17598240175999999,False,,0.26902864064400001,240,1.345143203221,0.26902864064400001,240,1.345143203221,0.26902864064400001,240,1.345143203221,0.13840439203499999,240,0.69202196017399997,0.13840439203499999,240,0.69202196017399997
primary,equity,0.20000000000000001,185,42020325,227,13190b5eed041f3982156f25c58e5aa53e1324def19a335c28dc3a40a374697b,0.024797520247999999,0.12398760123999999,False,,0.230162272493,240,1.150811362465,0.230162272493,240,1.150811362465,0.230162272493,240,1.150811362465,0.143850561726,240,0.71925280862800001,0.143850561726,240,0.71925280862800001
primary,equity,0.20000000000000001,186,42020326,228,1963fa0e043c0a07ba04d5ade192c143229043560de01d48799b90bd5869b940,0.037996200379999998,0.1899810019,False,,0.21598792269100001,240,1.079939613456,0.21598792269100001,240,1.079939613456,0.21598792269100001,240,1.079939613456,0.13521629646399999,240,0.67608148232099996,0.13521629646399999,240,0.67608148232099996
primary,equity,0.20000000000000001,187,42020327,229,fecca4beef9481012a572ae53f1c63d3c05034b0091cf1fbaa7d010cf2c987fb,0.037796220377999998,0.18898110189,False,,0.21155039064699999,240,1.0577519532370001,0.21155039064699999,240,1.0577519532370001,0.21155039064699999,240,1.0577519532370001,0.13578694463499999,240,0.67893472317500003,0.13578694463499999,240,0.67893472317500003
primary,equity,0.20000000000000001,188,42020328,230,77ffa78f453ce6190a905b6dc615b30b354cb5aee848f998eaa0024138d83c4e,0.12528747125299999,0.62643735626399999,False,,0.16855046651399999,240,0.84275233257100002,0.16855046651399999,240,0.84275233257100002,0.16855046651399999,240,0.84275233257100002,0.098905944994999995,240,0.49452972497499997,0.098905944994999995,240,0.49452972497499997
primary,equity,0.20000000000000001,189,42020329,231,17cffd046c3588a71e7fdbe8d825873f1e1e9305fe5fc75f8e72646a5d416ac0,0.042495750424999999,0.212478752125,False,,0.34261847631600001,240,1.713092381579,0.34261847631600001,240,1.713092381579,0.34261847631600001,240,1.713092381579,0.13062157342399999,240,0.65310786712000002,0.13062157342399999,240,0.65310786712000002
primary,equity,0.20000000000000001,190,42020330,232,cd49fe2931a3f172056e5c26640e5fc6d904348eb45d5f1ddab663cc2b777f1f,0.060293970602999999,0.30146985301500001,False,,0.22487309048099999,240,1.124365452403,0.22487309048099999,240,1.124365452403,0.22487309048099999,240,1.124365452403,0.123777277601,240,0.61888638800700002,0.123777277601,240,0.61888638800700002
primary,equity,0.20000000000000001,191,42020331,233,a77782d5c80ab5c2a7f0fd4b1f9c2d708c4d39e77860d5e9f208e854b205f99d,0.0039996000399999997,0.019998000200000001,True,,0.34199316488600001,240,1.7099658244289999,0.34199316488600001,240,1.7099658244289999,0.34199316488600001,240,1.7099658244289999,0.18134103672400001,240,0.90670518362100005,0.18134103672400001,240,0.90670518362100005
primary,equity,0.20000000000000001,192,42020332,234,da6a13a2d66e244d972852416f035a92c141594ba0ef8c1a828c831541a656e9,0.0049995000500000003,0.024997500249999999,True,,0.202969884888,240,1.014849424441,0.202969884888,240,1.014849424441,0.202969884888,240,1.014849424441,0.182848889598,240,0.914244447992,0.182848889598,240,0.914244447992
primary,equity,0.20000000000000001,193,42020333,235,0752c44b5b62efda8cd13ad63be6169a30190bc5259f84840383b0d044ab5c9b,0.090090990901000007,0.450454954505,False,,0.176059442219,240,0.88029721109400005,0.176059442219,240,0.88029721109400005,0.176059442219,240,0.88029721109400005,0.110517237368,240,0.55258618683799998,0.110517237368,240,0.55258618683799998
primary,equity,0.20000000000000001,194,42020334,236,e623c590d2cdc6632b23f358cfc7ec5ad76e8d6d67f01c8f9cb239041954a534,0.049095090490999999,0.24547545245499999,False,,0.16494991497100001,240,0.82474957485699996,0.16494991497100001,240,0.82474957485699996,0.16494991497100001,240,0.82474957485699996,0.12592664193399999,240,0.629633209671,0.12592664193399999,240,0.629633209671
primary,equity,0.20000000000000001,195,42020335,237,54e1848e9db806f1e80189b5f88d9f08c126640cbafa10fd2ab7877f3972dd9a,0.028597140286000002,0.14298570143,False,,0.157541296266,240,0.78770648133200005,0.157541296266,240,0.78770648133200005,0.157541296266,240,0.78770648133200005,0.14388177576200001,240,0.719408878812,0.14388177576200001,240,0.719408878812
primary,equity,0.20000000000000001,196,42020336,238,961ba1d7ef31d5cee27fb13aaf1961e27f8db524618530024b1373cdbec85e67,0.020597940206,0.10298970103000001,False,,0.21759765598299999,240,1.087988279915,0.21759765598299999,240,1.087988279915,0.21759765598299999,240,1.087988279915,0.151672336475,240,0.75836168237599999,0.151672336475,240,0.75836168237599999
primary,equity,0.20000000000000001,197,42020337,239,305aa9b87a68a44a56285143b6ca7f14139b9477e20f0881d9d062251be162c5,0.145485451455,0.72742725727400004,False,,0.22216928881299999,240,1.1108464440629999,0.22216928881299999,240,1.1108464440629999,0.22216928881299999,240,1.1108464440629999,0.095506934459999998,240,0.47753467230199997,0.095506934459999998,240,0.47753467230199997
primary,equity,0.20000000000000001,198,42020338,240,6fbd7f8fa7c423bf11162e98419186719925730ce774e303fefe2a5957a44919,0.0046995300469999998,0.023497650235,True,,0.21710498841100001,240,1.0855249420569999,0.21710498841100001,240,1.0855249420569999,0.21710498841100001,240,1.0855249420569999,0.18187254064200001,240,0.90936270320900003,0.18187254064200001,240,0.90936270320900003
primary,equity,0.20000000000000001,199,42020339,241,ed4a8f5d921fcfd2d394341733130de1e7abf9d5b547cbd552d00212a490b06a,0.043495650434999998,0.217478252175,False,,0.161902537446,240,0.80951268723199998,0.161902537446,240,0.80951268723199998,0.161902537446,240,0.80951268723199998,0.131465854223,240,0.65732927111399997,0.131465854223,240,0.65732927111399997
primary,equity,0.29999999999999999,0,42030147,42,4a9632d6bf773c3d4fd5f8d6ab2310df3700dd966c3f954733221d6bb47cf6ea,0.023097690231000001,0.115488451155,False,,0.31450413668600002,240,1.048347122285,0.31450413668600002,240,1.048347122285,0.31450413668600002,240,1.048347122285,0.15168784375800001,240,0.50562614585999999,0.15168784375800001,240,0.50562614585999999
primary,equity,0.29999999999999999,1,42030148,43,f02e2a08fa46b233c7c5580d57ab703f08fb55630c017a688133fd61293dc792,0.0048995100490000004,0.024497550244999999,True,,0.32849109804299997,240,1.0949703268090001,0.32849109804299997,240,1.0949703268090001,0.32849109804299997,240,1.0949703268090001,0.18288024833899999,240,0.609600827796,0.18288024833899999,240,0.609600827796
primary,equity,0.29999999999999999,2,42030149,44,de38a4d5d5b3a8b726a5e3a4132413c6fdc0653beb6e0a6c8f8c0ab38de71516,0.001899810019,0.0094990500949999994,True,,0.40472171640499999,240,1.3490723880169999,0.40472171640499999,240,1.3490723880169999,0.40472171640499999,240,1.3490723880169999,0.20396955356599999,240,0.67989851188799999,0.20396955356599999,240,0.67989851188799999
primary,equity,0.29999999999999999,3,42030150,45,6ff9d0e134816dae979acbf13dcd389d8ce590d76ad2297193020d7f7ca8a329,0.0056994300570000003,0.028497150285000002,True,,0.26906830436500001,240,0.89689434788400002,0.26906830436500001,240,0.89689434788400002,0.26906830436500001,240,0.89689434788400002,0.179982469358,240,0.59994156452500003,0.179982469358,240,0.59994156452500003
primary,equity,0.29999999999999999,4,42030151,46,eee2de3c7b6b11cf9f1d9cbccde523bce0657ac1b791131ef0b41e611e203217,0.015898410158999999,0.079492050795000005,False,,0.282343164998,240,0.94114388332499999,0.282343164998,240,0.94114388332499999,0.282343164998,240,0.94114388332499999,0.15732961986800001,240,0.52443206622799998,0.15732961986800001,240,0.52443206622799998
primary,equity,0.29999999999999999,5,42030152,47,fd958dda36b240a0abba9b58649dfc83856466d0d6c2de8693c34ed8b21886ea,0.00019998000200000001,0.00099990000999999992,True,,0.29255580627599997,240,0.97518602091899997,0.29255580627599997,240,0.97518602091899997,0.29255580627599997,240,0.97518602091899997,0.24850836473900001,240,0.82836121579499999,0.24850836473900001,240,0.82836121579499999
primary,equity,0.29999999999999999,6,42030153,48,e3daf24388f55349e8cc06f07c9ae2f972d244728c0e2777daf94df09ef86a13,0.0038996100389999998,0.019498050195000002,True,,0.233069928412,240,0.77689976137500005,0.233069928412,240,0.77689976137500005,0.233069928412,240,0.77689976137500005,0.18762377826599999,240,0.62541259421899997,0.18762377826599999,240,0.62541259421899997
primary,equity,0.29999999999999999,7,42030154,49,1298695abb9c75169891248af60db1167439177cb291966df7f5a56f9fbe3665,0.020197980202000001,0.10098990100999999,False,,0.278944817718,240,0.92981605906099996,0.278944817718,240,0.92981605906099996,0.278944817718,240,0.92981605906099996,0.15006318346299999,240,0.50021061154400004,0.15006318346299999,240,0.50021061154400004
primary,equity,0.29999999999999999,8,42030155,50,1e213efee6816c505c88e2db04b0c0066822f1e06de01859b59d3f0102db2890,0.0084991500850000005,0.042495750424999999,True,,0.275153937683,240,0.91717979227799995,0.275153937683,240,0.91717979227799995,0.275153937683,240,0.91717979227799995,0.17368346221299999,240,0.57894487404299999,0.17368346221299999,240,0.57894487404299999
primary,equity,0.29999999999999999,9,42030156,51,93871bbcb2b7858a46754adb7b02f6482fbcc9c4deaa459bfa5f07fae6e5df36,0.021097890211,0.105489451055,False,,0.28175767188299999,240,0.93919223961099996,0.28175767188299999,240,0.93919223961099996,0.28175767188299999,240,0.93919223961099996,0.14902348271099999,240,0.49674494237,0.14902348271099999,240,0.49674494237
primary,equity,0.29999999999999999,10,42030157,52,68ab6ae34bbf74a6e2ccd4635640f894a917991e3b5795b1991c052e40ff86d5,0.032696730326999997,0.163483651635,False,,0.25174506827100002,240,0.83915022757000002,0.25174506827100002,240,0.83915022757000002,0.25174506827100002,240,0.83915022757000002,0.13746698401400001,240,0.45822328004599999,0.13746698401400001,240,0.45822328004599999
primary,equity,0.29999999999999999,11,42030158,53,bbefa104bbe8e9f2a0b536b30188977a1206f65078857ec660686e3e1971970a,0.00029997000299999998,0.001499850015,True,,0.36440261802700002,240,1.2146753934229999,0.36440261802700002,240,1.2146753934229999,0.36440261802700002,240,1.2146753934229999,0.24447616238,240,0.81492054126500002,0.24447616238,240,0.81492054126500002
primary,equity,0.29999999999999999,12,42030159,54,345f82ed614baf76939e24eaabe107c2a698307e0330a96f7f3f4607b5fee5ec,0.00089991000900000004,0.004499550045,True,,0.31464624516799999,240,1.0488208172269999,0.31464624516799999,240,1.0488208172269999,0.31464624516799999,240,1.0488208172269999,0.210158969147,240,0.70052989715799996,0.210158969147,240,0.70052989715799996
primary,equity,0.29999999999999999,13,42030160,55,9b2dce6da404a9268390572bad885b1729df6206ba26da73655af6453985097d,0.059294070593000001,0.29647035296500002,False,,0.19949384824899999,240,0.66497949416299995,0.19949384824899999,240,0.66497949416299995,0.19949384824899999,240,0.66497949416299995,0.12388660008999999,240,0.41295533363199999,0.12388660008999999,240,0.41295533363199999
primary,equity,0.29999999999999999,14,42030161,56,8c37b92c6751f2ce37d5d4cd6c99cc5633cca42d6ee6f24cb8f0147c19f29e2c,0.0056994300570000003,0.028497150285000002,True,,0.31342658430499998,240,1.044755281015,0.31342658430499998,240,1.044755281015,0.31342658430499998,240,1.044755281015,0.18238040502399999,240,0.60793468341500001,0.18238040502399999,240,0.60793468341500001
primary,equity,0.29999999999999999,15,42030162,57,b253f919fd7500400dd7c190b635608f8f0d0b1b2de1847199a9d65588833926,0.0081991800819999992,0.040995900410000001,True,,0.293304603198,240,0.97768201066100002,0.293304603198,240,0.97768201066100002,0.293304603198,240,0.97768201066100002,0.17037026211699999,240,0.56790087372499998,0.17037026211699999,240,0.56790087372499998
primary,equity,0.29999999999999999,16,42030163,58,34ea55528d6be8833c2c62e54076b4921df22015e5d49bd20147bf17e2f735f5,0.001099890011,0.0054994500549999997,True,,0.26800387642000001,240,0.89334625473200002,0.26800387642000001,240,0.89334625473200002,0.26800387642000001,240,0.89334625473200002,0.21590179481999999,240,0.71967264939999998,0.21590179481999999,240,0.71967264939999998
primary,equity,0.29999999999999999,17,42030164,59,85f4328e716545793cb827f83e4432aee82fbf3751b7e2f2c864e3316adcaf53,0.00069993000699999995,0.0034996500349999998,True,,0.28867981367599999,240,0.96226604558600004,0.28867981367599999,240,0.96226604558600004,0.28867981367599999,240,0.96226604558600004,0.215448823574,240,0.71816274524500001,0.215448823574,240,0.71816274524500001
primary,equity,0.29999999999999999,18,42030165,60,890b00a047dfe473b844e7d43fb8e7d77a3ae9d7c7e15850210086f780b4f15e,0.027897210278999999,0.139486051395,False,,0.29690781087700002,240,0.98969270292300004,0.29690781087700002,240,0.98969270292300004,0.29690781087700002,240,0.98969270292300004,0.142803368348,240,0.47601122782600003,0.142803368348,240,0.47601122782600003
primary,equity,0.29999999999999999,19,42030166,61,bccecef434c775a4c0296bb01fed03a272331b0834ff8e42b679a3838b15be01,0.0046995300469999998,0.023497650235,True,,0.37849119585500002,240,1.2616373195170001,0.37849119585500002,240,1.2616373195170001,0.37849119585500002,240,1.2616373195170001,0.18303619360199999,240,0.61012064533900001,0.18303619360199999,240,0.61012064533900001
primary,equity,0.29999999999999999,20,42030167,62,309e0ebe976bd7bb15db54a36643a67208a6d77aa49ceaf9316799d8f248ef2b,0.014198580141999999,0.070992900710000001,False,,0.28256230599600002,240,0.94187435332000002,0.28256230599600002,240,0.94187435332000002,0.28256230599600002,240,0.94187435332000002,0.158313960403,240,0.52771320134400002,0.158313960403,240,0.52771320134400002
primary,equity,0.29999999999999999,21,42030168,63,f6856e73feceb19c96ee0732d11a46686244da2098a7fa2c5591f08f8f025629,0.017698230177,0.088491150884999994,False,,0.18753845359099999,240,0.62512817863699999,0.18753845359099999,240,0.62512817863699999,0.18753845359099999,240,0.62512817863699999,0.15446969746100001,240,0.51489899153800001,0.15446969746100001,240,0.51489899153800001
primary,equity,0.29999999999999999,22,42030169,64,f2919fd1296adecb598d1a91bbc0f50182b71e4330226243ccba4f4cf2b2b87a,0.0045995400459999999,0.022997700230000001,True,,0.281718094985,240,0.939060316615,0.281718094985,240,0.939060316615,0.281718094985,240,0.939060316615,0.184763581288,240,0.61587860429399999,0.184763581288,240,0.61587860429399999
primary,equity,0.29999999999999999,23,42030170,65,e941cebfd709443b23b204e4fef61972b27d59d6dfbf84bd38f28544a843bd63,0.0011998800119999999,0.00599940006,True,,0.36159109055600003,240,1.2053036351869999,0.36159109055600003,240,1.2053036351869999,0.36159109055600003,240,1.2053036351869999,0.20966652027999999,240,0.698888400932,0.20966652027999999,240,0.698888400932
primary,equity,0.29999999999999999,24,42030171,66,b26dc2a4897e5818beb98b2ef2694cb52d39efc18b6507fea5e3a5ee59ff2790,0.0095990400959999993,0.04799520048,True,,0.37751553360000001,240,1.2583851119989999,0.37751553360000001,240,1.2583851119989999,0.37751553360000001,240,1.2583851119989999,0.17007353708100001,240,0.56691179026899996,0.17007353708100001,240,0.56691179026899996
primary,equity,0.29999999999999999,25,42030172,67,f9114c0fc27c94e8f08b3ca2c8184527e28b8508aa53271bbb1ef2dee90cbd85,0.020797920208,0.10398960104,False,,0.27785759483099998,240,0.92619198277000003,0.27785759483099998,240,0.92619198277000003,0.27785759483099998,240,0.92619198277000003,0.151015982272,240,0.50338660757200004,0.151015982272,240,0.50338660757200004
primary,equity,0.29999999999999999,26,42030173,68,54fbb4af27fd92ab1102413b98b3e45b26d221b6dd6af20eef8eb28b2f80b923,0.00019998000200000001,0.00099990000999999992,True,,0.34604939839499999,240,1.153497994651,0.34604939839499999,240,1.153497994651,0.34604939839499999,240,1.153497994651,0.23279530648800001,240,0.77598435495899998,0.23279530648800001,240,0.77598435495899998
primary,equity,0.29999999999999999,27,42030174,69,3bfd5b8fc45af61885e676f9e1c9276652da8fb5e035242d9a96f7b34bff64e5,0.0063993600640000004,0.031996800319999998,True,,0.33116349041600002,240,1.1038783013860001,0.33116349041600002,240,1.1038783013860001,0.33116349041600002,240,1.1038783013860001,0.17488690839500001,240,0.58295636131499995,0.17488690839500001,240,0.58295636131499995
primary,equity,0.29999999999999999,28,42030175,70,e713dea9a8ae1a9c6a3a095980b0bf59a847a0b5e40292473792525374880758,0.081491850815000003,0.407459254075,False,,0.28041313051099997,240,0.93471043503600004,0.28041313051099997,240,0.93471043503600004,0.28041313051099997,240,0.93471043503600004,0.11172817910500001,240,0.37242726368399998,0.11172817910500001,240,0.37242726368399998
primary,equity,0.29999999999999999,29,42030176,71,0da2541891ca9414ee4bebc0c0d7f49a331ccd0653f9c6cf239d090a6957924d,0.0038996100389999998,0.019498050195000002,True,,0.386524448814,240,1.2884148293790001,0.386524448814,240,1.2884148293790001,0.386524448814,240,1.2884148293790001,0.18620106817900001,240,0.62067022726400001,0.18620106817900001,240,0.62067022726400001
primary,equity,0.29999999999999999,30,42030177,72,517002f3309c7cd0736bf8c12bf3b16f264e416d86b8dc9e873607b1df25d1c2,0.036396360363999999,0.18198180182000001,False,,0.172161078164,240,0.57387026054699997,0.172161078164,240,0.57387026054699997,0.172161078164,240,0.57387026054699997,0.133380355417,240,0.44460118472299998,0.133380355417,240,0.44460118472299998
primary,equity,0.29999999999999999,31,42030178,73,5362f67d28584a527106e1cafd8dba90e93f52d742920ef3de0ece6263c97af5,0.047795220478,0.23897610239,False,,0.25760478800300002,240,0.85868262667799999,0.25760478800300002,240,0.85868262667799999,0.25760478800300002,240,0.85868262667799999,0.12933282619700001,240,0.43110942065500002,0.12933282619700001,240,0.43110942065500002
primary,equity,0.29999999999999999,32,42030179,74,d53c11147912043199e45b33790b18e3a27491e81a01c2d8a1cf3f9943c8c027,0.01199880012,0.0599940006,False,,0.30625264263800001,240,1.0208421421280001,0.30625264263800001,240,1.0208421421280001,0.30625264263800001,240,1.0208421421280001,0.161283209328,240,0.53761069776000003,0.161283209328,240,0.53761069776000003
primary,equity,0.29999999999999999,33,42030180,75,adff679bea63a6219fd29af4690646f0583df769b693a0f78440b1d565f388ee,0.019398060193999998,0.096990300969999999,False,,0.289094519148,240,0.96364839716100004,0.289094519148,240,0.96364839716100004,0.289094519148,240,0.96364839716100004,0.15236002780499999,240,0.50786675935100001,0.15236002780499999,240,0.50786675935100001
primary,equity,0.29999999999999999,34,42030181,76,fb520f7c5869ad8b74648916c33b4acbb4f32c89d19337c934bd670427b70242,0.045495450455000003,0.22747725227500001,False,,0.27411577958200001,240,0.91371926527199998,0.27411577958200001,240,0.91371926527199998,0.27411577958200001,240,0.91371926527199998,0.13273980651200001,240,0.442466021707,0.13273980651200001,240,0.442466021707
primary,equity,0.29999999999999999,35,42030182,77,d0a0d5a2b714c156273ecfcb9d5f9414b522fbe1768eae96e48e408d8a3dd625,0.0056994300570000003,0.028497150285000002,True,,0.246892542996,240,0.82297514331999999,0.246892542996,240,0.82297514331999999,0.246892542996,240,0.82297514331999999,0.17728600498700001,240,0.59095334995799997,0.17728600498700001,240,0.59095334995799997
primary,equity,0.29999999999999999,36,42030183,78,b944595cce387f860abbbb5701d5c9000e0dafa3d73af39993bbd3d9117fee39,0.0035996400360000002,0.01799820018,True,,0.33673515038599999,240,1.1224505012849999,0.33673515038599999,240,1.1224505012849999,0.33673515038599999,240,1.1224505012849999,0.19010046365899999,240,0.63366821219699998,0.19010046365899999,240,0.63366821219699998
primary,equity,0.29999999999999999,37,42030184,79,c1d75334bbcc8c434d1799d8ee4233824a8c7508f72bfacba4019bb1eb464856,0.027097290271,0.13548645135500001,False,,0.22234797406699999,240,0.74115991355599997,0.22234797406699999,240,0.74115991355599997,0.22234797406699999,240,0.74115991355599997,0.14061598570299999,240,0.46871995234199998,0.14061598570299999,240,0.46871995234199998
primary,equity,0.29999999999999999,38,42030185,80,b0c0e214b0e87ed7565cd0c1f1a08435cf5acee4684e6a92268eb26271646bec,0.00079992000800000005,0.0039996000399999997,True,,0.34532887454599998,240,1.1510962484859999,0.34532887454599998,240,1.1510962484859999,0.34532887454599998,240,1.1510962484859999,0.20968898331899999,240,0.69896327773099998,0.20968898331899999,240,0.69896327773099998
primary,equity,0.29999999999999999,39,42030186,81,23fa1948207ec49b392ea1bfd39e915efd839fa6e2dfbd8d5c68b252453159db,0.0081991800819999992,0.040995900410000001,True,,0.28629692956699998,240,0.95432309855700004,0.28629692956699998,240,0.95432309855700004,0.28629692956699998,240,0.95432309855700004,0.16845640421399999,240,0.56152134737799997,0.16845640421399999,240,0.56152134737799997
primary,equity,0.29999999999999999,40,42030187,82,6c460a6d139b0829263d46a5668f134b2d6704edbfb28e74ead6793a32dfde02,0.003699630037,0.018498150184999999,True,,0.30072868027999999,240,1.002428934266,0.30072868027999999,240,1.002428934266,0.30072868027999999,240,1.002428934266,0.19273388395800001,240,0.64244627985900005,0.19273388395800001,240,0.64244627985900005
primary,equity,0.29999999999999999,41,42030188,83,f717cbef6285a4c2bcbbb3b5568a972831f70abeef2abb13622766a0812f8dc9,0.018098190181,0.090490950905000006,False,,0.266356281242,240,0.88785427080599999,0.266356281242,240,0.88785427080599999,0.266356281242,240,0.88785427080599999,0.15288328022799999,240,0.50961093409199998,0.15288328022799999,240,0.50961093409199998
primary,equity,0.29999999999999999,42,42030189,84,617ec6c538227d25909f50f79b94d4ef8a4ae4ca3421cb56a64f0ac1f1d82ccd,0.001499850015,0.007499250075,True,,0.32806807513399999,240,1.093560250448,0.32806807513399999,240,1.093560250448,0.32806807513399999,240,1.093560250448,0.20411029102799999,240,0.68036763676000001,0.20411029102799999,240,0.68036763676000001
primary,equity,0.29999999999999999,43,42030190,85,4ab3a113155cc559d3a4d57bc080330ccd3703dbcc59376728b3420b52ed19d5,0.016198380161999999,0.080991900810000003,False,,0.24130534130799999,240,0.80435113769199995,0.24130534130799999,240,0.80435113769199995,0.24130534130799999,240,0.80435113769199995,0.154079022407,240,0.51359674135599998,0.154079022407,240,0.51359674135599998
primary,equity,0.29999999999999999,44,42030191,86,c53213ed954565292a5ab86223389d9598429d2f879cb09c62a2926a8fd936c2,0.00039996000400000002,0.0019998000199999998,True,,0.35938010775700002,240,1.1979336925249999,0.35938010775700002,240,1.1979336925249999,0.35938010775700002,240,1.1979336925249999,0.244492601078,240,0.81497533692500002,0.244492601078,240,0.81497533692500002
primary,equity,0.29999999999999999,45,42030192,87,223e676d4b7b1735d6f01289cf5b4b9d15d3dd961b41c3b853a5f0befa5b58a5,0.0026997300269999999,0.013498650135,True,,0.36756031576300002,240,1.2252010525420001,0.36756031576300002,240,1.2252010525420001,0.36756031576300002,240,1.2252010525420001,0.19350682248199999,240,0.64502274160600004,0.19350682248199999,240,0.64502274160600004
primary,equity,0.29999999999999999,46,42030193,88,9e2b2a9f453d6edb5713f0004d33a9e288088f468c3c8b701e336b5b9790687e,0.0035996400360000002,0.01799820018,True,,0.29494014255000001,240,0.98313380849800003,0.29494014255000001,240,0.98313380849800003,0.29494014255000001,240,0.98313380849800003,0.18996027570499999,240,0.63320091901599995,0.18996027570499999,240,0.63320091901599995
primary,equity,0.29999999999999999,47,42030194,89,7e7bf957ed2c5364e2b4509911cec184dc00378d0072bed04c5af1322c534558,0.0017998200180000001,0.00899910009,True,,0.32251349440499999,240,1.07504498135,0.32251349440499999,240,1.07504498135,0.32251349440499999,240,1.07504498135,0.20529805500000001,240,0.68432685000100002,0.20529805500000001,240,0.68432685000100002
primary,equity,0.29999999999999999,48,42030195,90,1cd26c0cd801b827813e97f9f1c7f60f9d6c9f0dfca784379019ce2e4070537d,0.00039996000400000002,0.0019998000199999998,True,,0.34335385426699999,240,1.1445128475569999,0.34335385426699999,240,1.1445128475569999,0.34335385426699999,240,1.1445128475569999,0.22509086375500001,240,0.75030287918399996,0.22509086375500001,240,0.75030287918399996
primary,equity,0.29999999999999999,49,42030196,91,9b4ee599282a8921dbc1ce1b42145c91d5298c069cfc81a6cc8013373f1c0112,0.004499550045,0.022497750225000002,True,,0.35983358510000002,240,1.199445283667,0.35983358510000002,240,1.199445283667,0.35983358510000002,240,1.199445283667,0.184787872539,240,0.61595957512900001,0.184787872539,240,0.61595957512900001
primary,equity,0.29999999999999999,50,42030197,92,58b7c79a148944b069ab6935fd7d028dd940d3471ec594c7c54ead2a67704974,9.9990001000000006e-05,0.00049995000499999996,True,,0.43620496894900002,240,1.4540165631640001,0.43620496894900002,240,1.4540165631640001,0.43620496894900002,240,1.4540165631640001,0.30326039050800002,240,1.010867968361,0.30326039050800002,240,1.010867968361
primary,equity,0.29999999999999999,51,42030198,93,a66ad1ea805143aab8633d9b060f1db376121dd6f2174e78e141d8101169218d,0.0034996500349999998,0.017498250175000001,True,,0.31976340442899998,240,1.0658780147639999,0.31976340442899998,240,1.0658780147639999,0.31976340442899998,240,1.0658780147639999,0.19622675567299999,240,0.65408918557700002,0.19622675567299999,240,0.65408918557700002
primary,equity,0.29999999999999999,52,42030199,94,1e8bec14edaf939393984da705082f0520f5dc01889d73625f0d3fb47f53e0f4,0.001499850015,0.007499250075,True,,0.33465571847499997,240,1.115519061583,0.33465571847499997,240,1.115519061583,0.33465571847499997,240,1.115519061583,0.200750374742,240,0.66916791580500001,0.200750374742,240,0.66916791580500001
primary,equity,0.29999999999999999,53,42030200,95,030f9d194aca29d4ed3b1704c86dcffdd8d168b051d620dd4135c12ce2321487,0.089191080891999994,0.44595540445999998,False,,0.27366280558799999,240,0.91220935195800001,0.27366280558799999,240,0.91220935195800001,0.27366280558799999,240,0.91220935195800001,0.108305701948,240,0.36101900649200003,0.108305701948,240,0.36101900649200003
primary,equity,0.29999999999999999,54,42030201,96,c35b4b5904720ee48d349aa0aefdfc2c8ee05730ee122e85b2420acf5c3d9d8c,0.0055994400559999996,0.027997200279999999,True,,0.30299389314300001,240,1.0099796438090001,0.30299389314300001,240,1.0099796438090001,0.30299389314300001,240,1.0099796438090001,0.17772343213399999,240,0.592411440447,0.17772343213399999,240,0.592411440447
primary,equity,0.29999999999999999,55,42030202,97,db8284541e5ac693ef1f33d8871a55775cd84be8a6c2779b190a383cdcab1200,0.0070992900709999996,0.035496450355,True,,0.27404479045699998,240,0.91348263485600001,0.27404479045699998,240,0.91348263485600001,0.27404479045699998,240,0.91348263485600001,0.17316791892200001,240,0.57722639640600004,0.17316791892200001,240,0.57722639640600004
primary,equity,0.29999999999999999,56,42030203,98,cac1f09152f96115e66e1c7dc936bdc989e02e3c0f98f26ffdd84bf6ead741b9,0.0013998600139999999,0.0069993000699999997,True,,0.30816042271499999,240,1.027201409051,0.30816042271499999,240,1.027201409051,0.30816042271499999,240,1.027201409051,0.20635332000100001,240,0.68784440000400005,0.20635332000100001,240,0.68784440000400005
primary,equity,0.29999999999999999,57,42030204,99,01cfbcfc3ca82faa5d3f1495706dcd9ed2601cbec883d0076f6709b603a28914,0.0085991400860000004,0.042995700429999999,True,,0.276888151443,240,0.92296050480900005,0.276888151443,240,0.92296050480900005,0.276888151443,240,0.92296050480900005,0.16534607145399999,240,0.55115357151400002,0.16534607145399999,240,0.55115357151400002
primary,equity,0.29999999999999999,58,42030205,100,fc1f38e05ef779e98a2ec057a782d25474385a09bec7e0b6aa5a06d6ddd37188,0.00049995000499999996,0.0024997500250000001,True,,0.44808047475099999,240,1.4936015825040001,0.44808047475099999,240,1.4936015825040001,0.44808047475099999,240,1.4936015825040001,0.229457807998,240,0.76485935999300003,0.229457807998,240,0.76485935999300003
primary,equity,0.29999999999999999,59,42030206,101,37c2360497323fd6e296985b9c058784f29b9eed3b5e3f3d6c3a9becd0eb50cd,0.033496650335000003,0.167483251675,False,,0.22024765803499999,240,0.73415886011499998,0.22024765803499999,240,0.73415886011499998,0.22024765803499999,240,0.73415886011499998,0.13730305395,240,0.45767684650000001,0.13730305395,240,0.45767684650000001
primary,equity,0.29999999999999999,60,42030207,102,60d4da691ed5c01c82e6bc6ed103e4969903fe71e67705ef623c2a13032c71f8,0.073692630736999998,0.36846315368499999,False,,0.26600467094500002,240,0.88668223648300004,0.26600467094500002,240,0.88668223648300004,0.26600467094500002,240,0.88668223648300004,0.115103632348,240,0.38367877449299997,0.115103632348,240,0.38367877449299997
primary,equity,0.29999999999999999,61,42030208,103,91436201229addcdcc6b0ce44400102c96307eedbb0a6fd5ff079f50c9975dd9,0.0058994100590000001,0.029497050295,True,,0.325569023598,240,1.08523007866,0.325569023598,240,1.08523007866,0.325569023598,240,1.08523007866,0.179755623074,240,0.59918541024799998,0.179755623074,240,0.59918541024799998
primary,equity,0.29999999999999999,62,42030209,104,434243567df86e9b42fc59659ab617a46d391435ac303bc4cf3e9b85f35f9085,0.041195880412000001,0.20597940206000001,False,,0.235218673633,240,0.78406224544400005,0.235218673633,240,0.78406224544400005,0.235218673633,240,0.78406224544400005,0.13250528883000001,240,0.44168429610100002,0.13250528883000001,240,0.44168429610100002
primary,equity,0.29999999999999999,63,42030210,105,9e1ca01291307cc0a1fcfd06e5ccf70f40916e4ccebf7fef1dd31efc08fc94d2,0.011298870113000001,0.056494350564999997,False,,0.32958511549800001,240,1.09861705166,0.32958511549800001,240,1.09861705166,0.32958511549800001,240,1.09861705166,0.16531491273400001,240,0.55104970911399997,0.16531491273400001,240,0.55104970911399997
primary,equity,0.29999999999999999,64,42030211,106,516d999a8aa7dfff29aff4d3013a48d04999aae142fe4691c9de3d209204f5b7,0.00089991000900000004,0.004499550045,True,,0.33285146752099998,240,1.109504891736,0.33285146752099998,240,1.109504891736,0.33285146752099998,240,1.109504891736,0.21772204523200001,240,0.725740150774,0.21772204523200001,240,0.725740150774
primary,equity,0.29999999999999999,65,42030212,107,87377cdee9eb31d4783b7224a41aeb4c142d785c3e4eb1d6724775518c5ac9cd,0.00079992000800000005,0.0039996000399999997,True,,0.257879260645,240,0.859597535483,0.257879260645,240,0.859597535483,0.257879260645,240,0.859597535483,0.228700789254,240,0.76233596417899996,0.228700789254,240,0.76233596417899996
primary,equity,0.29999999999999999,66,42030213,108,4889e4c42c1fac8c51ec6c1fdfb1d2152f4f6c9a859e220352ab53ecc3c6d5cf,0.00039996000400000002,0.0019998000199999998,True,,0.31568463662700003,240,1.052282122092,0.31568463662700003,240,1.052282122092,0.31568463662700003,240,1.052282122092,0.22646526957400001,240,0.75488423191499998,0.22646526957400001,240,0.75488423191499998
primary,equity,0.29999999999999999,67,42030214,109,c5ebce7d6f40c01f23d4d164a0fc3410ef3beb04945450b36726ab70cbc7c184,0.026797320268,0.13398660134000001,False,,0.25542506539999998,240,0.85141688466700005,0.25542506539999998,240,0.85141688466700005,0.25542506539999998,240,0.85141688466700005,0.14313179575000001,240,0.47710598583500002,0.14313179575000001,240,0.47710598583500002
primary,equity,0.29999999999999999,68,42030215,110,078e0a00b64e1232692d14711466c3448ca5755334c87517fe2e5cd3ac113e3d,0.0030996900309999999,0.015498450154999999,True,,0.32642065469999998,240,1.0880688489999999,0.32642065469999998,240,1.0880688489999999,0.32642065469999998,240,1.0880688489999999,0.18903000532700001,240,0.63010001775799995,0.18903000532700001,240,0.63010001775799995
primary,equity,0.29999999999999999,69,42030216,111,16359292a02ac88d9a9047b3e366e4121b734c5e3a1157a13115deae331bc024,9.9990001000000006e-05,0.00049995000499999996,True,,0.463450065764,240,1.5448335525479999,0.463450065764,240,1.5448335525479999,0.463450065764,240,1.5448335525479999,0.27809070815499998,240,0.92696902718300001,0.27809070815499998,240,0.92696902718300001
primary,equity,0.29999999999999999,70,42030217,112,3fd465a83b198ae8339f159f06fd680c97df22afb06ffbe972ea7c39113c702d,0.0042995700430000002,0.021497850214999999,True,,0.35737821427599997,240,1.191260714252,0.35737821427599997,240,1.191260714252,0.35737821427599997,240,1.191260714252,0.180754976885,240,0.60251658961599996,0.180754976885,240,0.60251658961599996
primary,equity,0.29999999999999999,71,42030218,113,baa9bb546a7543d83abb88a7bb7325d94fe14f4754962bb6b0c4fb956e53b2e7,0.00079992000800000005,0.0039996000399999997,True,,0.31012945455399998,240,1.033764848513,0.31012945455399998,240,1.033764848513,0.31012945455399998,240,1.033764848513,0.22530187231900001,240,0.75100624106199998,0.22530187231900001,240,0.75100624106199998
primary,equity,0.29999999999999999,72,42030219,114,3408455a011f420bab1a8b5f92d0e718555d6ca22c10bd033803666d0e944dad,0.0041995800420000003,0.02099790021,True,,0.305190775947,240,1.01730258649,0.305190775947,240,1.01730258649,0.305190775947,240,1.01730258649,0.187810818139,240,0.62603606046399995,0.187810818139,240,0.62603606046399995
primary,equity,0.29999999999999999,73,42030220,115,3eb3af9cbb2916d748c87fbc56708195e17b5a7285a339d7a80ebea488e1ae1a,0.0034996500349999998,0.017498250175000001,True,,0.36928718911000002,240,1.2309572970330001,0.36928718911000002,240,1.2309572970330001,0.36928718911000002,240,1.2309572970330001,0.193905705437,240,0.64635235145799996,0.193905705437,240,0.64635235145799996
primary,equity,0.29999999999999999,74,42030221,116,6d2dfb6133818de48d79b3d4a253145e990502f0e6f349be1c3b691bbd2ea1bc,0.00049995000499999996,0.0024997500250000001,True,,0.36102020151800002,240,1.203400671726,0.36102020151800002,240,1.203400671726,0.36102020151800002,240,1.203400671726,0.220050416281,240,0.73350138760299999,0.220050416281,240,0.73350138760299999
primary,equity,0.29999999999999999,75,42030222,117,e8c17f5781b49b8f3487e98425cfdc47c2e8f022e3a82b54dc2db05d75ae0e0b,0.0057994200580000002,0.028997100290000001,True,,0.32711656547099999,240,1.0903885515689999,0.32711656547099999,240,1.0903885515689999,0.32711656547099999,240,1.0903885515689999,0.17955212343800001,240,0.59850707812799997,0.17955212343800001,240,0.59850707812799997
primary,equity,0.29999999999999999,76,42030223,118,d9f347eb4a1bedf5f16faac3e78ff0d190e6a88f3dcd00be7d29680d2455c318,0.001099890011,0.0054994500549999997,True,,0.29758000335000001,240,0.99193334450000004,0.29758000335000001,240,0.99193334450000004,0.29758000335000001,240,0.99193334450000004,0.213729587006,240,0.71243195668500003,0.213729587006,240,0.71243195668500003
primary,equity,0.29999999999999999,77,42030224,119,67a6a4785b1d7e7a901ee65f4030df5a03897f43ea922fecce3baf5e6c1eaa3e,0.016098390160999999,0.080491950805000004,False,,0.28685234813900001,240,0.95617449379800001,0.28685234813900001,240,0.95617449379800001,0.28685234813900001,240,0.95617449379800001,0.15466512016200001,240,0.51555040054099999,0.15466512016200001,240,0.51555040054099999
primary,equity,0.29999999999999999,78,42030225,120,e3aea03def5a2d170421bca48e91ebf09ade162999b28475ccc0b627655c6161,0.0058994100590000001,0.029497050295,True,,0.239491879785,240,0.79830626594999998,0.239491879785,240,0.79830626594999998,0.239491879785,240,0.79830626594999998,0.18441975192499999,240,0.61473250641699995,0.18441975192499999,240,0.61473250641699995
primary,equity,0.29999999999999999,79,42030226,121,e15c1ea9515387877b066d13013b7d025d25e406d4b6da99121d0b3411793cd4,0.013498650135,0.067493250675000005,False,,0.32097536550299999,240,1.069917885011,0.32097536550299999,240,1.069917885011,0.32097536550299999,240,1.069917885011,0.16125209713300001,240,0.53750699044399997,0.16125209713300001,240,0.53750699044399997
primary,equity,0.29999999999999999,80,42030227,122,8895a17b09f78c02a517fd8bc42250568b6f3c4990293bc7dec4c71d2bee7522,0.019998000200000001,0.099990000999999995,False,,0.29327491129700001,240,0.97758303765700005,0.29327491129700001,240,0.97758303765700005,0.29327491129700001,240,0.97758303765700005,0.152117679551,240,0.50705893183700002,0.152117679551,240,0.50705893183700002
primary,equity,0.29999999999999999,81,42030228,123,8976d56fbb3781fe7249399614cc6924ea5971dd6ff3d2b12a7d28e31c633f98,0.010498950105,0.052494750525000002,False,,0.25797953082300001,240,0.85993176940899996,0.25797953082300001,240,0.85993176940899996,0.25797953082300001,240,0.85993176940899996,0.165541688681,240,0.55180562893499996,0.165541688681,240,0.55180562893499996
primary,equity,0.29999999999999999,82,42030229,124,ee8caa43a42475741fa6dcb4b06f238848d38cc7dfbb1f1f9d97dd285ecb1b3c,0.00299970003,0.01499850015,True,,0.29132986719800003,240,0.97109955732700004,0.29132986719800003,240,0.97109955732700004,0.29132986719800003,240,0.97109955732700004,0.19146872754200001,240,0.63822909180800003,0.19146872754200001,240,0.63822909180800003
primary,equity,0.29999999999999999,83,42030230,125,bb4f85ce3ad4e95a317675f47af4d409dbe4387af5e80174f393e01bb01ef579,0.088891110888999994,0.44445555444500001,False,,0.234068472981,240,0.78022824327200002,0.234068472981,240,0.78022824327200002,0.234068472981,240,0.78022824327200002,0.108688480489,240,0.36229493496199999,0.108688480489,240,0.36229493496199999
primary,equity,0.29999999999999999,84,42030231,126,ae60fd6240f92355493c26639cfefd0582e49000ab4523842bcd9c9495fdbffe,0.043795620437999998,0.21897810219,False,,0.25097918294999999,240,0.83659727649899995,0.25097918294999999,240,0.83659727649899995,0.25097918294999999,240,0.83659727649899995,0.13523214114500001,240,0.45077380381499998,0.13523214114500001,240,0.45077380381499998
primary,equity,0.29999999999999999,85,42030232,127,2afec8c49abadc0ed8ea28ca625510f4ed3dbefd3c3ca5821caad7d3adf003f6,0.041095890411000001,0.20547945205500001,False,,0.26233192410900003,240,0.87443974702899996,0.26233192410900003,240,0.87443974702899996,0.26233192410900003,240,0.87443974702899996,0.13227050518700001,240,0.44090168395700002,0.13227050518700001,240,0.44090168395700002
primary,equity,0.29999999999999999,86,42030233,128,038eee406fab403bd4fc0e1be573703d28d790881f6f58f42c198bd47e2914e4,0.00049995000499999996,0.0024997500250000001,True,,0.313325441692,240,1.0444181389739999,0.313325441692,240,1.0444181389739999,0.313325441692,240,1.0444181389739999,0.22527070608899999,240,0.75090235362900004,0.22527070608899999,240,0.75090235362900004
primary,equity,0.29999999999999999,87,42030234,129,4db7a6b479cfeae03a8b27ff0a39dd58ae4cee9071470a8a75e924f3dbe37df9,0.001899810019,0.0094990500949999994,True,,0.32381914338200002,240,1.079397144606,0.32381914338200002,240,1.079397144606,0.32381914338200002,240,1.079397144606,0.20286095273300001,240,0.67620317577800004,0.20286095273300001,240,0.67620317577800004
primary,equity,0.29999999999999999,88,42030235,130,fbc962a5099991e2482cb6bd4870f4bc57279dfdd3ed906b60f684f83393ed1d,0.017298270173000001,0.086491350864999997,False,,0.27338024538700001,240,0.911267484623,0.27338024538700001,240,0.911267484623,0.27338024538700001,240,0.911267484623,0.15387557808800001,240,0.51291859362699999,0.15387557808800001,240,0.51291859362699999
primary,equity,0.29999999999999999,89,42030236,131,0b5796f620dd3f2c1fcc2cc0cd6cfa55497e415743b6b8c2f1e92c671c5246ec,0.13138686131399999,0.65693430656899998,False,,0.20100934266500001,240,0.67003114221600002,0.20100934266500001,240,0.67003114221600002,0.20100934266500001,240,0.67003114221600002,0.097202482953999997,240,0.32400827651199998,0.097202482953999997,240,0.32400827651199998
primary,equity,0.29999999999999999,90,42030237,132,1a5f06805d15ebb2ee634d32d9e462067e7934617fd6117eaaee2a6d532bde30,0.0011998800119999999,0.00599940006,True,,0.31198865945600002,240,1.039962198187,0.31198865945600002,240,1.039962198187,0.31198865945600002,240,1.039962198187,0.221222502806,240,0.73740834268699995,0.221222502806,240,0.73740834268699995
primary,equity,0.29999999999999999,91,42030238,133,d6f5a486a96da177a401d5072034a760ebe2c8d8ef6c1270a7e62dd6a5b28ebd,0.012698730126999999,0.063493650634999996,False,,0.314566006826,240,1.048553356087,0.314566006826,240,1.048553356087,0.314566006826,240,1.048553356087,0.162165902986,240,0.54055300995300004,0.162165902986,240,0.54055300995300004
primary,equity,0.29999999999999999,92,42030239,134,39be9a49a481394bb4a8d3946df9f07b9f5211ee4a84ecc4da404a9d45be82e6,0.053494650535,0.267473252675,False,,0.226076893109,240,0.75358964369799997,0.226076893109,240,0.75358964369799997,0.226076893109,240,0.75358964369799997,0.124589582197,240,0.41529860732200002,0.124589582197,240,0.41529860732200002
primary,equity,0.29999999999999999,93,42030240,135,0b3bfd0f4870cfc9ca5d1c1d96c989360d3b0f77fcc47c829f16e3060af06536,0.0067993200679999999,0.033996600340000002,True,,0.25775286239700002,240,0.85917620798899996,0.25775286239700002,240,0.85917620798899996,0.25775286239700002,240,0.85917620798899996,0.17420759366399999,240,0.58069197888000001,0.17420759366399999,240,0.58069197888000001
primary,equity,0.29999999999999999,94,42030241,136,a740ca82d0ae5d1f166ca3865a9d920c0d39e21bfbddd119f0918028cf672ff5,0.015298470153,0.076492350764999995,False,,0.221950093047,240,0.73983364348799996,0.221950093047,240,0.73983364348799996,0.221950093047,240,0.73983364348799996,0.157087333892,240,0.52362444630600002,0.157087333892,240,0.52362444630600002
primary,equity,0.29999999999999999,95,42030242,137,4290e17c1c7f3f282574e7e7b79d0f0b2972d0ff3732de36fb418cb826fe1b85,0.044695530446999997,0.22347765223499999,False,,0.25785355752700001,240,0.85951185842199995,0.25785355752700001,240,0.85951185842199995,0.25785355752700001,240,0.85951185842199995,0.13238777510999999,240,0.44129258369899999,0.13238777510999999,240,0.44129258369899999
primary,equity,0.29999999999999999,96,42030243,138,416dde0fbabcde2d9d2396c208f69664b4e2f5939eee1051cb58c381543732d6,0.049695030496999998,0.24847515248499999,False,,0.21699693363700001,240,0.72332311212300004,0.21699693363700001,240,0.72332311212300004,0.21699693363700001,240,0.72332311212300004,0.12769961840499999,240,0.42566539468499998,0.12769961840499999,240,0.42566539468499998
primary,equity,0.29999999999999999,97,42030244,139,4b0d95b8bdb7473a4ac348f90ba7fc222a2e65a5c0ea38ae81820d0945c4d3e3,0.018698130186999999,0.093490650935000003,False,,0.24640777615100001,240,0.82135925383599995,0.24640777615100001,240,0.82135925383599995,0.24640777615100001,240,0.82135925383599995,0.15311821919900001,240,0.51039406399499998,0.15311821919900001,240,0.51039406399499998
primary,equity,0.29999999999999999,98,42030245,140,d6521732b8a2c3e0e0ba56fd6f1f78f6fe5f7156f90c2fc9283647e6d8396bd6,0.0011998800119999999,0.00599940006,True,,0.37835130756599999,240,1.261171025219,0.37835130756599999,240,1.261171025219,0.37835130756599999,240,1.261171025219,0.210376896284,240,0.70125632094699997,0.210376896284,240,0.70125632094699997
primary,equity,0.29999999999999999,99,42030246,141,387865bb2da4a8e53d97f7af0051e336cc05031ef7be5bd790abcffdd37e8fc3,0.01799820018,0.089991000900000007,False,,0.25765095798400001,240,0.85883652661300003,0.25765095798400001,240,0.85883652661300003,0.25765095798400001,240,0.85883652661300003,0.15175050079300001,240,0.50583500264400005,0.15175050079300001,240,0.50583500264400005
primary,equity,0.29999999999999999,100,42030247,142,a5731fd294ac0bb741fa8331607e89ece78270247dc32125a0136e7cd2b20b62,0.0052994700529999999,0.026497350265,True,,0.33062491094899998,240,1.1020830364959999,0.33062491094899998,240,1.1020830364959999,0.33062491094899998,240,1.1020830364959999,0.18351336176700001,240,0.61171120588899996,0.18351336176700001,240,0.61171120588899996
primary,equity,0.29999999999999999,101,42030248,143,bd7df511fa16698c7c800147faddbade5325768d74aaa3e96fdb184110e9b819,0.00069993000699999995,0.0034996500349999998,True,,0.32849073811500001,240,1.0949691270519999,0.32849073811500001,240,1.0949691270519999,0.32849073811500001,240,1.0949691270519999,0.22468453891199999,240,0.74894846304100005,0.22468453891199999,240,0.74894846304100005
primary,equity,0.29999999999999999,102,42030249,144,0f2a9ca5920c1a5a191df2b6caf5c6f8c6f696d14f94ae492cefd43f122dbba6,0.00069993000699999995,0.0034996500349999998,True,,0.347956074512,240,1.1598535817060001,0.347956074512,240,1.1598535817060001,0.347956074512,240,1.1598535817060001,0.214487200317,240,0.71495733438999998,0.214487200317,240,0.71495733438999998
primary,equity,0.29999999999999999,103,42030250,145,b4a96246b42306023a28b267bc052d7f5013d898e8503660328e45120c18e26c,0.060393960603999999,0.30196980301999998,False,,0.283093865231,240,0.94364621743599997,0.283093865231,240,0.94364621743599997,0.283093865231,240,0.94364621743599997,0.12169063770999999,240,0.405635459034,0.12169063770999999,240,0.405635459034
primary,equity,0.29999999999999999,104,42030251,146,f10d5ff79f7554fbbebe6b5535a88aa319ccc713f7375bb4535792db284e72f5,0.00019998000200000001,0.00099990000999999992,True,,0.404426107235,240,1.348087024117,0.404426107235,240,1.348087024117,0.404426107235,240,1.348087024117,0.23646757598500001,240,0.78822525328399995,0.23646757598500001,240,0.78822525328399995
primary,equity,0.29999999999999999,105,42030252,147,ecb90b0e4e8c1d0f0da25d2fff886cd3c6ca15197fcff3a4735f6c03615694c7,0.012598740125999999,0.062993700629999996,False,,0.28798457751700002,240,0.95994859172400004,0.28798457751700002,240,0.95994859172400004,0.28798457751700002,240,0.95994859172400004,0.16391637813500001,240,0.54638792711799999,0.16391637813500001,240,0.54638792711799999
primary,equity,0.29999999999999999,106,42030253,148,6b02ab1f4dda847a4d5f16bdd8ab0b3f2b07ce67fb7a47fe851ad004e4489d31,0.0026997300269999999,0.013498650135,True,,0.35636977921399998,240,1.187899264046,0.35636977921399998,240,1.187899264046,0.35636977921399998,240,1.187899264046,0.197945763646,240,0.65981921215299999,0.197945763646,240,0.65981921215299999
primary,equity,0.29999999999999999,107,42030254,149,392ee219cee2f8d60a1690082166b3ced9802361a45911afda7862b3f79f562b,0.0024997500250000001,0.012498750124999999,True,,0.387923071334,240,1.293076904446,0.387923071334,240,1.293076904446,0.387923071334,240,1.293076904446,0.19597637261299999,240,0.65325457537599996,0.19597637261299999,240,0.65325457537599996
primary,equity,0.29999999999999999,108,42030255,150,7e09b4b0eb00258e6916a4e9404016a53c56286f0a121397beed2422f7684718,0.0068993100689999998,0.034496550345000002,True,,0.25111919414599998,240,0.83706398048499997,0.25111919414599998,240,0.83706398048499997,0.25111919414599998,240,0.83706398048499997,0.17779383621700001,240,0.59264612072199996,0.17779383621700001,240,0.59264612072199996
primary,equity,0.29999999999999999,109,42030256,151,c30319568f97ae3937aaa52603a340fc2b7da7f437be64e853e2f3f9cadc5dbe,0.0077992200779999996,0.038996100390000003,True,,0.27238042229699999,240,0.90793474099100002,0.27238042229699999,240,0.90793474099100002,0.27238042229699999,240,0.90793474099100002,0.17504342935799999,240,0.58347809786000004,0.17504342935799999,240,0.58347809786000004
primary,equity,0.29999999999999999,110,42030257,152,e5e3b2d77f7db576cc808e234e78ba9067aebd6af90175d670b665307432c687,0.00029997000299999998,0.001499850015,True,,0.35002631581900001,240,1.1667543860639999,0.35002631581900001,240,1.1667543860639999,0.35002631581900001,240,1.1667543860639999,0.23975709111999999,240,0.79919030373300004,0.23975709111999999,240,0.79919030373300004
primary,equity,0.29999999999999999,111,42030258,153,6f13fcc7cc2dabafb92aac1795d320dc6f344ba89928c52c34d6b21a41e133b5,0.027597240275999999,0.13798620138000001,False,,0.22635749926199999,240,0.75452499753799995,0.22635749926199999,240,0.75452499753799995,0.22635749926199999,240,0.75452499753799995,0.14369486044400001,240,0.47898286814699997,0.14369486044400001,240,0.47898286814699997
primary,equity,0.29999999999999999,112,42030259,154,7b714cc937ae00dc982223fd3ef8eb9746dc0d064caaa49dd2f739da7ba82cfb,0.034096590341000002,0.170482951705,False,,0.16889388045000001,240,0.56297960149799997,0.16889388045000001,240,0.56297960149799997,0.16889388045000001,240,0.56297960149799997,0.138185486409,240,0.46061828802900001,0.138185486409,240,0.46061828802900001
primary,equity,0.29999999999999999,113,42030260,155,e700fecf239ee562309407a7963136a808f03941f016d3a312c2e82fd998cc8c,0.012098790121,0.060493950604999999,False,,0.38563291477200001,240,1.28544304924,0.38563291477200001,240,1.28544304924,0.38563291477200001,240,1.28544304924,0.16475230303300001,240,0.54917434344299998,0.16475230303300001,240,0.54917434344299998
primary,equity,0.29999999999999999,114,42030261,156,53e24adae94c5341fd7876ff0714a7a77d24b50972bc95fbb8a369e5430de12e,0.030196980302,0.15098490150999999,False,,0.23346827248400001,240,0.77822757494700001,0.23346827248400001,240,0.77822757494700001,0.23346827248400001,240,0.77822757494700001,0.141522906502,240,0.47174302167299997,0.141522906502,240,0.47174302167299997
primary,equity,0.29999999999999999,115,42030262,157,e05bb09ee5881dbc67c77cbbc0aa068e5ad1671f9c13da863cd78816bb7d45bf,0.0013998600139999999,0.0069993000699999997,True,,0.26876316206500001,240,0.89587720688399997,0.26876316206500001,240,0.89587720688399997,0.26876316206500001,240,0.89587720688399997,0.203766663884,240,0.67922221294600005,0.203766663884,240,0.67922221294600005
primary,equity,0.29999999999999999,116,42030263,158,20bf67e18a3dece076245d62971278441e0be2025a3b713fa2c8bfcafd486bfc,9.9990001000000006e-05,0.00049995000499999996,True,,0.40156714097099999,240,1.33855713657,0.40156714097099999,240,1.33855713657,0.40156714097099999,240,1.33855713657,0.256150432516,240,0.85383477505500005,0.256150432516,240,0.85383477505500005
primary,equity,0.29999999999999999,117,42030264,159,fdf89365ac3d6c30499fb23ceb029d7fd5579c6f1bb205dc7fb3e80529a926ad,0.0054994500549999997,0.027497250274999999,True,,0.26575539990500002,240,0.88585133301499996,0.26575539990500002,240,0.88585133301499996,0.26575539990500002,240,0.88585133301499996,0.181075520962,240,0.60358506987299998,0.181075520962,240,0.60358506987299998
primary,equity,0.29999999999999999,118,42030265,160,3acea56374be4023d364f547fc4a5a557c5258363cbe584c1babc650f7fd3314,0.030296970303,0.15148485151499999,False,,0.258128199966,240,0.86042733321999998,0.258128199966,240,0.86042733321999998,0.258128199966,240,0.86042733321999998,0.140115619074,240,0.46705206358000001,0.140115619074,240,0.46705206358000001
primary,equity,0.29999999999999999,119,42030266,161,f76e299631eb611a150ea0afb0f9a6b0eb3c04b58418d575abddedde1bcc3716,0.14988501149899999,0.74942505749400001,False,,0.29494762674899999,240,0.98315875583000001,0.29494762674899999,240,0.98315875583000001,0.29494762674899999,240,0.98315875583000001,0.091693566840999996,240,0.30564522280400003,0.091693566840999996,240,0.30564522280400003
primary,equity,0.29999999999999999,120,42030267,162,c84fbf240c85351b61d2b4d470d7a0720b484627d6ab706165aaf29b24af61e2,0.0021997800220000001,0.010998900109999999,True,,0.26109856622299998,240,0.87032855407599996,0.26109856622299998,240,0.87032855407599996,0.26109856622299998,240,0.87032855407599996,0.197297964632,240,0.65765988210699999,0.197297964632,240,0.65765988210699999
primary,equity,0.29999999999999999,121,42030268,163,265aa54e6a4d04168d1243a795606369a0b882508616495977552bd6851f9d6a,0.005199480052,0.025997400260000001,True,,0.31617696881599999,240,1.0539232293880001,0.31617696881599999,240,1.0539232293880001,0.31617696881599999,240,1.0539232293880001,0.182427219577,240,0.60809073192399998,0.182427219577,240,0.60809073192399998
primary,equity,0.29999999999999999,122,42030269,164,1686ceed67311dcaa4120aa34d24dadeefd70115a510c5f25aa72e481b85c345,0.041095890411000001,0.20547945205500001,False,,0.239750486682,240,0.79916828893900005,0.239750486682,240,0.79916828893900005,0.239750486682,240,0.79916828893900005,0.132419181291,240,0.44139727096999998,0.132419181291,240,0.44139727096999998
primary,equity,0.29999999999999999,123,42030270,165,d47a73a19b46c3c165319b55b51f6e9d122b10ae59b8128b0e4be6b83cf8835f,0.0023997600239999998,0.01199880012,True,,0.26143204680400001,240,0.87144015601299996,0.26143204680400001,240,0.87144015601299996,0.26143204680400001,240,0.87144015601299996,0.19478071505799999,240,0.64926905019299996,0.19478071505799999,240,0.64926905019299996
primary,equity,0.29999999999999999,124,42030271,166,3e5e16a92ebb2fd8de62644978ba63a638f9e114675970a066c8339433c0c6d4,0.0011998800119999999,0.00599940006,True,,0.32756955338499999,240,1.0918985112849999,0.32756955338499999,240,1.0918985112849999,0.32756955338499999,240,1.0918985112849999,0.214018655847,240,0.71339551948900004,0.214018655847,240,0.71339551948900004
primary,equity,0.29999999999999999,125,42030272,167,fd0cbf621f2420ce40a1dcc9631f236e7d88ffa46953927a43b1855187cec367,0.0068993100689999998,0.034496550345000002,True,,0.27447479531500002,240,0.91491598438300004,0.27447479531500002,240,0.91491598438300004,0.27447479531500002,240,0.91491598438300004,0.176028018087,240,0.58676006029000005,0.176028018087,240,0.58676006029000005
primary,equity,0.29999999999999999,126,42030273,168,9886d4969c26d121f6b65fe2ea8a4bd1d01f04c079b16f6a466f26f4c891f040,0.0011998800119999999,0.00599940006,True,,0.32425758125600002,240,1.080858604186,0.32425758125600002,240,1.080858604186,0.32425758125600002,240,1.080858604186,0.215972341225,240,0.71990780408300004,0.215972341225,240,0.71990780408300004
primary,equity,0.29999999999999999,127,42030274,169,0a01a3954ba52b10c9292abb5e66d4110a4fbe5b8b48820681ace84f21b6edb9,0.0046995300469999998,0.023497650235,True,,0.21732358484799999,240,0.72441194949400001,0.21732358484799999,240,0.72441194949400001,0.21732358484799999,240,0.72441194949400001,0.18380992286699999,240,0.61269974288999995,0.18380992286699999,240,0.61269974288999995
primary,equity,0.29999999999999999,128,42030275,170,f1f43a5cf270179168f919c5464d2fb7c5c0fc09397d125dd383c0603d5eb2df,0.048895110488999999,0.24447555244499999,False,,0.27656889394500001,240,0.92189631315099996,0.27656889394500001,240,0.92189631315099996,0.27656889394500001,240,0.92189631315099996,0.12766847617099999,240,0.42556158723600002,0.12766847617099999,240,0.42556158723600002
primary,equity,0.29999999999999999,129,42030276,171,1509bbaccd59781098ced63916ceb9958483ecd58f8ae2567da0948f8b65e5b7,0.046995300470000001,0.23497650235,False,,0.28335871224199999,240,0.94452904080800004,0.28335871224199999,240,0.94452904080800004,0.28335871224199999,240,0.94452904080800004,0.12959821429000001,240,0.43199404763299998,0.12959821429000001,240,0.43199404763299998
primary,equity,0.29999999999999999,130,42030277,172,30298349cbc926825978f8d236e96fa5a41b1ef5796357d1267a6e6a42011321,0.040595940406000001,0.20297970202999999,False,,0.34721318195500001,240,1.1573772731830001,0.34721318195500001,240,1.1573772731830001,0.34721318195500001,240,1.1573772731830001,0.13301270243400001,240,0.44337567478000001,0.13301270243400001,240,0.44337567478000001
primary,equity,0.29999999999999999,131,42030278,173,d6f49914a9c5a517e915b3c00a3c7d34c06ff7775aecdc5cc9ab07bec4886b52,0.0091990800919999997,0.045995400460000002,True,,0.25507371245600002,240,0.85024570818699996,0.25507371245600002,240,0.85024570818699996,0.25507371245600002,240,0.85024570818699996,0.171714803124,240,0.57238267707900004,0.171714803124,240,0.57238267707900004
primary,equity,0.29999999999999999,132,42030279,174,6ccb0f2cefc8321a473bfcd90328203daa85af8a16815d6614db8ca73d1eced5,0.00049995000499999996,0.0024997500250000001,True,,0.31563709874000001,240,1.052123662466,0.31563709874000001,240,1.052123662466,0.31563709874000001,240,1.052123662466,0.227028047792,240,0.75676015930499996,0.227028047792,240,0.75676015930499996
primary,equity,0.29999999999999999,133,42030280,175,f49d0d0eccbfc6881e3eaa0e8d9af9193385b18366388da7a33fa16f9f998d63,0.022597740226000002,0.11298870112999999,False,,0.306144032495,240,1.0204801083170001,0.306144032495,240,1.0204801083170001,0.306144032495,240,1.0204801083170001,0.14961741488499999,240,0.49872471628499998,0.14961741488499999,240,0.49872471628499998
primary,equity,0.29999999999999999,134,42030281,176,e525abf8e864c73f9c1d83cbd5ff5a3e21db0bc9dfe924af6f27585af0d62556,0.010698930107,0.053494650535,False,,0.25701019788500001,240,0.85670065961800002,0.25701019788500001,240,0.85670065961800002,0.25701019788500001,240,0.85670065961800002,0.16428367119100001,240,0.54761223730300002,0.16428367119100001,240,0.54761223730300002
primary,equity,0.29999999999999999,135,42030282,177,a346cad49d882962910f7e9fdf0da2ee58709c008c38d561b26b9c978743395a,0.00019998000200000001,0.00099990000999999992,True,,0.350535003914,240,1.168450013045,0.350535003914,240,1.168450013045,0.350535003914,240,1.168450013045,0.255003077031,240,0.85001025676999997,0.255003077031,240,0.85001025676999997
primary,equity,0.29999999999999999,136,42030283,178,faa1edd203a50a006c34e481a5f75ff2a47a0d60f4e2155c421ac290fa9048be,0.00029997000299999998,0.001499850015,True,,0.39525937733400002,240,1.3175312577789999,0.39525937733400002,240,1.3175312577789999,0.39525937733400002,240,1.3175312577789999,0.238193913929,240,0.79397971309799997,0.238193913929,240,0.79397971309799997
primary,equity,0.29999999999999999,137,42030284,179,dcce006e69f5b433871e1e71b9f4c93c330ec2e934c75e9d92c7f8eb84a3ad49,0.045295470453000003,0.22647735226499999,False,,0.218473004833,240,0.72824334944299995,0.218473004833,240,0.72824334944299995,0.218473004833,240,0.72824334944299995,0.12809812238400001,240,0.42699374128000001,0.12809812238400001,240,0.42699374128000001
primary,equity,0.29999999999999999,138,42030285,180,26581007784120521a179a4621bb1ce2a22a10b58c5f4b00032e55d8131050ab,0.020597940206,0.10298970103000001,False,,0.24593898293700001,240,0.81979660978900004,0.24593898293700001,240,0.81979660978900004,0.24593898293700001,240,0.81979660978900004,0.15144595159499999,240,0.50481983865000002,0.15144595159499999,240,0.50481983865000002
primary,equity,0.29999999999999999,139,42030286,181,ecc3e3c58c367c86796a70a83cdd3c47c2024b5a166f2517f8c6d6641eb34cce,0.0013998600139999999,0.0069993000699999997,True,,0.363902918317,240,1.213009727724,0.363902918317,240,1.213009727724,0.363902918317,240,1.213009727724,0.20033625779200001,240,0.66778752597199997,0.20033625779200001,240,0.66778752597199997
primary,equity,0.29999999999999999,140,42030287,182,6a8d0186da254845b27cee5a507c795b2d4afa249a6f4e59832b92b4516607c6,0.049195080491999998,0.24597540245999999,False,,0.35279272524999999,240,1.175975750833,0.35279272524999999,240,1.175975750833,0.35279272524999999,240,1.175975750833,0.12841038272800001,240,0.42803460909399998,0.12841038272800001,240,0.42803460909399998
primary,equity,0.29999999999999999,141,42030288,183,5130bac586395efb01851edec515c022a3ce25bbf1c406053d7b7fdf1905ac57,9.9990001000000006e-05,0.00049995000499999996,True,,0.43631349025600003,240,1.4543783008519999,0.43631349025600003,240,1.4543783008519999,0.43631349025600003,240,1.4543783008519999,0.26816750150699997,240,0.89389167168899997,0.26816750150699997,240,0.89389167168899997
primary,equity,0.29999999999999999,142,42030289,184,c3fbb0ddd850923f7239bc0abecab50a08de08924a77107c01a0c55c008c5295,0.0075992400759999999,0.037996200379999998,True,,0.29633825347800002,240,0.98779417826100002,0.29633825347800002,240,0.98779417826100002,0.29633825347800002,240,0.98779417826100002,0.174340123225,240,0.581133744083,0.174340123225,240,0.581133744083
primary,equity,0.29999999999999999,143,42030290,185,2d18e9a25d4fd099bf5ea4c65b954e88cf157a148ad014a773e603e13ba03afd,0.00089991000900000004,0.004499550045,True,,0.29186102071300002,240,0.972870069043,0.29186102071300002,240,0.972870069043,0.29186102071300002,240,0.972870069043,0.22087939329799999,240,0.73626464432600003,0.22087939329799999,240,0.73626464432600003
primary,equity,0.29999999999999999,144,42030291,186,9f5eb8a5be0378d3bf26d2ed00a9a2786f6492c13fa72f317fae62d5a4dd5f76,0.014198580141999999,0.070992900710000001,False,,0.36171570089100002,240,1.2057190029689999,0.36171570089100002,240,1.2057190029689999,0.36171570089100002,240,1.2057190029689999,0.15875155441700001,240,0.52917184805600004,0.15875155441700001,240,0.52917184805600004
primary,equity,0.29999999999999999,145,42030292,187,b96a58fc6cd4290967a86d53271c65ac2a2546b206910d367cc0a11ee0931f11,0.020797920208,0.10398960104,False,,0.202706053916,240,0.67568684638599996,0.202706053916,240,0.67568684638599996,0.202706053916,240,0.67568684638599996,0.14710175009099999,240,0.49033916697000002,0.14710175009099999,240,0.49033916697000002
primary,equity,0.29999999999999999,146,42030293,188,2099c18b8a9b14247c58498a76059815f5086cd4ac78c36d4c22ccf6d5815b6a,0.010198980102,0.050994900510000003,False,,0.28354564074900002,240,0.94515213583000002,0.28354564074900002,240,0.94515213583000002,0.28354564074900002,240,0.94515213583000002,0.16665901633300001,240,0.55553005444199999,0.16665901633300001,240,0.55553005444199999
primary,equity,0.29999999999999999,147,42030294,189,c8e13dc6b46349b6ec42998f26bcd73663aa5d6b265a26c14232539e05892de3,0.012498750124999999,0.062493750624999997,False,,0.29829095542099998,240,0.99430318473699997,0.29829095542099998,240,0.99430318473699997,0.29829095542099998,240,0.99430318473699997,0.162330078313,240,0.541100261044,0.162330078313,240,0.541100261044
primary,equity,0.29999999999999999,148,42030295,190,4eddfafa85bc367369b3089b1a1ad7079a6e8f7ca113b218fe345286948cb76c,0.005199480052,0.025997400260000001,True,,0.20999548381800001,240,0.69998494606100004,0.20999548381800001,240,0.69998494606100004,0.20999548381800001,240,0.69998494606100004,0.17971618190399999,240,0.599053939679,0.17971618190399999,240,0.599053939679
primary,equity,0.29999999999999999,149,42030296,191,d87cd46ee56caa4f126accf849116b880dad806e54a0e7c597f6377c86e7908f,0.0021997800220000001,0.010998900109999999,True,,0.26342679311700001,240,0.87808931039100002,0.26342679311700001,240,0.87808931039100002,0.26342679311700001,240,0.87808931039100002,0.199477633933,240,0.664925446443,0.199477633933,240,0.664925446443
primary,equity,0.29999999999999999,150,42030297,192,3cbfb1fc415328aeee15bc229caaf7318e8adcf98d0d179ff0d531ed28d57fd5,0.001099890011,0.0054994500549999997,True,,0.24484531350300001,240,0.81615104501000002,0.24484531350300001,240,0.81615104501000002,0.24484531350300001,240,0.81615104501000002,0.20572026005800001,240,0.68573420019499998,0.20572026005800001,240,0.68573420019499998
primary,equity,0.29999999999999999,151,42030298,193,a3c82605fcc79e9700c6093d6b919710537b4c22fddb56ecebc46a830aafd7d1,0.015698430156999999,0.078492150785000006,False,,0.2046273244,240,0.68209108133399998,0.2046273244,240,0.68209108133399998,0.2046273244,240,0.68209108133399998,0.156681322634,240,0.522271075448,0.156681322634,240,0.522271075448
primary,equity,0.29999999999999999,152,42030299,194,8278307ababde180cce4b3bc8d8e26da7fa056fb2f16ad06f4717de4056f479d,0.00099990000999999992,0.0049995000500000003,True,,0.31709005206699997,240,1.0569668402229999,0.31709005206699997,240,1.0569668402229999,0.31709005206699997,240,1.0569668402229999,0.21772199944000001,240,0.72573999813300005,0.21772199944000001,240,0.72573999813300005
primary,equity,0.29999999999999999,153,42030300,195,0004b70a40487eb4774053d77b4a0c2243e9c7bb25bbb6e366ece3108369c92c,0.0024997500250000001,0.012498750124999999,True,,0.34404896165799997,240,1.1468298721929999,0.34404896165799997,240,1.1468298721929999,0.34404896165799997,240,1.1468298721929999,0.20408699951500001,240,0.68028999838199999,0.20408699951500001,240,0.68028999838199999
primary,equity,0.29999999999999999,154,42030301,196,9311ea3684f72062d52b0462a4687254e55ee9d2bbd6444ffc944790e5b911d9,0.022197780221999999,0.11098890111,False,,0.30542545170399998,240,1.018084839013,0.30542545170399998,240,1.018084839013,0.30542545170399998,240,1.018084839013,0.14796079835199999,240,0.493202661175,0.14796079835199999,240,0.493202661175
primary,equity,0.29999999999999999,155,42030302,197,7b121537f5d46d38c0d827cb62b23246abdbcb6134f4bdce2933f1d50b4db912,0.057794220578000002,0.28897110289,False,,0.17158280237199999,240,0.57194267457400005,0.17158280237199999,240,0.57194267457400005,0.17158280237199999,240,0.57194267457400005,0.121722280546,240,0.40574093515300003,0.121722280546,240,0.40574093515300003
primary,equity,0.29999999999999999,156,42030303,198,2054829d1d38b2aec726a1bde02089ef4ecfc31f08110fc81b8e31f71a44c02c,0.0034996500349999998,0.017498250175000001,True,,0.39457230017,240,1.315241000566,0.39457230017,240,1.315241000566,0.39457230017,240,1.315241000566,0.18813110962599999,240,0.62710369875399996,0.18813110962599999,240,0.62710369875399996
primary,equity,0.29999999999999999,157,42030304,199,86132ced8f94057381036c1083147dd4d55abb1846105de2eba06db643e59d59,0.00029997000299999998,0.001499850015,True,,0.23425795101899999,240,0.78085983673100001,0.23425795101899999,240,0.78085983673100001,0.23425795101899999,240,0.78085983673100001,0.221919003748,240,0.73973001249299997,0.221919003748,240,0.73973001249299997
primary,equity,0.29999999999999999,158,42030305,200,3e0a281beebd3728732b89988131890cba7a49f8d1636d6242777933e971c0f8,0.0030996900309999999,0.015498450154999999,True,,0.33959473777600002,240,1.131982459254,0.33959473777600002,240,1.131982459254,0.33959473777600002,240,1.131982459254,0.18689668990899999,240,0.62298896636300005,0.18689668990899999,240,0.62298896636300005
primary,equity,0.29999999999999999,159,42030306,201,397b2ecba24b7ca59388136db074a74e3c23128cc3002242a10ec0d822095c94,0.00099990000999999992,0.0049995000500000003,True,,0.32845269361000001,240,1.0948423120320001,0.32845269361000001,240,1.0948423120320001,0.32845269361000001,240,1.0948423120320001,0.21357324280000001,240,0.71191080933399997,0.21357324280000001,240,0.71191080933399997
primary,equity,0.29999999999999999,160,42030307,202,ee1a66a616729cc27f3abb24c77c5419b637cfa0ec406e15817ad53df4c2cc43,0.023197680232000001,0.11598840116,False,,0.22483256531500001,240,0.74944188438399995,0.22483256531500001,240,0.74944188438399995,0.22483256531500001,240,0.74944188438399995,0.147726102813,240,0.49242034271200003,0.147726102813,240,0.49242034271200003
primary,equity,0.29999999999999999,161,42030308,203,c6c98478d2702e893d66bcfeefeda7aeacba8b3f91df8727e05130bb636d584d,0.040995900410000001,0.20497950205000001,False,,0.28200595197900002,240,0.94001983992899996,0.28200595197900002,240,0.94001983992899996,0.28200595197900002,240,0.94001983992899996,0.133356605431,240,0.44452201810300002,0.133356605431,240,0.44452201810300002
primary,equity,0.29999999999999999,162,42030309,204,355f95ebd0091bc269de241f5639c20156625d1945af0936603d853ef52483d0,0.001899810019,0.0094990500949999994,True,,0.350627892833,240,1.168759642775,0.350627892833,240,1.168759642775,0.350627892833,240,1.168759642775,0.20078981920899999,240,0.66929939736400001,0.20078981920899999,240,0.66929939736400001
primary,equity,0.29999999999999999,163,42030310,205,769d88517af19b6195a9e80e7c13ad8fb24adddedeb4130d96184d6b333dd83e,0.012398760123999999,0.061993800619999997,False,,0.27325758214099999,240,0.910858607135,0.27325758214099999,240,0.910858607135,0.27325758214099999,240,0.910858607135,0.16549571615600001,240,0.55165238718800003,0.16549571615600001,240,0.55165238718800003
primary,equity,0.29999999999999999,164,42030311,206,ea63865a16ec2a0394fb60e36e3181927d28afd3ce16b2de8ca870cc6eaa7759,0.001899810019,0.0094990500949999994,True,,0.29394590621,240,0.97981968736699998,0.29394590621,240,0.97981968736699998,0.29394590621,240,0.97981968736699998,0.203891666567,240,0.67963888855499999,0.203891666567,240,0.67963888855499999
primary,equity,0.29999999999999999,165,42030312,207,7e90db9648ba088bc63d4a3370d6aee105190a9bc86360d488fa63f498e00fcf,0.00069993000699999995,0.0034996500349999998,True,,0.35278473916699998,240,1.1759491305559999,0.35278473916699998,240,1.1759491305559999,0.35278473916699998,240,1.1759491305559999,0.213143465438,240,0.71047821812699996,0.213143465438,240,0.71047821812699996
primary,equity,0.29999999999999999,166,42030313,208,e47d9d8666484220e24f502e67365feac31d67702660d83e32299c397f1f65bb,0.005199480052,0.025997400260000001,True,,0.33510121467999998,240,1.1170040489340001,0.33510121467999998,240,1.1170040489340001,0.33510121467999998,240,1.1170040489340001,0.18188796110200001,240,0.60629320367499995,0.18188796110200001,240,0.60629320367499995
primary,equity,0.29999999999999999,167,42030314,209,9c0249ca85096107628bbbe264eca65b8692041fdb9a8514427086f9549b4a72,0.00299970003,0.01499850015,True,,0.349979937026,240,1.1665997900859999,0.349979937026,240,1.1665997900859999,0.349979937026,240,1.1665997900859999,0.19561727848300001,240,0.65205759494299997,0.19561727848300001,240,0.65205759494299997
primary,equity,0.29999999999999999,168,42030315,210,ea3d7df1bd3149adb9f5b2206067d9d4fa0777b5d05a93097d8bbf1c28472046,0.0075992400759999999,0.037996200379999998,True,,0.36108319888099999,240,1.203610662937,0.36108319888099999,240,1.203610662937,0.36108319888099999,240,1.203610662937,0.17176153744799999,240,0.57253845816100002,0.17176153744799999,240,0.57253845816100002
primary,equity,0.29999999999999999,169,42030316,211,63f388b631e99c2900edeaf8ca335746c7052953f07f7bf362121962dbf0d2bd,0.0015998400160000001,0.0079992000799999994,True,,0.36874086186299998,240,1.2291362062110001,0.36874086186299998,240,1.2291362062110001,0.36874086186299998,240,1.2291362062110001,0.20438399564199999,240,0.68127998547199997,0.20438399564199999,240,0.68127998547199997
primary,equity,0.29999999999999999,170,42030317,212,09d4defdfdf71509f45868d95d737ba620ff28a0ed2eb58f3385bb2c49487a2e,0.00039996000400000002,0.0019998000199999998,True,,0.31670034542800002,240,1.0556678180920001,0.31670034542800002,240,1.0556678180920001,0.31670034542800002,240,1.0556678180920001,0.225231294592,240,0.75077098197199998,0.225231294592,240,0.75077098197199998
primary,equity,0.29999999999999999,171,42030318,213,d11d78da48ff36cd1379205ff4ccbbe9c016639f78227d3261dd29a101213d02,0.00299970003,0.01499850015,True,,0.27636535053200001,240,0.92121783510699995,0.27636535053200001,240,0.92121783510699995,0.27636535053200001,240,0.92121783510699995,0.19703142202400001,240,0.65677140674500001,0.19703142202400001,240,0.65677140674500001
primary,equity,0.29999999999999999,172,42030319,214,28f1ed25e531731a703702df06388b079ee8ff22e657fbfa85c467b17933f4cb,0.034996500350000001,0.17498250174999999,False,,0.19032800250500001,240,0.63442667501700001,0.19032800250500001,240,0.63442667501700001,0.19032800250500001,240,0.63442667501700001,0.137974722376,240,0.45991574125399998,0.137974722376,240,0.45991574125399998
primary,equity,0.29999999999999999,173,42030320,215,15d7ac61c51d5bb80d3edd92b86442af8bdd57759398b90a1550c2f055273580,0.00059994000599999995,0.00299970003,True,,0.31263734464300003,240,1.0421244821419999,0.31263734464300003,240,1.0421244821419999,0.31263734464300003,240,1.0421244821419999,0.216339366487,240,0.72113122162400001,0.216339366487,240,0.72113122162400001
primary,equity,0.29999999999999999,174,42030321,216,0d39cf1a496b9f55b144977a7711b6244647c279a1e99e8c24f0fc7636dd64b9,0.0083991600840000007,0.04199580042,True,,0.24383619668600001,240,0.81278732228499995,0.24383619668600001,240,0.81278732228499995,0.24383619668600001,240,0.81278732228499995,0.171433052531,240,0.571443508436,0.171433052531,240,0.571443508436
primary,equity,0.29999999999999999,175,42030322,217,32f80e9d5e520e0ede1e21bc6e427708649a46503f4faf66319d3d5f38ee0a79,0.038196180381999997,0.19098090191,False,,0.40630925261900003,240,1.3543641753969999,0.40630925261900003,240,1.3543641753969999,0.40630925261900003,240,1.3543641753969999,0.13413015683900001,240,0.44710052279700002,0.13413015683900001,240,0.44710052279700002
primary,equity,0.29999999999999999,176,42030323,218,38c84eee42c47e451f81384b547c78eac4dfee571240763f0dd0e50c1b30eda6,0.001299870013,0.0064993500650000003,True,,0.34363337953799999,240,1.1454445984599999,0.34363337953799999,240,1.1454445984599999,0.34363337953799999,240,1.1454445984599999,0.21529184523700001,240,0.71763948412199996,0.21529184523700001,240,0.71763948412199996
primary,equity,0.29999999999999999,177,42030324,219,ac228326a63a3bcdd0397943cb4912d98e78513c8ae97267d6fd6d412b20c40a,0.015098490151,0.075492450754999996,False,,0.31525488014699998,240,1.050849600489,0.31525488014699998,240,1.050849600489,0.31525488014699998,240,1.050849600489,0.156173169577,240,0.52057723192299998,0.156173169577,240,0.52057723192299998
primary,equity,0.29999999999999999,178,42030325,220,ce9ab52b95e7332739731f767b2de2f92510f21e653f05cef2a8c4bb62865012,0.00019998000200000001,0.00099990000999999992,True,,0.32395890510199998,240,1.0798630170050001,0.32395890510199998,240,1.0798630170050001,0.32395890510199998,240,1.0798630170050001,0.25859602256699998,240,0.86198674188900004,0.25859602256699998,240,0.86198674188900004
primary,equity,0.29999999999999999,179,42030326,221,760ad9f2981d24f13ed6173a02dec2216d34821664eac5973c0f8fece9f760b7,0.001299870013,0.0064993500650000003,True,,0.33730609510699999,240,1.1243536503580001,0.33730609510699999,240,1.1243536503580001,0.33730609510699999,240,1.1243536503580001,0.21789456565400001,240,0.72631521884700001,0.21789456565400001,240,0.72631521884700001
primary,equity,0.29999999999999999,180,42030327,222,68dde3b6412d45a99438bf288657cf4138934f3fc9fa7d475f511129ec2bf650,0.013798620138,0.068993100690000003,False,,0.27939871744900002,240,0.93132905816400002,0.27939871744900002,240,0.93132905816400002,0.27939871744900002,240,0.93132905816400002,0.15827520281999999,240,0.52758400939899996,0.15827520281999999,240,0.52758400939899996
primary,equity,0.29999999999999999,181,42030328,223,5b710030a8df47f69a03dcb65c875a4b9c8df399fa101cdb688d60320b13c03e,0.013998600139999999,0.069993000700000002,False,,0.24768937767499999,240,0.82563125891699995,0.24768937767499999,240,0.82563125891699995,0.24768937767499999,240,0.82563125891699995,0.16117440429300001,240,0.53724801430900004,0.16117440429300001,240,0.53724801430900004
primary,equity,0.29999999999999999,182,42030329,224,9f007733a391525ff66343cac4f09564fb611c1bb03793a6ba5106f92b1717bf,0.0088991100890000001,0.044495550444999997,True,,0.32650692123000002,240,1.0883564041010001,0.32650692123000002,240,1.0883564041010001,0.32650692123000002,240,1.0883564041010001,0.16905810010399999,240,0.56352700034600001,0.16905810010399999,240,0.56352700034600001
primary,equity,0.29999999999999999,183,42030330,225,4d1629ff1c4ed42f725f1add4bfd7ea7991c13a99fa5438a907c81c0b02e05df,0.052094790521000002,0.260473952605,False,,0.224060958064,240,0.74686986021500001,0.224060958064,240,0.74686986021500001,0.224060958064,240,0.74686986021500001,0.12555874350499999,240,0.41852914501499999,0.12555874350499999,240,0.41852914501499999
primary,equity,0.29999999999999999,184,42030331,226,cd9b15613462fd66acfc846c5a2d79149ab2d2dfa01b74c9067c1a9ea32a4d9e,9.9990001000000006e-05,0.00049995000499999996,True,,0.37047469463100002,240,1.2349156487690001,0.37047469463100002,240,1.2349156487690001,0.37047469463100002,240,1.2349156487690001,0.25532976121299999,240,0.85109920404200001,0.25532976121299999,240,0.85109920404200001
primary,equity,0.29999999999999999,185,42030332,227,3d8577bff5351296a396daf8e00db64909bf224fb91427588621e54028525b69,0.014098590140999999,0.070492950705000001,False,,0.33042139317899999,240,1.1014046439309999,0.33042139317899999,240,1.1014046439309999,0.33042139317899999,240,1.1014046439309999,0.15585263777200001,240,0.51950879257299998,0.15585263777200001,240,0.51950879257299998
primary,equity,0.29999999999999999,186,42030333,228,963a6783694aef75ebb6a0d89ef358eecf8f67c262db3d584ede60a10e94e901,0.001299870013,0.0064993500650000003,True,,0.317051120656,240,1.056837068853,0.317051120656,240,1.056837068853,0.317051120656,240,1.056837068853,0.21222850855100001,240,0.70742836183500002,0.21222850855100001,240,0.70742836183500002
primary,equity,0.29999999999999999,187,42030334,229,291c3ec029c1a699ac81ac9d3bd7df5fd8a64a09ac8b3797eff7baaa7d1ed314,0.0023997600239999998,0.01199880012,True,,0.31453577146200001,240,1.0484525715399999,0.31453577146200001,240,1.0484525715399999,0.31453577146200001,240,1.0484525715399999,0.195726268886,240,0.652420896285,0.195726268886,240,0.652420896285
primary,equity,0.29999999999999999,188,42030335,230,aa0cfb5fe96f5808ae1d8215c96c54f64f48787e7e469000ed767f0993e2f4cb,0.0017998200180000001,0.00899910009,True,,0.331265126119,240,1.104217087064,0.331265126119,240,1.104217087064,0.331265126119,240,1.104217087064,0.201922577213,240,0.67307525737700002,0.201922577213,240,0.67307525737700002
primary,equity,0.29999999999999999,189,42030336,231,1d79b7d420740a9810715e0508c224edd54d1e780db5a98c733bb4c8700f8ef2,0.0075992400759999999,0.037996200379999998,True,,0.30337856620199999,240,1.011261887341,0.30337856620199999,240,1.011261887341,0.30337856620199999,240,1.011261887341,0.17244132988399999,240,0.57480443294700001,0.17244132988399999,240,0.57480443294700001
primary,equity,0.29999999999999999,190,42030337,232,6dc53a9ed75be2e3a094c41341188c6b500e2466fdeb1d4d397d138d8d97c037,0.0069993000699999997,0.034996500350000001,True,,0.28983589817799998,240,0.96611966059499998,0.28983589817799998,240,0.96611966059499998,0.28983589817799998,240,0.96611966059499998,0.17776987851699999,240,0.59256626172299998,0.17776987851699999,240,0.59256626172299998
primary,equity,0.29999999999999999,191,42030338,233,541555cf12c06a06af85909ccff9011e9d2f07d36fa811db59fbb74a3afb1379,0.010498950105,0.052494750525000002,False,,0.27718594838499999,240,0.92395316128399996,0.27718594838499999,240,0.92395316128399996,0.27718594838499999,240,0.92395316128399996,0.16283812476599999,240,0.54279374922000001,0.16283812476599999,240,0.54279374922000001
primary,equity,0.29999999999999999,192,42030339,234,b82fd76fd5f1045ce3c0571ff3a7cb84122110e96a0ba0857fb9ac07ec816b23,0.00099990000999999992,0.0049995000500000003,True,,0.270310227515,240,0.90103409171600002,0.270310227515,240,0.90103409171600002,0.270310227515,240,0.90103409171600002,0.21858982654100001,240,0.72863275513600001,0.21858982654100001,240,0.72863275513600001
primary,equity,0.29999999999999999,193,42030340,235,6b36d291ff65270063a7fd9b93961dbfc04a50add79c7226930f0638d4febd05,9.9990001000000006e-05,0.00049995000499999996,True,,0.35544844666600001,240,1.184828155555,0.35544844666600001,240,1.184828155555,0.35544844666600001,240,1.184828155555,0.27484841677299998,240,0.91616138924299995,0.27484841677299998,240,0.91616138924299995
primary,equity,0.29999999999999999,194,42030341,236,7fdc02a2f4224d16309a5fea9d95fdfa0d1e934de7b6f89b94b2cb888b237ce5,0.0086991300870000003,0.043495650434999998,True,,0.282271988857,240,0.94090662952399995,0.282271988857,240,0.94090662952399995,0.282271988857,240,0.94090662952399995,0.16850289858699999,240,0.56167632862200001,0.16850289858699999,240,0.56167632862200001
primary,equity,0.29999999999999999,195,42030342,237,17f43c075f2ad31021a782f33b4b31cc2722bba25043031c135e8fc8ce175559,0.003699630037,0.018498150184999999,True,,0.36511456891999999,240,1.2170485630650001,0.36511456891999999,240,1.2170485630650001,0.36511456891999999,240,1.2170485630650001,0.19333544155499999,240,0.64445147185100005,0.19333544155499999,240,0.64445147185100005
primary,equity,0.29999999999999999,196,42030343,238,92b7869fed5897a07e548d71b4b31b172a8f54149ba7534f74b0fc57ef55a0c2,0.014198580141999999,0.070992900710000001,False,,0.25148690812399999,240,0.83828969374600004,0.25148690812399999,240,0.83828969374600004,0.25148690812399999,240,0.83828969374600004,0.160361166084,240,0.53453722028100004,0.160361166084,240,0.53453722028100004
primary,equity,0.29999999999999999,197,42030344,239,a15e6a3c63786ddf7bd3cf3f724e52280694c1921838d1b90f581446ce6b61b3,0.0043995600440000001,0.021997800219999999,True,,0.354104150374,240,1.1803471679140001,0.354104150374,240,1.1803471679140001,0.354104150374,240,1.1803471679140001,0.18313044511599999,240,0.61043481705400005,0.18313044511599999,240,0.61043481705400005
primary,equity,0.29999999999999999,198,42030345,240,a2a5d24d8bcbaa3ac9024c118322ca1eb925736f9a6fc3d4a7bf7cbeb9950a09,0.0023997600239999998,0.01199880012,True,,0.38414030651600001,240,1.280467688386,0.38414030651600001,240,1.280467688386,0.38414030651600001,240,1.280467688386,0.19592141573399999,240,0.65307138577900004,0.19592141573399999,240,0.65307138577900004
primary,equity,0.29999999999999999,199,42030346,241,708e2741899bb6ba77cb9eb6ee2d4f14db0735d4be54c56007453795188593cc,0.0030996900309999999,0.015498450154999999,True,,0.28200782470000002,240,0.94002608233399998,0.28200782470000002,240,0.94002608233399998,0.28200782470000002,240,0.94002608233399998,0.18831135365000001,240,0.62770451216599998,0.18831135365000001,240,0.62770451216599998
primary,equity,0.40000000000000002,0,42040154,42,7fec11920d69693c97203adfec9492ec62bd193bde26e43d5e4247010ad9ad4f,9.9990001000000006e-05,0.00049995000499999996,True,,0.44461993458799998,240,1.111549836469,0.44461993458799998,240,1.111549836469,0.44461993458799998,240,1.111549836469,0.30471300570499998,240,0.76178251426300003,0.30471300570499998,240,0.76178251426300003
primary,equity,0.40000000000000002,1,42040155,43,e4ed13445d340a14dbfa61e0079a60cfa3a73afad069ae1ffbf417b52bd031a7,0.0055994400559999996,0.027997200279999999,True,,0.31779449879400001,240,0.79448624698600001,0.31779449879400001,240,0.79448624698600001,0.31779449879400001,240,0.79448624698600001,0.17650470231900001,240,0.44126175579799998,0.17650470231900001,240,0.44126175579799998
primary,equity,0.40000000000000002,2,42040156,44,5bc9e6861e43a5dad6039dae5adf5121ffc387cd841797164539709b0154020c,9.9990001000000006e-05,0.00049995000499999996,True,,0.48035226340499998,240,1.2008806585109999,0.48035226340499998,240,1.2008806585109999,0.48035226340499998,240,1.2008806585109999,0.27672427431500002,240,0.691810685787,0.27672427431500002,240,0.691810685787
primary,equity,0.40000000000000002,3,42040157,45,e2c01b815c9625e2cc1f950a0abbb9452ce9d4816df2af2acb92104b882077e6,9.9990001000000006e-05,0.00049995000499999996,True,,0.44594852430900001,240,1.1148713107729999,0.44594852430900001,240,1.1148713107729999,0.44594852430900001,240,1.1148713107729999,0.31177674420599999,240,0.779441860514,0.31177674420599999,240,0.779441860514
primary,equity,0.40000000000000002,4,42040158,46,c8cde0163b381f7ef2a1920c2c4c23fe27fa45188fbd5bf7eb8ef6be8c663686,0.00069993000699999995,0.0034996500349999998,True,,0.35491792435199998,240,0.88729481088100004,0.35491792435199998,240,0.88729481088100004,0.35491792435199998,240,0.88729481088100004,0.22421539657799999,240,0.56053849144500001,0.22421539657799999,240,0.56053849144500001
primary,equity,0.40000000000000002,5,42040159,47,4bddbc369de88f50bfa7177b689b1bfe07c743f22e0051e46ad2c3b625a5c7e9,0.0023997600239999998,0.01199880012,True,,0.34705700058700001,240,0.86764250146800004,0.34705700058700001,240,0.86764250146800004,0.34705700058700001,240,0.86764250146800004,0.18941285622099999,240,0.47353214055100001,0.18941285622099999,240,0.47353214055100001
primary,equity,0.40000000000000002,6,42040160,48,6bc40c72a3fdd5f549a7d37016a5e1f1198d33cecdd77ef834b3b32fc734a8ee,0.00019998000200000001,0.00099990000999999992,True,,0.49655753734899999,240,1.241393843372,0.49655753734899999,240,1.241393843372,0.49655753734899999,240,1.241393843372,0.280973863278,240,0.70243465819499995,0.280973863278,240,0.70243465819499995
primary,equity,0.40000000000000002,7,42040161,49,2700e7df5ad4cc7e84a2cd9f6dbc28c617dda470f8806bad2afd2f93bc4e29b1,9.9990001000000006e-05,0.00049995000499999996,True,,0.39624429851499998,240,0.99061074628699997,0.39624429851499998,240,0.99061074628699997,0.39624429851499998,240,0.99061074628699997,0.28242829551300003,240,0.706070738782,0.28242829551300003,240,0.706070738782
primary,equity,0.40000000000000002,8,42040162,50,a237f5336282353204c28b243437265e2dec5c82c57edc2d81cf6b4a135350ef,0.00039996000400000002,0.0019998000199999998,True,,0.43060867300400002,240,1.076521682511,0.43060867300400002,240,1.076521682511,0.43060867300400002,240,1.076521682511,0.233341406971,240,0.58335351742800001,0.233341406971,240,0.58335351742800001
primary,equity,0.40000000000000002,9,42040163,51,ba51736b04ee085e7cf8c666cd3720f9c77dccd6fdb2595ab9bb4f565cb65228,0.0017998200180000001,0.00899910009,True,,0.38072594274400001,240,0.95181485685900002,0.38072594274400001,240,0.95181485685900002,0.38072594274400001,240,0.95181485685900002,0.209861495132,240,0.52465373783000002,0.209861495132,240,0.52465373783000002
primary,equity,0.40000000000000002,10,42040164,52,25b3ee740162b25ee5934de7a45b3f870e42a87d1bfb1b215feaafda6400339d,0.015298470153,0.076492350764999995,False,,0.33256233658500001,240,0.83140584146300001,0.33256233658500001,240,0.83140584146300001,0.33256233658500001,240,0.83140584146300001,0.16092358638900001,240,0.402308965972,0.16092358638900001,240,0.402308965972
primary,equity,0.40000000000000002,11,42040165,53,b459e9f190da76d7f7aaf4c7ba5c11b179a24be97d1961276fa627590f6d08ee,0.00039996000400000002,0.0019998000199999998,True,,0.44181341010699998,240,1.104533525268,0.44181341010699998,240,1.104533525268,0.44181341010699998,240,1.104533525268,0.24089705783699999,240,0.60224264459300003,0.24089705783699999,240,0.60224264459300003
primary,equity,0.40000000000000002,12,42040166,54,e24cb7879e3bffabd08d60f99a4da10d96dca148674372cc5147d83a7c789e28,0.0088991100890000001,0.044495550444999997,True,,0.295571642074,240,0.73892910518499999,0.295571642074,240,0.73892910518499999,0.295571642074,240,0.73892910518499999,0.16980811290299999,240,0.42452028225799998,0.16980811290299999,240,0.42452028225799998
primary,equity,0.40000000000000002,13,42040167,55,c7b82decc8a39eaf9dc70515541f776d59c1f5e9d204e9bf454f75fbc519469d,9.9990001000000006e-05,0.00049995000499999996,True,,0.412849237363,240,1.0321230934079999,0.412849237363,240,1.0321230934079999,0.412849237363,240,1.0321230934079999,0.26790225408700002,240,0.66975563521799997,0.26790225408700002,240,0.66975563521799997
primary,equity,0.40000000000000002,14,42040168,56,3c7d7d78c56c7cbe1695a97126f713b76a5b5db525de3b5bd53500cf0a44c4fb,0.00899910009,0.044995500450000003,True,,0.32482720844200003,240,0.81206802110499998,0.32482720844200003,240,0.81206802110499998,0.32482720844200003,240,0.81206802110499998,0.17099583254799999,240,0.42748958137100002,0.17099583254799999,240,0.42748958137100002
primary,equity,0.40000000000000002,15,42040169,57,f515c9e8101e0c9f6eba700357cd695319dc62eccc4d38099c0e0fcd767931fb,9.9990001000000006e-05,0.00049995000499999996,True,,0.365849173897,240,0.91462293474199996,0.365849173897,240,0.91462293474199996,0.365849173897,240,0.91462293474199996,0.27970858816900002,240,0.69927147042299997,0.27970858816900002,240,0.69927147042299997
primary,equity,0.40000000000000002,16,42040170,58,685a3498b316a2acd561f1fea0817988044673510df116ef394f50f3b0b27342,0.00089991000900000004,0.004499550045,True,,0.39635323506600001,240,0.99088308766400002,0.39635323506600001,240,0.99088308766400002,0.39635323506600001,240,0.99088308766400002,0.23814722136700001,240,0.59536805341800003,0.23814722136700001,240,0.59536805341800003
primary,equity,0.40000000000000002,17,42040171,59,4d5ac9f3f03e0701724ff3b1ad73ce68d19583534306aa5d11341f6c8d0e2583,0.00039996000400000002,0.0019998000199999998,True,,0.40419215188300001,240,1.010480379706,0.40419215188300001,240,1.010480379706,0.40419215188300001,240,1.010480379706,0.24750096751299999,240,0.61875241878300002,0.24750096751299999,240,0.61875241878300002
primary,equity,0.40000000000000002,18,42040172,60,c9b6de03c112187379ba946071ff904c6c74713a756dda5f2de2c7b06d68835b,9.9990001000000006e-05,0.00049995000499999996,True,,0.38854036682400001,240,0.97135091705999999,0.38854036682400001,240,0.97135091705999999,0.38854036682400001,240,0.97135091705999999,0.26273728822999998,240,0.65684322057400002,0.26273728822999998,240,0.65684322057400002
primary,equity,0.40000000000000002,19,42040173,61,6a7dc679524a2a5f2843cb0f2cbdd243b9df92fc0f49d49d3df476ab2ceead26,9.9990001000000006e-05,0.00049995000499999996,True,,0.42904725094000001,240,1.072618127351,0.42904725094000001,240,1.072618127351,0.42904725094000001,240,1.072618127351,0.24394483540299999,240,0.60986208850900003,0.24394483540299999,240,0.60986208850900003
primary,equity,0.40000000000000002,20,42040174,62,0aa45d9e2864694103e5186f7be116bd01eabac726acfa829a42ceef2c9a3a7e,0.00019998000200000001,0.00099990000999999992,True,,0.34741663708100001,240,0.86854159270200004,0.34741663708100001,240,0.86854159270200004,0.34741663708100001,240,0.86854159270200004,0.26367509482700002,240,0.65918773706699996,0.26367509482700002,240,0.65918773706699996
primary,equity,0.40000000000000002,21,42040175,63,215db4da949c1db4effbf6cc9b8832cffb3c803ac655f360434b098b99e2a0c4,9.9990001000000006e-05,0.00049995000499999996,True,,0.43732054861800002,240,1.093301371545,0.43732054861800002,240,1.093301371545,0.43732054861800002,240,1.093301371545,0.31624523091899998,240,0.79061307729700003,0.31624523091899998,240,0.79061307729700003
primary,equity,0.40000000000000002,22,42040176,64,9dea87621d2cf438a1808ed420888dee7df2dff93c36d363743f358f4f6450b1,0.00019998000200000001,0.00099990000999999992,True,,0.35006565478099999,240,0.87516413695299999,0.35006565478099999,240,0.87516413695299999,0.35006565478099999,240,0.87516413695299999,0.226864959024,240,0.567162397559,0.226864959024,240,0.567162397559
primary,equity,0.40000000000000002,23,42040177,65,6b42793bf84275e6787c33f4aff92b2604eb1688205a2221851257553acc1181,9.9990001000000006e-05,0.00049995000499999996,True,,0.41766237000799999,240,1.044155925019,0.41766237000799999,240,1.044155925019,0.41766237000799999,240,1.044155925019,0.29489135343299999,240,0.73722838358300002,0.29489135343299999,240,0.73722838358300002
primary,equity,0.40000000000000002,24,42040178,66,cea3e9b2268857ef3cf2a677403cec804e6dc96b41fdd5f0c0bd8976d0207b73,0.001299870013,0.0064993500650000003,True,,0.356964448095,240,0.89241112023699998,0.356964448095,240,0.89241112023699998,0.356964448095,240,0.89241112023699998,0.208376588498,240,0.52094147124400003,0.208376588498,240,0.52094147124400003
primary,equity,0.40000000000000002,25,42040179,67,4a46dd6a6f90597f82cfaab19d6744a958802705f3653dfac5ba1e3771fcc96f,9.9990001000000006e-05,0.00049995000499999996,True,,0.42008346109299999,240,1.0502086527329999,0.42008346109299999,240,1.0502086527329999,0.42008346109299999,240,1.0502086527329999,0.30193023322500001,240,0.75482558306299996,0.30193023322500001,240,0.75482558306299996
primary,equity,0.40000000000000002,26,42040180,68,0c85974977594954be719b8ae238b91815152319c2dbec2feb510b521d375b22,9.9990001000000006e-05,0.00049995000499999996,True,,0.44062662041200001,240,1.101566551029,0.44062662041200001,240,1.101566551029,0.44062662041200001,240,1.101566551029,0.27959116365199999,240,0.69897790912900004,0.27959116365199999,240,0.69897790912900004
primary,equity,0.40000000000000002,27,42040181,69,16984476af5c299e8f31cf5b696f7fc2101f0d5dbcdfa692ca319a83cd3517dd,9.9990001000000006e-05,0.00049995000499999996,True,,0.44894867203700001,240,1.1223716800920001,0.44894867203700001,240,1.1223716800920001,0.44894867203700001,240,1.1223716800920001,0.25863496515099998,240,0.64658741287699995,0.25863496515099998,240,0.64658741287699995
primary,equity,0.40000000000000002,28,42040182,70,b605e952b6aa0f60f91d1096aee26d9577c1e134498f23875da929b47faae4cc,0.0035996400360000002,0.01799820018,True,,0.365552597777,240,0.91388149444199995,0.365552597777,240,0.91388149444199995,0.365552597777,240,0.91388149444199995,0.186154712099,240,0.46538678024699998,0.186154712099,240,0.46538678024699998
primary,equity,0.40000000000000002,29,42040183,71,b6b90dbd143967727bd20fbfc87e4ca558de16a82c3bd74e3c26a56e20bde93f,0.013998600139999999,0.069993000700000002,False,,0.27519326254100002,240,0.68798315635399998,0.27519326254100002,240,0.68798315635399998,0.27519326254100002,240,0.68798315635399998,0.15947013465900001,240,0.398675336647,0.15947013465900001,240,0.398675336647
primary,equity,0.40000000000000002,30,42040184,72,4fac4a04e4769537aaf71ca4d898388ec4ffc3148a1f8ef047404db2cbab557e,9.9990001000000006e-05,0.00049995000499999996,True,,0.42950715394799999,240,1.0737678848709999,0.42950715394799999,240,1.0737678848709999,0.42950715394799999,240,1.0737678848709999,0.31066664046999998,240,0.77666660117499997,0.31066664046999998,240,0.77666660117499997
primary,equity,0.40000000000000002,31,42040185,73,362cba774d699f4a9080aa40aacf2234ed4d2cc8a331bd2392da86d9ad0d3bd8,0.001099890011,0.0054994500549999997,True,,0.36521613117200002,240,0.91304032793099998,0.36521613117200002,240,0.91304032793099998,0.36521613117200002,240,0.91304032793099998,0.216846756462,240,0.54211689115399997,0.216846756462,240,0.54211689115399997
primary,equity,0.40000000000000002,32,42040186,74,a7af6905f667b4a82f0bb8f3736952908a1fe8becd1b25fe11baac8a818ec48e,0.0085991400860000004,0.042995700429999999,True,,0.32704551498399997,240,0.81761378746000002,0.32704551498399997,240,0.81761378746000002,0.32704551498399997,240,0.81761378746000002,0.169557939938,240,0.42389484984499998,0.169557939938,240,0.42389484984499998
primary,equity,0.40000000000000002,33,42040187,75,611484856f779f0de03af5ac8d04cc5f9b770d65a183389e38e584913c4105d6,0.00019998000200000001,0.00099990000999999992,True,,0.43723610663599999,240,1.0930902665890001,0.43723610663599999,240,1.0930902665890001,0.43723610663599999,240,1.0930902665890001,0.27868539114000002,240,0.69671347784899995,0.27868539114000002,240,0.69671347784899995
primary,equity,0.40000000000000002,34,42040188,76,d1b3362dfa82e1720ebb69a2b0600cf88884d68ec8f9a035742e47cdc4cce7fd,0.0017998200180000001,0.00899910009,True,,0.46394281741100002,240,1.1598570435269999,0.46394281741100002,240,1.1598570435269999,0.46394281741100002,240,1.1598570435269999,0.208282784099,240,0.52070696024800001,0.208282784099,240,0.52070696024800001
primary,equity,0.40000000000000002,35,42040189,77,9cbf716a72b681da497f8ef65eb22ae2baf8279d83fba9d6626ed5b8b03946a3,9.9990001000000006e-05,0.00049995000499999996,True,,0.46413069418399999,240,1.16032673546,0.46413069418399999,240,1.16032673546,0.46413069418399999,240,1.16032673546,0.299993397577,240,0.74998349394200003,0.299993397577,240,0.74998349394200003
primary,equity,0.40000000000000002,36,42040190,78,81fdc875f2b915943aa8d26665aa2a80f43e637b8dd1dccd42114860f9deba7d,0.0034996500349999998,0.017498250175000001,True,,0.39015769971199998,240,0.97539424927999996,0.39015769971199998,240,0.97539424927999996,0.39015769971199998,240,0.97539424927999996,0.19000662922100001,240,0.47501657305200001,0.19000662922100001,240,0.47501657305200001
primary,equity,0.40000000000000002,37,42040191,79,6b7da29932c5110387a5be07a227909963e9dbb30d528d22e76f608336004cb2,9.9990001000000006e-05,0.00049995000499999996,True,,0.45230042474900001,240,1.1307510618729999,0.45230042474900001,240,1.1307510618729999,0.45230042474900001,240,1.1307510618729999,0.30149338415999999,240,0.75373346040099998,0.30149338415999999,240,0.75373346040099998
primary,equity,0.40000000000000002,38,42040192,80,eb650597d30b7650559485e0d1ac347daa2414114446c215ad3c775f6c48b0c4,0.0090990900909999999,0.045495450455000003,True,,0.21212791123300001,240,0.53031977808200004,0.21212791123300001,240,0.53031977808200004,0.21212791123300001,240,0.53031977808200004,0.16879240959799999,240,0.42198102399499998,0.16879240959799999,240,0.42198102399499998
primary,equity,0.40000000000000002,39,42040193,81,a93e4350a47aa26050d335660123e1a85bc2861e86caa9fc9ae5e7b5acc7a8b3,9.9990001000000006e-05,0.00049995000499999996,True,,0.46893651718899998,240,1.1723412929720001,0.46893651718899998,240,1.1723412929720001,0.46893651718899998,240,1.1723412929720001,0.33732015059100001,240,0.84330037647900002,0.33732015059100001,240,0.84330037647900002
primary,equity,0.40000000000000002,40,42040194,82,85b18698c49e39d67ea14a9d41bab40f71fa35137a89fdf0e512255d49fc91b0,0.030796920307999999,0.15398460153999999,False,,0.37640692177700003,240,0.94101730444099996,0.37640692177700003,240,0.94101730444099996,0.37640692177700003,240,0.94101730444099996,0.141280136226,240,0.35320034056499999,0.141280136226,240,0.35320034056499999
primary,equity,0.40000000000000002,41,42040195,83,01959183b8fbd8adc9749fbb0dffb93f076739c0a07ae466b80db37dca7e53cb,9.9990001000000006e-05,0.00049995000499999996,True,,0.452793150935,240,1.1319828773380001,0.452793150935,240,1.1319828773380001,0.452793150935,240,1.1319828773380001,0.31344127282099998,240,0.78360318205299995,0.31344127282099998,240,0.78360318205299995
primary,equity,0.40000000000000002,42,42040196,84,f3178020e03227420477ff187acfe346beabc7fe62a79744dad994fa355d87e7,0.00019998000200000001,0.00099990000999999992,True,,0.46468633072799997,240,1.161715826819,0.46468633072799997,240,1.161715826819,0.46468633072799997,240,1.161715826819,0.27219980863799997,240,0.68049952159600002,0.27219980863799997,240,0.68049952159600002
primary,equity,0.40000000000000002,43,42040197,85,495b1271623469ed403731394509e7620b6c185d66f6c6dfb82abb0027a222fd,0.0083991600840000007,0.04199580042,True,,0.287280624614,240,0.71820156153400005,0.287280624614,240,0.71820156153400005,0.287280624614,240,0.71820156153400005,0.17315984912999999,240,0.43289962282599997,0.17315984912999999,240,0.43289962282599997
primary,equity,0.40000000000000002,44,42040198,86,4a65137048133820bcb809a5e16a24bf3310d203ac54344ecc86706236405561,9.9990001000000006e-05,0.00049995000499999996,True,,0.49187729272699998,240,1.2296932318180001,0.49187729272699998,240,1.2296932318180001,0.49187729272699998,240,1.2296932318180001,0.30962748574499999,240,0.77406871436199998,0.30962748574499999,240,0.77406871436199998
primary,equity,0.40000000000000002,45,42040199,87,bec2c7a92dd39b7b9123d9af67f03fe512864493bcd655fe4b206ff99209a22c,0.00019998000200000001,0.00099990000999999992,True,,0.41721703810499999,240,1.043042595263,0.41721703810499999,240,1.043042595263,0.41721703810499999,240,1.043042595263,0.25170395366699999,240,0.62925988416800005,0.25170395366699999,240,0.62925988416800005
primary,equity,0.40000000000000002,46,42040200,88,49598920c5442836657bcdf87c31263a9df2adf7255d3eee1794d932d67c34e3,9.9990001000000006e-05,0.00049995000499999996,True,,0.481915126094,240,1.2047878152339999,0.481915126094,240,1.2047878152339999,0.481915126094,240,1.2047878152339999,0.28852275987300002,240,0.72130689968299999,0.28852275987300002,240,0.72130689968299999
primary,equity,0.40000000000000002,47,42040201,89,c78148bf22bfdd9e48d1606177706bd1fd73771145a98782ab734d4cb473b7b4,0.0026997300269999999,0.013498650135,True,,0.37674086943899998,240,0.941852173598,0.37674086943899998,240,0.941852173598,0.37674086943899998,240,0.941852173598,0.19514800738099999,240,0.48787001845200001,0.19514800738099999,240,0.48787001845200001
primary,equity,0.40000000000000002,48,42040202,90,4ab0f154a7538a3a305f7d5cd0c9543192c97030e5a0e1cf1a80dfbb948f5217,0.00059994000599999995,0.00299970003,True,,0.38572766230799999,240,0.96431915577100003,0.38572766230799999,240,0.96431915577100003,0.38572766230799999,240,0.96431915577100003,0.21693278981799999,240,0.54233197454399995,0.21693278981799999,240,0.54233197454399995
primary,equity,0.40000000000000002,49,42040203,91,7adb05b38d3f194e8e28dc4fe10b1814264ed2a29f8291fce77114d6a6236072,0.00019998000200000001,0.00099990000999999992,True,,0.39558883085000002,240,0.98897207712400004,0.39558883085000002,240,0.98897207712400004,0.39558883085000002,240,0.98897207712400004,0.234248310919,240,0.58562077729799999,0.234248310919,240,0.58562077729799999
primary,equity,0.40000000000000002,50,42040204,92,5a1976450d3b98f1bc800e193501808af2e94830c0969f21ee4f67e686e1514a,0.00039996000400000002,0.0019998000199999998,True,,0.39069746428300001,240,0.97674366070800001,0.39069746428300001,240,0.97674366070800001,0.39069746428300001,240,0.97674366070800001,0.23063857097099999,240,0.57659642742700001,0.23063857097099999,240,0.57659642742700001
primary,equity,0.40000000000000002,51,42040205,93,1e62dc6b8e61fed30532a8a98b34944ad13548181db64dbc8d0422cd537f6e77,0.001099890011,0.0054994500549999997,True,,0.37383486350700001,240,0.93458715876800003,0.37383486350700001,240,0.93458715876800003,0.37383486350700001,240,0.93458715876800003,0.21579991311999999,240,0.53949978280099997,0.21579991311999999,240,0.53949978280099997
primary,equity,0.40000000000000002,52,42040206,94,7cc0add9849cb055e41a72865b99faaf76a9324787ff4b687bdd8e8f3d5adff0,9.9990001000000006e-05,0.00049995000499999996,True,,0.42197495944800001,240,1.054937398621,0.42197495944800001,240,1.054937398621,0.42197495944800001,240,1.054937398621,0.30828344259200002,240,0.77070860647999995,0.30828344259200002,240,0.77070860647999995
primary,equity,0.40000000000000002,53,42040207,95,96495970b6aa8f1b3eb7f6b2b7cac9d8cad142332f5b67ff2b19fae417e67f57,0.00019998000200000001,0.00099990000999999992,True,,0.38022704952800002,240,0.95056762381899995,0.38022704952800002,240,0.95056762381899995,0.38022704952800002,240,0.95056762381899995,0.24539084048400001,240,0.61347710120900001,0.24539084048400001,240,0.61347710120900001
primary,equity,0.40000000000000002,54,42040208,96,8e5fc6eaab46a0877a7c49af4661bb6f94a6fdaa2df05aa5e238da2bba49b250,9.9990001000000006e-05,0.00049995000499999996,True,,0.48352453041400001,240,1.2088113260340001,0.48352453041400001,240,1.2088113260340001,0.48352453041400001,240,1.2088113260340001,0.283420412585,240,0.70855103146300003,0.283420412585,240,0.70855103146300003
primary,equity,0.40000000000000002,55,42040209,97,60cb11fa77e22cd6966c1141aacf7f3a8918264d6d05069a73ad2bbbdcefc3ed,0.00029997000299999998,0.001499850015,True,,0.38957991261500002,240,0.97394978153800005,0.38957991261500002,240,0.97394978153800005,0.38957991261500002,240,0.97394978153800005,0.24911743712500001,240,0.62279359281199997,0.24911743712500001,240,0.62279359281199997
primary,equity,0.40000000000000002,56,42040210,98,fef1db5ea9fa0fa90c6178d35977e86876db371abf254e4c9641093f886a6ef3,9.9990001000000006e-05,0.00049995000499999996,True,,0.40189410210400001,240,1.004735255261,0.40189410210400001,240,1.004735255261,0.40189410210400001,240,1.004735255261,0.27536399669799999,240,0.68840999174499995,0.27536399669799999,240,0.68840999174499995
primary,equity,0.40000000000000002,57,42040211,99,d76993abe4ab48840132fcafdbf26d5dac7527e519b1a288b229a898fa85f05f,9.9990001000000006e-05,0.00049995000499999996,True,,0.46391909215299998,240,1.159797730382,0.46391909215299998,240,1.159797730382,0.46391909215299998,240,1.159797730382,0.29546138615599998,240,0.73865346538999999,0.29546138615599998,240,0.73865346538999999
primary,equity,0.40000000000000002,58,42040212,100,eaf347b6d71eca7412dc2cf005cef04d260165acf57d63637299b4631d501cf8,0.00059994000599999995,0.00299970003,True,,0.36048135902,240,0.90120339755000001,0.36048135902,240,0.90120339755000001,0.36048135902,240,0.90120339755000001,0.22450415183399999,240,0.56126037958399999,0.22450415183399999,240,0.56126037958399999
primary,equity,0.40000000000000002,59,42040213,101,3aa159cd24e217029f2f1c7fab5d1d0df7449a9a70033567569a88346b3c3389,0.00049995000499999996,0.0024997500250000001,True,,0.46305282162299999,240,1.1576320540580001,0.46305282162299999,240,1.1576320540580001,0.46305282162299999,240,1.1576320540580001,0.22981060633,240,0.57452651582400005,0.22981060633,240,0.57452651582400005
primary,equity,0.40000000000000002,60,42040214,102,65c68e2d97eaca325756c5ad9d91d9447b907847c139b970ccb08147fba285db,0.0020997900210000002,0.010498950105,True,,0.31529428211900001,240,0.78823570529700004,0.31529428211900001,240,0.78823570529700004,0.31529428211900001,240,0.78823570529700004,0.19452328538899999,240,0.48630821347300002,0.19452328538899999,240,0.48630821347300002
primary,equity,0.40000000000000002,61,42040215,103,9a6e320ad25c75e9f09df5dfeeb9d6b07d5d9c7b563453b8d1f480b779762c18,0.00059994000599999995,0.00299970003,True,,0.41244985911799997,240,1.0311246477960001,0.41244985911799997,240,1.0311246477960001,0.41244985911799997,240,1.0311246477960001,0.229254973083,240,0.57313743270700002,0.229254973083,240,0.57313743270700002
primary,equity,0.40000000000000002,62,42040216,104,3b7def2211c9642d19b2bd8dd6f478754cb499e309a6041d55d6d7724d2f288f,9.9990001000000006e-05,0.00049995000499999996,True,,0.33771230327200003,240,0.84428075817899995,0.33771230327200003,240,0.84428075817899995,0.33771230327200003,240,0.84428075817899995,0.28378059235800002,240,0.70945148089599996,0.28378059235800002,240,0.70945148089599996
primary,equity,0.40000000000000002,63,42040217,105,bad7e3fd3c4b46e1a6f46239fcdc89af27ad7dbd04cb9432d064500cb41d2601,0.0096990300969999992,0.048495150484999999,True,,0.36744198327599997,240,0.91860495818900001,0.36744198327599997,240,0.91860495818900001,0.36744198327599997,240,0.91860495818900001,0.17083944108599999,240,0.42709860271400002,0.17083944108599999,240,0.42709860271400002
primary,equity,0.40000000000000002,64,42040218,106,edd04696a096d24cf2d1fac8b51f4b902a06ae37ec6c2f9c77601786e6ed249f,0.00029997000299999998,0.001499850015,True,,0.40190958374300001,240,1.0047739593589999,0.40190958374300001,240,1.0047739593589999,0.40190958374300001,240,1.0047739593589999,0.238592426883,240,0.59648106720799998,0.238592426883,240,0.59648106720799998
primary,equity,0.40000000000000002,65,42040219,107,02d9205c9206f21c0b1a035e932d373396dbc3d2c7143c9d32c42a0422ff9574,0.00069993000699999995,0.0034996500349999998,True,,0.32002868262099998,240,0.80007170655199999,0.32002868262099998,240,0.80007170655199999,0.32002868262099998,240,0.80007170655199999,0.220113059395,240,0.55028264848800001,0.220113059395,240,0.55028264848800001
primary,equity,0.40000000000000002,66,42040220,108,b86d62489097dacb9edb5c3bb9463131c2366a1945e90afcc0f27d24f541be68,0.00079992000800000005,0.0039996000399999997,True,,0.31816066572599999,240,0.79540166431500003,0.31816066572599999,240,0.79540166431500003,0.31816066572599999,240,0.79540166431500003,0.21481551653600001,240,0.53703879133999999,0.21481551653600001,240,0.53703879133999999
primary,equity,0.40000000000000002,67,42040221,109,faefa60213fe139fbdfaff827214c1ae6172edac07e8efd741a4cd1fcc8cea79,0.00019998000200000001,0.00099990000999999992,True,,0.38009383692900001,240,0.950234592323,0.38009383692900001,240,0.950234592323,0.38009383692900001,240,0.950234592323,0.24675837077400001,240,0.61689592693600004,0.24675837077400001,240,0.61689592693600004
primary,equity,0.40000000000000002,68,42040222,110,fed654d7d90e69c8f80f6d29913d05c31d86abdcccf5e346f18f0bb1639df6a2,0.010498950105,0.052494750525000002,False,,0.36736485313099998,240,0.91841213282699996,0.36736485313099998,240,0.91841213282699996,0.36736485313099998,240,0.91841213282699996,0.16615890797300001,240,0.41539726993100001,0.16615890797300001,240,0.41539726993100001
primary,equity,0.40000000000000002,69,42040223,111,0c6e3910308d89e3bb4b29ef1acbf03d83561a91c99a34e7ec17bc9036561ea8,9.9990001000000006e-05,0.00049995000499999996,True,,0.43811123641499999,240,1.095278091038,0.43811123641499999,240,1.095278091038,0.43811123641499999,240,1.095278091038,0.26152615434699999,240,0.65381538586800003,0.26152615434699999,240,0.65381538586800003
primary,equity,0.40000000000000002,70,42040224,112,6a62a2cf57e974ca94c4ecd2e1c29d22abfaca2d019dfa54ec57a82f0d7f20a0,9.9990001000000006e-05,0.00049995000499999996,True,,0.40204987830200001,240,1.005124695755,0.40204987830200001,240,1.005124695755,0.40204987830200001,240,1.005124695755,0.295077926775,240,0.73769481693799999,0.295077926775,240,0.73769481693799999
primary,equity,0.40000000000000002,71,42040225,113,0059da5e0dbeea6056bfd7999ac9fc16f02d0380ae60348502643a23c2a1473c,9.9990001000000006e-05,0.00049995000499999996,True,,0.411888167094,240,1.029720417736,0.411888167094,240,1.029720417736,0.411888167094,240,1.029720417736,0.25207114121700003,240,0.630177853043,0.25207114121700003,240,0.630177853043
primary,equity,0.40000000000000002,72,42040226,114,81b3674fd9fa3007d75b0f16ea358759e2e13d81817204f50de610588fcd2365,9.9990001000000006e-05,0.00049995000499999996,True,,0.46721734472999998,240,1.1680433618249999,0.46721734472999998,240,1.1680433618249999,0.46721734472999998,240,1.1680433618249999,0.32339563672400001,240,0.80848909180999995,0.32339563672400001,240,0.80848909180999995
primary,equity,0.40000000000000002,73,42040227,115,8f9f19ce4cdacd1a6485993f5eceacd129d330c9de67c66b944c6e45452a2019,0.0023997600239999998,0.01199880012,True,,0.31223856078200002,240,0.78059640195400004,0.31223856078200002,240,0.78059640195400004,0.31223856078200002,240,0.78059640195400004,0.19771884922399999,240,0.49429712306000001,0.19771884922399999,240,0.49429712306000001
primary,equity,0.40000000000000002,74,42040228,116,af520e9ece40cb591308609ab7471e0950743b914cb7692481d869f477857724,0.00019998000200000001,0.00099990000999999992,True,,0.38229629824200001,240,0.95574074560400002,0.38229629824200001,240,0.95574074560400002,0.38229629824200001,240,0.95574074560400002,0.24235887352800001,240,0.605897183821,0.24235887352800001,240,0.605897183821
primary,equity,0.40000000000000002,75,42040229,117,03e8fe8d75900d0ea80d3280c7b29b041026ff9e7ae8abd0648bd22aa27d0ee5,0.0020997900210000002,0.010498950105,True,,0.43574271459899999,240,1.089356786497,0.43574271459899999,240,1.089356786497,0.43574271459899999,240,1.089356786497,0.195718297456,240,0.48929574364,0.195718297456,240,0.48929574364
primary,equity,0.40000000000000002,76,42040230,118,e3c97b9a1a4596f21ca4fdb0728542b156addf8cfc8efb390fee8aad7691d6b5,0.00029997000299999998,0.001499850015,True,,0.45654320229299999,240,1.1413580057329999,0.45654320229299999,240,1.1413580057329999,0.45654320229299999,240,1.1413580057329999,0.24985208056800001,240,0.62463020142000003,0.24985208056800001,240,0.62463020142000003
primary,equity,0.40000000000000002,77,42040231,119,aea2e1f4dc45022560ab74e1cb3c58f0430f0b03eda884d68a6a21ea0b9df173,9.9990001000000006e-05,0.00049995000499999996,True,,0.45120616093100002,240,1.1280154023290001,0.45120616093100002,240,1.1280154023290001,0.45120616093100002,240,1.1280154023290001,0.25404792211799998,240,0.63511980529500001,0.25404792211799998,240,0.63511980529500001
primary,equity,0.40000000000000002,78,42040232,120,862794753f1a49c81c25040a07223b3ed46e869ea138bcd1bce5b091a80cfa79,9.9990001000000006e-05,0.00049995000499999996,True,,0.36876468548300001,240,0.92191171370799996,0.36876468548300001,240,0.92191171370799996,0.36876468548300001,240,0.92191171370799996,0.26816078386999997,240,0.67040195967500005,0.26816078386999997,240,0.67040195967500005
primary,equity,0.40000000000000002,79,42040233,121,3b7e3cc38af2b2043bb9e572503a6ca1642e60d81557f132d3c356f4c96a0c7d,0.00059994000599999995,0.00299970003,True,,0.42331985030800001,240,1.0582996257690001,0.42331985030800001,240,1.0582996257690001,0.42331985030800001,240,1.0582996257690001,0.221769550274,240,0.55442387568499996,0.221769550274,240,0.55442387568499996
primary,equity,0.40000000000000002,80,42040234,122,cd009a5c704b2f34405325aacf52cfc51964201ba5c9fba77521a0ed09100d56,9.9990001000000006e-05,0.00049995000499999996,True,,0.43800250318200001,240,1.095006257955,0.43800250318200001,240,1.095006257955,0.43800250318200001,240,1.095006257955,0.29183658475899998,240,0.72959146189699997,0.29183658475899998,240,0.72959146189699997
primary,equity,0.40000000000000002,81,42040235,123,ff2f1c8fa6d18c11ac0f63bc6cebd15c16659962a84052f273652d3f8c5a7946,9.9990001000000006e-05,0.00049995000499999996,True,,0.405605254656,240,1.01401313664,0.405605254656,240,1.01401313664,0.405605254656,240,1.01401313664,0.25503264730800002,240,0.63758161827000004,0.25503264730800002,240,0.63758161827000004
primary,equity,0.40000000000000002,82,42040236,124,73e2b937f13b17ad6484c2bde63b72f34d3f979796f6ccaa4507b144eda698f0,0.00019998000200000001,0.00099990000999999992,True,,0.389414742496,240,0.97353685624099995,0.389414742496,240,0.97353685624099995,0.389414742496,240,0.97353685624099995,0.26262745506599999,240,0.65656863766399998,0.26262745506599999,240,0.65656863766399998
primary,equity,0.40000000000000002,83,42040237,125,ccca7d97156f57d866cd1a9fba8436d5265b953b81767227623f1fc61ee33519,9.9990001000000006e-05,0.00049995000499999996,True,,0.43468085706600001,240,1.0867021426650001,0.43468085706600001,240,1.0867021426650001,0.43468085706600001,240,1.0867021426650001,0.31629309924400001,240,0.79073274810899996,0.31629309924400001,240,0.79073274810899996
primary,equity,0.40000000000000002,84,42040238,126,53599e51853d9e513d9271fb995504f0d794bb81a082f679a6264677cbb99cff,0.00089991000900000004,0.004499550045,True,,0.38182039669099999,240,0.95455099172799995,0.38182039669099999,240,0.95455099172799995,0.38182039669099999,240,0.95455099172799995,0.2166594063,240,0.54164851574899997,0.2166594063,240,0.54164851574899997
primary,equity,0.40000000000000002,85,42040239,127,9c0d0ed68593c144641aa95b8c223615e0a394ab47ba0f0f5c1c90a770285bbe,0.0011998800119999999,0.00599940006,True,,0.42581281174500002,240,1.064532029362,0.42581281174500002,240,1.064532029362,0.42581281174500002,240,1.064532029362,0.21622210425800001,240,0.54055526064399995,0.21622210425800001,240,0.54055526064399995
primary,equity,0.40000000000000002,86,42040240,128,bbef7d7b402b50d953b00ab33ae2f612e099ba205a0d2491c92c585576788555,0.001099890011,0.0054994500549999997,True,,0.36272280541200003,240,0.90680701352899995,0.36272280541200003,240,0.90680701352899995,0.36272280541200003,240,0.90680701352899995,0.21730736723499999,240,0.54326841808799997,0.21730736723499999,240,0.54326841808799997
primary,equity,0.40000000000000002,87,42040241,129,c8bfd444e082ebf165ca3c6f3ab99ccfb55a1ffd541e3c5bad29b7300551014c,0.00019998000200000001,0.00099990000999999992,True,,0.34404891861300002,240,0.86012229653299999,0.34404891861300002,240,0.86012229653299999,0.34404891861300002,240,0.86012229653299999,0.25090006083999999,240,0.62725015210000001,0.25090006083999999,240,0.62725015210000001
primary,equity,0.40000000000000002,88,42040242,130,35fa48f8e7c63648ec10e6bff0a0297ea9f0ac27f68b3b741a80c3912fdfc7f0,0.00029997000299999998,0.001499850015,True,,0.32862391939199997,240,0.82155979848000005,0.32862391939199997,240,0.82155979848000005,0.32862391939199997,240,0.82155979848000005,0.240960534005,240,0.60240133501100002,0.240960534005,240,0.60240133501100002
primary,equity,0.40000000000000002,89,42040243,131,a9aded1b68a099181695334f9b7c6d996e1a95019d211efbde3db5f5e79eb8fa,9.9990001000000006e-05,0.00049995000499999996,True,,0.40720789169999999,240,1.018019729251,0.40720789169999999,240,1.018019729251,0.40720789169999999,240,1.018019729251,0.287210652994,240,0.718026632484,0.287210652994,240,0.718026632484
primary,equity,0.40000000000000002,90,42040244,132,6d5037ddffae13278cc62fa75dfb2d20bf5b31ab251cea0d4c7193015e040fc7,9.9990001000000006e-05,0.00049995000499999996,True,,0.396572762001,240,0.99143190500400002,0.396572762001,240,0.99143190500400002,0.396572762001,240,0.99143190500400002,0.26035402569299998,240,0.65088506423299997,0.26035402569299998,240,0.65088506423299997
primary,equity,0.40000000000000002,91,42040245,133,634e3bb6b1370d68b3cd98633ddb32a895a6c2abfacf29bd18bbf8fb26d26cb9,0.00039996000400000002,0.0019998000199999998,True,,0.35241627639299999,240,0.88104069098299997,0.35241627639299999,240,0.88104069098299997,0.35241627639299999,240,0.88104069098299997,0.21812073457799999,240,0.54530183644499997,0.21812073457799999,240,0.54530183644499997
primary,equity,0.40000000000000002,92,42040246,134,f0774ff4709acd3a808ac90cb8dd4beb84d2d8cc21bdc741ed8b4e394829ae20,9.9990001000000006e-05,0.00049995000499999996,True,,0.43082118080699999,240,1.0770529520180001,0.43082118080699999,240,1.0770529520180001,0.43082118080699999,240,1.0770529520180001,0.29709482327499998,240,0.74273705818699998,0.29709482327499998,240,0.74273705818699998
primary,equity,0.40000000000000002,93,42040247,135,e2069f570d120700da72b335a7b82f461b503fcf4e1cc28ca72884c39f826b5e,0.0027997200279999998,0.013998600139999999,True,,0.42834335646799998,240,1.07085839117,0.42834335646799998,240,1.07085839117,0.42834335646799998,240,1.07085839117,0.18879526894199999,240,0.47198817235399998,0.18879526894199999,240,0.47198817235399998
primary,equity,0.40000000000000002,94,42040248,136,614e07f6661b0c22e0a3d276e910dc60cf36c1fa9757facef966c955e6e67054,0.0011998800119999999,0.00599940006,True,,0.39889306985299999,240,0.99723267463200005,0.39889306985299999,240,0.99723267463200005,0.39889306985299999,240,0.99723267463200005,0.21547164892199999,240,0.53867912230399995,0.21547164892199999,240,0.53867912230399995
primary,equity,0.40000000000000002,95,42040249,137,bb4a342e0bc7fea0c3f088f117dd40dba6fb049a1a690813a56a58b886df5e32,9.9990001000000006e-05,0.00049995000499999996,True,,0.477265780275,240,1.1931644506870001,0.477265780275,240,1.1931644506870001,0.477265780275,240,1.1931644506870001,0.36059701064299998,240,0.90149252660800006,0.36059701064299998,240,0.90149252660800006
primary,equity,0.40000000000000002,96,42040250,138,2c54f1c20c067bdbe95004578f82f95b8f39d869e868f5a86febaeddb9a097d4,0.00299970003,0.01499850015,True,,0.27418583472699998,240,0.68546458681699995,0.27418583472699998,240,0.68546458681699995,0.27418583472699998,240,0.68546458681699995,0.18785795470300001,240,0.46964488675799998,0.18785795470300001,240,0.46964488675799998
primary,equity,0.40000000000000002,97,42040251,139,3a7cf79bc1f982d5011a1038f555eb8893320607995bde6ba6e95ac072010547,0.0031996800320000002,0.015998400159999999,True,,0.39888457694099999,240,0.99721144235199999,0.39888457694099999,240,0.99721144235199999,0.39888457694099999,240,0.99721144235199999,0.19280359327999999,240,0.48200898319899999,0.19280359327999999,240,0.48200898319899999
primary,equity,0.40000000000000002,98,42040252,140,50927309ebede8ef64d477762890c87c1eda7a3005edb2377666915a97df252e,0.00029997000299999998,0.001499850015,True,,0.34918247462599999,240,0.87295618656600005,0.34918247462599999,240,0.87295618656600005,0.34918247462599999,240,0.87295618656600005,0.24244524831200001,240,0.60611312077900004,0.24244524831200001,240,0.60611312077900004
primary,equity,0.40000000000000002,99,42040253,141,3aef226640a4eb9df3e697f14db9124295771c435c851f433c08b1e9558cba7f,0.00059994000599999995,0.00299970003,True,,0.38346951473699997,240,0.95867378684299998,0.38346951473699997,240,0.95867378684299998,0.38346951473699997,240,0.95867378684299998,0.227247621619,240,0.56811905404700003,0.227247621619,240,0.56811905404700003
primary,equity,0.40000000000000002,100,42040254,142,401d3315a653d2ff238c59fdf0edc51923176c654b019058811c48c2dda0aa18,0.00019998000200000001,0.00099990000999999992,True,,0.42896876790799998,240,1.07242191977,0.42896876790799998,240,1.07242191977,0.42896876790799998,240,1.07242191977,0.25966654885399998,240,0.64916637213499995,0.25966654885399998,240,0.64916637213499995
primary,equity,0.40000000000000002,101,42040255,143,d9cc144a0ddab63af11370e4ee0bef42ba4a960bf56d8d25a5484de0376677d8,0.00039996000400000002,0.0019998000199999998,True,,0.38069491480700002,240,0.951737287017,0.38069491480700002,240,0.951737287017,0.38069491480700002,240,0.951737287017,0.22795020771400001,240,0.56987551928500002,0.22795020771400001,240,0.56987551928500002
primary,equity,0.40000000000000002,102,42040256,144,28dd130cff05f3dda594ddb3e8a649f9e0be3799a810bdc32f3919fa0ff4d751,0.00029997000299999998,0.001499850015,True,,0.39569018483899998,240,0.989225462098,0.39569018483899998,240,0.989225462098,0.39569018483899998,240,0.989225462098,0.23462351239400001,240,0.58655878098500003,0.23462351239400001,240,0.58655878098500003
primary,equity,0.40000000000000002,103,42040257,145,cc6ea137cbe258ec133e3093c3a626d80bb2db887af361e32ba852130ac1f2be,9.9990001000000006e-05,0.00049995000499999996,True,,0.43626657111299999,240,1.090666427783,0.43626657111299999,240,1.090666427783,0.43626657111299999,240,1.090666427783,0.321426592796,240,0.803566481991,0.321426592796,240,0.803566481991
primary,equity,0.40000000000000002,104,42040258,146,1e173a589f5ea868745ceb61d3d54afcabd2fb217ca2b0400b650b30bab29b60,0.00019998000200000001,0.00099990000999999992,True,,0.42017879825100002,240,1.050446995628,0.42017879825100002,240,1.050446995628,0.42017879825100002,240,1.050446995628,0.25851826470099998,240,0.64629566175300002,0.25851826470099998,240,0.64629566175300002
primary,equity,0.40000000000000002,105,42040259,147,b3254fdca108f413023a400234d061763d868e925e7be330a4b078156aef7f71,0.0064993500650000003,0.032496750324999997,True,,0.31288670836600002,240,0.78221677091599995,0.31288670836600002,240,0.78221677091599995,0.31288670836600002,240,0.78221677091599995,0.17923137897399999,240,0.44807844743500003,0.17923137897399999,240,0.44807844743500003
primary,equity,0.40000000000000002,106,42040260,148,f6271c88018bc2d7b3aa4f10824e04c0503f3b4c912c7defd1692c9aca40fb16,0.0085991400860000004,0.042995700429999999,True,,0.36944307502599999,240,0.923607687565,0.36944307502599999,240,0.923607687565,0.36944307502599999,240,0.923607687565,0.17051094701,240,0.42627736752399997,0.17051094701,240,0.42627736752399997
primary,equity,0.40000000000000002,107,42040261,149,afe44f0ded7ee0ad421db2f935c36a7db3f09ac526afb12ebe3f6002b1652b24,9.9990001000000006e-05,0.00049995000499999996,True,,0.48300908731600001,240,1.2075227182899999,0.48300908731600001,240,1.2075227182899999,0.48300908731600001,240,1.2075227182899999,0.28709312443599999,240,0.71773281108999998,0.28709312443599999,240,0.71773281108999998
primary,equity,0.40000000000000002,108,42040262,150,becea5f1469b2c585536bd888abbc2a5e7c676d4215586171d9ffec8afb5a46e,0.014098590140999999,0.070492950705000001,False,,0.33003772113899998,240,0.82509430284700003,0.33003772113899998,240,0.82509430284700003,0.33003772113899998,240,0.82509430284700003,0.16316618894400001,240,0.40791547235999998,0.16316618894400001,240,0.40791547235999998
primary,equity,0.40000000000000002,109,42040263,151,0520723c1c2baff1bfd6d5b1ae4e8faf40b73a3ac10beb8955a59e15f56e118f,0.00059994000599999995,0.00299970003,True,,0.47229575886300001,240,1.180739397158,0.47229575886300001,240,1.180739397158,0.47229575886300001,240,1.180739397158,0.21587767684699999,240,0.53969419211799996,0.21587767684699999,240,0.53969419211799996
primary,equity,0.40000000000000002,110,42040264,152,60c8626247031498f2af3349050293c95cc7e7ef0de6994c6b1fed4c84959f63,9.9990001000000006e-05,0.00049995000499999996,True,,0.353941420984,240,0.88485355245999997,0.353941420984,240,0.88485355245999997,0.353941420984,240,0.88485355245999997,0.26966078931999998,240,0.67415197330099996,0.26966078931999998,240,0.67415197330099996
primary,equity,0.40000000000000002,111,42040265,153,0d34d46a386edb4558836398535a7e3b27e5da78f1749461cb625ce0d0f26b1b,0.0072992700730000002,0.036496350364999999,True,,0.303908703861,240,0.75977175965300003,0.303908703861,240,0.75977175965300003,0.303908703861,240,0.75977175965300003,0.180387660384,240,0.45096915095899998,0.180387660384,240,0.45096915095899998
primary,equity,0.40000000000000002,112,42040266,154,d9e72194497776095351785fa424354a67986e33651aad58750d4019fc1a89ee,0.00029997000299999998,0.001499850015,True,,0.32920264468100002,240,0.82300661170300005,0.32920264468100002,240,0.82300661170300005,0.32920264468100002,240,0.82300661170300005,0.243687658142,240,0.60921914535400001,0.243687658142,240,0.60921914535400001
primary,equity,0.40000000000000002,113,42040267,155,88b3fb1ebd40c10e4f21b3c0e30b6d98444bd4d87108ceaa536074b5e17c7615,9.9990001000000006e-05,0.00049995000499999996,True,,0.43746223343000001,240,1.093655583576,0.43746223343000001,240,1.093655583576,0.43746223343000001,240,1.093655583576,0.28792088099699997,240,0.71980220249299998,0.28792088099699997,240,0.71980220249299998
primary,equity,0.40000000000000002,114,42040268,156,49658ccc16c3964876e48d9aa986d301e2e51ffbebb83086c3fd3fab88fbfba2,0.00019998000200000001,0.00099990000999999992,True,,0.44688556910600002,240,1.1172139227639999,0.44688556910600002,240,1.1172139227639999,0.44688556910600002,240,1.1172139227639999,0.25175911569600001,240,0.62939778924000001,0.25175911569600001,240,0.62939778924000001
primary,equity,0.40000000000000002,115,42040269,157,a2400936dd49422dcc64368035e738ba8df377e8fcad2fbf94418b2fafa01a1d,9.9990001000000006e-05,0.00049995000499999996,True,,0.42766360817600002,240,1.0691590204400001,0.42766360817600002,240,1.0691590204400001,0.42766360817600002,240,1.0691590204400001,0.28730350564500001,240,0.71825876411300005,0.28730350564500001,240,0.71825876411300005
primary,equity,0.40000000000000002,116,42040270,158,23c1aaeb7d989b023b216751be3a42291e2fecfaa5eb39f91e4a095fa8470b2a,9.9990001000000006e-05,0.00049995000499999996,True,,0.474945137224,240,1.1873628430600001,0.474945137224,240,1.1873628430600001,0.474945137224,240,1.1873628430600001,0.30609548186500002,240,0.76523870466300004,0.30609548186500002,240,0.76523870466300004
primary,equity,0.40000000000000002,117,42040271,159,73975be657a6760575c10b0ccab591c842cb8acaeeeaabe3b4c8b335b539de25,0.00019998000200000001,0.00099990000999999992,True,,0.42836723522199999,240,1.0709180880539999,0.42836723522199999,240,1.0709180880539999,0.42836723522199999,240,1.0709180880539999,0.25863487649700001,240,0.64658719124200004,0.25863487649700001,240,0.64658719124200004
primary,equity,0.40000000000000002,118,42040272,160,4a6293099d9770b89428ca7fe8ec396f097c5ac79f12c566550386e8c2201a1c,9.9990001000000006e-05,0.00049995000499999996,True,,0.44985368458000002,240,1.1246342114500001,0.44985368458000002,240,1.1246342114500001,0.44985368458000002,240,1.1246342114500001,0.30104805628800002,240,0.75262014071899996,0.30104805628800002,240,0.75262014071899996
primary,equity,0.40000000000000002,119,42040273,161,9e3e72a0e0b3d8f873797b2e41d03d44d92c02c955eba3cf4bbd93571ab50eca,0.00059994000599999995,0.00299970003,True,,0.40360541303500003,240,1.0090135325880001,0.40360541303500003,240,1.0090135325880001,0.40360541303500003,240,1.0090135325880001,0.206759312758,240,0.51689828189599996,0.206759312758,240,0.51689828189599996
primary,equity,0.40000000000000002,120,42040274,162,cfa6243e5bb91e0b38ee864be0dfcfef424db64bbe7a92ce59ce0bcaf6b26c6c,9.9990001000000006e-05,0.00049995000499999996,True,,0.388016505181,240,0.97004126295199999,0.388016505181,240,0.97004126295199999,0.388016505181,240,0.97004126295199999,0.27949806280599998,240,0.69874515701499995,0.27949806280599998,240,0.69874515701499995
primary,equity,0.40000000000000002,121,42040275,163,6a120a93d406b5ef10c045263cf3de79e84ae590e8b200c76d780ad2c806d6ba,9.9990001000000006e-05,0.00049995000499999996,True,,0.45426919227500001,240,1.1356729806870001,0.45426919227500001,240,1.1356729806870001,0.45426919227500001,240,1.1356729806870001,0.30442368116000001,240,0.76105920289899998,0.30442368116000001,240,0.76105920289899998
primary,equity,0.40000000000000002,122,42040276,164,d18531eff90b34c3917ffdc7fd829472a6f9d5087ba271d5eaafa1a7a78a56ca,0.00039996000400000002,0.0019998000199999998,True,,0.36528586870200003,240,0.91321467175600002,0.36528586870200003,240,0.91321467175600002,0.36528586870200003,240,0.91321467175600002,0.238709750474,240,0.59677437618600004,0.238709750474,240,0.59677437618600004
primary,equity,0.40000000000000002,123,42040277,165,aafc7447b3afc1a1cff12564ac1a1e6b42fedfa6906864ddff393c01e4853bc1,0.00019998000200000001,0.00099990000999999992,True,,0.43154683824700002,240,1.0788670956169999,0.43154683824700002,240,1.0788670956169999,0.43154683824700002,240,1.0788670956169999,0.240678682486,240,0.60169670621399995,0.240678682486,240,0.60169670621399995
primary,equity,0.40000000000000002,124,42040278,166,e028cfaceeb57d7b8329754caf3e1d82d94b0642af2fc399f5f5732c9afa7f38,9.9990001000000006e-05,0.00049995000499999996,True,,0.45484046248799997,240,1.13710115622,0.45484046248799997,240,1.13710115622,0.45484046248799997,240,1.13710115622,0.26549519284200002,240,0.66373798210500001,0.26549519284200002,240,0.66373798210500001
primary,equity,0.40000000000000002,125,42040279,167,5b95a71ed5348887ebb3a5fd8ba08615e1be23f985ba9a43110ceda98dc1aa6c,9.9990001000000006e-05,0.00049995000499999996,True,,0.35935566813999997,240,0.89838917034900001,0.35935566813999997,240,0.89838917034900001,0.35935566813999997,240,0.89838917034900001,0.25236038388600002,240,0.63090095971500004,0.25236038388600002,240,0.63090095971500004
primary,equity,0.40000000000000002,126,42040280,168,8c252114a422a8245ded24522e9ec5ed17120a3eacc15583df026805912c6a3e,0.00019998000200000001,0.00099990000999999992,True,,0.439844526086,240,1.0996113152160001,0.439844526086,240,1.0996113152160001,0.439844526086,240,1.0996113152160001,0.26033041290100001,240,0.65082603225199998,0.26033041290100001,240,0.65082603225199998
primary,equity,0.40000000000000002,127,42040281,169,9887b85fe160abdb1ba6873b68c285ed9d2e0531ad4f7af0dba5b73c8b0ac0eb,0.0017998200180000001,0.00899910009,True,,0.37958569138199999,240,0.94896422845499995,0.37958569138199999,240,0.94896422845499995,0.37958569138199999,240,0.94896422845499995,0.20774398922500001,240,0.51935997306299997,0.20774398922500001,240,0.51935997306299997
primary,equity,0.40000000000000002,128,42040282,170,5587318e74c79bad0dd00530bb5bfc37995776b4ac7c94210cbf57609ec10d1e,0.025297470252999998,0.12648735126499999,False,,0.36054306870399999,240,0.90135767176100001,0.36054306870399999,240,0.90135767176100001,0.36054306870399999,240,0.90135767176100001,0.14500695212100001,240,0.36251738030199998,0.14500695212100001,240,0.36251738030199998
primary,equity,0.40000000000000002,129,42040283,171,ddca8cf2285aa87c08efebf0618bbebb7d64372346b435850ed953f80e4229ce,0.00079992000800000005,0.0039996000399999997,True,,0.33269493904699998,240,0.831737347618,0.33269493904699998,240,0.831737347618,0.33269493904699998,240,0.831737347618,0.22120752598099999,240,0.55301881495299998,0.22120752598099999,240,0.55301881495299998
primary,equity,0.40000000000000002,130,42040284,172,0332d7fc8ed58aa45ff877b43359f5cf7d419e2ebd2a69b318c505cbdd6785e5,0.00079992000800000005,0.0039996000399999997,True,,0.34168857740500003,240,0.854221443513,0.34168857740500003,240,0.854221443513,0.34168857740500003,240,0.854221443513,0.20696239458499999,240,0.51740598646400005,0.20696239458499999,240,0.51740598646400005
primary,equity,0.40000000000000002,131,42040285,173,022b9accc23b49579a39ed7fa3a14500509cda4b3518d592caa9b5f2a4da0491,0.028697130287000001,0.143485651435,False,,0.37635107176499999,240,0.94087767941199996,0.37635107176499999,240,0.94087767941199996,0.37635107176499999,240,0.94087767941199996,0.145468137129,240,0.36367034282400001,0.145468137129,240,0.36367034282400001
primary,equity,0.40000000000000002,132,42040286,174,7c8f020814b5d0d6052dc45f7d8d08b777c27ed080f6feca524fc92a167ce887,9.9990001000000006e-05,0.00049995000499999996,True,,0.383328424675,240,0.95832106168800002,0.383328424675,240,0.95832106168800002,0.383328424675,240,0.95832106168800002,0.26355058505200002,240,0.65887646262999999,0.26355058505200002,240,0.65887646262999999
primary,equity,0.40000000000000002,133,42040287,175,b8e4e1b990778f6a4315eaf3a9bd680f275de4b36d5921b60958fdd2b3d97881,9.9990001000000006e-05,0.00049995000499999996,True,,0.45472288190999999,240,1.1368072047760001,0.45472288190999999,240,1.1368072047760001,0.45472288190999999,240,1.1368072047760001,0.29258589803500001,240,0.73146474508799997,0.29258589803500001,240,0.73146474508799997
primary,equity,0.40000000000000002,134,42040288,176,7d7fe04ec72d5b22cdf83e680468b09fd8237883337167f6173e5da2c1759b9e,0.0028997100290000001,0.014498550145000001,True,,0.36738077071199998,240,0.91845192678099996,0.36738077071199998,240,0.91845192678099996,0.36738077071199998,240,0.91845192678099996,0.19381986129500001,240,0.48454965323799998,0.19381986129500001,240,0.48454965323799998
primary,equity,0.40000000000000002,135,42040289,177,2cbf671bdf80d2f85ba16fc54e3e93c9910d39b9bd9564a897f455394ad76431,9.9990001000000006e-05,0.00049995000499999996,True,,0.41926446450499999,240,1.048161161263,0.41926446450499999,240,1.048161161263,0.41926446450499999,240,1.048161161263,0.280060599789,240,0.70015149947300004,0.280060599789,240,0.70015149947300004
primary,equity,0.40000000000000002,136,42040290,178,4595526777b68b3ac003be894f8fb4f618755abba75a30beb9da8e5feba9cc36,0.00079992000800000005,0.0039996000399999997,True,,0.37925027983199999,240,0.94812569957899995,0.37925027983199999,240,0.94812569957899995,0.37925027983199999,240,0.94812569957899995,0.224793548181,240,0.56198387045300002,0.224793548181,240,0.56198387045300002
primary,equity,0.40000000000000002,137,42040291,179,6963183c3bfa9edf6c2204e6e907cb59a4efef4294139068890938a7cc9bca7b,0.00079992000800000005,0.0039996000399999997,True,,0.415708924398,240,1.0392723109949999,0.415708924398,240,1.0392723109949999,0.415708924398,240,1.0392723109949999,0.21753475771399999,240,0.54383689428500004,0.21753475771399999,240,0.54383689428500004
primary,equity,0.40000000000000002,138,42040292,180,3c4b829de43b2df3b6a4da20f3854a610e5f376dc5b11933294087fcc0fd50ce,9.9990001000000006e-05,0.00049995000499999996,True,,0.457724029192,240,1.1443100729810001,0.457724029192,240,1.1443100729810001,0.457724029192,240,1.1443100729810001,0.27086386018800002,240,0.67715965047100002,0.27086386018800002,240,0.67715965047100002
primary,equity,0.40000000000000002,139,42040293,181,124d59e618c3c5a8ee68e2d8d28b41b8274b83a2be12e12d5f7cb6242bc1efd6,9.9990001000000006e-05,0.00049995000499999996,True,,0.47288268161300001,240,1.1822067040319999,0.47288268161300001,240,1.1822067040319999,0.47288268161300001,240,1.1822067040319999,0.26111198592700002,240,0.65277996481699996,0.26111198592700002,240,0.65277996481699996
primary,equity,0.40000000000000002,140,42040294,182,8cb84f4f77232c588767a87cc84addcf7b5f622194464d356a3151164dd904e7,9.9990001000000006e-05,0.00049995000499999996,True,,0.39007144655300002,240,0.97517861638299996,0.39007144655300002,240,0.97517861638299996,0.39007144655300002,240,0.97517861638299996,0.28306059237300002,240,0.70765148093200003,0.28306059237300002,240,0.70765148093200003
primary,equity,0.40000000000000002,141,42040295,183,88551cd2ed5f39c4c33ed0ef9eb1ad9ddd19888cad2cff7cd4c703f2e18644c5,0.00019998000200000001,0.00099990000999999992,True,,0.38732131188399999,240,0.96830327970999996,0.38732131188399999,240,0.96830327970999996,0.38732131188399999,240,0.96830327970999996,0.22943474434700001,240,0.57358686086699995,0.22943474434700001,240,0.57358686086699995
primary,equity,0.40000000000000002,142,42040296,184,6558ace42e97a84465467853bfa3aadd7a480a2c410f5b8bdee54bc933b7454e,9.9990001000000006e-05,0.00049995000499999996,True,,0.42518703964499999,240,1.0629675991109999,0.42518703964499999,240,1.0629675991109999,0.42518703964499999,240,1.0629675991109999,0.25575160744199998,240,0.63937901860599999,0.25575160744199998,240,0.63937901860599999
primary,equity,0.40000000000000002,143,42040297,185,85824368a00610efb7cf1a7367d4fbc1045c1623fe93c5713f2a233997280a8c,9.9990001000000006e-05,0.00049995000499999996,True,,0.39193936600200002,240,0.97984841500499997,0.39193936600200002,240,0.97984841500499997,0.39193936600200002,240,0.97984841500499997,0.26212734670600002,240,0.65531836676400002,0.26212734670600002,240,0.65531836676400002
primary,equity,0.40000000000000002,144,42040298,186,f4529c7358536cadbe3e45f4f4dc0928340b0c8865a76970c2e34bc3c8a4b515,9.9990001000000006e-05,0.00049995000499999996,True,,0.42967243964700003,240,1.0741810991180001,0.42967243964700003,240,1.0741810991180001,0.42967243964700003,240,1.0741810991180001,0.27162199095200001,240,0.67905497738099996,0.27162199095200001,240,0.67905497738099996
primary,equity,0.40000000000000002,145,42040299,187,54bed0b5c9dd7ddb5abb5aa63b6a067b09a89d0ce0108d263b36c1d7af3ac33e,9.9990001000000006e-05,0.00049995000499999996,True,,0.46366934359,240,1.159173358976,0.46366934359,240,1.159173358976,0.46366934359,240,1.159173358976,0.27191022490900002,240,0.67977556227199998,0.27191022490900002,240,0.67977556227199998
primary,equity,0.40000000000000002,146,42040300,188,74879176f19ac4e299ccbd1cdcb0c9f3ea97e09e1567cf20ad5cc7d03ce9945d,0.037696230376999998,0.188481151885,False,,0.350862504114,240,0.87715626028500004,0.350862504114,240,0.87715626028500004,0.350862504114,240,0.87715626028500004,0.13703699948699999,240,0.34259249871800002,0.13703699948699999,240,0.34259249871800002
primary,equity,0.40000000000000002,147,42040301,189,b832d9918c68e9d867267dfbb10a648392e8a8dcf532eda5fcec10cd3225e2c4,9.9990001000000006e-05,0.00049995000499999996,True,,0.41057500955600001,240,1.026437523891,0.41057500955600001,240,1.026437523891,0.41057500955600001,240,1.026437523891,0.236740091831,240,0.59185022957800004,0.236740091831,240,0.59185022957800004
primary,equity,0.40000000000000002,148,42040302,190,bd9c84f09f3516530690ea7a9fce9948be43084ce4443d326f2ae1850f7f2889,0.00029997000299999998,0.001499850015,True,,0.380210836494,240,0.95052709123599999,0.380210836494,240,0.95052709123599999,0.380210836494,240,0.95052709123599999,0.25361155533700003,240,0.63402888834399995,0.25361155533700003,240,0.63402888834399995
primary,equity,0.40000000000000002,149,42040303,191,166b7821e498feb9d6852edfd069808b69e6aa252123809e53a35bf36a16b26d,9.9990001000000006e-05,0.00049995000499999996,True,,0.34281379864,240,0.85703449659999997,0.34281379864,240,0.85703449659999997,0.34281379864,240,0.85703449659999997,0.24287479890999999,240,0.60718699727600001,0.24287479890999999,240,0.60718699727600001
primary,equity,0.40000000000000002,150,42040304,192,6e570945a2712de4c38ef714f5edfaf380b4aac2d41ed87d753a730aaaaa2dec,9.9990001000000006e-05,0.00049995000499999996,True,,0.37385754250300002,240,0.93464385625799995,0.37385754250300002,240,0.93464385625799995,0.37385754250300002,240,0.93464385625799995,0.243132016103,240,0.60783004025700005,0.243132016103,240,0.60783004025700005
primary,equity,0.40000000000000002,151,42040305,193,b8ddcd3cae1000abfc71ec0fb13b9aad0675b16cc9415cac71f6466725f59f5c,0.001299870013,0.0064993500650000003,True,,0.33562487135699998,240,0.83906217839200004,0.33562487135699998,240,0.83906217839200004,0.33562487135699998,240,0.83906217839200004,0.21911258367399999,240,0.54778145918400001,0.21911258367399999,240,0.54778145918400001
primary,equity,0.40000000000000002,152,42040306,194,3b566870cc9995bc1d6d2eac8b0eeb5e7cc48bf76805011706ec58660b5494e1,0.0038996100389999998,0.019498050195000002,True,,0.38944750046600002,240,0.97361875116499996,0.38944750046600002,240,0.97361875116499996,0.38944750046600002,240,0.97361875116499996,0.18816277993700001,240,0.470406949844,0.18816277993700001,240,0.470406949844
primary,equity,0.40000000000000002,153,42040307,195,2c34299fb52d78023e6d5794d4f67ddc9eafc93f9b9cda7c3ffe063a249221e8,9.9990001000000006e-05,0.00049995000499999996,True,,0.43551638155599998,240,1.0887909538889999,0.43551638155599998,240,1.0887909538889999,0.43551638155599998,240,1.0887909538889999,0.33202996444600003,240,0.83007491111499998,0.33202996444600003,240,0.83007491111499998
primary,equity,0.40000000000000002,154,42040308,196,f18cd078c05ba3313dc1c2588ad432159f37a0cd3775452bc9fe99c99af76958,9.9990001000000006e-05,0.00049995000499999996,True,,0.37467794326600001,240,0.93669485816499998,0.37467794326600001,240,0.93669485816499998,0.37467794326600001,240,0.93669485816499998,0.25839254198,240,0.64598135495099995,0.25839254198,240,0.64598135495099995
primary,equity,0.40000000000000002,155,42040309,197,6d83550a0fcca4d726f55bb8bf58146328cd19f655aad417ef47d8f8e85bb15d,0.00049995000499999996,0.0024997500250000001,True,,0.39359589901000003,240,0.98398974752500001,0.39359589901000003,240,0.98398974752500001,0.39359589901000003,240,0.98398974752500001,0.23630286104199999,240,0.59075715260399997,0.23630286104199999,240,0.59075715260399997
primary,equity,0.40000000000000002,156,42040310,198,889bb9640aa466d1f7492cc6af7fbc9b0ff161b54620cecc4f922d6dc8e373a7,9.9990001000000006e-05,0.00049995000499999996,True,,0.39632404028500001,240,0.99081010071300002,0.39632404028500001,240,0.99081010071300002,0.39632404028500001,240,0.99081010071300002,0.27629436433799998,240,0.69073591084499997,0.27629436433799998,240,0.69073591084499997
primary,equity,0.40000000000000002,157,42040311,199,50abe8a49a7ade62d3700fc5b1feca71ba61e7f5740f62ab2d66392a762b3e0e,0.00059994000599999995,0.00299970003,True,,0.34877634247700001,240,0.87194085619299999,0.34877634247700001,240,0.87194085619299999,0.34877634247700001,240,0.87194085619299999,0.224840732736,240,0.56210183183899998,0.224840732736,240,0.56210183183899998
primary,equity,0.40000000000000002,158,42040312,200,0bad4b3624675a19f1deda738d98ce4a8715bc00a7489912922212aee3700e5f,9.9990001000000006e-05,0.00049995000499999996,True,,0.413606933467,240,1.0340173336680001,0.413606933467,240,1.0340173336680001,0.413606933467,240,1.0340173336680001,0.26329252271699999,240,0.65823130679300001,0.26329252271699999,240,0.65823130679300001
primary,equity,0.40000000000000002,159,42040313,201,6b873e6a4af7bedc851cb6e59e633fe7fb74694c89624b529305a1d6712ef372,0.00019998000200000001,0.00099990000999999992,True,,0.415342681085,240,1.038356702712,0.415342681085,240,1.038356702712,0.415342681085,240,1.038356702712,0.27387227314899998,240,0.68468068287200001,0.27387227314899998,240,0.68468068287200001
primary,equity,0.40000000000000002,160,42040314,202,d22baffac14222e8aa9f82ab2ec7194ffe77d8282228a84820252b3b11194209,9.9990001000000006e-05,0.00049995000499999996,True,,0.50207461025800004,240,1.255186525644,0.50207461025800004,240,1.255186525644,0.50207461025800004,240,1.255186525644,0.337647890743,240,0.84411972685799996,0.337647890743,240,0.84411972685799996
primary,equity,0.40000000000000002,161,42040315,203,cb2a2065f603bd98fc0c00b2a2b72a703b45a11d2d97a85170b69b18e978f646,0.00049995000499999996,0.0024997500250000001,True,,0.35514408649899998,240,0.88786021624699996,0.35514408649899998,240,0.88786021624699996,0.35514408649899998,240,0.88786021624699996,0.23932716539099999,240,0.59831791347700003,0.23932716539099999,240,0.59831791347700003
primary,equity,0.40000000000000002,162,42040316,204,fd8e82b39be90dc9683785f7ec220b2e854c90616e3042142656f34a21ae57ec,0.15558444155600001,0.77792220777900001,False,,0.37411570374999997,240,0.93528925937399998,0.37411570374999997,240,0.93528925937399998,0.37411570374999997,240,0.93528925937399998,0.092490649898000002,240,0.23122662474399999,0.092490649898000002,240,0.23122662474399999
primary,equity,0.40000000000000002,163,42040317,205,c67d43523091bf2e975a221f5cf35bc70283981e0623eb1ad0d9764bed688e75,0.00059994000599999995,0.00299970003,True,,0.42835880751799998,240,1.070897018795,0.42835880751799998,240,1.070897018795,0.42835880751799998,240,1.070897018795,0.239623620436,240,0.59905905109000002,0.239623620436,240,0.59905905109000002
primary,equity,0.40000000000000002,164,42040318,206,d42e6154aa58d621309bbafaf96f8d6d80517a1400bc15795580c2741ecd13de,9.9990001000000006e-05,0.00049995000499999996,True,,0.384790033935,240,0.96197508483700001,0.384790033935,240,0.96197508483700001,0.384790033935,240,0.96197508483700001,0.25560357078200002,240,0.639008926955,0.25560357078200002,240,0.639008926955
primary,equity,0.40000000000000002,165,42040319,207,911e4f4ad0c616ebeb532452304c720f2272c7d5ba7719a75d115e89bbc3fade,9.9990001000000006e-05,0.00049995000499999996,True,,0.430952572338,240,1.077381430845,0.430952572338,240,1.077381430845,0.430952572338,240,1.077381430845,0.323551804537,240,0.80887951134299996,0.323551804537,240,0.80887951134299996
primary,equity,0.40000000000000002,166,42040320,208,d7277b426a4e3646593b9546d88dba5c9ce4626fc1f1f8cd87acb1c3a69595d6,9.9990001000000006e-05,0.00049995000499999996,True,,0.485009962011,240,1.212524905028,0.485009962011,240,1.212524905028,0.485009962011,240,1.212524905028,0.36216764217699998,240,0.90541910544199999,0.36216764217699998,240,0.90541910544199999
primary,equity,0.40000000000000002,167,42040321,209,20d81fc12cb2047d593dcb2f2e214966db1ec7797efe9ae43a53f213768ea61a,0.011798820118,0.058994100590000001,False,,0.27534205898699998,240,0.68835514746899995,0.27534205898699998,240,0.68835514746899995,0.27534205898699998,240,0.68835514746899995,0.16168191314399999,240,0.40420478286,0.16168191314399999,240,0.40420478286
primary,equity,0.40000000000000002,168,42040322,210,4ca40a56bae8e9600202204fd358880a532e69c1ebe88fb0e4e008e08b5c3a89,0.0057994200580000002,0.028997100290000001,True,,0.24840818815999999,240,0.62102047040099995,0.24840818815999999,240,0.62102047040099995,0.24840818815999999,240,0.62102047040099995,0.18023998859599999,240,0.45059997148999997,0.18023998859599999,240,0.45059997148999997
primary,equity,0.40000000000000002,169,42040323,211,5f30bd14a9fed1fec8e7e1a43efab99bd7ab8ffd88de4759c63eff275823c779,0.00069993000699999995,0.0034996500349999998,True,,0.34554098120799998,240,0.86385245302000002,0.34554098120799998,240,0.86385245302000002,0.34554098120799998,240,0.86385245302000002,0.21647996437399999,240,0.54119991093499997,0.21647996437399999,240,0.54119991093499997
primary,equity,0.40000000000000002,170,42040324,212,d7da675ddf2652de5a2543029eab30c97e9bb2c13311bdf7b7fd28f3ccf8f121,9.9990001000000006e-05,0.00049995000499999996,True,,0.49833200756399998,240,1.2458300189110001,0.49833200756399998,240,1.2458300189110001,0.49833200756399998,240,1.2458300189110001,0.34360226166500002,240,0.85900565416200003,0.34360226166500002,240,0.85900565416200003
primary,equity,0.40000000000000002,171,42040325,213,8179a2eb1ae34bbb93770bad1d6fb52c3d7ae6811cf1d614e65c2a8883c8ceae,9.9990001000000006e-05,0.00049995000499999996,True,,0.366224518976,240,0.91556129744100001,0.366224518976,240,0.91556129744100001,0.366224518976,240,0.91556129744100001,0.28753066587999998,240,0.71882666470099998,0.28753066587999998,240,0.71882666470099998
primary,equity,0.40000000000000002,172,42040326,214,b36a3be1c2a05df316e0b31d6ee38ce5cc9a6101728f319a2ffdc6a2ebcd8396,9.9990001000000006e-05,0.00049995000499999996,True,,0.48447061378299999,240,1.2111765344580001,0.48447061378299999,240,1.2111765344580001,0.48447061378299999,240,1.2111765344580001,0.27162934162199998,240,0.67907335405400004,0.27162934162199998,240,0.67907335405400004
primary,equity,0.40000000000000002,173,42040327,215,bddd3238965a839f4112d9ba61e261f51a6673dfe2d64367f2b466e3ba653b06,0.00029997000299999998,0.001499850015,True,,0.33825043287500001,240,0.84562608218699997,0.33825043287500001,240,0.84562608218699997,0.33825043287500001,240,0.84562608218699997,0.233139132187,240,0.58284783046900002,0.233139132187,240,0.58284783046900002
primary,equity,0.40000000000000002,174,42040328,216,015f13e02a6ed213eb6bced5fc41c9fec64d41d9e3a194939d401b24ddf48026,0.0019998000199999998,0.0099990001000000005,True,,0.30104167916199998,240,0.75260419790599997,0.30104167916199998,240,0.75260419790599997,0.30104167916199998,240,0.75260419790599997,0.198429990142,240,0.49607497535599998,0.198429990142,240,0.49607497535599998
primary,equity,0.40000000000000002,175,42040329,217,538310851c581d3fec9b8a78d217450911fa731d3105110cfc94643172613c4b,0.0015998400160000001,0.0079992000799999994,True,,0.37059163832899999,240,0.92647909582200005,0.37059163832899999,240,0.92647909582200005,0.37059163832899999,240,0.92647909582200005,0.208673469045,240,0.52168367261199999,0.208673469045,240,0.52168367261199999
primary,equity,0.40000000000000002,176,42040330,218,45aafd84dde0ff96d42fe2d7c1836f6adae05c434201513edf4b9d3533b0b4d5,0.00019998000200000001,0.00099990000999999992,True,,0.44450981696199998,240,1.1112745424049999,0.44450981696199998,240,1.1112745424049999,0.44450981696199998,240,1.1112745424049999,0.272105845066,240,0.68026461266500005,0.272105845066,240,0.68026461266500005
primary,equity,0.40000000000000002,177,42040331,219,d49c0566b77371ae4bcf4046774624d7aebec5bf8362e18afa9b5ce61ce3ca9d,0.00059994000599999995,0.00299970003,True,,0.331351652567,240,0.82837913141599995,0.331351652567,240,0.82837913141599995,0.331351652567,240,0.82837913141599995,0.22273926401999999,240,0.55684816005000004,0.22273926401999999,240,0.55684816005000004
primary,equity,0.40000000000000002,178,42040332,220,c90aece24601e707c4f50d352bd20a994ad4b3860463e27d53043bbd78ca2821,0.0015998400160000001,0.0079992000799999994,True,,0.36817794260600001,240,0.92044485651499997,0.36817794260600001,240,0.92044485651499997,0.36817794260600001,240,0.92044485651499997,0.198195313653,240,0.495488284133,0.198195313653,240,0.495488284133
primary,equity,0.40000000000000002,179,42040333,221,cbfe19afbce8c5b37c26bb7c945eed7e8558b7a6b942ca3c2ac350f72c392558,0.015198480152,0.075992400759999995,False,,0.27633432699100002,240,0.69083581747800005,0.27633432699100002,240,0.69083581747800005,0.27633432699100002,240,0.69083581747800005,0.157353225151,240,0.393383062876,0.157353225151,240,0.393383062876
primary,equity,0.40000000000000002,180,42040334,222,980a80a91aecee1ff260a34b34d6bf8a1ba9577a9905af3cdbaf504ba1cfda13,9.9990001000000006e-05,0.00049995000499999996,True,,0.44738545454899997,240,1.118463636372,0.44738545454899997,240,1.118463636372,0.44738545454899997,240,1.118463636372,0.30504883359899998,240,0.76262208399700004,0.30504883359899998,240,0.76262208399700004
primary,equity,0.40000000000000002,181,42040335,223,68e3cf3a4493c961256f9613b2cd4ed2e25ba4506bde4a470438144f24ff4520,0.001299870013,0.0064993500650000003,True,,0.38378866086800001,240,0.95947165216899999,0.38378866086800001,240,0.95947165216899999,0.38378866086800001,240,0.95947165216899999,0.212736946619,240,0.53184236654799999,0.212736946619,240,0.53184236654799999
primary,equity,0.40000000000000002,182,42040336,224,016690ec19282b44159592a4218552401b6315256e8711123d7414582f127fa1,0.023297670233000001,0.116488351165,False,,0.29672043342299997,240,0.74180108355600005,0.29672043342299997,240,0.74180108355600005,0.29672043342299997,240,0.74180108355600005,0.14984369810699999,240,0.37460924526700001,0.14984369810699999,240,0.37460924526700001
primary,equity,0.40000000000000002,183,42040337,225,7351b78a3d1773b9af962a89ab7746f66c80cc5fbf353317ce24f676e1aa2329,9.9990001000000006e-05,0.00049995000499999996,True,,0.48023529644399998,240,1.2005882411090001,0.48023529644399998,240,1.2005882411090001,0.48023529644399998,240,1.2005882411090001,0.32184094090600002,240,0.80460235226400001,0.32184094090600002,240,0.80460235226400001
primary,equity,0.40000000000000002,184,42040338,226,0c73a4127a0a7693416dd43261b380a4e8fb981eb734e389f4cf05c5d8ee6ed1,9.9990001000000006e-05,0.00049995000499999996,True,,0.410699925051,240,1.026749812627,0.410699925051,240,1.026749812627,0.410699925051,240,1.026749812627,0.28447530154,240,0.71118825384899997,0.28447530154,240,0.71118825384899997
primary,equity,0.40000000000000002,185,42040339,227,a973568260023eba96f46e6cb3e79b842a6ac1608ffe7b08f006648252d314fd,0.00079992000800000005,0.0039996000399999997,True,,0.39243201159300001,240,0.98108002898400004,0.39243201159300001,240,0.98108002898400004,0.39243201159300001,240,0.98108002898400004,0.217761014925,240,0.54440253731400001,0.217761014925,240,0.54440253731400001
primary,equity,0.40000000000000002,186,42040340,228,7ed2d973b2dfbc093854d8f70da4f023b98e920309ac281ad0b77f28066998ed,9.9990001000000006e-05,0.00049995000499999996,True,,0.459356652857,240,1.1483916321430001,0.459356652857,240,1.1483916321430001,0.459356652857,240,1.1483916321430001,0.30129878279,240,0.75324695697499999,0.30129878279,240,0.75324695697499999
primary,equity,0.40000000000000002,187,42040341,229,07eec3189838c7481fc3d354971872e7d8f67913a78377d8484ce47b7ce7e4f7,0.001099890011,0.0054994500549999997,True,,0.38975172966799998,240,0.97437932416899997,0.38975172966799998,240,0.97437932416899997,0.38975172966799998,240,0.97437932416899997,0.214065374236,240,0.53516343559000001,0.214065374236,240,0.53516343559000001
primary,equity,0.40000000000000002,188,42040342,230,a452cef2da35a2e76a15bb9f949bb81cbb7c55fdaa4578aacbc83873498f6e52,9.9990001000000006e-05,0.00049995000499999996,True,,0.46640470566800002,240,1.1660117641700001,0.46640470566800002,240,1.1660117641700001,0.46640470566800002,240,1.1660117641700001,0.32316909230300001,240,0.80792273075800003,0.32316909230300001,240,0.80792273075800003
primary,equity,0.40000000000000002,189,42040343,231,6adc21f6b4970550fe0eca991ddfc1fd2bb24ae2800b669acee4d591cd16cdae,9.9990001000000006e-05,0.00049995000499999996,True,,0.34802604246899999,240,0.87006510617099997,0.34802604246899999,240,0.87006510617099997,0.34802604246899999,240,0.87006510617099997,0.246219233008,240,0.61554808252000004,0.246219233008,240,0.61554808252000004
primary,equity,0.40000000000000002,190,42040344,232,94180935ff4c893c1bfcbfe74d90b0f0d1e6a617b4ba5f8efdee0e007670058f,0.00059994000599999995,0.00299970003,True,,0.30990212891699997,240,0.77475532229199995,0.30990212891699997,240,0.77475532229199995,0.30990212891699997,240,0.77475532229199995,0.23913203118099999,240,0.59783007795300003,0.23913203118099999,240,0.59783007795300003
primary,equity,0.40000000000000002,191,42040345,233,996c08ea8dbb516c9a1f2c2b895105c04d65ea7eb7e2eff54eb5e6f9d17b5616,9.9990001000000006e-05,0.00049995000499999996,True,,0.362051229852,240,0.90512807463099998,0.362051229852,240,0.90512807463099998,0.362051229852,240,0.90512807463099998,0.24013187936499999,240,0.60032969841299999,0.24013187936499999,240,0.60032969841299999
primary,equity,0.40000000000000002,192,42040346,234,ae9649b3c8a038168685f379e2193d7d959ad0f4c011d8a99762514e2784ef4c,9.9990001000000006e-05,0.00049995000499999996,True,,0.38899399381600003,240,0.97248498453999999,0.38899399381600003,240,0.97248498453999999,0.38899399381600003,240,0.97248498453999999,0.28523438716499999,240,0.71308596791099998,0.28523438716499999,240,0.71308596791099998
primary,equity,0.40000000000000002,193,42040347,235,6c54bfde10ffd6c5fe61172c9b495cb0cfc6f2b58684fdfb33c41cc57e5cd99c,0.017498250175000001,0.087491250874999996,False,,0.28932893242399998,240,0.72332233105900001,0.28932893242399998,240,0.72332233105900001,0.28932893242399998,240,0.72332233105900001,0.15219580174,240,0.38048950435000001,0.15219580174,240,0.38048950435000001
primary,equity,0.40000000000000002,194,42040348,236,65684bd010e90fee1df51e4a53606cf35716220bf5095b010953ff39d0dd6e66,9.9990001000000006e-05,0.00049995000499999996,True,,0.38725839181799998,240,0.96814597954500003,0.38725839181799998,240,0.96814597954500003,0.38725839181799998,240,0.96814597954500003,0.24440635432999999,240,0.61101588582400002,0.24440635432999999,240,0.61101588582400002
primary,equity,0.40000000000000002,195,42040349,237,9afa1a873a6bbc7d42abfa655dc247df911169b2da34c60bda2725dd75afb6e1,0.00019998000200000001,0.00099990000999999992,True,,0.38850182904399999,240,0.97125457260900006,0.38850182904399999,240,0.97125457260900006,0.38850182904399999,240,0.97125457260900006,0.26336264197100001,240,0.65840660492900005,0.26336264197100001,240,0.65840660492900005
primary,equity,0.40000000000000002,196,42040350,238,27d2f1bc9a5bd6466a458a5310c222287ec48e7afc74ab539ff39213a16cea1e,0.00049995000499999996,0.0024997500250000001,True,,0.36141946546499998,240,0.90354866366300002,0.36141946546499998,240,0.90354866366300002,0.36141946546499998,240,0.90354866366300002,0.23588949013999999,240,0.58972372534899997,0.23588949013999999,240,0.58972372534899997
primary,equity,0.40000000000000002,197,42040351,239,9b4de38598e83f933d85a345e411fdaa6c90f8081fabbe38242abfc952c3166f,0.00069993000699999995,0.0034996500349999998,True,,0.364254907041,240,0.91063726760300001,0.364254907041,240,0.91063726760300001,0.364254907041,240,0.91063726760300001,0.21973034990900001,240,0.54932587477200001,0.21973034990900001,240,0.54932587477200001
primary,equity,0.40000000000000002,198,42040352,240,19afaf4dc1b6d6fff2956e8dd0faa5ae7aa441567c760d8110a8f0f2ed8853c2,0.0017998200180000001,0.00899910009,True,,0.35731629046699998,240,0.893290726167,0.35731629046699998,240,0.893290726167,0.35731629046699998,240,0.893290726167,0.206939154726,240,0.51734788681400001,0.206939154726,240,0.51734788681400001
primary,equity,0.40000000000000002,199,42040353,241,2216aa264dc9bc6c0b3cd99341234b71117bed46af703d7cfe73ef0250fa7a44,0.015598440155999999,0.077992200780000007,False,,0.32020928180899999,240,0.80052320452400005,0.32020928180899999,240,0.80052320452400005,0.32020928180899999,240,0.80052320452400005,0.15502443098099999,240,0.387561077453,0.15502443098099999,240,0.387561077453
secondary,current_ratio,0,0,43000129,42,d67718ce2faf5616d1a8c167e167863be14b9d65ef833806c7dba79f890709fc,0.13118688131199999,0.65593440655900004,False,,0.025015505853000001,120,,0.025015505853000001,120,,0.062448627168000002,240,,0.098976390839999998,240,,0.098976390839999998,240,
secondary,current_ratio,0,1,43000130,43,b7af92102f7c21132ca036e44cdf36f9528366f8a74082402eabee8db46fa5a8,0.15348465153499999,0.76742325767399999,False,,0.034812630470000001,120,,0.034812630470000001,120,,0.044172074093000002,240,,0.094076907591,240,,0.094076907591,240,
secondary,current_ratio,0,2,43000131,44,a292d805faf065d9cf65efbd7fee2e4d14edeb371329f8b7340fe4553a8bb0f7,0.19398060194,0.96990300969900001,False,,-0.042580854289999998,120,,-0.042580854289999998,120,,0.0043184487560000004,240,,0.084810080240000002,240,,0.084810080240000002,240,
secondary,current_ratio,0,3,43000132,45,4f9de7badcb59c43cacf9de9499a7a7574c9eece2c3b1d9cc31810dfdd57eeb4,0.191380861914,0.95690430956899997,False,,-0.016414909495000001,120,,-0.016414909495000001,120,,-0.0049722662489999998,240,,0.085255288137999999,240,,0.085255288137999999,240,
secondary,current_ratio,0,4,43000133,46,e6640fa9a6b8ad2ff3470d7b78a91b4ea259490af39f5a68f8f4bf72f9be2091,0.17628237176299999,0.88141185881399997,False,,-0.00033455701800000001,120,,-0.00033455701800000001,120,,0.051219883716000003,240,,0.088154281163999995,240,,0.088154281163999995,240,
secondary,current_ratio,0,5,43000134,47,69f291f8ac482e86ff22a99bcec5dc424e1e59e7b3a0a9bb3a3bd9961335210d,0.193080691931,0.96540345965399998,False,,0.191045256429,120,,0.191045256429,120,,0.14584585482500001,240,,0.084544565577000005,240,,0.084544565577000005,240,
secondary,current_ratio,0,6,43000135,48,a9239e256d4f43a73f9ddf44897fc444fd4a62ec016464e515fac50768d5e7bd,0.14918508149199999,0.74592540745900004,False,,0.070684155856000006,120,,0.070684155856000006,120,,0.027437483261000001,240,,0.094631914765000005,240,,0.094631914765000005,240,
secondary,current_ratio,0,7,43000136,49,9f2d78d1f69ce37ef7097423c3dc3224e750446b4ff56393297d2c0b879910a8,0.11468853114700001,0.573442655734,False,,-0.106896408805,120,,-0.106896408805,120,,-0.068857970374999994,240,,0.10255492737499999,240,,0.10255492737499999,240,
secondary,current_ratio,0,8,43000137,50,899b18fb51c1db8bf61c0679c206ed543bcf3ec0f8de859132800cb93e471df0,0.142185781422,0.71092890710900003,False,,0.015137252053000001,120,,0.015137252053000001,120,,-0.0060729649230000004,240,,0.095171099605999995,240,,0.095171099605999995,240,
secondary,current_ratio,0,9,43000138,51,e918c85be50a5ae2b8b619d919091249ca07e936f521072ca841a5df3df86657,0.15728427157300001,0.78642135786400003,False,,0.029693524863999999,120,,0.029693524863999999,120,,0.03343224711,240,,0.092412813819000003,240,,0.092412813819000003,240,
secondary,current_ratio,0,10,43000139,52,676a340cc32b133e2af8c26d61b0d6e93447f832694f950de7f9680229f92169,0.13318668133200001,0.66593340665900003,False,,0.035040510004999997,120,,0.035040510004999997,120,,0.037669400795000002,240,,0.097179324420999996,240,,0.097179324420999996,240,
secondary,current_ratio,0,11,43000140,53,4ef3eac0752db5fb8cc64b0a02e80649547d3604d06b07ea0e25753c5234466e,0.10208979102100001,0.51044895510400001,False,,-0.017043436666,120,,-0.017043436666,120,,-0.0083446705509999993,240,,0.104883651391,240,,0.104883651391,240,
secondary,current_ratio,0,12,43000141,54,db172532e76d1ad60d8cd8decf1c4b4be3168ed4bdc53fd8bf93dca48683d87f,0.15658434156600001,0.78292170782899995,False,,-0.132970128484,120,,-0.132970128484,120,,-0.064880369216999995,240,,0.092318951171999994,240,,0.092318951171999994,240,
secondary,current_ratio,0,13,43000142,55,979025d61659a0b8552b288b39c91a587b598ea321fcbbb0b67240604a1531a1,0.088991100889999994,0.44495550444999998,False,,0.10967862801599999,120,,0.10967862801599999,120,,0.068652463427999993,240,,0.111970514171,240,,0.111970514171,240,
secondary,current_ratio,0,14,43000143,56,a0dba4a57ee90aa3407c9bb2b31542dee6fe85a69f0b55533bc334c4a2a7cc4b,0.062193780621999997,0.31096890310999997,False,,0.19558224062099999,120,,0.19558224062099999,120,,0.16315290430900001,240,,0.122081593746,240,,0.122081593746,240,
secondary,current_ratio,0,15,43000144,57,f6f46668f4826fc14c724f4e95f5ce1c51df76e036a5591003a9ceb352c63dd5,0.111288871113,0.55644435556399996,False,,0.073590658449999999,120,,0.073590658449999999,120,,0.035420722208000001,240,,0.10350067810999999,240,,0.10350067810999999,240,
secondary,current_ratio,0,16,43000145,58,20190001ce19b9565cea852054110178008712fe272c3dabdc57d6aad4dc5fbf,0.097090290970999998,0.48545145485500002,False,,0.019686147705999999,120,,0.019686147705999999,120,,0.00739409084,240,,0.108626452273,240,,0.108626452273,240,
secondary,current_ratio,0,17,43000146,59,186ae5dd94a8fa40f9b258d71fbd699e5bfb4a36fa80deabfbcc028df2266c81,0.214678532147,1,False,,-0.034965713398000003,120,,-0.034965713398000003,120,,-0.026352739095000001,240,,0.081215675579000002,240,,0.081215675579000002,240,
secondary,current_ratio,0,18,43000147,60,2759f2caf649a96c6331531dc4b0ca73784de6352c11c75caada16ae15868094,0.143485651435,0.71742825717400005,False,,-0.134837154387,120,,-0.134837154387,120,,-0.088157007516000002,240,,0.095366429074000003,240,,0.095366429074000003,240,
secondary,current_ratio,0,19,43000148,61,0c83353bc1f92dbbed39128cf75b20862d7882a400de3204f74b11e3fec32bb8,0.080791920808000003,0.40395960403999998,False,,-0.059135529125000003,120,,-0.059135529125000003,120,,-0.038682757993,240,,0.111790981027,240,,0.111790981027,240,
secondary,current_ratio,0,20,43000149,62,4211b60ed3c387eb67ce439788c9f277c903333df62038398896f52148edb1d3,0.15698430157000001,0.78492150784900006,False,,-0.137651252458,120,,-0.137651252458,120,,-0.10758140283299999,240,,0.091678300426000003,240,,0.091678300426000003,240,
secondary,current_ratio,0,21,43000150,63,fe8ffdd7613049d2a0a7d7d06d43e6d7e9cb3734dba2917392e281ec9093eeae,0.17598240175999999,0.879912008799,False,,0.062165518943999999,120,,0.062165518943999999,120,,0.0014112753049999999,240,,0.088662137303999994,240,,0.088662137303999994,240,
secondary,current_ratio,0,22,43000151,64,8f9dc2b27a76d77c6c928cd14dcc71f2ee6484eac664536a7b6fb3952a9ed5e1,0.15758424157600001,0.787921207879,False,,0.043752315905999997,120,,0.043752315905999997,120,,0.027205490571999998,240,,0.090654415229999993,240,,0.090654415229999993,240,
secondary,current_ratio,0,23,43000152,65,f8c15f0ac3cce01693bc143d17a091a442f854e42a4bfcbb44220e0b4b133829,0.099390060993999996,0.49695030496999998,False,,-0.0012891005350000001,120,,-0.0012891005350000001,120,,-0.0059182415879999997,240,,0.10593047843,240,,0.10593047843,240,
secondary,current_ratio,0,24,43000153,66,1d875f19d5ab457778261150329c9582ddba2a18e03f80eaeb29ea3cb53810c8,0.15168483151699999,0.75842415758399995,False,,0.14661505238100001,120,,0.14661505238100001,120,,0.098778035191999999,240,,0.094405298725999995,240,,0.094405298725999995,240,
secondary,current_ratio,0,25,43000154,67,3c1c5508fcc0935d7d86e2995a83b8e60094237a5ea6db6f61895da81220bc31,0.098290170982999997,0.49145085491500001,False,,0.089571130048999997,120,,0.089571130048999997,120,,0.070714499974999998,240,,0.107954246246,240,,0.107954246246,240,
secondary,current_ratio,0,26,43000155,68,dc3706e98ebe009fc5571e994cefd8022ad3a8894614772e39c0b6733696d6cd,0.15738426157400001,0.78692130786900005,False,,0.019251414384,120,,0.019251414384,120,,0.024886289895999999,240,,0.091459602697,240,,0.091459602697,240,
secondary,current_ratio,0,27,43000156,69,c4a965f9a8307d55098743acf18b2e66379fecf5cc01d1f8095e4263cc1368f9,0.1199880012,0.59994000599899999,False,,-0.106780565497,120,,-0.106780565497,120,,-0.082710750484000006,240,,0.100414046979,240,,0.100414046979,240,
secondary,current_ratio,0,28,43000157,70,87abcd2c72dda848be76c144fc944e8217b385216420ba660640346cd45609b7,0.141185881412,0.70592940705899998,False,,-0.035144218742000001,120,,-0.035144218742000001,120,,0.0099341677300000004,240,,0.095483684159999999,240,,0.095483684159999999,240,
secondary,current_ratio,0,29,43000158,71,08562b4b38ec6423e0b0ed204114cd99fc6e467151a2fc13f8baa2f28313e4ed,0.37186281371899998,1,False,,-0.075148051962000001,120,,-0.075148051962000001,120,,-0.050933478003,240,,0.058868429059999998,240,,0.058868429059999998,240,
secondary,current_ratio,0,30,43000159,72,36ae221b2d74d3b0d22e6af21c6adde7f757251c5a08b312ac2f30479840aae0,0.11298870112999999,0.56494350564899998,False,,-0.11144452344399999,120,,-0.11144452344399999,120,,-0.064564852908000001,240,,0.10082029599,240,,0.10082029599,240,
secondary,current_ratio,0,31,43000160,73,0779163458a562529f4513b3bc1e5d8b8765dac1551d89410f43848b6f91937d,0.235476452355,1,False,,0.14171030047200001,120,,0.14171030047200001,120,,0.12790136903499999,240,,0.077238311039999993,240,,0.077238311039999993,240,
secondary,current_ratio,0,32,43000161,74,b3693a380c69ed3bf263acae4a7604796e7d365319d20e344585bcca336ff407,0.13338666133400001,0.66693330666899997,False,,0.039083337748999997,120,,0.039083337748999997,120,,0.021144084673999999,240,,0.096429076431999994,240,,0.096429076431999994,240,
secondary,current_ratio,0,33,43000162,75,7ef191e9e20742e7261dec391266d0f079977c07d552c92abdb1e9583c08b47a,0.108289171083,0.54144585541400003,False,,-0.016914086740000001,120,,-0.016914086740000001,120,,-0.0069335580810000004,240,,0.103586444771,240,,0.103586444771,240,
secondary,current_ratio,0,34,43000163,76,1f915ad5d12cdd2bfcb0715df382ca4ce30ede8a86221573d3f7eb574eb2e6ad,0.239776022398,1,False,,0.041007277105000003,120,,0.041007277105000003,120,,0.022477939822000002,240,,0.076206843282000003,240,,0.076206843282000003,240,
secondary,current_ratio,0,35,43000164,77,d32e6b24327ab274b69cdb68a4feab356d1a68b2bf6de67687507a3bc3626c4b,0.108689131087,0.54344565543400003,False,,-0.069208247298,120,,-0.069208247298,120,,-0.035734997902999999,240,,0.102187824632,240,,0.102187824632,240,
secondary,current_ratio,0,36,43000165,78,0777f0cd816b4f96e86d35209ceaa859146ffedeb6037eb2f4bf8a023f44b0ed,0.143885611439,0.71942805719400005,False,,-0.151984226158,120,,-0.151984226158,120,,-0.098066053235000006,240,,0.093334694957999995,240,,0.093334694957999995,240,
secondary,current_ratio,0,37,43000166,79,52f6f140f698bb9960b5b444d5734a8c9d8e5faa90874a1c2a1fa882ead39b2f,0.13838616138400001,0.691930806919,False,,0.011246885462999999,120,,0.011246885462999999,120,,-0.025807644606000001,240,,0.095710200006000001,240,,0.095710200006000001,240,
secondary,current_ratio,0,38,43000167,80,275567f9fa2f56592a56c75b163912c6d6b65317171217990afb0726a7b44d25,0.314668533147,1,False,,0.112037636511,120,,0.112037636511,120,,0.090871048587,240,,0.064853467807999998,240,,0.064853467807999998,240,
secondary,current_ratio,0,39,43000168,81,2af215e1dc2b341262482d2552a619cebd5954d277924f605d4b7fbba2efa54e,0.188281171883,0.94140585941400001,False,,-0.022674534342000001,120,,-0.022674534342000001,120,,-0.032765615711,240,,0.085294681134999994,240,,0.085294681134999994,240,
secondary,current_ratio,0,40,43000169,82,8e43b7e17a203222e081e7ef73b9bdcd04ca6701f289b99c560b604fdced8ad8,0.15138486151399999,0.75692430756899998,False,,0.0036180473030000002,120,,0.0036180473030000002,120,,-0.0014666691449999999,240,,0.093381599263000006,240,,0.093381599263000006,240,
secondary,current_ratio,0,41,43000170,83,630447adafbec18e728fe40ef37357d3675b06d91b632aa9115c238b2b61492e,0.096190380961999999,0.48095190481,False,,-0.090510196545999996,120,,-0.090510196545999996,120,,-0.094442200897999998,240,,0.10721181014599999,240,,0.10721181014599999,240,
secondary,current_ratio,0,42,43000171,84,454b8b7850950c2e80d1f6456407cc8acc7d440436724f19f2c8f92984b87d93,0.117388261174,0.58694130586899995,False,,-0.014907516009,120,,-0.014907516009,120,,-0.024596863662,240,,0.100312451207,240,,0.100312451207,240,
secondary,current_ratio,0,43,43000172,85,1d7c3064e677e854b4b072433e4607f28c84f3052a8498197ce26f12facbf328,0.17278272172799999,0.86391360863900002,False,,0.079740618671000005,120,,0.079740618671000005,120,,0.035499169923999999,240,,0.087747967676999994,240,,0.087747967676999994,240,
secondary,current_ratio,0,44,43000173,86,b36470c27067c9628f9b2a71ae0508a875bd17badef660fdbd2ac184cbc491c4,0.119788021198,0.59894010598900005,False,,0.013037887127000001,120,,0.013037887127000001,120,,0.0055518931770000002,240,,0.101047014605,240,,0.101047014605,240,
secondary,current_ratio,0,45,43000174,87,fae3c67741eb6a49c60b37b2f70ea433d1b687a0c37dbfa96c8bccee65b7d525,0.18508149185100001,0.92540745925400003,False,,-0.155776377332,120,,-0.155776377332,120,,-0.11772104386899999,240,,0.085685295559999999,240,,0.085685295559999999,240,
secondary,current_ratio,0,46,43000175,88,6c7605d99121542b6d765c81b948cbff996451f3f636059ac53253709e154da0,0.122587741226,0.61293870612900003,False,,-0.021176213799000001,120,,-0.021176213799000001,120,,0.027717392906000001,240,,0.098843498604000005,240,,0.098843498604000005,240,
secondary,current_ratio,0,47,43000176,89,78f977cc13063ba31e8498a3c06db301936fa789c9ed92e242f704283b206bac,0.146085391461,0.73042695730399998,False,,-0.15716947399699999,120,,-0.15716947399699999,120,,-0.105675320869,240,,0.096468206947999999,240,,0.096468206947999999,240,
secondary,current_ratio,0,48,43000177,90,07f178e66ad7336abff690b588087bb175821e697f0cd57fb4a1872f6ee2cca2,0.117388261174,0.58694130586899995,False,,-0.079062861471000001,120,,-0.079062861471000001,120,,-0.052025593648000003,240,,0.101203269607,240,,0.101203269607,240,
secondary,current_ratio,0,49,43000178,91,b487af5d51f5221cd91212c458b996bf091221b5e2db578744f8b6421b6f99ab,0.122187781222,0.61093890610900004,False,,-0.0061318850209999996,120,,-0.0061318850209999996,120,,0.032807610266999999,240,,0.101039205097,240,,0.101039205097,240,
secondary,current_ratio,0,50,43000179,92,133e2d43a39f484c2f0745d3bce83c5feebb9aa8e76b494ddab79b4615b4168e,0.170082991701,0.85041495850399995,False,,-0.028327626501,120,,-0.028327626501,120,,-0.021035410008000001,240,,0.089654503669999996,240,,0.089654503669999996,240,
secondary,current_ratio,0,51,43000180,93,c9da1e43509f6253a8ec170922393c088622b349d778d7c87b3a79d738abb4d2,0.17658234176599999,0.88291170882900005,False,,0.094499382610000002,120,,0.094499382610000002,120,,0.101945492486,240,,0.087599364109000002,240,,0.087599364109000002,240,
secondary,current_ratio,0,52,43000181,94,3fa2bc556b7837920493ce3e70314f01ca50d9333e12d70873465bfed3376ba6,0.13918608139200001,0.69593040695899999,False,,-0.042749082389999998,120,,-0.042749082389999998,120,,-0.071717434354000006,240,,0.097562254077000005,240,,0.097562254077000005,240,
secondary,current_ratio,0,53,43000182,95,7e289215f6c8fc9361d39d0fd70b408ff480f345a1f505982c01a9108c0b8f10,0.215078492151,1,False,,0.16061344042299999,120,,0.16061344042299999,120,,0.067698217837000002,240,,0.07976213721,240,,0.07976213721,240,
secondary,current_ratio,0,54,43000183,96,5ee92b4d189a35862f18c293c3ce0f1e11ca8c6b083ef670c02c058a85966419,0.12928707129299999,0.64643535646399997,False,,0.13885926360799999,120,,0.13885926360799999,120,,0.061400131464000002,240,,0.098976389375000001,240,,0.098976389375000001,240,
secondary,current_ratio,0,55,43000184,97,367194a550b6fe6703acda785d19426a957fc35ff1b5e6607521efff82958d36,0.103689631037,0.518448155184,False,,-0.069644938165000003,120,,-0.069644938165000003,120,,-0.074523371667999994,240,,0.104610038179,240,,0.104610038179,240,
secondary,current_ratio,0,56,43000185,98,096517bca2b9dff949cb5723edf8d78c1d146d7e574bbf2cd73a381bceb88158,0.18038196180400001,0.90190980901899998,False,,-0.088700177943999994,120,,-0.088700177943999994,120,,-0.070206037589,240,,0.086411713700999995,240,,0.086411713700999995,240,
secondary,current_ratio,0,57,43000186,99,7a49568ef47633192a11eb891394c0b78885965092bb403f4fdd3649ae9d75a0,0.15598440156000001,0.77992200779900001,False,,-0.11299566401699999,120,,-0.11299566401699999,120,,-0.098722360797999995,240,,0.091584556839999998,240,,0.091584556839999998,240,
secondary,current_ratio,0,58,43000187,100,c912b4b5d8761bf555eea76ed9ea765924dcfeaf10ef3f121dab202693fbef69,0.17798220177999999,0.88991100889899999,False,,-0.078150571661000007,120,,-0.078150571661000007,120,,-0.044205689870000002,240,,0.087286826080000005,240,,0.087286826080000005,240,
secondary,current_ratio,0,59,43000188,101,992dc15c3f037b6a2ec62e04a85e37b735ece1fb64cdd98001f1c2d5c00c6d81,0.17348265173499999,0.86741325867399999,False,,0.058865794389999997,120,,0.058865794389999997,120,,0.033253658050000003,240,,0.088248027864000003,240,,0.088248027864000003,240,
secondary,current_ratio,0,60,43000189,102,8b81c5a453ce3d791ca91676375d828fe6c0db658fd83aad7c9c3d136815a6eb,0.20157984201599999,1,False,,-0.052427258785999999,120,,-0.052427258785999999,120,,-0.070252769859000003,240,,0.082864459525000003,240,,0.082864459525000003,240,
secondary,current_ratio,0,61,43000190,103,c0272825a3133833a032701f8e02d4241b27ab9495a3686fa774246308db4434,0.107389261074,0.53694630536900001,False,,-0.016635799074999999,120,,-0.016635799074999999,120,,0.015123127045,240,,0.103375499951,240,,0.103375499951,240,
secondary,current_ratio,0,62,43000191,104,dc50620cd43fca11aeb6b11f52265d175b44d1022287dea0c922d5b81e970fce,0.15038496150399999,0.75192480751900004,False,,8.3596299999999995e-07,120,,8.3596299999999995e-07,120,,-0.00154900305,240,,0.093037746638000005,240,,0.093037746638000005,240,
secondary,current_ratio,0,63,43000192,105,c33a553f6ab0ff8ea4ef98d92c1dbe4fe22bafd90625481cb35ac0a3ab276ee0,0.16698330167,0.834916508349,False,,0.084554804930999997,120,,0.084554804930999997,120,,0.051865210868,240,,0.089045040216999993,240,,0.089045040216999993,240,
secondary,current_ratio,0,64,43000193,106,0e7d25fae29f6da29c9b4a84803895603a555fe5f4232ec1261c9491e0f4b554,0.165883411659,0.82941705829400003,False,,0.043027246539000003,120,,0.043027246539000003,120,,0.053188421882999999,240,,0.089045118613000004,240,,0.089045118613000004,240,
secondary,current_ratio,0,65,43000194,107,66c335a5b0fc6c5c157eff8cfacd472c2f87970b41453010a169513b5193a816,0.335566443356,1,False,,-0.053156313128000003,120,,-0.053156313128000003,120,,-0.070772165260999997,240,,0.063252018615999994,240,,0.063252018615999994,240,
secondary,current_ratio,0,66,43000195,108,fe69063524d6537a895df68e925a0c70caba0dd38b2675169fdd53d893a764ac,0.11268873112699999,0.56344365563400001,False,,0.060083520784999997,120,,0.060083520784999997,120,,0.049783566752999997,240,,0.10230502385199999,240,,0.10230502385199999,240,
secondary,current_ratio,0,67,43000196,109,58e48a830fe47adb1984a42a16aadb3a6afb1a02c7e4c41360ff5fbd4e0965e0,0.139586041396,0.69793020697899999,False,,0.022459058726999999,120,,0.022459058726999999,120,,0.041639762253,240,,0.096491644631000004,240,,0.096491644631000004,240,
secondary,current_ratio,0,68,43000197,110,58efdf99fa68d4d6e67e3ec0d6e70f9f667710a881df0dc78dd420c2a4f0a1be,0.12978702129799999,0.64893510648899999,False,,0.058841047345000001,120,,0.058841047345000001,120,,0.011085958718,240,,0.098546564938,240,,0.098546564938,240,
secondary,current_ratio,0,69,43000198,111,ab41c90e2875f83cd4269010eabcc0d3bee0d042930eaffc46ac9ae18f0d0f47,0.11488851114900001,0.57444255574400005,False,,-0.039940172284999999,120,,-0.039940172284999999,120,,-0.060954376828,240,,0.102391000242,240,,0.102391000242,240,
secondary,current_ratio,0,70,43000199,112,2966779912ef9e71daff66305e48db75e144bed9a4ec5690f24c77a8330a023b,0.095190480952000001,0.47595240476,False,,0.061671657937000003,120,,0.061671657937000003,120,,0.053961482925999997,240,,0.108806126824,240,,0.108806126824,240,
secondary,current_ratio,0,71,43000200,113,6a8ceb94db8209e0943e9d69697bf5c9055e2fe9406004754b6cfc875659b285,0.097690230976999998,0.48845115488500002,False,,-0.110829449345,120,,-0.110829449345,120,,-0.070155608107,240,,0.10699318879899999,240,,0.10699318879899999,240,
secondary,current_ratio,0,72,43000201,114,1ce8deff9e03127ab65abc40ed9bb50f749425a39899cc91d4fed90678bb5c8e,0.103489651035,0.51744825517399995,False,,0.094818600399999994,120,,0.094818600399999994,120,,0.105646667418,240,,0.10443812367999999,240,,0.10443812367999999,240,
secondary,current_ratio,0,73,43000202,115,bcf8292ab0bdfee885cbf39c20c29578fe94887e3f990b7405846f014318abae,0.12838716128399999,0.64193580641900005,False,,0.0074855785669999996,120,,0.0074855785669999996,120,,0.0028485527459999999,240,,0.098913786007999993,240,,0.098913786007999993,240,
secondary,current_ratio,0,74,43000203,116,fb930b940922048cfbc3160db41db4ef36fa765c7114b821cfe7c837a566b2e7,0.18028197180300001,0.90140985901399995,False,,0.081741594523000005,120,,0.081741594523000005,120,,0.064489538651999995,240,,0.087130752049000004,240,,0.087130752049000004,240,
secondary,current_ratio,0,75,43000204,117,bf893bd3815d7a6ca056cc2d27e259be8b0c2091154f6585230d210f42857e0e,0.104889511049,0.524447555244,False,,-0.107099085097,120,,-0.107099085097,120,,-0.086759689237000004,240,,0.10480539127500001,240,,0.10480539127500001,240,
secondary,current_ratio,0,76,43000205,118,d8ff409332766e4b03242b9d22d5a8eb7a4ee59a90c51aef4ee6ecae5cef21d0,0.15068493150699999,0.75342465753400001,False,,0.022926371833999998,120,,0.022926371833999998,120,,0.013388768653,240,,0.092428493097000006,240,,0.092428493097000006,240,
secondary,current_ratio,0,77,43000206,119,b91b6590801340c526b1880e22b34e638c084b7d7240be1e400931cc232e4cbf,0.094990500950000001,0.47495250475,False,,0.14450903689799999,120,,0.14450903689799999,120,,0.13155428068,240,,0.10861078032099999,240,,0.10861078032099999,240,
secondary,current_ratio,0,78,43000207,120,bbe13911f7152fb0ca1228fc04e907390d3b89843004f3c32c5f9d5f5b08fab2,0.15538446155399999,0.77692230776899995,False,,0.054364021250999997,120,,0.054364021250999997,120,,0.055814185457000003,240,,0.093108208602000003,240,,0.093108208602000003,240,
secondary,current_ratio,0,79,43000208,121,a3f400d330cf7a24d893e1909e1a24a1ee1f0c10a6ad1ccca1f7799219ede614,0.13518648135200001,0.67593240675900002,False,,-0.024944494772999998,120,,-0.024944494772999998,120,,0.023493848328999999,240,,0.096632283547,240,,0.096632283547,240,
secondary,current_ratio,0,80,43000209,122,82f53e5369bc9c4928b8bc16a66e78628a1a44da37e8811af71b910d3a4f3e90,0.13438656134400001,0.67193280671900002,False,,0.18951663069399999,120,,0.18951663069399999,120,,0.13556119059999999,240,,0.096991603708000002,240,,0.096991603708000002,240,
secondary,current_ratio,0,81,43000210,123,8e47743ccf431d04415571f3f9e51b648d3cf3c2ccab859ca5e7706920682b23,0.195180481952,0.975902409759,False,,0.017605250182000001,120,,0.017605250182000001,120,,0.032962836943999999,240,,0.085247485772999995,240,,0.085247485772999995,240,
secondary,current_ratio,0,82,43000211,124,b128bf66be9d5669c8ed9b4bbe56639c16be13c185e7a6e69b50db7a31bdf061,0.15008499150099999,0.75042495750399996,False,,-0.18143856912699999,120,,-0.18143856912699999,120,,-0.13310736245300001,240,,0.093952082948000004,240,,0.093952082948000004,240,
secondary,current_ratio,0,83,43000212,125,e6e91fa0866f4f0de01c6c7e42ba5ba5694021f90e4bbebf8d61155081ed9f2f,0.12798720127999999,0.63993600639899995,False,,0.029981072933000001,120,,0.029981072933000001,120,,0.049844816574,240,,0.097921491079,240,,0.097921491079,240,
secondary,current_ratio,0,84,43000213,126,ee4dc5a86ce4436e8608e2ef2a3a123704eaf2ebfa5fa0896f5a72c957486692,0.167883211679,0.83941605839400002,False,,-0.014817060287,120,,-0.014817060287,120,,-0.0048252305700000001,240,,0.090685957322999999,240,,0.090685957322999999,240,
secondary,current_ratio,0,85,43000214,127,8145e14550fc353667a6253067f5d3c5102a2273be265fb28c944dc4d8f69e1a,0.097690230976999998,0.48845115488500002,False,,0.035582287057999998,120,,0.035582287057999998,120,,0.041870181532999998,240,,0.106227510458,240,,0.106227510458,240,
secondary,current_ratio,0,86,43000215,128,c11b14d3143ce5e385776a81873f14cbe968d47809185d848aee588b01485620,0.11348865113499999,0.567443255674,False,,-0.14970368664399999,120,,-0.14970368664399999,120,,-0.108699756897,240,,0.103500478272,240,,0.103500478272,240,
secondary,current_ratio,0,87,43000216,129,719a234eede585c402864d69716386f05e88f159e0a56ad0ac2dcda06295ece6,0.12098790121,0.60493950604900004,False,,-0.0061284691110000001,120,,-0.0061284691110000001,120,,-0.044760167126999997,240,,0.102422230031,240,,0.102422230031,240,
secondary,current_ratio,0,88,43000217,130,8160a75fe56f97d8ae3cc8d19ac43a943f0647c81caaae548d3f381ee42c588a,0.079492050795000005,0.39746025397500001,False,,0.113462669169,120,,0.113462669169,120,,0.065725084680000004,240,,0.11181436302599999,240,,0.11181436302599999,240,
secondary,current_ratio,0,89,43000218,131,e7ebf04099a1399c9279d5f013bc061ad4b8b1aa608bb04d94b9a802df5a885a,0.12298770123,0.61493850614900003,False,,0.070994036991000001,120,,0.070994036991000001,120,,0.025278234603999999,240,,0.099726616482,240,,0.099726616482,240,
secondary,current_ratio,0,90,43000219,132,41ee4d6f6bd369f1991bb562718c2cbcc6f48e1759b7ead5a1f67b9fa930b489,0.12588741125899999,0.62943705629400004,False,,-0.088031863761000001,120,,-0.088031863761000001,120,,-0.057308741821999999,240,,0.100335838151,240,,0.100335838151,240,
secondary,current_ratio,0,91,43000220,133,2c8c8f1ac2ddb382b7122a8d4697b7c2378a418f511ec094a3060e80da67da75,0.167183281672,0.83591640835900005,False,,0.035001696729999997,120,,0.035001696729999997,120,,0.025337335956999999,240,,0.088771638932000005,240,,0.088771638932000005,240,
secondary,current_ratio,0,92,43000221,134,bd75fa989e527e4164856da574f8a53221c95472f634c5a14782e47ccc988a09,0.121487851215,0.60743925607399996,False,,-0.068011862798000006,120,,-0.068011862798000006,120,,-0.043935945581000002,240,,0.099062262641000001,240,,0.099062262641000001,240,
secondary,current_ratio,0,93,43000222,135,597b45fb635d41686a5700aedb775eac34bbebbb3e781a55eaa5f4a7085d476b,0.20827917208300001,1,False,,-0.097972014539999999,120,,-0.097972014539999999,120,,-0.032160762938999998,240,,0.080692316003000003,240,,0.080692316003000003,240,
secondary,current_ratio,0,94,43000223,136,0a184c5318cd86ac3d5834b8abe0f3edb465d1e2d79854c6c6dc083d87eff464,0.13218678132200001,0.66093390660899998,False,,-0.0063494618419999999,120,,-0.0063494618419999999,120,,-0.054725574950000001,240,,0.096889987969999994,240,,0.096889987969999994,240,
secondary,current_ratio,0,95,43000224,137,9c31d311104e89c601daa2965a2d0d3f3d49da7567b9fd3255251b9d60ba761b,0.212078792121,1,False,,-0.087529530327000005,120,,-0.087529530327000005,120,,-0.058521618349999999,240,,0.081723634476999998,240,,0.081723634476999998,240,
secondary,current_ratio,0,96,43000225,138,d1644c545bdcb8ee485021659ba9395e1b3a79b5847cc22dbd41ac84fbdc5b76,0.13608639136100001,0.68043195680400004,False,,-0.14983385560199999,120,,-0.14983385560199999,120,,-0.121954871191,240,,0.097249574640999994,240,,0.097249574640999994,240,
secondary,current_ratio,0,97,43000226,139,862f98f30eb9d22065a30929d4996572dff029e33a60cc1f3342683bc288ec65,0.15498450154999999,0.77492250774899996,False,,0.046480496421000002,120,,0.046480496421000002,120,,0.082452426028,240,,0.092014284380000005,240,,0.092014284380000005,240,
secondary,current_ratio,0,98,43000227,140,96557d0bb747d5e4b5f7054b35abbd6a72f9ff79e9876a697126a92af5ffd424,0.10198980102000001,0.50994900509899999,False,,0.053756820717999997,120,,0.053756820717999997,120,,0.025672510978,240,,0.10568053350999999,240,,0.10568053350999999,240,
secondary,current_ratio,0,99,43000228,141,70033cc4b173bcba7df15058ef526efbe086ec0b78a5eaee6102263f69896c56,0.118288171183,0.59144085591399997,False,,-0.029961236674999999,120,,-0.029961236674999999,120,,-0.0048130710120000003,240,,0.103820893581,240,,0.103820893581,240,
secondary,current_ratio,0,100,43000229,142,b7695dc003904a198b3018d7a2a6a279fd1a2112e4ee2808ab74ede64ebc4405,0.031496850314999998,0.15748425157500001,False,,0.226280773106,120,,0.226280773106,120,,0.140049647414,240,,0.14282743796399999,240,,0.14282743796399999,240,
secondary,current_ratio,0,101,43000230,143,7f9034d71fcfb7881e4500d91854881850aa87d07c8e7dfe560166a9c524d07b,0.13618638136200001,0.68093190680899995,False,,-0.019137960985000001,120,,-0.019137960985000001,120,,0.021578021954999999,240,,0.096624579727999996,240,,0.096624579727999996,240,
secondary,current_ratio,0,102,43000231,144,fbdf1a0fd3df66a51c07647eadfb5c26d413e073603d082fefe9a613b4055196,0.069893010699000002,0.34946505349500001,False,,-0.24726387281600001,120,,-0.24726387281600001,120,,-0.16210579460399999,240,,0.116869803994,240,,0.116869803994,240,
secondary,current_ratio,0,103,43000232,145,f7ac2eb1f7ab9f197cb4f09c46708bc74e611c8090ccf29128609022f1f02cf9,0.15868413158700001,0.79342065793399996,False,,0.062066462284,120,,0.062066462284,120,,0.052708721734999998,240,,0.091006313468999997,240,,0.091006313468999997,240,
secondary,current_ratio,0,104,43000233,146,9260737684a107e1ecb7aa86d1169bc838b9014670f0a8a7eaf4d3ddeac2e2aa,0.13588641135900001,0.67943205679399998,False,,0.073886904416999993,120,,0.073886904416999993,120,,0.063678537674000002,240,,0.097280782817000006,240,,0.097280782817000006,240,
secondary,current_ratio,0,105,43000234,147,37696a8a7ce1e4e0470eaabf8d5034ac4aa1cf630b864e19f4ffa479caae5937,0.18238176182400001,0.91190880911899996,False,,0.061606448768999997,120,,0.061606448768999997,120,,0.077954243125999995,240,,0.087224479883,240,,0.087224479883,240,
secondary,current_ratio,0,106,43000235,148,cd10f27d365b02651d2d6aa123eb066825902edc41cdbb70867fa90050cd0b0e,0.33666633336700003,1,False,,0.14445689074599999,120,,0.14445689074599999,120,,0.058687087664,240,,0.062399896438000001,240,,0.062399896438000001,240,
secondary,current_ratio,0,107,43000236,149,52d1982c01736092b6294667c7b46eb5c749b626b02b1f24f49f2606f9ba6418,0.094990500950000001,0.47495250475,False,,-0.048282354662000003,120,,-0.048282354662000003,120,,-0.015525322558,240,,0.10729796439399999,240,,0.10729796439399999,240,
secondary,current_ratio,0,108,43000237,150,52ae3827a5ce2a7de3916e56f9cbdcd6492a0c732451631f0bc7bb68453ee823,0.18058194180600001,0.90290970902900003,False,,-0.038371031904,120,,-0.038371031904,120,,-0.030586040411,240,,0.087646279770999994,240,,0.087646279770999994,240,
secondary,current_ratio,0,109,43000238,151,77b6e4a651f549adff542cb616969f2fc78c7d5c4288db4ff838c8bcfdd91c59,0.103389661034,0.51694830516900003,False,,-0.10686668110899999,120,,-0.10686668110899999,120,,-0.126528440528,240,,0.105211945446,240,,0.105211945446,240,
secondary,current_ratio,0,110,43000239,152,60500b98e615c9fb0479d25d45bf097a87a8d0522b0ad9b9c98ee4b1f39fa84d,0.27787221277899998,1,False,,-0.12839430303300001,120,,-0.12839430303300001,120,,-0.077197042445000003,240,,0.069932571206999999,240,,0.069932571206999999,240,
secondary,current_ratio,0,111,43000240,153,79e425fbb5b3085c5f0eb7ab5066b4e0a0aac3ad9aebe2c64372db43cbc707b0,0.15698430157000001,0.78492150784900006,False,,-0.023915016325,120,,-0.023915016325,120,,-0.014841044517,240,,0.092225362364000002,240,,0.092225362364000002,240,
secondary,current_ratio,0,112,43000241,154,37d48f2831d47e0921078440d325c0ae0a1f4a7d222e781d78be4b6ac76b6af6,0.15788421157900001,0.78942105789399997,False,,-0.104892226809,120,,-0.104892226809,120,,-0.109014921609,240,,0.091037397638000006,240,,0.091037397638000006,240,
secondary,current_ratio,0,113,43000242,155,d088c64fb679d9532b3a0f6e5bae07c51678d7837953195f0e15ed0f0c97702e,0.19398060194,0.96990300969900001,False,,0.071377977098999998,120,,0.071377977098999998,120,,0.034732490371999998,240,,0.084646110612000003,240,,0.084646110612000003,240,
secondary,current_ratio,0,114,43000243,156,26d843bdfa3457c5c2d187e7e727a83337b5a37bfe42d33f8c481ebb768ca8e2,0.17338266173399999,0.86691330866899996,False,,0.069715869720999996,120,,0.069715869720999996,120,,0.052202389682999999,240,,0.089052846611000006,240,,0.089052846611000006,240,
secondary,current_ratio,0,115,43000244,157,88ed82446bd718f08e516e2d8f3938b63a12f024c2572c0693b838d2f479238a,0.139586041396,0.69793020697899999,False,,-0.091872110667999995,120,,-0.091872110667999995,120,,-0.050051014821000002,240,,0.095397585596000006,240,,0.095397585596000006,240,
secondary,current_ratio,0,116,43000245,158,c9b571be7dd0d627f51f7f2627043f65bfb5e042c0780deac85780af9b8c210e,0.13848615138500001,0.69243075692400002,False,,-0.079305042896999994,120,,-0.079305042896999994,120,,-0.036935712285999997,240,,0.097163568027999997,240,,0.097163568027999997,240,
secondary,current_ratio,0,117,43000246,159,7c1cfc4a35355f7cdfc836a8de86e757cda3342e4bf62765d605e8e10fbfbe8f,0.140185981402,0.70092990700900004,False,,-0.13540399371199999,120,,-0.13540399371199999,120,,-0.093731264681000001,240,,0.095991504032999997,240,,0.095991504032999997,240,
secondary,current_ratio,0,118,43000247,160,5b525315198c5ee35f4eb70fdd37455bf4264bd44216d160a4cefc7ac0e16ec9,0.15828417158300001,0.79142085791399996,False,,-0.11712734547299999,120,,-0.11712734547299999,120,,-0.064717663660999999,240,,0.092725466694999994,240,,0.092725466694999994,240,
secondary,current_ratio,0,119,43000248,161,f4d5c6df59b5c68d3cd4b93274d95b6bb08c0a16ca729c5c2ae4569cd4870cc5,0.25367463253700001,1,False,,-0.102187896077,120,,-0.102187896077,120,,-0.092462302263000007,240,,0.073495775752000003,240,,0.073495775752000003,240,
secondary,current_ratio,0,120,43000249,162,fa03bdb3a3b45fb2eda3f8994cfcec0a2987c4fd2f134056cf571c2b5a4d63d1,0.17368263173699999,0.86841315868400004,False,,0.029047289338,120,,0.029047289338,120,,0.001372824297,240,,0.089732656814,240,,0.089732656814,240,
secondary,current_ratio,0,121,43000250,163,4faa695460395b948798af270e21eb0a7780d93d3d49a0c8f99bd8bcd345fa6a,0.17568243175699999,0.87841215878400003,False,,0.039124124513,120,,0.039124124513,120,,0.024929456613000001,240,,0.088208819502000005,240,,0.088208819502000005,240,
secondary,current_ratio,0,122,43000251,164,cf9cd374054a8256c8889c14d991c25070f8350799b782904b034ef7c389fe3b,0.23057694230600001,1,False,,-0.11001112131100001,120,,-0.11001112131100001,120,,-0.069180805250000005,240,,0.077191558763999996,240,,0.077191558763999996,240,
secondary,current_ratio,0,123,43000252,165,353a8ba501b44f5b4b75efd622c804bd931ce7d0a0db19555619359031c73cf4,0.11338866113399999,0.56694330566899998,False,,-0.021982932880999999,120,,-0.021982932880999999,120,,-0.033311182106000002,240,,0.103875557024,240,,0.103875557024,240,
secondary,current_ratio,0,124,43000253,166,40ed369cacc67180eb52d1827a3075104960d411b3ad96b3095c6fa5370388a5,0.085091490850999998,0.42545745425499998,False,,0.043692126983999997,120,,0.043692126983999997,120,,0.033816058651,240,,0.112088040714,240,,0.112088040714,240,
secondary,current_ratio,0,125,43000254,167,ffe8ab8a8a3f8688937ef8991ff8dbd4b975623a1da4fd8a2909edd60bd9d93f,0.117388261174,0.58694130586899995,False,,0.058790109237000003,120,,0.058790109237000003,120,,0.059945586385999998,240,,0.100992314162,240,,0.100992314162,240,
secondary,current_ratio,0,126,43000255,168,80e4bc1dc53f5f4dff5c25e0ecb4171cf6f16c55aac977e78af31d6adea0630e,0.12628737126299999,0.63143685631400004,False,,-0.011854323956,120,,-0.011854323956,120,,-0.0093238023510000007,240,,0.099937503420999996,240,,0.099937503420999996,240,
secondary,current_ratio,0,127,43000256,169,23b3e52a6814bc0839ef5f612e7c5c688f54544ede6f152b30de27faa890e1e0,0.165283471653,0.82641735826399998,False,,0.057958841411000002,120,,0.057958841411000002,120,,0.046230740176999997,240,,0.090349905595999994,240,,0.090349905595999994,240,
secondary,current_ratio,0,128,43000257,170,54ecf66bfd9b7ef31375f9dfe90b19a7dba229c9251059bd1f76c7f847db0b77,0.039296070393000003,0.19648035196499999,False,,-0.143510932875,120,,-0.143510932875,120,,-0.074934338266999995,240,,0.134021068258,240,,0.134021068258,240,
secondary,current_ratio,0,129,43000258,171,adc223cc13cfe02fe4098307ddb945b6a0441a6e12a0c437a7308fa08d568b3b,0.052994700530000001,0.26497350265000003,False,,-0.217593264625,120,,-0.217593264625,120,,-0.16152265816700001,240,,0.126793190148,240,,0.126793190148,240,
secondary,current_ratio,0,130,43000259,172,7a01ce4c7165b182d287b83f7ff43d7b822a2dd8cfc64b28e1f713fa04b5d6d6,0.12568743125699999,0.62843715628399999,False,,0.041527309259,120,,0.041527309259,120,,0.047548796313999997,240,,0.10023433781,240,,0.10023433781,240,
secondary,current_ratio,0,131,43000260,173,1624c2248e6ab5abac63c8da598f17003a281ecca113b5f69a947dda8fb10096,0.146485351465,0.73242675732399998,False,,0.025586109948999999,120,,0.025586109948999999,120,,0.030473266898999998,240,,0.094749035039000007,240,,0.094749035039000007,240,
secondary,current_ratio,0,132,43000261,174,72890df5a0cd6d5d389dac6dd09e5f5af8557e4798f2bb922d0118849ceb576b,0.15848415158500001,0.79242075792400002,False,,-0.017541002760999999,120,,-0.017541002760999999,120,,0.023153018773000002,240,,0.091240697985999999,240,,0.091240697985999999,240,
secondary,current_ratio,0,133,43000262,175,ad9fddabe015f70e603eac49988456c65e4e1608b03b2c58a1b5ae1003aa9d0c,0.097590240975999998,0.48795120487999999,False,,-0.032242964830999997,120,,-0.032242964830999997,120,,0.0093433629179999998,240,,0.10746982943699999,240,,0.10746982943699999,240,
secondary,current_ratio,0,134,43000263,176,32a5f0a99b568e0a12e3e7ad6bd7218515b72a6622a0fd88d4a862bb9bbf867e,0.15278472152799999,0.76392360763900002,False,,0.015823588319,120,,0.015823588319,120,,0.019435797383000001,240,,0.092616096398999995,240,,0.092616096398999995,240,
secondary,current_ratio,0,135,43000264,177,c3a13fdcc800985acf289a0eebe6dade8d5c4d4ea6cfc9c4ff0119cd24413c92,0.171182881712,0.85591440855900003,False,,-0.029311989908000002,120,,-0.029311989908000002,120,,-0.035617963202000003,240,,0.090435818609999996,240,,0.090435818609999996,240,
secondary,current_ratio,0,136,43000265,178,53e41b131d5c7b51d1f0789946e3676b40f5706acec395bf4388072abe42f9fa,0.18798120188,0.93990600939900004,False,,0.0040144352449999997,120,,0.0040144352449999997,120,,0.022280402713999999,240,,0.085685206722999993,240,,0.085685206722999993,240,
secondary,current_ratio,0,137,43000266,179,9c71e4594b461b6687af9ce2ae51eda73dcf637ee2fefa1844f4966ff1bcac2c,0.12298770123,0.61493850614900003,False,,0.047937302746999998,120,,0.047937302746999998,120,,-0.00385131774,240,,0.099101358171000006,240,,0.099101358171000006,240,
secondary,current_ratio,0,138,43000267,180,d9a0a7c0afbbbd2616a18f94ce182f1fd0e20aa0c0b64f6f21dc0429d7a8abfb,0.11398860114000001,0.56994300569900003,False,,0.021922653519,120,,0.021922653519,120,,-0.029788009987999998,240,,0.102726926498,240,,0.102726926498,240,
secondary,current_ratio,0,139,43000268,181,db2937e7e802aca9ecc9888c400a59266dec684fd9bbd5b51a95c5fef24a4bfb,0.118788121188,0.593940605939,False,,-0.063648172661999999,120,,-0.063648172661999999,120,,-0.068744543384999995,240,,0.10165650077000001,240,,0.10165650077000001,240,
secondary,current_ratio,0,140,43000269,182,81cf2ed747ec72409bf3e7d0d3acfdafb52e44ab93c4ef89a6822357a9f0291e,0.14838516148399999,0.74192580741900005,False,,-0.034566344901000003,120,,-0.034566344901000003,120,,-0.043131374739999999,240,,0.093803693687000006,240,,0.093803693687000006,240,
secondary,current_ratio,0,141,43000270,183,cc9d8e7789a498ee87cf712b9e4e666d17a125e4054b6efd6087235c7d04556e,0.21047895210500001,1,False,,0.069735271533999998,120,,0.069735271533999998,120,,0.057253401313000003,240,,0.081520465461999994,240,,0.081520465461999994,240,
secondary,current_ratio,0,142,43000271,184,5cc07cb95eca6b862dc98425779c7a3545b03ebee0cc1577b0cd03aa12cd2787,0.12808719128099999,0.64043595640399997,False,,0.012044758365,120,,0.012044758365,120,,0.055662937766000002,240,,0.098991960217000005,240,,0.098991960217000005,240,
secondary,current_ratio,0,143,43000272,185,f67fb355e1613ca6296ee08fd9ebf0cbbc58dfe3e3cd53002f39d7f006afde01,0.12478752124799999,0.62393760623899996,False,,0.021852644354999999,120,,0.021852644354999999,120,,0.0094064581080000008,240,,0.099929685487,240,,0.099929685487,240,
secondary,current_ratio,0,144,43000273,186,f21174705ffdc40474ab54b52fd1ef4254ad938e89b87b1f4066504966020784,0.13158684131599999,0.65793420657900004,False,,-0.074107391849000004,120,,-0.074107391849000004,120,,-0.014941246851,240,,0.097452690172000006,240,,0.097452690172000006,240,
secondary,current_ratio,0,145,43000274,187,42a1ad11c79f59a8afab0c4071eda76bd54d1a4206f3303d12d09a3e2d736790,0.117788221178,0.58894110588899995,False,,-0.25466533342499997,120,,-0.25466533342499997,120,,-0.16471569942399999,240,,0.100851724152,240,,0.100851724152,240,
secondary,current_ratio,0,146,43000275,188,c9f4ab5d631784fdfa392e076c62cd155bdc4f22db92d5966ef7e0267693d499,0.166683331667,0.83341665833400003,False,,-0.0086563564930000007,120,,-0.0086563564930000007,120,,0.0071191440850000001,240,,0.090584392872,240,,0.090584392872,240,
secondary,current_ratio,0,147,43000276,189,07bfac0954e5952afc4080d927378a6a04fd5f45cd44b70409704c01bbe319f3,0.14198580142,0.70992900709899998,False,,0.022578857817,120,,0.022578857817,120,,0.01203197521,240,,0.093303555836999993,240,,0.093303555836999993,240,
secondary,current_ratio,0,148,43000277,190,5f318ecdb10011841b12c829cac55b29606c4c6f8563f85244610effabc78d12,0.15938406159400001,0.79692030796900004,False,,-0.099004271197000004,120,,-0.099004271197000004,120,,-0.069924018736999993,240,,0.091631608963000002,240,,0.091631608963000002,240,
secondary,current_ratio,0,149,43000278,191,c1372d7b478de9e5ce8200ff5fd5b48228e0121e4a3da2b15df8915d87bc3c2e,0.13148685131499999,0.65743425657400001,False,,0.056199375189999998,120,,0.056199375189999998,120,,0.039737410202000001,240,,0.097069851733999998,240,,0.097069851733999998,240,
secondary,current_ratio,0,150,43000279,192,2974f5cf8a7207afb8fe614d80e039c042426f144a2ce878fe2f6ccb88b6d54e,0.140785921408,0.70392960703899998,False,,0.0089701932909999997,120,,0.0089701932909999997,120,,0.0025323746989999998,240,,0.094327167012000002,240,,0.094327167012000002,240,
secondary,current_ratio,0,151,43000280,193,0a71d1c7e7c91888cf07bc71f400c3bacb5b087c3bca636c37e31ff6e8d2e44a,0.191080891911,0.955404459554,False,,0.19113643751500001,120,,0.19113643751500001,120,,0.131406989054,240,,0.084474187322000002,240,,0.084474187322000002,240,
secondary,current_ratio,0,152,43000281,194,b7d7fb228ff67683302b794f3f949e4e126a458ec071e7bbce536d09e11cfaa7,0.111488851115,0.55744425557400001,False,,0.081331344555000004,120,,0.081331344555000004,120,,0.071250472523,240,,0.103578743333,240,,0.103578743333,240,
secondary,current_ratio,0,153,43000282,195,c756d78d7cde0c89220df32f55e1016619be0ff103ff0b8436f4c5aeda32fd0a,0.166283371663,0.83141685831400003,False,,-0.00086448692500000002,120,,-0.00086448692500000002,120,,0.0030977877599999998,240,,0.088701295845,240,,0.088701295845,240,
secondary,current_ratio,0,154,43000283,196,cdf919ed06986e9a28c5b92a6d21eb1028afb8e28dd7d05d8eab9fe0b7d267a3,0.18268173182700001,0.91340865913400004,False,,-0.013555304793,120,,-0.013555304793,120,,0.000799526176,240,,0.087755922988000001,240,,0.087755922988000001,240,
secondary,current_ratio,0,155,43000284,197,3a2859261ac2ab2bcec3284c2075a37d79163f2990ad2f0401b5abd69758abd2,0.241275872413,1,False,,-0.16177084927599999,120,,-0.16177084927599999,120,,-0.116489998872,240,,0.07499573541,240,,0.07499573541,240,
secondary,current_ratio,0,156,43000285,198,dd5ff79fd020f9007ab9576279b3cbba1905ef86762ff68b8689f0c4d2cb0c8d,0.15698430157000001,0.78492150784900006,False,,-0.047026145164999998,120,,-0.047026145164999998,120,,-0.044474069758000001,240,,0.092006458020000001,240,,0.092006458020000001,240,
secondary,current_ratio,0,157,43000286,199,1b56aa2fe645281a42e6bc353b0512ba76523c82caaf6e832df9c9ec8891c66e,0.13618638136200001,0.68093190680899995,False,,0.12679873311699999,120,,0.12679873311699999,120,,0.078061904752999997,240,,0.096858742427999994,240,,0.096858742427999994,240,
secondary,current_ratio,0,158,43000287,200,f706a3fdf868d400218f20aa56b493b6e0d1e7c20a946a17e7aeb37353a4b7e3,0.14848515148499999,0.74242575742399997,False,,-0.049404244094000002,120,,-0.049404244094000002,120,,0.021116638920999999,240,,0.095452144264999997,240,,0.095452144264999997,240,
secondary,current_ratio,0,159,43000288,201,bc445ed923a7b0354dead55cc4e7e66e08ab11c3c4e9f878467bfd97aef87d31,0.17618238176199999,0.88091190880900005,False,,0.042395579656999999,120,,0.042395579656999999,120,,0.012812153016,240,,0.087865133925999997,240,,0.087865133925999997,240,
secondary,current_ratio,0,160,43000289,202,ab7c2c200c1150a37958d2b4203bc316c63b7e3b536b0e9be559019ff08a3bb8,0.21077892210800001,1,False,,-0.016961531538000001,120,,-0.016961531538000001,120,,-0.033270651966999999,240,,0.081645833383999999,240,,0.081645833383999999,240,
secondary,current_ratio,0,161,43000290,203,ee66bfda6adb8d00ee4a8efbb5327f76be7281d3cf5cecf3b1d31ad4d7c53e83,0.15408459154099999,0.77042295770400004,False,,0.113465486859,120,,0.113465486859,120,,0.079962178499000003,240,,0.093569223263000004,240,,0.093569223263000004,240,
secondary,current_ratio,0,162,43000291,204,0e49d3ac2fd6b23d66fa040f05caf0c160db880e585334db110eb7a66f67914f,0.116888311169,0.58444155584400004,False,,-0.00061014353699999997,120,,-0.00061014353699999997,120,,-0.019555031792000001,240,,0.103156813212,240,,0.103156813212,240,
secondary,current_ratio,0,163,43000292,205,8a5d4205edf831026ef0be81e8eb2cad5ef0840df6abe222b66dcb23ad4a1e62,0.144385561444,0.72192780721899996,False,,0.048664226375000001,120,,0.048664226375000001,120,,0.020653777953,240,,0.096999450399000001,240,,0.096999450399000001,240,
secondary,current_ratio,0,164,43000293,206,60d64639a031cca55e90aa8504099ec5afe68ff2d869568a7e45cb9fc6305d50,0.13428657134300001,0.67143285671399999,False,,-0.0092356050510000003,120,,-0.0092356050510000003,120,,0.00377037301,240,,0.097991816398000003,240,,0.097991816398000003,240,
secondary,current_ratio,0,165,43000294,207,9985ddfeaced23376c98d1bf24346306f7a791c6d17e6349b1a4aeac39e372ab,0.12668733126699999,0.63343665633400004,False,,0.032418950454999998,120,,0.032418950454999998,120,,0.033512128793000001,240,,0.099124804095999997,240,,0.099124804095999997,240,
secondary,current_ratio,0,166,43000295,208,787d509b649e553909508b26fa3aa2e551dc1f5609a7f540418ef9f0ec0ab6b2,0.18548145185500001,0.92740725927400003,False,,0.047338023537999999,120,,0.047338023537999999,120,,0.038249197801000001,240,,0.087052950039999993,240,,0.087052950039999993,240,
secondary,current_ratio,0,167,43000296,209,4d9ab0218cc15d2cc1289dc97907715c2c87cce6dcb7e33664ca2ec1fcd775b0,0.139286071393,0.69643035696400002,False,,-0.048791071159999998,120,,-0.048791071159999998,120,,-0.029973721416999999,240,,0.095843025568000006,240,,0.095843025568000006,240,
secondary,current_ratio,0,168,43000297,210,a89b20de5e679a496a2822ce9cd159c440b649a42d1c9068e0134b41a8f43a1a,0.081291870813000003,0.406459354065,False,,0.22302690923599999,120,,0.22302690923599999,120,,0.135312044465,240,,0.11151737459199999,240,,0.11151737459199999,240,
secondary,current_ratio,0,169,43000298,211,26954247ed564b35b152e26d260310ac3938f6ae4a39cee996ecb01b14ac6c10,0.13328667133300001,0.66643335666400005,False,,-0.011646613852,120,,-0.011646613852,120,,-0.052137371696000002,240,,0.094913105227,240,,0.094913105227,240,
secondary,current_ratio,0,170,43000299,212,40ba133a7fe374d1a7c7163122a311c66eef66f55d43311764cd2ac3ac8a02c8,0.13298670133000001,0.66493350664899997,False,,-0.055047207989999999,120,,-0.055047207989999999,120,,-0.049047869318000002,240,,0.096710510143,240,,0.096710510143,240,
secondary,current_ratio,0,171,43000300,213,e5d8a79376951ecd5e514d193eb138c5ab795aa4da238332581e461c1e823cac,0.143885611439,0.71942805719400005,False,,-0.052852828095999997,120,,-0.052852828095999997,120,,-0.055490445428000003,240,,0.095577364735999995,240,,0.095577364735999995,240,
secondary,current_ratio,0,172,43000301,214,95010db613c01998d8e537da5090217e4658ef367e26d8abda8ec5bf41cc1a32,0.21047895210500001,1,False,,0.062892052128999995,120,,0.062892052128999995,120,,0.026491647782999998,240,,0.082489430412000006,240,,0.082489430412000006,240,
secondary,current_ratio,0,173,43000302,215,ea2180ad5216b8d63557a69385dafa6b7f1f5eb19e48c783c81c04e73701d7ac,0.34516548345199999,1,False,,-0.12574227354199999,120,,-0.12574227354199999,120,,-0.12927750366400001,240,,0.060696778021999999,240,,0.060696778021999999,240,
secondary,current_ratio,0,174,43000303,216,972fb61db0d91c3912ad8dcdff4e2ed80b7ba8311bafe0411e3aeebea2ced131,0.18898110189,0.94490550944899998,False,,0.057390208662000002,120,,0.057390208662000002,120,,0.057506313342000001,240,,0.085169466892000001,240,,0.085169466892000001,240,
secondary,current_ratio,0,175,43000304,217,b1615e96c09ad764c65f220804cebc043827b34d5a4467e34ab59d42de42af77,0.120287971203,0.60143985601399996,False,,0.025630790838,120,,0.025630790838,120,,0.019754659098000001,240,,0.100633019462,240,,0.100633019462,240,
secondary,current_ratio,0,176,43000305,218,d16534e04914b62987c40cdaaaabe20a18d2c9626975a9eb7cda2a0a02255d35,0.13808619138100001,0.69043095690400003,False,,-0.16024596213100001,120,,-0.16024596213100001,120,,-0.079744745919000007,240,,0.096257748990999994,240,,0.096257748990999994,240,
secondary,current_ratio,0,177,43000306,219,e6a81979f087bd6f1ff036266a366bd73a7c6f1822499e913905118ad71b8627,0.16038396160400001,0.80191980801899998,False,,0.007622103941,120,,0.007622103941,120,,0.019044619629,240,,0.090560923501000007,240,,0.090560923501000007,240,
secondary,current_ratio,0,178,43000307,220,a3d563fc3da9067b5b2c78bce1722df4724858451e1514d403cb562b16915ca0,0.13918608139200001,0.69593040695899999,False,,0.089060383426999998,120,,0.089060383426999998,120,,0.012397265383000001,240,,0.096538437202999997,240,,0.096538437202999997,240,
secondary,current_ratio,0,179,43000308,221,f6fb62cafdcaed7cb35dae4b358fa1e3920d9ce6822a8f25733c9104d9f7ba6d,0.097090290970999998,0.48545145485500002,False,,0.023326639715999999,120,,0.023326639715999999,120,,0.029200575853999999,240,,0.108501236748,240,,0.108501236748,240,
secondary,current_ratio,0,180,43000309,222,6dba331a4bd5b4fd84925816ead682d4336aec1567c0b036ddf8f434220ae3ce,0.122187781222,0.61093890610900004,False,,-0.028897611984,120,,-0.028897611984,120,,-0.037323236811999998,240,,0.101453323695,240,,0.101453323695,240,
secondary,current_ratio,0,181,43000310,223,5ae653b7c0b4be0a136ca1084818c48f8dd1745f2213f28d4286c87c611875dd,0.10798920108,0.53994600539899995,False,,-0.037831273566000002,120,,-0.037831273566000002,120,,-0.013983405436000001,240,,0.10421917647499999,240,,0.10421917647499999,240,
secondary,current_ratio,0,182,43000311,224,49af2df40dd412c4c1dcb532186612b0f67beac2fe72d64c7eb916ed2e583c48,0.121087891211,0.60543945605399996,False,,0.036866279654000002,120,,0.036866279654000002,120,,0.048741053905999997,240,,0.101156341855,240,,0.101156341855,240,
secondary,current_ratio,0,183,43000312,225,c7e14c028fb7407d1edc2fdc76e6bb7004dce0e4f914308e44ad3833c2b3abe7,0.144485551445,0.72242775722399999,False,,0.080117751276999993,120,,0.080117751276999993,120,,0.031900350909000001,240,,0.093998955383000002,240,,0.093998955383000002,240,
secondary,current_ratio,0,184,43000313,226,d38e2e147fcd0a345ceb004171a384856759210653b5be71749926fc70314910,0.18558144185600001,0.92790720927899994,False,,0.073128948802999999,120,,0.073128948802999999,120,,0.085418025824000002,240,,0.087185505427000001,240,,0.087185505427000001,240,
secondary,current_ratio,0,185,43000314,227,ed93e6b67daf79324e18d82f1bee4c85cef38179f073fbd5ff3fda38dfc5bd4e,0.10158984101599999,0.50794920507899999,False,,0.16014316047900001,120,,0.16014316047900001,120,,0.12338153444699999,240,,0.106258853263,240,,0.106258853263,240,
secondary,current_ratio,0,186,43000315,228,f35b3fca4026aa50ae291e0ba822d665618b1cff69987306c021bec4cbfff333,0.116888311169,0.58444155584400004,False,,0.011677338026,120,,0.011677338026,120,,0.022893474273000002,240,,0.102391205025,240,,0.102391205025,240,
secondary,current_ratio,0,187,43000316,229,b21fc4359edfdfbf7d5128cad44d4d2a218896e010eb9728189575c863fb71c0,0.147485251475,0.73742625737400003,False,,-0.023035900878999999,120,,-0.023035900878999999,120,,-0.018757223699999999,240,,0.094288075878000005,240,,0.094288075878000005,240,
secondary,current_ratio,0,188,43000317,230,fcd569d10adb7f1ea8f5d4e3130032e16a83e79c48a12a7aa51eef1bd69048f0,0.16088391160900001,0.804419558044,False,,0.0024549087969999999,120,,0.0024549087969999999,120,,-0.024414166455999999,240,,0.090185881016999994,240,,0.090185881016999994,240,
secondary,current_ratio,0,189,43000318,231,04cb9ddaf18f38c4867dfd1a17bbe70c1d8f30134695c2d3b6ccce2f8e498011,0.076292370762999995,0.38146185381499997,False,,-0.093795430898999999,120,,-0.093795430898999999,120,,-0.063247359736,240,,0.11552630925,240,,0.11552630925,240,
secondary,current_ratio,0,190,43000319,232,58326435c61d4290aa454780b9b654be969089de5d4a0c95b1b08ae852339e15,0.13128687131299999,0.65643435656399995,False,,-0.073083074156000002,120,,-0.073083074156000002,120,,-0.031606359738000002,240,,0.099257614088999996,240,,0.099257614088999996,240,
secondary,current_ratio,0,191,43000320,233,31b64a1ccfb783dc6a6134fb578e25ef8e5aa8e92d8d3b6821147697afcc5569,0.17678232176799999,0.883911608839,False,,0.19191253230999999,120,,0.19191253230999999,120,,0.13318239638099999,240,,0.087060462997000002,240,,0.087060462997000002,240,
secondary,current_ratio,0,192,43000321,234,72022d165cf1ac3ccaa4447560e85a491f5ef29fcfc2826cb714518de1043858,0.18448155184500001,0.92240775922399998,False,,-0.056852653594999997,120,,-0.056852653594999997,120,,-0.034000847990999998,240,,0.086231977055999998,240,,0.086231977055999998,240,
secondary,current_ratio,0,193,43000322,235,6ff67d9b23ed4e69b5b643776d99c0d4f3b4be1f6012d1a3a6192e2444eee48c,0.14798520147999999,0.73992600739900005,False,,-0.041736786805000002,120,,-0.041736786805000002,120,,-0.010456051247,240,,0.093514640965000007,240,,0.093514640965000007,240,
secondary,current_ratio,0,194,43000323,236,935f88905c458fcc0dfbd9851d0d4541dd02990649160f06155afc264376ad17,0.187581241876,0.93790620937900004,False,,-0.073397220016999998,120,,-0.073397220016999998,120,,-0.024043214649,240,,0.085911745464999995,240,,0.085911745464999995,240,
secondary,current_ratio,0,195,43000324,237,9d84d197dae449efd40ad24064dcb9c9baaa7db262ff98fe46591467a226d025,0.145585441456,0.72792720727899995,False,,-0.064414625200999998,120,,-0.064414625200999998,120,,-0.020691090786,240,,0.094381856097999997,240,,0.094381856097999997,240,
secondary,current_ratio,0,196,43000325,238,b58e7f2d5c04ce0749bedef49c84693a0c6b6ec170cb2f7014141d99434e7c2f,0.146385361464,0.73192680731899995,False,,0.016863070067,120,,0.016863070067,120,,-0.0043543196799999996,240,,0.094881910971999994,240,,0.094881910971999994,240,
secondary,current_ratio,0,197,43000326,239,7ad86010a8132a03c8a5ee5778ec78238077e4716a9dd259dd32b351588637e2,0.15158484151599999,0.75792420757900003,False,,-0.034149167047000002,120,,-0.034149167047000002,120,,-0.014404458235999999,240,,0.093889617691000002,240,,0.093889617691000002,240,
secondary,current_ratio,0,198,43000327,240,e1d64a07f6690433b40b807ce2a2fd78fb34297dbf70ac496dc02aee8883feb2,0.13058694130599999,0.65293470652899999,False,,0.100428125736,120,,0.100428125736,120,,0.074512663707999999,240,,0.098429385866999994,240,,0.098429385866999994,240,
secondary,current_ratio,0,199,43000328,241,1f471319c4ea4b111a5447311289ae209c5afe049b204f969cb37b9f0b580634,0.049795020497999998,0.24897510248999999,False,,-0.10967296116,120,,-0.10967296116,120,,-0.025239337479999999,240,,0.127949929297,240,,0.127949929297,240,
secondary,current_ratio,0.10000000000000001,0,43010136,42,8b33c5a5f01f5b2bab81b1077f189470185663d0ff0a0075197cd63ef83f87c3,0.164183581642,0.82091790820900001,False,,0.13076266004699999,120,1.307626600466,0.13076266004699999,120,1.307626600466,0.070488993744,240,0.70488993744200001,0.090709506555,240,0.90709506555300001,0.090709506555,240,0.90709506555300001
secondary,current_ratio,0.10000000000000001,1,43010137,43,3355c8f12b2b13dfa7eee3f3544a8e78c0f0dc5aa325ecd3ac0eb54a91f26a35,0.088091190880999995,0.44045595440500002,False,,0.24959552384700001,120,2.4959552384700001,0.24959552384700001,120,2.4959552384700001,0.20024026993800001,240,2.0024026993800002,0.112259681741,240,1.122596817407,0.112259681741,240,1.122596817407
secondary,current_ratio,0.10000000000000001,2,43010138,44,7e4850afb547a97ff09f70ab158027f37c1262ec2943565dce965f5b9ae29b80,0.069893010699000002,0.34946505349500001,False,,0.24736278206500001,120,2.4736278206479998,0.24736278206500001,120,2.4736278206479998,0.15611295550000001,240,1.5611295549949999,0.117674748212,240,1.1767474821199999,0.117674748212,240,1.1767474821199999
secondary,current_ratio,0.10000000000000001,3,43010139,45,2a9acfa54dd9793784853a6880eb2c1c0ce0ed949974552dcd78bd3988375ddd,0.15998400160000001,0.79992000799899998,False,,0.039837879057000002,120,0.39837879056800002,0.039837879057000002,120,0.39837879056800002,0.019322015452000001,240,0.19322015452300001,0.092147181194999997,240,0.92147181194600003,0.092147181194999997,240,0.92147181194600003
secondary,current_ratio,0.10000000000000001,4,43010140,46,7c5e9093a053f3a61042366b623452518db3f31e3ea55cdae86a875c4d8ac989,0.17768223177699999,0.88841115888400002,False,,0.015991601588000001,120,0.159916015877,0.015991601588000001,120,0.159916015877,0.013994296098,240,0.13994296098,0.087865208292999999,240,0.87865208292999997,0.087865208292999999,240,0.87865208292999997
secondary,current_ratio,0.10000000000000001,5,43010141,47,fa0e0f09204ba491feaefb8dce4d77961f1aa5ce0615284ad633a3af82d6a6ab,0.14948505149499999,0.74742525747400002,False,,0.081086481712999994,120,0.810864817131,0.081086481712999994,120,0.810864817131,0.085676580700000005,240,0.856765807002,0.093381832437999995,240,0.93381832437800005,0.093381832437999995,240,0.93381832437800005
secondary,current_ratio,0.10000000000000001,6,43010142,48,0cb3af543d485be154a95b6e566386e31e25b84e5f25db9ce8a8680baed9cfa7,0.14818518148199999,0.740925907409,False,,0.021412810649999999,120,0.2141281065,0.021412810649999999,120,0.2141281065,0.01366092577,240,0.136609257703,0.094733713306,240,0.94733713306400003,0.094733713306,240,0.94733713306400003
secondary,current_ratio,0.10000000000000001,7,43010143,49,331dc271ffac2eaeed21980d5ae2a7106e4dc8a4f5433f312a1a4196c17f2611,0.079892010799000004,0.39946005399500001,False,,0.13989767160800001,120,1.3989767160840001,0.13989767160800001,120,1.3989767160840001,0.107560377065,240,1.0756037706479999,0.113869375285,240,1.1386937528479999,0.113869375285,240,1.1386937528479999
secondary,current_ratio,0.10000000000000001,8,43010144,50,e6ca0f91ae29e00eae560a9bda0cf2f9954433b1a6a22b16bbdd8b3f2dc044c5,0.047595240476,0.23797620238,False,,0.100230562897,120,1.0023056289650001,0.100230562897,120,1.0023056289650001,0.063683971366,240,0.63683971365699998,0.128903399237,240,1.28903399237,0.128903399237,240,1.28903399237
secondary,current_ratio,0.10000000000000001,9,43010145,51,cb4c71f24466a48b11fee469937f27fd83f17c897b78e473a5e3130678d8f2f7,0.18338166183400001,0.91690830916900001,False,,-0.039575386980000002,120,-0.39575386980499999,-0.039575386980000002,120,-0.39575386980499999,-0.036963855668999998,240,-0.36963855668500001,0.087201149170999998,240,0.87201149171000003,0.087201149170999998,240,0.87201149171000003
secondary,current_ratio,0.10000000000000001,10,43010146,52,8a781cdcc811bc6f46a134e0b9cd73598d3a8268de274afce8251430503f90a2,0.145085491451,0.72542745725400004,False,,0.086724318571999998,120,0.86724318571600001,0.086724318571999998,120,0.86724318571600001,0.029444248361999999,240,0.294442483624,0.094296089252999996,240,0.94296089252899995,0.094296089252999996,240,0.94296089252899995
secondary,current_ratio,0.10000000000000001,11,43010147,53,2b32e68d8f8a0eebe7cd9dae34a9267fbb4565f2ecedebfe260d212e9b08006c,0.165383461654,0.82691730826900001,False,,0.066791354274,120,0.66791354274400005,0.066791354274,120,0.66791354274400005,0.041189008936999998,240,0.41189008937400001,0.089216766234000003,240,0.89216766234400002,0.089216766234000003,240,0.89216766234400002
secondary,current_ratio,0.10000000000000001,12,43010148,54,bafdc32900e7ca872f8c27ecf59e11814d355713711d5f78c455c5a9b8c086c8,0.1899810019,0.94990500949900003,False,,-0.116946551829,120,-1.16946551829,-0.116946551829,120,-1.16946551829,-0.054908643738000001,240,-0.54908643737999996,0.085599091857000001,240,0.855990918569,0.085599091857000001,240,0.855990918569
secondary,current_ratio,0.10000000000000001,13,43010149,55,14019e6ec4d8141565cfdc9d79284d255c7ee2920437f18a1e40e3afe5dba4b6,0.10138986101399999,0.50694930506900004,False,,0.19648347250500001,120,1.9648347250480001,0.19648347250500001,120,1.9648347250480001,0.117795730195,240,1.177957301947,0.106946335231,240,1.0694633523079999,0.106946335231,240,1.0694633523079999
secondary,current_ratio,0.10000000000000001,14,43010150,56,4aec9e4b43cfa327152b437246653bf4f2c8b5acc8aefd7b31ed79ba5f6cb272,0.13178682131800001,0.65893410658899998,False,,0.029187566267999999,120,0.29187566267600001,0.029187566267999999,120,0.29187566267600001,-0.0035566113760000001,240,-0.035566113759999997,0.097718347523999993,240,0.97718347523500004,0.097718347523999993,240,0.97718347523500004
secondary,current_ratio,0.10000000000000001,15,43010151,57,8e3c19579afc826efec4c2e9e0d5620f19d9da717d110394bae0240ea3f896b3,0.10138986101399999,0.50694930506900004,False,,0.18562657838800001,120,1.8562657838759999,0.18562657838800001,120,1.8562657838759999,0.114481511257,240,1.144815112569,0.10636821934600001,240,1.063682193455,0.10636821934600001,240,1.063682193455
secondary,current_ratio,0.10000000000000001,16,43010152,58,53a8f58d7f6b7a0810c9bdae89f4e51aec26373016c71061f1b07147843bdf1a,0.111688831117,0.55844415558399996,False,,-0.028265674732999999,120,-0.28265674733000001,-0.028265674732999999,120,-0.28265674733000001,-0.0038339245329999999,240,-0.038339245328000003,0.10402406003299999,240,1.0402406003260001,0.10402406003299999,240,1.0402406003260001
secondary,current_ratio,0.10000000000000001,17,43010153,59,ab2d075d33c529b591c7ae20cde08b3e0a88cbb7ddcfce2a48eb3eae285613e3,0.141085891411,0.70542945705399995,False,,0.110609305601,120,1.106093056015,0.110609305601,120,1.106093056015,0.067987846135999994,240,0.67987846136300001,0.096936933305,240,0.96936933305200002,0.096936933305,240,0.96936933305200002
secondary,current_ratio,0.10000000000000001,18,43010154,60,d01b6802da8bef5f110659927c2a32fff55bf07d04a8aef81321b7eceb76ff44,0.10018998100199999,0.50094990500900005,False,,0.099322177142999998,120,0.99322177143199997,0.099322177142999998,120,0.99322177143199997,0.015610488436999999,240,0.15610488437100001,0.10682923766999999,240,1.068292376704,0.10682923766999999,240,1.068292376704
secondary,current_ratio,0.10000000000000001,19,43010155,61,ec314ff1c399907c57b9169825938f75d93a8cd086fbd65ee8ceb5231cde2db9,0.13508649135100001,0.67543245675399999,False,,0.24511939176200001,120,2.4511939176199999,0.24511939176200001,120,2.4511939176199999,0.17576401212100001,240,1.757640121209,0.096350740850999997,240,0.96350740851299999,0.096350740850999997,240,0.96350740851299999
secondary,current_ratio,0.10000000000000001,20,43010156,62,05b22de8dc09f1ba44104b3576989705102aaa28f95ada1f8216d2c0a2710ca5,0.10058994100599999,0.50294970502900005,False,,0.10134869961200001,120,1.013486996123,0.10134869961200001,120,1.013486996123,0.022194854914000001,240,0.22194854914500001,0.10596959301,240,1.059695930101,0.10596959301,240,1.059695930101
secondary,current_ratio,0.10000000000000001,21,43010157,63,534afce92bbe4b203c3938bb3c7c055c299e06fd6226e5fbb554b521d74a6509,0.061293870612999998,0.30646935306500001,False,,0.124337782584,120,1.243377825839,0.124337782584,120,1.243377825839,0.015387111266,240,0.153871112659,0.122902116134,240,1.2290211613349999,0.122902116134,240,1.2290211613349999
secondary,current_ratio,0.10000000000000001,22,43010158,64,8f673380eabbd1af436a2b3dfcd2c44f96667d636944f57a924bbf4839f333c2,0.116688331167,0.58344165583399998,False,,0.145908480837,120,1.459084808371,0.145908480837,120,1.459084808371,0.027548993005000001,240,0.27548993005099998,0.10039051185099999,240,1.0039051185079999,0.10039051185099999,240,1.0039051185079999
secondary,current_ratio,0.10000000000000001,23,43010159,65,29bbfe5cf9b29617eebf8046cce269a883f635efa535a58d4ff4966080e72294,0.032096790320999997,0.16048395160500001,False,,0.22373909014900001,120,2.2373909014939999,0.22373909014900001,120,2.2373909014939999,0.16615222482,240,1.661522248197,0.14092061677699999,240,1.4092061677750001,0.14092061677699999,240,1.4092061677750001
secondary,current_ratio,0.10000000000000001,24,43010160,66,4758441f04c5eef0a7a80c043ecdda5d6b947842418933b94beb342663d4311a,0.11598840116,0.57994200579900002,False,,0.095400358527999995,120,0.95400358527700002,0.095400358527999995,120,0.95400358527700002,0.041487406363000003,240,0.41487406362599999,0.10291444371,240,1.0291444370989999,0.10291444371,240,1.0291444370989999
secondary,current_ratio,0.10000000000000001,25,43010161,67,d7623a3fb5e6e6d0b2cadce2d5c942eddb572d8c21f0ce27468bb544c4c2fd4c,0.19648035196499999,0.98240175982400002,False,,-0.025405523260999999,120,-0.25405523260599999,-0.025405523260999999,120,-0.25405523260599999,-0.0094668603590000004,240,-0.094668603594000006,0.083825350470999996,240,0.83825350471299998,0.083825350470999996,240,0.83825350471299998
secondary,current_ratio,0.10000000000000001,26,43010162,68,54c443f03d121761832a97e8e38f1313c28860f25c2e77bd970c2ed0c70a1077,0.20057994200599999,1,False,,0.19849296524500001,120,1.984929652448,0.19849296524500001,120,1.984929652448,0.132390353973,240,1.323903539734,0.082122065738000002,240,0.82122065737700001,0.082122065738000002,240,0.82122065737700001
secondary,current_ratio,0.10000000000000001,27,43010163,69,851e8d5c4768b6c3d44e577c8bf79270696a9c961fe21a6fd0ef5d304fcd0d8e,0.169083091691,0.84541545845400001,False,,0.084370934923000004,120,0.84370934923499996,0.084370934923000004,120,0.84370934923499996,0.050219352267,240,0.50219352267100004,0.088919955108000007,240,0.88919955108199999,0.088919955108000007,240,0.88919955108199999
secondary,current_ratio,0.10000000000000001,28,43010164,70,fd158fa41c8b5ea460dfbc961c812bd0cf55a4114584984593eb4cf8d76c377a,0.18608139186100001,0.93040695930399997,False,,-0.088565956857,120,-0.88565956856500005,-0.088565956857,120,-0.88565956856500005,-0.039002478100000001,240,-0.39002478100100002,0.085950696475000005,240,0.85950696475300004,0.085950696475000005,240,0.85950696475300004
secondary,current_ratio,0.10000000000000001,29,43010165,71,4aacd0c325d811413df6bc3e05eb1ba6f1fe025ffc5c6006f7ff9bdcf4606fdf,0.13258674132600001,0.66293370662899997,False,,0.13585495457899999,120,1.3585495457900001,0.13585495457899999,120,1.3585495457900001,0.071919962840999996,240,0.71919962840899998,0.097882492444999997,240,0.97882492444699998,0.097882492444999997,240,0.97882492444699998
secondary,current_ratio,0.10000000000000001,30,43010166,72,5af833d0fb1c72295c95a8e2bb2fe6347a812b7a2ac7dad6ab42fa06bbde5608,0.20707929207100001,1,False,,0.13805683985100001,120,1.380568398509,0.13805683985100001,120,1.380568398509,0.10001361718,240,1.0001361717999999,0.080910692086999997,240,0.80910692087199998,0.080910692086999997,240,0.80910692087199998
secondary,current_ratio,0.10000000000000001,31,43010167,73,7bb3a0145d35965f09af059e12576c559bc3d2c90b8601d483dd66daadc219d8,0.071092890711000001,0.355464453555,False,,0.14175410796499999,120,1.417541079654,0.14175410796499999,120,1.417541079654,0.116271096331,240,1.1627109633129999,0.116869595181,240,1.1686959518119999,0.116869595181,240,1.1686959518119999
secondary,current_ratio,0.10000000000000001,32,43010168,74,3234e2de5a6955ee8904d514d9733eece9c281074dc24904571d385bf8a22c9f,0.169583041696,0.84791520847900004,False,,0.033633409748999997,120,0.33633409748699999,0.033633409748999997,120,0.33633409748699999,0.029394553069000001,240,0.29394553068599999,0.088435535184999997,240,0.88435535185199998,0.088435535184999997,240,0.88435535185199998
secondary,current_ratio,0.10000000000000001,33,43010169,75,e94b5d29b7761f35db331a25836332a6c746711474075d36c5d73aaa5bca97ca,0.192880711929,0.96440355964400004,False,,-0.0039520046389999999,120,-0.039520046392999997,-0.0039520046389999999,120,-0.039520046392999997,-0.0095023957049999996,240,-0.095023957049000005,0.083606611711999998,240,0.83606611712199996,0.083606611711999998,240,0.83606611712199996
secondary,current_ratio,0.10000000000000001,34,43010170,76,bf1e9624451dc0f2bbe93a78f5750d8917527372442ed864f298af90ca64b16e,0.145385461454,0.72692730726900001,False,,0.085938438201,120,0.85938438201400003,0.085938438201,120,0.85938438201400003,0.054221705108,240,0.54221705108100005,0.095421063575999998,240,0.95421063575499998,0.095421063575999998,240,0.95421063575499998
secondary,current_ratio,0.10000000000000001,35,43010171,77,00fc6398b5cd0d75d240d2919bbbe4f2ea00b799324f2eed9474853b00c998d7,0.191880811919,0.95940405959399999,False,,-0.114246369517,120,-1.1424636951680001,-0.114246369517,120,-1.1424636951680001,-0.077878670824999996,240,-0.77878670824899998,0.084700571286000004,240,0.84700571286100002,0.084700571286000004,240,0.84700571286100002
secondary,current_ratio,0.10000000000000001,36,43010172,78,e53f6c6058a7355caa8fca79d595062ebcaa7ce5aedebd052e8fc63a9afc0e70,0.12938706129399999,0.64693530646899999,False,,0.025007395001999999,120,0.250073950022,0.025007395001999999,120,0.250073950022,-0.0083158368480000001,240,-0.083158368479000003,0.097265092730999994,240,0.97265092731199998,0.097265092730999994,240,0.97265092731199998
secondary,current_ratio,0.10000000000000001,37,43010173,79,30926d43789b15a1ce9d92f0ac01a885d8c238d880793228748fac0c5e29866c,0.090790920908000006,0.45395460453999997,False,,0.14039174543300001,120,1.403917454333,0.14039174543300001,120,1.403917454333,0.077320313141000005,240,0.77320313141100006,0.109227960232,240,1.092279602319,0.109227960232,240,1.092279602319
secondary,current_ratio,0.10000000000000001,38,43010174,80,c40633b06f2415d2f1a1c47a1939424ad23eac5961fc5d41eee76d61b4e6bc78,0.108189181082,0.54094590540900001,False,,0.042849564910999997,120,0.42849564910499999,0.042849564910999997,120,0.42849564910499999,0.045991174861000003,240,0.45991174861200002,0.103562987673,240,1.0356298767280001,0.103562987673,240,1.0356298767280001
secondary,current_ratio,0.10000000000000001,39,43010175,81,4f86fb98eb2930313e79d86b207c83e4bac6207bb15b6d70a3aacb7529ab9df0,0.166483351665,0.83241675832399997,False,,0.075091959516000006,120,0.750919595163,0.075091959516000006,120,0.750919595163,0.035168164193999998,240,0.35168164194099999,0.089600361343999999,240,0.89600361343599999,0.089600361343999999,240,0.89600361343599999
secondary,current_ratio,0.10000000000000001,40,43010176,82,37813319336e197334737cf75c363cff925bd2359bd18ad43d591f2d874017b3,0.1099890011,0.54994500549900005,False,,0.032528356188999998,120,0.32528356188899998,0.032528356188999998,120,0.32528356188899998,0.045558129824000003,240,0.455581298237,0.103758423562,240,1.0375842356189999,0.103758423562,240,1.0375842356189999
secondary,current_ratio,0.10000000000000001,41,43010177,83,9dff2a5af22440cccc0306e16fe5701be17675c79ec321078670b473409238bb,0.034396560344000002,0.17198280171999999,False,,0.31219612862899998,120,3.1219612862880002,0.31219612862899998,120,3.1219612862880002,0.22767627305400001,240,2.276762730542,0.138498229587,240,1.3849822958689999,0.138498229587,240,1.3849822958689999
secondary,current_ratio,0.10000000000000001,42,43010178,84,f688ac4b121d135154b91b33405287aff857561b74aefb33f248b2b67e83997e,0.084491550844999999,0.42245775422499998,False,,0.19023240730499999,120,1.902324073046,0.19023240730499999,120,1.902324073046,0.14544243619200001,240,1.454424361918,0.111649886019,240,1.116498860194,0.111649886019,240,1.116498860194
secondary,current_ratio,0.10000000000000001,43,43010179,85,7ce6f45d9a1f9fade794adea484e4f2e8e28fe7b9ea1559a14f7765bf6fb11f3,0.089091090890999994,0.44545545445500001,False,,0.073230442500999998,120,0.73230442500799997,0.073230442500999998,120,0.73230442500799997,0.076903619950000002,240,0.76903619949900004,0.1106187661,240,1.106187661004,0.1106187661,240,1.106187661004
secondary,current_ratio,0.10000000000000001,44,43010180,86,80457a1978734ca732d5f000493b939ee88b4841490272b7d729952a62156933,0.122287771223,0.61143885611399995,False,,-0.018278446694999999,120,-0.18278446695,-0.018278446694999999,120,-0.18278446695,-0.036279384019000001,240,-0.36279384018799998,0.100523360309,240,1.0052336030910001,0.100523360309,240,1.0052336030910001
secondary,current_ratio,0.10000000000000001,45,43010181,87,68bee15e3e37122512af9e48bd5d312e2fbd452489422ad74862383a73f6a7ab,0.15708429157100001,0.78542145785399997,False,,0.052618940370999998,120,0.52618940371300005,0.052618940370999998,120,0.52618940371300005,0.014335997376,240,0.14335997376000001,0.092279903816,240,0.92279903815599995,0.092279903816,240,0.92279903815599995
secondary,current_ratio,0.10000000000000001,46,43010182,88,d605206aa4d4f6f1a2966ed7a45c87861e20ea6c8f5d79da19bc82b448338116,0.063893610638999995,0.31946805319499999,False,,0.24474421596199999,120,2.447442159615,0.24474421596199999,120,2.447442159615,0.156387203945,240,1.5638720394479999,0.119534575706,240,1.1953457570629999,0.119534575706,240,1.1953457570629999
secondary,current_ratio,0.10000000000000001,47,43010183,89,8aab27b4becfd6bd20316d5f35247a3c2f3d8c08333433c551a01eecdf0c315d,0.17098290171,0.85491450854899997,False,,0.134444305687,120,1.3444430568720001,0.134444305687,120,1.3444430568720001,0.072225431662000003,240,0.72225431661700001,0.089076453725000004,240,0.890764537252,0.089076453725000004,240,0.890764537252
secondary,current_ratio,0.10000000000000001,48,43010184,90,188d9bf060b1455d4d6df21927c005068df4a8f18c8a5e7cdd1f351cf39ac78b,0.22547745225499999,1,False,,0.13469947335400001,120,1.346994733539,0.13469947335400001,120,1.346994733539,0.088314889211000003,240,0.88314889210900005,0.078317000900999995,240,0.78317000901,0.078317000900999995,240,0.78317000901
secondary,current_ratio,0.10000000000000001,49,43010185,91,e836af5a9ad823cd08eeb8f6feedbac0fbbd12292601b41b3a957971ae5b31ff,0.15918408159200001,0.79592040795899999,False,,0.13284050146000001,120,1.3284050145969999,0.13284050146000001,120,1.3284050145969999,0.139003900928,240,1.390039009276,0.091858016555999997,240,0.91858016555900002,0.091858016555999997,240,0.91858016555900002
secondary,current_ratio,0.10000000000000001,50,43010186,92,5370cc2b7e417d7df33345a4e7c3a6ae04827608a648288b0f3fb70ecd92b5e9,0.18478152184800001,0.92390760923899995,False,,0.019787879658,120,0.19787879658499999,0.019787879658,120,0.19787879658499999,-0.002264428266,240,-0.022644282663999999,0.086857256615000003,240,0.86857256614599998,0.086857256615000003,240,0.86857256614599998
secondary,current_ratio,0.10000000000000001,51,43010187,93,5dc20b706c3ebdf582b0bc7b792160020b9dc4b4db379083c03a7afeb8c59dc0,0.116488351165,0.58244175582400004,False,,0.084888333110000005,120,0.84888333110299996,0.084888333110000005,120,0.84888333110299996,0.074255658284000006,240,0.74255658284399995,0.10127355572799999,240,1.012735557281,0.10127355572799999,240,1.012735557281
secondary,current_ratio,0.10000000000000001,52,43010188,94,415df8aa30b706d2c8a7dc56682112903ddfcb15fbec67d97a3a282575c1490a,0.0041995800420000003,0.02099790021,True,,0.27885852334099998,120,2.7885852334100001,0.27885852334099998,120,2.7885852334100001,0.221342615726,240,2.2134261572649998,0.18577209254800001,240,1.8577209254830001,0.18577209254800001,240,1.8577209254830001
secondary,current_ratio,0.10000000000000001,53,43010189,95,d36c1932dd9e466223a6613392c6e0f46c45fc0ed6027c021ec8dbb7efb91ec1,0.213578642136,1,False,,0.02732493917,120,0.27324939170500001,0.02732493917,120,0.27324939170500001,-0.033244615834999998,240,-0.33244615835199998,0.080207463251000005,240,0.80207463251300004,0.080207463251000005,240,0.80207463251300004
secondary,current_ratio,0.10000000000000001,54,43010190,96,35f4278fa6758301bb8b9ee191afad98eec7b6f7706bf04ba587eb31a18d76a8,0.18348165183500001,0.91740825917400004,False,,0.149319869843,120,1.493198698427,0.149319869843,120,1.493198698427,0.10666252019399999,240,1.06662520194,0.086279054640000005,240,0.86279054639800001,0.086279054640000005,240,0.86279054639800001
secondary,current_ratio,0.10000000000000001,55,43010191,97,447ec9fe73d7b95c5b90f06be24cae42659d1b0d689950535a5bdaa3b718c3e1,0.059494050595,0.29747025297500002,False,,0.19060740372500001,120,1.9060740372489999,0.19060740372500001,120,1.9060740372489999,0.114709306885,240,1.147093068852,0.121964636677,240,1.2196463667649999,0.121964636677,240,1.2196463667649999
secondary,current_ratio,0.10000000000000001,56,43010192,98,b249eee3a5918a5267da82a019b9d627871b87d5eedc9f0aa6f242615a5851ad,0.17678232176799999,0.883911608839,False,,0.0080748480579999997,120,0.080748480578000006,0.0080748480579999997,120,0.080748480578000006,0.016980009564,240,0.169800095643,0.087411916133999998,240,0.87411916134199996,0.087411916133999998,240,0.87411916134199996
secondary,current_ratio,0.10000000000000001,57,43010193,99,c484c0a99e5e5cca02eed273885b7baf4f678124aef6e216eb06c6e0ebc24bb9,0.145785421458,0.72892710728900001,False,,0.035687933986000002,120,0.35687933986199999,0.035687933986000002,120,0.35687933986199999,0.039510653581999997,240,0.39510653581999999,0.093748989032000005,240,0.93748989032300001,0.093748989032000005,240,0.93748989032300001
secondary,current_ratio,0.10000000000000001,58,43010194,100,a81398d42b9ada118c8ab9c1b6f355ecb782ed0681908ead096eeb975c7d9e84,0.104689531047,0.52344765523400005,False,,-0.058360047269000001,120,-0.58360047269500004,-0.058360047269000001,120,-0.58360047269500004,-0.031346838874999998,240,-0.31346838874799998,0.105813541875,240,1.058135418754,0.105813541875,240,1.058135418754
secondary,current_ratio,0.10000000000000001,59,43010195,101,8874a9c5bd1a53931c6bc47d2335f709f1cf32051e7e841fda253cc33ad30cd9,0.12908709129099999,0.64543545645400002,False,,-0.034247892419000003,120,-0.34247892419100001,-0.034247892419000003,120,-0.34247892419100001,-0.039674326572999997,240,-0.39674326573399998,0.098523129454000005,240,0.98523129453699998,0.098523129454000005,240,0.98523129453699998
secondary,current_ratio,0.10000000000000001,60,43010196,102,df76c4ed614514100f0d2eebd4ba52f82cc9bdba4247c6c3724242307951e461,0.038096190380999997,0.190480951905,False,,0.27425687541400001,120,2.7425687541400001,0.27425687541400001,120,2.7425687541400001,0.161522541686,240,1.615225416858,0.13410708934099999,240,1.341070893413,0.13410708934099999,240,1.341070893413
secondary,current_ratio,0.10000000000000001,61,43010197,103,def4641cb33b3165cd1274a1a7e8e31d801c83c68d54605b4e58c9f83e66bc9a,0.109089091091,0.54544545545400003,False,,0.155021246,120,1.5502124600010001,0.155021246,120,1.5502124600010001,0.086756374844999998,240,0.86756374845299999,0.10305510021100001,240,1.030551002108,0.10305510021100001,240,1.030551002108
secondary,current_ratio,0.10000000000000001,62,43010198,104,8128239c8cbe62d7e57abdebde439b0ed2144b89d2f1107d2d158ce412bc2aa7,0.121487851215,0.60743925607399996,False,,0.099019130235000002,120,0.99019130234700004,0.099019130235000002,120,0.99019130234700004,0.037692558650999998,240,0.37692558650500002,0.099875078278000004,240,0.99875078277999996,0.099875078278000004,240,0.99875078277999996
secondary,current_ratio,0.10000000000000001,63,43010199,105,7d9c2d7bdfedc4752db637a9a76d1a86593d3ffb2e7bff621f90091e6a9f1759,0.22957704229600001,1,False,,0.050218075583000003,120,0.50218075583400001,0.050218075583000003,120,0.50218075583400001,0.022424058127000001,240,0.22424058126999999,0.077652964308999997,240,0.77652964308799999,0.077652964308999997,240,0.77652964308799999
secondary,current_ratio,0.10000000000000001,64,43010200,106,9e6f2a68d6d6105fd31df5fc708b3eaa0b95a1ddb855d2754e49df2242c085ee,0.16078392160800001,0.80391960803899998,False,,-0.019272853799000001,120,-0.19272853798699999,-0.019272853799000001,120,-0.19272853798699999,-0.032245927773999997,240,-0.32245927773799998,0.089849724884000004,240,0.89849724884399995,0.089849724884000004,240,0.89849724884399995
secondary,current_ratio,0.10000000000000001,65,43010201,107,98ca0c8162624a80358c5eeaf989dd81a06e73d922c7242498e531fafbf8953e,0.108389161084,0.54194580541899995,False,,0.123869847533,120,1.238698475334,0.123869847533,120,1.238698475334,0.068210937811999994,240,0.68210937811799999,0.102508131322,240,1.0250813132250001,0.102508131322,240,1.0250813132250001
secondary,current_ratio,0.10000000000000001,66,43010202,108,95f93135d25a5422548144520254ea2313b4f57f3c06e6178d22f54ddded961f,0.094290570943000002,0.47145285471499998,False,,0.21373885528200001,120,2.1373885528200001,0.21373885528200001,120,2.1373885528200001,0.14862536325600001,240,1.486253632563,0.108415285818,240,1.084152858181,0.108415285818,240,1.084152858181
secondary,current_ratio,0.10000000000000001,67,43010203,109,d35735f869a5b4fd1d8dd64f75b8730e28eb1363d02ef7849070c43063e39e72,0.16218378162200001,0.81091890810900003,False,,0.040050265458999999,120,0.40050265459399997,0.040050265458999999,120,0.40050265459399997,0.022437964727,240,0.224379647274,0.090779749815000005,240,0.90779749815199995,0.090779749815000005,240,0.90779749815199995
secondary,current_ratio,0.10000000000000001,68,43010204,110,4b7f652eeabf0a48def332d026ecf69316baed6a2ec75b7e98b7eb3182e0c4c7,0.108189181082,0.54094590540900001,False,,0.035089782131000002,120,0.350897821311,0.035089782131000002,120,0.350897821311,0.032442660726000001,240,0.32442660725599998,0.104742934444,240,1.04742934444,0.104742934444,240,1.04742934444
secondary,current_ratio,0.10000000000000001,69,43010205,111,dfd8db0371c797f6d58b8114d2b21b70db2d6ab7d7e1e526be1a82423b17f4fd,0.069493050695000003,0.34746525347500001,False,,0.078941067542999996,120,0.78941067543400001,0.078941067542999996,120,0.78941067543400001,0.066304984590999996,240,0.663049845907,0.117268668083,240,1.17268668083,0.117268668083,240,1.17268668083
secondary,current_ratio,0.10000000000000001,70,43010206,112,8d26764139984c740170b233086ffb760d3d8ac3654d6b876d4aacc655f1ab39,0.20697930207000001,1,False,,0.072721636106000007,120,0.72721636106499998,0.072721636106000007,120,0.72721636106499998,0.052929900866000003,240,0.52929900866099999,0.082965915722999994,240,0.82965915722799999,0.082965915722999994,240,0.82965915722799999
secondary,current_ratio,0.10000000000000001,71,43010207,113,c9fa5ab154752e83f7427d6c532a67a54891bc27c50131c5623431463c06dff0,0.362863713629,1,False,,-0.075767774033000002,120,-0.75767774033400004,-0.075767774033000002,120,-0.75767774033400004,-0.037918707553000003,240,-0.37918707552699998,0.057399231194999997,240,0.57399231194800004,0.057399231194999997,240,0.57399231194800004
secondary,current_ratio,0.10000000000000001,72,43010208,114,ae5bf318e015f3eb14d92273a488786e7e752b9afb8a67d0fd41ee99c6ba0ffa,0.191580841916,0.95790420957900002,False,,0.131029501351,120,1.310295013507,0.131029501351,120,1.310295013507,0.116603077698,240,1.16603077698,0.084825566276000006,240,0.84825566275700004,0.084825566276000006,240,0.84825566275700004
secondary,current_ratio,0.10000000000000001,73,43010209,115,954ba4f5afe900eaaf9ccf93362876684f5bf6de675e6693a5bdf404a65a748d,0.166283371663,0.83141685831400003,False,,0.058083778864999998,120,0.58083778865299995,0.058083778864999998,120,0.58083778865299995,0.066830292151999995,240,0.66830292152199999,0.089928016321999996,240,0.89928016321799997,0.089928016321999996,240,0.89928016321799997
secondary,current_ratio,0.10000000000000001,74,43010210,116,d6d5032c3e412e6f41da07e2515686a22250aad6d422bdd379f19adebe0ba1e3,0.081091890811000003,0.405459454055,False,,0.24085996767699999,120,2.408599676773,0.24085996767699999,120,2.408599676773,0.15444591643899999,240,1.5444591643929999,0.113572400405,240,1.135724004054,0.113572400405,240,1.135724004054
secondary,current_ratio,0.10000000000000001,75,43010211,117,48f7fe92e56c211ff7c21572701adc51fef62933487bf490c36ea84b244c82b6,0.141785821418,0.70892910708900003,False,,0.115982561049,120,1.159825610488,0.115982561049,120,1.159825610488,0.074786755238000005,240,0.747867552376,0.095163121215999999,240,0.95163121216299995,0.095163121215999999,240,0.95163121216299995
secondary,current_ratio,0.10000000000000001,76,43010212,118,9f9b581ca96c384d20e1adeeea09a8b14aa4af65fcf292e47006c22f9cb66da5,0.13108689131099999,0.65543445655400001,False,,0.019445041082999999,120,0.19445041082699999,0.019445041082999999,120,0.19445041082699999,0.039669541911999999,240,0.39669541911599998,0.098218485007999998,240,0.982184850075,0.098218485007999998,240,0.982184850075
secondary,current_ratio,0.10000000000000001,77,43010213,119,9249992dfcd408a06e3009773a9b61f28e505bcd1a2d3eaeca4aa1e2110da653,0.091790820918000005,0.45895410459000002,False,,0.112515964807,120,1.1251596480699999,0.112515964807,120,1.1251596480699999,0.054528304159,240,0.54528304158700003,0.108376301105,240,1.0837630110509999,0.108376301105,240,1.0837630110509999
secondary,current_ratio,0.10000000000000001,78,43010214,120,3e5384011ea7180d2348047712ce876053422be3a46044911d0760357ef87707,0.1199880012,0.59994000599899999,False,,0.207693078861,120,2.076930788611,0.207693078861,120,2.076930788611,0.153759772593,240,1.5375977259310001,0.101086166002,240,1.010861660015,0.101086166002,240,1.010861660015
secondary,current_ratio,0.10000000000000001,79,43010215,121,1f6ec64fd9adaa7124d67521486b46aaa6ad590284ebfdbeea43e007c0a08e41,0.106289371063,0.53144685531400004,False,,0.082728220658000007,120,0.82728220657600005,0.082728220658000007,120,0.82728220657600005,0.044183360614000002,240,0.44183360614299999,0.104641421097,240,1.046414210974,0.104641421097,240,1.046414210974
secondary,current_ratio,0.10000000000000001,80,43010216,122,358c06a5cad2fea1440121280169f7a71dc4d9f45689a20f053687e5dd15f931,0.089591040895999993,0.44795520447999998,False,,0.27001533843499997,120,2.7001533843500001,0.27001533843499997,120,2.7001533843500001,0.170884669071,240,1.708846690706,0.11084557923,240,1.1084557923,0.11084557923,240,1.1084557923
secondary,current_ratio,0.10000000000000001,81,43010217,123,e0d6b74fcf594dc1cc85e56c829574f776c530316bff857a344b74b026b10cd3,0.13208679132100001,0.66043395660399995,False,,0.043628927912000001,120,0.436289279117,0.043628927912000001,120,0.436289279117,0.031792073663999998,240,0.317920736644,0.098914003247000004,240,0.989140032467,0.098914003247000004,240,0.989140032467
secondary,current_ratio,0.10000000000000001,82,43010218,124,bab1ba97be585ca05a62367c5900335400c493ce12fe8641cfa62b810c860dac,0.141285871413,0.70642935706400001,False,,-0.032795697856999997,120,-0.32795697856900002,-0.032795697856999997,120,-0.32795697856900002,-0.0026767388,240,-0.026767388004000001,0.096366512629999998,240,0.96366512630400003,0.096366512629999998,240,0.96366512630400003
secondary,current_ratio,0.10000000000000001,83,43010219,125,7d376f705b8c02f21e3c48ca7a48c8f83d4b9c3166ea7be240ea535f410e9c9d,0.067693230677000005,0.33846615338500002,False,,0.23617307208499999,120,2.3617307208540002,0.23617307208499999,120,2.3617307208540002,0.15219079235899999,240,1.521907923591,0.11647911373600001,240,1.1647911373640001,0.11647911373600001,240,1.1647911373640001
secondary,current_ratio,0.10000000000000001,84,43010220,126,9532d0f0d138e6390e3736a40a7663fb7fe45bbd5a3fd6ee145c2371b78bb2e9,0.145285471453,0.72642735726399998,False,,0.110991614517,120,1.1099161451699999,0.110991614517,120,1.1099161451699999,0.083225257901999999,240,0.83225257902100003,0.095717975627999996,240,0.95717975627899998,0.095717975627999996,240,0.95717975627899998
secondary,current_ratio,0.10000000000000001,85,43010221,127,c8ef7192d0a71f5d7dc3fcafc8de21cb23aeb97640496d61a3113144aae703c0,0.121687831217,0.60843915608400001,False,,0.120049731274,120,1.2004973127409999,0.120049731274,120,1.2004973127409999,0.106048709608,240,1.060487096084,0.099703146928000003,240,0.99703146928099995,0.099703146928000003,240,0.99703146928099995
secondary,current_ratio,0.10000000000000001,86,43010222,128,f0953b7cb0fbcb9251d31487205f47bd2d84b20cf8b531d8f031325d6439085b,0.13418658134200001,0.67093290670899997,False,,0.167148128333,120,1.671481283331,0.167148128333,120,1.671481283331,0.11706929927900001,240,1.1706929927880001,0.098062135672999998,240,0.98062135673499995,0.098062135672999998,240,0.98062135673499995
secondary,current_ratio,0.10000000000000001,87,43010223,129,4b555e92f92f5b71d8263fea621bfb0d4a18ef1a555511cccf11d0c5fd2ce18a,0.145385461454,0.72692730726900001,False,,0.175214652985,120,1.752146529849,0.175214652985,120,1.752146529849,0.14416942076700001,240,1.441694207669,0.095116333223000005,240,0.95116333223100002,0.095116333223000005,240,0.95116333223100002
secondary,current_ratio,0.10000000000000001,88,43010224,130,0831f578d3182b09b3dcfc527c3676ca86b760580fddacdc4a938b7e2458b341,0.073692630736999998,0.36846315368499999,False,,0.030927566462000001,120,0.30927566462099998,0.030927566462000001,120,0.30927566462099998,0.024698301408999999,240,0.24698301409199999,0.11411928595199999,240,1.1411928595180001,0.11411928595199999,240,1.1411928595180001
secondary,current_ratio,0.10000000000000001,89,43010225,131,eb1143ee0e1cb8eacb7a2d065770537a41da160a4e5843402fef4eb4047fd078,0.17648235176499999,0.88241175882400003,False,,0.028678165980999999,120,0.28678165981199999,0.028678165980999999,120,0.28678165981199999,0.021876214783999998,240,0.21876214784199999,0.087560143839999993,240,0.87560143840000004,0.087560143839999993,240,0.87560143840000004
secondary,current_ratio,0.10000000000000001,90,43010226,132,1be5eb472d11b2a5de06da960e572df9c6d47308616e213bffb621ab84a04994,0.142485751425,0.712428757124,False,,0.012862584222,120,0.12862584222199999,0.012862584222,120,0.12862584222199999,-0.00062453868899999996,240,-0.0062453868929999998,0.096022756717999994,240,0.96022756718199997,0.096022756717999994,240,0.96022756718199997
secondary,current_ratio,0.10000000000000001,91,43010227,133,ef8419c4b8a2d33e60db706267eb8aa504bfc83a8bf1cbea66a91765dbc41044,0.108389161084,0.54194580541899995,False,,0.167559776997,120,1.6755977699719999,0.167559776997,120,1.6755977699719999,0.115591681993,240,1.1559168199280001,0.10243781625999999,240,1.0243781626020001,0.10243781625999999,240,1.0243781626020001
secondary,current_ratio,0.10000000000000001,92,43010228,134,c08144e564cc4428eccda5bf7ff10aa5eaf1bf0fc6fe9244505263e8226aa6d0,0.144485551445,0.72242775722399999,False,,0.01854031687,120,0.185403168703,0.01854031687,120,0.185403168703,-0.0050905478000000002,240,-0.050905478001000003,0.094319344498999994,240,0.94319344498900004,0.094319344498999994,240,0.94319344498900004
secondary,current_ratio,0.10000000000000001,93,43010229,135,8bdfff950799cb146d242101c49173b36f161047593472f58371ebbf712d50b6,0.106089391061,0.53044695530399999,False,,0.14450563342100001,120,1.4450563342139999,0.14450563342100001,120,1.4450563342139999,0.10299195682700001,240,1.0299195682710001,0.104492585453,240,1.0449258545319999,0.104492585453,240,1.0449258545319999
secondary,current_ratio,0.10000000000000001,94,43010230,136,43d9c558131cb9a4930478f7aa702a885eb29116e942876b5b8a7faf59501ced,0.095490450955,0.47745225477499997,False,,0.140517151989,120,1.4051715198870001,0.140517151989,120,1.4051715198870001,0.087399823953,240,0.87399823952699995,0.108532684325,240,1.0853268432550001,0.108532684325,240,1.0853268432550001
secondary,current_ratio,0.10000000000000001,95,43010231,137,33c7d350955655ba6ea7a3179ccfa44dff7a3a992cbfb068fef555bb4fe3964c,0.049995000499999998,0.24997500249999999,False,,0.105162896322,120,1.05162896322,0.105162896322,120,1.05162896322,0.066806790130000002,240,0.66806790130100002,0.12823847537300001,240,1.2823847537349999,0.12823847537300001,240,1.2823847537349999
secondary,current_ratio,0.10000000000000001,96,43010232,138,e7549243f27a969edbcbcac877ebe5b5c4fcaa363050e1eca3ba6c85b19b4e78,0.139586041396,0.69793020697899999,False,,0.179357181398,120,1.793571813984,0.179357181398,120,1.793571813984,0.10216552494,240,1.021655249398,0.096421235418999995,240,0.964212354193,0.096421235418999995,240,0.964212354193
secondary,current_ratio,0.10000000000000001,97,43010233,139,4f5465698a0473faf8676f3d242a2e806329232cca2e0a06c3fd2b23c15d27ed,0.055694430556999998,0.27847215278499998,False,,0.065511255333999999,120,0.65511255333700003,0.065511255333999999,120,0.65511255333700003,0.041584829338999998,240,0.415848293393,0.12613710740100001,240,1.2613710740090001,0.12613710740100001,240,1.2613710740090001
secondary,current_ratio,0.10000000000000001,98,43010234,140,fe0169e94d30126493a2e43daa53595c647f6bcb8248c730e5aa1b3267351586,0.10168983101700001,0.50844915508400002,False,,0.15842280082099999,120,1.5842280082119999,0.15842280082099999,120,1.5842280082119999,0.133913799301,240,1.339137993005,0.10515706073599999,240,1.051570607355,0.10515706073599999,240,1.051570607355
secondary,current_ratio,0.10000000000000001,99,43010235,141,d53f97c8f678add81cdbaa64ae017c9d07f68f06b169fcc6ad1945840c75a2d7,0.071892810719,0.359464053595,False,,0.093843573784999995,120,0.93843573784599998,0.093843573784999995,120,0.93843573784599998,0.042697428309000002,240,0.42697428308599999,0.117620104186,240,1.176201041858,0.117620104186,240,1.176201041858
secondary,current_ratio,0.10000000000000001,100,43010236,142,c5fed9c50addfb0a8228b8481db7ccc97ecdbe498b13c7dd152338acba328a1d,0.15218478152199999,0.76092390760899997,False,,0.040900992673999999,120,0.409009926739,0.040900992673999999,120,0.409009926739,-0.0015835107340000001,240,-0.015835107343000001,0.093342629937000002,240,0.93342629936699995,0.093342629937000002,240,0.93342629936699995
secondary,current_ratio,0.10000000000000001,101,43010237,143,75f4b48cb0a8a99fb6fbcccb878886d010906b51853f58fa3ef518a990177883,0.12938706129399999,0.64693530646899999,False,,0.0085341866539999992,120,0.085341866540999997,0.0085341866539999992,120,0.085341866540999997,0.017378157772,240,0.17378157771899999,0.098585668710999996,240,0.98585668711100005,0.098585668710999996,240,0.98585668711100005
secondary,current_ratio,0.10000000000000001,102,43010238,144,52148b0cc0bf3d2ad0370c9a6213f36b0464cb471664ddd85f47e23b9cbc6357,0.123687631237,0.618438156184,False,,-0.0048478844189999998,120,-0.048478844186,-0.0048478844189999998,120,-0.048478844186,-0.007727459069,240,-0.077274590687999994,0.097796513673000005,240,0.97796513673200003,0.097796513673000005,240,0.97796513673200003
secondary,current_ratio,0.10000000000000001,103,43010239,145,6cadaf8233302f7e0944f4f73b86f527bf5de9caf8320276a3e96f19ea80c996,0.15108489151099999,0.75542445755400001,False,,0.122382565232,120,1.223825652321,0.122382565232,120,1.223825652321,0.086392309085999999,240,0.86392309086300001,0.093694424134999996,240,0.93694424135099996,0.093694424134999996,240,0.93694424135099996
secondary,current_ratio,0.10000000000000001,104,43010240,146,a51dea6063474c99933bc2856ef4dc80b3815f57aeb8812b4d3fcb6de6f55046,0.15998400160000001,0.79992000799899998,False,,-0.039455062665999997,120,-0.394550626658,-0.039455062665999997,120,-0.394550626658,-0.041818650764000001,240,-0.41818650763699999,0.091076645748999999,240,0.91076645748700003,0.091076645748999999,240,0.91076645748700003
secondary,current_ratio,0.10000000000000001,105,43010241,147,067f1e10f82f5de86b103c9f4caeac192c685d15aa5f8595597a4006698ee929,0.10798920108,0.53994600539899995,False,,0.070404031042999998,120,0.70404031043500004,0.070404031042999998,120,0.70404031043500004,0.041564623803000002,240,0.41564623802799999,0.105719739125,240,1.0571973912549999,0.105719739125,240,1.0571973912549999
secondary,current_ratio,0.10000000000000001,106,43010242,148,333e211777ae62d4fde09bf3e85af90ddaf4b5dc4ae4f42cf02e1eedc5b711e6,0.094790520948000001,0.47395260474000001,False,,0.055939560037,120,0.559395600371,0.055939560037,120,0.559395600371,0.052595849476000003,240,0.52595849475900003,0.108907311565,240,1.0890731156510001,0.108907311565,240,1.0890731156510001
secondary,current_ratio,0.10000000000000001,107,43010243,149,9a4f29c0bb38342cb0fe7061283f072ace40f527af687a643d03973248e32fb5,0.088291170882999995,0.44145585441500002,False,,0.19924987935899999,120,1.992498793585,0.19924987935899999,120,1.992498793585,0.152579842194,240,1.5257984219389999,0.110915394973,240,1.109153949732,0.110915394973,240,1.109153949732
secondary,current_ratio,0.10000000000000001,108,43010244,150,3bc4f55d069e973e7071603afff84a5cb87d3e49265929f58608cb18813cdf6c,0.042395760423999999,0.21197880212,False,,0.22000412833999999,120,2.2000412833960001,0.22000412833999999,120,2.2000412833960001,0.13936160100600001,240,1.3936160100620001,0.133599212686,240,1.335992126863,0.133599212686,240,1.335992126863
secondary,current_ratio,0.10000000000000001,109,43010245,151,74af77620137bd4dca7c7acd34d2c6e240ee54fde6feceaf1db1ec9fd4d074c5,0.104789521048,0.52394760523899997,False,,0.092738172453000006,120,0.92738172453400003,0.092738172453000006,120,0.92738172453400003,0.074007892207999998,240,0.74007892207899995,0.105415295982,240,1.0541529598220001,0.105415295982,240,1.0541529598220001
secondary,current_ratio,0.10000000000000001,110,43010246,152,a8502d4761388106a0349cc78a8b3db216283c83a26600c7f1efb7c0a5124522,0.086791320867999996,0.43395660434,False,,0.29466856783099998,120,2.9466856783059998,0.29466856783099998,120,2.9466856783059998,0.20093109478999999,240,2.0093109479020002,0.11052501170700001,240,1.1052501170710001,0.11052501170700001,240,1.1052501170710001
secondary,current_ratio,0.10000000000000001,111,43010247,153,55910ee8145c418ea4aba596bce4607d5c4a5deb117050408bf9645f8eb11a37,0.094390560944000002,0.47195280472000001,False,,0.19714077974899999,120,1.971407797493,0.19714077974899999,120,1.971407797493,0.096965617473999996,240,0.96965617473700005,0.109978087695,240,1.0997808769520001,0.109978087695,240,1.0997808769520001
secondary,current_ratio,0.10000000000000001,112,43010248,154,1c5ef8be86460a8b814ae789320839fc49f338914e991f087b94cfe0ae599e45,0.12598740125999999,0.62993700629899996,False,,0.12941260366099999,120,1.294126036607,0.12941260366099999,120,1.294126036607,0.061264891677999998,240,0.61264891678099997,0.098687214479000002,240,0.98687214478600005,0.098687214479000002,240,0.98687214478600005
secondary,current_ratio,0.10000000000000001,113,43010249,155,ea30ee389744a3eea82bba4ea21eb59f994cdf391295f5b19332d86b90c6e71b,0.146885311469,0.73442655734399998,False,,0.101775204762,120,1.017752047623,0.101775204762,120,1.017752047623,0.119851472384,240,1.1985147238380001,0.094967796327999995,240,0.94967796327700005,0.094967796327999995,240,0.94967796327700005
secondary,current_ratio,0.10000000000000001,114,43010250,156,a19a86c79be8da18aa38672812c1a385ee9c1b9eab8c85cdd94ead2ef91dcdbd,0.164183581642,0.82091790820900001,False,,0.13894604590000001,120,1.3894604589999999,0.13894604590000001,120,1.3894604589999999,0.060546376982000001,240,0.60546376982100003,0.091342326363000007,240,0.91342326363100002,0.091342326363000007,240,0.91342326363100002
secondary,current_ratio,0.10000000000000001,115,43010251,157,bbe3d385cb92edb6e4c87916bceb2861565a56754a67ea13ec38c391f801b70b,0.10148985101499999,0.50744925507399996,False,,0.060319637134000001,120,0.60319637134299997,0.060319637134000001,120,0.60319637134299997,-0.019953399669000001,240,-0.19953399668999999,0.105805519525,240,1.058055195248,0.105805519525,240,1.058055195248
secondary,current_ratio,0.10000000000000001,116,43010252,158,b79b1b842329c230fd1807396e99e8a56111827e4a013ec0a2024455d73ae074,0.13538646135400001,0.67693230676899996,False,,0.063534093998000002,120,0.63534093998200003,0.063534093998000002,120,0.63534093998200003,0.015331603197999999,240,0.15331603198400001,0.098210531712000004,240,0.98210531711799998,0.098210531712000004,240,0.98210531711799998
secondary,current_ratio,0.10000000000000001,117,43010253,159,a75095956d06081fac8c237c33d05d312ec8720852f1536795f7fcef9a53dff5,0.145385461454,0.72692730726900001,False,,0.01565117874,120,0.15651178739900001,0.01565117874,120,0.15651178739900001,0.0096829189019999994,240,0.096829189019000006,0.094460011989999995,240,0.94460011989899995,0.094460011989999995,240,0.94460011989899995
secondary,current_ratio,0.10000000000000001,118,43010254,160,ecee32dc06fff846dbf6f6cbb59d28ceac56d080034a8beb849953fe3fe3e4f4,0.13268673132700001,0.663433656634,False,,0.00093242642200000003,120,0.0093242642159999996,0.00093242642200000003,120,0.0093242642159999996,-0.022561093179,240,-0.22561093179399999,0.099632642285999995,240,0.99632642285799999,0.099632642285999995,240,0.99632642285799999
secondary,current_ratio,0.10000000000000001,119,43010255,161,f2ac3f14fed05b2288be5c2790eba752c050f494912a18a65310e9cfb753b17e,0.077492250774999993,0.38746125387500002,False,,0.192560487113,120,1.925604871127,0.192560487113,120,1.925604871127,0.167861024528,240,1.6786102452789999,0.11267383679,240,1.1267383678980001,0.11267383679,240,1.1267383678980001
secondary,current_ratio,0.10000000000000001,120,43010256,162,265cc096181e533439e319cf6841241f95012406c7078cb4e03941ceed32a4cf,0.193080691931,0.96540345965399998,False,,0.152519093094,120,1.52519093094,0.152519093094,120,1.52519093094,0.091233223833000004,240,0.91233223832599997,0.085950798134,240,0.85950798134200002,0.085950798134,240,0.85950798134200002
secondary,current_ratio,0.10000000000000001,121,43010257,163,2712760f4bf834b7d6396f6e7949de623cc653555d5401d334ba4d020f864f81,0.110088991101,0.55044495550399997,False,,-0.119227838924,120,-1.19227838924,-0.119227838924,120,-1.19227838924,-0.094285279767000005,240,-0.94285279767200003,0.103883132258,240,1.0388313225820001,0.103883132258,240,1.0388313225820001
secondary,current_ratio,0.10000000000000001,122,43010258,164,ec309948ce2609390a91c4801ca59db843ec6a6a5d2b147249d2fda6a3d27131,0.192580741926,0.96290370962899996,False,,0.038631729048000003,120,0.38631729047800001,0.038631729048000003,120,0.38631729047800001,0.0081412431729999991,240,0.081412431728000001,0.083762780807999995,240,0.83762780807799997,0.083762780807999995,240,0.83762780807799997
secondary,current_ratio,0.10000000000000001,123,43010259,165,c38987d4cff4008b2415b37a4f750c2ad1887c7c0b7e166dce9588f1ace8f145,0.216578342166,1,False,,0.053973887223999997,120,0.53973887224399997,0.053973887223999997,120,0.53973887224399997,0.071377503110000004,240,0.71377503110100005,0.080567077764999995,240,0.80567077764700001,0.080567077764999995,240,0.80567077764700001
secondary,current_ratio,0.10000000000000001,124,43010260,166,b925eeab1535b2033533affd62a1dc43901fad3f01c27ed1a2ff9f329156ab35,0.20507949205100001,1,False,,0.075342281450999998,120,0.75342281451500004,0.075342281450999998,120,0.75342281451500004,0.023048857272000001,240,0.230488572723,0.082458397530000005,240,0.82458397529799998,0.082458397530000005,240,0.82458397529799998
secondary,current_ratio,0.10000000000000001,125,43010261,167,60a51465fbb41d9a3423fc9b4f1593b4bb3936c3aba4c2f66daba8d4cc54bd6b,0.13728627137300001,0.68643135686400003,False,,0.096854135709999997,120,0.96854135709599998,0.096854135709999997,120,0.96854135709599998,0.063171957565999998,240,0.63171957566100001,0.095264813885999999,240,0.95264813885499999,0.095264813885999999,240,0.95264813885499999
secondary,current_ratio,0.10000000000000001,126,43010262,168,53f2022c6b4a4cff4cbc654be695432128aa95e704abfcb3e91c461adf4d202e,0.080491950805000004,0.402459754025,False,,0.18475702782299999,120,1.847570278234,0.18475702782299999,120,1.847570278234,0.106969549378,240,1.069695493777,0.112626849875,240,1.1262684987489999,0.112626849875,240,1.1262684987489999
secondary,current_ratio,0.10000000000000001,127,43010263,169,956f53aeaa6a218a540724d3697a4c125c0e6050129beef6d36f834622659133,0.084991500849999999,0.42495750425000001,False,,0.17323276143300001,120,1.732327614333,0.17323276143300001,120,1.732327614333,0.12605773832600001,240,1.260577383265,0.112010143457,240,1.1201014345660001,0.112010143457,240,1.1201014345660001
secondary,current_ratio,0.10000000000000001,128,43010264,170,38f00657a0ebcd979782f5b23517d4504388a1bab119d99f804ed412d3f8dcc0,0.13828617138300001,0.69143085691399997,False,,0.038990835557000003,120,0.38990835557199999,0.038990835557000003,120,0.38990835557199999,-0.001672314709,240,-0.016723147085999999,0.096257100939000001,240,0.962571009388,0.096257100939000001,240,0.962571009388
secondary,current_ratio,0.10000000000000001,129,43010265,171,36b75f2cff978d637c4751a033f4182af6e5be40840d8a8ee616e187874c7459,0.121587841216,0.60793920607899998,False,,0.046915696535000002,120,0.46915696534700002,0.046915696535000002,120,0.46915696534700002,0.038431641242999998,240,0.38431641242600001,0.101804909081,240,1.0180490908069999,0.101804909081,240,1.0180490908069999
secondary,current_ratio,0.10000000000000001,130,43010266,172,d9b3e12d01abeda003fdae4b7d19a2fea56dd9c18ae74bd17e7ae859d1d8110e,0.140185981402,0.70092990700900004,False,,-0.035174883327000001,120,-0.35174883326900003,-0.035174883327000001,120,-0.35174883326900003,-0.033911275024000001,240,-0.33911275023600002,0.097085725905000003,240,0.97085725904700004,0.097085725905000003,240,0.97085725904700004
secondary,current_ratio,0.10000000000000001,131,43010267,173,d62477eab51ed816a093c8a64b0d496571ff64691dd0727435c87928825ae2d8,0.060493950604999999,0.30246975302500001,False,,0.14634322305200001,120,1.463432230522,0.14634322305200001,120,1.463432230522,0.096549073801999993,240,0.96549073802300001,0.122355093027,240,1.2235509302709999,0.122355093027,240,1.2235509302709999
secondary,current_ratio,0.10000000000000001,132,43010268,174,05dc2f669ce1ffa4fd09785ffa235df5829673b0d9a6a30c050e6661867cf02d,0.094490550945000001,0.47245275472499998,False,,0.106145296519,120,1.0614529651919999,0.106145296519,120,1.0614529651919999,0.081327100186000006,240,0.81327100185800005,0.108009264486,240,1.080092644864,0.108009264486,240,1.080092644864
secondary,current_ratio,0.10000000000000001,133,43010269,175,e7ab9a360f56c12626e593e9fa9edc95a3c74198812df5233ab04b7dd64abe22,0.18638136186400001,0.93190680931900005,False,,0.029798371341999998,120,0.29798371342399999,0.029798371341999998,120,0.29798371342399999,0.0046441459600000002,240,0.046441459603000002,0.085020742065000002,240,0.85020742064599997,0.085020742065000002,240,0.85020742064599997
secondary,current_ratio,0.10000000000000001,134,43010270,176,594ff3599e2a885dd2fe2c0391228fbdf6cc24fd1545d8a93ce3636e288a3d02,0.063693630636999995,0.31846815318499999,False,,0.14374490293,120,1.437449029301,0.14374490293,120,1.437449029301,0.105274512651,240,1.0527451265059999,0.12093317881,240,1.209331788104,0.12093317881,240,1.209331788104
secondary,current_ratio,0.10000000000000001,135,43010271,177,37498b2fc249e104f0656022610a2ce45698b26c06642e2461ad410d314f25b8,0.081091890811000003,0.405459454055,False,,0.189263461258,120,1.89263461258,0.189263461258,120,1.89263461258,0.110236669568,240,1.1023666956830001,0.11447110377899999,240,1.1447110377909999,0.11447110377899999,240,1.1447110377909999
secondary,current_ratio,0.10000000000000001,136,43010272,178,60be8a9de1dabc4ee18783c6d8610fd7c2f1c2a2c2c6c42838fd343b7c90f2eb,0.22317768223199999,1,False,,0.070762880569,120,0.70762880568999997,0.070762880569,120,0.70762880568999997,0.053574579934,240,0.53574579934099997,0.079707699615000002,240,0.79707699615500005,0.079707699615000002,240,0.79707699615500005
secondary,current_ratio,0.10000000000000001,137,43010273,179,d7ce5aa80d55b2393448849e4bcacc2391a161f383945f07bdd67e6de925cfa2,0.023497650235,0.117488251175,False,,0.35765142576600001,120,3.5765142576610001,0.35765142576600001,120,3.5765142576610001,0.232785787419,240,2.3278578741859999,0.14434303715300001,240,1.4434303715279999,0.14434303715300001,240,1.4434303715279999
secondary,current_ratio,0.10000000000000001,138,43010274,180,eae8554aaf13bf8fe5f06d87ab656b264e7555cf7d3209e49d06da8000ceeae9,0.17438256174399999,0.87191280871900001,False,,0.085045076620000007,120,0.85045076619799997,0.085045076620000007,120,0.85045076619799997,0.071565347195999995,240,0.71565347195600004,0.088240501168999994,240,0.88240501169200003,0.088240501168999994,240,0.88240501169200003
secondary,current_ratio,0.10000000000000001,139,43010275,181,f2696bee94d69a543efdbed6afe13034b6b8ba2f7d09d6c142772d0943d5339d,0.111088891111,0.55544445555400002,False,,0.125149556143,120,1.251495561427,0.125149556143,120,1.251495561427,0.087364384074999996,240,0.87364384074799994,0.10351607402599999,240,1.0351607402559999,0.10351607402599999,240,1.0351607402559999
secondary,current_ratio,0.10000000000000001,140,43010276,182,61ea4d13bb0b1d17bf980e7119b706b59aa36fa31e0fa9cef8fdc6eb20c0a10e,0.12098790121,0.60493950604900004,False,,0.13202691306,120,1.320269130602,0.13202691306,120,1.320269130602,0.093680744728000004,240,0.93680744727700005,0.100023293162,240,1.00023293162,0.100023293162,240,1.00023293162
secondary,current_ratio,0.10000000000000001,141,43010277,183,9e7aaad2d3b111fbd7a6f552228673ab208218c8bdaffdd2d5a267f0e61c5145,0.059794020598,0.29897010298999999,False,,0.20621750980100001,120,2.062175098015,0.20621750980100001,120,2.062175098015,0.174559158149,240,1.74559158149,0.121761202249,240,1.217612022488,0.121761202249,240,1.217612022488
secondary,current_ratio,0.10000000000000001,142,43010278,184,d2a22261528678d845980581ecd02a76a6e4523c3fe0523c4c245948b37d4955,0.12998700129999999,0.64993500649900005,False,,0.15087801319800001,120,1.508780131977,0.15087801319800001,120,1.508780131977,0.046018770525000002,240,0.460187705246,0.099288906339000005,240,0.99288906339000005,0.099288906339000005,240,0.99288906339000005
secondary,current_ratio,0.10000000000000001,143,43010279,185,375593bc86a44c26a27575e6d81e89a5ec837a26c1a7651a75b1bfc53c59c291,0.094390560944000002,0.47195280472000001,False,,0.17500131257400001,120,1.7500131257439999,0.17500131257400001,120,1.7500131257439999,0.13630415044899999,240,1.3630415044890001,0.109423493384,240,1.094234933838,0.109423493384,240,1.094234933838
secondary,current_ratio,0.10000000000000001,144,43010280,186,69eb05785c46f0bfd2dc46be9a9241fee641b42749a953ed614e46c415358c51,0.15528447155299999,0.77642235776400004,False,,0.107019989937,120,1.0701998993720001,0.107019989937,120,1.0701998993720001,0.050871065080999998,240,0.50871065081199995,0.091998724527000003,240,0.91998724527300002,0.091998724527000003,240,0.91998724527300002
secondary,current_ratio,0.10000000000000001,145,43010281,187,4f124f6b7b7c4f10d479d2be10cab12c2c7e5780986363077c174d4859950bad,0.094590540946000001,0.47295270473000001,False,,0.141273387985,120,1.4127338798539999,0.141273387985,120,1.4127338798539999,0.065185923480000005,240,0.65185923480499997,0.108384019761,240,1.0838401976130001,0.108384019761,240,1.0838401976130001
secondary,current_ratio,0.10000000000000001,146,43010282,188,f9e36aa0697a0c39c50b3c0ca129b12a62868438417ded79c868a465769a7fac,0.075492450754999996,0.37746225377499998,False,,0.17211409799399999,120,1.7211409799449999,0.17211409799399999,120,1.7211409799449999,0.11323056252499999,240,1.132305625251,0.116143098094,240,1.1614309809429999,0.116143098094,240,1.1614309809429999
secondary,current_ratio,0.10000000000000001,147,43010283,189,0c726ac5e18084611f8430a285ac42ae0cd8d87a8f8da293ad383ec839f704fa,0.29617038296199999,1,False,,0.0054763966010000003,120,0.054763966012000002,0.0054763966010000003,120,0.054763966012000002,-0.0037629329450000002,240,-0.037629329452000003,0.067393187199000004,240,0.673931871992,0.067393187199000004,240,0.673931871992
secondary,current_ratio,0.10000000000000001,148,43010284,190,a043a5dc38fd71f880175de7130b00e4fd9286b3c447890b14f3a97b7f26d209,0.13658634136600001,0.68293170682899995,False,,0.056533681720999998,120,0.56533681721399998,0.056533681720999998,120,0.56533681721399998,0.0043917555909999996,240,0.043917555910000003,0.096561961340999994,240,0.96561961341299996,0.096561961340999994,240,0.96561961341299996
secondary,current_ratio,0.10000000000000001,149,43010285,191,107c119aa0abf5c841395044395fd0a49e17e4914ee45be1b9a400e195bb4c85,0.11528847115300001,0.57644235576400005,False,,0.15995790585399999,120,1.5995790585409999,0.15995790585399999,120,1.5995790585409999,0.074438629128999997,240,0.74438629128599998,0.102078089281,240,1.0207808928090001,0.102078089281,240,1.0207808928090001
secondary,current_ratio,0.10000000000000001,150,43010286,192,7d1d222705a4df51c79a5b1bff2f1fba593c595c316832b656ad57c3320c49c9,0.063693630636999995,0.31846815318499999,False,,0.109807026085,120,1.098070260853,0.109807026085,120,1.098070260853,0.081693969756999996,240,0.816939697573,0.11916698500099999,240,1.1916698500089999,0.11916698500099999,240,1.1916698500089999
secondary,current_ratio,0.10000000000000001,151,43010287,193,aede46061f9d1408cd8e9b5b8de3efb131e3fd6a50ac871c72b1c5a0031f2e6a,0.12808719128099999,0.64043595640399997,False,,0.082808308516000004,120,0.828083085158,0.082808308516000004,120,0.828083085158,0.089389293329000002,240,0.89389293329099995,0.097226028889000005,240,0.97226028889100002,0.097226028889000005,240,0.97226028889100002
secondary,current_ratio,0.10000000000000001,152,43010288,194,0457b24c6b011831b04ebb5530596b04b3a5951ff1991964923c5718a4f6843b,0.12938706129399999,0.64693530646899999,False,,0.132943652232,120,1.3294365223189999,0.132943652232,120,1.3294365223189999,0.079995622995999993,240,0.79995622995600002,0.097335355040999993,240,0.97335355040799998,0.097335355040999993,240,0.97335355040799998
secondary,current_ratio,0.10000000000000001,153,43010289,195,67f19ee52f978916e762bb9bb60ce1b9d042f9e81830aeeb57a0d61fe363fe1f,0.25437456254399998,1,False,,0.159381351359,120,1.59381351359,0.159381351359,120,1.59381351359,0.12028486008,240,1.202848600799,0.072729953989999999,240,0.72729953990499996,0.072729953989999999,240,0.72729953990499996
secondary,current_ratio,0.10000000000000001,154,43010290,196,c1c158c809400bc034b75c0ac4eabbce82d36e788eed0709ea35bed63f643351,0.13788621137900001,0.68943105689399997,False,,0.030429856533,120,0.30429856533400002,0.030429856533,120,0.30429856533400002,-0.001398391243,240,-0.013983912427000001,0.096843182208999998,240,0.96843182209000001,0.096843182208999998,240,0.96843182209000001
secondary,current_ratio,0.10000000000000001,155,43010291,197,7d9cbae79c24b32c72ffc1725b09622d3d6bf7fe5c79c455b4b2215ef1b3e7d2,0.13828617138300001,0.69143085691399997,False,,0.133375345555,120,1.333753455551,0.133375345555,120,1.333753455551,0.091715994278999999,240,0.91715994279299995,0.095788366156000004,240,0.95788366155799998,0.095788366156000004,240,0.95788366155799998
secondary,current_ratio,0.10000000000000001,156,43010292,198,f8cb2fd9eeaed0d93e7690547a9be0e41828c129ef12f66be9cece8ffae9e41d,0.030496950304999999,0.15248475152499999,False,,0.079564838718000006,120,0.79564838718499997,0.079564838718000006,120,0.79564838718499997,0.068484160246,240,0.68484160245600001,0.14058499751299999,240,1.4058499751339999,0.14058499751299999,240,1.4058499751339999
secondary,current_ratio,0.10000000000000001,157,43010293,199,8754d7c53af4f020c8ec5f97e1eb1876d58a18a18f0f0049ce874f825bfaede0,0.14988501149899999,0.74942505749400001,False,,0.14318078042900001,120,1.4318078042889999,0.14318078042900001,120,1.4318078042889999,0.14286946384999999,240,1.4286946384970001,0.093733295650000006,240,0.93733295649600001,0.093733295650000006,240,0.93733295649600001
secondary,current_ratio,0.10000000000000001,158,43010294,200,170aaa978d0a2b3f11d24b99ccfc84be7cbed04a6857d667f6a575605c018e30,0.13728627137300001,0.68643135686400003,False,,-0.013015597917000001,120,-0.13015597917400001,-0.013015597917000001,120,-0.13015597917400001,-0.010898651621,240,-0.108986516209,0.097749512287999996,240,0.97749512287899998,0.097749512287999996,240,0.97749512287899998
secondary,current_ratio,0.10000000000000001,159,43010295,201,bad0780c3031084bfc653f69c0d0ba1b2f67e50c78b30b541e577b6a25240f80,0.017098290171000001,0.085491450854999998,False,,0.12906753413499999,120,1.290675341354,0.12906753413499999,120,1.290675341354,0.082657816615000004,240,0.82657816615099999,0.15402416297400001,240,1.5402416297370001,0.15402416297400001,240,1.5402416297370001
secondary,current_ratio,0.10000000000000001,160,43010296,202,ceb96de1545a9f1676206e924c76f5af0e777c57a7b204e78daa0c65418b37e5,0.097890210978999997,0.48945105489500002,False,,0.069362111684,120,0.69362111683500005,0.069362111684,120,0.69362111683500005,0.038057326801999997,240,0.38057326801800001,0.107798085759,240,1.0779808575900001,0.107798085759,240,1.0779808575900001
secondary,current_ratio,0.10000000000000001,161,43010297,203,2455320b2f0fedd774d61ef480766b51b15d2943a7b77cd2ba5e116d4f7e4fa6,0.11238876112399999,0.56194380561900004,False,,0.11824427377299999,120,1.1824427377319999,0.11824427377299999,120,1.1824427377319999,0.031699403775000003,240,0.316994037753,0.103828671218,240,1.0382867121799999,0.103828671218,240,1.0382867121799999
secondary,current_ratio,0.10000000000000001,162,43010298,204,3caf0e313d89781bcc24ab8518c11084f18eb7c7a06f2ab8c89c411d121dc922,0.067493250675000005,0.33746625337500002,False,,0.17857641279799999,120,1.7857641279830001,0.17857641279799999,120,1.7857641279830001,0.112770140305,240,1.1277014030479999,0.118776493848,240,1.1877649384819999,0.118776493848,240,1.1877649384819999
secondary,current_ratio,0.10000000000000001,163,43010299,205,a4af6b7b0ea6ddce5c78382347c398ed2a87286f74981c2a5179faa61978344b,0.12458754124599999,0.62293770622900002,False,,0.033929269900000003,120,0.339292698999,0.033929269900000003,120,0.339292698999,0.023312210188000001,240,0.233122101877,0.101554916903,240,1.0155491690339999,0.101554916903,240,1.0155491690339999
secondary,current_ratio,0.10000000000000001,164,43010300,206,4818090d9aa60cb68fe31230f3d7e8db1fc4053302522276f3e74a6902dd2973,0.12498750124999999,0.62493750624900002,False,,0.21055697652800001,120,2.1055697652780001,0.21055697652800001,120,2.1055697652780001,0.13201101733000001,240,1.3201101732989999,0.10071094401199999,240,1.0071094401180001,0.10071094401199999,240,1.0071094401180001
secondary,current_ratio,0.10000000000000001,165,43010301,207,c62770370259451ec18c5ae05b753d909dbc4b903537f4d4cce6eade64f56468,0.117488251175,0.58744125587399998,False,,0.20316188595099999,120,2.0316188595089999,0.20316188595099999,120,2.0316188595089999,0.11350550077800001,240,1.1350550077749999,0.102281711091,240,1.022817110906,0.102281711091,240,1.022817110906
secondary,current_ratio,0.10000000000000001,166,43010302,208,5e311fb814455f6f042558d0c67e49a43027987e1d36af57268888edf91b8717,0.11428857114300001,0.571442855714,False,,0.051316719227999998,120,0.51316719228499996,0.051316719227999998,120,0.51316719228499996,0.012430848120000001,240,0.12430848119600001,0.103484839107,240,1.0348483910740001,0.103484839107,240,1.0348483910740001
secondary,current_ratio,0.10000000000000001,167,43010303,209,cafc4a20ea47c37037d2a0e4b00a6020508feca1b5ab29105ba12cb4cc99b304,0.13498650135000001,0.67493250674899996,False,,0.082861344207999996,120,0.82861344207900001,0.082861344207999996,120,0.82861344207900001,0.069058190475000003,240,0.69058190474900005,0.096827528208000002,240,0.96827528207699998,0.096827528208000002,240,0.96827528207699998
secondary,current_ratio,0.10000000000000001,168,43010304,210,9032e4bedad5221fe0d49323504f0c662c7835affd3253ebedcf0e5a912bb266,0.15228477152299999,0.761423857614,False,,0.133086030474,120,1.330860304744,0.133086030474,120,1.330860304744,0.109513259068,240,1.095132590685,0.091998686245000003,240,0.91998686245000005,0.091998686245000003,240,0.91998686245000005
secondary,current_ratio,0.10000000000000001,169,43010305,211,be4975dbe117992ededa7bb522e0e15a5a69843f890a9291c54fffdef5b6068c,0.107289271073,0.53644635536399998,False,,0.17224772994699999,120,1.722477299468,0.17224772994699999,120,1.722477299468,0.12665297241599999,240,1.2665297241560001,0.101937469231,240,1.019374692307,0.101937469231,240,1.019374692307
secondary,current_ratio,0.10000000000000001,170,43010306,212,9fa6c41b75a3a7532bd6396e9ca14dc043b4c6ab505600c76f8335cd0fb62fc8,0.139786021398,0.69893010698900004,False,,0.21703818560499999,120,2.1703818560550001,0.21703818560499999,120,2.1703818560550001,0.12837971492299999,240,1.2837971492269999,0.094366198432999995,240,0.94366198433000004,0.094366198432999995,240,0.94366198433000004
secondary,current_ratio,0.10000000000000001,171,43010307,213,2391f383800533d5c8ca45bed7597fd0e8dd357df1074da575ca1791ed6a23b5,0.144885511449,0.72442755724399999,False,,0.143928969401,120,1.439289694015,0.143928969401,120,1.439289694015,0.076943377216000003,240,0.76943377215800002,0.095413292166999994,240,0.95413292166700003,0.095413292166999994,240,0.95413292166700003
secondary,current_ratio,0.10000000000000001,172,43010308,214,984f378165d67a324bb63c064e2ee979c45af4a091dd991f14cb2b4aa9ba93b1,0.34036596340399999,1,False,,0.21561522766300001,120,2.156152276626,0.21561522766300001,120,2.156152276626,0.11151644171699999,240,1.1151644171720001,0.063135148001999999,240,0.63135148002100006,0.063135148001999999,240,0.63135148002100006
secondary,current_ratio,0.10000000000000001,173,43010309,215,9aa3e3aaef69647c469a9291ef7d06857ddfa979dac78c8b50ea44d429f96d18,0.111188881112,0.55594440555900004,False,,0.0028998587010000002,120,0.028998587007000001,0.0028998587010000002,120,0.028998587007000001,-0.017509041093,240,-0.175090410926,0.100835708025,240,1.008357080251,0.100835708025,240,1.008357080251
secondary,current_ratio,0.10000000000000001,174,43010310,216,9bed42cb215bf3edcce7997bd921d99235f10e94af9820519b7f6f8c22b06797,0.28297170283,1,False,,0.047907427858999999,120,0.47907427858700002,0.047907427858999999,120,0.47907427858700002,-0.0064292177419999997,240,-0.064292177423999994,0.069463269149000001,240,0.69463269149399998,0.069463269149000001,240,0.69463269149399998
secondary,current_ratio,0.10000000000000001,175,43010311,217,9d99d3c1a796d47ad92c3ada3f401f6589f6b32d4025738325e6d8e948f1d3a1,0.093690630937000002,0.46845315468499998,False,,0.21869018264199999,120,2.1869018264169999,0.21869018264199999,120,2.1869018264169999,0.13694694804800001,240,1.369469480477,0.108079462137,240,1.080794621373,0.108079462137,240,1.080794621373
secondary,current_ratio,0.10000000000000001,176,43010312,218,7a851233791ad8529f8e6bf856c970b0ca3ccfcde1a95666570525b83040b8b4,0.110188981102,0.55094490550899999,False,,0.125214430811,120,1.2521443081079999,0.125214430811,120,1.2521443081079999,0.105495510249,240,1.0549551024870001,0.102914570097,240,1.0291457009660001,0.102914570097,240,1.0291457009660001
secondary,current_ratio,0.10000000000000001,177,43010313,219,cc64d4079c0b1015d8d051aeef1491b4e58d2d7966a6b39f4dfc00c2b6d41b47,0.064093590640999995,0.32046795320499999,False,,0.105332772746,120,1.0533277274590001,0.105332772746,120,1.0533277274590001,0.030696004988,240,0.30696004988300002,0.117948204631,240,1.179482046313,0.117948204631,240,1.179482046313
secondary,current_ratio,0.10000000000000001,178,43010314,220,965330f412d070444a806dac4957434352e67e03457c01edba112602aaf7587c,0.12608739126099999,0.63043695630399998,False,,-0.029797191308000001,120,-0.29797191308100002,-0.029797191308000001,120,-0.29797191308100002,-0.029207945278000001,240,-0.29207945277800001,0.099687370752999993,240,0.99687370753000004,0.099687370752999993,240,0.99687370753000004
secondary,current_ratio,0.10000000000000001,179,43010315,221,5ad896ecbfeaccff42196560605d2fd8a357dce683e20f0edd10fc3e92dbb1e6,0.096590340965999999,0.48295170482999999,False,,0.18670987446199999,120,1.86709874462,0.18670987446199999,120,1.86709874462,0.123483873062,240,1.2348387306199999,0.108275133582,240,1.082751335819,0.108275133582,240,1.082751335819
secondary,current_ratio,0.10000000000000001,180,43010316,222,56b5d088307ef5a9c6292ee2e06764e714368ec5990a094689e9d291eaaea9e1,0.13468653134700001,0.67343265673399999,False,,0.17930869873999999,120,1.793086987401,0.17930869873999999,120,1.793086987401,0.123192200285,240,1.2319220028490001,0.098046496142999998,240,0.98046496142499995,0.098046496142999998,240,0.98046496142499995
secondary,current_ratio,0.10000000000000001,181,43010317,223,40d16ba07e53eea3c039f79c178fd9a455286246718f6f04e3ddc99c10bedebe,0.12708729127099999,0.63543645635400003,False,,0.083057702841999995,120,0.83057702842100001,0.083057702841999995,120,0.83057702842100001,0.070033286786999993,240,0.70033286786500004,0.099116919854999999,240,0.99116919855200003,0.099116919854999999,240,0.99116919855200003
secondary,current_ratio,0.10000000000000001,182,43010318,224,60009a253c71fd2c38a728cd564f0babe4350c17ad7292fe36c9b8330c4530fb,0.103689631037,0.518448155184,False,,0.119118720017,120,1.1911872001670001,0.119118720017,120,1.1911872001670001,0.11512474431600001,240,1.1512474431640001,0.106297812516,240,1.0629781251549999,0.106297812516,240,1.0629781251549999
secondary,current_ratio,0.10000000000000001,183,43010319,225,e44e2d9cfcd14a3ec380c20b565f285b4ee5a9fde5a5a6d730a94f098904eb1e,0.13438656134400001,0.67193280671900002,False,,-0.029133150456000002,120,-0.29133150456200002,-0.029133150456000002,120,-0.29133150456200002,-0.030261533268000001,240,-0.30261533267700003,0.096343108834000005,240,0.96343108834199997,0.096343108834000005,240,0.96343108834199997
secondary,current_ratio,0.10000000000000001,184,43010320,226,c93a874104e94fcf871af11dc90fdd8fe8788e84952d7e45e9414281e6a256ea,0.17748225177499999,0.88741125887399996,False,,0.013169241526,120,0.131692415255,0.013169241526,120,0.131692415255,-0.015223240047,240,-0.15223240047100001,0.088849780170000003,240,0.88849780170399995,0.088849780170000003,240,0.88849780170399995
secondary,current_ratio,0.10000000000000001,185,43010321,227,e74b6f111feaeb4e483621815765412400f26dd81576e3b5326bd58009718e89,0.24777522247799999,1,False,,0.101370396451,120,1.013703964514,0.101370396451,120,1.013703964514,0.054589776674000001,240,0.54589776674099999,0.075175660902999999,240,0.75175660902599994,0.075175660902999999,240,0.75175660902599994
secondary,current_ratio,0.10000000000000001,186,43010322,228,d70e85cebf44318fc49fa71145b0e8af064e65f46a939fcf64f7e0a1cdfa9339,0.10218978102200001,0.51094890510900004,False,,0.053666349682,120,0.53666349682199999,0.053666349682,120,0.53666349682199999,0.046263323032000002,240,0.462633230324,0.10599293416199999,240,1.0599293416240001,0.10599293416199999,240,1.0599293416240001
secondary,current_ratio,0.10000000000000001,187,43010323,229,5c7eb44b49224ecc999db256e2cbb3b952330a8d58f8578c087b67ac96ae7c8e,0.049095090490999999,0.24547545245499999,False,,0.27486828828799997,120,2.748682882882,0.27486828828799997,120,2.748682882882,0.140732628331,240,1.4073262833139999,0.129910814963,240,1.2991081496250001,0.129910814963,240,1.2991081496250001
secondary,current_ratio,0.10000000000000001,188,43010324,230,58c3608ec6d4c536b0fa415d0cbd82af9fda7b1c1ce2f4e59ae577088a0c25e2,0.111688831117,0.55844415558399996,False,,0.15308078919900001,120,1.5308078919929999,0.15308078919900001,120,1.5308078919929999,0.097003810694999998,240,0.97003810695199999,0.102023702424,240,1.020237024242,0.102023702424,240,1.020237024242
secondary,current_ratio,0.10000000000000001,189,43010325,231,79f390afb0bf8cca16091b1f720e353e4cd12b84c24502ebaf5fccc868f6ad45,0.116288371163,0.58144185581399999,False,,0.14060577356500001,120,1.406057735648,0.14060577356500001,120,1.406057735648,0.088411659985000002,240,0.88411659984699997,0.102851981567,240,1.0285198156669999,0.102851981567,240,1.0285198156669999
secondary,current_ratio,0.10000000000000001,190,43010326,232,2d51c6acd47806f600d6d1586ac33969eac4a2e3614dd1d80f1db8da907c1839,0.090590940906000006,0.45295470452999997,False,,0.23853353545100001,120,2.3853353545110001,0.23853353545100001,120,2.3853353545110001,0.17380390884300001,240,1.738039088426,0.110838461735,240,1.1083846173509999,0.110838461735,240,1.1083846173509999
secondary,current_ratio,0.10000000000000001,191,43010327,233,a34b9ba81058b943ddccd70215e4e054378e1a91c44611cfb3b06ab14167ab35,0.074092590740999997,0.37046295370499999,False,,0.18833955956099999,120,1.8833955956140001,0.18833955956099999,120,1.8833955956140001,0.13175866432399999,240,1.317586643242,0.115213469725,240,1.1521346972469999,0.115213469725,240,1.1521346972469999
secondary,current_ratio,0.10000000000000001,192,43010328,234,d74a486fbc7e4430cf31493f0939bf04003a3e1bb6f51ace4211b08385e33dae,0.033096690331000003,0.165483451655,False,,0.25393643843199998,120,2.5393643843209999,0.25393643843199998,120,2.5393643843209999,0.204737725634,240,2.0473772563389998,0.14047540997899999,240,1.404754099794,0.14047540997899999,240,1.404754099794
secondary,current_ratio,0.10000000000000001,193,43010329,235,d2b670f9ca5b89631f534387f988405183554cbaf5a0971a0575ec323a7dc34c,0.190680931907,0.953404659534,False,,-0.011723217100999999,120,-0.11723217101400001,-0.011723217100999999,120,-0.11723217101400001,-0.029619502498000001,240,-0.29619502497700001,0.085232110737999994,240,0.852321107385,0.085232110737999994,240,0.852321107385
secondary,current_ratio,0.10000000000000001,194,43010330,236,34872a69be5aae1e2d6a91972f3349164ec9d5bc2c175769c5b2500bba99c10d,0.12408759124099999,0.620437956204,False,,0.20527655683900001,120,2.0527655683920001,0.20527655683900001,120,2.0527655683920001,0.15083106489299999,240,1.5083106489289999,0.099367190450000004,240,0.99367190449599996,0.099367190450000004,240,0.99367190449599996
secondary,current_ratio,0.10000000000000001,195,43010331,237,b7d5984fc8ce17bddc47943ec589f045f0ded3893c9c05b16d2efbec7b97db9a,0.15338466153399999,0.76692330766899997,False,,0.158843791805,120,1.5884379180529999,0.158843791805,120,1.5884379180529999,0.121954806517,240,1.219548065171,0.092413000102000001,240,0.92413000101700005,0.092413000102000001,240,0.92413000101700005
secondary,current_ratio,0.10000000000000001,196,43010332,238,a13104d262bd0f4aa9bee1685a700505ca2ac3c0c2f28c132445f91f9b13b21d,0.12738726127399999,0.636936306369,False,,0.152014388413,120,1.520143884134,0.152014388413,120,1.520143884134,0.124842640353,240,1.2484264035299999,0.099546858772999999,240,0.995468587726,0.099546858772999999,240,0.995468587726
secondary,current_ratio,0.10000000000000001,197,43010333,239,9ff7ef5b6d61891bc1c92dc952d448b923651f3741eebed7136885e8c90ad196,0.15378462153799999,0.76892310768899996,False,,0.24549777157899999,120,2.4549777157860002,0.24549777157899999,120,2.4549777157860002,0.13171007824,240,1.3171007823980001,0.093576936057999993,240,0.93576936058000004,0.093576936057999993,240,0.93576936058000004
secondary,current_ratio,0.10000000000000001,198,43010334,240,80bc2ebd673f284b77c2060d6cf76bff607c14cc733726a2e49ee2cf9d9f3a0a,0.163583641636,0.81791820817899996,False,,0.141416755053,120,1.414167550535,0.141416755053,120,1.414167550535,0.13046206160500001,240,1.3046206160539999,0.090897047580000001,240,0.90897047579599999,0.090897047580000001,240,0.90897047579599999
secondary,current_ratio,0.10000000000000001,199,43010335,241,4c13231ddacd1f5593f95895f72215ac8ddde1d7a6d9f3b2a7f7f5b3f9951494,0.145885411459,0.72942705729400004,False,,0.053492471664000001,120,0.53492471663700003,0.053492471664000001,120,0.53492471663700003,0.049504117730999997,240,0.49504117730800001,0.095194481238999998,240,0.95194481238999995,0.095194481238999998,240,0.95194481238999995
secondary,current_ratio,0.20000000000000001,0,43020143,42,12fe7937c606fba090ec81d95d0a59062301393d6e7067b4ea267a0045747e7b,0.142585741426,0.71292870712900003,False,,0.163273644661,120,0.81636822330400005,0.163273644661,120,0.81636822330400005,0.091485409135000001,240,0.45742704567300002,0.095436917780999997,240,0.47718458890400001,0.095436917780999997,240,0.47718458890400001
secondary,current_ratio,0.20000000000000001,1,43020144,43,6189f49748a88db20959a8aa67796e89f15306467cbfdcf5eaf8e4c7b386e627,0.12778722127799999,0.638936106389,False,,0.118977893036,120,0.59488946517800001,0.118977893036,120,0.59488946517800001,0.091487908812000002,240,0.45743954406100001,0.10015623558599999,240,0.50078117792999999,0.10015623558599999,240,0.50078117792999999
secondary,current_ratio,0.20000000000000001,2,43020145,44,a700b1cf053ae86bf3dafa3de5d14c6526c5abc3e05b5420ae19a57cdefb7bab,0.1199880012,0.59994000599899999,False,,0.20145487646900001,120,1.007274382344,0.20145487646900001,120,1.007274382344,0.12359141406099999,240,0.617957070306,0.10113332765999999,240,0.50566663829900005,0.10113332765999999,240,0.50566663829900005
secondary,current_ratio,0.20000000000000001,3,43020146,45,c7a6bbb2cfb1e3e90d7af6f4708ca5f914712c6309ee2d77e4030e0558dca5b8,0.118588141186,0.59294070592899994,False,,0.065751721634999996,120,0.32875860817699998,0.065751721634999996,120,0.32875860817699998,0.051514454633000001,240,0.25757227316699999,0.102000484728,240,0.51000242363899995,0.102000484728,240,0.51000242363899995
secondary,current_ratio,0.20000000000000001,4,43020147,46,20a985837345f629fc51bc2bf2883745d2ac5986f92bd4b6ccb04af45b4541b8,0.166383361664,0.83191680831899995,False,,0.19965589562700001,120,0.99827947813399998,0.19965589562700001,120,0.99827947813399998,0.13756867088700001,240,0.68784335443300004,0.090193696020000005,240,0.45096848010200002,0.090193696020000005,240,0.45096848010200002
secondary,current_ratio,0.20000000000000001,5,43020148,47,8d35224d2fdd91a20784c901c7fdb3d1c597be1cef1f38652f9f1a3b460ad839,0.035296470353000001,0.17648235176499999,False,,0.30599078715700001,120,1.529953935784,0.30599078715700001,120,1.529953935784,0.22047219413800001,240,1.102360970688,0.13841977751000001,240,0.69209888755100002,0.13841977751000001,240,0.69209888755100002
secondary,current_ratio,0.20000000000000001,6,43020149,48,9815c890e13d093e6faef2bf954e44e6f038913ea7a7bfc7548372fa4a4189a6,0.078592140786000006,0.39296070392999999,False,,0.26407371777799998,120,1.320368588892,0.26407371777799998,120,1.320368588892,0.16333333405,240,0.81666667025200002,0.114228840149,240,0.57114420074500005,0.114228840149,240,0.57114420074500005
secondary,current_ratio,0.20000000000000001,7,43020150,49,8fceb58736bfe62a6016c56851ac28656fe3291a72101d677dba5d1e5674ede8,0.060193980602,0.30096990300999998,False,,0.21177478221599999,120,1.0588739110809999,0.21177478221599999,120,1.0588739110809999,0.12496481763099999,240,0.62482408815299995,0.12231602313999999,240,0.61158011570199999,0.12231602313999999,240,0.61158011570199999
secondary,current_ratio,0.20000000000000001,8,43020151,50,84278bc487c0a96e09000cfd8b87eca2764ff4d8d15c3af818aad694cd508a57,0.096590340965999999,0.48295170482999999,False,,0.237106590009,120,1.1855329500459999,0.237106590009,120,1.1855329500459999,0.12664853610099999,240,0.63324268050499999,0.10977504982899999,240,0.54887524914399999,0.10977504982899999,240,0.54887524914399999
secondary,current_ratio,0.20000000000000001,9,43020152,51,841cc181c47603341f1b2fa581cd4e45d2b8cbfd5ab75fa3d74b8039fadc2bde,0.052094790521000002,0.260473952605,False,,0.252847782227,120,1.264238911136,0.252847782227,120,1.264238911136,0.11850259476199999,240,0.59251297381099999,0.125566894623,240,0.62783447311499996,0.125566894623,240,0.62783447311499996
secondary,current_ratio,0.20000000000000001,10,43020153,52,f25ed214a14e240d94345b859037df9ac2c6e520a810c422b8c6caf1e880bfde,0.053094690531000001,0.265473452655,False,,0.16300062712300001,120,0.815003135617,0.16300062712300001,120,0.815003135617,0.123134108161,240,0.61567054080700001,0.122886576796,240,0.61443288397999996,0.122886576796,240,0.61443288397999996
secondary,current_ratio,0.20000000000000001,11,43020154,53,426ddf293d0cfb0a57be5293eb275fabab40464c83d9d0574628952a1964e97c,0.194580541946,0.97290270972899995,False,,0.057190910046,120,0.28595455022900002,0.057190910046,120,0.28595455022900002,0.059794083657000001,240,0.29897041828600002,0.082872029080999998,240,0.414360145407,0.082872029080999998,240,0.414360145407
secondary,current_ratio,0.20000000000000001,12,43020155,54,95b7336ba5983a0826fa69d986e5afc651273bfaa45e291c0f7cc6fdbbe41d67,0.061993800619999997,0.30996900309999997,False,,0.19660879945099999,120,0.98304399725699998,0.19660879945099999,120,0.98304399725699998,0.113238824271,240,0.56619412135699998,0.122315850778,240,0.61157925389099999,0.122315850778,240,0.61157925389099999
secondary,current_ratio,0.20000000000000001,13,43020156,55,0571a71acac958e4902da576db2b76a33ca259ac62c2d410c826505dcae1d94a,0.059394060594,0.29697030296999999,False,,0.28373738217900002,120,1.418686910895,0.28373738217900002,120,1.418686910895,0.190853297157,240,0.95426648578499995,0.123237898235,240,0.61618949117499999,0.123237898235,240,0.61618949117499999
secondary,current_ratio,0.20000000000000001,14,43020157,56,b6cd55fece43d85285fb58ad06c6af784e1424155d07ed2e3bc6cc3fd3f3bccc,0.042695730426999999,0.213478652135,False,,0.276377550247,120,1.381887751234,0.276377550247,120,1.381887751234,0.205303165063,240,1.0265158253140001,0.13252863328,240,0.66264316639900001,0.13252863328,240,0.66264316639900001
secondary,current_ratio,0.20000000000000001,15,43020158,57,6db909b32052d946ef9fb5a9e3f304a2632817dc1a53d8f50c82feb290b4bd4a,0.013698630137,0.068493150685000004,False,,0.2124922313,120,1.062461156498,0.2124922313,120,1.062461156498,0.11331044943,240,0.56655224715100005,0.15738425620099999,240,0.78692128100699998,0.15738425620099999,240,0.78692128100699998
secondary,current_ratio,0.20000000000000001,16,43020159,58,f5e114f8c6b8b5a9563642d8d9bc6bfd82d82564e79d693dc256cd693969a0e3,0.00899910009,0.044995500450000003,True,,0.288894484108,120,1.4444724205399999,0.288894484108,120,1.4444724205399999,0.167183508117,240,0.83591754058400003,0.172363097977,240,0.86181548988300005,0.172363097977,240,0.86181548988300005
secondary,current_ratio,0.20000000000000001,17,43020160,59,79e454c5e35405d72d3938d2d357d3d67a3fc2db29a7aef618740190ee22c9d4,0.028997100290000001,0.14498550145,False,,0.166492056093,120,0.83246028046499998,0.166492056093,120,0.83246028046499998,0.11235281375099999,240,0.56176406875600005,0.14320977726600001,240,0.71604888632800001,0.14320977726600001,240,0.71604888632800001
secondary,current_ratio,0.20000000000000001,18,43020161,60,5ef81d1b38d77b534278cdd7d66f4686871934f82f451f8043393f01e73479f9,0.098490150984999997,0.49245075492500001,False,,0.28568102023300002,120,1.4284051011659999,0.28568102023300002,120,1.4284051011659999,0.15933520940500001,240,0.79667604702499994,0.107438462453,240,0.53719231226700004,0.107438462453,240,0.53719231226700004
secondary,current_ratio,0.20000000000000001,19,43020162,61,23ede756755319c717e35413050d86dd7364b551485d8f198d68f4bdf639d852,0.068493150685000004,0.34246575342500002,False,,0.19475554519400001,120,0.97377772597000001,0.19475554519400001,120,0.97377772597000001,0.139209048123,240,0.69604524061600004,0.117385714356,240,0.58692857178000002,0.117385714356,240,0.58692857178000002
secondary,current_ratio,0.20000000000000001,20,43020163,62,babca6b63797b0409f265d222dbe1dfcf6a23d12c124af77718fbbe1835828fa,0.033296670333000003,0.166483351665,False,,0.27434295719399998,120,1.371714785969,0.27434295719399998,120,1.371714785969,0.19826048484,240,0.99130242420100001,0.135786918442,240,0.67893459220899999,0.135786918442,240,0.67893459220899999
secondary,current_ratio,0.20000000000000001,21,43020164,63,99634ab004e7bc66e49ae1698b285dd97eb46edcab778c353c774bb1cf856922,0.13298670133000001,0.66493350664899997,False,,0.099286300790999996,120,0.49643150395699998,0.099286300790999996,120,0.49643150395699998,0.048144230236,240,0.240721151178,0.098296493632000007,240,0.49148246815899999,0.098296493632000007,240,0.49148246815899999
secondary,current_ratio,0.20000000000000001,22,43020165,64,a8cca6a931bf3d0f3fa8a9780eda969920432d72f0e2d8ff385c63c6f490de07,0.049295070492999998,0.24647535246499999,False,,0.186730767312,120,0.93365383656000001,0.186730767312,120,0.93365383656000001,0.12941653688300001,240,0.64708268441500005,0.12573898020099999,240,0.62869490100699998,0.12573898020099999,240,0.62869490100699998
secondary,current_ratio,0.20000000000000001,23,43020166,65,596b9edbff969905ff20f399f04d4444da83988506f15dceb5eaa7564241760f,0.216578342166,1,False,,0.12689221304500001,120,0.63446106522699997,0.12689221304500001,120,0.63446106522699997,0.071761213702999996,240,0.35880606851300001,0.079738575887999999,240,0.39869287944199999,0.079738575887999999,240,0.39869287944199999
secondary,current_ratio,0.20000000000000001,24,43020167,66,cb041d0b44b21491e951fa9c1f9445c082ccfeafc982f2a2377b9d72ee8c27eb,0.13888611138900001,0.69443055694400002,False,,0.079198345702999995,120,0.39599172851300002,0.079198345702999995,120,0.39599172851300002,0.034255528216000003,240,0.171277641082,0.097030389682000007,240,0.48515194841100001,0.097030389682000007,240,0.48515194841100001
secondary,current_ratio,0.20000000000000001,25,43020168,67,c86210a1ee500fde8aa5ed736d05ef7e7fe534af3e2a71784ed5be2303b56144,0.16278372162800001,0.81391860813899997,False,,0.033742609232000002,120,0.168713046162,0.033742609232000002,120,0.168713046162,0.012724810358000001,240,0.063624051789000005,0.090889183669999998,240,0.45444591835199999,0.090889183669999998,240,0.45444591835199999
secondary,current_ratio,0.20000000000000001,26,43020169,68,d64bdcca3418f2b1bcf8594a7c0eebb13aa2b0dfa921a3ef85433919ab3db05c,0.051894810519000002,0.259474052595,False,,0.23027854452499999,120,1.1513927226259999,0.23027854452499999,120,1.1513927226259999,0.19581181838699999,240,0.979059091933,0.125683709004,240,0.62841854502000005,0.125683709004,240,0.62841854502000005
secondary,current_ratio,0.20000000000000001,27,43020170,69,7b175010ea52deb56dd57c313bf07334a362eb5482edb40e6ae348c7f029bc1b,0.094790520948000001,0.47395260474000001,False,,0.175055048564,120,0.87527524281799995,0.175055048564,120,0.87527524281799995,0.10101331564799999,240,0.50506657824199996,0.107813762107,240,0.539068810535,0.107813762107,240,0.539068810535
secondary,current_ratio,0.20000000000000001,28,43020171,70,f1b6068d141a1369231ad9e2c3801b694eaed4f68188ea5d46f24028ee5c6ece,0.074592540745999997,0.37296270373000001,False,,0.254157491924,120,1.2707874596219999,0.254157491924,120,1.2707874596219999,0.19930742213399999,240,0.99653711067200001,0.11577581437999999,240,0.57887907190200005,0.11577581437999999,240,0.57887907190200005
secondary,current_ratio,0.20000000000000001,29,43020172,71,f6f5fe07ec30ef7f1ccf3172d9758467893a2a4a8b23b927f8ddd5db92027ee6,0.0023997600239999998,0.01199880012,True,,0.38005748123799998,120,1.900287406191,0.38005748123799998,120,1.900287406191,0.25921114611599999,240,1.29605573058,0.19339784929699999,240,0.96698924648600004,0.19339784929699999,240,0.96698924648600004
secondary,current_ratio,0.20000000000000001,30,43020173,72,7440c0f09ce2ec61a041c7d59645a437f07c76ed406568efcb9f67f48e39e01b,0.0080991900809999993,0.040495950405000002,True,,0.47355798433399998,120,2.36778992167,0.47355798433399998,120,2.36778992167,0.33583349950800001,240,1.679167497538,0.168502923498,240,0.84251461748800005,0.168502923498,240,0.84251461748800005
secondary,current_ratio,0.20000000000000001,31,43020174,73,9810de324f6c08d929fe44b3c73fc8bdeb32be26e25af079062b41440581c11f,0.090090990901000007,0.450454954505,False,,0.16845005547,120,0.84225027735199998,0.16845005547,120,0.84225027735199998,0.096842204444999996,240,0.484211022223,0.110946885962,240,0.55473442980900001,0.110946885962,240,0.55473442980900001
secondary,current_ratio,0.20000000000000001,32,43020175,74,089a0bc06bcebc53c972ef4aa3740ef50e2e3d478919bb87882edc0c0334d0b5,0.077192280771999994,0.38596140386,False,,0.321981387565,120,1.6099069378249999,0.321981387565,120,1.6099069378249999,0.19167986410099999,240,0.95839932050300003,0.113619250676,240,0.568096253381,0.113619250676,240,0.568096253381
secondary,current_ratio,0.20000000000000001,33,43020176,75,4d07e827a849adf8efdae230c336518eec9d99c8f77e171d0283e8d7f11a01c7,0.065293470652999994,0.32646735326499998,False,,0.37286212352999998,120,1.8643106176490001,0.37286212352999998,120,1.8643106176490001,0.277324116116,240,1.3866205805780001,0.11883886916899999,240,0.59419434584599995,0.11883886916899999,240,0.59419434584599995
secondary,current_ratio,0.20000000000000001,34,43020177,76,4c5ad90d5ba64990132faba8ac3c0ccdbfeee83197c44d3be31f74d57b9fd8bf,0.147085291471,0.73542645735400003,False,,0.19291427295300001,120,0.96457136476399996,0.19291427295300001,120,0.96457136476399996,0.101387965072,240,0.50693982535799997,0.095381877742999999,240,0.47690938871400002,0.095381877742999999,240,0.47690938871400002
secondary,current_ratio,0.20000000000000001,35,43020178,77,e3aed78b73434953b8c769576c8e6bddf8ff899b7ae6b4edb484b72903f71e62,0.121487851215,0.60743925607399996,False,,0.18322913572499999,120,0.91614567862399998,0.18322913572499999,120,0.91614567862399998,0.135299993018,240,0.67649996508999999,0.099093523569000003,240,0.49546761784499999,0.099093523569000003,240,0.49546761784499999
secondary,current_ratio,0.20000000000000001,36,43020179,78,a27a37f2016eb36b2c9487c02a33d06d379eb6cbf1d247d9632719d296004a14,0.11398860114000001,0.56994300569900003,False,,0.081739537523000005,120,0.40869768761500003,0.081739537523000005,120,0.40869768761500003,0.074988575084999995,240,0.37494287542299998,0.10145328523,240,0.50726642614799999,0.10145328523,240,0.50726642614799999
secondary,current_ratio,0.20000000000000001,37,43020180,79,3f1c4dc54a33f72ab8c7eceb28a2b77e58b869bc8a094fa810e2957b6d64685c,0.187781221878,0.93890610938899999,False,,0.086462738567,120,0.43231369283600002,0.086462738567,120,0.43231369283600002,0.088545097239000004,240,0.44272548619500002,0.085161586314000004,240,0.42580793156899999,0.085161586314000004,240,0.42580793156899999
secondary,current_ratio,0.20000000000000001,38,43020181,80,a66cedd5c8660d3d2789e6dd13c0c2a208014e8dcdcc9581f1c99abdc69e7c76,0.109189081092,0.54594540545900005,False,,0.21165275346199999,120,1.0582637673119999,0.21165275346199999,120,1.0582637673119999,0.13573292236500001,240,0.678664611827,0.10360987659199999,240,0.518049382961,0.10360987659199999,240,0.518049382961
secondary,current_ratio,0.20000000000000001,39,43020182,81,ef3d149f9c8ffc3da252983b6039665f8519dc6a51b1142cf9f6700a26fc0e0b,0.10298970103000001,0.51494850514900004,False,,0.094564321778999996,120,0.47282160889300001,0.094564321778999996,120,0.47282160889300001,0.078491254290999998,240,0.39245627145500001,0.104977261813,240,0.524886309065,0.104977261813,240,0.524886309065
secondary,current_ratio,0.20000000000000001,40,43020183,82,105478da32eecd0b702ec28b5e45b1c3747753307544c7375d1d312903a5e9fd,0.086291370862999997,0.43145685431500003,False,,0.15552112477999999,120,0.77760562389999999,0.15552112477999999,120,0.77760562389999999,0.12251267880400001,240,0.61256339402000004,0.112111271965,240,0.56055635982399998,0.112111271965,240,0.56055635982399998
secondary,current_ratio,0.20000000000000001,41,43020184,83,c4de9f8ed784fb8dd41222d87f78745b5c3a55231c7fee51c18015115415541c,0.13588641135900001,0.67943205679399998,False,,0.14049894859000001,120,0.70249474295000003,0.14049894859000001,120,0.70249474295000003,0.076907322052000002,240,0.38453661026000002,0.096452664314,240,0.482263321568,0.096452664314,240,0.482263321568
secondary,current_ratio,0.20000000000000001,42,43020185,84,fe4956c03bc357103ed0910405aed767de03fa4054cafaa6337a4c9404a6b8ce,0.054894510548999999,0.27447255274499999,False,,0.22644062244400001,120,1.13220311222,0.22644062244400001,120,1.13220311222,0.156847923221,240,0.78423961610600001,0.122878704095,240,0.61439352047399998,0.122878704095,240,0.61439352047399998
secondary,current_ratio,0.20000000000000001,43,43020186,85,8fa95b08f1aaa3767008c6ae400231db657d1148c182efaa87f0dbe6fe6c37b7,0.19678032196799999,0.98390160983899999,False,,0.092819201000999996,120,0.46409600500600001,0.092819201000999996,120,0.46409600500600001,0.052978661582,240,0.26489330790900001,0.083458656012999996,240,0.41729328006299998,0.083458656012999996,240,0.41729328006299998
secondary,current_ratio,0.20000000000000001,44,43020187,86,7f686a5c50020a4171803b6238c5a576a1aeecc7b440b8d1d6a64f545067ba12,0.057994200580000002,0.2899710029,False,,0.26098939915699998,120,1.304946995785,0.26098939915699998,120,1.304946995785,0.166733668536,240,0.83366834268000001,0.1244568506,240,0.62228425300199997,0.1244568506,240,0.62228425300199997
secondary,current_ratio,0.20000000000000001,45,43020188,87,6feec88c060b93de28c649c926c88cb052ea61904115f4cad58382117f63d270,0.023597640236,0.11798820118,False,,0.336452990314,120,1.6822649515720001,0.336452990314,120,1.6822649515720001,0.24873603158400001,240,1.2436801579179999,0.14871876737799999,240,0.74359383689199998,0.14871876737799999,240,0.74359383689199998
secondary,current_ratio,0.20000000000000001,46,43020189,88,3113223ada208475d30839b2ee9850cce90a1c69919999cc04a13915613f1c40,0.171482851715,0.857414258574,False,,0.093743742131999999,120,0.46871871065999998,0.093743742131999999,120,0.46871871065999998,0.054941652984999999,240,0.274708264925,0.087662044772,240,0.43831022386200003,0.087662044772,240,0.43831022386200003
secondary,current_ratio,0.20000000000000001,47,43020190,89,901806ca02857b39a3ff55110aac10b6f0490a4c06f864c3b973bc5a7ae748b4,0.087491250874999996,0.43745625437500002,False,,0.049456514326999997,120,0.24728257163699999,0.049456514326999997,120,0.24728257163699999,-0.0065962117270000004,240,-0.032981058636000003,0.113369492406,240,0.56684746202900005,0.113369492406,240,0.56684746202900005
secondary,current_ratio,0.20000000000000001,48,43020191,90,56b3bf8830b7527a3e0ca549b293e7530c1c4c7e07a6d3a84e63cf9d7be55067,0.017398260174000001,0.086991300869999996,False,,0.36599024143100001,120,1.829951207153,0.36599024143100001,120,1.829951207153,0.24850652244099999,240,1.242532612205,0.15378986033200001,240,0.76894930166200004,0.15378986033200001,240,0.76894930166200004
secondary,current_ratio,0.20000000000000001,49,43020192,91,4eb35d2478bc24f438c29bfce6957b87d0f2b5da16099ac05b94516e55d20320,0.029597040296,0.14798520147999999,False,,0.308940248975,120,1.5447012448749999,0.308940248975,120,1.5447012448749999,0.229472782662,240,1.14736391331,0.14238200531799999,240,0.71191002659199998,0.14238200531799999,240,0.71191002659199998
secondary,current_ratio,0.20000000000000001,50,43020193,92,d60ee72c74179f587e91bb2f08eb4b8c175edadb45d188e6f2b3d844c9e87c53,0.10398960104,0.51994800519899997,False,,0.149549326639,120,0.74774663319500001,0.149549326639,120,0.74774663319500001,0.064767223223999998,240,0.32383611612000002,0.107032272789,240,0.53516136394699998,0.107032272789,240,0.53516136394699998
secondary,current_ratio,0.20000000000000001,51,43020194,93,68c5905202aef8ca8e1c43f7f8ee06acc8e1e2d35c07423e9a7adb18a6904c14,0.027297270273,0.13648635136500001,False,,0.19251140588099999,120,0.96255702940499999,0.19251140588099999,120,0.96255702940499999,0.121268992383,240,0.60634496191499998,0.14210059084099999,240,0.710502954204,0.14210059084099999,240,0.710502954204
secondary,current_ratio,0.20000000000000001,52,43020195,94,ab15ddd462b0553e67caece7234d6b996c52659881b2b14e02f2167552ed699f,0.017298270173000001,0.086491350864999997,False,,0.35735327000299999,120,1.7867663500169999,0.35735327000299999,120,1.7867663500169999,0.25229422519700001,240,1.261471125985,0.15369604476099999,240,0.76848022380400005,0.15369604476099999,240,0.76848022380400005
secondary,current_ratio,0.20000000000000001,53,43020196,95,9fba5efa1963c42f9e5516203a7a6a8c572a455c477965afd435b2f5c68ca3eb,0.105389461054,0.52694730526900002,False,,0.14272904863999999,120,0.71364524319800005,0.14272904863999999,120,0.71364524319800005,0.087646476185999994,240,0.43823238092799999,0.10351610553100001,240,0.517580527653,0.10351610553100001,240,0.517580527653
secondary,current_ratio,0.20000000000000001,54,43020197,96,92f247fcfcd6e56780f0fee377913a0652e517cc23d9a897de9a34946051cbb1,0.02099790021,0.10498950105,False,,0.15284662547,120,0.76423312735100002,0.15284662547,120,0.76423312735100002,0.072488886959000007,240,0.36244443479499999,0.14982033607299999,240,0.749101680366,0.14982033607299999,240,0.749101680366
secondary,current_ratio,0.20000000000000001,55,43020198,97,3a5f935a2240c57f957b97705cfad33b9c921a85003c17c11d631141e4e7f8de,0.044695530446999997,0.22347765223499999,False,,0.22413016796400001,120,1.120650839821,0.22413016796400001,120,1.120650839821,0.15711730640499999,240,0.78558653202700002,0.13048942943399999,240,0.65244714717100005,0.13048942943399999,240,0.65244714717100005
secondary,current_ratio,0.20000000000000001,56,43020199,98,d125d6b89a6318c5bf16ea7d1b8f075bb33466ce887722a4ee3aff0fc001685b,0.141785821418,0.70892910708900003,False,,0.29054512818900002,120,1.452725640945,0.29054512818900002,120,1.452725640945,0.151182261101,240,0.75591130550399999,0.094803679064999993,240,0.47401839532500001,0.094803679064999993,240,0.47401839532500001
secondary,current_ratio,0.20000000000000001,57,43020200,99,672fee0378ce3e7ab32f9bf8b0b2193c5f30d2a6fd83b83454c3cb5eb5f964f7,0.111788821118,0.55894410558899998,False,,0.15404500513800001,120,0.77022502569200002,0.15404500513800001,120,0.77022502569200002,0.11656132939,240,0.58280664695200002,0.102445663684,240,0.51222831842100003,0.102445663684,240,0.51222831842100003
secondary,current_ratio,0.20000000000000001,58,43020201,100,2c137a8c7289fb54836d223fb765263b2d4ab79c297ccc76be1dee0dd349ff75,0.012498750124999999,0.062493750624999997,False,,0.386736487455,120,1.9336824372729999,0.386736487455,120,1.9336824372729999,0.272258708116,240,1.361293540581,0.16258017434700001,240,0.81290087173699999,0.16258017434700001,240,0.81290087173699999
secondary,current_ratio,0.20000000000000001,59,43020202,101,dde007ba0e426cbe3cd09ba3828734eca17bb9cfd0d7ceae97cc0d6bbd9556d9,0.097890210978999997,0.48945105489500002,False,,0.26573553520799997,120,1.328677676039,0.26573553520799997,120,1.328677676039,0.190967113838,240,0.95483556919199997,0.108025088652,240,0.54012544325900003,0.108025088652,240,0.54012544325900003
secondary,current_ratio,0.20000000000000001,60,43020203,102,6ce521f697886eaf51e04648c43570461a0bb0ca19879352cffa1520f0bc61d1,0.10308969103100001,0.51544845515399995,False,,0.145206764776,120,0.72603382387899995,0.145206764776,120,0.72603382387899995,0.10080919721000001,240,0.50404598605100004,0.10585252732100001,240,0.52926263660499995,0.10585252732100001,240,0.52926263660499995
secondary,current_ratio,0.20000000000000001,61,43020204,103,760b3739128f2fc962842c56b968f4a8a655d1b1f518ff998a8955625ab20df0,0.029697030297,0.14848515148499999,False,,0.22574028727699999,120,1.128701436386,0.22574028727699999,120,1.128701436386,0.14141395356700001,240,0.70706976783499997,0.14011585389699999,240,0.70057926948500004,0.14011585389699999,240,0.70057926948500004
secondary,current_ratio,0.20000000000000001,62,43020205,104,82ea5dd462881c69e16062109795a8f42dfb57b3418d77f707bf80f8db8b67b9,0.077292270772999994,0.38646135386500002,False,,0.214411286969,120,1.0720564348449999,0.214411286969,120,1.0720564348449999,0.16480065343600001,240,0.82400326718000005,0.113611454906,240,0.56805727452900001,0.113611454906,240,0.56805727452900001
secondary,current_ratio,0.20000000000000001,63,43020206,105,b63ec8a776ff401f9859b96bafcf1f7f9493b93c26351dafb42d9e078585841e,0.056994300570000003,0.28497150285,False,,0.241278465351,120,1.2063923267550001,0.241278465351,120,1.2063923267550001,0.151200821145,240,0.75600410572300003,0.124371395509,240,0.62185697754699998,0.124371395509,240,0.62185697754699998
secondary,current_ratio,0.20000000000000001,64,43020207,106,fc0c81ec0a7bcd8df29834578c2fa229394e93a424c91cdb7f7e312ad19acf50,0.085691430856999998,0.42845715428499997,False,,0.35235557990799998,120,1.7617778995410001,0.35235557990799998,120,1.7617778995410001,0.23203159681800001,240,1.1601579840889999,0.11099400530799999,240,0.55497002654000005,0.11099400530799999,240,0.55497002654000005
secondary,current_ratio,0.20000000000000001,65,43020208,107,bd6bd984e54b41ca7dc8b4acb319844e128083885732c0cfcc03dbdddea6185f,0.015898410158999999,0.079492050795000005,False,,0.26191674410600002,120,1.3095837205280001,0.26191674410600002,120,1.3095837205280001,0.16528761985500001,240,0.82643809927300005,0.15657141089099999,240,0.782857054454,0.15657141089099999,240,0.782857054454
secondary,current_ratio,0.20000000000000001,66,43020209,108,b16486a7c2e5f69b15b162babc91a789cb30e25a261f46373aa67551af75bb4c,0.038696130386999997,0.193480651935,False,,0.22093416892600001,120,1.1046708446319999,0.22093416892600001,120,1.1046708446319999,0.13757130242900001,240,0.68785651214700005,0.136474597133,240,0.682372985667,0.136474597133,240,0.682372985667
secondary,current_ratio,0.20000000000000001,67,43020210,109,69862b45c136af42ca4d7a613eddf8612462debb07539bca4ef30d665c880b06,0.095590440956,0.47795220478,False,,0.176348597675,120,0.88174298837599996,0.176348597675,120,0.88174298837599996,0.084850123471000002,240,0.42425061735399999,0.10895444373300001,240,0.54477221866600001,0.10895444373300001,240,0.54477221866600001
secondary,current_ratio,0.20000000000000001,68,43020211,110,1699496d802b0c65cd318d42cf8d4f1e3568fdbe6f1febd7d0d2350bd7a2f68c,0.04199580042,0.20997900210000001,False,,0.27159211399400002,120,1.3579605699720001,0.27159211399400002,120,1.3579605699720001,0.17165995489800001,240,0.85829977448799999,0.13171603433199999,240,0.65858017165899996,0.13171603433199999,240,0.65858017165899996
secondary,current_ratio,0.20000000000000001,69,43020212,111,d61e2207921a9552978b09e99ab0cdd071a50073c9dec7168151ad756d04150d,0.0084991500850000005,0.042495750424999999,True,,0.38265744356999998,120,1.9132872178510001,0.38265744356999998,120,1.9132872178510001,0.29206568260900001,240,1.460328413044,0.16976106810700001,240,0.84880534053400003,0.16976106810700001,240,0.84880534053400003
secondary,current_ratio,0.20000000000000001,70,43020213,112,9d9c9fea229d904d45a9656da4d78cd9af8d8f5e421c231efd04936e9ce0dc28,0.050994900510000003,0.25497450254999998,False,,0.196855309412,120,0.98427654706000001,0.196855309412,120,0.98427654706000001,0.082043630396000003,240,0.41021815198,0.12707447970399999,240,0.63537239852000005,0.12707447970399999,240,0.63537239852000005
secondary,current_ratio,0.20000000000000001,71,43020214,113,648260868aac15cec609fb5865c7164d5e33d583717ef91fac581259e04768d3,0.071392860714,0.35696430356999997,False,,0.27800365755599998,120,1.390018287782,0.27800365755599998,120,1.390018287782,0.20051592149,240,1.0025796074510001,0.115142980652,240,0.57571490325899999,0.115142980652,240,0.57571490325899999
secondary,current_ratio,0.20000000000000001,72,43020215,114,e5cce3cebc29652b24e4b8c93d6fdc5db9210526cf50b040d366f1421b1c41cb,0.032496750324999997,0.16248375162500001,False,,0.226802804247,120,1.134014021237,0.226802804247,120,1.134014021237,0.17158264023700001,240,0.85791320118500003,0.13699868828699999,240,0.68499344143700003,0.13699868828699999,240,0.68499344143700003
secondary,current_ratio,0.20000000000000001,73,43020216,115,0868f7fbffc6c3ffe5fc64149912560917ed7ede5c295ac4d3412dbcff80b8a1,0.22837716228400001,1,False,,0.090401459766999995,120,0.452007298833,0.090401459766999995,120,0.452007298833,0.055115422783000002,240,0.27557711391299999,0.078199477471999998,240,0.39099738736099998,0.078199477471999998,240,0.39099738736099998
secondary,current_ratio,0.20000000000000001,74,43020217,116,3edf441c040fa6d59ecd5adde5b556979ff56e527082fb46520d7afd5d776c5f,0.13278672132800001,0.66393360663900003,False,,0.068963244145999997,120,0.34481622073200002,0.068963244145999997,120,0.34481622073200002,0.044651179324,240,0.223255896619,0.096710319279999998,240,0.48355159640200002,0.096710319279999998,240,0.48355159640200002
secondary,current_ratio,0.20000000000000001,75,43020218,117,df8f367de44a802471d125938cd0cbb221c3824f3e518cea454bd4dea1d80404,0.13758624137600001,0.687931206879,False,,0.038886321315,120,0.19443160657700001,0.038886321315,120,0.19443160657700001,0.024191291856999999,240,0.120956459283,0.096327435050999999,240,0.48163717525299998,0.096327435050999999,240,0.48163717525299998
secondary,current_ratio,0.20000000000000001,76,43020219,118,52324f89611092fbfce7f942a03a22685be7b25639510cc3851ddf650320724d,0.235076492351,1,False,,0.150757009917,120,0.75378504958299997,0.150757009917,120,0.75378504958299997,0.065543182064000005,240,0.32771591032000003,0.076152295420000002,240,0.38076147710000002,0.076152295420000002,240,0.38076147710000002
secondary,current_ratio,0.20000000000000001,77,43020220,119,12e2c7949a68e44026d4ea95519e3dcde23eab3505f581209212d1c2b0056a28,0.091490850915000005,0.457454254575,False,,0.21908973088299999,120,1.095448654413,0.21908973088299999,120,1.095448654413,0.133069409931,240,0.66534704965500002,0.10989207045799999,240,0.54946035229099999,0.10989207045799999,240,0.54946035229099999
secondary,current_ratio,0.20000000000000001,78,43020221,120,3965db48027e855f37025001beaa61d0a83d0738755bf6335614799d74c0bbf9,0.123587641236,0.61793820617899997,False,,0.18140860374000001,120,0.90704301870100001,0.18140860374000001,120,0.90704301870100001,0.099128378177000001,240,0.49564189088499999,0.100562515186,240,0.50281257593100004,0.100562515186,240,0.50281257593100004
secondary,current_ratio,0.20000000000000001,79,43020222,121,bea3c26646213aa83ac928f3f32340e0bcc7bd78abc774fcc349976d535cb644,0.019498050195000002,0.097490250974999998,False,,0.13367202377000001,120,0.66836011884900004,0.13367202377000001,120,0.66836011884900004,0.102482801419,240,0.51241400709700002,0.15103143918299999,240,0.75515719591399999,0.15103143918299999,240,0.75515719591399999
secondary,current_ratio,0.20000000000000001,80,43020223,122,fd3bddd6935dcfe59da4db36d129ad077018a595cb8c0e3f15553be3d2bd29aa,0.077292270772999994,0.38646135386500002,False,,0.26372376232299999,120,1.318618811616,0.26372376232299999,120,1.318618811616,0.149876776756,240,0.749383883779,0.11554155881399999,240,0.57770779406799999,0.11554155881399999,240,0.57770779406799999
secondary,current_ratio,0.20000000000000001,81,43020224,123,36b1ce64230e678bfff401ac94a6b6311bb104b3ac1e867aa736faf7491fffbc,0.123887611239,0.61943805619400005,False,,0.159004829588,120,0.79502414793999998,0.159004829588,120,0.79502414793999998,0.115160175147,240,0.57580087573399996,0.099992138837999997,240,0.49996069419099998,0.099992138837999997,240,0.49996069419099998
secondary,current_ratio,0.20000000000000001,82,43020225,124,1a7c99b3ef39cba20b529484a64b47312d72cabad04d5976e27d863338d1f17b,0.074792520747999996,0.37396260374000001,False,,0.20700883596200001,120,1.0350441798109999,0.20700883596200001,120,1.0350441798109999,0.13174202356699999,240,0.65871011783699995,0.116408664045,240,0.58204332022399996,0.116408664045,240,0.58204332022399996
secondary,current_ratio,0.20000000000000001,83,43020226,125,c5b3fc6d8c5aeb696e06e048856fe9677dc357b04d46afd84667496c44969012,0.03599640036,0.17998200180000001,False,,0.22947556805300001,120,1.147377840266,0.22947556805300001,120,1.147377840266,0.16422690032500001,240,0.82113450162299995,0.13377880059799999,240,0.66889400299000001,0.13377880059799999,240,0.66889400299000001
secondary,current_ratio,0.20000000000000001,84,43020227,126,f17465de9943161402d89a6e0684dc8123564c32585df3dc734a3336cd84d6ae,0.084991500849999999,0.42495750425000001,False,,0.18040171737499999,120,0.90200858687499996,0.18040171737499999,120,0.90200858687499996,0.15376079454700001,240,0.76880397273699996,0.112275409376,240,0.56137704688000001,0.112275409376,240,0.56137704688000001
secondary,current_ratio,0.20000000000000001,85,43020228,127,7896124e8bae72a01c77b60d327153db03180b2ab7500dff491b5b02b42426a4,0.063693630636999995,0.31846815318499999,False,,0.26241488048200001,120,1.3120744024090001,0.26241488048200001,120,1.3120744024090001,0.16064997911699999,240,0.803249895587,0.119307696086,240,0.596538480431,0.119307696086,240,0.596538480431
secondary,current_ratio,0.20000000000000001,86,43020229,128,b2643db55e701f6fd3bbe19f9c7194fb819643d9512cf331c67a2f4deac45376,0.13338666133400001,0.66693330666899997,False,,-0.031939186132000003,120,-0.15969593065900001,-0.031939186132000003,120,-0.15969593065900001,0.0032498304120000001,240,0.016249152058,0.097843312840000002,240,0.489216564199,0.097843312840000002,240,0.489216564199
secondary,current_ratio,0.20000000000000001,87,43020230,129,cf99e1cc2ebbbfc34226b4f2a32d68e86b481a75589a7be99f2896a4a59dd07a,0.13018698130199999,0.65093490650899999,False,,0.093323616149999997,120,0.46661808074799999,0.093323616149999997,120,0.46661808074799999,0.081531845741000003,240,0.40765922870499999,0.099617040854,240,0.49808520427000003,0.099617040854,240,0.49808520427000003
secondary,current_ratio,0.20000000000000001,88,43020231,130,474da3f24ccc076e66a23780deb79234102b508ecacb1134ac9d7a67cffffb89,0.17578242175799999,0.87891210878899995,False,,0.048871858583999998,120,0.24435929292200001,0.048871858583999998,120,0.24435929292200001,0.044649184106000002,240,0.22324592053,0.087412363982999994,240,0.437061819914,0.087412363982999994,240,0.437061819914
secondary,current_ratio,0.20000000000000001,89,43020232,131,6f885e6fda4f676039ae920901244b5547515950cb3f5358b3c705e52b184c2b,0.01799820018,0.089991000900000007,False,,0.28449681216099998,120,1.422484060807,0.28449681216099998,120,1.422484060807,0.16372014051700001,240,0.81860070258399997,0.151656759222,240,0.75828379610899999,0.151656759222,240,0.75828379610899999
secondary,current_ratio,0.20000000000000001,90,43020233,132,993e100ae8e8b48f3c16c5e1a62ab9113a50beed869b285764e2f134a116bc1a,0.022097790220999999,0.110488951105,False,,0.25623983651900001,120,1.2811991825960001,0.25623983651900001,120,1.2811991825960001,0.16447762376300001,240,0.82238811881700002,0.14894577997899999,240,0.744728899896,0.14894577997899999,240,0.744728899896
secondary,current_ratio,0.20000000000000001,91,43020234,133,5b08ddd7f0b7b63bc4db9437c3e04d5ffab1778a8b84af8e717340cc906b9104,0.073192680731999998,0.36596340366000002,False,,0.27562697801000002,120,1.378134890049,0.27562697801000002,120,1.378134890049,0.20452663046700001,240,1.0226331523359999,0.11378335804799999,240,0.56891679023899999,0.11378335804799999,240,0.56891679023899999
secondary,current_ratio,0.20000000000000001,92,43020235,134,54a6774759b8bfa1350a734e6d3f9915fd0d7fdd7c7a7e08dee46ee4ed2cc526,0.145785421458,0.72892710728900001,False,,0.227663401229,120,1.138317006144,0.227663401229,120,1.138317006144,0.126534996422,240,0.63267498210999995,0.094397348726999994,240,0.47198674363499998,0.094397348726999994,240,0.47198674363499998
secondary,current_ratio,0.20000000000000001,93,43020236,135,57d4358eeba805a30402b72a6e962921081a335eec2dfcecb906767bf3908104,0.084291570842999999,0.42145785421499998,False,,0.34622839166800001,120,1.731141958339,0.34622839166800001,120,1.731141958339,0.21417877170300001,240,1.0708938585159999,0.11181430935800001,240,0.55907154678899995,0.11181430935800001,240,0.55907154678899995
secondary,current_ratio,0.20000000000000001,94,43020237,136,d01271fcecfb4a8f3a0b8d7a68588d69765353c7bf75344298a7862655d5017e,0.059394060594,0.29697030296999999,False,,0.21690590701599999,120,1.084529535078,0.21690590701599999,120,1.084529535078,0.103492133857,240,0.51746066928400003,0.121878379854,240,0.60939189927100001,0.121878379854,240,0.60939189927100001
secondary,current_ratio,0.20000000000000001,95,43020238,137,d2808c2e4480d2a37e863125fb127a62cd9af257993ba6d8994bf7c4e6886c95,0.061293870612999998,0.30646935306500001,False,,0.101703516262,120,0.50851758130799996,0.101703516262,120,0.50851758130799996,0.059135968060000002,240,0.29567984029900002,0.122988547699,240,0.61494273849600001,0.122988547699,240,0.61494273849600001
secondary,current_ratio,0.20000000000000001,96,43020239,138,3a7d802f7a422f542924aa7be8675a3319ecbfc0779cb258578d8455682b379b,0.081291870813000003,0.406459354065,False,,0.093513483329000002,120,0.46756741664700002,0.093513483329000002,120,0.46756741664700002,0.095420979858999999,240,0.477104899295,0.113455194592,240,0.56727597295999999,0.113455194592,240,0.56727597295999999
secondary,current_ratio,0.20000000000000001,97,43020240,139,b74d7c441d735a221aa896771aaa9d84b990e1d06a8e5ea015c32fd49abb8e48,0.04199580042,0.20997900210000001,False,,0.169792568467,120,0.84896284233399999,0.169792568467,120,0.84896284233399999,0.094039764701000006,240,0.47019882350300002,0.13251296297599999,240,0.66256481488200003,0.13251296297599999,240,0.66256481488200003
secondary,current_ratio,0.20000000000000001,98,43020241,140,98adad93dbb7e21c03fdd823a28df33479909c00eec0437ebdac678473d85534,0.10198980102000001,0.50994900509899999,False,,0.14896282736700001,120,0.74481413683499997,0.14896282736700001,120,0.74481413683499997,0.051601971660000003,240,0.25800985830000001,0.105797880181,240,0.52898940090500002,0.105797880181,240,0.52898940090500002
secondary,current_ratio,0.20000000000000001,99,43020242,141,73510e172c4537262c0f99d6be68a2d3f16b4491f1a939f8b00ac34348147b6e,0.061593840615999998,0.30796920307999998,False,,0.091938009028000006,120,0.45969004514200001,0.091938009028000006,120,0.45969004514200001,0.085676749876000005,240,0.42838374937899998,0.12216029127,240,0.61080145634799998,0.12216029127,240,0.61080145634799998
secondary,current_ratio,0.20000000000000001,100,43020243,142,5a933ee5a7e4bc4cf058635db4c3d9860a932c88035c6e25f464e7cf4b2fcc43,0.121787821218,0.60893910608900004,False,,0.11719661357199999,120,0.58598306785800003,0.11719661357199999,120,0.58598306785800003,0.039757220001000002,240,0.19878610000300001,0.10101536664000001,240,0.50507683319999996,0.10101536664000001,240,0.50507683319999996
secondary,current_ratio,0.20000000000000001,101,43020244,143,d3fff3dc8b4cc554555746c206290c69f3ffafc43a77f7fde6ed5ff57036ded1,0.030496950304999999,0.15248475152499999,False,,0.20909275766999999,120,1.045463788348,0.20909275766999999,120,1.045463788348,0.12196261115900001,240,0.60981305579400003,0.141225363066,240,0.70612681532800003,0.141225363066,240,0.70612681532800003
secondary,current_ratio,0.20000000000000001,102,43020245,144,96bb937852243188667e8dce753a826dbcb9c4dd0dc4489eb24b335d267b12fd,0.106089391061,0.53044695530399999,False,,0.18739850262400001,120,0.93699251311800003,0.18739850262400001,120,0.93699251311800003,0.103774662088,240,0.51887331043999996,0.103711576588,240,0.51855788294100003,0.103711576588,240,0.51855788294100003
secondary,current_ratio,0.20000000000000001,103,43020246,145,8af314a4b8932ae8358a680aed9ce44353de48030f499c322dbaeb0153c473bf,0.20927907209300001,1,False,,0.16914886236500001,120,0.84574431182400001,0.16914886236500001,120,0.84574431182400001,0.10988359051300001,240,0.54941795256600001,0.081379875451000006,240,0.40689937725699998,0.081379875451000006,240,0.40689937725699998
secondary,current_ratio,0.20000000000000001,104,43020247,146,57a2f3a2cad6642132c32dd31c45326b47510877d8a6dc3785f106dddff72a17,0.087191280871999996,0.43595640435999999,False,,0.30491292030400002,120,1.5245646015209999,0.30491292030400002,120,1.5245646015209999,0.225004998072,240,1.125024990362,0.110954859773,240,0.554774298863,0.110954859773,240,0.554774298863
secondary,current_ratio,0.20000000000000001,105,43020248,147,ff7642f782086122144e088c84a959eeff89a368ccebfb31e4bc90b7625c447e,0.043795620437999998,0.21897810219,False,,0.13609335094200001,120,0.68046675470899998,0.13609335094200001,120,0.68046675470899998,0.102928823105,240,0.51464411552699996,0.13176279027000001,240,0.65881395135200005,0.13176279027000001,240,0.65881395135200005
secondary,current_ratio,0.20000000000000001,106,43020249,148,f7f2c3095dfd1ef59af9819b1be2c277781c43e537db1bdee5543a6ac70c0908,0.13638636136400001,0.68193180681900001,False,,0.20606743291599999,120,1.030337164579,0.20606743291599999,120,1.030337164579,0.121101880796,240,0.60550940398099995,0.096835641592999996,240,0.48417820796700001,0.096835641592999996,240,0.48417820796700001
secondary,current_ratio,0.20000000000000001,107,43020250,149,bc73864c9d1d3491614b296db1e3345d66999c9cb334babde5d0bc895fe140f0,0.17218278172199999,0.86091390860899997,False,,0.089512667328000006,120,0.447563336639,0.089512667328000006,120,0.447563336639,0.105378757588,240,0.52689378793899999,0.088568364043999995,240,0.44284182022200003,0.088568364043999995,240,0.44284182022200003
secondary,current_ratio,0.20000000000000001,108,43020251,150,000376d7bf951c9a558d8534b593f6c345bfbb8f62e7f85ec12838c931d2bdea,0.054194580542,0.27097290271000002,False,,0.22062071655599999,120,1.1031035827810001,0.22062071655599999,120,1.1031035827810001,0.150451956671,240,0.75225978335400001,0.125972747439,240,0.62986373719599997,0.125972747439,240,0.62986373719599997
secondary,current_ratio,0.20000000000000001,109,43020252,151,06fa31cfe53a37839b6448bfd3646672e10154e411b8542e78682d31e3d866f5,0.053294670533000001,0.266473352665,False,,0.202610287024,120,1.013051435118,0.202610287024,120,1.013051435118,0.137386974987,240,0.68693487493399996,0.12416805211699999,240,0.62084026058399999,0.12416805211699999,240,0.62084026058399999
secondary,current_ratio,0.20000000000000001,110,43020253,152,103ba100edf55dcf4d08a212adc5ded2fdb4e0ac94f394b63d88c0a0a2e79eae,0.082291770823000002,0.41145885411499999,False,,0.25158713007599998,120,1.2579356503820001,0.25158713007599998,120,1.2579356503820001,0.19761826721100001,240,0.98809133605400001,0.112298791558,240,0.56149395779099998,0.112298791558,240,0.56149395779099998
secondary,current_ratio,0.20000000000000001,111,43020254,153,4e9164b6a3e753769233f4e7b6b28fbfe918b5244daba4edb93b7be6e413e569,0.012798720128000001,0.063993600639999995,False,,0.25531668840600003,120,1.2765834420319999,0.25531668840600003,120,1.2765834420319999,0.18323689897699999,240,0.91618449488599996,0.16221312582299999,240,0.81106562911400004,0.16221312582299999,240,0.81106562911400004
secondary,current_ratio,0.20000000000000001,112,43020255,154,9299f07ca08f2f501f559a173088e1d4eb112c4e4968b227ccdd41f1618554e9,0.040995900410000001,0.20497950205000001,False,,0.22307529955300001,120,1.1153764977639999,0.22307529955300001,120,1.1153764977639999,0.13120362240700001,240,0.65601811203600002,0.13439582298300001,240,0.67197911491499995,0.13439582298300001,240,0.67197911491499995
secondary,current_ratio,0.20000000000000001,113,43020256,155,1bda2e5a46d61da3c95cdde9cb25d5c12ced716adf1ea7b11573521306c3d4ea,0.13618638136200001,0.68093190680899995,False,,0.13812919398199999,120,0.69064596991000005,0.13812919398199999,120,0.69064596991000005,0.057085950341000002,240,0.28542975170399998,0.097765216843999997,240,0.48882608421899998,0.097765216843999997,240,0.48882608421899998
secondary,current_ratio,0.20000000000000001,114,43020257,156,c04fcfc3e6fc3e0ea6fc149df52d7c563e6cda84f69e97527dfecc7e0f675403,0.109289071093,0.54644535546399997,False,,0.036221166706999999,120,0.181105833533,0.036221166706999999,120,0.181105833533,0.032619379545999999,240,0.16309689773,0.104328899371,240,0.52164449685400005,0.104328899371,240,0.52164449685400005
secondary,current_ratio,0.20000000000000001,115,43020258,157,05e9f52e5a5edb8fbbf072c191814c70dc7c6784f465d6204262debde9fabcf8,0.195380461954,0.97690230976900005,False,,0.15387475145400001,120,0.76937375727099999,0.15387475145400001,120,0.76937375727099999,0.098413307581999995,240,0.49206653790999999,0.084216109784000001,240,0.42108054891800001,0.084216109784000001,240,0.42108054891800001
secondary,current_ratio,0.20000000000000001,116,43020259,158,6a8ad3dd7838bf85a47f5a1114cc10f848145da775d7e8976ae56e8832fe40ca,0.038796120387999997,0.19398060194,False,,0.22527883132199999,120,1.1263941566110001,0.22527883132199999,120,1.1263941566110001,0.18262826191600001,240,0.91314130957799999,0.13574031783099999,240,0.67870158915300005,0.13574031783099999,240,0.67870158915300005
secondary,current_ratio,0.20000000000000001,117,43020260,159,44f8a50851024b659f235018a84c13c459c0b4f1a6c10d6979ca1e026601ce2d,0.087391260873999996,0.43695630436999999,False,,0.082070926106000003,120,0.41035463053100002,0.082070926106000003,120,0.41035463053100002,0.049321614354000003,240,0.24660807176800001,0.111087880227,240,0.55543940113300005,0.111087880227,240,0.55543940113300005
secondary,current_ratio,0.20000000000000001,118,43020261,160,9e4cc287a72d4bdbf4c9f80814f948b27b0b194cf3f376a3def045e7ef09fc43,0.0070992900709999996,0.035496450355,True,,0.42345451632600001,120,2.11727258163,0.42345451632600001,120,2.11727258163,0.28969989448700001,240,1.448499472435,0.17623105778500001,240,0.88115528892600004,0.17623105778500001,240,0.88115528892600004
secondary,current_ratio,0.20000000000000001,119,43020262,161,7e282d2ac3de9e641ff6f6a7b73be65b021865e1c63ce0c2a4afbed6140914cc,0.039496050395000003,0.19748025197499999,False,,0.099432532574999996,120,0.49716266287499999,0.099432532574999996,120,0.49716266287499999,0.067159616142,240,0.33579808071099998,0.13223935397700001,240,0.66119676988599996,0.13223935397700001,240,0.66119676988599996
secondary,current_ratio,0.20000000000000001,120,43020263,162,fe1420f02f26ee73916b17e7b9a946a2a2c3456affb7f2464b7fbae96adf1318,0.085691430856999998,0.42845715428499997,False,,0.31147326274999998,120,1.5573663137510001,0.31147326274999998,120,1.5573663137510001,0.207697350497,240,1.0384867524850001,0.113439721562,240,0.567198607809,0.113439721562,240,0.567198607809
secondary,current_ratio,0.20000000000000001,121,43020264,163,2dc3a89c8bf25f3fcab3b5ef570b65754b73fb079feee0c7740a95420ef18dae,0.028697130287000001,0.143485651435,False,,0.144370886492,120,0.72185443246000003,0.144370886492,120,0.72185443246000003,0.108226825301,240,0.54113412650699999,0.14181949178100001,240,0.70909745890300002,0.14181949178100001,240,0.70909745890300002
secondary,current_ratio,0.20000000000000001,122,43020265,164,ad4a4d81e79f40062fa16027e508009f2e5d6beecb4b15ee60fd017401c36818,0.12488751124899999,0.62443755624399999,False,,0.18381971706200001,120,0.91909858530800004,0.18381971706200001,120,0.91909858530800004,0.13065926420599999,240,0.65329632102799995,0.099007624476000006,240,0.49503812238,0.099007624476000006,240,0.49503812238
secondary,current_ratio,0.20000000000000001,123,43020266,165,e81686ed7047da4f0538cc700cf7e46a151298676dc2fa832605929169bd4512,0.092190780922000004,0.46095390461000002,False,,0.249545829267,120,1.2477291463339999,0.249545829267,120,1.2477291463339999,0.200981685272,240,1.004908426361,0.110603136827,240,0.55301568413400004,0.110603136827,240,0.55301568413400004
secondary,current_ratio,0.20000000000000001,124,43020267,166,ba6d413d5e289437626611540618a84b4648d08ad7ac0317e644c7783103969f,0.029497050295,0.147485251475,False,,0.26897633524999998,120,1.344881676248,0.26897633524999998,120,1.344881676248,0.22548790366499999,240,1.1274395183270001,0.14304593695500001,240,0.71522968477299997,0.14304593695500001,240,0.71522968477299997
secondary,current_ratio,0.20000000000000001,125,43020268,167,b7677e85470a9aecfc9c83e3c50f94bab66f02bf9846aca6076998458dbe6e47,0.259674032597,1,False,,0.020016647759999999,120,0.10008323880099999,0.020016647759999999,120,0.10008323880099999,-0.052172151473999999,240,-0.26086075737100001,0.072448454706000004,240,0.36224227352900001,0.072448454706000004,240,0.36224227352900001
secondary,current_ratio,0.20000000000000001,126,43020269,168,566d77bae7e9a433d256922f8eebad26a1547346cbe9ecac6906d7225f7ebebd,0.099690030996999995,0.498450154985,False,,0.12778591278599999,120,0.63892956393199996,0.12778591278599999,120,0.63892956393199996,0.050594133019000002,240,0.25297066509499999,0.107782705779,240,0.53891352889400002,0.107782705779,240,0.53891352889400002
secondary,current_ratio,0.20000000000000001,127,43020270,169,80b952fd9aa517df43264d2997051e3c2e9a27408361b58864a169ae599b8206,0.040795920408000001,0.20397960204000001,False,,0.17141013309600001,120,0.85705066547999997,0.17141013309600001,120,0.85705066547999997,0.115402700181,240,0.57701350090299997,0.13228659091799999,240,0.66143295458999996,0.13228659091799999,240,0.66143295458999996
secondary,current_ratio,0.20000000000000001,128,43020271,170,d28cd52154f4478883ea681264cf4f6ecd2adffbfdf4571c37b917d20d1d0b12,0.003699630037,0.018498150184999999,True,,0.32375342227199999,120,1.61876711136,0.32375342227199999,120,1.61876711136,0.21119520439299999,240,1.055976021967,0.19071744409899999,240,0.95358722049300004,0.19071744409899999,240,0.95358722049300004
secondary,current_ratio,0.20000000000000001,129,43020272,171,e8df2013cf46857d1f67084bccbbe02a7a98cb3a24bb7a19df450caa69a68980,0.072092790721,0.360463953605,False,,0.15320671209600001,120,0.76603356048000004,0.15320671209600001,120,0.76603356048000004,0.085803148891999997,240,0.42901574446200003,0.11681509457600001,240,0.58407547288200001,0.11681509457600001,240,0.58407547288200001
secondary,current_ratio,0.20000000000000001,130,43020273,172,de155cd454a99401b23f75f073de993a7b8f02b432bb6b2b905466c787a37a35,0.074892510748999996,0.37446255374499998,False,,0.21189075215399999,120,1.0594537607679999,0.21189075215399999,120,1.0594537607679999,0.173831017857,240,0.86915508928600005,0.11595535741599999,240,0.57977678707799996,0.11595535741599999,240,0.57977678707799996
secondary,current_ratio,0.20000000000000001,131,43020274,173,076d05e981c038c3600e811d5e12b1f9b9750858fe22f8bc9e614ec3281989b7,0.074592540745999997,0.37296270373000001,False,,0.18791497182799999,120,0.93957485913899996,0.18791497182799999,120,0.93957485913899996,0.12804283363800001,240,0.64021416819200005,0.11704178937900001,240,0.58520894689400005,0.11704178937900001,240,0.58520894689400005
secondary,current_ratio,0.20000000000000001,132,43020275,174,de5a84c60295734a64a1fc1b032c0876426f6bc7a395356ebe2d193543befae3,0.023397660234000001,0.11698830117,False,,0.25053329470500002,120,1.2526664735240001,0.25053329470500002,120,1.2526664735240001,0.18585748911899999,240,0.92928744559499998,0.14546808565899999,240,0.72734042829500001,0.14546808565899999,240,0.72734042829500001
secondary,current_ratio,0.20000000000000001,133,43020276,175,fa822eb51db10aa64187b1fb94bdc42dd4502f1651dead786159890d233ff617,0.040495950405000002,0.20247975202499999,False,,0.333153633063,120,1.6657681653159999,0.333153633063,120,1.6657681653159999,0.25339918033499997,240,1.2669959016750001,0.13400547415299999,240,0.67002737076399999,0.13400547415299999,240,0.67002737076399999
secondary,current_ratio,0.20000000000000001,134,43020277,176,fa37d19b1e482abc2a4f8716bc9087933ceaa49ae17a0b30918c50c25fd4daf6,0.13078692130799999,0.65393460653900004,False,,0.068396862135,120,0.34198431067599999,0.068396862135,120,0.34198431067599999,0.014337922913,240,0.071689614567000001,0.098015234482000002,240,0.490076172408,0.098015234482000002,240,0.490076172408
secondary,current_ratio,0.20000000000000001,135,43020278,177,14db8b256b056ad82867b542bd53dbea26845d71b3b124e2aed92c8e14d2fb94,0.035696430357,0.17848215178499999,False,,0.15610529729299999,120,0.78052648646300005,0.15610529729299999,120,0.78052648646300005,0.095129814036999993,240,0.47564907018500002,0.13651358441100001,240,0.68256792205399996,0.13651358441100001,240,0.68256792205399996
secondary,current_ratio,0.20000000000000001,136,43020279,178,0a03499ea2ce6c00a1b34216411e27ca5f0ba82ef0d44c061d5f03b4e3631197,0.105289471053,0.52644735526399999,False,,0.270540572684,120,1.35270286342,0.270540572684,120,1.35270286342,0.20534228923699999,240,1.0267114461869999,0.10697754285699999,240,0.53488771428399995,0.10697754285699999,240,0.53488771428399995
secondary,current_ratio,0.20000000000000001,137,43020280,179,109771328d0662b21a4626fc9947cadbddf3a55877079d7ce033289e591e4199,0.14818518148199999,0.740925907409,False,,0.051507354157000002,120,0.25753677078300002,0.051507354157000002,120,0.25753677078300002,0.067173687082,240,0.33586843541200001,0.093006630229999998,240,0.46503315115100002,0.093006630229999998,240,0.46503315115100002
secondary,current_ratio,0.20000000000000001,138,43020281,180,6a57181bb5572db66758012a01161baae4e06c666fcde8a7025de6e07a975b87,0.066893310669000006,0.33446655334499997,False,,0.15590200482399999,120,0.77951002411799997,0.15590200482399999,120,0.77951002411799997,0.12193733134900001,240,0.60968665674400002,0.117909030888,240,0.58954515443900002,0.117909030888,240,0.58954515443900002
secondary,current_ratio,0.20000000000000001,139,43020282,181,0016499b8f19dbb15288a8b184f45d08ef8fabeb923d4dd8cf5809f50563ccc3,0.139886011399,0.69943005699399996,False,,0.235404844857,120,1.1770242242869999,0.235404844857,120,1.1770242242869999,0.177455121021,240,0.88727560510600001,0.095600686838999999,240,0.47800343419399999,0.095600686838999999,240,0.47800343419399999
secondary,current_ratio,0.20000000000000001,140,43020283,182,f75a7d98c5faf74dd143d8f87ec6d03b6d55d4dcc696e1f44b16e2afc4ab5c82,0.034296570343000002,0.171482851715,False,,0.184927745876,120,0.92463872938000002,0.184927745876,120,0.92463872938000002,0.108016055046,240,0.54008027523199997,0.13762379603300001,240,0.68811898016600004,0.13762379603300001,240,0.68811898016600004
secondary,current_ratio,0.20000000000000001,141,43020284,183,770da63bf229e99865c3976f0f84f92925ecbbedfed8adcea8ff551122d7ebe2,0.036396360363999999,0.18198180182000001,False,,0.148217896199,120,0.74108948099700001,0.148217896199,120,0.74108948099700001,0.063127866283000003,240,0.315639331415,0.13609954659000001,240,0.68049773294899996,0.13609954659000001,240,0.68049773294899996
secondary,current_ratio,0.20000000000000001,142,43020285,184,742dbd8434af65465f3b74cb07570dbbde7c0fbd0e75dbbb162209706228d50e,0.16078392160800001,0.80391960803899998,False,,0.043127800333000003,120,0.215639001666,0.043127800333000003,120,0.215639001666,0.031942733102999998,240,0.15971366551300001,0.091123499132999997,240,0.45561749566699999,0.091123499132999997,240,0.45561749566699999
secondary,current_ratio,0.20000000000000001,143,43020286,185,76f85fb320b1edb6ef91e7480be253d24e4beba2503566f111a8cc2a9b13bebc,0.047695230477,0.238476152385,False,,0.27245916285100003,120,1.3622958142529999,0.27245916285100003,120,1.3622958142529999,0.18715046971999999,240,0.93575234859900003,0.12773101396299999,240,0.638655069814,0.12773101396299999,240,0.638655069814
secondary,current_ratio,0.20000000000000001,144,43020287,186,77a86f4c62036ebb7cb388da95f8b237787068a35adab439af46c03f64cbf16f,0.033696630337000003,0.168483151685,False,,0.22281559352200001,120,1.114077967609,0.22281559352200001,120,1.114077967609,0.16541994012,240,0.82709970059899995,0.13791242636699999,240,0.68956213183699999,0.13791242636699999,240,0.68956213183699999
secondary,current_ratio,0.20000000000000001,145,43020288,187,31c1fc328deefda3545fd21280657e6e1e4f50aed58664730c38ffbfddbb0280,0.145685431457,0.72842715728399998,False,,0.052918920792000002,120,0.26459460396099999,0.052918920792000002,120,0.26459460396099999,0.066816910504000002,240,0.33408455252199998,0.093264535039999999,240,0.466322675199,0.093264535039999999,240,0.466322675199
secondary,current_ratio,0.20000000000000001,146,43020289,188,b29d10d6624cfa12bad58814d36bf54a1f5d08f9075a1aa48f52f1b156c67af1,0.091190880912000005,0.45595440456000003,False,,0.20946083072900001,120,1.0473041536459999,0.20946083072900001,120,1.0473041536459999,0.12583401463900001,240,0.629170073193,0.11018124370600001,240,0.55090621852900001,0.11018124370600001,240,0.55090621852900001
secondary,current_ratio,0.20000000000000001,147,43020290,189,b73433f38a4bf7b4c480826693cd01e4cc790c6926a9aa1986f12e81046dbdec,0.013198680132,0.065993400660000007,False,,0.27482027871300002,120,1.3741013935649999,0.27482027871300002,120,1.3741013935649999,0.214631445546,240,1.073157227731,0.157603173367,240,0.78801586683699998,0.157603173367,240,0.78801586683699998
secondary,current_ratio,0.20000000000000001,148,43020291,190,42afcde9e7d77f9ac4c02dfab65e825890a97e8b1c8543bdc58d983d829aaffd,0.048795120487999999,0.24397560243999999,False,,0.19364889622500001,120,0.96824448112399997,0.19364889622500001,120,0.96824448112399997,0.13290265225299999,240,0.66451326126400001,0.12697299438199999,240,0.634864971911,0.12697299438199999,240,0.634864971911
secondary,current_ratio,0.20000000000000001,149,43020292,191,8c76f51f2829c48c6ba0b7e9078df5117e849b728d93686c2d77176f83f0324c,0.19748025197499999,0.98740125987399996,False,,0.28336283400899998,120,1.4168141700450001,0.28336283400899998,120,1.4168141700450001,0.17979993733800001,240,0.89899968669100006,0.082996809579999997,240,0.41498404789999999,0.082996809579999997,240,0.41498404789999999
secondary,current_ratio,0.20000000000000001,150,43020293,192,87984c69d898ade0758fcebb36d2a9ceedfda87f595bbd9f95871108de837a4e,0.073992600739999997,0.36996300370000001,False,,0.17817533485000001,120,0.89087667424799999,0.17817533485000001,120,0.89087667424799999,0.131988396876,240,0.65994198437999996,0.11463514667499999,240,0.57317573337500005,0.11463514667499999,240,0.57317573337500005
secondary,current_ratio,0.20000000000000001,151,43020294,193,63620874593e49a691565b5641d5d368bdc1c46c266407e87bad95a9d40f8e44,0.026697330267,0.13348665133500001,False,,0.305519370485,120,1.5275968524270001,0.305519370485,120,1.5275968524270001,0.22160195062999999,240,1.1080097531519999,0.144975607851,240,0.72487803925299998,0.144975607851,240,0.72487803925299998
secondary,current_ratio,0.20000000000000001,152,43020295,194,ffbc6f3ed4a9033f8509c9b86760b8dd110ff8cd97dc61f799b3451d1db71163,0.036296370363,0.18148185181500001,False,,0.26453963363600003,120,1.3226981681800001,0.26453963363600003,120,1.3226981681800001,0.14579607606700001,240,0.72898038033500001,0.13738881621599999,240,0.68694408107799998,0.13738881621599999,240,0.68694408107799998
secondary,current_ratio,0.20000000000000001,153,43020296,195,bac58ddadc75dcb1f939bc2da5ddbbc6c8e59e4a19a6fbcd806d00999ad8b373,0.111888811119,0.55944405559400001,False,,0.100875420935,120,0.50437710467300001,0.100875420935,120,0.50437710467300001,0.061947957360999999,240,0.30973978680300002,0.10180473671900001,240,0.50902368359299999,0.10180473671900001,240,0.50902368359299999
secondary,current_ratio,0.20000000000000001,154,43020297,196,8d4fbd51349d8dd7a4132412e1cddfc1f8326a0849df35dfd9068f5cee12e191,0.237376262374,1,False,,0.18188870419,120,0.90944352094799996,0.18188870419,120,0.90944352094799996,0.141650785266,240,0.70825392633200002,0.078027310017000001,240,0.39013655008699999,0.078027310017000001,240,0.39013655008699999
secondary,current_ratio,0.20000000000000001,155,43020298,197,7142caf2579c5e5afd876c1169ce3f92d5ab4541d0224f0ebb31599dbd18a863,0.111088891111,0.55544445555400002,False,,0.058070512381999999,120,0.29035256191100001,0.058070512381999999,120,0.29035256191100001,0.021695787548000001,240,0.10847893774099999,0.103914495944,240,0.51957247972099996,0.103914495944,240,0.51957247972099996
secondary,current_ratio,0.20000000000000001,156,43020299,198,3e902390428f00e861e67ee3cef721f70dfe53ab694c363d46df99801cdd535d,0.068593140686000004,0.34296570342999999,False,,0.222218539794,120,1.111092698972,0.222218539794,120,1.111092698972,0.127937873827,240,0.63968936913499996,0.11839342113699999,240,0.59196710568699995,0.11839342113699999,240,0.59196710568699995
secondary,current_ratio,0.20000000000000001,157,43020300,199,1da3880700975c67f75a360453a75dc3101521e1a55d110ee2e61a98ed9f7330,0.037896210378999998,0.189481051895,False,,0.226735547446,120,1.1336777372310001,0.226735547446,120,1.1336777372310001,0.15950033897999999,240,0.79750169489800005,0.13336486040600001,240,0.66682430203099996,0.13336486040600001,240,0.66682430203099996
secondary,current_ratio,0.20000000000000001,158,43020301,200,eb8198a55d73511d6c337a6f158b4096fc19dfea65cf3f7fe1b5cf1306e740be,0.003399660034,0.016998300170000001,True,,0.19902384528399999,120,0.99511922641899997,0.19902384528399999,120,0.99511922641899997,0.12526760900600001,240,0.62633804503099999,0.185365927795,240,0.92682963897600001,0.185365927795,240,0.92682963897600001
secondary,current_ratio,0.20000000000000001,159,43020302,201,9615fac53750fb22fee33319de91f39c7f6fd091b17cae4452fb4426b55da0cb,0.038096190380999997,0.190480951905,False,,0.21061810431200001,120,1.053090521561,0.21061810431200001,120,1.053090521561,0.115317753094,240,0.576588765472,0.13405239457699999,240,0.67026197288599998,0.13405239457699999,240,0.67026197288599998
secondary,current_ratio,0.20000000000000001,160,43020303,202,239486068ca83fdede97f2977ab5b2996a3108d1a35243b8541970d6bea5896e,0.081991800820000002,0.40995900410000002,False,,0.22962896610200001,120,1.148144830511,0.22962896610200001,120,1.148144830511,0.16316863366199999,240,0.81584316831199999,0.11346311620000001,240,0.56731558099799995,0.11346311620000001,240,0.56731558099799995
secondary,current_ratio,0.20000000000000001,161,43020304,203,458f54bdefd1a80c626c39a1402ac8c3530fc13f5ab45de1e01a78d38d8a017b,0.075592440755999996,0.37796220378000001,False,,0.148079997086,120,0.74039998542899998,0.148079997086,120,0.74039998542899998,0.066821106968000005,240,0.33410553483900002,0.11619013245,240,0.58095066225000003,0.11619013245,240,0.58095066225000003
secondary,current_ratio,0.20000000000000001,162,43020305,204,18821833aff87e5a417556e676cf8ef64b2ce536969679c98053d336604aebb0,0.034296570343000002,0.171482851715,False,,0.32406048466600001,120,1.620302423329,0.32406048466600001,120,1.620302423329,0.229604712898,240,1.148023564491,0.137396525164,240,0.68698262581900005,0.137396525164,240,0.68698262581900005
secondary,current_ratio,0.20000000000000001,163,43020306,205,4e6589d15f0a82127daac96a0745cbec51d2486ff283759ab98e9772410fd4f2,0.059694030597,0.29847015298500001,False,,0.23701791698800001,120,1.185089584939,0.23701791698800001,120,1.185089584939,0.14807517581999999,240,0.74037587909799996,0.12526198824500001,240,0.62630994122500006,0.12526198824500001,240,0.62630994122500006
secondary,current_ratio,0.20000000000000001,164,43020307,206,682d68acecdc8522060c2f8b54737926ff0a3466e7be9b5c045c81b4b5d084f5,0.078792120788000006,0.39396060393999999,False,,0.27204746643799999,120,1.3602373321900001,0.27204746643799999,120,1.3602373321900001,0.165487663062,240,0.82743831530900003,0.114682056659,240,0.57341028329499999,0.114682056659,240,0.57341028329499999
secondary,current_ratio,0.20000000000000001,165,43020308,207,28b3ae1319296c489731c5dbc88f788b7f91e27006a8e34d6fce1b4b247c2908,0.038496150384999997,0.192480751925,False,,0.235950143311,120,1.179750716557,0.235950143311,120,1.179750716557,0.14362385346699999,240,0.718119267334,0.13566201100700001,240,0.67831005503499997,0.13566201100700001,240,0.67831005503499997
secondary,current_ratio,0.20000000000000001,166,43020309,208,6fe07fdbdcfdf03c12831157759b2728e424a860abc5f4604eebae5683b852d1,0.074292570742999997,0.37146285371499999,False,,0.31666699969000001,120,1.5833349984480001,0.31666699969000001,120,1.5833349984480001,0.186906091681,240,0.934530458407,0.116486928739,240,0.58243464369700004,0.116486928739,240,0.58243464369700004
secondary,current_ratio,0.20000000000000001,167,43020310,209,4d6ee84db5c765dcf0b0a1d3638f35a811511e076800b0a029bb01ea250253d9,0.023497650235,0.117488251175,False,,0.23582586612799999,120,1.1791293306399999,0.23582586612799999,120,1.1791293306399999,0.16044321911100001,240,0.80221609555600004,0.14587445574499999,240,0.72937227872400001,0.14587445574499999,240,0.72937227872400001
secondary,current_ratio,0.20000000000000001,168,43020311,210,66c834bdab68fe741f5af7f9270f66e26704146dd46e47987e867d4c90c38361,0.147385261474,0.736926307369,False,,0.31727149115100001,120,1.586357455755,0.31727149115100001,120,1.586357455755,0.22219736117300001,240,1.1109868058650001,0.092647095762000004,240,0.46323547880900001,0.092647095762000004,240,0.46323547880900001
secondary,current_ratio,0.20000000000000001,169,43020312,211,22e6eb4387d075a4395391ed3499693d589aed8f6c722a3d16baf40051de7cf1,0.12738726127399999,0.636936306369,False,,0.245268777454,120,1.2263438872679999,0.245268777454,120,1.2263438872679999,0.150742343316,240,0.753711716581,0.096702571867000001,240,0.48351285933400001,0.096702571867000001,240,0.48351285933400001
secondary,current_ratio,0.20000000000000001,170,43020313,212,a35293fadc2e28128c40029f76267e10d8cb59c08f8b90c635af99b3a090afc6,0.084591540845999999,0.42295770423000001,False,,0.13571712407200001,120,0.67858562035900005,0.13571712407200001,120,0.67858562035900005,0.089851174138000006,240,0.44925587068900003,0.111103125028,240,0.55551562513999997,0.111103125028,240,0.55551562513999997
secondary,current_ratio,0.20000000000000001,171,43020314,213,2d6a72d995375f5b2c1a5eeac648727aa3bff61bbb662b2e32983c8a31a5dc48,0.077492250774999993,0.38746125387500002,False,,0.19277129304599999,120,0.96385646523199997,0.19277129304599999,120,0.96385646523199997,0.103292312523,240,0.516461562614,0.11512708963,240,0.57563544814800005,0.11512708963,240,0.57563544814800005
secondary,current_ratio,0.20000000000000001,172,43020315,214,c66cc93fa3f0f35b51b28b1ac77d3b0a6853944ef247e1cbae0f9e283aa791a1,0.29387061293900002,1,False,,-0.0051858145329999996,120,-0.025929072665999999,-0.0051858145329999996,120,-0.025929072665999999,-0.029678490881999999,240,-0.148392454408,0.068494877152000005,240,0.34247438576,0.068494877152000005,240,0.34247438576
secondary,current_ratio,0.20000000000000001,173,43020316,215,718f2c20c78c4e37680c247009d8144fc71177ad6ddc8f9a8952aa6da2bb9326,0.032596740325999997,0.16298370163000001,False,,0.244131195415,120,1.2206559770750001,0.244131195415,120,1.2206559770750001,0.15081932715499999,240,0.75409663577399999,0.136029521668,240,0.68014760833800003,0.136029521668,240,0.68014760833800003
secondary,current_ratio,0.20000000000000001,174,43020317,216,fb5c39b5e0896db7c5ba629983bcf5835300bc7c476d3bbd27d441b5cd443341,0.052894710529000001,0.264473552645,False,,0.13371945356600001,120,0.66859726783200002,0.13371945356600001,120,0.66859726783200002,0.055556757569999997,240,0.277783787851,0.12608214466000001,240,0.63041072330199999,0.12608214466000001,240,0.63041072330199999
secondary,current_ratio,0.20000000000000001,175,43020318,217,0ad12a2e01d85b53530d142987724be2ab21a5fb87804b885627a895d37f9d50,0.11248875112499999,0.56244375562399995,False,,0.10145100416400001,120,0.50725502082100005,0.10145100416400001,120,0.50725502082100005,0.11058543096700001,240,0.55292715483499999,0.102750402829,240,0.51375201414399996,0.102750402829,240,0.51375201414399996
secondary,current_ratio,0.20000000000000001,176,43020319,218,0e07d4ef0ad530c862812074f48e0bcbe1a3d4e47ffb0bbcaa9845b6ac41f00c,0.076692330766999994,0.38346165383500003,False,,0.258228057909,120,1.291140289543,0.258228057909,120,1.291140289543,0.183559258492,240,0.91779629246000005,0.11518992324000001,240,0.57594961619899998,0.11518992324000001,240,0.57594961619899998
secondary,current_ratio,0.20000000000000001,177,43020320,219,22b57f2f60bf7b1ebbe83f48ed4631dc4cb31b48d4272025bceadfdc40c467f6,0.091590840916000005,0.45795420458000002,False,,0.12449982217699999,120,0.62249911088700005,0.12449982217699999,120,0.62249911088700005,0.084606922296000003,240,0.42303461148100002,0.107727693216,240,0.53863846608099997,0.107727693216,240,0.53863846608099997
secondary,current_ratio,0.20000000000000001,178,43020321,220,5e0fde44d894c201c18708c3c459eb2aa79f6850f33a95421d6ba72d5a305d04,0.12418758124199999,0.62093790620900002,False,,0.15355152700300001,120,0.76775763501299998,0.15355152700300001,120,0.76775763501299998,0.077522183125000005,240,0.387610915625,0.100421983607,240,0.50210991803299998,0.100421983607,240,0.50210991803299998
secondary,current_ratio,0.20000000000000001,179,43020322,221,5de5ba286a76ca9fe92101d88e7197abedc71e682b0e4a752765f57d46d891d9,0.022797720228000001,0.11398860114000001,False,,0.29304552477899998,120,1.465227623893,0.29304552477899998,120,1.465227623893,0.20096080627900001,240,1.004804031395,0.145975853328,240,0.72987926664199998,0.145975853328,240,0.72987926664199998
secondary,current_ratio,0.20000000000000001,180,43020323,222,27738f19d36047ee47770ccf32a863bbf4d88881507294ef1ac456512e4cd7b8,0.019098090190999999,0.095490450955,False,,0.23519324757499999,120,1.175966237873,0.23519324757499999,120,1.175966237873,0.14989368099,240,0.74946840494800004,0.15024210097599999,240,0.75121050487899999,0.15024210097599999,240,0.75121050487899999
secondary,current_ratio,0.20000000000000001,181,43020324,223,da4ad1591cb38efe4c989fee119341dd7c35d3c1daca281a589985d3a7228022,0.140585941406,0.70292970702900004,False,,0.20645783955999999,120,1.032289197801,0.20645783955999999,120,1.032289197801,0.123385458738,240,0.61692729368999999,0.095186525379000006,240,0.47593262689400001,0.095186525379000006,240,0.47593262689400001
secondary,current_ratio,0.20000000000000001,182,43020325,224,5772609f6c2f5735e81f122342596811c6a869d185a900cf7a23f0d1a0058c6d,0.080391960804000004,0.40195980401999998,False,,0.268000020949,120,1.3400001047450001,0.268000020949,120,1.3400001047450001,0.163370252129,240,0.816851260646,0.11355676142399999,240,0.56778380711999998,0.11355676142399999,240,0.56778380711999998
secondary,current_ratio,0.20000000000000001,183,43020326,225,57f3dfa9a4e69f0bc5080db553de69bf92fd49cdfec17e364b19626bf3be4296,0.036896310368999999,0.18448155184500001,False,,0.22417331039400001,120,1.120866551969,0.22417331039400001,120,1.120866551969,0.157571566977,240,0.78785783488500005,0.13611511761600001,240,0.680575588078,0.13611511761600001,240,0.680575588078
secondary,current_ratio,0.20000000000000001,184,43020327,226,0209a3d4009931fb98140b4e8c8660d850ebdc9d8467378ced2bfaef3cf6c4fb,0.067393260674000005,0.33696630337,False,,0.17310232896399999,120,0.865511644819,0.17310232896399999,120,0.865511644819,0.097298567025000005,240,0.48649283512500002,0.11960456949000001,240,0.59802284744900003,0.11960456949000001,240,0.59802284744900003
secondary,current_ratio,0.20000000000000001,185,43020328,227,f15d1fb7d25d8e23d95790826d182a1724f5d4012be092d7c31301f95a0851dc,0.069993000700000002,0.34996500349999998,False,,0.21024505871599999,120,1.0512252935819999,0.21024505871599999,120,1.0512252935819999,0.16928814957300001,240,0.84644074786400003,0.11670567171100001,240,0.58352835855700003,0.11670567171100001,240,0.58352835855700003
secondary,current_ratio,0.20000000000000001,186,43020329,228,33fcee2d3c91f50751b11225d87696dc8f90de5964042df8434015e4c4119887,0.10898910109,0.544945505449,False,,0.12800655331300001,120,0.64003276656499997,0.12800655331300001,120,0.64003276656499997,0.098033378948999994,240,0.49016689474699998,0.105040019225,240,0.52520009612399998,0.105040019225,240,0.52520009612399998
secondary,current_ratio,0.20000000000000001,187,43020330,229,d64e21a0bc0f66c150c5636916551df5b336f4939158ce29a8ba652a5af8be11,0.036696330366999999,0.18348165183500001,False,,0.19649143860099999,120,0.98245719300500001,0.19649143860099999,120,0.98245719300500001,0.14088161682600001,240,0.70440808412800004,0.137209376671,240,0.68604688335499997,0.137209376671,240,0.68604688335499997
secondary,current_ratio,0.20000000000000001,188,43020331,230,b828583e2c06e3ae8304a455416ef129604255c43aa675563b066609bcf1c489,0.116088391161,0.58044195580400004,False,,0.13005463927899999,120,0.65027319639299996,0.13005463927899999,120,0.65027319639299996,0.082379804217000002,240,0.41189902108499998,0.101828335223,240,0.50914167611700001,0.101828335223,240,0.50914167611700001
secondary,current_ratio,0.20000000000000001,189,43020332,231,c0c9174dde04cf75dfb696dcab114b5c47d67b243aea01800a1f4a04eaa8df0a,0.13298670133000001,0.66493350664899997,False,,0.040543547286999999,120,0.202717736437,0.040543547286999999,120,0.202717736437,0.051616827599999998,240,0.25808413800199997,0.098569918911999996,240,0.49284959456100003,0.098569918911999996,240,0.49284959456100003
secondary,current_ratio,0.20000000000000001,190,43020333,232,6c81af4f83fb7491b7d306f338d0f837ae29cfed9292be327af07100ccd0dadf,0.076592340765999994,0.38296170383,False,,0.27328478389999999,120,1.366423919499,0.27328478389999999,120,1.366423919499,0.21274606080799999,240,1.063730304038,0.11738531614599999,240,0.58692658073199999,0.11738531614599999,240,0.58692658073199999
secondary,current_ratio,0.20000000000000001,191,43020334,233,9eb820e8624aa1b1871a869c124f7b1662f25e351227a85ea22830a85d1b0bdf,0.049295070492999998,0.24647535246499999,False,,0.24313526911200001,120,1.2156763455599999,0.24313526911200001,120,1.2156763455599999,0.15318173205800001,240,0.76590866028799998,0.126832469763,240,0.63416234881599998,0.126832469763,240,0.63416234881599998
secondary,current_ratio,0.20000000000000001,192,43020335,234,bd548bc86c0789779568e9bde8431d6571278b6847b7e98e5fbfab9b2c20f418,0.082291770823000002,0.41145885411499999,False,,0.17012102497500001,120,0.85060512487399997,0.17012102497500001,120,0.85060512487399997,0.130974193692,240,0.65487096846000004,0.11146272763499999,240,0.55731363817699997,0.11146272763499999,240,0.55731363817699997
secondary,current_ratio,0.20000000000000001,193,43020336,235,9acc8182ba4aca87127eaa8dbe95fcf58f6f78b5f27cc8ca248cfb32a8059ab8,0.040295970403000002,0.20147985201499999,False,,0.137440882727,120,0.687204413633,0.137440882727,120,0.687204413633,0.059118591472999998,240,0.295592957366,0.131661350008,240,0.65830675004100003,0.131661350008,240,0.65830675004100003
secondary,current_ratio,0.20000000000000001,194,43020337,236,57d7ceec57e5a6b82bd77d029ef6619128ca1ddabcbf641828a50ae3f6a062cf,0.16298370163000001,0.81491850814900002,False,,0.080143262154,120,0.40071631077199998,0.080143262154,120,0.40071631077199998,0.068531620505999993,240,0.34265810253099999,0.090482662470000003,240,0.45241331234999999,0.090482662470000003,240,0.45241331234999999
secondary,current_ratio,0.20000000000000001,195,43020338,237,873abcca716da8676369e3a381e65b64fb9da0a37077aa92559653d0c9f643e9,0.106089391061,0.53044695530399999,False,,0.124945400052,120,0.62472700025899996,0.124945400052,120,0.62472700025899996,0.06318866829,240,0.315943341451,0.104610038911,240,0.52305019455599999,0.104610038911,240,0.52305019455599999
secondary,current_ratio,0.20000000000000001,196,43020339,238,5ab0de4b5a78ebb06a0cc57008f09d60e80d8fbb81fe23ea25686912f58138f1,0.051294870513000003,0.25647435256500001,False,,0.23987232924400001,120,1.1993616462209999,0.23987232924400001,120,1.1993616462209999,0.14420827220099999,240,0.72104136100500005,0.12830150753899999,240,0.64150753769500002,0.12830150753899999,240,0.64150753769500002
secondary,current_ratio,0.20000000000000001,197,43020340,239,fe32feb8e064f6959029e44146518b7add061c1b0389bb7e3f2afc5a4410b77c,0.16238376162400001,0.81191880811899997,False,,0.21379614135899999,120,1.0689807067949999,0.21379614135899999,120,1.0689807067949999,0.116092725085,240,0.58046362542399998,0.091287323692000003,240,0.45643661845900002,0.091287323692000003,240,0.45643661845900002
secondary,current_ratio,0.20000000000000001,198,43020341,240,e9f78e174f92b40e40565b9b2dfbd233293e18a7d5f83cdebc15152955f3b941,0.075992400759999995,0.3799620038,False,,0.24129255086199999,120,1.2064627543119999,0.24129255086199999,120,1.2064627543119999,0.16674675861900001,240,0.83373379309700002,0.114088041509,240,0.57044020754400004,0.114088041509,240,0.57044020754400004
secondary,current_ratio,0.20000000000000001,199,43020342,241,318c9e330bbfea81f4540cf41d9b0182c4392a0c7d1e93313862c22246778a33,0.13538646135400001,0.67693230676899996,False,,0.188972708642,120,0.94486354321199995,0.188972708642,120,0.94486354321199995,0.105225548026,240,0.52612774013100005,0.098007436330000003,240,0.49003718165100002,0.098007436330000003,240,0.49003718165100002
secondary,current_ratio,0.29999999999999999,0,43030150,42,f4d9ef3dbe4ef4be77f205cb5ea6573895a764637437c7c9ad518028ca70ea56,0.082691730827000001,0.41345865413499999,False,,0.396958601676,120,1.3231953389190001,0.396958601676,120,1.3231953389190001,0.25206984017099998,240,0.84023280057100003,0.11267379960600001,240,0.375579332022,0.11267379960600001,240,0.375579332022
secondary,current_ratio,0.29999999999999999,1,43030151,43,d6af120c72c4101cd76b57cae4667366d845b38a0c0a9decb0341f99f6c48c69,0.01499850015,0.074992500749999996,False,,0.30373945793700002,120,1.0124648597920001,0.30373945793700002,120,1.0124648597920001,0.20256972581900001,240,0.67523241939800005,0.15909515793199999,240,0.53031719310799996,0.15909515793199999,240,0.53031719310799996
secondary,current_ratio,0.29999999999999999,2,43030152,44,f0fe75dd93fc9c09f3d0671300ba6471cd490aab2c2406120d7603500de7160b,0.166583341666,0.832916708329,False,,0.23858941068799999,120,0.79529803562699997,0.23858941068799999,120,0.79529803562699997,0.18258118606400001,240,0.60860395354700003,0.089279635745999994,240,0.29759878581900001,0.089279635745999994,240,0.29759878581900001
secondary,current_ratio,0.29999999999999999,3,43030153,45,84042e6e8664c822aa77d6658b9559eb6ad5ea12d9ac703b3bd151792727f224,0.00049995000499999996,0.0024997500250000001,True,,0.48663494719200001,120,1.622116490642,0.48663494719200001,120,1.622116490642,0.33097901151499998,240,1.1032633717160001,0.22139467722200001,240,0.73798225740500001,0.22139467722200001,240,0.73798225740500001
secondary,current_ratio,0.29999999999999999,4,43030154,46,7342b10b6e2c6144b5cff7d57ebcd72f7ddbf5acbb6b22b8de761ae7e2bfcbfa,0.043195680431999998,0.21597840216,False,,0.31795215174000002,120,1.0598405057989999,0.31795215174000002,120,1.0598405057989999,0.209159596891,240,0.69719865630300004,0.13323186687800001,240,0.44410622292700003,0.13323186687800001,240,0.44410622292700003
secondary,current_ratio,0.29999999999999999,5,43030155,47,087b3e7c7be97b346db0823460af921f16005b651e980a46964f4a67a5171f2c,0.0017998200180000001,0.00899910009,True,,0.41300285095200001,120,1.3766761698400001,0.41300285095200001,120,1.3766761698400001,0.25101138585400001,240,0.83670461951200004,0.20410238279199999,240,0.68034127597299998,0.20410238279199999,240,0.68034127597299998
secondary,current_ratio,0.29999999999999999,6,43030156,48,8906bfd54f55053ea7e26c02f062c6752c3f0e1ca47cc70a5759c8d22387334c,0.13588641135900001,0.67943205679399998,False,,0.062106144825000001,120,0.20702048275000001,0.062106144825000001,120,0.20702048275000001,0.084001797503999998,240,0.28000599167899998,0.098038568674000001,240,0.32679522891200002,0.098038568674000001,240,0.32679522891200002
secondary,current_ratio,0.29999999999999999,7,43030157,49,2f6ac5f4f6cfce269a52de4deee21099965099400f3cd0125e063619caaa1df9,0.028597140286000002,0.14298570143,False,,0.26801911978300003,120,0.89339706594199997,0.26801911978300003,120,0.89339706594199997,0.18432381485800001,240,0.614412716192,0.14381985012199999,240,0.47939950040599999,0.14381985012199999,240,0.47939950040599999
secondary,current_ratio,0.29999999999999999,8,43030158,50,31962a37241a7c949d3301e749cff095866310c9f7635b26b8f17e9c186f7eae,0.041895810419,0.20947905209500001,False,,0.32982740361599999,120,1.0994246787190001,0.32982740361599999,120,1.0994246787190001,0.218968992433,240,0.72989664144400002,0.13327874920300001,240,0.44426249734500001,0.13327874920300001,240,0.44426249734500001
secondary,current_ratio,0.29999999999999999,9,43030159,51,3544583577df1d1f79cbec6c27303942cb1aa896e3dcf0b1b3433035b2f0f5d2,0.0031996800320000002,0.015998400159999999,True,,0.39648983015599998,120,1.3216327671879999,0.39648983015599998,120,1.3216327671879999,0.27955727357999999,240,0.93185757859899998,0.18740450337100001,240,0.62468167790200002,0.18740450337100001,240,0.62468167790200002
secondary,current_ratio,0.29999999999999999,10,43030160,52,2d393ffb8b75b234b73971b0b987da7f7c5043006d5b78e28cf3f28694bf3cbb,0.016798320168000001,0.08399160084,False,,0.34957376519700001,120,1.165245883991,0.34957376519700001,120,1.165245883991,0.230179254044,240,0.76726418014700004,0.15388373305299999,240,0.51294577684300002,0.15388373305299999,240,0.51294577684300002
secondary,current_ratio,0.29999999999999999,11,43030161,53,5bb107a69b3adbd3bd138ed75139186a6453225463ee9968cd13321440eddfd6,0.010898910108999999,0.054494550544999999,False,,0.39014480169299998,120,1.3004826723109999,0.39014480169299998,120,1.3004826723109999,0.29832110621699998,240,0.99440368739100005,0.16729971268800001,240,0.55766570896099998,0.16729971268800001,240,0.55766570896099998
secondary,current_ratio,0.29999999999999999,12,43030162,54,d25b1ffdcce1d6da5b7a015f87b25246bd06b97c1b18bd9f7ee1dff83de63e85,0.032696730326999997,0.163483651635,False,,0.34279404262399998,120,1.142646808746,0.34279404262399998,120,1.142646808746,0.26551322965200003,240,0.88504409884000002,0.140365618212,240,0.46788539403899998,0.140365618212,240,0.46788539403899998
secondary,current_ratio,0.29999999999999999,13,43030163,55,23d1e518c3a344f5886f50700b23d220ec8869d9725e52b28c04e69b18982df1,0.015198480152,0.075992400759999995,False,,0.41429899418499999,120,1.3809966472849999,0.41429899418499999,120,1.3809966472849999,0.26862626511499998,240,0.89542088371799999,0.15819679507000001,240,0.52732265023400005,0.15819679507000001,240,0.52732265023400005
secondary,current_ratio,0.29999999999999999,14,43030164,56,4a09d830d4120a673c9c50b9e7168604c0404834ea92ab3032284dfd95779cf4,0.0042995700430000002,0.021497850214999999,True,,0.35411207597200001,120,1.180373586572,0.35411207597200001,120,1.180373586572,0.23338801484300001,240,0.77796004947700004,0.18870237929,240,0.62900793096700003,0.18870237929,240,0.62900793096700003
secondary,current_ratio,0.29999999999999999,15,43030165,57,b10c517659fd364f2f7b255c77436811211a99674529c8faa55b2ee5f949527d,0.061193880611999998,0.30596940305999998,False,,0.35716653260499998,120,1.1905551086820001,0.35716653260499998,120,1.1905551086820001,0.24746100220299999,240,0.82487000734399996,0.12087045015599999,240,0.40290150052000001,0.12087045015599999,240,0.40290150052000001
secondary,current_ratio,0.29999999999999999,16,43030166,58,5971f2fa1fc0f96cbfb526dd7c6a28b0e69ed17ac09da82ad5d93656b4452004,0.010398960104,0.051994800520000002,False,,0.31809574003399999,120,1.060319133445,0.31809574003399999,120,1.060319133445,0.20324957630099999,240,0.677498587672,0.16577585852400001,240,0.55258619508100004,0.16577585852400001,240,0.55258619508100004
secondary,current_ratio,0.29999999999999999,17,43030167,59,ee1c8fab2a83682847aba95f3ff03b78ff8322689a76687b2266e511a153af4c,0.0039996000399999997,0.019998000200000001,True,,0.44269946537900001,120,1.4756648845960001,0.44269946537900001,120,1.4756648845960001,0.30464319134200002,240,1.0154773044730001,0.187115791526,240,0.62371930508700002,0.187115791526,240,0.62371930508700002
secondary,current_ratio,0.29999999999999999,18,43030168,60,b36b8450990514dd595819744cb14ef665d07e4e2101fc8596d067792f898afe,0.018898110188999999,0.094490550945000001,False,,0.259392494995,120,0.86464164998299997,0.259392494995,120,0.86464164998299997,0.171798102545,240,0.57266034181500003,0.153164643967,240,0.51054881322500001,0.153164643967,240,0.51054881322500001
secondary,current_ratio,0.29999999999999999,19,43030169,61,c56464857ea0dc1a93db9b906c2c24fc9183c4231aea4d6bb2c110c181223ce6,0.040395960404000002,0.20197980201999999,False,,0.28227262346400001,120,0.94090874488099996,0.28227262346400001,120,0.94090874488099996,0.21584132888300001,240,0.71947109627799999,0.13173945534600001,240,0.43913151781900001,0.13173945534600001,240,0.43913151781900001
secondary,current_ratio,0.29999999999999999,20,43030170,62,de864961bcd7c7bdd5a2f5dabe343466afe21165fbe8731f08fd7c031df545c8,0.019398060193999998,0.096990300969999999,False,,0.27771093747699999,120,0.92570312492200002,0.27771093747699999,120,0.92570312492200002,0.19118126042700001,240,0.63727086808900002,0.14897665387100001,240,0.496588846237,0.14897665387100001,240,0.496588846237
secondary,current_ratio,0.29999999999999999,21,43030171,63,a5ceee3e72f9f9927d8b5855bd75574fbcaed5270b4a2447ff45da8d25916852,0.018498150184999999,0.092490750925000004,False,,0.38959476060999998,120,1.298649202032,0.38959476060999998,120,1.298649202032,0.24011507495199999,240,0.80038358317299996,0.152969271638,240,0.50989757212700004,0.152969271638,240,0.50989757212700004
secondary,current_ratio,0.29999999999999999,22,43030172,64,614985326c9131952940efb111575d5262689bb7d958911fc05742d9e3b45246,0.042595740425999999,0.21297870213,False,,0.37139250060899998,120,1.2379750020289999,0.37139250060899998,120,1.2379750020289999,0.23437392649700001,240,0.781246421656,0.12807467279500001,240,0.42691557598500002,0.12807467279500001,240,0.42691557598500002
secondary,current_ratio,0.29999999999999999,23,43030173,65,638b74160a23f05c8c832ac339d5069697ce1ef26985fbe25f758afe0c4b051b,0.080291970803000004,0.40145985401500001,False,,0.30265804559699999,120,1.00886015199,0.30265804559699999,120,1.00886015199,0.227402190946,240,0.75800730315200004,0.11311082543000001,240,0.377036084765,0.11311082543000001,240,0.377036084765
secondary,current_ratio,0.29999999999999999,24,43030174,66,76070e155008afe8a1a9ce08351bb9fd0e8943e8fa22a7d397ae40df464a2be1,0.047495250475,0.237476252375,False,,0.33669645700400003,120,1.1223215233449999,0.33669645700400003,120,1.1223215233449999,0.223012447004,240,0.74337482334600002,0.127738556777,240,0.42579518925499998,0.127738556777,240,0.42579518925499998
secondary,current_ratio,0.29999999999999999,25,43030175,67,4e29c07dd7812256e7d31b774712ee75b3b33fe1482dc45274bf3e05553fdb07,0.072792720727999999,0.36396360364000002,False,,0.14767526396299999,120,0.49225087987600002,0.14767526396299999,120,0.49225087987600002,0.067585157167000004,240,0.22528385722300001,0.11584633697299999,240,0.38615445657800002,0.11584633697299999,240,0.38615445657800002
secondary,current_ratio,0.29999999999999999,26,43030176,68,5c6b684fa8be473431e0c0037e70a145932d894692245bbc2747f9413065271c,0.033096690331000003,0.165483451655,False,,0.29768302317500001,120,0.99227674391599996,0.29768302317500001,120,0.99227674391599996,0.181076749349,240,0.603589164495,0.138896812511,240,0.46298937503799997,0.138896812511,240,0.46298937503799997
secondary,current_ratio,0.29999999999999999,27,43030177,69,5dd9127fe47925cdf6b899b9c6d11ccf020f19c8d4629d67a2844d6063f3657b,0.041595840416,0.20797920208000001,False,,0.31971099748699999,120,1.065703324957,0.31971099748699999,120,1.065703324957,0.22370369359600001,240,0.74567897865400001,0.131364535585,240,0.43788178528400001,0.131364535585,240,0.43788178528400001
secondary,current_ratio,0.29999999999999999,28,43030178,70,df66c938d2a1ed43d440e578d5693413ad17db94318dd05703da5e5ab0fdf42b,0.055594440555999998,0.27797220278000001,False,,0.24093315244800001,120,0.80311050815899998,0.24093315244800001,120,0.80311050815899998,0.16793219242400001,240,0.55977397474599999,0.122878593461,240,0.40959531153500001,0.122878593461,240,0.40959531153500001
secondary,current_ratio,0.29999999999999999,29,43030179,71,ffc434045cf5d272682b649ba78e827c935c0098cdd996f11f9c5d782dea20b3,0.01799820018,0.089991000900000007,False,,0.27660641568099997,120,0.92202138560400004,0.27660641568099997,120,0.92202138560400004,0.15161102991700001,240,0.50537009972400004,0.155688804422,240,0.51896268140500001,0.155688804422,240,0.51896268140500001
secondary,current_ratio,0.29999999999999999,30,43030180,72,dacf9d956e79828ecf7691647087ab231c65f32145f86e3dd8bee5154d0c6928,0.117488251175,0.58744125587399998,False,,0.18700028124199999,120,0.62333427080699999,0.18700028124199999,120,0.62333427080699999,0.076860743191999994,240,0.25620247730700002,0.099367047577999995,240,0.33122349192599998,0.099367047577999995,240,0.33122349192599998
secondary,current_ratio,0.29999999999999999,31,43030181,73,0e69d898cf5fd950e7722080583e0897a7f10641d0b469ff5fe96e78aa213fb3,0.166783321668,0.83391660833900005,False,,0.25506893362900002,120,0.85022977876299999,0.25506893362900002,120,0.85022977876299999,0.16211552373900001,240,0.54038507913,0.091115651342999995,240,0.30371883780999998,0.091115651342999995,240,0.30371883780999998
secondary,current_ratio,0.29999999999999999,32,43030182,74,ad6f6ca7e4c088e0ab4e5f32c9d68f3bd80ea83a6012e488a3274ba136ab040e,0.0057994200580000002,0.028997100290000001,True,,0.36494481285500002,120,1.216482709518,0.36494481285500002,120,1.216482709518,0.229837732431,240,0.76612577477099997,0.179481929634,240,0.59827309878000001,0.179481929634,240,0.59827309878000001
secondary,current_ratio,0.29999999999999999,33,43030183,75,61903689efe0c17f01704e169cf8863434f392f5fab4bbda26d284ff70192020,0.0063993600640000004,0.031996800319999998,True,,0.34947022196100003,120,1.16490073987,0.34947022196100003,120,1.16490073987,0.22904445038599999,240,0.76348150128799996,0.17915333719599999,240,0.59717779065400001,0.17915333719599999,240,0.59717779065400001
secondary,current_ratio,0.29999999999999999,34,43030184,76,b4c8e32b0d3a42846f8cf55aae98efac26bbabf074a498960237e832e5f556b9,0.019198080191999999,0.09599040096,False,,0.35878710577400003,120,1.195957019245,0.35878710577400003,120,1.195957019245,0.22056934267299999,240,0.73523114224200004,0.1517654789,240,0.50588492966800003,0.1517654789,240,0.50588492966800003
secondary,current_ratio,0.29999999999999999,35,43030185,77,9e407f4a217a12d8f4d901cb8cacf549b2b4ae4a71842e4058678db60b7a5e65,0.020097990201000001,0.10048995100499999,False,,0.29096324727099998,120,0.96987749090499997,0.29096324727099998,120,0.96987749090499997,0.185578711782,240,0.61859570593799995,0.150719318597,240,0.50239772865499999,0.150719318597,240,0.50239772865499999
secondary,current_ratio,0.29999999999999999,36,43030186,78,24582fdfca951833eea82b9ebc88a34a7343d1a5f46bfc68078a4b5953c8916e,0.084291570842999999,0.42145785421499998,False,,0.18184900067099999,120,0.60616333557199997,0.18184900067099999,120,0.60616333557199997,0.10333230386800001,240,0.344441012893,0.10968131979699999,240,0.36560439932299998,0.10968131979699999,240,0.36560439932299998
secondary,current_ratio,0.29999999999999999,37,43030187,79,2525b16611d1122bb40df44c924359741db130bf3b78a96d6610b51a4d163825,0.033696630337000003,0.168483151685,False,,0.24696757426300001,120,0.82322524754299997,0.24696757426300001,120,0.82322524754299997,0.16409370901100001,240,0.54697903003600001,0.13975632529000001,240,0.46585441763300001,0.13975632529000001,240,0.46585441763300001
secondary,current_ratio,0.29999999999999999,38,43030188,80,72e4d15ca69baf990ba7c69c5105a60fff18053d6dc086c8da20b5f3de3fbdad,0.068493150685000004,0.34246575342500002,False,,0.19191634816600001,120,0.63972116055399997,0.19191634816600001,120,0.63972116055399997,0.117557889065,240,0.39185963021600001,0.118588436287,240,0.39529478762300002,0.118588436287,240,0.39529478762300002
secondary,current_ratio,0.29999999999999999,39,43030189,81,3c1500342f45963d553e82f1fa23ba544c1fbb13bd3ed4dcb904cc355d4c761b,0.090290970903000006,0.451454854515,False,,0.32796094255399999,120,1.0932031418449999,0.32796094255399999,120,1.0932031418449999,0.223442320827,240,0.74480773609100004,0.109181421715,240,0.36393807238300002,0.109181421715,240,0.36393807238300002
secondary,current_ratio,0.29999999999999999,40,43030190,82,d9fc486fad6279f16532d42894a3047acb7208ac05c0e1a713c628f8cb47288f,0.033396660334000003,0.16698330167,False,,0.26609998636299997,120,0.88699995454199998,0.26609998636299997,120,0.88699995454199998,0.165399007949,240,0.55133002649700003,0.13820937926599999,240,0.46069793088799998,0.13820937926599999,240,0.46069793088799998
secondary,current_ratio,0.29999999999999999,41,43030191,83,82a210ff7da8208558581f8111fb56e1f12f26ed9b1aa853cd3440c1d93e136e,0.063893610638999995,0.31946805319499999,False,,0.28204835075500001,120,0.94016116918399995,0.28204835075500001,120,0.94016116918399995,0.170577748429,240,0.56859249476399998,0.118948235801,240,0.39649411933700002,0.118948235801,240,0.39649411933700002
secondary,current_ratio,0.29999999999999999,42,43030192,84,59ae3144abde80481ba64a1d3173492e81519f30856ad71215161e7a3e149b77,0.036196380362,0.18098190181000001,False,,0.25030712804900002,120,0.83435709349700005,0.25030712804900002,120,0.83435709349700005,0.16182531926099999,240,0.53941773086900002,0.13409916333800001,240,0.44699721112599999,0.13409916333800001,240,0.44699721112599999
secondary,current_ratio,0.29999999999999999,43,43030193,85,f3cb465de88331bb1ae5b4dd5276764f9d7a58c2321992f51e4ccb6c33f4260b,0.029097090291000001,0.145485451455,False,,0.38724634217499998,120,1.290821140582,0.38724634217499998,120,1.290821140582,0.28202314532799999,240,0.94007715109199996,0.14142066469199999,240,0.47140221563899998,0.14142066469199999,240,0.47140221563899998
secondary,current_ratio,0.29999999999999999,44,43030194,86,f468724998f01d1189cf953e0966ae2fc68046eed9f60af784c2b2fca9fb4672,0.00089991000900000004,0.004499550045,True,,0.377717637582,120,1.25905879194,0.377717637582,120,1.25905879194,0.237845176878,240,0.79281725625999999,0.219448621846,240,0.73149540615200004,0.219448621846,240,0.73149540615200004
secondary,current_ratio,0.29999999999999999,45,43030195,87,f6b51516825bf968a57906e1fb2565d645aba5f8238e4dc4dbe54d9ca3a44fca,0.096690330966999999,0.48345165483500002,False,,0.26399683882800001,120,0.87998946276099999,0.26399683882800001,120,0.87998946276099999,0.16349210549199999,240,0.54497368497300003,0.108962301048,240,0.36320767016099997,0.108962301048,240,0.36320767016099997
secondary,current_ratio,0.29999999999999999,46,43030196,88,5a7ed22d530664d25577cbb3f1ab0dadf03ec72ca8f6d45a9c15aa53907a2d65,0.016098390160999999,0.080491950805000004,False,,0.303674101345,120,1.012247004482,0.303674101345,120,1.012247004482,0.217169287396,240,0.723897624653,0.15847085814600001,240,0.528236193819,0.15847085814600001,240,0.528236193819
secondary,current_ratio,0.29999999999999999,47,43030197,89,96fee918c84bb78f2a9b5f8ebc33decbb61f0a15590d387538aa3a79c13210ba,0.0060993900609999999,0.030496950304999999,True,,0.40279686955600003,120,1.342656231853,0.40279686955600003,120,1.342656231853,0.26594768484300002,240,0.88649228280900005,0.17706708269300001,240,0.59022360897600001,0.17706708269300001,240,0.59022360897600001
secondary,current_ratio,0.29999999999999999,48,43030198,90,2c1bcc7b25c4c426bd58a7430daeadb8660a5f1a949d00a2dd707698e59b10a1,0.025597440256000002,0.12798720127999999,False,,0.26834137676100001,120,0.894471255869,0.26834137676100001,120,0.894471255869,0.199520042693,240,0.66506680897699999,0.145983859194,240,0.486612863979,0.145983859194,240,0.486612863979
secondary,current_ratio,0.29999999999999999,49,43030199,91,a8426c5b0324bce3ae9eb35853c3ce1866bcd2da8ea53dd374bf66cf6daa06d2,0.0022997700229999999,0.011498850115000001,True,,0.41901813882900002,120,1.396727129429,0.41901813882900002,120,1.396727129429,0.29673430264700001,240,0.98911434215799998,0.199445756641,240,0.66481918880199997,0.199445756641,240,0.66481918880199997
secondary,current_ratio,0.29999999999999999,50,43030200,92,8b2b0efc535681ad5c6f870aebc1d927af7b5ef70754ed2e30c1447de9761c00,0.014898510149,0.074492550744999997,False,,0.36451983213400002,120,1.2150661071119999,0.36451983213400002,120,1.2150661071119999,0.24373134842499999,240,0.81243782808300002,0.160970680275,240,0.53656893424899998,0.160970680275,240,0.53656893424899998
secondary,current_ratio,0.29999999999999999,51,43030201,93,f8327b46c8957d24f4d6a328deac99b0a32d3c5f26b67be2ac3219680045a257,0.164883511649,0.82441755824399998,False,,0.20365132923400001,120,0.67883776411399999,0.20365132923400001,120,0.67883776411399999,0.110845439071,240,0.36948479690399999,0.090560901703999996,240,0.30186967234700002,0.090560901703999996,240,0.30186967234700002
secondary,current_ratio,0.29999999999999999,52,43030202,94,79f3e5e82db35c5e10bf2cd55f3d2149dac0aae360ac0916db1cfadcdfc290dc,0.086791320867999996,0.43395660434,False,,0.154177196328,120,0.51392398776100001,0.154177196328,120,0.51392398776100001,0.097918816904999997,240,0.32639605635000002,0.11148620689700001,240,0.37162068965799999,0.11148620689700001,240,0.37162068965799999
secondary,current_ratio,0.29999999999999999,53,43030203,95,1f4d6b42a16bc162d8ae0c11e7e0fb0317dda01f457f2eccbfc2874bde62b365,0.020497950205000001,0.10248975102500001,False,,0.255258626243,120,0.85086208747500003,0.255258626243,120,0.85086208747500003,0.194070952495,240,0.64690317498299998,0.14904698834899999,240,0.49682329449700002,0.14904698834899999,240,0.49682329449700002
secondary,current_ratio,0.29999999999999999,54,43030204,96,955fee37d9d77e66c79e4c87c6ba5be0ef2dc9ae84d59e83c1b0417610a62109,0.0037996200379999999,0.018998100189999999,True,,0.45144677419000001,120,1.5048225806319999,0.45144677419000001,120,1.5048225806319999,0.322717925658,240,1.0757264188610001,0.18584977110199999,240,0.61949923700599996,0.18584977110199999,240,0.61949923700599996
secondary,current_ratio,0.29999999999999999,55,43030205,97,bb7b716a21be4c308d3b642774bf2e6a8cf8ddef9dfacfd957af512455d4016f,0.17998200180000001,0.89991000899899998,False,,0.098719880509000005,120,0.32906626836399999,0.098719880509000005,120,0.32906626836399999,0.037779418731999997,240,0.125931395774,0.086552479919999994,240,0.28850826640100002,0.086552479919999994,240,0.28850826640100002
secondary,current_ratio,0.29999999999999999,56,43030206,98,d6fdf84fac8be3d2f862b03438b448bc6168f06ccf2039fcd0ff00ce4829df58,0.012898710129000001,0.064493550644999995,False,,0.37964507188300001,120,1.2654835729430001,0.37964507188300001,120,1.2654835729430001,0.24112707789500001,240,0.80375692631499995,0.16228334582000001,240,0.54094448606699996,0.16228334582000001,240,0.54094448606699996
secondary,current_ratio,0.29999999999999999,57,43030207,99,13d84c06ed6971a2455a04b47f7f16c55f4ab37ea19198509f2ce7d60d44c3fb,0.0093990600939999995,0.046995300470000001,True,,0.50696846630799997,120,1.689894887693,0.50696846630799997,120,1.689894887693,0.35224265343599998,240,1.1741421781200001,0.16724511756800001,240,0.55748372522800005,0.16724511756800001,240,0.55748372522800005
secondary,current_ratio,0.29999999999999999,58,43030208,100,3a9511d7e8fa526f9dcd04c53c3efc23f90a08289a4a3463d703aed7b7a4a69b,0.015098490151,0.075492450754999996,False,,0.29190018380799998,120,0.97300061269299998,0.29190018380799998,120,0.97300061269299998,0.17851932152200001,240,0.59506440507299996,0.158368637033,240,0.52789545677799998,0.158368637033,240,0.52789545677799998
secondary,current_ratio,0.29999999999999999,59,43030209,101,c64e648cf15f9903ce01919579333a2c954f07524aa1a222cedcb6d061420336,0.119188081192,0.595940405959,False,,0.34481188334500001,120,1.1493729444830001,0.34481188334500001,120,1.1493729444830001,0.243386436781,240,0.81128812260200001,0.100921914293,240,0.33640638097600001,0.100921914293,240,0.33640638097600001
secondary,current_ratio,0.29999999999999999,60,43030210,102,a00c9ff9b8487d1ea049894d736643aaff688ff5962cf06b02797a896e4471be,0.0070992900709999996,0.035496450355,True,,0.40908088341100002,120,1.3636029447039999,0.40908088341100002,120,1.3636029447039999,0.30243832641099999,240,1.008127754702,0.17285564099299999,240,0.57618546997700004,0.17285564099299999,240,0.57618546997700004
secondary,current_ratio,0.29999999999999999,61,43030211,103,216ae62e37449cc83f224cf540e4c0d10b9e4c73b0a144331faeaa9e04db9c03,0.0017998200180000001,0.00899910009,True,,0.33817443975400002,120,1.1272481325129999,0.33817443975400002,120,1.1272481325129999,0.25916754354100002,240,0.86389181180399999,0.20142999353300001,240,0.67143331177599996,0.20142999353300001,240,0.67143331177599996
secondary,current_ratio,0.29999999999999999,62,43030212,104,ba3247af24925d13a548f585dd509e77b4311c0eca738f7a8c7c072f5b783d95,0.050394960503999997,0.25197480251999999,False,,0.31540842487100001,120,1.0513614162380001,0.31540842487100001,120,1.0513614162380001,0.196081154625,240,0.65360384875199995,0.12738673290499999,240,0.424622443016,0.12738673290499999,240,0.424622443016
secondary,current_ratio,0.29999999999999999,63,43030213,105,bb25d0a268de4d1b8174819f3dc20f7d74448de8a3189f0bebe68b885b4ee05f,0.030096990301,0.15048495150499999,False,,0.372491290147,120,1.241637633823,0.372491290147,120,1.241637633823,0.275464058703,240,0.918213529009,0.14295226736899999,240,0.47650755789600002,0.14295226736899999,240,0.47650755789600002
secondary,current_ratio,0.29999999999999999,64,43030214,106,860a06c46f9682ec101633c62ad539111381d26971465c32ae843bb4eaf319d3,0.053194680532000001,0.26597340266000002,False,,0.238597328548,120,0.79532442849200002,0.238597328548,120,0.79532442849200002,0.145205403836,240,0.48401801278599998,0.12526181093700001,240,0.41753936979099998,0.12526181093700001,240,0.41753936979099998
secondary,current_ratio,0.29999999999999999,65,43030215,107,b6da8c99dc7faf668ab7af53ce59f73f43b2e65fb9ed1dd3e11abdc7aea6f2e9,0.087991200879999995,0.43995600439999999,False,,0.29238176336900001,120,0.97460587789700004,0.29238176336900001,120,0.97460587789700004,0.19627190498800001,240,0.65423968329299997,0.109266919484,240,0.364223064948,0.109266919484,240,0.364223064948
secondary,current_ratio,0.29999999999999999,66,43030216,108,da771af70a245bfb871c815efd360373be1831f248bac028290f1de75e6e1377,0.036796320367999999,0.18398160184000001,False,,0.32668840149299999,120,1.088961338309,0.32668840149299999,120,1.088961338309,0.23711489261999999,240,0.79038297540000002,0.13640401720799999,240,0.45468005736200001,0.13640401720799999,240,0.45468005736200001
secondary,current_ratio,0.29999999999999999,67,43030217,109,2969202e0495fc00d5c80f7fa0b1ed10d2634cd51d1fcbe6ea30ad6485ce69f3,0.078592140786000006,0.39296070392999999,False,,0.218128337428,120,0.72709445809200002,0.218128337428,120,0.72709445809200002,0.14036536999999999,240,0.46788456666599998,0.114564771533,240,0.381882571778,0.114564771533,240,0.381882571778
secondary,current_ratio,0.29999999999999999,68,43030218,110,64c7f54bf3a9f5d46224e5fac237be50d1caa88b85900c52cc71bc4b033b788c,0.016198380161999999,0.080991900810000003,False,,0.28241951619400002,120,0.94139838731199998,0.28241951619400002,120,0.94139838731199998,0.195816977906,240,0.65272325968599998,0.15706376982199999,240,0.523545899408,0.15706376982199999,240,0.523545899408
secondary,current_ratio,0.29999999999999999,69,43030219,111,bd27a793e31791ccf61042348c26bba23f44a351f63daca4ca13647f3e488c0e,0.017898210179,0.089491050894999993,False,,0.28378345127999999,120,0.94594483760000003,0.28378345127999999,120,0.94594483760000003,0.174817383681,240,0.58272461227000005,0.15229695699099999,240,0.50765652330400002,0.15229695699099999,240,0.50765652330400002
secondary,current_ratio,0.29999999999999999,70,43030220,112,e6b5a507a29d51cea74827cc0fda940f75c72a7491c6c8a616132d414d7f675a,0.141785821418,0.70892910708900003,False,,0.110659339637,120,0.368864465458,0.110659339637,120,0.368864465458,0.052493086143000002,240,0.17497695381100001,0.095952418026999997,240,0.31984139342399998,0.095952418026999997,240,0.31984139342399998
secondary,current_ratio,0.29999999999999999,71,43030221,113,5d15b63a465a66dde80d9641644bbce8c8ad87117955a93732d754dcfef7859a,0.031396860313999998,0.15698430157000001,False,,0.25900859348700001,120,0.86336197829100003,0.25900859348700001,120,0.86336197829100003,0.163720036269,240,0.54573345422999997,0.13759197552300001,240,0.45863991841099999,0.13759197552300001,240,0.45863991841099999
secondary,current_ratio,0.29999999999999999,72,43030222,114,850cb782894879a78221d25459fc88b1e98e6d808801e6668ea6b0ddc41c37a9,0.119088091191,0.59544045595399997,False,,0.19753610345,120,0.65845367816599998,0.19753610345,120,0.65845367816599998,0.124178556956,240,0.41392852318700002,0.10073430512999999,240,0.33578101709800001,0.10073430512999999,240,0.33578101709800001
secondary,current_ratio,0.29999999999999999,73,43030223,115,bb2da5b257c20aa582df37b5ede06a63362ef3437a8b382159adf40483bf0671,0.020697930207,0.103489651035,False,,0.37912985246300002,120,1.2637661748760001,0.37912985246300002,120,1.2637661748760001,0.236344704618,240,0.78781568205999997,0.15169599835700001,240,0.50565332785600003,0.15169599835700001,240,0.50565332785600003
secondary,current_ratio,0.29999999999999999,74,43030224,116,02f9dfd81cfeb1eaaa20fd2b57991e4bc3bc3bf4d9680d5e0dd9814e6fa0bfed,0.116488351165,0.58244175582400004,False,,0.32218043105600003,120,1.0739347701869999,0.32218043105600003,120,1.0739347701869999,0.19644515155,240,0.65481717183499999,0.10196904814,240,0.33989682713500002,0.10196904814,240,0.33989682713500002
secondary,current_ratio,0.29999999999999999,75,43030225,117,4d7c86d3b60db41afe5389510c6ba7298569092bace9fb6f7c0e7a162f67008e,0.12488751124899999,0.62443755624399999,False,,0.24069987770099999,120,0.80233292566900005,0.24069987770099999,120,0.80233292566900005,0.14518563070000001,240,0.48395210233399999,0.099413890155000004,240,0.331379633851,0.099413890155000004,240,0.331379633851
secondary,current_ratio,0.29999999999999999,76,43030226,118,5c1e47d309b993c039dcbf48b5166f79e620e884ca60ec72627fdf6e1fd19476,0.040195980402000002,0.20097990200999999,False,,0.24404354797300001,120,0.81347849324400001,0.24404354797300001,120,0.81347849324400001,0.12947066070499999,240,0.431568869016,0.13285662620499999,240,0.44285542068299999,0.13285662620499999,240,0.44285542068299999
secondary,current_ratio,0.29999999999999999,77,43030227,119,930a8b86c3e48d79813c2602d4e26f7203f5aff59f484b533fa5fa5c254f7978,0.092490750925000004,0.46245375462499999,False,,0.27689714311199998,120,0.92299047703899995,0.27689714311199998,120,0.92299047703899995,0.20333974870300001,240,0.67779916234299997,0.109431174857,240,0.36477058285500003,0.109431174857,240,0.36477058285500003
secondary,current_ratio,0.29999999999999999,78,43030228,120,105a9db7f9d6f06260bb2a0cab9ca3cdf705ee3d36cafdbc45d9f520f8f5738f,0.10128987101299999,0.50644935506400002,False,,0.20179596380299999,120,0.67265321267800005,0.20179596380299999,120,0.67265321267800005,0.14797406570400001,240,0.49324688567899999,0.106297630629,240,0.35432543542900002,0.106297630629,240,0.35432543542900002
secondary,current_ratio,0.29999999999999999,79,43030229,121,107debf2c43330136c3670fe4f9addc4be42154a2c99d267db333a5cd228feea,0.0062993700629999996,0.031496850314999998,True,,0.43188690890800002,120,1.4396230296949999,0.43188690890800002,120,1.4396230296949999,0.290500729397,240,0.968335764657,0.17776995489799999,240,0.59256651632799995,0.17776995489799999,240,0.59256651632799995
secondary,current_ratio,0.29999999999999999,80,43030230,122,850f442cf72e4e51be26023125f7d9f677a3a76730563d4a489bb880ca96f0ad,0.0027997200279999998,0.013998600139999999,True,,0.33518324374699998,120,1.1172774791560001,0.33518324374699998,120,1.1172774791560001,0.208227503009,240,0.69409167669600003,0.18730323162400001,240,0.62434410541399998,0.18730323162400001,240,0.62434410541399998
secondary,current_ratio,0.29999999999999999,81,43030231,123,ffba5dd5f2d3fd864ef53349d7a5f197b5f1d05dfef8160a65e41f00fd24b0d5,0.040495950405000002,0.20247975202499999,False,,0.32907770583399998,120,1.096925686112,0.32907770583399998,120,1.096925686112,0.23957746968300001,240,0.79859156561099998,0.13452878299099999,240,0.44842927663799997,0.13452878299099999,240,0.44842927663799997
secondary,current_ratio,0.29999999999999999,82,43030232,124,8d9a0cfc4449277e84e15f74b6f4e69bfaaa82174826fee388e98cc7aa634e0c,0.027997200279999999,0.1399860014,False,,0.322838551049,120,1.0761285034970001,0.322838551049,120,1.0761285034970001,0.22613097759600001,240,0.753769925319,0.142131971745,240,0.47377323914899999,0.142131971745,240,0.47377323914899999
secondary,current_ratio,0.29999999999999999,83,43030233,125,bd6fddef79e1c8be854357d0b6074f550b98e027b3c1bb46eaaff5e1b0cf3e5f,0.014098590140999999,0.070492950705000001,False,,0.29266290565000003,120,0.97554301883200001,0.29266290565000003,120,0.97554301883200001,0.18380302657399999,240,0.61267675524599996,0.15468104030800001,240,0.51560346769400001,0.15468104030800001,240,0.51560346769400001
secondary,current_ratio,0.29999999999999999,84,43030234,126,1f26f471b656a365e10d477e8b7c4200c87b377d4c4e39d133187b1c2070f290,0.107589241076,0.53794620537899995,False,,0.289490837078,120,0.96496945692699998,0.289490837078,120,0.96496945692699998,0.194384848867,240,0.64794949622499998,0.105922703907,240,0.35307567969100001,0.105922703907,240,0.35307567969100001
secondary,current_ratio,0.29999999999999999,85,43030235,127,46a96cbf4bb2423bda2d6f3fa30e51fe1f56060a367bf42ef477a9e572e9620f,0.032496750324999997,0.16248375162500001,False,,0.34849950674800001,120,1.1616650224930001,0.34849950674800001,120,1.1616650224930001,0.24471349588899999,240,0.81571165296399994,0.13785756327099999,240,0.45952521090300003,0.13785756327099999,240,0.45952521090300003
secondary,current_ratio,0.29999999999999999,86,43030236,128,6b892b74dbd4861bdf0c13cbe3d216ba77e1e6a11a840c76bff12dc2a7c21fcd,0.10118988101199999,0.50594940505899999,False,,0.17957750741299999,120,0.59859169137799995,0.17957750741299999,120,0.59859169137799995,0.14296131175900001,240,0.47653770586200001,0.10679792985100001,240,0.35599309950300001,0.10679792985100001,240,0.35599309950300001
secondary,current_ratio,0.29999999999999999,87,43030237,129,37aa597701a300b2735523617f9c70117394096b79deacccccebb32ec169121d,0.084391560843999999,0.42195780422000001,False,,0.20908311015600001,120,0.69694370052099996,0.20908311015600001,120,0.69694370052099996,0.11662780250599999,240,0.38875934168699999,0.113447353945,240,0.37815784648400003,0.113447353945,240,0.37815784648400003
secondary,current_ratio,0.29999999999999999,88,43030238,130,0fea1a526c3cceb1ae23526b257095a8b61218964d16e66a26056c570ab17b18,0.031096890310999999,0.15548445155499999,False,,0.30118592207599998,120,1.003953073588,0.30118592207599998,120,1.003953073588,0.20260797058900001,240,0.67535990196200002,0.138701632326,240,0.46233877442100002,0.138701632326,240,0.46233877442100002
secondary,current_ratio,0.29999999999999999,89,43030239,131,3eef6ad0c3f4d5acd29c70beb15cb7a97f190c7278969e67fb93e02671704efb,0.013698630137,0.068493150685000004,False,,0.32163668429600001,120,1.072122280985,0.32163668429600001,120,1.072122280985,0.18011895483099999,240,0.60039651610300004,0.15940809508699999,240,0.53136031695499997,0.15940809508699999,240,0.53136031695499997
secondary,current_ratio,0.29999999999999999,90,43030240,132,0d673927cfc627f483858c40899d4ec2f6614d3cb447dbe4b25482c4f48605c0,0.11198880111999999,0.55994400559900004,False,,0.23202002761400001,120,0.77340009204500004,0.23202002761400001,120,0.77340009204500004,0.14988227064500001,240,0.49960756881599999,0.104406889312,240,0.34802296437199998,0.104406889312,240,0.34802296437199998
secondary,current_ratio,0.29999999999999999,91,43030241,133,7c1fc5a2539e7d2927301d47dd091dd36e89514ec79f70f11b14b8bc2db3d091,0.087891210878999995,0.43945605439500002,False,,0.27041102800200001,120,0.90137009333999996,0.27041102800200001,120,0.90137009333999996,0.143610845495,240,0.47870281831599998,0.10924355507,240,0.36414518356499997,0.10924355507,240,0.36414518356499997
secondary,current_ratio,0.29999999999999999,92,43030242,134,616a1807295bd2818ceba41518b04c5930ae69f2369414c5e90ab54d1fd2c740,0.047495250475,0.237476252375,False,,0.26933521705300001,120,0.89778405684499996,0.26933521705300001,120,0.89778405684499996,0.16302893451799999,240,0.54342978172599998,0.128035598513,240,0.42678532837599997,0.128035598513,240,0.42678532837599997
secondary,current_ratio,0.29999999999999999,93,43030243,135,e4653a63b4a45d5a192efc3b374cb299a55b1e5d04cf77aec31fb8ae36cbd400,0.0035996400360000002,0.01799820018,True,,0.348434030472,120,1.1614467682389999,0.348434030472,120,1.1614467682389999,0.244961017088,240,0.81653672362700003,0.18747488071000001,240,0.62491626903399999,0.18747488071000001,240,0.62491626903399999
secondary,current_ratio,0.29999999999999999,94,43030244,136,889969b502cec8534d8b2de210413b5f48e1e83d16ff41b13c7a17a43f0c5ba7,0.036196380362,0.18098190181000001,False,,0.26358752218699999,120,0.878625073955,0.26358752218699999,120,0.878625073955,0.13215847440299999,240,0.44052824801000001,0.13552880188899999,240,0.45176267296299999,0.13552880188899999,240,0.45176267296299999
secondary,current_ratio,0.29999999999999999,95,43030245,137,7bac70c3fd21aa5417a9a258089bd8081fccaa4f519922e48cf124fc4877ebc6,0.024797520247999999,0.12398760123999999,False,,0.35267226289499998,120,1.1755742096499999,0.35267226289499998,120,1.1755742096499999,0.25052303961200001,240,0.83507679870600005,0.145444797259,240,0.48481599086499999,0.145444797259,240,0.48481599086499999
secondary,current_ratio,0.29999999999999999,96,43030246,138,b1cce903b60e0a603015fb0300cabb287079dea029971b3e0a57ed58f06d95c6,0.023297670233000001,0.116488351165,False,,0.35573753283999998,120,1.1857917761329999,0.35573753283999998,120,1.1857917761329999,0.225603454491,240,0.75201151496899998,0.148421643582,240,0.49473881194199998,0.148421643582,240,0.49473881194199998
secondary,current_ratio,0.29999999999999999,97,43030247,139,6d0f1599f774208accaaed8d64c38b00280c9d2889f0659d197f10451af46ddf,0.141885811419,0.70942905709399995,False,,0.26317342361700002,120,0.87724474539099995,0.26317342361700002,120,0.87724474539099995,0.18090289899500001,240,0.60300966331600003,0.095311703720999993,240,0.31770567906899999,0.095311703720999993,240,0.31770567906899999
secondary,current_ratio,0.29999999999999999,98,43030248,140,0cf26bdeb9f756266a7005d66649344c2d65c607333e2b31205870a719b4367e,0.0086991300870000003,0.043495650434999998,True,,0.33355702527999997,120,1.111856750933,0.33355702527999997,120,1.111856750933,0.23830950591300001,240,0.79436501970999995,0.170777301503,240,0.56925767167700003,0.170777301503,240,0.56925767167700003
secondary,current_ratio,0.29999999999999999,99,43030249,141,fb8a141640a7623d8e2214972498dc3f1432d63be12541a4938f3591f5c3cfe2,0.037396260373999998,0.18698130187000001,False,,0.27116555251300001,120,0.90388517504300003,0.27116555251300001,120,0.90388517504300003,0.15084256096400001,240,0.502808536546,0.13507575481,240,0.45025251603400002,0.13507575481,240,0.45025251603400002
secondary,current_ratio,0.29999999999999999,100,43030250,142,673aa78e4668bcafeb08b26108eae43e4d8e5e776e313e5b9ac5b7133c5e88fe,0.025997400260000001,0.12998700129999999,False,,0.269700694879,120,0.89900231626399996,0.269700694879,120,0.89900231626399996,0.184802194931,240,0.61600731643600004,0.14626532276099999,240,0.48755107586800001,0.14626532276099999,240,0.48755107586800001
secondary,current_ratio,0.29999999999999999,101,43030251,143,35308ee83e14833547d92db34f850509bccb9aaa658f7d09ee13859fc5e6a6e4,0.029297070293000001,0.146485351465,False,,0.31558388736199999,120,1.051946291206,0.31558388736199999,120,1.051946291206,0.21220908422599999,240,0.70736361408799997,0.14311628517,240,0.477054283902,0.14311628517,240,0.477054283902
secondary,current_ratio,0.29999999999999999,102,43030252,144,4fd7304ce629b8dbf87dc8c6ad34193fb36e5073ea5ea51b6d27d09f4cb8f697,0.016798320168000001,0.08399160084,False,,0.34120050833100002,120,1.137335027769,0.34120050833100002,120,1.137335027769,0.240851958762,240,0.80283986254100004,0.15323526272400001,240,0.51078420908,0.15323526272400001,240,0.51078420908
secondary,current_ratio,0.29999999999999999,103,43030253,145,792d7d11e9c82f0bdb424b445c923d5b1116394318c2cf595d5edf27d72548fa,0.012998700130000001,0.064993500649999994,False,,0.39724556270299999,120,1.3241518756770001,0.39724556270299999,120,1.3241518756770001,0.26730336894099999,240,0.89101122980199998,0.15995458370599999,240,0.53318194568499999,0.15995458370599999,240,0.53318194568499999
secondary,current_ratio,0.29999999999999999,104,43030254,146,27ac61ee11181fe7e8343ab60dbd05d40dbf984e5914e4109efcf79167d181b8,0.0041995800420000003,0.02099790021,True,,0.39030046431799997,120,1.3010015477279999,0.39030046431799997,120,1.3010015477279999,0.270431196795,240,0.90143732265099996,0.186521017323,240,0.62173672441000005,0.186521017323,240,0.62173672441000005
secondary,current_ratio,0.29999999999999999,105,43030255,147,ba0182f3efdf572ef852ad25c9ef90481336df509a187d2ceefd65e93e8c4621,0.0063993600640000004,0.031996800319999998,True,,0.44034413395599997,120,1.4678137798540001,0.44034413395599997,120,1.4678137798540001,0.29217330883199999,240,0.97391102943899999,0.17294091163299999,240,0.57646970544300002,0.17294091163299999,240,0.57646970544300002
secondary,current_ratio,0.29999999999999999,106,43030256,148,d4e63ebf646d96bb3d19a0af38c4d0bcbf7b297d2037790bc1cd28dd85f34c30,0.044695530446999997,0.22347765223499999,False,,0.30635519309600001,120,1.021183976988,0.30635519309600001,120,1.021183976988,0.24162801249400001,240,0.80542670831399998,0.12947373510499999,240,0.43157911701500001,0.12947373510499999,240,0.43157911701500001
secondary,current_ratio,0.29999999999999999,107,43030257,149,29b91f073bae3eb4b667acf0d2d5f5542dd84635c0e2cc07ba0a6b3277e4a921,0.10138986101399999,0.50694930506900004,False,,0.188513557538,120,0.62837852512600001,0.188513557538,120,0.62837852512600001,0.129988331421,240,0.43329443807200002,0.105539779564,240,0.351799265212,0.105539779564,240,0.351799265212
secondary,current_ratio,0.29999999999999999,108,43030258,150,990e6d3af8f1a0a59a5d299f1f9b9c8b48e8dddc662fbdb198dd1dd72e3e67e7,0.011198880111999999,0.055994400559999997,False,,0.38183831237299998,120,1.2727943745779999,0.38183831237299998,120,1.2727943745779999,0.23479803912300001,240,0.78266013041000004,0.16337730997300001,240,0.54459103324400004,0.16337730997300001,240,0.54459103324400004
secondary,current_ratio,0.29999999999999999,109,43030259,151,63b1d25585bd0861063f66adebf5fe728a05203898ef84d3a883d8294319d24d,0.042395760423999999,0.21197880212,False,,0.20073912592400001,120,0.66913041974599996,0.20073912592400001,120,0.66913041974599996,0.15206081227599999,240,0.50686937425199996,0.13048947943899999,240,0.43496493146499998,0.13048947943899999,240,0.43496493146499998
secondary,current_ratio,0.29999999999999999,110,43030260,152,6c07ff0db04601e5832aa9c7f25997350f7f049de113d48a634cc8855b2ef335,0.044995500450000003,0.22497750224999999,False,,0.27966901112100001,120,0.93223003706999996,0.27966901112100001,120,0.93223003706999996,0.16635203132900001,240,0.55450677109699997,0.12995783026900001,240,0.43319276756199998,0.12995783026900001,240,0.43319276756199998
secondary,current_ratio,0.29999999999999999,111,43030261,153,85c83f8ab613d4151a6c985cf48bf45a549f3bd506a9480a6e84694b90e32c31,0.060893910608999999,0.30446955304500001,False,,0.278932088626,120,0.92977362875400005,0.278932088626,120,0.92977362875400005,0.17715920951899999,240,0.59053069839799999,0.122917635139,240,0.409725450464,0.122917635139,240,0.409725450464
secondary,current_ratio,0.29999999999999999,112,43030262,154,13b74c2769206ff08cee38ab1a3cde75dbc55c481eaa89730a9976dde3cb0752,0.039996000400000002,0.19998000199999999,False,,0.25331484353400002,120,0.84438281178100005,0.25331484353400002,120,0.84438281178100005,0.14135707796899999,240,0.471190259896,0.13291152355399999,240,0.44303841184699999,0.13291152355399999,240,0.44303841184699999
secondary,current_ratio,0.29999999999999999,113,43030263,155,c39a0f27ad25de6d7d97bc49eeee328c94b8d36275684b0250f3e700273a4067,0.067693230677000005,0.33846615338500002,False,,0.25888315160199998,120,0.86294383867299995,0.25888315160199998,120,0.86294383867299995,0.18848562375399999,240,0.62828541251500003,0.12189423699,240,0.4063141233,0.12189423699,240,0.4063141233
secondary,current_ratio,0.29999999999999999,114,43030264,156,025ace586183b3e6ee1fa49230725f7182d27a3e44368f239029b9b02bf6adab,0.0076992300769999997,0.038496150384999997,True,,0.39303288501700001,120,1.310109616723,0.39303288501700001,120,1.310109616723,0.25726633526300002,240,0.85755445087799997,0.17097220528599999,240,0.56990735095300005,0.17097220528599999,240,0.56990735095300005
secondary,current_ratio,0.29999999999999999,115,43030265,157,e1614c53cd5e0d24df46c5a5156248d793f9fa1866af517ffe4fc9e2c78bbd8c,0.094790520948000001,0.47395260474000001,False,,0.31894672694999998,120,1.0631557565009999,0.31894672694999998,120,1.0631557565009999,0.200751300711,240,0.66917100237100002,0.107618328599,240,0.35872776199700002,0.107618328599,240,0.35872776199700002
secondary,current_ratio,0.29999999999999999,116,43030266,158,9c307302c5c9c3510d04860874765a3da9a455f0edbdb0d3a16a071860591220,0.10798920108,0.53994600539899995,False,,0.26811368416300002,120,0.89371228054499996,0.26811368416300002,120,0.89371228054499996,0.190291719788,240,0.63430573262699996,0.106626238086,240,0.35542079362099999,0.106626238086,240,0.35542079362099999
secondary,current_ratio,0.29999999999999999,117,43030267,159,855f303a5974e0f37c7b7c98c797b63b48e832628bdbb9ab651756708fa286a7,0.18148185181500001,0.90740925907400005,False,,0.24095977264900001,120,0.80319924216299998,0.24095977264900001,120,0.80319924216299998,0.18957690273800001,240,0.63192300912499999,0.087232322910999999,240,0.29077440970200003,0.087232322910999999,240,0.29077440970200003
secondary,current_ratio,0.29999999999999999,118,43030268,160,1bdb3fb07c0ac1054bbca8b6b54baedc3a8ed20401b8339adb8b76b1b5b670db,0.0299970003,0.14998500149999999,False,,0.281981276201,120,0.93993758733499999,0.281981276201,120,0.93993758733499999,0.182771978546,240,0.60923992848700004,0.14253832992500001,240,0.47512776641499999,0.14253832992500001,240,0.47512776641499999
secondary,current_ratio,0.29999999999999999,119,43030269,161,ede89575924ec6d05af0cfd01ba993107678e05c6b6b0f86d0cb074b84b1cf4d,0.0076992300769999997,0.038496150384999997,True,,0.248748069687,120,0.82916023229000002,0.248748069687,120,0.82916023229000002,0.13595587162700001,240,0.453186238756,0.169597391732,240,0.56532463910700004,0.169597391732,240,0.56532463910700004
secondary,current_ratio,0.29999999999999999,120,43030270,162,ac62338d17abbaaa36e1190adf4f84b1bb64538b81d0671dd9f4bce4f1f7f536,0.0034996500349999998,0.017498250175000001,True,,0.34155587246699998,120,1.138519574889,0.34155587246699998,120,1.138519574889,0.230996945643,240,0.76998981880899997,0.18848290767100001,240,0.62827635890400002,0.18848290767100001,240,0.62827635890400002
secondary,current_ratio,0.29999999999999999,121,43030271,163,9c9772106e42574a327c8fbcd6389eb8b6f2e002772c219ba9bb86b6f5f6f74e,0.118588141186,0.59294070592899994,False,,0.399010242894,120,1.3300341429789999,0.399010242894,120,1.3300341429789999,0.224022351625,240,0.74674117208400004,0.10151567795200001,240,0.33838559317200001,0.10151567795200001,240,0.33838559317200001
secondary,current_ratio,0.29999999999999999,122,43030272,164,f037bdda944a931c3695259bd3df82e8dc29182231b3a8c5c237057ec5173014,0.024297570243,0.121487851215,False,,0.31196915101400002,120,1.039897170048,0.31196915101400002,120,1.039897170048,0.195454820423,240,0.651516068078,0.14717912000399999,240,0.490597066681,0.14717912000399999,240,0.490597066681
secondary,current_ratio,0.29999999999999999,123,43030273,165,ece29c7ea44f738d9dcf614b490111ba1d7aa88a7641366129f39632d90e239f,0.079292070793000005,0.39646035396500001,False,,0.366498339989,120,1.221661133297,0.366498339989,120,1.221661133297,0.24805497415,240,0.82684991383200002,0.115166271616,240,0.38388757205200003,0.115166271616,240,0.38388757205200003
secondary,current_ratio,0.29999999999999999,124,43030274,166,0b13c8c6073814b3dfd6ec9a6e0d5777899851e35787b294fa3badd4774727a3,0.045295470453000003,0.22647735226499999,False,,0.24009605099100001,120,0.80032016996900002,0.24009605099100001,120,0.80032016996900002,0.17571510857600001,240,0.58571702858800001,0.13034881433000001,240,0.434496047765,0.13034881433000001,240,0.434496047765
secondary,current_ratio,0.29999999999999999,125,43030275,167,f56a24e153ce6f25cfe3c262eaaff552cf5db42254a9dbb5a943fef5c195b055,0.039796020398000002,0.19898010198999999,False,,0.33608091922200001,120,1.1202697307409999,0.33608091922200001,120,1.1202697307409999,0.20443485290300001,240,0.681449509678,0.13359115809800001,240,0.44530386032699998,0.13359115809800001,240,0.44530386032699998
secondary,current_ratio,0.29999999999999999,126,43030276,168,1f6aa0b9a4f09eaeab40566074a2066de07d53e8cb0305327fa47a7b7a2644aa,0.011798820118,0.058994100590000001,False,,0.31806292218499999,120,1.0602097406169999,0.31806292218499999,120,1.0602097406169999,0.17474275921099999,240,0.58247586403600005,0.16261924918000001,240,0.54206416393199996,0.16261924918000001,240,0.54206416393199996
secondary,current_ratio,0.29999999999999999,127,43030277,169,4ae55ffdfda0e2f9c7b4bef26d85f2d8918ee81b0896547779d0eebe2ada05ef,0.025297470252999998,0.12648735126499999,False,,0.38057915608499998,120,1.2685971869499999,0.38057915608499998,120,1.2685971869499999,0.283395977706,240,0.94465325902200004,0.14471043864399999,240,0.48236812881500002,0.14471043864399999,240,0.48236812881500002
secondary,current_ratio,0.29999999999999999,128,43030278,170,c788348130d490adbba953d884f3209e19f92b17c69550d65fda71f5d2377a58,0.020497950205000001,0.10248975102500001,False,,0.288813405616,120,0.96271135205199998,0.288813405616,120,0.96271135205199998,0.236995501847,240,0.78998500615699996,0.15029738847499999,240,0.50099129491799999,0.15029738847499999,240,0.50099129491799999
secondary,current_ratio,0.29999999999999999,129,43030279,171,91883833fd68011979cbb867b75bc7c98ecc723438d4587acee20189fbc9c2a1,0.15858414158600001,0.79292070792900005,False,,0.21896937699499999,120,0.72989792331600001,0.21896937699499999,120,0.72989792331600001,0.14403111466599999,240,0.480103715554,0.093006859375000001,240,0.31002286458299999,0.093006859375000001,240,0.31002286458299999
secondary,current_ratio,0.29999999999999999,130,43030280,172,e3e8f63e62895541d7b947702c0f3dbae42ae43e4716e8c544d14f0322c952c3,0.011698830117,0.058494150585000002,False,,0.36032661226500001,120,1.201088707549,0.36032661226500001,120,1.201088707549,0.23161152213200001,240,0.77203840710799998,0.16257226776,240,0.54190755919900002,0.16257226776,240,0.54190755919900002
secondary,current_ratio,0.29999999999999999,131,43030281,173,ac566eaad8e8c43744cf9e3317b5acdbf490c86083eb03b9b60f2d6050d2c2fd,0.010698930107,0.053494650535,False,,0.48010108183900002,120,1.600336939463,0.48010108183900002,120,1.600336939463,0.322878049163,240,1.076260163875,0.16821399990999999,240,0.56071333303199999,0.16821399990999999,240,0.56071333303199999
secondary,current_ratio,0.29999999999999999,132,43030282,174,056063e2ec8db4c61273e7d1a5a358342b73d4f5be8b9dcd6bc91bb7fec74fed,0.081991800820000002,0.40995900410000002,False,,0.24845831844499999,120,0.82819439481500001,0.24845831844499999,120,0.82819439481500001,0.13919719001200001,240,0.46399063337200003,0.11227510971100001,240,0.374250365704,0.11227510971100001,240,0.374250365704
secondary,current_ratio,0.29999999999999999,133,43030283,175,1f28f17ecee7779ab329f66440c5972b946814916985248c18f88840d9286679,0.046995300470000001,0.23497650235,False,,0.26607730371299998,120,0.88692434570900003,0.26607730371299998,120,0.88692434570900003,0.205539858721,240,0.68513286240299998,0.130184847632,240,0.43394949210599998,0.130184847632,240,0.43394949210599998
secondary,current_ratio,0.29999999999999999,134,43030284,176,d8b066404fea3a51039348e0a67d09c67aec2342c43693efcd70403305d60ec7,0.074092590740999997,0.37046295370499999,False,,0.066446659670999997,120,0.22148886557,0.066446659670999997,120,0.22148886557,0.023341248166,240,0.077804160553000004,0.115213449759,240,0.38404483253100002,0.115213449759,240,0.38404483253100002
secondary,current_ratio,0.29999999999999999,135,43030285,177,209064d9f080ee7f0a5372d384d6086e028bfece0f6a2d8fe0c519268555baaf,0.042195780422,0.21097890211000001,False,,0.30826323424300001,120,1.027544114144,0.30826323424300001,120,1.027544114144,0.19379765288699999,240,0.64599217629100003,0.13320838669999999,240,0.44402795566800002,0.13320838669999999,240,0.44402795566800002
secondary,current_ratio,0.29999999999999999,136,43030286,178,6c0cde3d9be3644e6bd72f2845c4ccc560e40942964e1ac45417f4f17e080ae2,0.019998000200000001,0.099990000999999995,False,,0.31068872876300002,120,1.0356290958759999,0.31068872876300002,120,1.0356290958759999,0.20369573840899999,240,0.67898579469499998,0.152703875302,240,0.50901291767400003,0.152703875302,240,0.50901291767400003
secondary,current_ratio,0.29999999999999999,137,43030287,179,6c6c617ef3f465940440bae6bef1b43c043df3e58cb7f0bb980562b780c856de,0.058794120588000001,0.29397060293999999,False,,0.38018470786899999,120,1.2672823595639999,0.38018470786899999,120,1.2672823595639999,0.23331607362699999,240,0.777720245423,0.12017494638700001,240,0.40058315462400002,0.12017494638700001,240,0.40058315462400002
secondary,current_ratio,0.29999999999999999,138,43030288,180,4413247715fb4efb664ac25de33fff99d6f54bbb1396b27bde04cac9d29d671e,0.094090590941000002,0.47045295470499998,False,,0.37407203632199998,120,1.2469067877390001,0.37407203632199998,120,1.2469067877390001,0.242780698095,240,0.80926899364899996,0.108852870124,240,0.36284290041299999,0.108852870124,240,0.36284290041299999
secondary,current_ratio,0.29999999999999999,139,43030289,181,43981e802dfe0f5bb5f11019a37b8e66393e6d8b7cd6863046190fabb228fb44,0.00019998000200000001,0.00099990000999999992,True,,0.427776174392,120,1.4259205813069999,0.427776174392,120,1.4259205813069999,0.287385660514,240,0.95795220171399997,0.23320910655499999,240,0.777363688517,0.23320910655499999,240,0.777363688517
secondary,current_ratio,0.29999999999999999,140,43030290,182,81d592291e549667d7b026258571e3c2813085c5ec145d68fdf3693a53cf974d,0.017198280172000001,0.085991400859999997,False,,0.28808299930199999,120,0.96027666434100001,0.28808299930199999,120,0.96027666434100001,0.21916313120200001,240,0.730543770674,0.151789438798,240,0.50596479599300004,0.151789438798,240,0.50596479599300004
secondary,current_ratio,0.29999999999999999,141,43030291,183,9f282f4b70f3ff1557743d04b755cb365bcf686d5cd197ee1b8e1f41f51eb0b9,0.076192380761999995,0.38096190381,False,,0.33356212285999998,120,1.1118737428650001,0.33356212285999998,120,1.1118737428650001,0.26772125961999999,240,0.89240419873200005,0.115424049855,240,0.38474683285099998,0.115424049855,240,0.38474683285099998
secondary,current_ratio,0.29999999999999999,142,43030292,184,a66bdd00538a3c4782c6fca265943608c31f7a5e36d119d199e2024fab2ff45d,0.057794220578000002,0.28897110289,False,,0.45642048146600001,120,1.5214016048850001,0.45642048146600001,120,1.5214016048850001,0.31756469079600003,240,1.058548969319,0.123167504227,240,0.41055834742300001,0.123167504227,240,0.41055834742300001
secondary,current_ratio,0.29999999999999999,143,43030293,185,f48bf963b5daae5fc808dbd4532a5f5091408a58cbf7e7bdfb0271b644ec2fdc,0.022697730227000001,0.11348865113499999,False,,0.20063854980199999,120,0.66879516600599997,0.20063854980199999,120,0.66879516600599997,0.138861427919,240,0.46287142639599999,0.14606200519500001,240,0.486873350649,0.14606200519500001,240,0.486873350649
secondary,current_ratio,0.29999999999999999,144,43030294,186,5864365efa72c3044ede92e5e408ba6d4771406b305867795d109f32d9aad0ec,0.053194680532000001,0.26597340266000002,False,,0.21279911273300001,120,0.70933037577699998,0.21279911273300001,120,0.70933037577699998,0.162116700354,240,0.54038900117999999,0.126208022708,240,0.42069340902800001,0.126208022708,240,0.42069340902800001
secondary,current_ratio,0.29999999999999999,145,43030295,187,8335c391589fcec3f1973562fdaa5e2e29e8a85075b8a4a358d9a033d7ac2a4d,0.083391660834,0.41695830417000002,False,,0.33265375703400002,120,1.108845856778,0.33265375703400002,120,1.108845856778,0.22453901496500001,240,0.74846338321500006,0.11208005792799999,240,0.37360019309300002,0.11208005792799999,240,0.37360019309300002
secondary,current_ratio,0.29999999999999999,146,43030296,188,e705fd7584e54dae1d98f341540f84896c2a4986e0de10004f4dc4eb8651f825,0.035896410359,0.17948205179500001,False,,0.27019106060199999,120,0.90063686867399995,0.27019106060199999,120,0.90063686867399995,0.160342706236,240,0.53447568745200003,0.13838111664,240,0.46127038880100002,0.13838111664,240,0.46127038880100002
secondary,current_ratio,0.29999999999999999,147,43030297,189,a2b5b812773a459fec4f4461128eee142440b71bf4411eb4d0fa09ac3363e143,0.00299970003,0.01499850015,True,,0.36371662836200003,120,1.2123887612049999,0.36371662836200003,120,1.2123887612049999,0.239748423741,240,0.79916141246899997,0.189396956773,240,0.63132318924200004,0.189396956773,240,0.63132318924200004
secondary,current_ratio,0.29999999999999999,148,43030298,190,6e850ad19364accfabebf1cf09292ab682fb57f1facec2b4fe5724231b57a01d,0.031896810318999998,0.15948405159500001,False,,0.33788157199300001,120,1.126271906645,0.33788157199300001,120,1.126271906645,0.224410786916,240,0.74803595638800002,0.13877163288700001,240,0.46257210962400003,0.13877163288700001,240,0.46257210962400003
secondary,current_ratio,0.29999999999999999,149,43030299,191,a999a90d14117a351f7144f64f86fc44d57ba8a628eff63cef5406cf0f283e25,0.0093990600939999995,0.046995300470000001,True,,0.41569758961499997,120,1.385658632051,0.41569758961499997,120,1.385658632051,0.31454834585800001,240,1.048494486194,0.16545556282400001,240,0.55151854274800005,0.16545556282400001,240,0.55151854274800005
secondary,current_ratio,0.29999999999999999,150,43030300,192,d1150a263fb3fee49d337bb07d66feb4eb6a286db22016549f41a0a154293860,0.01799820018,0.089991000900000007,False,,0.32277449189200003,120,1.0759149729740001,0.32277449189200003,120,1.0759149729740001,0.230616129478,240,0.76872043159299996,0.15062536711300001,240,0.50208455704400001,0.15062536711300001,240,0.50208455704400001
secondary,current_ratio,0.29999999999999999,151,43030301,193,f8101dd2392d211620b7129f895aa82be05059db27ac3a84123ea8c6c85a2bd5,0.057394260574000003,0.28697130287,False,,0.20223534325,120,0.67411781083300004,0.20223534325,120,0.67411781083300004,0.135018331228,240,0.450061104095,0.122808191942,240,0.40936063980800003,0.122808191942,240,0.40936063980800003
secondary,current_ratio,0.29999999999999999,152,43030302,194,d633cc81d92c5db18ca93b1edf70c02fa61ca0bd4d19d4c07068419af0a5b703,0.0039996000399999997,0.019998000200000001,True,,0.440044580952,120,1.466815269839,0.440044580952,120,1.466815269839,0.30287490897399999,240,1.009583029913,0.184217121427,240,0.61405707142300003,0.184217121427,240,0.61405707142300003
secondary,current_ratio,0.29999999999999999,153,43030303,195,dd7b7106c00d50cd67fc6f495b79ec46c2e5c3f8e6b8360f1e01c818346c2070,0.11258874112599999,0.56294370562899998,False,,0.16600733646900001,120,0.55335778822899995,0.16600733646900001,120,0.55335778822899995,0.11846081018600001,240,0.39486936728799998,0.102875595641,240,0.34291865213700001,0.102875595641,240,0.34291865213700001
secondary,current_ratio,0.29999999999999999,154,43030304,196,4da64871a7d2cc8cb3ed4cabba33cddd4182234775db05ab1c90140d162b33dd,0.042395760423999999,0.21197880212,False,,0.22677778427600001,120,0.75592594758800002,0.22677778427600001,120,0.75592594758800002,0.186623268462,240,0.62207756154000005,0.133372208145,240,0.44457402714900002,0.133372208145,240,0.44457402714900002
secondary,current_ratio,0.29999999999999999,155,43030305,197,deb7402fe12cb8894a07d47516c559fbf7101ece58545f506e5e32b4e615aef7,0.026897310269,0.13448655134500001,False,,0.30535448778300001,120,1.017848292611,0.30535448778300001,120,1.017848292611,0.20847104259800001,240,0.69490347532800001,0.143499587392,240,0.47833195797400002,0.143499587392,240,0.47833195797400002
secondary,current_ratio,0.29999999999999999,156,43030306,198,45f6ec0ff67856038286d055dc02b86e8453c05f37d266481301c1e4ddcaf816,0.052794720528000001,0.26397360264000003,False,,0.29309032477500002,120,0.97696774925100005,0.29309032477500002,120,0.97696774925100005,0.19982018263500001,240,0.66606727544900002,0.12470708822400001,240,0.415690294081,0.12470708822400001,240,0.415690294081
secondary,current_ratio,0.29999999999999999,157,43030307,199,a5a53c166d218ccda1ad41f23dc6b18302539157fec4547bf56e1983c29ec2c4,0.015998400159999999,0.079992000800000004,False,,0.358401613191,120,1.1946720439680001,0.358401613191,120,1.1946720439680001,0.24125166389,240,0.80417221296800001,0.155032098167,240,0.51677366055600005,0.155032098167,240,0.51677366055600005
secondary,current_ratio,0.29999999999999999,158,43030308,200,9f65ade7d6208f4200f013ca595fe1737d271862d24f51cb4ad8b0289b509441,0.018898110188999999,0.094490550945000001,False,,0.36982702538899997,120,1.2327567512969999,0.36982702538899997,120,1.2327567512969999,0.27965010383900002,240,0.93216701279799996,0.15205492818399999,240,0.50684976061300002,0.15205492818399999,240,0.50684976061300002
secondary,current_ratio,0.29999999999999999,159,43030309,201,b84704ba0adf3daf68e8595b279e25fe186d0e43aeb896f0cbe80cecf272f1b6,0.013698630137,0.068493150685000004,False,,0.33461856097499998,120,1.1153952032500001,0.33461856097499998,120,1.1153952032500001,0.18670032296,240,0.62233440986599997,0.15989999994199999,240,0.53299999980599999,0.15989999994199999,240,0.53299999980599999
secondary,current_ratio,0.29999999999999999,160,43030310,202,078b18bc914481649bf1c8e88fc651b60b06c282433a55938c95a7af7fe198c6,0.024097590241,0.120487951205,False,,0.30746101722199998,120,1.024870057407,0.30746101722199998,120,1.024870057407,0.188319520233,240,0.62773173410899996,0.145725686957,240,0.48575228985699997,0.145725686957,240,0.48575228985699997
secondary,current_ratio,0.29999999999999999,161,43030311,203,48d6d9f82c11ea03a0ca9071040711b8e09d076adb58d5d292acd94c3086475b,0.064993500649999994,0.32496750325000001,False,,0.219667952596,120,0.73222650865500005,0.219667952596,120,0.73222650865500005,0.185570749205,240,0.61856916401600004,0.121550473751,240,0.40516824583700001,0.121550473751,240,0.40516824583700001
secondary,current_ratio,0.29999999999999999,162,43030312,204,cc4763c65752f86abc6d8f789379b1159ce72bb3060ca88ad60ec11729b9c39c,0.073592640735999998,0.36796320368000002,False,,0.33503823667100002,120,1.116794122235,0.33503823667100002,120,1.116794122235,0.22342845814000001,240,0.74476152713499999,0.116650867962,240,0.38883622653900002,0.116650867962,240,0.38883622653900002
secondary,current_ratio,0.29999999999999999,163,43030313,205,7d51e88b73dda46d0bfd9a3f7f23788865e8188a64fdab9cab7b55318915933a,0.010598940106,0.052994700530000001,False,,0.34285865344700001,120,1.1428621781570001,0.34285865344700001,120,1.1428621781570001,0.22956851085300001,240,0.76522836950799999,0.16530707813199999,240,0.55102359377400001,0.16530707813199999,240,0.55102359377400001
secondary,current_ratio,0.29999999999999999,164,43030314,206,eb125a95d97ff0fdfa162e50e30edd54a794380eec56e57dc10b60045b75c169,0.029597040296,0.14798520147999999,False,,0.38935142983299997,120,1.297838099444,0.38935142983299997,120,1.297838099444,0.24825887257500001,240,0.82752957525100002,0.14243663359200001,240,0.47478877864000002,0.14243663359200001,240,0.47478877864000002
secondary,current_ratio,0.29999999999999999,165,43030315,207,5f5001b418c7e02d6aebb97291f019456a844653d6cf53ac9d6c9ae00ef8ab7f,0.026797320268,0.13398660134000001,False,,0.334273995918,120,1.1142466530590001,0.334273995918,120,1.1142466530590001,0.222615082858,240,0.74205027619200004,0.144085153774,240,0.48028384591399997,0.144085153774,240,0.48028384591399997
secondary,current_ratio,0.29999999999999999,166,43030316,208,e51f70a355e9b5f261edb18550b6034aa32c034910ce734acf0af138ca6e6fb1,0.063593640635999996,0.31796820318000002,False,,0.29164322611900001,120,0.97214408706300004,0.29164322611900001,120,0.97214408706300004,0.216332485405,240,0.72110828468400001,0.12180024429400001,240,0.406000814313,0.12180024429400001,240,0.406000814313
secondary,current_ratio,0.29999999999999999,167,43030317,209,8474daeb4480db307804dfa92c285f9d94d3177cd623ad13632d6081e3415739,0.012498750124999999,0.062493750624999997,False,,0.32852269462200001,120,1.09507564874,0.32852269462200001,120,1.09507564874,0.223346453656,240,0.74448817885399998,0.16284635153300001,240,0.54282117177800004,0.16284635153300001,240,0.54282117177800004
secondary,current_ratio,0.29999999999999999,168,43030318,210,42204a7ed4427c12fb25274f9e730b4c653f073e10e7947357efe56e5f2348a3,0.060693930606999999,0.30346965303500001,False,,0.23470105154199999,120,0.78233683847400004,0.23470105154199999,120,0.78233683847400004,0.139159592685,240,0.46386530895099998,0.12085495386300001,240,0.40284984621100001,0.12085495386300001,240,0.40284984621100001
secondary,current_ratio,0.29999999999999999,169,43030319,211,a70270ea03535e7444de530e060dad10887bcad8d11ad284311ab585712d3b74,0.0024997500250000001,0.012498750124999999,True,,0.44262810851099998,120,1.475427028371,0.44262810851099998,120,1.475427028371,0.316745933348,240,1.055819777825,0.194991807696,240,0.64997269231999999,0.194991807696,240,0.64997269231999999
secondary,current_ratio,0.29999999999999999,170,43030320,212,91209a0fcecf61720fe2bf2f93c7c5348790911cad9f9b244242bc872401ab0d,0.050594940505999997,0.25297470252999998,False,,0.30733454731600002,120,1.0244484910539999,0.30733454731600002,120,1.0244484910539999,0.16777089297700001,240,0.55923630992399997,0.12531640330999999,240,0.417721344366,0.12531640330999999,240,0.417721344366
secondary,current_ratio,0.29999999999999999,171,43030321,213,cd276c7daebdc03c793523885f162f6be50a067b8cb0f2b64d7fd70ed0fd7482,0.11898810119,0.59494050594900005,False,,0.10176104955,120,0.33920349849999998,0.10176104955,120,0.33920349849999998,0.040514131351000002,240,0.13504710450499999,0.102609695224,240,0.34203231741200002,0.102609695224,240,0.34203231741200002
secondary,current_ratio,0.29999999999999999,172,43030322,214,71435f7aeb94592df207bbbbf51d8baae722a8163185b8b462f50d3dfabd7cd1,0.073092690730999998,0.36546345365499999,False,,0.35935356046799999,120,1.1978452015600001,0.35935356046799999,120,1.1978452015600001,0.26039968404199998,240,0.86799894680699996,0.116885595738,240,0.389618652462,0.116885595738,240,0.389618652462
secondary,current_ratio,0.29999999999999999,173,43030323,215,ba24617841c9ee766cf9956479b1751ad3f9f3bb271f0bc771cc32b55b986f90,0.084591540845999999,0.42295770423000001,False,,0.29691647330900001,120,0.98972157769799995,0.29691647330900001,120,0.98972157769799995,0.19097638398200001,240,0.63658794660700002,0.11000137005000001,240,0.366671233501,0.11000137005000001,240,0.366671233501
secondary,current_ratio,0.29999999999999999,174,43030324,216,7dc675dbfa9c9c6f1f0b6957c342b4b0abe5678c2d49c9964098f400d3662f4e,0.079592040796000005,0.39796020397999998,False,,0.30973485833800002,120,1.0324495277929999,0.30973485833800002,120,1.0324495277929999,0.20139491759399999,240,0.67131639198100002,0.114807085169,240,0.38269028389499998,0.114807085169,240,0.38269028389499998
secondary,current_ratio,0.29999999999999999,175,43030325,217,629ecb5ebee32196accea9d62d7c74cb25c3e0114fa06d18374e7c4ed54f4f52,0.036496350364999999,0.18248175182500001,False,,0.20602908583599999,120,0.686763619454,0.20602908583599999,120,0.686763619454,0.12571669693000001,240,0.41905565643199999,0.13402129465500001,240,0.44673764884900002,0.13402129465500001,240,0.44673764884900002
secondary,current_ratio,0.29999999999999999,176,43030326,218,d32766bb8437ba6b05e897eb40f6f8a6f47db8cd80a4022086548a665a6ef878,0.03599640036,0.17998200180000001,False,,0.394721079606,120,1.3157369320200001,0.394721079606,120,1.3157369320200001,0.28083069256499998,240,0.93610230854999998,0.13688860491400001,240,0.45629534971500002,0.13688860491400001,240,0.45629534971500002
secondary,current_ratio,0.29999999999999999,177,43030327,219,6be9c5edbaee95f6edcc9d26e4ed0ca92b7c8d5b72a42bc572f440205b88ffb2,0.040695930407000001,0.20347965203500001,False,,0.26681243279400002,120,0.88937477598100001,0.26681243279400002,120,0.88937477598100001,0.18158449421100001,240,0.60528164736900003,0.132192427508,240,0.44064142502699999,0.132192427508,240,0.44064142502699999
secondary,current_ratio,0.29999999999999999,178,43030328,220,9916f593fb3ff5f0c33b2b31d82b939be6ea22f2c455510f9f8ac9dc211e2764,0.032096790320999997,0.16048395160500001,False,,0.22165438187299999,120,0.73884793957499995,0.22165438187299999,120,0.73884793957499995,0.109425659896,240,0.36475219965400002,0.13877197175,240,0.46257323916699999,0.13877197175,240,0.46257323916699999
secondary,current_ratio,0.29999999999999999,179,43030329,221,c3a2db3a01a0530abe4d986b1b1d4acef897b5cda7d85b8f0aa3c074c6ab44a5,0.0027997200279999998,0.013998600139999999,True,,0.398127339616,120,1.327091132052,0.398127339616,120,1.327091132052,0.25073544791899999,240,0.83578482639600005,0.192913499894,240,0.64304499964799999,0.192913499894,240,0.64304499964799999
secondary,current_ratio,0.29999999999999999,180,43030330,222,2b1df864474b46f50a5b4abac0da53143f98156b5b8620804c0157c9c5109d23,0.034396560344000002,0.17198280171999999,False,,0.257950941785,120,0.85983647261600005,0.257950941785,120,0.85983647261600005,0.13394658816999999,240,0.446488627232,0.13644330561599999,240,0.45481101872000002,0.13644330561599999,240,0.45481101872000002
secondary,current_ratio,0.29999999999999999,181,43030331,223,ea290dca2cb90ad422ac9a5478b31ad97fa9cfac6d47ebb86ae329e09908a2f7,0.012798720128000001,0.063993600639999995,False,,0.29158553119199998,120,0.97195177064100002,0.29158553119199998,120,0.97195177064100002,0.21206535724700001,240,0.706884524156,0.15857958313600001,240,0.52859861045400003,0.15857958313600001,240,0.52859861045400003
secondary,current_ratio,0.29999999999999999,182,43030332,224,2f536cc5eadec2e5b5010ffb8d7d1fc7aec1eb089459f5f201107cbbe2b64c9f,0.0052994700529999999,0.026497350265,True,,0.39505955006600002,120,1.316865166888,0.39505955006600002,120,1.316865166888,0.31293188898399998,240,1.0431062966119999,0.18000497892199999,240,0.600016596407,0.18000497892199999,240,0.600016596407
secondary,current_ratio,0.29999999999999999,183,43030333,225,67a0219a51e1db2aeef948fe7ec66e3abceb604fa480b3eaef41968bade3a3af,0.105689431057,0.52844715528399999,False,,0.34522948601199999,120,1.150764953373,0.34522948601199999,120,1.150764953373,0.243480119366,240,0.81160039788600002,0.105368144398,240,0.35122714799400001,0.105368144398,240,0.35122714799400001
secondary,current_ratio,0.29999999999999999,184,43030334,226,8edee4790535085b490a314aba0ec61b0d5ec6bc0d9e9806d8c5814d0c114dc0,0.0040995900409999996,0.020497950205000001,True,,0.37965280099799997,120,1.2655093366600001,0.37965280099799997,120,1.2655093366600001,0.22600938876599999,240,0.75336462921900005,0.185467395349,240,0.61822465116500003,0.185467395349,240,0.61822465116500003
secondary,current_ratio,0.29999999999999999,185,43030335,227,7083e2b861439f656f002f529769aa1becc9a0f4e58322c7e951893d73fbd3a7,0.021697830216999999,0.108489151085,False,,0.357825975809,120,1.1927532526960001,0.357825975809,120,1.1927532526960001,0.24512980205500001,240,0.81709934018399999,0.149242196376,240,0.49747398791899999,0.149242196376,240,0.49747398791899999
secondary,current_ratio,0.29999999999999999,186,43030336,228,7839032be983bc58c6c54ee6c3ec1323f199d2571385218efcc2e98c11421855,0.121787821218,0.60893910608900004,False,,0.245012580082,120,0.81670860027299996,0.245012580082,120,0.81670860027299996,0.200376594963,240,0.66792198321100005,0.10053077838500001,240,0.33510259461500003,0.10053077838500001,240,0.33510259461500003
secondary,current_ratio,0.29999999999999999,187,43030337,229,5bee6ae94017a1af55604fad9070ef58526675353d00de139304d343f3346cf2,0.050594940505999997,0.25297470252999998,False,,0.29718364002100001,120,0.99061213340400001,0.29718364002100001,120,0.99061213340400001,0.21495947876499999,240,0.71653159588199999,0.12819967914200001,240,0.427332263805,0.12819967914200001,240,0.427332263805
secondary,current_ratio,0.29999999999999999,188,43030338,230,f208390f818b1cf4ca9d04dfd1236cd1758b56fe6810a991eb1f1def55c68c80,0.00059994000599999995,0.00299970003,True,,0.42884809209300001,120,1.4294936403089999,0.42884809209300001,120,1.4294936403089999,0.31558323042800002,240,1.0519441014269999,0.23974177927900001,240,0.79913926426199999,0.23974177927900001,240,0.79913926426199999
secondary,current_ratio,0.29999999999999999,189,43030339,231,3fabaed8ccdf6b0ff261c02ef870198b37b39419fc67cd74276272ce5be459ea,0.044595540445999997,0.22297770222999999,False,,0.31031207728799998,120,1.03437359096,0.31031207728799998,120,1.03437359096,0.19066820206599999,240,0.63556067355400003,0.12944207138700001,240,0.43147357129199998,0.12944207138700001,240,0.43147357129199998
secondary,current_ratio,0.29999999999999999,190,43030340,232,90f3ab48c520611c4d737bf7045a0b497d7a54ff8fa79ad7fc0c8e55b5a96ed8,0.014898510149,0.074492550744999997,False,,0.33080462186800003,120,1.1026820728919999,0.33080462186800003,120,1.1026820728919999,0.20957139725599999,240,0.69857132418800005,0.16161930556500001,240,0.53873101854899996,0.16161930556500001,240,0.53873101854899996
secondary,current_ratio,0.29999999999999999,191,43030341,233,0448ab00c21b62525982ee7a6c523e90e7a26035f8e3cda65ef5e32a9ce65d8e,0.075792420757999995,0.37896210379,False,,0.24097602671599999,120,0.80325342238800002,0.24097602671599999,120,0.80325342238800002,0.15007762595599999,240,0.50025875318599999,0.11554911994399999,240,0.38516373314800001,0.11554911994399999,240,0.38516373314800001
secondary,current_ratio,0.29999999999999999,192,43030342,234,f00d671d65eec43d1942c2d68ba456ddd2e4c9d93b9fedc570edca28191200d4,0.090890910909000006,0.454454554545,False,,0.22940806738,120,0.76469355793399996,0.22940806738,120,0.76469355793399996,0.197538440702,240,0.65846146900799996,0.10972010357299999,240,0.36573367857799999,0.10972010357299999,240,0.36573367857799999
secondary,current_ratio,0.29999999999999999,193,43030343,235,f61fb924a420eb4ddadf99e1f21c94b38ea9d89e7d6c808a0505c16fb8bef210,0.052394760524000002,0.26197380261999997,False,,0.308924266088,120,1.029747553627,0.308924266088,120,1.029747553627,0.225274624679,240,0.75091541559700004,0.126824679488,240,0.42274893162600002,0.126824679488,240,0.42274893162600002
secondary,current_ratio,0.29999999999999999,194,43030344,236,254516db880cffcc0e6d0b8fc4e156fd2d5141792561bf5f6de781028e63ed19,0.070492950705000001,0.35246475352500001,False,,0.27783629869100002,120,0.92612099563600003,0.27783629869100002,120,0.92612099563600003,0.16891944014599999,240,0.56306480048800001,0.11716698200800001,240,0.39055660669300002,0.11716698200800001,240,0.39055660669300002
secondary,current_ratio,0.29999999999999999,195,43030345,237,54ccd6fc7c595b0ca650f086c08a28f4f28ccccea3cf8c9b7e759fb964324f6f,0.080791920808000003,0.40395960403999998,False,,0.34840828700100002,120,1.1613609566680001,0.34840828700100002,120,1.1613609566680001,0.22160742209699999,240,0.738691406991,0.115221072252,240,0.38407024083800001,0.115221072252,240,0.38407024083800001
secondary,current_ratio,0.29999999999999999,196,43030346,238,ba68ef5a41b675c864a4145f778ca1bc41c3a6cab1a179b1fc88485689abd244,0.011898810119,0.059494050595,False,,0.349442836614,120,1.164809455381,0.349442836614,120,1.164809455381,0.21541714426,240,0.71805714753299998,0.16577626809000001,240,0.55258756030099998,0.16577626809000001,240,0.55258756030099998
secondary,current_ratio,0.29999999999999999,197,43030347,239,d01d2a3212b711f7f6ca3f4f16aed76cca39c3378a77cfd7f1b9483b2ac8b4cb,0.0076992300769999997,0.038496150384999997,True,,0.284173635624,120,0.94724545207999999,0.284173635624,120,0.94724545207999999,0.156021272957,240,0.52007090985799997,0.172128738187,240,0.57376246062199998,0.172128738187,240,0.57376246062199998
secondary,current_ratio,0.29999999999999999,198,43030348,240,73a75c700627a6cf960ef17169efd78ad411a3a21104bbe9fd6f1a9d6a0237f2,0.0062993700629999996,0.031496850314999998,True,,0.44468205320600002,120,1.4822735106880001,0.44468205320600002,120,1.4822735106880001,0.30937332738000001,240,1.031244424601,0.17679362682300001,240,0.58931208941000002,0.17679362682300001,240,0.58931208941000002
secondary,current_ratio,0.29999999999999999,199,43030349,241,f7ed5364a59322b195229e0c5a02cfa8aa614e9da57697afa48deed5a15cea38,0.011098890110999999,0.055494450554999998,False,,0.33845622989099999,120,1.128187432969,0.33845622989099999,120,1.128187432969,0.233034180063,240,0.77678060020899997,0.161923976937,240,0.53974658978900003,0.161923976937,240,0.53974658978900003
secondary,current_ratio,0.40000000000000002,0,43040157,42,2c356521e4dc878a708122d640360c6eeabdc783d6dfe5a864230f229fe908bd,0.010698930107,0.053494650535,False,,0.36979108303500002,120,0.92447770758699999,0.36979108303500002,120,0.92447770758699999,0.220463982059,240,0.55115995514799998,0.16883884187699999,240,0.42209710469200001,0.16883884187699999,240,0.42209710469200001
secondary,current_ratio,0.40000000000000002,1,43040158,43,9f2bc89836bffcd8377aa2fce3f52367337496aa33fbb8a784fa15f55243afb6,0.00019998000200000001,0.00099990000999999992,True,,0.44410660766499999,120,1.110266519162,0.44410660766499999,120,1.110266519162,0.32362976405400001,240,0.80907441013500003,0.24303115172500001,240,0.60757787931100005,0.24303115172500001,240,0.60757787931100005
secondary,current_ratio,0.40000000000000002,2,43040159,44,736219afe8cd5eef3690e6dbe986609f63cc402a89b08f0a13b10aa10f67145a,0.016898310169000001,0.084491550844999999,False,,0.34837622114099998,120,0.87094055285299998,0.34837622114099998,120,0.87094055285299998,0.21218337587700001,240,0.53045843969399997,0.155665639844,240,0.38916409961100001,0.155665639844,240,0.38916409961100001
secondary,current_ratio,0.40000000000000002,3,43040160,45,26b3a9365cd519b7c52ccde077d560d42c7c5bc0edf1b508b4bd844a9c09cbda,0.0019998000199999998,0.0099990001000000005,True,,0.34767803939800002,120,0.86919509849400001,0.34767803939800002,120,0.86919509849400001,0.22782186656200001,240,0.56955466640399999,0.20351578351899999,240,0.50878945879799997,0.20351578351899999,240,0.50878945879799997
secondary,current_ratio,0.40000000000000002,4,43040161,46,9d9298d7a802885d0e8cb63a185cbe932e0ae466263bcf36708384f8bc7cd3c7,0.044595540445999997,0.22297770222999999,False,,0.22498071140299999,120,0.56245177850799999,0.22498071140299999,120,0.56245177850799999,0.12715740906199999,240,0.31789352265499998,0.13067669662100001,240,0.32669174155199998,0.13067669662100001,240,0.32669174155199998
secondary,current_ratio,0.40000000000000002,5,43040162,47,e03f2d41865b145d6b11ae4b75e64280b8400aa7af9bf980d36246f2f2cf2e22,0.018198180182,0.090990900910000005,False,,0.35675922011099997,120,0.89189805027699998,0.35675922011099997,120,0.89189805027699998,0.24494492777400001,240,0.61236231943399999,0.15382099725500001,240,0.384552493138,0.15382099725500001,240,0.384552493138
secondary,current_ratio,0.40000000000000002,6,43040163,48,cdce8ad78c29f33d8a0b60afee5e40f39da47b5fc1f324b5bd41dcb1c21bcc35,0.0017998200180000001,0.00899910009,True,,0.39892432798299998,120,0.99731081995799997,0.39892432798299998,120,0.99731081995799997,0.25729662434,240,0.64324156085100004,0.207064146235,240,0.51766036558799999,0.207064146235,240,0.51766036558799999
secondary,current_ratio,0.40000000000000002,7,43040164,49,935aefa6eca718beee341e2ec36ef40b1a59ae33cb76e619e687ea8b9c8c940d,0.0054994500549999997,0.027497250274999999,True,,0.40866139148199998,120,1.021653478705,0.40866139148199998,120,1.021653478705,0.256955079689,240,0.64238769922299999,0.17974714902899999,240,0.449367872572,0.17974714902899999,240,0.449367872572
secondary,current_ratio,0.40000000000000002,8,43040165,50,fdda5a7c432df88988e7efa519396412728879382cd7f18ac34d9e16d4bcadaf,0.025997400260000001,0.12998700129999999,False,,0.333215550453,120,0.83303887613399996,0.333215550453,120,0.83303887613399996,0.22649642275199999,240,0.56624105688000004,0.14460090587800001,240,0.36150226469500002,0.14460090587800001,240,0.36150226469500002
secondary,current_ratio,0.40000000000000002,9,43040166,51,be58f58666994fa3ccb2edbb2ea63baa1abaaca9e29b6cc4f603c156dad3d8d0,0.017598240176,0.087991200879999995,False,,0.38736699587000001,120,0.96841748967499997,0.38736699587000001,120,0.96841748967499997,0.27217474818499998,240,0.68043687046400003,0.154868115167,240,0.38717028791800001,0.154868115167,240,0.38717028791800001
secondary,current_ratio,0.40000000000000002,10,43040167,52,e61ccf0fb1a3a20a8202a432c6e4e47b90c4e6da19e53f0f0357940818139f49,0.0013998600139999999,0.0069993000699999997,True,,0.46002887799699999,120,1.150072194993,0.46002887799699999,120,1.150072194993,0.31901045372199999,240,0.79752613430399999,0.20855671950599999,240,0.52139179876399999,0.20855671950599999,240,0.52139179876399999
secondary,current_ratio,0.40000000000000002,11,43040168,53,3e95c825fda3b1cd268f5eeee622db57973b7dd4bb29b9481cee5f24c560d19b,0.00029997000299999998,0.001499850015,True,,0.53310639756199996,120,1.332765993904,0.53310639756199996,120,1.332765993904,0.32165579775600001,240,0.80413949439099996,0.237459680053,240,0.59364920013199995,0.237459680053,240,0.59364920013199995
secondary,current_ratio,0.40000000000000002,12,43040169,54,04f6175e92957b471f0f5da7a357b2f7c206993520a542e62f2b0b9ede6e145d,0.02399760024,0.1199880012,False,,0.36839011666400001,120,0.92097529165900005,0.36839011666400001,120,0.92097529165900005,0.25529649617700001,240,0.63824124044200004,0.147351083592,240,0.36837770898,0.147351083592,240,0.36837770898
secondary,current_ratio,0.40000000000000002,13,43040170,55,007d3f846649c67448ecafab91cf69c51b3685af1ea4e15824aa40cd8623ce91,0.034696530347000001,0.17348265173499999,False,,0.32426657187000002,120,0.81066642967500002,0.32426657187000002,120,0.81066642967500002,0.24211835972199999,240,0.60529589930399996,0.13874833001699999,240,0.34687082504299999,0.13874833001699999,240,0.34687082504299999
secondary,current_ratio,0.40000000000000002,14,43040171,56,9ac567df417d2913d608ce4f380ba83029bac3c34fb7cf5d8655e5021e1ffcb3,0.0073992600740000001,0.036996300369999999,True,,0.46854620755699999,120,1.171365518892,0.46854620755699999,120,1.171365518892,0.332237539882,240,0.83059384970399996,0.17973933347599999,240,0.44934833368999999,0.17973933347599999,240,0.44934833368999999
secondary,current_ratio,0.40000000000000002,15,43040172,57,ab9b6a06721a186c3a6a6e05a7c8b40a29926cc31ee43c52f6855ed627a37609,0.00019998000200000001,0.00099990000999999992,True,,0.51640373444800003,120,1.291009336121,0.51640373444800003,120,1.291009336121,0.345845629898,240,0.86461407474399998,0.25893988050400002,240,0.64734970126000002,0.25893988050400002,240,0.64734970126000002
secondary,current_ratio,0.40000000000000002,16,43040173,58,2805fb17d848e9fef01bb847630a608b891818b13da5f764130cf15fe33dbd25,0.00019998000200000001,0.00099990000999999992,True,,0.42819407723000003,120,1.0704851930749999,0.42819407723000003,120,1.0704851930749999,0.28891126738200001,240,0.72227816845500004,0.231701299473,240,0.57925324868299999,0.231701299473,240,0.57925324868299999
secondary,current_ratio,0.40000000000000002,17,43040174,59,4345c284678f91d2438d9eeb70698218fa4fe98bb1d6ceb3810404ae7f82b095,0.00299970003,0.01499850015,True,,0.45616052249099998,120,1.140401306227,0.45616052249099998,120,1.140401306227,0.28173656848200002,240,0.70434142120400001,0.19706248622799999,240,0.49265621557,0.19706248622799999,240,0.49265621557
secondary,current_ratio,0.40000000000000002,18,43040175,60,d99b1944af1200bf53cd7dff7aab9383cf6174cd37f6a52d7ae965615347bfc2,0.018598140185999999,0.092990700930000003,False,,0.34511819734900001,120,0.86279549337299999,0.34511819734900001,120,0.86279549337299999,0.204249496498,240,0.51062374124599996,0.15298499982300001,240,0.38246249955700001,0.15298499982300001,240,0.38246249955700001
secondary,current_ratio,0.40000000000000002,19,43040176,61,fe7fb43549c40c234c85d6acbf56b1dc5640a5ec21137120aaeaa3863f3fa45a,0.0073992600740000001,0.036996300369999999,True,,0.52591359547100003,120,1.3147839886770001,0.52591359547100003,120,1.3147839886770001,0.35353970374900001,240,0.88384925937400005,0.17305088803499999,240,0.432627220087,0.17305088803499999,240,0.432627220087
secondary,current_ratio,0.40000000000000002,20,43040177,62,b61b7dd9f8a70d4ad0fe296eb7ed51b4f0b1303288b14ae5086bf3d69960b887,0.0024997500250000001,0.012498750124999999,True,,0.53050792239400002,120,1.3262698059860001,0.53050792239400002,120,1.3262698059860001,0.37176556338299999,240,0.92941390845799998,0.19858576359300001,240,0.49646440898200001,0.19858576359300001,240,0.49646440898200001
secondary,current_ratio,0.40000000000000002,21,43040178,63,726e88bbe172cc74383f8b5f1b572d6f7b4529311dc88ab7e16873631c23a956,0.022797720228000001,0.11398860114000001,False,,0.36544250540700002,120,0.91360626351700003,0.36544250540700002,120,0.91360626351700003,0.231038538658,240,0.57759634664500004,0.14746854107999999,240,0.36867135269899998,0.14746854107999999,240,0.36867135269899998
secondary,current_ratio,0.40000000000000002,22,43040179,64,beec4d88d3c09490ed5a651214d0c41930ccd3f200ce423c4b8096fbc9661429,0.016598340166000002,0.082991700830000001,False,,0.36927042016599998,120,0.92317605041600004,0.36927042016599998,120,0.92317605041600004,0.24264387328000001,240,0.60660968319899999,0.15085951259499999,240,0.37714878148800002,0.15085951259499999,240,0.37714878148800002
secondary,current_ratio,0.40000000000000002,23,43040180,65,ba43078b4a6695cbc5559badaa9a67893816d05c3b5e32804e2d7ea8dccdac76,0.017898210179,0.089491050894999993,False,,0.39016696273099999,120,0.97541740682800004,0.39016696273099999,120,0.97541740682800004,0.25829332171300001,240,0.64573330428300002,0.15620415703400001,240,0.390510392584,0.15620415703400001,240,0.390510392584
secondary,current_ratio,0.40000000000000002,24,43040181,66,08d1210f038a57e7266740a0d3fe4736d0b30be40611ecf413c1664f05d51d10,0.039696030397000003,0.19848015198499999,False,,0.32302184364699998,120,0.80755460911700006,0.32302184364699998,120,0.80755460911700006,0.19379364606999999,240,0.48448411517500001,0.13349747605699999,240,0.33374369014100003,0.13349747605699999,240,0.33374369014100003
secondary,current_ratio,0.40000000000000002,25,43040182,67,1d5c57be675d575308138fc133beb7cb22490a6e1ad30ae2281c69cdc3978503,0.001699830017,0.0084991500850000005,True,,0.42761200851199999,120,1.069030021279,0.42761200851199999,120,1.069030021279,0.29179950782500003,240,0.72949876956199999,0.210368671348,240,0.52592167837100001,0.210368671348,240,0.52592167837100001
secondary,current_ratio,0.40000000000000002,26,43040183,68,098ffdea224762bee8f9e282368a6ed2a874d7f92c04ba388d6239bc2d1d87c1,0.017698230177,0.088491150884999994,False,,0.259877081565,120,0.64969270391400002,0.259877081565,120,0.64969270391400002,0.143737700261,240,0.35934425065300002,0.152242793051,240,0.38060698262800002,0.152242793051,240,0.38060698262800002
secondary,current_ratio,0.40000000000000002,27,43040184,69,e9453e8d600076f5bc132e4791fde27bd878c3dfba0d0f9860498c044d9e23e7,0.027197280272,0.13598640136000001,False,,0.3063179707,120,0.76579492675100003,0.3063179707,120,0.76579492675100003,0.183029629922,240,0.45757407480500001,0.141998905132,240,0.35499726282999999,0.141998905132,240,0.35499726282999999
secondary,current_ratio,0.40000000000000002,28,43040185,70,523d3c1be5b3c1269271fe7d866d251ef4c295d05fbc014223738947aea55958,0.0031996800320000002,0.015998400159999999,True,,0.38720581686900002,120,0.96801454217299998,0.38720581686900002,120,0.96801454217299998,0.26154891283300002,240,0.65387228208199999,0.191233262327,240,0.47808315581600003,0.191233262327,240,0.47808315581600003
secondary,current_ratio,0.40000000000000002,29,43040186,71,0e723104df0b3d1837930e15fae16b45663c90a3838e85b5684cde041cff31d5,0.0011998800119999999,0.00599940006,True,,0.436750309133,120,1.091875772831,0.436750309133,120,1.091875772831,0.26094084642600002,240,0.65235211606599997,0.20975205394999999,240,0.52438013487599999,0.20975205394999999,240,0.52438013487599999
secondary,current_ratio,0.40000000000000002,30,43040187,72,6393144750a3838b16f405c4717ae5364be1b8e14cb751b8109442db4ccba5d7,0.0046995300469999998,0.023497650235,True,,0.34827983765699999,120,0.87069959414200004,0.34827983765699999,120,0.87069959414200004,0.22538222669800001,240,0.56345556674599995,0.18172387149800001,240,0.45430967874599998,0.18172387149800001,240,0.45430967874599998
secondary,current_ratio,0.40000000000000002,31,43040188,73,64390aaac66d17136da32e43af0d7b656466073c7ccca278e124a2efd8cdd1d9,0.0037996200379999999,0.018998100189999999,True,,0.46245177309899999,120,1.156129432747,0.46245177309899999,120,1.156129432747,0.348579028992,240,0.87144757248000004,0.18335699466499999,240,0.45839248666299998,0.18335699466499999,240,0.45839248666299998
secondary,current_ratio,0.40000000000000002,32,43040189,74,c3ff4e8d936aa549a62f40b34cbe051857c7b3ed7bb6e05bec6dcbc991308941,0.033596640336000003,0.16798320168,False,,0.415897490117,120,1.039743725293,0.415897490117,120,1.039743725293,0.24136268184500001,240,0.60340670461400003,0.13596671150299999,240,0.33991677875699999,0.13596671150299999,240,0.33991677875699999
secondary,current_ratio,0.40000000000000002,33,43040190,75,03f1b8f95e3bce374fa6f8b6ee5e32bc2bbcee3b72fe87f15d62ce85008fa055,0.0019998000199999998,0.0099990001000000005,True,,0.53510341688899998,120,1.3377585422239999,0.53510341688899998,120,1.3377585422239999,0.38588093387400002,240,0.964702334685,0.20629056845099999,240,0.51572642112699996,0.20629056845099999,240,0.51572642112699996
secondary,current_ratio,0.40000000000000002,34,43040191,76,6f395223c601fc2bd70f8f0c4a12987360076314b86a5e4dfce6999cb862b180,0.011798820118,0.058994100590000001,False,,0.41413039192899997,120,1.035325979822,0.41413039192899997,120,1.035325979822,0.25247768821799998,240,0.63119422054499996,0.16358024728000001,240,0.4089506182,0.16358024728000001,240,0.4089506182
secondary,current_ratio,0.40000000000000002,35,43040192,77,c22e228198914bac5f9091aeb750d53e17d443dd39df28cc9ebfbf5d2c449e5a,0.0023997600239999998,0.01199880012,True,,0.409353033541,120,1.023382583854,0.409353033541,120,1.023382583854,0.26163756722800002,240,0.65409391806999995,0.19696846788799999,240,0.49242116972,0.19696846788799999,240,0.49242116972
secondary,current_ratio,0.40000000000000002,36,43040193,78,5222cc8d7db0de91c9b688e81452b39db074cf2caf4082bf2eb3badb52380c4f,9.9990001000000006e-05,0.00049995000499999996,True,,0.36149295679600002,120,0.90373239198999999,0.36149295679600002,120,0.90373239198999999,0.268994606558,240,0.67248651639400003,0.26133038747199999,240,0.65332596867899995,0.26133038747199999,240,0.65332596867899995
secondary,current_ratio,0.40000000000000002,37,43040194,79,7c0034df7166ccd872252b8934b0ee3e9771a86c896495a47751fa551d827119,0.00039996000400000002,0.0019998000199999998,True,,0.48837302214099998,120,1.2209325553520001,0.48837302214099998,120,1.2209325553520001,0.30906858419299998,240,0.77267146048299995,0.220706741727,240,0.55176685431700001,0.220706741727,240,0.55176685431700001
secondary,current_ratio,0.40000000000000002,38,43040195,80,005fc91292c50326152d7b2f4dda62210e5ec9d3e7aa8f0d630c27d78f821fef,0.0052994700529999999,0.026497350265,True,,0.44493221031300001,120,1.1123305257830001,0.44493221031300001,120,1.1123305257830001,0.29135779138200002,240,0.72839447845600003,0.18030912001900001,240,0.45077280004800002,0.18030912001900001,240,0.45077280004800002
secondary,current_ratio,0.40000000000000002,39,43040196,81,65f34f90d3c84da95ef36bbde245dd7af8515673f2c2866eb44bbd9937c70f81,0.001099890011,0.0054994500549999997,True,,0.465305055302,120,1.1632626382539999,0.465305055302,120,1.1632626382539999,0.288469642985,240,0.72117410746199995,0.206439006068,240,0.516097515171,0.206439006068,240,0.516097515171
secondary,current_ratio,0.40000000000000002,40,43040197,82,940f7ba675b2a3a042e3534e3780ce29375f3a98e76c08ab9474538888e6d6c0,0.0035996400360000002,0.01799820018,True,,0.40923201585399999,120,1.023080039636,0.40923201585399999,120,1.023080039636,0.26881961297700002,240,0.67204903244199998,0.18896773075000001,240,0.47241932687400001,0.18896773075000001,240,0.47241932687400001
secondary,current_ratio,0.40000000000000002,41,43040198,83,a4c8247b2f93cb80cc42b76d87e1273aadedcc5ee0ec81681ec971b86bf33a38,0.0056994300570000003,0.028497150285000002,True,,0.47253026304200002,120,1.181325657605,0.47253026304200002,120,1.181325657605,0.333074540764,240,0.83268635190999996,0.178285997142,240,0.44571499285600003,0.178285997142,240,0.44571499285600003
secondary,current_ratio,0.40000000000000002,42,43040199,84,9d82f614f752b0106c71b7bec59ede0590b62119f55385025ff9dbc22dc2773e,0.091090890911000005,0.455454454555,False,,0.30435571664,120,0.76088929159899998,0.30435571664,120,0.76088929159899998,0.17025485649899999,240,0.42563714124699997,0.10716524690199999,240,0.26791311725400002,0.10716524690199999,240,0.26791311725400002
secondary,current_ratio,0.40000000000000002,43,43040200,85,aef976d9d0176c9d6b3708a54aaab367762b8787572a9d76686b3cb3dde5acfb,0.0046995300469999998,0.023497650235,True,,0.35208973102699997,120,0.88022432756699998,0.35208973102699997,120,0.88022432756699998,0.241534304738,240,0.60383576184400001,0.18603737806699999,240,0.46509344516700002,0.18603737806699999,240,0.46509344516700002
secondary,current_ratio,0.40000000000000002,44,43040201,86,021073749529bff068cd448b599c618e47d5e087a735bbf8d2dca642748f330c,0.043095690430999999,0.215478452155,False,,0.28659943996199999,120,0.71649859990499998,0.28659943996199999,120,0.71649859990499998,0.15467882674700001,240,0.38669706686700001,0.13309957323900001,240,0.33274893309800002,0.13309957323900001,240,0.33274893309800002
secondary,current_ratio,0.40000000000000002,45,43040202,87,861a5c1b4161a18d23376939b5167074cd887172702c94023db70fe933cd11da,0.001499850015,0.007499250075,True,,0.31502967289799999,120,0.78757418224599995,0.31502967289799999,120,0.78757418224599995,0.169853644917,240,0.42463411229300002,0.21149420653500001,240,0.528735516337,0.21149420653500001,240,0.528735516337
secondary,current_ratio,0.40000000000000002,46,43040203,88,89083d22401ecab98e95bf4ebfe2a4ac83cc3c85fdc7d9173bf1205063fb256b,0.00019998000200000001,0.00099990000999999992,True,,0.55555895959500001,120,1.3888973989890001,0.55555895959500001,120,1.3888973989890001,0.37656191909999998,240,0.94140479774999997,0.23556862111999999,240,0.588921552801,0.23556862111999999,240,0.588921552801
secondary,current_ratio,0.40000000000000002,47,43040204,89,3d1474f7b12eaa80d28383bb01023f6fc26ce720d3d648bab3f0af86ec6beeba,0.0087991200880000002,0.043995600439999998,True,,0.38526672420699998,120,0.96316681051700004,0.38526672420699998,120,0.96316681051700004,0.242171234885,240,0.60542808721100005,0.17146450890000001,240,0.42866127225099998,0.17146450890000001,240,0.42866127225099998
secondary,current_ratio,0.40000000000000002,48,43040205,90,f77b58218559439c2b95f6a505ff657755f686b526f872b19d5b8fdbf3cc41aa,0.00899910009,0.044995500450000003,True,,0.34410593773300002,120,0.86026484433299999,0.34410593773300002,120,0.86026484433299999,0.22760632821400001,240,0.56901582053499999,0.16883899116000001,240,0.42209747790000002,0.16883899116000001,240,0.42209747790000002
secondary,current_ratio,0.40000000000000002,49,43040206,91,e8a8d7abca9161ff356ce8a971fca52e86421fa8759c61ef88d4edfdb3719b7f,0.011598840116,0.057994200580000002,False,,0.38213726362900002,120,0.95534315907199996,0.38213726362900002,120,0.95534315907199996,0.26798711836700001,240,0.66996779591699995,0.162736526795,240,0.40684131698800002,0.162736526795,240,0.40684131698800002
secondary,current_ratio,0.40000000000000002,50,43040207,92,4536fbeb0da7b7c5bbcdc6fcd8edc2484746499e6a2c827635b112c699f2467d,0.013598640136,0.067993200680000004,False,,0.35242563329999999,120,0.88106408325100005,0.35242563329999999,120,0.88106408325100005,0.212218103898,240,0.53054525974599998,0.15834568145200001,240,0.39586420363000002,0.15834568145200001,240,0.39586420363000002
secondary,current_ratio,0.40000000000000002,51,43040208,93,164814628dfe1b83a83b0dbd6356d575d46693418f8fcc29bd7f9873cea43855,0.0063993600640000004,0.031996800319999998,True,,0.41301198888899998,120,1.032529972222,0.41301198888899998,120,1.032529972222,0.30006473802599998,240,0.75016184506600003,0.178215851328,240,0.44553962832100003,0.178215851328,240,0.44553962832100003
secondary,current_ratio,0.40000000000000002,52,43040209,94,2c005cecb528e6e4227090a95d4a05f34733c85af90f14e0bed53329494eba53,0.0024997500250000001,0.012498750124999999,True,,0.37306953582199998,120,0.93267383955399996,0.37306953582199998,120,0.93267383955399996,0.27058658530599999,240,0.67646646326500004,0.192295816452,240,0.48073954112900003,0.192295816452,240,0.48073954112900003
secondary,current_ratio,0.40000000000000002,53,43040210,95,a8442f35f8c9d615ee9faf0f059a71f982d19904aed071357207b1f2eb7656b1,0.00039996000400000002,0.0019998000199999998,True,,0.44370404346600001,120,1.1092601086639999,0.44370404346600001,120,1.1092601086639999,0.28427524022599998,240,0.71068810056499998,0.221871623569,240,0.55467905892199998,0.221871623569,240,0.55467905892199998
secondary,current_ratio,0.40000000000000002,54,43040211,96,134c207bec5e6f7c429396d3d9e32ac888479de4a473a2feb42c64fec8980778,0.010998900109999999,0.054994500549999999,False,,0.34451569797600001,120,0.86128924494000003,0.34451569797600001,120,0.86128924494000003,0.23757996623899999,240,0.59394991559800003,0.16319782225500001,240,0.40799455563800002,0.16319782225500001,240,0.40799455563800002
secondary,current_ratio,0.40000000000000002,55,43040212,97,7b25224cb0f2e4b36c4c4f3c05ca3da4a14aed2f13214e04bfe4346757a00cd8,0.040295970403000002,0.20147985201499999,False,,0.39936665923800002,120,0.99841664809599995,0.39936665923800002,120,0.99841664809599995,0.28581708477200002,240,0.71454271192999996,0.13277887035399999,240,0.33194717588599998,0.13277887035399999,240,0.33194717588599998
secondary,current_ratio,0.40000000000000002,56,43040213,98,738429335d370d450054b3c05a8260545567b3b9d69bcb325a45861515074dde,0.0019998000199999998,0.0099990001000000005,True,,0.33940372722899997,120,0.84850931807399999,0.33940372722899997,120,0.84850931807399999,0.20634127224099999,240,0.51585318060100005,0.20337658944100001,240,0.50844147360199998,0.20337658944100001,240,0.50844147360199998
secondary,current_ratio,0.40000000000000002,57,43040214,99,9c6764ce5a73b93daca30032b5bb089082ce9835b205e940e2dde439a9b804ed,0.00049995000499999996,0.0024997500250000001,True,,0.48666728617900001,120,1.2166682154470001,0.48666728617900001,120,1.2166682154470001,0.323549699616,240,0.80887424904000005,0.23659269974300001,240,0.59148174935700004,0.23659269974300001,240,0.59148174935700004
secondary,current_ratio,0.40000000000000002,58,43040215,100,52e6e401931574039fa353846c6d7a7b4afe3c413dd8ddc05d2091f25cdab455,0.0023997600239999998,0.01199880012,True,,0.39479230173399998,120,0.98698075433599997,0.39479230173399998,120,0.98698075433599997,0.27618661485899998,240,0.69046653714700001,0.19438245194699999,240,0.48595612986699999,0.19438245194699999,240,0.48595612986699999
secondary,current_ratio,0.40000000000000002,59,43040216,101,09fbac54743af893ac7b14629d4b0ea14e3d48fdee6ac602bbc5c8f331565601,0.0054994500549999997,0.027497250274999999,True,,0.43087329285800002,120,1.077183232146,0.43087329285800002,120,1.077183232146,0.29987615038900001,240,0.74969037597400001,0.18211427912600001,240,0.455285697815,0.18211427912600001,240,0.455285697815
secondary,current_ratio,0.40000000000000002,60,43040217,102,aa9b13781b910131becb7828a20c4b312f837be22b1c84ba4dba5fb63a842fb7,0.013198680132,0.065993400660000007,False,,0.29058967101599997,120,0.72647417754099997,0.29058967101599997,120,0.72647417754099997,0.19514976251499999,240,0.48787440628700002,0.15929042860299999,240,0.39822607150700001,0.15929042860299999,240,0.39822607150700001
secondary,current_ratio,0.40000000000000002,61,43040218,103,6a6d55234d9602902fe16ea59d95d610136433c0ae0e7ed9c5a23acb3bee27a9,9.9990001000000006e-05,0.00049995000499999996,True,,0.50419940489500004,120,1.2604985122379999,0.50419940489500004,120,1.2604985122379999,0.30294967461200001,240,0.75737418652999999,0.27653637061500003,240,0.69134092653900003,0.27653637061500003,240,0.69134092653900003
secondary,current_ratio,0.40000000000000002,62,43040219,104,aaa660c828c1694b4614ff03c54be4ec0a63577615e9472df09e309b11f743ce,0.00029997000299999998,0.001499850015,True,,0.51721888685200001,120,1.2930472171289999,0.51721888685200001,120,1.2930472171289999,0.36242178658300001,240,0.90605446645800003,0.22301193501,240,0.55752983752499996,0.22301193501,240,0.55752983752499996
secondary,current_ratio,0.40000000000000002,63,43040220,105,827fa8e863860e3dc7d065a68a94add5f10039bb1450d1b6d2507cd50c1e046a,0.0024997500250000001,0.012498750124999999,True,,0.45857032625499999,120,1.146425815637,0.45857032625499999,120,1.146425815637,0.30441966166599999,240,0.76104915416499996,0.19469479984599999,240,0.486736999615,0.19469479984599999,240,0.486736999615
secondary,current_ratio,0.40000000000000002,64,43040221,106,5ce68a17698bc4ad2a303bdfc32a382d07fbccf91ef10f000bf774f75cecd22b,0.018598140185999999,0.092990700930000003,False,,0.34306641668600002,120,0.85766604171500005,0.34306641668600002,120,0.85766604171500005,0.207517984998,240,0.51879496249599999,0.15107926611200001,240,0.37769816527900002,0.15107926611200001,240,0.37769816527900002
secondary,current_ratio,0.40000000000000002,65,43040222,107,c16c916470f854b7524bd55e9f6dabf28fa40f8b70a8d55d6b2a8eac7a92b620,0.002599740026,0.012998700130000001,True,,0.36538211696299999,120,0.91345529240599999,0.36538211696299999,120,0.91345529240599999,0.22489982622599999,240,0.56224956556500005,0.195804487055,240,0.48951121763799998,0.195804487055,240,0.48951121763799998
secondary,current_ratio,0.40000000000000002,66,43040223,108,34acd5bd62e9d5389cc7d3c307ef40503f843f4cb7cdb86ee6b34cae0db39c46,9.9990001000000006e-05,0.00049995000499999996,True,,0.54758761295000002,120,1.3689690323749999,0.54758761295000002,120,1.3689690323749999,0.39078219988500001,240,0.976955499713,0.28048288379300002,240,0.70120720948299997,0.28048288379300002,240,0.70120720948299997
secondary,current_ratio,0.40000000000000002,67,43040224,109,2174254428c8b1a0329b4527537758c1a71b80412df31f35fef295a3eaefc30a,0.00069993000699999995,0.0034996500349999998,True,,0.47618986082999998,120,1.190474652075,0.47618986082999998,120,1.190474652075,0.31492370931800001,240,0.78730927329599998,0.21378390370899999,240,0.53445975927099998,0.21378390370899999,240,0.53445975927099998
secondary,current_ratio,0.40000000000000002,68,43040225,110,f9595fbb09d4d1794310e7f614c743764969c7d8e77181f2261906d8289bdc91,0.00599940006,0.0299970003,True,,0.41898198210499998,120,1.0474549552629999,0.41898198210499998,120,1.0474549552629999,0.26630744375199999,240,0.66576860938000004,0.1784188837,240,0.44604720924899999,0.1784188837,240,0.44604720924899999
secondary,current_ratio,0.40000000000000002,69,43040226,111,bd3535647ef46efd31e5e779ced8459fe1eebe55201f9d487a3b5372d4d06426,0.0046995300469999998,0.023497650235,True,,0.40500652789199998,120,1.01251631973,0.40500652789199998,120,1.01251631973,0.27358634082599997,240,0.68396585206500005,0.187982913059,240,0.46995728264800002,0.187982913059,240,0.46995728264800002
secondary,current_ratio,0.40000000000000002,70,43040227,112,f1f65786df6c479400b5e5b77e15514e6cb356e74e4288d068e31b8ff23a446f,0.024297570243,0.121487851215,False,,0.30809076420300002,120,0.77022691050699998,0.30809076420300002,120,0.77022691050699998,0.20778575200999999,240,0.51946438002399997,0.14553083519500001,240,0.363827087986,0.14553083519500001,240,0.363827087986
secondary,current_ratio,0.40000000000000002,71,43040228,113,88ca93eb13b8236c681b027ba5659ae7a953026e434a2fe686dcab98e485286a,0.083091690831000001,0.41545845415499999,False,,0.28387257858999998,120,0.709681446474,0.28387257858999998,120,0.709681446474,0.168660029308,240,0.421650073269,0.111579849924,240,0.27894962480899999,0.111579849924,240,0.27894962480899999
secondary,current_ratio,0.40000000000000002,72,43040229,114,5c48d8a6cbc97b6187530199b9ab9f16767ed1ac350dd965aba4d5ec1065b75f,0.00079992000800000005,0.0039996000399999997,True,,0.49863660998999998,120,1.2465915249740001,0.49863660998999998,120,1.2465915249740001,0.33082276914100001,240,0.82705692285300003,0.21771430093300001,240,0.54428575233099996,0.21771430093300001,240,0.54428575233099996
secondary,current_ratio,0.40000000000000002,73,43040230,115,31d82dfcb461e239bb6fd4dc6696072067d1d4591f33ff77c3d51d7dbc03fe1c,0.022497750225000002,0.11248875112499999,False,,0.27202349471499998,120,0.680058736788,0.27202349471499998,120,0.680058736788,0.149732988382,240,0.374332470955,0.14895329586700001,240,0.37238323966800002,0.14895329586700001,240,0.37238323966800002
secondary,current_ratio,0.40000000000000002,74,43040231,116,dce659f90d2f5c50ec22abf3ba1d5995d9bb8fb4626807d4c1b1b62ff389bd89,0.0076992300769999997,0.038496150384999997,True,,0.45442578012700002,120,1.1360644503170001,0.45442578012700002,120,1.1360644503170001,0.32118913836099999,240,0.802972845903,0.174277285585,240,0.435693213962,0.174277285585,240,0.435693213962
secondary,current_ratio,0.40000000000000002,75,43040232,117,eaffd28c49b1ede956b2fbc097c66ab60546b794c57e04657a93c715ad133613,0.010798920108,0.05399460054,False,,0.35548319442499998,120,0.88870798606300005,0.35548319442499998,120,0.88870798606300005,0.228344430682,240,0.57086107670399999,0.16741720516200001,240,0.41854301290399998,0.16741720516200001,240,0.41854301290399998
secondary,current_ratio,0.40000000000000002,76,43040233,118,752c56569d6fb1e4d962ebf53097a7760d9aba6607a6a47c9c1d49a7e073c784,0.17338266173399999,0.86691330866899996,False,,0.275424270064,120,0.68856067515999997,0.275424270064,120,0.68856067515999997,0.141486639601,240,0.35371659900300001,0.087318616732999996,240,0.21829654183300001,0.087318616732999996,240,0.21829654183300001
secondary,current_ratio,0.40000000000000002,77,43040234,119,cba3ae7de1e45c0e3c49beacfa022126286875190044fc0a3b87fee37cfe51dd,0.0030996900309999999,0.015498450154999999,True,,0.41368073896699997,120,1.0342018474170001,0.41368073896699997,120,1.0342018474170001,0.24841884939299999,240,0.62104712348199997,0.18913166374400001,240,0.47282915935999997,0.18913166374400001,240,0.47282915935999997
secondary,current_ratio,0.40000000000000002,78,43040235,120,9147e25eabefb374e4e3a1959a4bb52e2552d8c2bf584cbad68c1e7a852be2c8,0.00019998000200000001,0.00099990000999999992,True,,0.57347078726599998,120,1.433676968164,0.57347078726599998,120,1.433676968164,0.39658953391500001,240,0.991473834788,0.235397100985,240,0.58849275246300004,0.235397100985,240,0.58849275246300004
secondary,current_ratio,0.40000000000000002,79,43040236,121,444626f8e9100a36164991bb4811c623fea6dd60e0aa0a0063dba7d72a8a34bb,0.0079992000799999994,0.039996000400000002,True,,0.33441994307599998,120,0.83604985769100004,0.33441994307599998,120,0.83604985769100004,0.20245211554699999,240,0.50613028886599998,0.171620675798,240,0.429051689495,0.171620675798,240,0.429051689495
secondary,current_ratio,0.40000000000000002,80,43040237,122,97ed873457ea68541919818fc3bab2b2ff79660cf43cc5642ee91852c5e53959,0.021397860213999999,0.10698930107,False,,0.31491981132699998,120,0.78729952831700001,0.31491981132699998,120,0.78729952831700001,0.18720006784599999,240,0.46800016961599999,0.14996904075100001,240,0.37492260187900001,0.14996904075100001,240,0.37492260187900001
secondary,current_ratio,0.40000000000000002,81,43040238,123,1a1d2917c987e691d8276d9c167d5257454f2bab37e93c2522e10dc3eb9e1367,0.0017998200180000001,0.00899910009,True,,0.477695986598,120,1.1942399664959999,0.477695986598,120,1.1942399664959999,0.289033106855,240,0.72258276713799996,0.205782594166,240,0.51445648541599998,0.205782594166,240,0.51445648541599998
secondary,current_ratio,0.40000000000000002,82,43040239,124,a1cb80a389764a7b4249192b6a07e5728ebe74020814b3c99e5e50d29282735e,0.033296670333000003,0.166483351665,False,,0.34375665608299999,120,0.85939164020799996,0.34375665608299999,120,0.85939164020799996,0.24533232542,240,0.61333081355100005,0.138349713939,240,0.34587428484799998,0.138349713939,240,0.34587428484799998
secondary,current_ratio,0.40000000000000002,83,43040240,125,bd5acabff5591fb92e85cc69746a403c4355a4cd1931893af214602bec482dae,0.075992400759999995,0.3799620038,False,,0.33454820842799998,120,0.83637052106999998,0.33454820842799998,120,0.83637052106999998,0.21935557193800001,240,0.54838892984499998,0.11379908641600001,240,0.28449771603899998,0.11379908641600001,240,0.28449771603899998
secondary,current_ratio,0.40000000000000002,84,43040241,126,bf097fe901dc8299e23a921149ef6cae5fdcb45febcf44450f09c14b3d1f11d0,0.024797520247999999,0.12398760123999999,False,,0.35153391772600001,120,0.87883479431400002,0.35153391772600001,120,0.87883479431400002,0.23185918464999999,240,0.57964796162599996,0.14754655849600001,240,0.36886639624000001,0.14754655849600001,240,0.36886639624000001
secondary,current_ratio,0.40000000000000002,85,43040242,127,1649dfdaa09937f2249e54d37e6e32146b52dd4031bb6944fe29720c5a5e305f,0.057694230577000002,0.28847115288500003,False,,0.36586533803400001,120,0.914663345086,0.36586533803400001,120,0.914663345086,0.219165296826,240,0.54791324206400005,0.122222160861,240,0.30555540215100002,0.122222160861,240,0.30555540215100002
secondary,current_ratio,0.40000000000000002,86,43040243,128,36fa2da5517481eae0ab8325bfb9d29380deb336797bebca025eedc530578278,0.003699630037,0.018498150184999999,True,,0.31691288436100001,120,0.79228221090399997,0.31691288436100001,120,0.79228221090399997,0.19826505475199999,240,0.49566263688099998,0.186834164572,240,0.46708541143100002,0.186834164572,240,0.46708541143100002
secondary,current_ratio,0.40000000000000002,87,43040244,129,00e4d0ecfba2e8fb5fcde504590782a78cf4d1f736359699095cd6e5f575d1df,0.010198980102,0.050994900510000003,False,,0.44643360350700001,120,1.1160840087670001,0.44643360350700001,120,1.1160840087670001,0.31958809804100002,240,0.79897024510299997,0.168424660635,240,0.42106165158699999,0.168424660635,240,0.42106165158699999
secondary,current_ratio,0.40000000000000002,88,43040245,130,1cd23ef9e8e61833896c701a627c50ae351f8e2ad2a6edba187da6d222960d0c,0.00099990000999999992,0.0049995000500000003,True,,0.38317062429100002,120,0.957926560727,0.38317062429100002,120,0.957926560727,0.23981485097499999,240,0.59953712743700005,0.20211769548700001,240,0.50529423871699997,0.20211769548700001,240,0.50529423871699997
secondary,current_ratio,0.40000000000000002,89,43040246,131,bbde8c04032c5f5acdac978695baafdfd864d802a4858ff7e365be3da426cd3d,0.011198880111999999,0.055994400559999997,False,,0.400060986364,120,1.0001524659100001,0.400060986364,120,1.0001524659100001,0.261158319187,240,0.65289579796700004,0.164033629924,240,0.41008407481100001,0.164033629924,240,0.41008407481100001
secondary,current_ratio,0.40000000000000002,90,43040247,132,d3a360d467073bdf69763bc7919fa69a314619e3edfbfc06592c792e82ee9bda,0.086891310868999996,0.43445655434500002,False,,0.24874647638399999,120,0.62186619095999995,0.24874647638399999,120,0.62186619095999995,0.165017302669,240,0.41254325667300001,0.110752057278,240,0.27688014319600002,0.110752057278,240,0.27688014319600002
secondary,current_ratio,0.40000000000000002,91,43040248,133,8d901df4bc0e4651469c4f7aa22d340d59a2c3a1cadad0dcf77ddd48668dbcbf,0.00049995000499999996,0.0024997500250000001,True,,0.54154802721200002,120,1.3538700680289999,0.54154802721200002,120,1.3538700680289999,0.36254318925200002,240,0.90635797312900002,0.22344968435099999,240,0.55862421087799996,0.22344968435099999,240,0.55862421087799996
secondary,current_ratio,0.40000000000000002,92,43040249,134,e9d24c9536dd94a33b1682d0abb6d973d92cddb2cb1a412ea8c293855de4e7e6,0.040095990401000002,0.20047995200499999,False,,0.28660704981200003,120,0.71651762452900003,0.28660704981200003,120,0.71651762452900003,0.198189335223,240,0.495473338057,0.13242692943699999,240,0.33106732359300001,0.13242692943699999,240,0.33106732359300001
secondary,current_ratio,0.40000000000000002,93,43040250,135,d479f523d5fd0339edab82681bdc84e4b7b119d4e415dd2daad7d4b287f6a791,0.0028997100290000001,0.014498550145000001,True,,0.36875463218999999,120,0.92188658047500005,0.36875463218999999,120,0.92188658047500005,0.23720745382399999,240,0.59301863456000004,0.19684353572499999,240,0.49210883931400001,0.19684353572499999,240,0.49210883931400001
secondary,current_ratio,0.40000000000000002,94,43040251,136,7feb200450c43a677051490ccc2ffcd4a8afd329de642e60a16c8efef552bf08,0.035396460354000001,0.17698230176999999,False,,0.33161869211900002,120,0.82904673029700005,0.33161869211900002,120,0.82904673029700005,0.18535573810799999,240,0.46338934527100001,0.13481008811699999,240,0.33702522029199999,0.13481008811699999,240,0.33702522029199999
secondary,current_ratio,0.40000000000000002,95,43040252,137,f2c30261a4bf3990e617793be98743522f76c04a97c4420a5635a799392aa969,0.0023997600239999998,0.01199880012,True,,0.36860358257100001,120,0.92150895642700004,0.36860358257100001,120,0.92150895642700004,0.266673347151,240,0.66668336787799998,0.19101449590899999,240,0.47753623977199999,0.19101449590899999,240,0.47753623977199999
secondary,current_ratio,0.40000000000000002,96,43040253,138,89b77d7752857c9c312cff4849bc9788184e9d3baada5ecbff89462c27c55a5b,0.012198780122,0.060993900609999999,False,,0.398929268409,120,0.99732317102199997,0.398929268409,120,0.99732317102199997,0.23704826843499999,240,0.59262067108700001,0.160861230667,240,0.40215307666700001,0.160861230667,240,0.40215307666700001
secondary,current_ratio,0.40000000000000002,97,43040254,139,81e6c8d51be0b466ea9ce12a795ba2434bb6ed9bc2e4a19725604a92d652f6f1,0.00069993000699999995,0.0034996500349999998,True,,0.34835575987900003,120,0.87088939969599999,0.34835575987900003,120,0.87088939969599999,0.20121871234499999,240,0.50304678086400001,0.229083693083,240,0.57270923270600005,0.229083693083,240,0.57270923270600005
secondary,current_ratio,0.40000000000000002,98,43040255,140,53c0cfe498b4782bc568f00fd88bc07a6a703063aa08de7b4fc310697ef41bd0,0.052394760524000002,0.26197380261999997,False,,0.41694850909499998,120,1.042371272737,0.41694850909499998,120,1.042371272737,0.27433310986600001,240,0.68583277466400006,0.12668381509000001,240,0.31670953772499999,0.12668381509000001,240,0.31670953772499999
secondary,current_ratio,0.40000000000000002,99,43040256,141,8c96ff81e368133e3ad2b7b3852ca95627c25589c3cca180fb6124cd3004608b,0.001099890011,0.0054994500549999997,True,,0.40548455148000001,120,1.013711378699,0.40548455148000001,120,1.013711378699,0.28409477961500001,240,0.71023694903900003,0.208564523335,240,0.52141130833899996,0.208564523335,240,0.52141130833899996
secondary,current_ratio,0.40000000000000002,100,43040257,142,64959ee8d2eea94121be415cbeed9c2e4191693d97de8f1be92e43bbceb88c0d,0.026197380262000001,0.13098690130999999,False,,0.28129611915300001,120,0.70324029788200004,0.28129611915300001,120,0.70324029788200004,0.132104299093,240,0.330260747731,0.14500750455899999,240,0.36251876139700001,0.14500750455899999,240,0.36251876139700001
secondary,current_ratio,0.40000000000000002,101,43040258,143,9b2cc44c6f6b7467a27c0c56ffb78526a8d160df0c3fb3f24ffe2c69e2e07a48,0.051094890511000003,0.25547445255500001,False,,0.33999922887400003,120,0.84999807218400003,0.33999922887400003,120,0.84999807218400003,0.216975367429,240,0.54243841857200004,0.12696518029500001,240,0.31741295073800002,0.12696518029500001,240,0.31741295073800002
secondary,current_ratio,0.40000000000000002,102,43040259,144,e8bc0b6818ee61a34f4fbfd54388bbb634a0c7a3547c40dbc6d11733af718c8a,0.001699830017,0.0084991500850000005,True,,0.40564072070099999,120,1.014101801752,0.40564072070099999,120,1.014101801752,0.257820727064,240,0.64455181765900005,0.20105555202700001,240,0.50263888006699997,0.20105555202700001,240,0.50263888006699997
secondary,current_ratio,0.40000000000000002,103,43040260,145,fd60d684333534ea2f2b1aed65b4b28228bd205467d1fc3c7660618383c2a7ad,0.011198880111999999,0.055994400559999997,False,,0.425405180025,120,1.0635129500639999,0.425405180025,120,1.0635129500639999,0.291011186629,240,0.72752796657300001,0.16304933280100001,240,0.40762333200200002,0.16304933280100001,240,0.40762333200200002
secondary,current_ratio,0.40000000000000002,104,43040261,146,17d00ea20abb7189b70f1b97d514c58702841f10e480787e2f6ec56e65f29e9f,0.011098890110999999,0.055494450554999998,False,,0.45207202457500001,120,1.130180061438,0.45207202457500001,120,1.130180061438,0.294588360755,240,0.73647090188800002,0.16626036966499999,240,0.41565092416400001,0.16626036966499999,240,0.41565092416400001
secondary,current_ratio,0.40000000000000002,105,43040262,147,9714e0f5f7d89723bbc7bc512741146254cbb7106d45bb70a700ef5bff452d29,0.0011998800119999999,0.00599940006,True,,0.37442213262399998,120,0.93605533155999998,0.37442213262399998,120,0.93605533155999998,0.23363034283600001,240,0.58407585709099996,0.21969925987700001,240,0.54924814969400004,0.21969925987700001,240,0.54924814969400004
secondary,current_ratio,0.40000000000000002,106,43040263,148,b04cfa7f0e5d9d9441504a0c1373ee902204057bc589194ca853e4722cff006c,0.00069993000699999995,0.0034996500349999998,True,,0.36563811535000001,120,0.91409528837599996,0.36563811535000001,120,0.91409528837599996,0.28945284361000001,240,0.72363210902499997,0.21103410387300001,240,0.52758525968199999,0.21103410387300001,240,0.52758525968199999
secondary,current_ratio,0.40000000000000002,107,43040264,149,62fe1f39e81b8feff9b2ff7e13c4afa41603562a55d9e50d75be02c11146b369,0.016398360163999998,0.081991800820000002,False,,0.40913362899599998,120,1.0228340724889999,0.40913362899599998,120,1.0228340724889999,0.250533534635,240,0.62633383658599995,0.15365704099800001,240,0.38414260249499999,0.15365704099800001,240,0.38414260249499999
secondary,current_ratio,0.40000000000000002,108,43040265,150,12f02afa8c7bf18ad6e00e34510ea93b0b83942eebd9846d2dacef4e6d8784f8,0.010098990101,0.050494950504999997,False,,0.35861051164300001,120,0.896526279107,0.35861051164300001,120,0.896526279107,0.23451313614899999,240,0.58628284037400002,0.16883936977,240,0.42209842442599999,0.16883936977,240,0.42209842442599999
secondary,current_ratio,0.40000000000000002,109,43040266,151,a497366be91fea04a268c1095111894445218c01dcf4f415d961896bd90aa071,0.040695930407000001,0.20347965203500001,False,,0.35300736526999998,120,0.88251841317599999,0.35300736526999998,120,0.88251841317599999,0.23211910737700001,240,0.58029776844199998,0.133395973334,240,0.33348993333400001,0.133395973334,240,0.33348993333400001
secondary,current_ratio,0.40000000000000002,110,43040267,152,11cec3085a1a5e450bab45b61943c03ba212a8a16ffaec57be8cacd500f50965,0.0081991800819999992,0.040995900410000001,True,,0.433830039758,120,1.0845750993950001,0.433830039758,120,1.0845750993950001,0.31223876849400001,240,0.780596921236,0.16523674072299999,240,0.41309185180800001,0.16523674072299999,240,0.41309185180800001
secondary,current_ratio,0.40000000000000002,111,43040268,153,b0629af6d8767977128aab5a44806a0bb2e3e63313e7028dbdd430fc7f1cdb37,0.031296870312999998,0.15648435156500001,False,,0.25597283003299998,120,0.63993207508100003,0.25597283003299998,120,0.63993207508100003,0.14227609058400001,240,0.35569022645999998,0.14066283725600001,240,0.35165709313900001,0.14066283725600001,240,0.35165709313900001
secondary,current_ratio,0.40000000000000002,112,43040269,154,5d4b8bd40bc29617c728d49cd48b593141c4a184e397c8f27565dc4a6d4a3100,0.0099990001000000005,0.049995000499999998,True,,0.37701980073399999,120,0.94254950183499997,0.37701980073399999,120,0.94254950183499997,0.23897286387399999,240,0.59743215968600005,0.16469763794200001,240,0.41174409485500002,0.16469763794200001,240,0.41174409485500002
secondary,current_ratio,0.40000000000000002,113,43040270,155,101ff9403fb1d6672a2837198eef94a7734223f049b4958c1676eab4ead6f593,0.0011998800119999999,0.00599940006,True,,0.508146913995,120,1.270367284987,0.508146913995,120,1.270367284987,0.30176183934,240,0.75440459834999996,0.209259552879,240,0.52314888219800004,0.209259552879,240,0.52314888219800004
secondary,current_ratio,0.40000000000000002,114,43040271,156,ac4b11a24a8cba47355928d16e79fa1fca89b3913919fdeee5f6828ba5451de8,0.013198680132,0.065993400660000007,False,,0.37715284583999997,120,0.94288211459899995,0.37715284583999997,120,0.94288211459899995,0.246726163271,240,0.61681540817699998,0.16035359304800001,240,0.40088398261899999,0.16035359304800001,240,0.40088398261899999
secondary,current_ratio,0.40000000000000002,115,43040272,157,76e58b51ddb30a3cf164aa0ce1cd95c725b70be3ab340476d555a4319a292de8,0.0038996100389999998,0.019498050195000002,True,,0.35287190832100002,120,0.88217977080400001,0.35287190832100002,120,0.88217977080400001,0.23710289647999999,240,0.59275724119999995,0.18896734023299999,240,0.47241835058199999,0.18896734023299999,240,0.47241835058199999
secondary,current_ratio,0.40000000000000002,116,43040273,158,749f4a43e588a28b08159e11f3ae0573c560767b2de4177a66ba732ef1abdf7a,0.012698730126999999,0.063493650634999996,False,,0.42478341185399998,120,1.0619585296339999,0.42478341185399998,120,1.0619585296339999,0.27330999128700001,240,0.68327497821799998,0.163572893863,240,0.40893223465799999,0.163572893863,240,0.40893223465799999
secondary,current_ratio,0.40000000000000002,117,43040274,159,0a724af977dbdfca41311f5dfa64217fa4aa9c10430940532490afbfb33a4b7f,0.00899910009,0.044995500450000003,True,,0.41139931059899998,120,1.0284982764970001,0.41139931059899998,120,1.0284982764970001,0.297507811387,240,0.74376952846699995,0.169261039059,240,0.42315259764699997,0.169261039059,240,0.42315259764699997
secondary,current_ratio,0.40000000000000002,118,43040275,160,0568910b02e656c47830da8c6436ec3ee6cda48a90c317c901895ff8e9010d05,0.012898710129000001,0.064493550644999995,False,,0.32364075268600001,120,0.80910188171399999,0.32364075268600001,120,0.80910188171399999,0.18085337910900001,240,0.45213344777300002,0.16011850552699999,240,0.40029626381700001,0.16011850552699999,240,0.40029626381700001
secondary,current_ratio,0.40000000000000002,119,43040276,161,ac572fa8e384dd33df1d11b77146a49c8eeb6c54c6f8007197e5befc0e8ecdd2,0.001699830017,0.0084991500850000005,True,,0.47269427969700001,120,1.1817356992429999,0.47269427969700001,120,1.1817356992429999,0.308990251823,240,0.772475629557,0.200836863639,240,0.50209215909799998,0.200836863639,240,0.50209215909799998
secondary,current_ratio,0.40000000000000002,120,43040277,162,575e2c51a80b10db386ec4cc76007c9366f392af9ffd81e808e1324965815486,0.0045995400459999999,0.022997700230000001,True,,0.41652093799500001,120,1.041302344987,0.41652093799500001,120,1.041302344987,0.24603717159899999,240,0.61509292899800005,0.18102104087199999,240,0.45255260217999999,0.18102104087199999,240,0.45255260217999999
secondary,current_ratio,0.40000000000000002,121,43040278,163,e47c93cefaaa4dfc0425714ac4ad6f8c450744a5c9556ce9860cc213600c996e,0.0070992900709999996,0.035496450355,True,,0.414531318358,120,1.0363282958940001,0.414531318358,120,1.0363282958940001,0.244231857868,240,0.61057964467000003,0.178185249076,240,0.44546312269100002,0.178185249076,240,0.44546312269100002
secondary,current_ratio,0.40000000000000002,122,43040279,164,d312ae2519f864bab1b5f0962c91df751081a0c52779606a31611220ed086a2e,0.0030996900309999999,0.015498450154999999,True,,0.360043594395,120,0.90010898598800004,0.360043594395,120,0.90010898598800004,0.27679969274799998,240,0.69199923186900003,0.193218264316,240,0.48304566079,0.193218264316,240,0.48304566079
secondary,current_ratio,0.40000000000000002,123,43040280,165,8b33bc6bb4c2bb7bbad986a9c695cf75fde13fcb3e35880da0e8581e43c46569,0.0011998800119999999,0.00599940006,True,,0.432946610505,120,1.0823665262619999,0.432946610505,120,1.0823665262619999,0.27717380097200001,240,0.69293450243099997,0.22568479702899999,240,0.56421199257200005,0.22568479702899999,240,0.56421199257200005
secondary,current_ratio,0.40000000000000002,124,43040281,166,a2548aa9ab9bbccadad6a43d58bee580c544fe3455df2650eedd7e147f656289,0.053194680532000001,0.26597340266000002,False,,0.39504189949099999,120,0.98760474872899995,0.39504189949099999,120,0.98760474872899995,0.231662160428,240,0.57915540106999996,0.127684123944,240,0.31921030986100002,0.127684123944,240,0.31921030986100002
secondary,current_ratio,0.40000000000000002,125,43040282,167,1c3508072e2dadc9110e85604cef83f49f24e308d717d0c8aef833225187b693,0.00059994000599999995,0.00299970003,True,,0.37867462293499998,120,0.94668655733700002,0.37867462293499998,120,0.94668655733700002,0.25639262781099997,240,0.64098156952600005,0.21465116738100001,240,0.53662791845299995,0.21465116738100001,240,0.53662791845299995
secondary,current_ratio,0.40000000000000002,126,43040283,168,e445f19ee63071f6efacd5c0786dcb13dab51c64b7f70699778caa9df4f8c251,0.001099890011,0.0054994500549999997,True,,0.42090412315800002,120,1.0522603078949999,0.42090412315800002,120,1.0522603078949999,0.29935999190399998,240,0.74839997975899997,0.213994714266,240,0.53498678566500002,0.213994714266,240,0.53498678566500002
secondary,current_ratio,0.40000000000000002,127,43040284,169,26828bfbb312cc8bb13fe7786e5c3c4ae29831466c76c9ff8e8b8ee6e199400e,0.033896610339000002,0.169483051695,False,,0.25728946036099998,120,0.64322365090300004,0.25728946036099998,120,0.64322365090300004,0.14740839508100001,240,0.368520987701,0.13921767566900001,240,0.34804418917300001,0.13921767566900001,240,0.34804418917300001
secondary,current_ratio,0.40000000000000002,128,43040285,170,d7b36d508837b1a0849f5d5c41680a737cdb8083a9b8e1eaaa1872bf9ff21fbc,0.00019998000200000001,0.00099990000999999992,True,,0.40525685085000002,120,1.0131421271250001,0.40525685085000002,120,1.0131421271250001,0.28439991955600002,240,0.710999798889,0.231653732828,240,0.57913433206999998,0.231653732828,240,0.57913433206999998
secondary,current_ratio,0.40000000000000002,129,43040286,171,45da0ceaf891ed3aba2134d9392b9b3966905e54de63730d8c30cef52a1f747b,0.0092990700929999996,0.046495350465000002,True,,0.48747528286300001,120,1.218688207157,0.48747528286300001,120,1.218688207157,0.33665258591300001,240,0.84163146478200002,0.170534671901,240,0.42633667975299999,0.170534671901,240,0.42633667975299999
secondary,current_ratio,0.40000000000000002,130,43040287,172,801bcf01ed7f00953c88ed69b8743f6dec7633c5906b6a55a2f07f666051f3e2,0.036096390361,0.18048195180500001,False,,0.32705225829000001,120,0.81763064572599997,0.32705225829000001,120,0.81763064572599997,0.20575421092099999,240,0.51438552730099996,0.135615009072,240,0.33903752268100001,0.135615009072,240,0.33903752268100001
secondary,current_ratio,0.40000000000000002,131,43040288,173,fcce26d18ce6498fa2308e0aa764f3e2913eb02769652feea26f7119a063edad,0.0063993600640000004,0.031996800319999998,True,,0.41469894192200002,120,1.0367473548049999,0.41469894192200002,120,1.0367473548049999,0.32019362443400001,240,0.80048406108400005,0.177035682739,240,0.44258920684800002,0.177035682739,240,0.44258920684800002
secondary,current_ratio,0.40000000000000002,132,43040289,174,c96934de7c30ea69c5d05b9a061d226cf103ac86d31dfb541dc73e0c99ee65fa,0.0071992800720000003,0.03599640036,True,,0.51843616240599999,120,1.296090406015,0.51843616240599999,120,1.296090406015,0.35272042659300001,240,0.88180106648199996,0.17521500755800001,240,0.43803751889499998,0.17521500755800001,240,0.43803751889499998
secondary,current_ratio,0.40000000000000002,133,43040290,175,69e63f08cd856526b88afa708f40bd2832d43c1643f3795263dfb24e0fff2463,0.0015998400160000001,0.0079992000799999994,True,,0.48678307485900002,120,1.216957687149,0.48678307485900002,120,1.216957687149,0.30847217264799998,240,0.77118043162100003,0.214854119707,240,0.53713529926900005,0.214854119707,240,0.53713529926900005
secondary,current_ratio,0.40000000000000002,134,43040291,176,67fdbe95f29cc5fafd046a67a55183493e9aa520ee10fe74ffc541819740ae93,0.031996800319999998,0.15998400160000001,False,,0.46133249820099997,120,1.153331245503,0.46133249820099997,120,1.153331245503,0.26987781646999998,240,0.67469454117600003,0.13884205693500001,240,0.34710514233799999,0.13884205693500001,240,0.34710514233799999
secondary,current_ratio,0.40000000000000002,135,43040292,177,5e14f53b0ca2240c317ffef568d2cde73ab0885a03bdb770657e1258ea9ea40a,0.0071992800720000003,0.03599640036,True,,0.42017326398299998,120,1.0504331599579999,0.42017326398299998,120,1.0504331599579999,0.26071387206000002,240,0.65178468015000002,0.17145659755000001,240,0.42864149387599998,0.17145659755000001,240,0.42864149387599998
secondary,current_ratio,0.40000000000000002,136,43040293,178,4cfe3d143e8d93b381b84b926fdeae1a3d4c7f420586c4960c16e26a1c2194a0,0.00029997000299999998,0.001499850015,True,,0.44047843184500002,120,1.1011960796119999,0.44047843184500002,120,1.1011960796119999,0.274031980786,240,0.68507995196500004,0.24229627034500001,240,0.60574067586199998,0.24229627034500001,240,0.60574067586199998
secondary,current_ratio,0.40000000000000002,137,43040294,179,e8c7e7b30b48024ad2356911370c100d20d79f80770e26e7ddbd2bac45e9ab5c,0.00029997000299999998,0.001499850015,True,,0.44447842411400001,120,1.111196060285,0.44447842411400001,120,1.111196060285,0.274871387726,240,0.68717846931399995,0.228653537293,240,0.57163384323199995,0.228653537293,240,0.57163384323199995
secondary,current_ratio,0.40000000000000002,138,43040295,180,ddd4b37339bb30b2662e78ec3deb90c6bd3252cb4ab6f420c212ef1da9915fbf,0.00079992000800000005,0.0039996000399999997,True,,0.41587944097099999,120,1.0396986024270001,0.41587944097099999,120,1.0396986024270001,0.257076277937,240,0.64269069484300001,0.20660288832500001,240,0.51650722081199996,0.20660288832500001,240,0.51650722081199996
secondary,current_ratio,0.40000000000000002,139,43040296,181,77695cfb45f13a7b624ec559c5c9d0b2e95bb2bf0778030b7b4d6932990691e3,0.0046995300469999998,0.023497650235,True,,0.50002130489200003,120,1.25005326223,0.50002130489200003,120,1.25005326223,0.36294275367599999,240,0.90735688418899996,0.185193155882,240,0.46298288970500001,0.185193155882,240,0.46298288970500001
secondary,current_ratio,0.40000000000000002,140,43040297,182,0d560cc39baad39cfc5c8ad62cac7d876b033cf2149a5a2dbb00989a83a66164,0.0032996700330000001,0.016498350165000002,True,,0.419791536129,120,1.049478840323,0.419791536129,120,1.049478840323,0.27970847180000002,240,0.69927117949899997,0.19634342718200001,240,0.49085856795499999,0.19634342718200001,240,0.49085856795499999
secondary,current_ratio,0.40000000000000002,141,43040298,183,24cac72c3d947ff4985e39b18913426279ef985f3f9a443324bee82adbff1f01,0.00019998000200000001,0.00099990000999999992,True,,0.55164220797600005,120,1.37910551994,0.55164220797600005,120,1.37910551994,0.38841635997099999,240,0.97104089992800002,0.26265115651199999,240,0.65662789127900001,0.26265115651199999,240,0.65662789127900001
secondary,current_ratio,0.40000000000000002,142,43040299,184,934f9fe71afb558d9ef4c597d2eff983c6110bf99665c6892c0955f8409a222f,0.00049995000499999996,0.0024997500250000001,True,,0.474388980106,120,1.185972450265,0.474388980106,120,1.185972450265,0.34494525065100001,240,0.86236312662799997,0.22822341410800001,240,0.57055853526900002,0.22822341410800001,240,0.57055853526900002
secondary,current_ratio,0.40000000000000002,143,43040300,185,9af9762c5940e920af3fcabdfce41618246e785ec53b0937f96e89bbb7a81ce3,0.046595340466000001,0.23297670233000001,False,,0.29300291725799998,120,0.73250729314499996,0.29300291725799998,120,0.73250729314499996,0.203688182622,240,0.50922045655399995,0.12877029141099999,240,0.321925728528,0.12877029141099999,240,0.321925728528
secondary,current_ratio,0.40000000000000002,144,43040301,186,3979b91a5b314ea834eeaca574225189173674f7022dd45461e08301750cc37c,0.0017998200180000001,0.00899910009,True,,0.362170357439,120,0.90542589359699999,0.362170357439,120,0.90542589359699999,0.21421175073900001,240,0.53552937684699997,0.206759800721,240,0.51689950180199995,0.206759800721,240,0.51689950180199995
secondary,current_ratio,0.40000000000000002,145,43040302,187,16633d63e90e913967fd9aa4aa8063ae280a557b0890bf4c670c6946d15abbd8,0.057794220578000002,0.28897110289,False,,0.29552581348099999,120,0.73881453370399996,0.29552581348099999,120,0.73881453370399996,0.18514120643599999,240,0.46285301609000001,0.12286326366899999,240,0.30715815917200001,0.12286326366899999,240,0.30715815917200001
secondary,current_ratio,0.40000000000000002,146,43040303,188,7466e40a09f2ed64b35c3fd1898140aa3b9da8b6c2adf77217f6cffa9d825454,0.0017998200180000001,0.00899910009,True,,0.45363887828999999,120,1.134097195726,0.45363887828999999,120,1.134097195726,0.31223106588999999,240,0.78057766472500001,0.20184431508299999,240,0.50461078770699996,0.20184431508299999,240,0.50461078770699996
secondary,current_ratio,0.40000000000000002,147,43040304,189,c1107d330af91c9254cba46cddf3884416d5e76b5aa195fdac8e788a8c312b9f,0.00089991000900000004,0.004499550045,True,,0.47821815681699997,120,1.1955453920429999,0.47821815681699997,120,1.1955453920429999,0.30600765257599999,240,0.76501913144,0.22155859794400001,240,0.55389649485900005,0.22155859794400001,240,0.55389649485900005
secondary,current_ratio,0.40000000000000002,148,43040305,190,bc95b50da17558eb9350c8cfbea0785dadebdc3db5c2e64a6077fe5b5027fe86,0.034196580342000002,0.17098290171,False,,0.32673137457399998,120,0.81682843643400005,0.32673137457399998,120,0.81682843643400005,0.246804701648,240,0.61701175412099996,0.13837332929599999,240,0.345933323239,0.13837332929599999,240,0.345933323239
secondary,current_ratio,0.40000000000000002,149,43040306,191,20c98d41bce3325d56e5fc6824f0323c9d4932e60f720cc84ab62595c891606d,0.024597540245999999,0.12298770123,False,,0.478157716324,120,1.195394290811,0.478157716324,120,1.195394290811,0.335245705369,240,0.83811426342299999,0.14484302736900001,240,0.36210756842199998,0.14484302736900001,240,0.36210756842199998
secondary,current_ratio,0.40000000000000002,150,43040307,192,b23b0a6f904862b0e26d4c444ae67fdc8f543f282749825ac7cf4497f46c9602,0.003399660034,0.016998300170000001,True,,0.432969835094,120,1.0824245877350001,0.432969835094,120,1.0824245877350001,0.29272012173500001,240,0.73180030433700005,0.195132223513,240,0.48783055878100001,0.195132223513,240,0.48783055878100001
secondary,current_ratio,0.40000000000000002,151,43040308,193,0efee1530472c087c717b17bf7fa22866fb9a62aa1d5ece51c164493556ef201,0.00069993000699999995,0.0034996500349999998,True,,0.55126367228100004,120,1.3781591807019999,0.55126367228100004,120,1.3781591807019999,0.38962572958199998,240,0.97406432395499998,0.22065990189699999,240,0.55164975474199995,0.22065990189699999,240,0.55164975474199995
secondary,current_ratio,0.40000000000000002,152,43040309,194,a3af67ddceb05cf65829236cb49dce80879a79fdee8b5d37e65067b40386c85f,0.0073992600740000001,0.036996300369999999,True,,0.33862466294400001,120,0.84656165736,0.33862466294400001,120,0.84656165736,0.23501318942499999,240,0.58753297356199996,0.17188652071499999,240,0.42971630178800002,0.17188652071499999,240,0.42971630178800002
secondary,current_ratio,0.40000000000000002,153,43040310,195,095b06fee16ac1e6fcedbbeb853f7f35c5b66a3ecbd8abad15401c1d4066ad73,0.013598640136,0.067993200680000004,False,,0.40882600410100001,120,1.0220650102519999,0.40882600410100001,120,1.0220650102519999,0.25780403521400003,240,0.64451008803599996,0.162861528013,240,0.40715382003200001,0.162861528013,240,0.40715382003200001
secondary,current_ratio,0.40000000000000002,154,43040311,196,347427986c0969c522fa4b6a0bd632d78969e063ea2365cc01c13842d25d50a9,0.0092990700929999996,0.046495350465000002,True,,0.33990864627799999,120,0.84977161569500004,0.33990864627799999,120,0.84977161569500004,0.22473202485499999,240,0.56183006213800002,0.166393703339,240,0.41598425834699998,0.166393703339,240,0.41598425834699998
secondary,current_ratio,0.40000000000000002,155,43040312,197,6d5676e444cfcd126baa437f66924b18a65df27dc3bb6818f68a9dac113581e7,0.006699330067,0.033496650335000003,True,,0.44354605342699999,120,1.108865133568,0.44354605342699999,120,1.108865133568,0.32372270269699999,240,0.80930675674200003,0.173808783976,240,0.43452195994100001,0.173808783976,240,0.43452195994100001
secondary,current_ratio,0.40000000000000002,156,43040313,198,a17dfc8b76db563bf8937c0438906634767e7f29f410b719684c7194dc64a476,0.027297270273,0.13648635136500001,False,,0.43034349905199998,120,1.075858747631,0.43034349905199998,120,1.075858747631,0.28697932799800002,240,0.71744831999400005,0.14335029144399999,240,0.35837572861,0.14335029144399999,240,0.35837572861
secondary,current_ratio,0.40000000000000002,157,43040314,199,12611ca5feba3d7c3b87357ff0a091681409cd73b80c70cede5046956223497b,0.00039996000400000002,0.0019998000199999998,True,,0.51189017579600005,120,1.2797254394899999,0.51189017579600005,120,1.2797254394899999,0.321607625786,240,0.80401906446500004,0.22097273024899999,240,0.55243182562199999,0.22097273024899999,240,0.55243182562199999
secondary,current_ratio,0.40000000000000002,158,43040315,200,79338c5b7c7103b87aaac82aea9f49e07810fee74c8debc722a2fbe41123fe13,0.0024997500250000001,0.012498750124999999,True,,0.46774675841199997,120,1.1693668960300001,0.46774675841199997,120,1.1693668960300001,0.29705841005700001,240,0.74264602514099998,0.192655311173,240,0.481638277931,0.192655311173,240,0.481638277931
secondary,current_ratio,0.40000000000000002,159,43040316,201,87338dbf653ad92b0aa8d318ee823cb22b2567b1ffd91e30e287ef5503365f6a,0.00089991000900000004,0.004499550045,True,,0.48569570751699997,120,1.2142392687920001,0.48569570751699997,120,1.2142392687920001,0.311756412313,240,0.77939103078299998,0.22285514497100001,240,0.55713786242800001,0.22285514497100001,240,0.55713786242800001
secondary,current_ratio,0.40000000000000002,160,43040317,202,ed9d4af43b778f2a99b304bb9a64a6cb0ab80e5c4b2ce0e553ec880bc5fa37e5,0.0070992900709999996,0.035496450355,True,,0.47669732073299997,120,1.1917433018320001,0.47669732073299997,120,1.1917433018320001,0.30166192865300001,240,0.75415482163299996,0.17318343518000001,240,0.43295858794999997,0.17318343518000001,240,0.43295858794999997
secondary,current_ratio,0.40000000000000002,161,43040318,203,46f7db9570dd8e0fb058666e4cc9e7ecf3deb89d109ff0f059cd388a4abbd70f,0.015198480152,0.075992400759999995,False,,0.48319554698799999,120,1.2079888674699999,0.48319554698799999,120,1.2079888674699999,0.30107319483099998,240,0.75268298707799997,0.157087087712,240,0.39271771928100002,0.157087087712,240,0.39271771928100002
secondary,current_ratio,0.40000000000000002,162,43040319,204,c8e2d8d207a0de7a3eb9c17461c58c5e16c6f0e99e68832df1fc0de4d0013150,0.064293570642999995,0.32146785321499999,False,,0.39012082539800003,120,0.97530206349600002,0.39012082539800003,120,0.97530206349600002,0.25679979745600001,240,0.64199949364099995,0.11933102863,240,0.29832757157399997,0.11933102863,240,0.29832757157399997
secondary,current_ratio,0.40000000000000002,163,43040320,205,bf84b5729065fcdc94c18a673c3c8d8d18fab2ee1fbaa8040c4372d6a3129a1c,0.057894210579000002,0.28947105289500003,False,,0.20320947189300001,120,0.50802367973200002,0.20320947189300001,120,0.50802367973200002,0.12391051860000001,240,0.30977629649999999,0.12330832283199999,240,0.30827080708100002,0.12330832283199999,240,0.30827080708100002
secondary,current_ratio,0.40000000000000002,164,43040321,206,6ff9afe666a10b49f157bcd3586d25152848040c1ccb611d1f027aa2f183bc64,0.0055994400559999996,0.027997200279999999,True,,0.41538963857099998,120,1.038474096429,0.41538963857099998,120,1.038474096429,0.23528511423099999,240,0.58821278557800005,0.177598503085,240,0.443996257713,0.177598503085,240,0.443996257713
secondary,current_ratio,0.40000000000000002,165,43040322,207,35a114c976eafabd11a30e92401fa559a9ee0fd5d46adeba56c0f12721645d69,0.001299870013,0.0064993500650000003,True,,0.33120704609000001,120,0.82801761522499995,0.33120704609000001,120,0.82801761522499995,0.236679030613,240,0.59169757653300004,0.21414318668599999,240,0.53535796671500002,0.21414318668599999,240,0.53535796671500002
secondary,current_ratio,0.40000000000000002,166,43040323,208,829a7de8a1eb41ae3b5250949138ee4693c06dd8b96cc5d1ffdc5f816599dbf6,0.0019998000199999998,0.0099990001000000005,True,,0.45104818263300001,120,1.1276204565820001,0.45104818263300001,120,1.1276204565820001,0.28799969271100001,240,0.71999923177699998,0.20129751690799999,240,0.50324379227000005,0.20129751690799999,240,0.50324379227000005
secondary,current_ratio,0.40000000000000002,167,43040324,209,8e49ad022a1ed13e142447c33d40ffefa82f1ffc6a88ab2ef995599dd84ea0a2,0.012498750124999999,0.062493750624999997,False,,0.34863045368700002,120,0.871576134216,0.34863045368700002,120,0.871576134216,0.23914989325300001,240,0.59787473313399997,0.160009513109,240,0.40002378277299999,0.160009513109,240,0.40002378277299999
secondary,current_ratio,0.40000000000000002,168,43040325,210,10031f6da980777090079f2f2d66878659f7800540ac7ac14185bdd6d3c425ce,0.023497650235,0.117488251175,False,,0.56578899578499997,120,1.4144724894630001,0.56578899578499997,120,1.4144724894630001,0.36346776260899999,240,0.90866940652299999,0.146202815008,240,0.365507037521,0.146202815008,240,0.365507037521
secondary,current_ratio,0.40000000000000002,169,43040326,211,8f3dd6f231ab3069a0d63ec41c4cfe46ba3cf32d4e67317c51136652e281997c,0.01499850015,0.074992500749999996,False,,0.41437084398599999,120,1.0359271099659999,0.41437084398599999,120,1.0359271099659999,0.27031166506299997,240,0.675779162657,0.151344588813,240,0.378361472034,0.151344588813,240,0.378361472034
secondary,current_ratio,0.40000000000000002,170,43040327,212,4f641a8f07b0f2c7c6ba33ed366b5dcd6aa86854423a880770a514443024b5db,9.9990001000000006e-05,0.00049995000499999996,True,,0.55358225785699999,120,1.383955644642,0.55358225785699999,120,1.383955644642,0.37538100201899999,240,0.93845250504800004,0.25530644020900001,240,0.63826610052199995,0.25530644020900001,240,0.63826610052199995
secondary,current_ratio,0.40000000000000002,171,43040328,213,251b870b6da5a7788c574572e1cc4308b22aa66fdc970632d60b972ab21e3313,0.0063993600640000004,0.031996800319999998,True,,0.44057041003500003,120,1.1014260250879999,0.44057041003500003,120,1.1014260250879999,0.26556069773199997,240,0.66390174433000004,0.17769216864199999,240,0.444230421604,0.17769216864199999,240,0.444230421604
secondary,current_ratio,0.40000000000000002,172,43040329,214,2109e893c2345bcfb07098f1059f2e09a09e2bb9dc029a8644b3e950c6d9a5da,0.0081991800819999992,0.040995900410000001,True,,0.41645782677499998,120,1.0411445669370001,0.41645782677499998,120,1.0411445669370001,0.28338839708500002,240,0.70847099271199998,0.175715367043,240,0.43928841760699999,0.175715367043,240,0.43928841760699999
secondary,current_ratio,0.40000000000000002,173,43040330,215,1b82bb3f0b7ee39b220679e11043ecae0f577b6d7ba36a89cd660e25b6563e38,0.010498950105,0.052494750525000002,False,,0.38665277693400002,120,0.96663194233500005,0.38665277693400002,120,0.96663194233500005,0.22257686930100001,240,0.55644217325199996,0.16494748303500001,240,0.41236870758700001,0.16494748303500001,240,0.41236870758700001
secondary,current_ratio,0.40000000000000002,174,43040331,216,93787266dfe8343417bd6152dd71446eb2c7ef4fa4c37f3aa879619ce1189644,0.001499850015,0.007499250075,True,,0.41441932785300001,120,1.036048319634,0.41441932785300001,120,1.036048319634,0.26839086560100001,240,0.670977164003,0.20125064080999999,240,0.50312660202600001,0.20125064080999999,240,0.50312660202600001
secondary,current_ratio,0.40000000000000002,175,43040332,217,6a81ac20015697475e50dfcfb6b28df5568a5f93662decf64cb4f3ced9696c16,0.00599940006,0.0299970003,True,,0.39866729139200002,120,0.99666822848100001,0.39866729139200002,120,0.99666822848100001,0.22051963734499999,240,0.551299093362,0.179551867734,240,0.44887966933599999,0.179551867734,240,0.44887966933599999
secondary,current_ratio,0.40000000000000002,176,43040333,218,99b4e944a53dbe3acfe7da6b578c4b23bca6b5baaa0723397ffb9cf027cc28fd,0.007499250075,0.037496250374999998,True,,0.44652433004699998,120,1.116310825117,0.44652433004699998,120,1.116310825117,0.30927775359199999,240,0.77319438397899998,0.18069237351799999,240,0.45173093379500001,0.18069237351799999,240,0.45173093379500001
secondary,current_ratio,0.40000000000000002,177,43040334,219,ab33c6277bc3577a52cdf06bcbc2d42ea0a975d352619d960f5e77120dda1076,0.003399660034,0.016998300170000001,True,,0.33989762548800001,120,0.84974406372,0.33989762548800001,120,0.84974406372,0.24515859323600001,240,0.61289648308900002,0.19348403853000001,240,0.48371009632500001,0.19348403853000001,240,0.48371009632500001
secondary,current_ratio,0.40000000000000002,178,43040335,220,0b4358a674816f8d430e2375e68bf08a28ab4f9a92cf37ce872abc9691bbf5d3,0.025297470252999998,0.12648735126499999,False,,0.39984056724400002,120,0.99960141811000003,0.39984056724400002,120,0.99960141811000003,0.26688730352899998,240,0.66721825882200003,0.146147706648,240,0.365369266621,0.146147706648,240,0.365369266621
secondary,current_ratio,0.40000000000000002,179,43040336,221,2bfe4851712301e894bc364393ef115ae4e6640be561871208eafddd819eb4de,0.00079992000800000005,0.0039996000399999997,True,,0.36163743847000002,120,0.90409359617499996,0.36163743847000002,120,0.90409359617499996,0.27442631977699999,240,0.68606579944400004,0.20427459054399999,240,0.51068647635999997,0.20427459054399999,240,0.51068647635999997
secondary,current_ratio,0.40000000000000002,180,43040337,222,dc4d82dc4844c8e880c546f2d79d510f11bf118b4b49ce0fca1126c6a7081036,0.027297270273,0.13648635136500001,False,,0.159279186475,120,0.39819796618699999,0.159279186475,120,0.39819796618699999,0.051527581400000001,240,0.12881895350100001,0.144077130691,240,0.36019282672699998,0.144077130691,240,0.36019282672699998
secondary,current_ratio,0.40000000000000002,181,43040338,223,34babea2e39d904b0c2455bac1908905b260d7f6d45e70a00d65f5705ea36de8,0.015198480152,0.075992400759999995,False,,0.29279711094999999,120,0.73199277737500001,0.29279711094999999,120,0.73199277737500001,0.18203719530900001,240,0.45509298827400002,0.154844898753,240,0.387112246883,0.154844898753,240,0.387112246883
secondary,current_ratio,0.40000000000000002,182,43040339,224,33bc113a20ace77cecc1b27161e756e9f3b7921c073544af8ca9a8dda7937549,0.053194680532000001,0.26597340266000002,False,,0.35901019034300002,120,0.89752547585700004,0.35901019034300002,120,0.89752547585700004,0.184973681379,240,0.46243420344699998,0.12519952683499999,240,0.31299881708600003,0.12519952683499999,240,0.31299881708600003
secondary,current_ratio,0.40000000000000002,183,43040340,225,9d4666f8a6b457c100e4078fabab782fdcc69677440d781fea9b65932eba97f0,0.0061993800619999997,0.030996900309999999,True,,0.43070576432800001,120,1.0767644108200001,0.43070576432800001,120,1.0767644108200001,0.28856541013100001,240,0.72141352532799996,0.17788702388399999,240,0.44471755971100002,0.17788702388399999,240,0.44471755971100002
secondary,current_ratio,0.40000000000000002,184,43040341,226,8f8985481bdd8eca32ffae4f5c1f1a3f98de590b07cb0872ffaab1b26386a83b,0.00299970003,0.01499850015,True,,0.409161702096,120,1.0229042552400001,0.409161702096,120,1.0229042552400001,0.26361968709799999,240,0.65904921774500003,0.18816242055999999,240,0.47040605139899999,0.18816242055999999,240,0.47040605139899999
secondary,current_ratio,0.40000000000000002,185,43040342,227,cd98aa5dab72d9a84e0a352eae8c5c8153f9fb6473a32d5786b24042435d0817,9.9990001000000006e-05,0.00049995000499999996,True,,0.61731650010100003,120,1.5432912502539999,0.61731650010100003,120,1.5432912502539999,0.42056960552400002,240,1.051424013811,0.28059134080699999,240,0.70147835201800002,0.28059134080699999,240,0.70147835201800002
secondary,current_ratio,0.40000000000000002,186,43040343,228,dc0e52100a42c201a89c112aea8e9203c4748b2714ce845c60c33b76ed9bf5bc,0.0049995000500000003,0.024997500249999999,True,,0.413259207405,120,1.033148018513,0.413259207405,120,1.033148018513,0.28124165892000003,240,0.70310414730100002,0.182395791965,240,0.45598947991299998,0.182395791965,240,0.45598947991299998
secondary,current_ratio,0.40000000000000002,187,43040344,229,87148c8d30e14ce1b6264a471d107e8c77c325d6a6c9659bead3186966d49217,0.052294770523000002,0.261473852615,False,,0.21674732115000001,120,0.54186830287400001,0.21674732115000001,120,0.54186830287400001,0.13877271920600001,240,0.34693179801500001,0.127613761258,240,0.31903440314499998,0.127613761258,240,0.31903440314499998
secondary,current_ratio,0.40000000000000002,188,43040345,230,975d3200f12a223295abd078e80ef4513a4eabc6799ad7b46d0813aa9ee38947,0.0096990300969999992,0.048495150484999999,True,,0.419457783551,120,1.048644458879,0.419457783551,120,1.048644458879,0.30235403000400002,240,0.755885075011,0.166260846272,240,0.41565211567900001,0.166260846272,240,0.41565211567900001
secondary,current_ratio,0.40000000000000002,189,43040346,231,4befa6e5abe5747ee74d25af8f439e4062a1f4493f675f0c80749107d9c66471,0.026397360264000001,0.13198680132000001,False,,0.344003819185,120,0.86000954796100004,0.344003819185,120,0.86000954796100004,0.25176547720499998,240,0.62941369301200001,0.14445220687800001,240,0.361130517195,0.14445220687800001,240,0.361130517195
secondary,current_ratio,0.40000000000000002,190,43040347,232,239ed182f5ebed0db02e2228c45b6a581e0092a7d34d2e270e54967490b2a44d,0.010598940106,0.052994700530000001,False,,0.42389925591900002,120,1.059748139796,0.42389925591900002,120,1.059748139796,0.28351039875700002,240,0.70877599689100002,0.16786250555900001,240,0.41965626389799998,0.16786250555900001,240,0.41965626389799998
secondary,current_ratio,0.40000000000000002,191,43040348,233,cda0da98f2b40cc0c31675d043973a2e32464f77b16066e38a2e2957f3d5d288,0.0017998200180000001,0.00899910009,True,,0.48576065290699999,120,1.2144016322669999,0.48576065290699999,120,1.2144016322669999,0.330151192584,240,0.82537798145899999,0.20200082011100001,240,0.50500205027599998,0.20200082011100001,240,0.50500205027599998
secondary,current_ratio,0.40000000000000002,192,43040349,234,977a00b8c68ac41417f38017c74bc7265b0caf2958e75634799c7b2c80db8726,0.00079992000800000005,0.0039996000399999997,True,,0.44857345642500002,120,1.1214336410620001,0.44857345642500002,120,1.1214336410620001,0.28932675817600001,240,0.72331689543900002,0.21248680717400001,240,0.531217017934,0.21248680717400001,240,0.531217017934
secondary,current_ratio,0.40000000000000002,193,43040350,235,91c40d4b828c42cd7f716dd528a910e836f0ffbbe713535ed94641d96b55d74f,9.9990001000000006e-05,0.00049995000499999996,True,,0.47463033861699999,120,1.1865758465430001,0.47463033861699999,120,1.1865758465430001,0.32575911849200001,240,0.81439779622999997,0.25920581700599998,240,0.64801454251400004,0.25920581700599998,240,0.64801454251400004
secondary,current_ratio,0.40000000000000002,194,43040351,236,5283387ff23d1960463f12712bd347f1a32da9989df37b7c195414a0cf398949,0.00029997000299999998,0.001499850015,True,,0.47610705769400002,120,1.190267644235,0.47610705769400002,120,1.190267644235,0.29973978730500001,240,0.74934946826299997,0.230122166052,240,0.57530541513,0.230122166052,240,0.57530541513
secondary,current_ratio,0.40000000000000002,195,43040352,237,fb1a58a2f0a323d4c8afcd413dd4f6c2955091dd5643740eefaf4890e8416416,0.017898210179,0.089491050894999993,False,,0.426567159483,120,1.0664178987070001,0.426567159483,120,1.0664178987070001,0.28076874193599999,240,0.701921854841,0.154258763814,240,0.385646909536,0.154258763814,240,0.385646909536
secondary,current_ratio,0.40000000000000002,196,43040353,238,62f0826916d11e4476fbcff9846dc30cb587bab2a27fa0d2e9d1507e93bc62eb,0.03599640036,0.17998200180000001,False,,0.31813912900899999,120,0.79534782252299996,0.31813912900899999,120,0.79534782252299996,0.22707102005599999,240,0.56767755013999999,0.13963119658699999,240,0.34907799146700003,0.13963119658699999,240,0.34907799146700003
secondary,current_ratio,0.40000000000000002,197,43040354,239,e342ea3d835d3161b775e42669a27fa4bb1ade6c14cfd5fa81897181e33efc59,0.016098390160999999,0.080491950805000004,False,,0.48670738266199998,120,1.2167684566550001,0.48670738266199998,120,1.2167684566550001,0.36683619968100001,240,0.91709049920200003,0.15813439355600001,240,0.39533598389000002,0.15813439355600001,240,0.39533598389000002
secondary,current_ratio,0.40000000000000002,198,43040355,240,f9b659b5b936af685a3a81a72929c469ba314180737cd23d0a37eb98a4e94cfc,0.00069993000699999995,0.0034996500349999998,True,,0.45418773726,120,1.13546934315,0.45418773726,120,1.13546934315,0.32660584276100002,240,0.81651460690199995,0.22909074427000001,240,0.57272686067599998,0.22909074427000001,240,0.57272686067599998
secondary,current_ratio,0.40000000000000002,199,43040356,241,7e54cbb1cd263c969f969eaa2b91c6568a16585a1aabde9f2e674cbfe36690e6,0.0050994900510000002,0.025497450255000002,True,,0.31491895994800001,120,0.78729739987000003,0.31491895994800001,120,0.78729739987000003,0.26553557949000001,240,0.66383894872600002,0.180122686069,240,0.45030671517300003,0.180122686069,240,0.45030671517300003
sanity,equity,0.90000000000000002,0,44000132,42,6a58f6554d42828f25a21cea58cfdf5bb66df64421928f1d451786288d49a4ef,9.9990001000000006e-05,0.00049995000499999996,True,,0.92090885742799999,240,1.023232063809,0.92090885742799999,240,1.023232063809,0.92090885742799999,240,1.023232063809,0.77822809096500001,240,0.86469787885000005,0.77822809096500001,240,0.86469787885000005
sanity,equity,0.90000000000000002,1,44000133,43,a800e7fde8ac4ee252da4f555e64eceddaee9416a807427572a0e283a31a41dd,9.9990001000000006e-05,0.00049995000499999996,True,,0.90018677656799995,240,1.0002075295199999,0.90018677656799995,240,1.0002075295199999,0.90018677656799995,240,1.0002075295199999,0.77079752813900004,240,0.85644169793199998,0.77079752813900004,240,0.85644169793199998
sanity,equity,0.90000000000000002,2,44000134,44,34650204eb02aa3ed1b85e93af56163f2f546218c57fee5a5489b8abbc825e27,9.9990001000000006e-05,0.00049995000499999996,True,,0.91400153218799995,240,1.015557257987,0.91400153218799995,240,1.015557257987,0.91400153218799995,240,1.015557257987,0.77822839978799996,240,0.86469822198699997,0.77822839978799996,240,0.86469822198699997
sanity,equity,0.90000000000000002,3,44000135,45,23955019eefd4da6692153f96048fd7b583eaacdd42854283fc17a5e157711f3,9.9990001000000006e-05,0.00049995000499999996,True,,0.90346062890900003,240,1.0038451432319999,0.90346062890900003,240,1.0038451432319999,0.90346062890900003,240,1.0038451432319999,0.780080049971,240,0.86675561107900001,0.780080049971,240,0.86675561107900001
sanity,equity,0.90000000000000002,4,44000136,46,ae0befc1d8b1f2ae857904e4c6a63539769f924de48c02dbae49766ffd2d7cf8,9.9990001000000006e-05,0.00049995000499999996,True,,0.88970832682300005,240,0.98856480758099996,0.88970832682300005,240,0.98856480758099996,0.88970832682300005,240,0.98856480758099996,0.72574268131700004,240,0.80638075701900003,0.72574268131700004,240,0.80638075701900003
sanity,equity,0.90000000000000002,5,44000137,47,2080c574e015bd92af01e955cd41a1d3e9b3ff72943375440debc3d05496e673,9.9990001000000006e-05,0.00049995000499999996,True,,0.89245891978199998,240,0.99162102198000002,0.89245891978199998,240,0.99162102198000002,0.89245891978199998,240,0.99162102198000002,0.74219091841399998,240,0.82465657601599995,0.74219091841399998,240,0.82465657601599995
sanity,equity,0.90000000000000002,6,44000138,48,6d6dd8e6c1167d11664d9ae10eaf53eade637d48abc67c3586385aa137d31a99,9.9990001000000006e-05,0.00049995000499999996,True,,0.89467816854600002,240,0.99408685393999996,0.89467816854600002,240,0.99408685393999996,0.89467816854600002,240,0.99408685393999996,0.781885155592,240,0.86876128399100006,0.781885155592,240,0.86876128399100006
sanity,equity,0.90000000000000002,7,44000139,49,ec63510c6d756749241ef3433b59e4836ed20e11aa58c0e00d0a94c6227ef9cb,9.9990001000000006e-05,0.00049995000499999996,True,,0.91776773869799999,240,1.019741931887,0.91776773869799999,240,1.019741931887,0.91776773869799999,240,1.019741931887,0.76925781189300002,240,0.85473090210400005,0.76925781189300002,240,0.85473090210400005
sanity,equity,0.90000000000000002,8,44000140,50,24984af9e6e6fd2b77c5e582e5a11891e9fca5c1ee66e04f8c330a78930ea511,9.9990001000000006e-05,0.00049995000499999996,True,,0.924159521747,240,1.026843913052,0.924159521747,240,1.026843913052,0.924159521747,240,1.026843913052,0.79692668389300003,240,0.88547409321399995,0.79692668389300003,240,0.88547409321399995
sanity,equity,0.90000000000000002,9,44000141,51,13eb202d0301e474f186df8570efbaffe5042cb9c14f87c22123840be37e2810,9.9990001000000006e-05,0.00049995000499999996,True,,0.90728936570200003,240,1.008099295224,0.90728936570200003,240,1.008099295224,0.90728936570200003,240,1.008099295224,0.771172178092,240,0.85685797565699995,0.771172178092,240,0.85685797565699995
sanity,equity,0.90000000000000002,10,44000142,52,9aeb46d7d63e1bd718c45ec05f4b2239811d97f80b50e2cf39e6711b121c3912,9.9990001000000006e-05,0.00049995000499999996,True,,0.90998522304899998,240,1.0110946922770001,0.90998522304899998,240,1.0110946922770001,0.90998522304899998,240,1.0110946922770001,0.79344179935900006,240,0.88160199928799998,0.79344179935900006,240,0.88160199928799998
sanity,equity,0.90000000000000002,11,44000143,53,908fc80b6aee25d5d1e1d971589a1540c5a750dc5240c21291f711f0a258e6d7,9.9990001000000006e-05,0.00049995000499999996,True,,0.89452170711199996,240,0.99391300790299997,0.89452170711199996,240,0.99391300790299997,0.89452170711199996,240,0.99391300790299997,0.73425987173100005,240,0.81584430192299995,0.73425987173100005,240,0.81584430192299995
sanity,equity,0.90000000000000002,12,44000144,54,16a27554dae1d74df9b128456c2c71785bc836ac0e6caa2b70844ce32e03fc4d,9.9990001000000006e-05,0.00049995000499999996,True,,0.88819254336599995,240,0.98688060373999997,0.88819254336599995,240,0.98688060373999997,0.88819254336599995,240,0.98688060373999997,0.73236919562199998,240,0.813743550692,0.73236919562199998,240,0.813743550692
sanity,equity,0.90000000000000002,13,44000145,55,95e5e13db802842cfd59248bb0e153836f08ba7ecf75556e25eb52f084778e2f,9.9990001000000006e-05,0.00049995000499999996,True,,0.90460928397999996,240,1.0051214266440001,0.90460928397999996,240,1.0051214266440001,0.90460928397999996,240,1.0051214266440001,0.743394157798,240,0.82599350866400001,0.743394157798,240,0.82599350866400001
sanity,equity,0.90000000000000002,14,44000146,56,590c835311209eddba172da022c6227ecbf896d34aed68564436fbbee0b261c9,9.9990001000000006e-05,0.00049995000499999996,True,,0.88600475060499995,240,0.98444972289499999,0.88600475060499995,240,0.98444972289499999,0.88600475060499995,240,0.98444972289499999,0.74737170770500005,240,0.83041300856099998,0.74737170770500005,240,0.83041300856099998
sanity,equity,0.90000000000000002,15,44000147,57,47762da4f1da0b22b15c5f1b3556f73c2c3bb72ee55be2655df80cbfeb17c0bd,9.9990001000000006e-05,0.00049995000499999996,True,,0.896272072177,240,0.99585785797500004,0.896272072177,240,0.99585785797500004,0.896272072177,240,0.99585785797500004,0.74676996474000001,240,0.829744405267,0.74676996474000001,240,0.829744405267
sanity,equity,0.90000000000000002,16,44000148,58,f643bc0d6c4e521b95332fbb7a6eb4d7f6cf7368bea09290269aa94491332d7b,9.9990001000000006e-05,0.00049995000499999996,True,,0.91088358865899999,240,1.0120928762879999,0.91088358865899999,240,1.0120928762879999,0.91088358865899999,240,1.0120928762879999,0.76915625788300002,240,0.85461806431499998,0.76915625788300002,240,0.85461806431499998
sanity,equity,0.90000000000000002,17,44000149,59,8b32a42bbb8dcb432386603d86515bc2c22750ebd42d05da9abe4ebff882cbbf,9.9990001000000006e-05,0.00049995000499999996,True,,0.91285282729499995,240,1.0142809192169999,0.91285282729499995,240,1.0142809192169999,0.91285282729499995,240,1.0142809192169999,0.75186411072199999,240,0.83540456746799996,0.75186411072199999,240,0.83540456746799996
sanity,equity,0.90000000000000002,18,44000150,60,857d567138562179b28ab84334952bb9452007fb081440eb493b7d026ef47e16,9.9990001000000006e-05,0.00049995000499999996,True,,0.91142298744100003,240,1.0126922082680001,0.91142298744100003,240,1.0126922082680001,0.91142298744100003,240,1.0126922082680001,0.75062992601,240,0.834033251122,0.75062992601,240,0.834033251122
sanity,equity,0.90000000000000002,19,44000151,61,ac7b4e6ef4390e0c413b05e06b427ef8a1b6fdaff34610f8b763de1a31d8796e,9.9990001000000006e-05,0.00049995000499999996,True,,0.89406079557499996,240,0.99340088397199999,0.89406079557499996,240,0.99340088397199999,0.89406079557499996,240,0.99340088397199999,0.75777176929900003,240,0.84196863255400001,0.75777176929900003,240,0.84196863255400001
sanity,equity,0.90000000000000002,20,44000152,62,0074e2f6bbd039c2b12880fedfe531d1c6ece8695a479913b7c8a25c548ba279,9.9990001000000006e-05,0.00049995000499999996,True,,0.89810058507500001,240,0.99788953897199995,0.89810058507500001,240,0.99788953897199995,0.89810058507500001,240,0.99788953897199995,0.75937339689799999,240,0.84374821877499995,0.75937339689799999,240,0.84374821877499995
sanity,equity,0.90000000000000002,21,44000153,63,abab169899832df8ccd1481206876aa3a3eeb5b1741cb95ccbde9aeac01969c7,9.9990001000000006e-05,0.00049995000499999996,True,,0.91753338367100001,240,1.0194815374120001,0.91753338367100001,240,1.0194815374120001,0.91753338367100001,240,1.0194815374120001,0.77732954932999998,240,0.863699499255,0.77732954932999998,240,0.863699499255
sanity,equity,0.90000000000000002,22,44000154,64,f93e40cd8297627c297f8f9c4c7bcc184b392f7f4c4c1ea64a7f8201830e86ca,9.9990001000000006e-05,0.00049995000499999996,True,,0.92320609210399995,240,1.0257845467819999,0.92320609210399995,240,1.0257845467819999,0.92320609210399995,240,1.0257845467819999,0.77094559483900005,240,0.85660621648799995,0.77094559483900005,240,0.85660621648799995
sanity,equity,0.90000000000000002,23,44000155,65,7e64e7fc558f683f9bc6fdaecbfe5252817f99ee519c53f4486e663ea8f50207,9.9990001000000006e-05,0.00049995000499999996,True,,0.91204811130600005,240,1.01338679034,0.91204811130600005,240,1.01338679034,0.91204811130600005,240,1.01338679034,0.76512450575400004,240,0.85013833972700004,0.76512450575400004,240,0.85013833972700004
sanity,equity,0.90000000000000002,24,44000156,66,ef32075f88a6f48c822a40f98a4a128d2b88aee7fdcb8fd3121b105714ba1432,9.9990001000000006e-05,0.00049995000499999996,True,,0.90463266890899996,240,1.0051474098990001,0.90463266890899996,240,1.0051474098990001,0.90463266890899996,240,1.0051474098990001,0.76882076756999995,240,0.85424529729999998,0.76882076756999995,240,0.85424529729999998
sanity,equity,0.90000000000000002,25,44000157,67,59ee40e8e30c25685d30a869a4530f2060d2190c1574b17536d9fc4b181b6445,9.9990001000000006e-05,0.00049995000499999996,True,,0.90985241140799999,240,1.010947123787,0.90985241140799999,240,1.010947123787,0.90985241140799999,240,1.010947123787,0.74952024136499995,240,0.83280026818399999,0.74952024136499995,240,0.83280026818399999
sanity,equity,0.90000000000000002,26,44000158,68,1f4b860a556de96a7fa892db18e5334f2f558fa5dbb39945a8ad278999256e08,9.9990001000000006e-05,0.00049995000499999996,True,,0.91997114388099999,240,1.0221901598680001,0.91997114388099999,240,1.0221901598680001,0.91997114388099999,240,1.0221901598680001,0.777563997407,240,0.86395999711899996,0.777563997407,240,0.86395999711899996
sanity,equity,0.90000000000000002,27,44000159,69,3e41ec46558a96b8d24020308b40061730b0106a556505bc6facd556c0bef123,9.9990001000000006e-05,0.00049995000499999996,True,,0.90652360145499999,240,1.0072484460610001,0.90652360145499999,240,1.0072484460610001,0.90652360145499999,240,1.0072484460610001,0.78465118494700004,240,0.87183464994100002,0.78465118494700004,240,0.87183464994100002
sanity,equity,0.90000000000000002,28,44000160,70,f6cf3c36a769291121bf2fdd4ae8cadb1f6e3d49526a52a569ad8ad002317be7,9.9990001000000006e-05,0.00049995000499999996,True,,0.92052595506500001,240,1.022806616739,0.92052595506500001,240,1.022806616739,0.92052595506500001,240,1.022806616739,0.78310399036300005,240,0.87011554484800002,0.78310399036300005,240,0.87011554484800002
sanity,equity,0.90000000000000002,29,44000161,71,8eaf5ed1df4f3ace5439315c1012c3dd6a21855407ae5fa2fb15ce2f3d701724,9.9990001000000006e-05,0.00049995000499999996,True,,0.91429846164100004,240,1.0158871796010001,0.91429846164100004,240,1.0158871796010001,0.91429846164100004,240,1.0158871796010001,0.77231314619400004,240,0.85812571799399995,0.77231314619400004,240,0.85812571799399995
sanity,equity,0.90000000000000002,30,44000162,72,e1750cf5e4929bc21cd0e4c03e95179daac63f0f93eb07ff3cf05826b1b3dc09,9.9990001000000006e-05,0.00049995000499999996,True,,0.88971635924799997,240,0.98857373249799996,0.88971635924799997,240,0.98857373249799996,0.88971635924799997,240,0.98857373249799996,0.75469297093900001,240,0.83854774548800004,0.75469297093900001,240,0.83854774548800004
sanity,equity,0.90000000000000002,31,44000163,73,0b6751a6e8c34fa524f6a5fd492d52e103a6f6cb20e1a3e054daba8f89ce7c16,9.9990001000000006e-05,0.00049995000499999996,True,,0.90134351846500005,240,1.0014927982940001,0.90134351846500005,240,1.0014927982940001,0.90134351846500005,240,1.0014927982940001,0.74910648122900003,240,0.83234053469900005,0.74910648122900003,240,0.83234053469900005
sanity,equity,0.90000000000000002,32,44000164,74,18bb9299887c0664c59d2cca805e8d529b47e03dc2a14a393974da3f3a4295cc,9.9990001000000006e-05,0.00049995000499999996,True,,0.90811750197200003,240,1.0090194466360001,0.90811750197200003,240,1.0090194466360001,0.90811750197200003,240,1.0090194466360001,0.75729510539800005,240,0.84143900599800003,0.75729510539800005,240,0.84143900599800003
sanity,equity,0.90000000000000002,33,44000165,75,cc144e7c717703e92acab4dcdff34018cd51382bb51c0c81020d5ac74d9d5936,9.9990001000000006e-05,0.00049995000499999996,True,,0.89687361915099995,240,0.99652624350100005,0.89687361915099995,240,0.99652624350100005,0.89687361915099995,240,0.99652624350100005,0.76789091207100002,240,0.85321212452299999,0.76789091207100002,240,0.85321212452299999
sanity,equity,0.90000000000000002,34,44000166,76,91ff28832b8947936d5555cbf1175a53c663cb1013106241afbbcdc1753361f2,9.9990001000000006e-05,0.00049995000499999996,True,,0.905125362308,240,1.0056948470089999,0.905125362308,240,1.0056948470089999,0.905125362308,240,1.0056948470089999,0.75879557316699997,240,0.843106192408,0.75879557316699997,240,0.843106192408
sanity,equity,0.90000000000000002,35,44000167,77,47d46a82d92adbb0b97ec9b39df49998e1a7595cb803cc1214b68a373cbeeef1,9.9990001000000006e-05,0.00049995000499999996,True,,0.91111811440000001,240,1.012353460445,0.91111811440000001,240,1.012353460445,0.91111811440000001,240,1.012353460445,0.77699356665800001,240,0.86332618517600002,0.77699356665800001,240,0.86332618517600002
sanity,equity,0.90000000000000002,36,44000168,78,008a6d04b634e4357c41840afe0ac2024133b7a9ab433e737ddb7c8f2db3eef3,9.9990001000000006e-05,0.00049995000499999996,True,,0.91171199547000004,240,1.0130133283,0.91171199547000004,240,1.0130133283,0.91171199547000004,240,1.0130133283,0.75681059920299998,240,0.84090066578099998,0.75681059920299998,240,0.84090066578099998
sanity,equity,0.90000000000000002,37,44000169,79,82d0f77965c62e05cf1daeabb31f70ddd301aadb516d8757d00c206d198f0d78,9.9990001000000006e-05,0.00049995000499999996,True,,0.90589866020999998,240,1.0065540668999999,0.90589866020999998,240,1.0065540668999999,0.90589866020999998,240,1.0065540668999999,0.76305394151899997,240,0.847837712799,0.76305394151899997,240,0.847837712799
sanity,equity,0.90000000000000002,38,44000170,80,b5948ae3d55ee76a99f8b21a6a97c9a3f7cab6659004dc1acc1222536af7d75a,9.9990001000000006e-05,0.00049995000499999996,True,,0.90016331397399996,240,1.000181459972,0.90016331397399996,240,1.000181459972,0.90016331397399996,240,1.000181459972,0.76351523533099996,240,0.84835026147899995,0.76351523533099996,240,0.84835026147899995
sanity,equity,0.90000000000000002,39,44000171,81,d272317196147239c2b2977a4134001bc92742d30898ba5014ccc008aefbaa72,9.9990001000000006e-05,0.00049995000499999996,True,,0.90617973326000001,240,1.0068663702889999,0.90617973326000001,240,1.0068663702889999,0.90617973326000001,240,1.0068663702889999,0.75676336684099998,240,0.84084818537899997,0.75676336684099998,240,0.84084818537899997
sanity,equity,0.90000000000000002,40,44000172,82,3986739140b310165bae714a0658f50d8094c4897f3a26d104297d8815c667f0,9.9990001000000006e-05,0.00049995000499999996,True,,0.89402947420099999,240,0.993366082446,0.89402947420099999,240,0.993366082446,0.89402947420099999,240,0.993366082446,0.74594187627700004,240,0.828824306974,0.74594187627700004,240,0.828824306974
sanity,equity,0.90000000000000002,41,44000173,83,a880b4b11f83eddc20cca8f518191f8c6034c96b2d0727f8712e765160557235,9.9990001000000006e-05,0.00049995000499999996,True,,0.90735201998899995,240,1.008168911099,0.90735201998899995,240,1.008168911099,0.90735201998899995,240,1.008168911099,0.77630614165599998,240,0.86256237961799997,0.77630614165599998,240,0.86256237961799997
sanity,equity,0.90000000000000002,42,44000174,84,945204bdfb2048508f911511f7fd7ce090b4cb9a3ed0932b6f47462cb106a625,9.9990001000000006e-05,0.00049995000499999996,True,,0.91656458815200004,240,1.018405097946,0.91656458815200004,240,1.018405097946,0.91656458815200004,240,1.018405097946,0.76528868675999995,240,0.85032076306600002,0.76528868675999995,240,0.85032076306600002
sanity,equity,0.90000000000000002,43,44000175,85,0c952808524bb98639d66fb2316a398194c95888ecd783ce3d4b00d01726d05f,9.9990001000000006e-05,0.00049995000499999996,True,,0.88544206397299996,240,0.98382451552500005,0.88544206397299996,240,0.98382451552500005,0.88544206397299996,240,0.98382451552500005,0.782408536599,240,0.86934281844399997,0.782408536599,240,0.86934281844399997
sanity,equity,0.90000000000000002,44,44000176,86,9aab8ae5b9438ca52c633822340096a7cfb522e3aa8d4eac07c8d44db347abd8,9.9990001000000006e-05,0.00049995000499999996,True,,0.90820377124999996,240,1.009115301389,0.90820377124999996,240,1.009115301389,0.90820377124999996,240,1.009115301389,0.74607443422899999,240,0.82897159358700001,0.74607443422899999,240,0.82897159358700001
sanity,equity,0.90000000000000002,45,44000177,87,63a050ad71b2cf078307e5de2c934b07c36ab323846e4715d5ebfe0937203899,9.9990001000000006e-05,0.00049995000499999996,True,,0.89088814684100004,240,0.98987571871299995,0.89088814684100004,240,0.98987571871299995,0.89088814684100004,240,0.98987571871299995,0.73422063772500001,240,0.81580070858300002,0.73422063772500001,240,0.81580070858300002
sanity,equity,0.90000000000000002,46,44000178,88,fd12016ac6f841e54fba6b1def7f61c2e56a21d66c78daeb7896dae49230fc82,9.9990001000000006e-05,0.00049995000499999996,True,,0.90129636541500002,240,1.0014404060169999,0.90129636541500002,240,1.0014404060169999,0.90129636541500002,240,1.0014404060169999,0.770742841618,240,0.856380935131,0.770742841618,240,0.856380935131
sanity,equity,0.90000000000000002,47,44000179,89,7121884c43b4d3f13f0d6f2f860a8a7e5cb270b6f99e182c24ab3300154989ff,9.9990001000000006e-05,0.00049995000499999996,True,,0.90187462618699998,240,1.002082917986,0.90187462618699998,240,1.002082917986,0.90187462618699998,240,1.002082917986,0.75962366676000004,240,0.84402629640000004,0.75962366676000004,240,0.84402629640000004
sanity,equity,0.90000000000000002,48,44000180,90,0ba77dc5a418a51566c7f8a8e5a3aa3d0e1d5156c99bd617d6342a282e3a21bf,9.9990001000000006e-05,0.00049995000499999996,True,,0.89363871818600005,240,0.99293190909499995,0.89363871818600005,240,0.99293190909499995,0.89363871818600005,240,0.99293190909499995,0.72624300764799998,240,0.80693667516500001,0.72624300764799998,240,0.80693667516500001
sanity,equity,0.90000000000000002,49,44000181,91,627f0fbf2a6f90862488715b807dd087c3be87405008fa74371991e2cffdef86,9.9990001000000006e-05,0.00049995000499999996,True,,0.88945067643599995,240,0.98827852937299998,0.88945067643599995,240,0.98827852937299998,0.88945067643599995,240,0.98827852937299998,0.75459173655900003,240,0.83843526284299996,0.75459173655900003,240,0.83843526284299996
sanity,equity,0.90000000000000002,50,44000182,92,ec3690156736b5cb2dc57f859ca6bdd5ae3cd5ac6cf39a2d7dd099363a0041c5,9.9990001000000006e-05,0.00049995000499999996,True,,0.90624249140500002,240,1.0069361015610001,0.90624249140500002,240,1.0069361015610001,0.90624249140500002,240,1.0069361015610001,0.78282274330199997,240,0.869803048114,0.78282274330199997,240,0.869803048114
sanity,equity,0.90000000000000002,51,44000183,93,e91f71f73e4774df42cea191523959aeda87bbef5a12a8949c9651cf59fce192,9.9990001000000006e-05,0.00049995000499999996,True,,0.88332480589399998,240,0.98147200654900002,0.88332480589399998,240,0.98147200654900002,0.88332480589399998,240,0.98147200654900002,0.69898849383299999,240,0.77665388203600005,0.69898849383299999,240,0.77665388203600005
sanity,equity,0.90000000000000002,52,44000184,94,f56464144a1512d207c1846728d5b55769182d63afd656a223e0fe61f8a7ab97,9.9990001000000006e-05,0.00049995000499999996,True,,0.89259168947699996,240,0.99176854386299995,0.89259168947699996,240,0.99176854386299995,0.89259168947699996,240,0.99176854386299995,0.75363813638599997,240,0.83737570709499998,0.75363813638599997,240,0.83737570709499998
sanity,equity,0.90000000000000002,53,44000185,95,10bfecf15bc8297bffde7bf9080151be64ce0be470bcaab807d1f57093557295,9.9990001000000006e-05,0.00049995000499999996,True,,0.90747691771600003,240,1.0083076863510001,0.90747691771600003,240,1.0083076863510001,0.90747691771600003,240,1.0083076863510001,0.74585551687999996,240,0.828728352088,0.74585551687999996,240,0.828728352088
sanity,equity,0.90000000000000002,54,44000186,96,87508b57c31e16d8636ad037d05f57c90bd24178ae3fc5645ad91ee8618a4797,9.9990001000000006e-05,0.00049995000499999996,True,,0.90739906148899996,240,1.008221179432,0.90739906148899996,240,1.008221179432,0.90739906148899996,240,1.008221179432,0.74866868463000003,240,0.83185409403300004,0.74866868463000003,240,0.83185409403300004
sanity,equity,0.90000000000000002,55,44000187,97,4a95627066b7e5030de08a084aa7af7df69afbc117707dcd9a95a221fadee146,9.9990001000000006e-05,0.00049995000499999996,True,,0.90647693197199997,240,1.00719659108,0.90647693197199997,240,1.00719659108,0.90647693197199997,240,1.00719659108,0.75971756585700001,240,0.84413062872900002,0.75971756585700001,240,0.84413062872900002
sanity,equity,0.90000000000000002,56,44000188,98,34b2e72087c62f25fef7e32ef4f405c01adf27ea0ec5b50629edfae69c0ace8e,9.9990001000000006e-05,0.00049995000499999996,True,,0.90374983329500003,240,1.0041664814389999,0.90374983329500003,240,1.0041664814389999,0.90374983329500003,240,1.0041664814389999,0.79329353172299999,240,0.88143725747000001,0.79329353172299999,240,0.88143725747000001
sanity,equity,0.90000000000000002,57,44000189,99,814f61d942a3d9d514c524ead314e71b9079d7d301c8da157da12a6063d03100,9.9990001000000006e-05,0.00049995000499999996,True,,0.91775210484600001,240,1.0197245609400001,0.91775210484600001,240,1.0197245609400001,0.91775210484600001,240,1.0197245609400001,0.77645435177800004,240,0.86272705753099999,0.77645435177800004,240,0.86272705753099999
sanity,equity,0.90000000000000002,58,44000190,100,eb4d117265a07046ab8ef37e600bcab9326fa7b52b6cd8ed957d5aaf35b68d64,9.9990001000000006e-05,0.00049995000499999996,True,,0.90156206452999998,240,1.001735627255,0.90156206452999998,240,1.001735627255,0.90156206452999998,240,1.001735627255,0.78738632044400003,240,0.87487368938300003,0.78738632044400003,240,0.87487368938300003
sanity,equity,0.90000000000000002,59,44000191,101,75f888ed130be1f9bc5286289280419c1828d9bbdce39bb477cf5db59c0c6550,9.9990001000000006e-05,0.00049995000499999996,True,,0.89488114083799997,240,0.99431237870900002,0.89488114083799997,240,0.99431237870900002,0.89488114083799997,240,0.99431237870900002,0.74498030833700002,240,0.82775589815200001,0.74498030833700002,240,0.82775589815200001
sanity,equity,0.90000000000000002,60,44000192,102,eda64dc9b687d06114fe12b7351003153b91a698357648e230cc3dfc1dc99e5b,9.9990001000000006e-05,0.00049995000499999996,True,,0.91597059333300002,240,1.017745103704,0.91597059333300002,240,1.017745103704,0.91597059333300002,240,1.017745103704,0.75514610502299995,240,0.83905122780300001,0.75514610502299995,240,0.83905122780300001
sanity,equity,0.90000000000000002,61,44000193,103,4ac95570575721a843a5970e6858769bb7cb6a01c61ef14183882074f223367d,9.9990001000000006e-05,0.00049995000499999996,True,,0.91096974309000001,240,1.0121886034330001,0.91096974309000001,240,1.0121886034330001,0.91096974309000001,240,1.0121886034330001,0.75803740320500002,240,0.84226378133900004,0.75803740320500002,240,0.84226378133900004
sanity,equity,0.90000000000000002,62,44000194,104,4368c7e5a8716caad95f3e6ab70f17c2d30cf865270d02a7c40a29a52834bd6d,9.9990001000000006e-05,0.00049995000499999996,True,,0.89190411537500003,240,0.99100457263899999,0.89190411537500003,240,0.99100457263899999,0.89190411537500003,240,0.99100457263899999,0.76326458246200002,240,0.84807175829100001,0.76326458246200002,240,0.84807175829100001
sanity,equity,0.90000000000000002,63,44000195,105,0662a6035d3ec7a2087cb59b5ad3c8a9e0e72abed831db88b4909c3f743f45b6,9.9990001000000006e-05,0.00049995000499999996,True,,0.92923064584000004,240,1.0324784953770001,0.92923064584000004,240,1.0324784953770001,0.92923064584000004,240,1.0324784953770001,0.77400874157900001,240,0.86000971286500005,0.77400874157900001,240,0.86000971286500005
sanity,equity,0.90000000000000002,64,44000196,106,091273463b1be39c05fa997f42aea704289d07d057cd5055194152482514db9a,9.9990001000000006e-05,0.00049995000499999996,True,,0.89566254058600003,240,0.995180600651,0.89566254058600003,240,0.995180600651,0.89566254058600003,240,0.995180600651,0.76860164983400003,240,0.85400183314900002,0.76860164983400003,240,0.85400183314900002
sanity,equity,0.90000000000000002,65,44000197,107,e14fac70328b09cd5fde5acc69557f8d7bb697c8bd1dcab55489b5b8bb7dd73a,9.9990001000000006e-05,0.00049995000499999996,True,,0.91304038040900004,240,1.014489311565,0.91304038040900004,240,1.014489311565,0.91304038040900004,240,1.014489311565,0.77911147315600005,240,0.86567941461800002,0.77911147315600005,240,0.86567941461800002
sanity,equity,0.90000000000000002,66,44000198,108,07229c3af485e566ab8ed8d1f563b0970cecce3fac37cfc9df5dc819ac4eaf67,9.9990001000000006e-05,0.00049995000499999996,True,,0.89405266753599999,240,0.99339185281800002,0.89405266753599999,240,0.99339185281800002,0.89405266753599999,240,0.99339185281800002,0.761389360884,240,0.84598817875999999,0.761389360884,240,0.84598817875999999
sanity,equity,0.90000000000000002,67,44000199,109,ed8cb6791b664b35ca430891563d1cc37280419a931bcc00739054cdf91aaa0e,9.9990001000000006e-05,0.00049995000499999996,True,,0.90764111264199998,240,1.0084901251580001,0.90764111264199998,240,1.0084901251580001,0.90764111264199998,240,1.0084901251580001,0.76996921730800005,240,0.85552135256499995,0.76996921730800005,240,0.85552135256499995
sanity,equity,0.90000000000000002,68,44000200,110,05caf676639ac136704a8063a8a9d4107b93a5df9a5daf59982e4c447d0b1ffa,9.9990001000000006e-05,0.00049995000499999996,True,,0.90149929044900001,240,1.001665878277,0.90149929044900001,240,1.001665878277,0.90149929044900001,240,1.001665878277,0.77553251643099996,240,0.86170279603400002,0.77553251643099996,240,0.86170279603400002
sanity,equity,0.90000000000000002,69,44000201,111,d79eae6ab1d6bb4880727c3bc16a94f196b726d46865a2377d4266d81497f2f1,9.9990001000000006e-05,0.00049995000499999996,True,,0.914743832742,240,1.01638203638,0.914743832742,240,1.01638203638,0.914743832742,240,1.01638203638,0.78069749987299997,240,0.86744166652499999,0.78069749987299997,240,0.86744166652499999
sanity,equity,0.90000000000000002,70,44000202,112,85d7fc400804751a1c724481221cfaac5811f097d21baf1d1759e4f731a820ef,9.9990001000000006e-05,0.00049995000499999996,True,,0.90026481486499998,240,1.0002942387389999,0.90026481486499998,240,1.0002942387389999,0.90026481486499998,240,1.0002942387389999,0.74578529633299995,240,0.82865032925799997,0.74578529633299995,240,0.82865032925799997
sanity,equity,0.90000000000000002,71,44000203,113,56181ac1003b3064feab85e2d0766a346650b0822e35537a4742575b6bdb43b6,9.9990001000000006e-05,0.00049995000499999996,True,,0.90343723262300002,240,1.0038191473589999,0.90343723262300002,240,1.0038191473589999,0.90343723262300002,240,1.0038191473589999,0.76890635747400005,240,0.85434039719300003,0.76890635747400005,240,0.85434039719300003
sanity,equity,0.90000000000000002,72,44000204,114,42ec48ade5ad0d6d49318849ff2bede9e4a86a1f2624eace9648c9e6deec0f0c,9.9990001000000006e-05,0.00049995000499999996,True,,0.91178240303299996,240,1.0130915589259999,0.91178240303299996,240,1.0130915589259999,0.91178240303299996,240,1.0130915589259999,0.77907245675500003,240,0.86563606306100005,0.77907245675500003,240,0.86563606306100005
sanity,equity,0.90000000000000002,73,44000205,115,76908dfd02ff3912574840ac5b15033a590eda06ba9fdb34e5ff19277b212e28,9.9990001000000006e-05,0.00049995000499999996,True,,0.901452429005,240,1.0016138100059999,0.901452429005,240,1.0016138100059999,0.901452429005,240,1.0016138100059999,0.77314167975899994,240,0.85904631084299998,0.77314167975899994,240,0.85904631084299998
sanity,equity,0.90000000000000002,74,44000206,116,631da126901844440aaaca2b9791488248c4d924594fe05bdbbe28835edb4985,9.9990001000000006e-05,0.00049995000499999996,True,,0.89613149114199997,240,0.99570165682400003,0.89613149114199997,240,0.99570165682400003,0.89613149114199997,240,0.99570165682400003,0.75959224171200002,240,0.84399137968000004,0.75959224171200002,240,0.84399137968000004
sanity,equity,0.90000000000000002,75,44000207,117,f88b05b5c99c6578ae03c11c72cfdab3afd5ee50c060dd3a3815a25edd1de6dc,9.9990001000000006e-05,0.00049995000499999996,True,,0.89600648974099995,240,0.99556276637899999,0.89600648974099995,240,0.99556276637899999,0.89600648974099995,240,0.99556276637899999,0.75040329202,240,0.833781435578,0.75040329202,240,0.833781435578
sanity,equity,0.90000000000000002,76,44000208,118,49365091fad7f82b055c96d015664717fbd2d1e407e96c2a827d57fe9c0631cf,9.9990001000000006e-05,0.00049995000499999996,True,,0.90753169307500003,240,1.0083685478610001,0.90753169307500003,240,1.0083685478610001,0.90753169307500003,240,1.0083685478610001,0.75097358044700002,240,0.83441508938499998,0.75097358044700002,240,0.83441508938499998
sanity,equity,0.90000000000000002,77,44000209,119,27d286430df8b80987a4654520db439bc2e0ce52e1c1166d36605f180b0c1f41,9.9990001000000006e-05,0.00049995000499999996,True,,0.92584729791499998,240,1.028719219906,0.92584729791499998,240,1.028719219906,0.92584729791499998,240,1.028719219906,0.76696067539699997,240,0.852178528218,0.76696067539699997,240,0.852178528218
sanity,equity,0.90000000000000002,78,44000210,120,7331cb67843d62419b1cc5d2741cfaddb043f567d7add76935a067ec1a810519,9.9990001000000006e-05,0.00049995000499999996,True,,0.91042283739499996,240,1.011580930439,0.91042283739499996,240,1.011580930439,0.91042283739499996,240,1.011580930439,0.77654053295100001,240,0.86282281438999997,0.77654053295100001,240,0.86282281438999997
sanity,equity,0.90000000000000002,79,44000211,121,a8d65f0043b5b0602db7bb1fba5d6cef7e48569f5d0a3ff60dba71ee8ba41f71,9.9990001000000006e-05,0.00049995000499999996,True,,0.88698947268100004,240,0.98554385853500004,0.88698947268100004,240,0.98554385853500004,0.88698947268100004,240,0.98554385853500004,0.75707632762400001,240,0.84119591958200002,0.75707632762400001,240,0.84119591958200002
sanity,equity,0.90000000000000002,80,44000212,122,21ca387e9f13d130b56e62fbbbc5d64fefab0587ca1a802949834283e02800bb,9.9990001000000006e-05,0.00049995000499999996,True,,0.91953349986199995,240,1.0217038887359999,0.91953349986199995,240,1.0217038887359999,0.91953349986199995,240,1.0217038887359999,0.78700267459700002,240,0.87444741621900002,0.78700267459700002,240,0.87444741621900002
sanity,equity,0.90000000000000002,81,44000213,123,21b1434e0b4fea0d4098b2b532665d076b068848ddb241d95829a257c42f6438,9.9990001000000006e-05,0.00049995000499999996,True,,0.91433758025099998,240,1.0159306447230001,0.91433758025099998,240,1.0159306447230001,0.91433758025099998,240,1.0159306447230001,0.73594749458700004,240,0.81771943842999995,0.73594749458700004,240,0.81771943842999995
sanity,equity,0.90000000000000002,82,44000214,124,9beb9b5fffc733af7a945f2caeb3824cbaf7b39114f6c68c6140481a6d688cc3,9.9990001000000006e-05,0.00049995000499999996,True,,0.91445461718200005,240,1.0160606857579999,0.91445461718200005,240,1.0160606857579999,0.91445461718200005,240,1.0160606857579999,0.76432747838100001,240,0.84925275375700005,0.76432747838100001,240,0.84925275375700005
sanity,equity,0.90000000000000002,83,44000215,125,3bbc3b72052240806fc30b3a854e14c28dc0ecbcc0efa8b1eb02fa335e323044,9.9990001000000006e-05,0.00049995000499999996,True,,0.89981169745,240,0.99979077494400004,0.89981169745,240,0.99979077494400004,0.89981169745,240,0.99979077494400004,0.77055505020100001,240,0.85617227800100004,0.77055505020100001,240,0.85617227800100004
sanity,equity,0.90000000000000002,84,44000216,126,2c58d725c7ecc94ee1f41344837fc29573c7e8656584201311003ae775fb232a,9.9990001000000006e-05,0.00049995000499999996,True,,0.91395469711999999,240,1.015505219022,0.91395469711999999,240,1.015505219022,0.91395469711999999,240,1.015505219022,0.76178781485699998,240,0.84643090539700006,0.76178781485699998,240,0.84643090539700006
sanity,equity,0.90000000000000002,85,44000217,127,422ce1f6ba18d405181ec7affc9f33d34da94929cb27c21dab96ed18198778b4,9.9990001000000006e-05,0.00049995000499999996,True,,0.92026040871299997,240,1.022511565237,0.92026040871299997,240,1.022511565237,0.92026040871299997,240,1.022511565237,0.77875959506600001,240,0.86528843896200003,0.77875959506600001,240,0.86528843896200003
sanity,equity,0.90000000000000002,86,44000218,128,4780d09da2b0af68f7f169f561fcae218373c72851ae9ddd845020e860f1a24c,9.9990001000000006e-05,0.00049995000499999996,True,,0.90873500517600003,240,1.0097055613070001,0.90873500517600003,240,1.0097055613070001,0.90873500517600003,240,1.0097055613070001,0.77499334441199996,240,0.86110371601299995,0.77499334441199996,240,0.86110371601299995
sanity,equity,0.90000000000000002,87,44000219,129,2367f257d5434dae22871a230cccf58b157785bd0e334db2a9bdbc76a7eeef02,9.9990001000000006e-05,0.00049995000499999996,True,,0.91204815654899996,240,1.01338684061,0.91204815654899996,240,1.01338684061,0.91204815654899996,240,1.01338684061,0.75542759899599998,240,0.83936399888400004,0.75542759899599998,240,0.83936399888400004
sanity,equity,0.90000000000000002,88,44000220,130,6fa5c642cd09038d8aee42ec84f6193c2c22c2b63ea0aedb102de431f7932b68,9.9990001000000006e-05,0.00049995000499999996,True,,0.90793014741400002,240,1.008811274905,0.90793014741400002,240,1.008811274905,0.90793014741400002,240,1.008811274905,0.75543524365100001,240,0.83937249294600003,0.75543524365100001,240,0.83937249294600003
sanity,equity,0.90000000000000002,89,44000221,131,850e9e574db9636e5307e01dc172a47b7be5634a0b6ef2847b421af4642a7acb,9.9990001000000006e-05,0.00049995000499999996,True,,0.89468564688399999,240,0.99409516320500002,0.89468564688399999,240,0.99409516320500002,0.89468564688399999,240,0.99409516320500002,0.76435090782100001,240,0.84927878646800004,0.76435090782100001,240,0.84927878646800004
sanity,equity,0.90000000000000002,90,44000222,132,adc927fd49ea68c43cedafd4a343be321b64464472a8d5626f94343ca8a0d30c,9.9990001000000006e-05,0.00049995000499999996,True,,0.89519371788199997,240,0.99465968653500003,0.89519371788199997,240,0.99465968653500003,0.89519371788199997,240,0.99465968653500003,0.75820937283699996,240,0.84245485870799997,0.75820937283699996,240,0.84245485870799997
sanity,equity,0.90000000000000002,91,44000223,133,197412cf8ef752ba4e9796e25bd155ff4bcc0a1d6e205006bac3a76f7a456c32,9.9990001000000006e-05,0.00049995000499999996,True,,0.90541414906899997,240,1.006015721187,0.90541414906899997,240,1.006015721187,0.90541414906899997,240,1.006015721187,0.75473982707099996,240,0.83859980785699995,0.75473982707099996,240,0.83859980785699995
sanity,equity,0.90000000000000002,92,44000224,134,605bd17afcc817ab59718e644943bc20f58c873d712fe2ed7fbd3eb8fbc870e4,9.9990001000000006e-05,0.00049995000499999996,True,,0.90524246096700001,240,1.0058249566299999,0.90524246096700001,240,1.0058249566299999,0.90524246096700001,240,1.0058249566299999,0.75854527747900002,240,0.84282808608799997,0.75854527747900002,240,0.84282808608799997
sanity,equity,0.90000000000000002,93,44000225,135,4515bdaeb2b74193bd6c67db56d72ad697a3cb0138ad4b42a5c3c514f089d5d5,9.9990001000000006e-05,0.00049995000499999996,True,,0.91947886939099999,240,1.0216431882120001,0.91947886939099999,240,1.0216431882120001,0.91947886939099999,240,1.0216431882120001,0.77375085105700003,240,0.859723167841,0.77375085105700003,240,0.859723167841
sanity,equity,0.90000000000000002,94,44000226,136,4e4f66cc5cbe31459f953121e39b5725824b1fafd79ccd91ff5822a10728d2d2,9.9990001000000006e-05,0.00049995000499999996,True,,0.90399203886099999,240,1.0044355987339999,0.90399203886099999,240,1.0044355987339999,0.90399203886099999,240,1.0044355987339999,0.76653866559700001,240,0.85170962844099996,0.76653866559700001,240,0.85170962844099996
sanity,equity,0.90000000000000002,95,44000227,137,50c56b32f28c15153d9b5da713ba593dd5fcf75ca3b565814f68e517c2d6e695,9.9990001000000006e-05,0.00049995000499999996,True,,0.91805679197000001,240,1.0200631021890001,0.91805679197000001,240,1.0200631021890001,0.91805679197000001,240,1.0200631021890001,0.78726076056100003,240,0.87473417840099998,0.78726076056100003,240,0.87473417840099998
sanity,equity,0.90000000000000002,96,44000228,138,ee72c7345f1363ea1e63c5a4e062bd5707513bdb74c6a16dea8578238b919521,9.9990001000000006e-05,0.00049995000499999996,True,,0.88281678838199995,240,0.980907542646,0.88281678838199995,240,0.980907542646,0.88281678838199995,240,0.980907542646,0.76469491302600001,240,0.849661014474,0.76469491302600001,240,0.849661014474
sanity,equity,0.90000000000000002,97,44000229,139,9ff3c540de75d520458c4135b3dc4ec72124d9202572c0be3412b09cc75f1f54,9.9990001000000006e-05,0.00049995000499999996,True,,0.90470299019900002,240,1.0052255446659999,0.90470299019900002,240,1.0052255446659999,0.90470299019900002,240,1.0052255446659999,0.79213666746900002,240,0.88015185274300001,0.79213666746900002,240,0.88015185274300001
sanity,equity,0.90000000000000002,98,44000230,140,b23fff223fa93b82f83f1e74cb8f46bfedffe2b1797deec15f805ca0bea0319a,9.9990001000000006e-05,0.00049995000499999996,True,,0.92197157732199997,240,1.0244128636909999,0.92197157732199997,240,1.0244128636909999,0.92197157732199997,240,1.0244128636909999,0.76377258367199996,240,0.84863620407999996,0.76377258367199996,240,0.84863620407999996
sanity,equity,0.90000000000000002,99,44000231,141,fcd4ac971bd6511def2fbec11fbf36e7e66c31ba41308cb6c8cd26e4e8cbf204,9.9990001000000006e-05,0.00049995000499999996,True,,0.91572068120100003,240,1.017467423557,0.91572068120100003,240,1.017467423557,0.91572068120100003,240,1.017467423557,0.76346015682699997,240,0.84828906314100005,0.76346015682699997,240,0.84828906314100005
sanity,equity,0.90000000000000002,100,44000232,142,cc6638ed6e637815d9a09ae0436da3cce8a5ad1fa54a2a32f7d8c98a258399b6,9.9990001000000006e-05,0.00049995000499999996,True,,0.91208725226200005,240,1.013430280291,0.91208725226200005,240,1.013430280291,0.91208725226200005,240,1.013430280291,0.75911571921800003,240,0.84346191024200001,0.75911571921800003,240,0.84346191024200001
sanity,equity,0.90000000000000002,101,44000233,143,15386e08059eeaef5017f9a2bfe690c3d1c0ca24fbe41c157d3303d91be8b2f5,9.9990001000000006e-05,0.00049995000499999996,True,,0.90957893429100001,240,1.010643260323,0.90957893429100001,240,1.010643260323,0.90957893429100001,240,1.010643260323,0.77187558826500002,240,0.85763954251700003,0.77187558826500002,240,0.85763954251700003
sanity,equity,0.90000000000000002,102,44000234,144,86c197cf0f49cf4c4f33a913105ce63ae434236bd9bcf12a0ad6e18ef8111fb6,9.9990001000000006e-05,0.00049995000499999996,True,,0.90289823040200001,240,1.003220256002,0.90289823040200001,240,1.003220256002,0.90289823040200001,240,1.003220256002,0.75887336235500003,240,0.84319262483900004,0.75887336235500003,240,0.84319262483900004
sanity,equity,0.90000000000000002,103,44000235,145,e9d639666a2b98d60a866134b8fc410f635bf7770e038f71a02211c7e7e75558,9.9990001000000006e-05,0.00049995000499999996,True,,0.89885075137000003,240,0.99872305707800002,0.89885075137000003,240,0.99872305707800002,0.89885075137000003,240,0.99872305707800002,0.78061964199699996,240,0.86735515777399996,0.78061964199699996,240,0.86735515777399996
sanity,equity,0.90000000000000002,104,44000236,146,3c8607ebc9ba1f365ce3317f9308f42e7fb43086a00f16e54dad497256fd5fe3,9.9990001000000006e-05,0.00049995000499999996,True,,0.90552365289400005,240,1.0061373921050001,0.90552365289400005,240,1.0061373921050001,0.90552365289400005,240,1.0061373921050001,0.77784542434000004,240,0.864272693712,0.77784542434000004,240,0.864272693712
sanity,equity,0.90000000000000002,105,44000237,147,791bdf894d0a7f0e549f77b60b02258faf688599928e43e55f77a2e8624f56c9,9.9990001000000006e-05,0.00049995000499999996,True,,0.90596900787599999,240,1.0066322309739999,0.90596900787599999,240,1.0066322309739999,0.90596900787599999,240,1.0066322309739999,0.75409925820099999,240,0.83788806466800003,0.75409925820099999,240,0.83788806466800003
sanity,equity,0.90000000000000002,106,44000238,148,faf7a482b0123468f8541dfe395468998c6bdc958a6aeaa3167949fd18314f5d,9.9990001000000006e-05,0.00049995000499999996,True,,0.91955718811999998,240,1.021730209022,0.91955718811999998,240,1.021730209022,0.91955718811999998,240,1.021730209022,0.76473362902999997,240,0.849704032256,0.76473362902999997,240,0.849704032256
sanity,equity,0.90000000000000002,107,44000239,149,dd64958a7fd1f6ea4a9b59a5e1cae38ea64dd64082fabf5d86a7be852d9ff797,9.9990001000000006e-05,0.00049995000499999996,True,,0.91696296977299996,240,1.0188477441920001,0.91696296977299996,240,1.0188477441920001,0.91696296977299996,240,1.0188477441920001,0.74605061408899997,240,0.82894512676499998,0.74605061408899997,240,0.82894512676499998
sanity,equity,0.90000000000000002,108,44000240,150,6ebcbcee4b65ab603a815b0627d1cf34d9bf1499fef281c5f31f50ac7b618ebf,9.9990001000000006e-05,0.00049995000499999996,True,,0.90797706674000001,240,1.0088634074889999,0.90797706674000001,240,1.0088634074889999,0.90797706674000001,240,1.0088634074889999,0.77317248569499997,240,0.85908053966099995,0.77317248569499997,240,0.85908053966099995
sanity,equity,0.90000000000000002,109,44000241,151,8198ceec4fcbd6e23fc766ef4ff5b92db8564459cc9f7abe8b48823eb2a93f55,9.9990001000000006e-05,0.00049995000499999996,True,,0.91421257884999996,240,1.0157917542779999,0.91421257884999996,240,1.0157917542779999,0.91421257884999996,240,1.0157917542779999,0.79420761672499995,240,0.882452907472,0.79420761672499995,240,0.882452907472
sanity,equity,0.90000000000000002,110,44000242,152,8bc4294da48a6b94f8e7d6147da0e356a4f3ce92243c97a0d6fe3d5d13629fc4,9.9990001000000006e-05,0.00049995000499999996,True,,0.91435328828700002,240,1.0159480980969999,0.91435328828700002,240,1.0159480980969999,0.91435328828700002,240,1.0159480980969999,0.75930337014399996,240,0.84367041127099995,0.75930337014399996,240,0.84367041127099995
sanity,equity,0.90000000000000002,111,44000243,153,4c210ad0c39081a8f48285a75a152631b0a90f26ba68c526182f9c71fa980c43,9.9990001000000006e-05,0.00049995000499999996,True,,0.90339032502000005,240,1.0037670277999999,0.90339032502000005,240,1.0037670277999999,0.90339032502000005,240,1.0037670277999999,0.77401658790399996,240,0.86001843100399999,0.77401658790399996,240,0.86001843100399999
sanity,equity,0.90000000000000002,112,44000244,154,3555f057c1c4de9fc1db2657e37e794a394c073bd436720ba30cb6d842daac12,9.9990001000000006e-05,0.00049995000499999996,True,,0.91000073820799998,240,1.0111119313429999,0.91000073820799998,240,1.0111119313429999,0.91000073820799998,240,1.0111119313429999,0.76326466305700003,240,0.84807184784099998,0.76326466305700003,240,0.84807184784099998
sanity,equity,0.90000000000000002,113,44000245,155,7e05418bde1624858eedf0a67293574e1f6f2cc551b92381f94e4f31c775c0a0,9.9990001000000006e-05,0.00049995000499999996,True,,0.90385920487299998,240,1.004288005414,0.90385920487299998,240,1.004288005414,0.90385920487299998,240,1.004288005414,0.76823449067500005,240,0.85359387852799995,0.76823449067500005,240,0.85359387852799995
sanity,equity,0.90000000000000002,114,44000246,156,46cb8d239339dec5442857fd924c142989366447c9085dcea6e2ce24b41b54ba,9.9990001000000006e-05,0.00049995000499999996,True,,0.88483275712999998,240,0.98314750792200001,0.88483275712999998,240,0.98314750792200001,0.88483275712999998,240,0.98314750792200001,0.76212421112499995,240,0.84680467902699996,0.76212421112499995,240,0.84680467902699996
sanity,equity,0.90000000000000002,115,44000247,157,1de63bdff5fa23758d67863633f6d003a8410fb610505136207e0bed6abc479e,9.9990001000000006e-05,0.00049995000499999996,True,,0.90541421079700002,240,1.0060157897740001,0.90541421079700002,240,1.0060157897740001,0.90541421079700002,240,1.0060157897740001,0.77519663615099998,240,0.86132959572300005,0.77519663615099998,240,0.86132959572300005
sanity,equity,0.90000000000000002,116,44000248,158,2ab70a49d183fd6d2890aa1ae42f437f2d61c66153d6b21987ecc14eeca2dcda,9.9990001000000006e-05,0.00049995000499999996,True,,0.902585409926,240,1.002872677696,0.902585409926,240,1.002872677696,0.902585409926,240,1.002872677696,0.74685547697999999,240,0.82983941886599999,0.74685547697999999,240,0.82983941886599999
sanity,equity,0.90000000000000002,117,44000249,159,a5f113b241256ca0abc0d27de8375f523ce5b8f8d9c1345d1d7aae51f1d5e453,9.9990001000000006e-05,0.00049995000499999996,True,,0.930848005837,240,1.034275562041,0.930848005837,240,1.034275562041,0.930848005837,240,1.034275562041,0.80166175937299999,240,0.89073528819199999,0.80166175937299999,240,0.89073528819199999
sanity,equity,0.90000000000000002,118,44000250,160,5355f60b81cf442e7b7df61875a4d9d8c27d077af5d0c919f39d3ff6fbfca8c8,9.9990001000000006e-05,0.00049995000499999996,True,,0.92062766806600005,240,1.0229196311840001,0.92062766806600005,240,1.0229196311840001,0.92062766806600005,240,1.0229196311840001,0.75911548677600005,240,0.84346165197400003,0.75911548677600005,240,0.84346165197400003
sanity,equity,0.90000000000000002,119,44000251,161,24793fe72a7ebbfbd455be81adda2a43b9c0a4b317d222ac051f8e3773ef1e48,9.9990001000000006e-05,0.00049995000499999996,True,,0.91965854320899998,240,1.021842825787,0.91965854320899998,240,1.021842825787,0.91965854320899998,240,1.021842825787,0.79014414482899997,240,0.87793793869900005,0.79014414482899997,240,0.87793793869900005
sanity,equity,0.90000000000000002,120,44000252,162,6bc1b9004585b765d79836c127e33f7c4737cf89b81dfc7103ac6596d7f9a3d1,9.9990001000000006e-05,0.00049995000499999996,True,,0.91189176948200001,240,1.013213077202,0.91189176948200001,240,1.013213077202,0.91189176948200001,240,1.013213077202,0.77014861710500004,240,0.85572068567199999,0.77014861710500004,240,0.85572068567199999
sanity,equity,0.90000000000000002,121,44000253,163,44d9c4f1fa428f9181114969fd528b2ac5110fed372a4de71067befa2082190d,9.9990001000000006e-05,0.00049995000499999996,True,,0.89588924930900005,240,0.99543249923199995,0.89588924930900005,240,0.99543249923199995,0.89588924930900005,240,0.99543249923199995,0.772407038331,240,0.85823004259000002,0.772407038331,240,0.85823004259000002
sanity,equity,0.90000000000000002,122,44000254,164,8d2bfd17f6a3925f979b98839a2ba335601846b580910678cec15bd1abdf241d,9.9990001000000006e-05,0.00049995000499999996,True,,0.902077851619,240,1.002308724021,0.902077851619,240,1.002308724021,0.902077851619,240,1.002308724021,0.76090497429699999,240,0.84544997144199996,0.76090497429699999,240,0.84544997144199996
sanity,equity,0.90000000000000002,123,44000255,165,8ffeeb339935d02d28fc5f493d5c3f7fbfe605c2ee7af2526411b0be78499281,9.9990001000000006e-05,0.00049995000499999996,True,,0.91225131823799999,240,1.0136125758200001,0.91225131823799999,240,1.0136125758200001,0.91225131823799999,240,1.0136125758200001,0.76234276469999995,240,0.84704751633300002,0.76234276469999995,240,0.84704751633300002
sanity,equity,0.90000000000000002,124,44000256,166,d2af29017f396327d80d3e3067e1de8dc9e6a6a2b6833783c3a0f1253d72da34,9.9990001000000006e-05,0.00049995000499999996,True,,0.89699096124199995,240,0.99665662360200002,0.89699096124199995,240,0.99665662360200002,0.89699096124199995,240,0.99665662360200002,0.76336638521599998,240,0.84818487246200003,0.76336638521599998,240,0.84818487246200003
sanity,equity,0.90000000000000002,125,44000257,167,94905e6fd6345a34d8401bb8a1e6e106284e74c9d53b4948aca241be49f6b009,9.9990001000000006e-05,0.00049995000499999996,True,,0.92374547605000001,240,1.0263838622770001,0.92374547605000001,240,1.0263838622770001,0.92374547605000001,240,1.0263838622770001,0.77854878688999996,240,0.86505420765499996,0.77854878688999996,240,0.86505420765499996
sanity,equity,0.90000000000000002,126,44000258,168,d7522988677099f3c5def240448eef84f02c8bffd19ea3126672b8e5b8a7769a,9.9990001000000006e-05,0.00049995000499999996,True,,0.88755152609800003,240,0.98616836233100003,0.88755152609800003,240,0.98616836233100003,0.88755152609800003,240,0.98616836233100003,0.742167297379,240,0.82463033042199996,0.742167297379,240,0.82463033042199996
sanity,equity,0.90000000000000002,127,44000259,169,249089f3916ff139d56770bbc3db9ea7a40eb1dd27edb3399e21489bd77c7d27,9.9990001000000006e-05,0.00049995000499999996,True,,0.89843631680500002,240,0.99826257422700004,0.89843631680500002,240,0.99826257422700004,0.89843631680500002,240,0.99826257422700004,0.75618528557499998,240,0.84020587286100001,0.75618528557499998,240,0.84020587286100001
sanity,equity,0.90000000000000002,128,44000260,170,cf8949adb0ca1c405dcfd4b113d5507bab463b430c5440faa4cbf41ce8a854c0,9.9990001000000006e-05,0.00049995000499999996,True,,0.90058523695199999,240,1.0006502632800001,0.90058523695199999,240,1.0006502632800001,0.90058523695199999,240,1.0006502632800001,0.74463660682599997,240,0.82737400758500002,0.74463660682599997,240,0.82737400758500002
sanity,equity,0.90000000000000002,129,44000261,171,53d17a4cd7c73fbb1191a1ed82e3df778da8683acebc7851990cd7907136ad71,9.9990001000000006e-05,0.00049995000499999996,True,,0.90803187561800003,240,1.0089243062419999,0.90803187561800003,240,1.0089243062419999,0.90803187561800003,240,1.0089243062419999,0.78147109945399995,240,0.86830122161599999,0.78147109945399995,240,0.86830122161599999
sanity,equity,0.90000000000000002,130,44000262,172,1060cee37eeeb78d8a067d78a9344987774963a9daa7545f62b70e24e417f099,9.9990001000000006e-05,0.00049995000499999996,True,,0.89692835402899995,240,0.99658706003200004,0.89692835402899995,240,0.99658706003200004,0.89692835402899995,240,0.99658706003200004,0.69794907644299997,240,0.77549897382599997,0.69794907644299997,240,0.77549897382599997
sanity,equity,0.90000000000000002,131,44000263,173,c86ecd9c352c672f061642ec9c76c2b54677083ed7a84bcf32213d847dbb21b7,9.9990001000000006e-05,0.00049995000499999996,True,,0.90096028529799999,240,1.001066983664,0.90096028529799999,240,1.001066983664,0.90096028529799999,240,1.001066983664,0.76903932077899995,240,0.85448813419900005,0.76903932077899995,240,0.85448813419900005
sanity,equity,0.90000000000000002,132,44000264,174,6bcea20c072a3dbba8afdfbf82592e732a675fe03c1a7cb84efb806f8b901724,9.9990001000000006e-05,0.00049995000499999996,True,,0.88129300199000005,240,0.97921444665599999,0.88129300199000005,240,0.97921444665599999,0.88129300199000005,240,0.97921444665599999,0.75444342935800002,240,0.83827047706400004,0.75444342935800002,240,0.83827047706400004
sanity,equity,0.90000000000000002,133,44000265,175,c08ba3b1a7b6abefe9061f834c951c1f1c05136be08d53b077c0e20faaf587b7,9.9990001000000006e-05,0.00049995000499999996,True,,0.89889749668499996,240,0.99877499631599997,0.89889749668499996,240,0.99877499631599997,0.89889749668499996,240,0.99877499631599997,0.78799537323199997,240,0.87555041470200001,0.78799537323199997,240,0.87555041470200001
sanity,equity,0.90000000000000002,134,44000266,176,f7657fe92944100d7100f8df61141409a3d5406c16ae25e71d25a05385f6d859,9.9990001000000006e-05,0.00049995000499999996,True,,0.901124515392,240,1.001249461547,0.901124515392,240,1.001249461547,0.901124515392,240,1.001249461547,0.76028016090399997,240,0.844755734338,0.76028016090399997,240,0.844755734338
sanity,equity,0.90000000000000002,135,44000267,177,3dc42f2f473e508ec0d602764bd4cb30dd6664aca148e4a7e3f5b4828cb2fe66,9.9990001000000006e-05,0.00049995000499999996,True,,0.90210890318500003,240,1.0023432257610001,0.90210890318500003,240,1.0023432257610001,0.90210890318500003,240,1.0023432257610001,0.75906062697700005,240,0.84340069664100004,0.75906062697700005,240,0.84340069664100004
sanity,equity,0.90000000000000002,136,44000268,178,21cedefe1075cae64e50c3e7f9f319dfe67bf9605892e61b3c3121d3246cb04f,9.9990001000000006e-05,0.00049995000499999996,True,,0.89584230122599995,240,0.99538033469499998,0.89584230122599995,240,0.99538033469499998,0.89584230122599995,240,0.99538033469499998,0.75005928534900002,240,0.83339920594299999,0.75005928534900002,240,0.83339920594299999
sanity,equity,0.90000000000000002,137,44000269,179,f0742f6016f232612228e02aecd465ac88e7dddf14ba5b4e111725f979016962,9.9990001000000006e-05,0.00049995000499999996,True,,0.88008977268099997,240,0.97787752520100002,0.88008977268099997,240,0.97787752520100002,0.88008977268099997,240,0.97787752520100002,0.74194105921800002,240,0.82437895468599998,0.74194105921800002,240,0.82437895468599998
sanity,equity,0.90000000000000002,138,44000270,180,59fca58541933b39e6ceb1b6eecefacb6bdc2ff797a08da0d5c8d0849fa52d51,9.9990001000000006e-05,0.00049995000499999996,True,,0.90535947573499997,240,1.0059549730390001,0.90535947573499997,240,1.0059549730390001,0.90535947573499997,240,1.0059549730390001,0.76003008978099995,240,0.84447787753500003,0.76003008978099995,240,0.84447787753500003
sanity,equity,0.90000000000000002,139,44000271,181,2e6d8339d4064b6c5dcb7931dd4ab757ab27df8fcb925f9b6e38b60427cbf631,9.9990001000000006e-05,0.00049995000499999996,True,,0.898881824183,240,0.99875758242599999,0.898881824183,240,0.99875758242599999,0.898881824183,240,0.99875758242599999,0.74481626617399999,240,0.82757362908200005,0.74481626617399999,240,0.82757362908200005
sanity,equity,0.90000000000000002,140,44000272,182,79ed0154bf140125aa85af03421fd48bc093e7d5f9d897068b9dfaa3c04da636,9.9990001000000006e-05,0.00049995000499999996,True,,0.88022258651999996,240,0.97802509613300004,0.88022258651999996,240,0.97802509613300004,0.88022258651999996,240,0.97802509613300004,0.71470190743200002,240,0.79411323048000004,0.71470190743200002,240,0.79411323048000004
sanity,equity,0.90000000000000002,141,44000273,183,850a16eacaa7f9a1ba60fa661514bff3748c4fb3d87b41d7cf78c59f018d998a,9.9990001000000006e-05,0.00049995000499999996,True,,0.90034267457299999,240,1.000380749526,0.90034267457299999,240,1.000380749526,0.90034267457299999,240,1.000380749526,0.77583703247500002,240,0.86204114719500002,0.77583703247500002,240,0.86204114719500002
sanity,equity,0.90000000000000002,142,44000274,184,67c89dd0d715a2901d39d38b4d231f9e163ca5be6f1f6bd2da7420fc4b745b87,9.9990001000000006e-05,0.00049995000499999996,True,,0.90069482338700002,240,1.000772025986,0.90069482338700002,240,1.000772025986,0.90069482338700002,240,1.000772025986,0.78242438842299999,240,0.86936043158200005,0.78242438842299999,240,0.86936043158200005
sanity,equity,0.90000000000000002,143,44000275,185,ed868164edbcb2858ff379dbce07ef27d844ae576fb1b3ad1c0830896bc082e4,9.9990001000000006e-05,0.00049995000499999996,True,,0.89796017511899995,240,0.99773352791000003,0.89796017511899995,240,0.99773352791000003,0.89796017511899995,240,0.99773352791000003,0.76113181783299999,240,0.84570201981500004,0.76113181783299999,240,0.84570201981500004
sanity,equity,0.90000000000000002,144,44000276,186,dfcb8de53102e352d878ddbe80279792bbcecb3592e8607cb14d5a46ae241a4e,9.9990001000000006e-05,0.00049995000499999996,True,,0.91931487943000001,240,1.0214609771450001,0.91931487943000001,240,1.0214609771450001,0.91931487943000001,240,1.0214609771450001,0.774391819235,240,0.86043535470599997,0.774391819235,240,0.86043535470599997
sanity,equity,0.90000000000000002,145,44000277,187,5eb687a6284639bbc7008c8039ba109db77ad3682298d27649483c7cd78d138e,9.9990001000000006e-05,0.00049995000499999996,True,,0.899866320045,240,0.99985146671699998,0.899866320045,240,0.99985146671699998,0.899866320045,240,0.99985146671699998,0.75990507299499999,240,0.84433896999400004,0.75990507299499999,240,0.84433896999400004
sanity,equity,0.90000000000000002,146,44000278,188,851145263505bff0f772cc5a5b53a68efca7065fcdf9fce012e0cfd27396291e,9.9990001000000006e-05,0.00049995000499999996,True,,0.89445924386999998,240,0.99384360429999996,0.89445924386999998,240,0.99384360429999996,0.89445924386999998,240,0.99384360429999996,0.76735146694699996,240,0.85261274105200002,0.76735146694699996,240,0.85261274105200002
sanity,equity,0.90000000000000002,147,44000279,189,6b76320a58d8ea9b81f939db32f83e9366125a80c2f28e2eae7e31461f6ff323,9.9990001000000006e-05,0.00049995000499999996,True,,0.88768463099299999,240,0.98631625665900002,0.88768463099299999,240,0.98631625665900002,0.88768463099299999,240,0.98631625665900002,0.74565261840499997,240,0.82850290933899995,0.74565261840499997,240,0.82850290933899995
sanity,equity,0.90000000000000002,148,44000280,190,6193644370b9e92380a667409a4688af0ebd04a7d8f62bee09b17d9fcd772dfe,9.9990001000000006e-05,0.00049995000499999996,True,,0.91030564934900005,240,1.0114507214990001,0.91030564934900005,240,1.0114507214990001,0.91030564934900005,240,1.0114507214990001,0.76696087944699998,240,0.85217875494100004,0.76696087944699998,240,0.85217875494100004
sanity,equity,0.90000000000000002,149,44000281,191,a3fccfab1ab71cedf72440535d8862f688c8a22b7ad1f5dac89633f7bab69d5f,9.9990001000000006e-05,0.00049995000499999996,True,,0.90620319493799995,240,1.00689243882,0.90620319493799995,240,1.00689243882,0.90620319493799995,240,1.00689243882,0.73830722162899998,240,0.82034135736500002,0.73830722162899998,240,0.82034135736500002
sanity,equity,0.90000000000000002,150,44000282,192,4abf54f2014d5458d47d7593af3115a301af06659380b707fd16ea783d68596a,9.9990001000000006e-05,0.00049995000499999996,True,,0.90747681660699997,240,1.008307574007,0.90747681660699997,240,1.008307574007,0.90747681660699997,240,1.008307574007,0.78904235596500005,240,0.87671372884999998,0.78904235596500005,240,0.87671372884999998
sanity,equity,0.90000000000000002,151,44000283,193,15c7199a182c632ca9322fa2cc9ae98e52a2922e6d06623238fe11c50b053926,9.9990001000000006e-05,0.00049995000499999996,True,,0.91036022358699997,240,1.011511359542,0.91036022358699997,240,1.011511359542,0.91036022358699997,240,1.011511359542,0.77677464564599996,240,0.863082939607,0.77677464564599996,240,0.863082939607
sanity,equity,0.90000000000000002,152,44000284,194,882e7e94ca6afd0bca390334a337842b82652a912da8f8e8cdfcecd2f8e3195a,9.9990001000000006e-05,0.00049995000499999996,True,,0.91847090855400004,240,1.020523231726,0.91847090855400004,240,1.020523231726,0.91847090855400004,240,1.020523231726,0.79416838363499997,240,0.88240931514999998,0.79416838363499997,240,0.88240931514999998
sanity,equity,0.90000000000000002,153,44000285,195,05ed706701c30460238b140abe379a2e9565b300016902b47e3f8908e9ff0608,9.9990001000000006e-05,0.00049995000499999996,True,,0.89206807254800002,240,0.99118674727599998,0.89206807254800002,240,0.99118674727599998,0.89206807254800002,240,0.99118674727599998,0.77431344097599997,240,0.86034826775100004,0.77431344097599997,240,0.86034826775100004
sanity,equity,0.90000000000000002,154,44000286,196,3a3031355d3a1f49103d7020d5e2c3880e314e00d4798cd59028e44ae54ccd1d,9.9990001000000006e-05,0.00049995000499999996,True,,0.91357190117800002,240,1.015079890198,0.91357190117800002,240,1.015079890198,0.91357190117800002,240,1.015079890198,0.76408522940500001,240,0.84898358822700004,0.76408522940500001,240,0.84898358822700004
sanity,equity,0.90000000000000002,155,44000287,197,78eac3b297deb17dc344d70be3541018568aa34cce5ee15ff67e5393d354f31a,9.9990001000000006e-05,0.00049995000499999996,True,,0.91798657508699999,240,1.0199850834299999,0.91798657508699999,240,1.0199850834299999,0.91798657508699999,240,1.0199850834299999,0.79494960149600002,240,0.88327733499500005,0.79494960149600002,240,0.88327733499500005
sanity,equity,0.90000000000000002,156,44000288,198,73e3f3ecea03011dd7ad7f0450533080435d1c1d13e0ab7741a6e907396f214a,9.9990001000000006e-05,0.00049995000499999996,True,,0.89459214379899998,240,0.99399127088799999,0.89459214379899998,240,0.99399127088799999,0.89459214379899998,240,0.99399127088799999,0.75899060883199998,240,0.84332289870199995,0.75899060883199998,240,0.84332289870199995
sanity,equity,0.90000000000000002,157,44000289,199,098b4d7729f490c0c91fcf2a4e57e28441618523343be6a3c0977dae0f92f3ab,9.9990001000000006e-05,0.00049995000499999996,True,,0.91077420004700005,240,1.011971333385,0.91077420004700005,240,1.011971333385,0.91077420004700005,240,1.011971333385,0.76055309144500005,240,0.845058990495,0.76055309144500005,240,0.845058990495
sanity,equity,0.90000000000000002,158,44000290,200,098782f83c5dda64c1bc3db8da50636a654c09e09fc63c1e057a11b522d16cbe,9.9990001000000006e-05,0.00049995000499999996,True,,0.90349968102800005,240,1.003888534476,0.90349968102800005,240,1.003888534476,0.90349968102800005,240,1.003888534476,0.73834647230299999,240,0.82038496922600002,0.73834647230299999,240,0.82038496922600002
sanity,equity,0.90000000000000002,159,44000291,201,0186037a20d9801d5d2d7b1cfe76ebf7e39466ed7c81d7fbe164dc57c6d682ec,9.9990001000000006e-05,0.00049995000499999996,True,,0.89677225930000004,240,0.99641362144400003,0.89677225930000004,240,0.99641362144400003,0.89677225930000004,240,0.99641362144400003,0.74460550305700002,240,0.827339447841,0.74460550305700002,240,0.827339447841
sanity,equity,0.90000000000000002,160,44000292,202,b75ba5b3525b975dfb6d141a160a9136eccebd940892a74cf13effa0f60eca64,9.9990001000000006e-05,0.00049995000499999996,True,,0.88528596832799999,240,0.98365107592000001,0.88528596832799999,240,0.98365107592000001,0.88528596832799999,240,0.98365107592000001,0.74244098605700004,240,0.82493442895199998,0.74244098605700004,240,0.82493442895199998
sanity,equity,0.90000000000000002,161,44000293,203,412cdf8d14adc237e0ab5f0468872a6dcda8dee824a7b6855cdb36d722388171,9.9990001000000006e-05,0.00049995000499999996,True,,0.87666738271099998,240,0.97407486967900003,0.87666738271099998,240,0.97407486967900003,0.87666738271099998,240,0.97407486967900003,0.73338492676900002,240,0.81487214085500004,0.73338492676900002,240,0.81487214085500004
sanity,equity,0.90000000000000002,162,44000294,204,793e563cb75339738a0ebd863a8d01073d39792317a8e9800d159a54c44caaa3,9.9990001000000006e-05,0.00049995000499999996,True,,0.90179647817099995,240,1.0019960868569999,0.90179647817099995,240,1.0019960868569999,0.90179647817099995,240,1.0019960868569999,0.76390553140799999,240,0.84878392378699996,0.76390553140799999,240,0.84878392378699996
sanity,equity,0.90000000000000002,163,44000295,205,d2d9062c6f2093445bcdb3a1171049ea5d77a6f5225e35e8ce7a738b1da50fa9,9.9990001000000006e-05,0.00049995000499999996,True,,0.90753163775699996,240,1.0083684863969999,0.90753163775699996,240,1.0083684863969999,0.90753163775699996,240,1.0083684863969999,0.77652453715600001,240,0.86280504128500002,0.77652453715600001,240,0.86280504128500002
sanity,equity,0.90000000000000002,164,44000296,206,36a34adcd542ad7f2a59662a7c71db5f1d93714e64fcbf0202a84935cb8f4969,9.9990001000000006e-05,0.00049995000499999996,True,,0.91047743306399997,240,1.0116415922940001,0.91047743306399997,240,1.0116415922940001,0.91047743306399997,240,1.0116415922940001,0.78440121859599998,240,0.87155690955200005,0.78440121859599998,240,0.87155690955200005
sanity,equity,0.90000000000000002,165,44000297,207,4116e23eff4439b59d1b823998c5bb69f16ea78c2870b391617e550c60c95488,9.9990001000000006e-05,0.00049995000499999996,True,,0.88677805327000003,240,0.98530894807699998,0.88677805327000003,240,0.98530894807699998,0.88677805327000003,240,0.98530894807699998,0.76127242689300001,240,0.84585825210400001,0.76127242689300001,240,0.84585825210400001
sanity,equity,0.90000000000000002,166,44000298,208,c5410d23f89582447343e3fb370977cdfddd27554b24e8d321370afb5442985c,9.9990001000000006e-05,0.00049995000499999996,True,,0.88662964459299998,240,0.98514404954699997,0.88662964459299998,240,0.98514404954699997,0.88662964459299998,240,0.98514404954699997,0.754763180496,240,0.83862575610599999,0.754763180496,240,0.83862575610599999
sanity,equity,0.90000000000000002,167,44000299,209,d47649f17c631b003f387f02c96d9979c688c5841e7ff31916b96ef61e9bf4f6,9.9990001000000006e-05,0.00049995000499999996,True,,0.90748489995299997,240,1.008316555503,0.90748489995299997,240,1.008316555503,0.90748489995299997,240,1.008316555503,0.77544652758499999,240,0.86160725287200002,0.77544652758499999,240,0.86160725287200002
sanity,equity,0.90000000000000002,168,44000300,210,5ab9ab9d81b0eed937ede890f9a721a76f8c67bbe8a1569d37b6c55eef4c0b96,9.9990001000000006e-05,0.00049995000499999996,True,,0.89459190952599998,240,0.99399101058399997,0.89459190952599998,240,0.99399101058399997,0.89459190952599998,240,0.99399101058399997,0.77284435667499995,240,0.85871595186100003,0.77284435667499995,240,0.85871595186100003
sanity,equity,0.90000000000000002,169,44000301,211,51e75cecbd05804b58e887481c14fb0ed5f7d57ebb56873abf19c08542220247,9.9990001000000006e-05,0.00049995000499999996,True,,0.91182937749299997,240,1.0131437527689999,0.91182937749299997,240,1.0131437527689999,0.91182937749299997,240,1.0131437527689999,0.76734332590200005,240,0.85260369544699999,0.76734332590200005,240,0.85260369544699999
sanity,equity,0.90000000000000002,170,44000302,212,cb6274bb28bebfd2cff4d144d84dfd464d629f0f3724217affc62ab111cb13b8,9.9990001000000006e-05,0.00049995000499999996,True,,0.91264203230700003,240,1.0140467025640001,0.91264203230700003,240,1.0140467025640001,0.91264203230700003,240,1.0140467025640001,0.76696080636200004,240,0.85217867373599998,0.76696080636200004,240,0.85217867373599998
sanity,equity,0.90000000000000002,171,44000303,213,e0ddeb4101843a194ba4c18e612bfc5468f0a9b498ca8dbb7021c793ca25ac9d,9.9990001000000006e-05,0.00049995000499999996,True,,0.89103683265300004,240,0.99004092516999997,0.89103683265300004,240,0.99004092516999997,0.89103683265300004,240,0.99004092516999997,0.77705599839499995,240,0.86339555377300004,0.77705599839499995,240,0.86339555377300004
sanity,equity,0.90000000000000002,172,44000304,214,d27df5bdb6f285f010a17b363a5b74ccd90e50bcc9259429e7ece2bcaab12dda,9.9990001000000006e-05,0.00049995000499999996,True,,0.90991490120999996,240,1.0110165569,0.90991490120999996,240,1.0110165569,0.90991490120999996,240,1.0110165569,0.78213516297300001,240,0.86903906996900004,0.78213516297300001,240,0.86903906996900004
sanity,equity,0.90000000000000002,173,44000305,215,e05b40b5c628034eb7f5d080fc87080b525323c6987bb5386ad01671a405e0a6,9.9990001000000006e-05,0.00049995000499999996,True,,0.91661909901399996,240,1.018465665571,0.91661909901399996,240,1.018465665571,0.91661909901399996,240,1.018465665571,0.75134851284600002,240,0.83483168094000004,0.75134851284600002,240,0.83483168094000004
sanity,equity,0.90000000000000002,174,44000306,216,348da06e839e9dda21429a56f5036ea91ea1cb7446a5e112fc0849e931ffd291,9.9990001000000006e-05,0.00049995000499999996,True,,0.88831746618700003,240,0.987019406875,0.88831746618700003,240,0.987019406875,0.88831746618700003,240,0.987019406875,0.73658083551099995,240,0.81842315056799997,0.73658083551099995,240,0.81842315056799997
sanity,equity,0.90000000000000002,175,44000307,217,99b3c0d37f54fd71bc2ac782ab3b11db80c7eb3e07ea8f9bba675a9f31743afd,9.9990001000000006e-05,0.00049995000499999996,True,,0.88886458728899997,240,0.98762731921000002,0.88886458728899997,240,0.98762731921000002,0.88886458728899997,240,0.98762731921000002,0.73880044053899996,240,0.82088937837700005,0.73880044053899996,240,0.82088937837700005
sanity,equity,0.90000000000000002,176,44000308,218,a5d2e0ba2a93c95ff248fcef80a1ba2ac699637dd6ac9b01b1f3092ee9b2fc47,9.9990001000000006e-05,0.00049995000499999996,True,,0.90518000431900003,240,1.0057555603549999,0.90518000431900003,240,1.0057555603549999,0.90518000431900003,240,1.0057555603549999,0.76572638627900003,240,0.85080709586500003,0.76572638627900003,240,0.85080709586500003
sanity,equity,0.90000000000000002,177,44000309,219,d004e48f3f2c051fb36455086af7ad02880a5f62143b64b1838c2728cb64441c,9.9990001000000006e-05,0.00049995000499999996,True,,0.88677829926600005,240,0.98530922140599997,0.88677829926600005,240,0.98530922140599997,0.88677829926600005,240,0.98530922140599997,0.76982041335200002,240,0.85535601483599999,0.76982041335200002,240,0.85535601483599999
sanity,equity,0.90000000000000002,178,44000310,220,7ea017fa85dc8d4184f644a665565ff6b712b13beb7d0c004bbe843746c6280f,9.9990001000000006e-05,0.00049995000499999996,True,,0.91538457727099998,240,1.0170939747459999,0.91538457727099998,240,1.0170939747459999,0.91538457727099998,240,1.0170939747459999,0.75749021634500002,240,0.84165579593899997,0.75749021634500002,240,0.84165579593899997
sanity,equity,0.90000000000000002,179,44000311,221,7aa50ab397f0b4ba9da7ca95c63edf98f8d9c39e87ac8bfaf600a9be94833ff4,9.9990001000000006e-05,0.00049995000499999996,True,,0.90006183524700001,240,1.00006870583,0.90006183524700001,240,1.00006870583,0.90006183524700001,240,1.00006870583,0.75159890414899999,240,0.835109893499,0.75159890414899999,240,0.835109893499
sanity,equity,0.90000000000000002,180,44000312,222,a9d0cf4bd6705bc9ce2ddb6586d94987c53fe28cc2a4dabade669e2b8b7900c4,9.9990001000000006e-05,0.00049995000499999996,True,,0.89199774210000005,240,0.99110860233300002,0.89199774210000005,240,0.99110860233300002,0.89199774210000005,240,0.99110860233300002,0.755091398719,240,0.83899044302100001,0.755091398719,240,0.83899044302100001
sanity,equity,0.90000000000000002,181,44000313,223,be35307517ffabdfd48f3b03e00060d6229bf2c7b2b297e22c6e46591ab39971,9.9990001000000006e-05,0.00049995000499999996,True,,0.91100107783499995,240,1.0122234198169999,0.91100107783499995,240,1.0122234198169999,0.91100107783499995,240,1.0122234198169999,0.75889698833499997,240,0.84321887592800004,0.75889698833499997,240,0.84321887592800004
sanity,equity,0.90000000000000002,182,44000314,224,068c69bd02a7d7db35d5c724ded6b1f1cf6f6304519efbaf86c287e55eb8df32,9.9990001000000006e-05,0.00049995000499999996,True,,0.91290754019300002,240,1.014341711326,0.91290754019300002,240,1.014341711326,0.91290754019300002,240,1.014341711326,0.78746414040400003,240,0.87496015600499999,0.78746414040400003,240,0.87496015600499999
sanity,equity,0.90000000000000002,183,44000315,225,320e6d6058ba6c7bbf4b49cc2913a3c63cd5541d2abbf7d37169750ee6a7fe2e,9.9990001000000006e-05,0.00049995000499999996,True,,0.91620516248600004,240,1.0180057360949999,0.91620516248600004,240,1.0180057360949999,0.91620516248600004,240,1.0180057360949999,0.76131145758200003,240,0.84590161953499998,0.76131145758200003,240,0.84590161953499998
sanity,equity,0.90000000000000002,184,44000316,226,07e2acc3fd1de3310e5e03f98f22a256ced1ed7c9ef9001d5293d3c6235cb4d1,9.9990001000000006e-05,0.00049995000499999996,True,,0.927949309911,240,1.031054788789,0.927949309911,240,1.031054788789,0.927949309911,240,1.031054788789,0.78444806044100002,240,0.87160895604599997,0.78444806044100002,240,0.87160895604599997
sanity,equity,0.90000000000000002,185,44000317,227,5198d5417325652c87f5c0e0c81946f34eb5dfc71885cbd005d8b14b02cc5d4f,9.9990001000000006e-05,0.00049995000499999996,True,,0.90564084203899997,240,1.006267602266,0.90564084203899997,240,1.006267602266,0.90564084203899997,240,1.006267602266,0.76651531986499999,240,0.85168368873900002,0.76651531986499999,240,0.85168368873900002
sanity,equity,0.90000000000000002,186,44000318,228,e16c5174bfb40f05f5b023eeb920022ce03ee1d7777846fae67b3c2c181b9006,9.9990001000000006e-05,0.00049995000499999996,True,,0.89986634202600002,240,0.99985149114000005,0.89986634202600002,240,0.99985149114000005,0.89986634202600002,240,0.99985149114000005,0.77005521787700004,240,0.85561690875200003,0.77005521787700004,240,0.85561690875200003
sanity,equity,0.90000000000000002,187,44000319,229,00f7bd710665f1ba42c311c2b3ee02a4be4eda7fd8bffcfb93ff1a6dcccf1c03,9.9990001000000006e-05,0.00049995000499999996,True,,0.91108681134299996,240,1.0123186792700001,0.91108681134299996,240,1.0123186792700001,0.91108681134299996,240,1.0123186792700001,0.774469712097,240,0.86052190233000003,0.774469712097,240,0.86052190233000003
sanity,equity,0.90000000000000002,188,44000320,230,237e89a0c958b548d53c7fd49abb13e66c5a96a802998b4d9426bf22d6786a41,9.9990001000000006e-05,0.00049995000499999996,True,,0.90316388170899997,240,1.003515424121,0.90316388170899997,240,1.003515424121,0.90316388170899997,240,1.003515424121,0.76634376675899996,240,0.85149307417700004,0.76634376675899996,240,0.85149307417700004
sanity,equity,0.90000000000000002,189,44000321,231,d385b5c6741264e3943b5e62d983280a66cbb1256232a64c51fa7d1224fc4637,9.9990001000000006e-05,0.00049995000499999996,True,,0.90257760829400002,240,1.0028640092159999,0.90257760829400002,240,1.0028640092159999,0.90257760829400002,240,1.0028640092159999,0.76339735142499998,240,0.84821927936099994,0.76339735142499998,240,0.84821927936099994
sanity,equity,0.90000000000000002,190,44000322,232,8aec5628d334d6082180d78aa11532957bcbc4055debd0c0060f2ec6875cb61e,9.9990001000000006e-05,0.00049995000499999996,True,,0.89838947367699995,240,0.998210526308,0.89838947367699995,240,0.998210526308,0.89838947367699995,240,0.998210526308,0.776556015323,240,0.86284001702500002,0.776556015323,240,0.86284001702500002
sanity,equity,0.90000000000000002,191,44000323,233,8b18bb0b3f1e8263eb8ec883b65163985c03b408ec25362c4249af47d99cde85,9.9990001000000006e-05,0.00049995000499999996,True,,0.89781129734599996,240,0.99756810816300001,0.89781129734599996,240,0.99756810816300001,0.89781129734599996,240,0.99756810816300001,0.76552292181100001,240,0.85058102423500004,0.76552292181100001,240,0.85058102423500004
sanity,equity,0.90000000000000002,192,44000324,234,9768af772a0d2f65090ee63113b21b84240c68125c6db9cad70ad2abf8728b67,9.9990001000000006e-05,0.00049995000499999996,True,,0.89606902039000003,240,0.99563224487799995,0.89606902039000003,240,0.99563224487799995,0.89606902039000003,240,0.99563224487799995,0.76416369411999996,240,0.84907077124399999,0.76416369411999996,240,0.84907077124399999
sanity,equity,0.90000000000000002,193,44000325,235,6398debc248db4d91d3efd5777a064cb482b7d34c9dd2b02eed93fbb243b5e62,9.9990001000000006e-05,0.00049995000499999996,True,,0.90851606657999995,240,1.0094622961999999,0.90851606657999995,240,1.0094622961999999,0.90851606657999995,240,1.0094622961999999,0.77477441607300002,240,0.86086046230299995,0.77477441607300002,240,0.86086046230299995
sanity,equity,0.90000000000000002,194,44000326,236,3e51cf84d71af5ececc27b71ed670dd8da3fed05cee7b7315128e02bc2bc5fd3,9.9990001000000006e-05,0.00049995000499999996,True,,0.91261069353199997,240,1.0140118817020001,0.91261069353199997,240,1.0140118817020001,0.91261069353199997,240,1.0140118817020001,0.77010984999700005,240,0.855677611108,0.77010984999700005,240,0.855677611108
sanity,equity,0.90000000000000002,195,44000327,237,4e439fed9576dd51114e3e523a7d8620c94efd40ad86cf7265d9bdf141c55aa4,9.9990001000000006e-05,0.00049995000499999996,True,,0.89672538191999995,240,0.99636153546700001,0.89672538191999995,240,0.99636153546700001,0.89672538191999995,240,0.99636153546700001,0.74955929348500006,240,0.832843659427,0.74955929348500006,240,0.832843659427
sanity,equity,0.90000000000000002,196,44000328,238,146dce94b57ee91955dfafd3251afdad54951de4ccd06d02cba4d7bd7e1df98b,9.9990001000000006e-05,0.00049995000499999996,True,,0.92939468397299996,240,1.03266075997,0.92939468397299996,240,1.03266075997,0.92939468397299996,240,1.03266075997,0.77773579980600005,240,0.86415088867400003,0.77773579980600005,240,0.86415088867400003
sanity,equity,0.90000000000000002,197,44000329,239,6ec540e31c22159542029f6b2296669a2bb6fdf3e55a15641aee8ad18c6caef3,9.9990001000000006e-05,0.00049995000499999996,True,,0.89811615262,240,0.99790683624499998,0.89811615262,240,0.99790683624499998,0.89811615262,240,0.99790683624499998,0.76456971288700004,240,0.84952190320800003,0.76456971288700004,240,0.84952190320800003
sanity,equity,0.90000000000000002,198,44000330,240,14f334ba6ecdc98df77ecf309f84ac7899207ed5c5ddcebfb74ae3b33dda1626,9.9990001000000006e-05,0.00049995000499999996,True,,0.90649262352299997,240,1.007214026137,0.90649262352299997,240,1.007214026137,0.90649262352299997,240,1.007214026137,0.79580936411699998,240,0.88423262679699999,0.79580936411699998,240,0.88423262679699999
sanity,equity,0.90000000000000002,199,44000331,241,db9152b2d9f25320b368c7de6350aa0c8ad29f363e38df2efc00f19a21a2f4b2,9.9990001000000006e-05,0.00049995000499999996,True,,0.91608787571100003,240,1.0178754174569999,0.91608787571100003,240,1.0178754174569999,0.91608787571100003,240,1.0178754174569999,0.78747971472699996,240,0.87497746080799998,0.78747971472699996,240,0.87497746080799998
