ticker,fiscal_year,cutoff_spec,cutoff_date,feature_asof_date,prediction_date,entry_date,exit_date,entry_adjclose,exit_adjclose,target_return_pct,target_status,first_quote,price_data_available,price_history_years_available,price_momentum_1y_pct,price_momentum_2y_pct,price_drawdown_from_3y_high_pct,price_vs_bist100_1y_pct,benchmark_1y_return_pct,market_value_pit,market_value_status
AEFES,2020,deadline_month_end,2021-03-31,2021-03-31,2021-04-01,2021-04-01,2022-03-31,1.785424709,2.380985498,33.35681342,ok,2017-01-02,1,4.241,31.56126551,30.04207375,-25.66996342,-23.68667715,55.24794266,1.248157918e+10,ok
AGESA,2020,deadline_month_end,2021-03-31,2021-03-31,2021-04-01,2021-04-01,2022-03-31,15.57841396,18.24687386,17.12921417,ok,2017-01-02,1,4.241,36.64471456,97.69619614,-9.110566334,-18.60322809,55.24794266,,no_share_count
AGHOL,2020,deadline_month_end,2021-03-31,2021-03-31,2021-04-01,2021-04-01,2022-03-31,2.174211025,3.506626129,61.28269466,ok,2017-01-02,1,4.241,61.23572364,91.02233564,-33.76547043,5.987780988,55.24794266,,no_share_count
AKBNK,2020,deadline_month_end,2021-03-31,2021-03-31,2021-04-01,2021-04-01,2022-03-31,3.901631594,5.982514858,53.33366861,ok,2017-01-02,1,4.241,-14.42363925,-21.02804552,-46.02253492,-69.67158191,55.24794266,,no_share_count
AKENR,2020,deadline_month_end,2021-03-31,2021-03-31,2021-04-01,2021-04-01,2022-03-31,1.779999971,1.690000057,-5.056175035,ok,2017-01-02,1,4.241,130.2631608,212.4999987,-33.96226653,75.01521813,55.24794266,,no_share_count
AKSA,2020,deadline_month_end,2021-03-31,2021-03-31,2021-04-01,2021-04-01,2022-03-31,1.036186695,2.905817747,180.4338022,ok,2017-01-02,1,4.241,187.4917028,281.2654237,-10.79293825,132.2437602,55.24794266,,no_share_count
AKSEN,2020,deadline_month_end,2021-03-31,2021-03-31,2021-04-01,2021-04-01,2022-03-31,5.394774914,13.2324667,145.2830175,ok,2017-01-02,1,4.241,247.7477098,376.5431484,-3.258155462,192.4997672,55.24794266,,no_share_count
ALARK,2020,deadline_month_end,2021-03-31,2021-03-31,2021-04-01,2021-04-01,2022-03-31,9.733569145,22.45584297,130.7051261,ok,2017-01-02,1,4.241,147.4477074,320.2476562,-17.69983764,92.19976472,55.24794266,,no_share_count
ALBRK,2020,deadline_month_end,2021-03-31,2021-03-31,2021-04-01,2021-04-01,2022-03-31,1.372775197,1.350270748,-1.639339707,ok,2017-01-02,1,4.241,62.16222562,26.61514375,-30.50191326,6.914282963,55.24794266,,no_share_count
ANHYT,2020,deadline_month_end,2021-03-31,2021-03-31,2021-04-01,2021-04-01,2022-03-31,6.860049725,10.09879684,47.21171493,ok,2017-01-02,1,4.241,94.42051813,107.3737123,-12.08811571,39.17257547,55.24794266,,no_share_count
ARCLK,2020,deadline_month_end,2021-03-31,2021-03-31,2021-04-01,2021-04-01,2022-03-31,32.04391479,59.47154236,85.59387247,ok,2017-01-02,1,4.241,164.3681465,103.6614188,-2.820609022,109.1202038,55.24794266,2.260986512e+10,ok
ASELS,2020,deadline_month_end,2021-03-31,2021-03-31,2021-04-01,2021-04-01,2022-03-31,7.583228111,11.95332718,57.62847963,ok,2017-01-02,1,4.241,27.76432905,45.28891624,-22.75639087,-27.4836136,55.24794266,3.408599957e+10,ok
ASTOR,2020,deadline_month_end,2021-03-31,,,,,,,,not_listed_at_prediction,2023-01-18,0,0,,,,,55.24794266,,share_count_disagrees_with_split_history
BERA,2020,deadline_month_end,2021-03-31,2021-03-31,2021-04-01,2021-04-01,2022-03-31,12.78967762,5.008960247,-60.83591474,ok,2017-01-02,1,4.241,775.9856531,1296.571481,-11.1272743,720.7377104,55.24794266,,no_share_count
BIMAS,2020,deadline_month_end,2021-03-31,2021-03-31,2021-04-01,2021-04-01,2022-03-31,29.85547638,38.04235458,27.42169678,ok,2017-01-02,1,4.241,46.77294541,102.0310583,-7.652053822,-8.47499725,55.24794266,4.286831907e+10,ok
BRSAN,2020,deadline_month_end,2021-03-31,2021-03-31,2021-04-01,2021-04-01,2022-03-31,28.52000046,28.21999931,-1.051897404,ok,2017-01-02,1,4.241,280.1075332,263.8281539,-23.73247225,224.8595905,55.24794266,4009300444,ok
BTCIM,2020,deadline_month_end,2021-03-31,2021-03-31,2021-04-01,2021-04-01,2022-03-31,0.5464509726,0.5283870101,-3.305687677,ok,2017-01-02,1,4.241,653.3024765,612.9466025,-9.620879947,598.0545339,55.24794266,2874598256,ok
CANTE,2020,deadline_month_end,2021-03-31,,,,,,,,not_listed_at_prediction,2021-04-30,0,0,,,,,55.24794266,,share_count_disagrees_with_split_history
CCOLA,2020,deadline_month_end,2021-03-31,2021-03-31,2021-04-01,2021-04-01,2022-03-31,67.5592804,112.4839935,66.49673127,ok,2017-01-02,1,4.241,97.67251495,123.514248,-15.21461444,42.42457229,55.24794266,,unexplained_jump_after_year_end
CEMTS,2020,deadline_month_end,2021-03-31,2021-03-31,2021-04-01,2021-04-01,2022-03-31,2.870178699,3.937445641,37.18468614,ok,2017-01-02,1,4.241,182.8612715,184.8067489,-13.36327388,127.6133288,55.24794266,,no_share_count
CIMSA,2020,deadline_month_end,2021-03-31,2021-03-31,2021-04-01,2021-04-01,2022-03-31,2.565252066,4.438402653,73.02013756,ok,2017-01-02,1,4.241,221.2025857,206.1843072,-19.5721013,165.9546431,55.24794266,2742214263,ok
DEVA,2020,deadline_month_end,2021-03-31,2021-03-31,2021-04-01,2021-04-01,2022-03-31,30.83752632,31.65390205,2.647345069,ok,2017-01-02,1,4.241,193.1304981,,,137.8825555,55.24794266,,no_share_count
DOAS,2020,deadline_month_end,2021-03-31,2021-03-31,2021-04-01,2021-04-01,2022-03-31,13.48323631,31.31977081,132.2867455,ok,2017-01-02,1,4.241,311.8840389,573.9269598,-27.27738756,256.6360963,55.24794266,6252400017,ok
DOHOL,2020,deadline_month_end,2021-03-31,2021-03-31,2021-04-01,2021-04-01,2022-03-31,2.935531855,3.01496315,2.705857042,ok,2017-01-02,1,4.241,114.93853,214.9845551,-23.45971049,59.69058729,55.24794266,,no_share_count
DSTKF,2020,deadline_month_end,2021-03-31,,,,,,,,not_listed_at_prediction,2025-02-06,0,0,,,,,55.24794266,,no_quote_at_reference_date
EGEEN,2020,deadline_month_end,2021-03-31,2021-03-31,2021-04-01,2021-04-01,2022-03-31,1497.457642,1747.773438,16.71605186,ok,2017-01-02,1,4.241,249.4492478,316.9763371,-10.22959906,194.2013052,55.24794266,,no_share_count
EKGYO,2020,deadline_month_end,2021-03-31,2021-03-31,2021-04-01,2021-04-01,2022-03-31,1.675533414,2.075392962,23.86461197,ok,2017-01-02,1,4.241,66.05072044,33.1193855,-28.99628442,10.80277778,55.24794266,,no_share_count
ENJSA,2020,deadline_month_end,2021-03-31,2021-03-31,2021-04-01,2021-04-01,2022-03-31,8.247721672,12.2917757,49.03237757,ok,2018-02-08,1,3.14,89.62723363,170.8388981,-12.94643657,34.37929097,55.24794266,,no_share_count
ENKAI,2020,deadline_month_end,2021-03-31,2021-03-31,2021-04-01,2021-04-01,2022-03-31,6.032138348,12.63298607,109.4279896,ok,2017-01-02,1,4.241,50.81239679,105.9549234,-11.40938786,-4.435545871,55.24794266,4.435199823e+10,ok
EREGL,2020,deadline_month_end,2021-03-31,2021-03-31,2021-04-01,2021-04-01,2022-03-31,6.467556,15.6607523,142.143281,ok,2017-01-02,1,4.241,135.7530321,132.674668,0,80.50508945,55.24794266,5.34100008e+10,ok
FROTO,2020,deadline_month_end,2021-03-31,2021-03-31,2021-04-01,2021-04-01,2022-03-31,15.18297768,23.58541489,55.34116818,ok,2017-01-02,1,4.241,316.6545234,367.3552168,-12.99701352,261.4065808,55.24794266,6.783090273e+10,ok
GARAN,2020,deadline_month_end,2021-03-31,2021-03-31,2021-04-01,2021-04-01,2022-03-31,5.534966469,9.840801239,77.79333072,ok,2017-01-02,1,4.241,-18.11503985,-16.47939513,-46.39421879,-73.36298251,55.24794266,,no_share_count
GUBRF,2020,deadline_month_end,2021-03-31,2021-03-31,2021-04-01,2021-04-01,2022-03-31,74.05000305,79.80000305,7.765023313,ok,2017-01-02,1,4.241,400.684908,2587.499916,-15.14800095,345.4369653,55.24794266,2.441539949e+10,ok
HALKB,2020,deadline_month_end,2021-03-31,2021-03-31,2021-04-01,2021-04-01,2022-03-31,4.440000057,4.730000019,6.531530588,ok,2017-01-02,1,4.241,-14.11530832,-29.64168949,-54.13041574,-69.36325098,55.24794266,,no_share_count
HEKTS,2020,deadline_month_end,2021-03-31,2021-03-31,2021-04-01,2021-04-01,2022-03-31,1.648954988,5.039604187,205.624121,unexplained_jump_in_window,2017-01-02,1,4.241,201.1907112,671.0418352,-12.90878182,145.9427685,55.24794266,,share_count_disagrees_with_split_history
ISCTR,2020,deadline_month_end,2021-03-31,2021-03-31,2021-04-01,2021-04-01,2022-03-31,0.7368621826,1.359805584,84.54001522,ok,2017-01-02,1,4.241,1.902706032,-12.99642836,-36.32762798,-53.34523662,55.24794266,,no_share_count
ISGYO,2020,deadline_month_end,2021-03-31,2021-03-31,2021-04-01,2021-04-01,2022-03-31,2.001655817,11.18338013,458.7064485,ok,2017-01-02,1,4.241,55.11811046,107.3684354,-29.39068071,-0.1298321979,55.24794266,,no_share_count
KCHOL,2020,deadline_month_end,2021-03-31,2021-03-31,2021-04-01,2021-04-01,2022-03-31,16.51701164,33.62044525,103.550412,ok,2017-01-02,1,4.241,47.10353481,22.43399785,-19.39368247,-8.14440785,55.24794266,,no_share_count
KONTR,2020,deadline_month_end,2021-03-31,2021-03-31,2021-04-01,2021-04-01,2022-03-31,4.362193584,7.531202793,72.64714753,ok,2020-10-19,1,0.446,,,-29.80582437,,55.24794266,,unexplained_jump_after_year_end
KRDMD,2020,deadline_month_end,2021-03-31,2021-03-31,2021-04-01,2021-04-01,2022-03-31,6.718091965,14.17749023,111.0344769,ok,2017-01-02,1,4.241,270.6806537,218.5605837,-9.578542122,215.432711,55.24794266,8071199913,ok
KRVGD,2020,deadline_month_end,2021-03-31,2021-03-31,2021-04-01,2021-04-01,2022-03-31,1.875417233,1.009630561,-46.16501633,ok,2020-12-04,1,0.32,,,-7.788785121,,55.24794266,,no_share_count
KUYAS,2020,deadline_month_end,2021-03-31,2021-03-31,2021-04-01,2021-04-01,2022-03-31,0.5450000167,1.417500019,160.0917387,ok,2017-01-02,1,4.241,166.867545,78.92200214,-28.55539891,111.6196024,55.24794266,214000010.5,ok
LOGO,2020,deadline_month_end,2021-03-31,2021-03-31,2021-04-01,2021-04-01,2022-03-31,33.34043121,38.6350975,15.88061731,ok,2017-01-02,1,4.241,160.4690416,296.4814373,-9.329426976,105.221099,55.24794266,,no_share_count
MAVI,2020,deadline_month_end,2021-03-31,2021-03-31,2021-04-01,2021-04-01,2022-03-31,2.469435692,4.107572079,66.33646676,ok,2017-06-15,1,3.792,39.03902702,18.6571017,-24.77660286,-16.20891563,55.24794266,2299119062,ok
MGROS,2020,deadline_month_end,2021-03-31,2021-03-31,2021-04-01,2021-04-01,2022-03-31,33.98226929,42.83416367,26.04856757,ok,2017-01-02,1,4.241,54.32097714,154.545425,-31.84031946,-0.9269655212,55.24794266,6336898155,ok
MIATK,2020,deadline_month_end,2021-03-31,,,,,,,,not_listed_at_prediction,2021-11-22,0,0,,,,,55.24794266,,share_count_disagrees_with_split_history
MPARK,2020,deadline_month_end,2021-03-31,2021-03-31,2021-04-01,2021-04-01,2022-03-31,21.23999977,30.29999924,42.65536518,ok,2018-02-13,1,3.127,57.55724266,58.03980648,-21.22137867,2.309300004,55.24794266,,no_share_count
NETAS,2020,deadline_month_end,2021-03-31,2021-03-31,2021-04-01,2021-04-01,2022-03-31,29.02000046,16.88999939,-41.7987625,ok,2017-01-02,1,4.241,176.4306386,,,121.1826959,55.24794266,,no_share_count
NTGAZ,2020,deadline_month_end,2021-03-31,,2021-04-01,2021-04-01,2022-03-31,1.070716977,0.8289253116,-22.58222021,ok,2021-04-01,0,0,,,,,55.24794266,,no_share_count
ODAS,2020,deadline_month_end,2021-03-31,2021-03-31,2021-04-01,2021-04-01,2022-03-31,2.676067114,1.690000057,-36.84762058,ok,2017-01-02,1,4.241,155.1470568,229.0432792,-19.30233396,99.8991141,55.24794266,,no_share_count
OTKAR,2020,deadline_month_end,2021-03-31,2021-03-31,2021-04-01,2021-04-01,2022-03-31,69.47320557,84.24986267,21.26957722,ok,2017-01-02,1,4.241,264.7762927,292.0105787,-13.77564483,209.52835,55.24794266,,no_share_count
OYAKC,2020,deadline_month_end,2021-03-31,2021-03-31,2021-04-01,2021-04-01,2022-03-31,1.763913393,2.267889977,28.57150388,ok,2017-01-02,1,4.241,42.23111557,153.6024372,-27.51270236,-13.01682709,55.24794266,8900568419,ok
PASEU,2020,deadline_month_end,2021-03-31,,,,,,,,not_listed_at_prediction,2024-03-21,0,0,,,,,55.24794266,,no_quote_at_reference_date
PETKM,2020,deadline_month_end,2021-03-31,2021-03-31,2021-04-01,2021-04-01,2022-03-31,6.050000191,9.029999733,49.25618923,ok,2017-01-02,1,4.241,127.7227637,93.68421053,-8.146968215,72.47482102,55.24794266,1.45728e+10,ok
PGSUS,2020,deadline_month_end,2021-03-31,2021-03-31,2021-04-01,2021-04-01,2022-03-31,15.08920574,22.03535652,46.03390595,ok,2017-01-02,1,4.241,110.8187032,158.9799184,-21.71553211,55.57076055,55.24794266,7375808668,ok
PRKME,2020,deadline_month_end,2021-03-31,2021-03-31,2021-04-01,2021-04-01,2022-03-31,5.257182121,5.760919571,9.581890793,ok,2017-01-02,1,4.241,85.76513115,131.9999815,-17.79527841,30.51718849,55.24794266,,no_share_count
RGYAS,2020,deadline_month_end,2021-03-31,,,,,,,,not_listed_at_prediction,2024-05-02,0,0,,,,,55.24794266,,no_share_count
SAHOL,2020,deadline_month_end,2021-03-31,2021-03-31,2021-04-01,2021-04-01,2022-03-31,7.270971298,14.75299168,102.9026257,ok,2017-01-02,1,4.241,19.6105803,21.172352,-26.80849796,-35.63736236,55.24794266,,no_share_count
SASA,2020,deadline_month_end,2021-03-31,2021-03-31,2021-04-01,2021-04-01,2022-03-31,0.9405869842,1.597936034,69.88710891,ok,2017-01-02,1,4.241,414.4819972,694.9584212,-9.397650028,359.2340545,55.24794266,3.744956436e+10,ok
SELEC,2020,deadline_month_end,2021-03-31,2021-03-31,2021-04-01,2021-04-01,2022-03-31,9.930945396,11.39835262,14.77610809,ok,2017-01-02,1,4.241,44.65984796,,,-10.58809469,55.24794266,,no_share_count
SISE,2020,deadline_month_end,2021-03-31,2021-03-31,2021-04-01,2021-04-01,2022-03-31,6.696887016,14.01621723,109.2945155,ok,2017-01-02,1,4.241,80.92054623,34.28171406,-9.789343052,25.67260357,55.24794266,2.230019897e+10,ok
SKBNK,2020,deadline_month_end,2021-03-31,2021-03-31,2021-04-01,2021-04-01,2022-03-31,1.178689003,0.9678665996,-17.88617718,ok,2017-01-02,1,4.241,56.90514133,34.70162455,-30.00803158,1.65719867,55.24794266,,no_share_count
SMRTG,2020,deadline_month_end,2021-03-31,,,,,,,,not_listed_at_prediction,2022-03-24,0,0,,,,,55.24794266,,no_share_count
SOKM,2020,deadline_month_end,2021-03-31,2021-03-31,2021-04-01,2021-04-01,2022-03-31,11.36936665,11.8281498,4.035256879,ok,2018-05-18,1,2.869,25.96567926,25.42734448,-19.20165162,-29.2822634,55.24794266,,no_share_count
TAVHL,2020,deadline_month_end,2021-03-31,2021-03-31,2021-04-01,2021-04-01,2022-03-31,20.56814766,40.18881989,95.39348196,ok,2017-01-02,1,4.241,22.22887765,-11.13626514,-27.21037854,-33.019065,55.24794266,7410937361,ok
TBORG,2020,deadline_month_end,2021-03-31,2021-03-31,2021-04-01,2021-04-01,2022-03-31,14.58830833,16.31560707,11.84029496,ok,2017-01-02,1,4.241,43.14485455,111.5394402,-24.69437399,-12.10308811,55.24794266,,no_share_count
TCELL,2020,deadline_month_end,2021-03-31,2021-03-31,2021-04-01,2021-04-01,2022-03-31,12.53277206,19.95478058,59.22080507,ok,2017-01-02,1,4.241,24.83707363,34.16422747,-12.71137069,-30.41086903,55.24794266,3.293400059e+10,ok
THYAO,2020,deadline_month_end,2021-03-31,2021-03-31,2021-04-01,2021-04-01,2022-03-31,12.69949436,31.51428223,148.1538345,ok,2017-01-02,1,4.241,40.88397587,-1.086111568,-35.24632405,-14.36396678,55.24794266,1.7595e+10,ok
TOASO,2020,deadline_month_end,2021-03-31,2021-03-31,2021-04-01,2021-04-01,2022-03-31,24.22327042,60.93891525,151.5717911,ok,2017-01-02,1,4.241,121.0707989,146.1332344,-7.057504338,65.82285626,55.24794266,1.654999924e+10,ok
TRALT,2020,deadline_month_end,2021-03-31,2021-03-31,2021-04-01,2021-04-01,2022-03-31,5.135426521,6.091943264,18.62584809,ok,2017-01-02,1,4.241,94.12726904,183.4683928,-21.76199997,38.87932638,55.24794266,1.814749796e+10,ok
TRMET,2020,deadline_month_end,2021-03-31,2021-03-31,2021-04-01,2021-04-01,2022-03-31,14.35999966,25.86000061,80.08357402,ok,2017-01-02,1,4.241,52.62581275,144.3082262,-31.88476503,-2.622129908,55.24794266,5413715926,ok
TSKB,2020,deadline_month_end,2021-03-31,2021-03-31,2021-04-01,2021-04-01,2022-03-31,1.326127529,1.383370519,4.316552389,ok,2017-01-02,1,4.241,47.94683124,81.04021085,-49.22857716,-7.301111414,55.24794266,3780000067,ok
TTKOM,2020,deadline_month_end,2021-03-31,2021-03-31,2021-04-01,2021-04-01,2022-03-31,5.70847559,9.235225677,61.78094366,ok,2017-01-02,1,4.241,3.360821378,57.03346986,-23.82021713,-51.88712128,55.24794266,2.373000073e+10,ok
TUPRS,2020,deadline_month_end,2021-03-31,2021-03-31,2021-04-01,2021-04-01,2022-03-31,8.353057861,19.39248085,132.16026,ok,2017-01-02,1,4.241,18.6552569,-30.98157875,-37.32588727,-36.59268576,55.24794266,2.477308547e+10,ok
TURSG,2020,deadline_month_end,2021-03-31,2021-03-31,2021-04-01,2021-04-01,2022-03-31,0.3050720096,0.2697480917,-11.57887868,ok,2017-01-02,1,4.241,182.48836,349.1565811,-19.7644497,127.2404173,55.24794266,7120120066,ok
ULKER,2020,deadline_month_end,2021-03-31,2021-03-31,2021-04-01,2021-04-01,2022-03-31,18.3354435,13.49252415,-26.41288361,ok,2017-01-02,1,4.241,9.259592784,23.85701464,-23.6403213,-45.98834987,55.24794266,7202519817,ok
ULUSE,2020,deadline_month_end,2021-03-31,2021-03-31,2021-04-01,2021-04-01,2022-03-31,57.20000076,113.3000031,98.07692577,ok,2017-01-02,1,4.241,100.4567852,214.8454558,-17.6767724,45.20884256,55.24794266,,no_share_count
VAKBN,2020,deadline_month_end,2021-03-31,2021-03-31,2021-04-01,2021-04-01,2022-03-31,3.619999886,3.579999924,-1.104971357,ok,2017-01-02,1,4.241,-24.45414638,-21.54194653,-49.63609759,-79.70208904,55.24794266,,no_share_count
VESTL,2020,deadline_month_end,2021-03-31,2021-03-31,2021-04-01,2021-04-01,2022-03-31,29.35669136,25.79999924,-12.1154393,ok,2017-01-02,1,4.241,250.4673028,181.1094408,-1.626428907,195.2193602,55.24794266,,no_share_count
YKBNK,2020,deadline_month_end,2021-03-31,2021-03-31,2021-04-01,2021-04-01,2022-03-31,1.931675911,3.502772331,81.33333399,ok,2017-01-02,1,4.241,16.40213306,5.263174784,-33.73493308,-38.8458096,55.24794266,,no_share_count
ZOREN,2020,deadline_month_end,2021-03-31,2021-03-31,2021-04-01,2021-04-01,2022-03-31,1.299090028,1.12014699,-13.77449092,ok,2017-01-02,1,4.241,117.9247458,87.80497405,-26.89874893,62.67680319,55.24794266,,no_share_count
AEFES,2021,deadline_month_end,2022-03-31,2022-03-31,2022-04-01,2022-04-01,2023-03-31,2.430663109,6.067286491,149.6144558,ok,2017-01-02,1,5.24,38.16476711,81.7713161,-23.5763103,-22.30803002,60.47279713,1.589210535e+10,ok
AGESA,2021,deadline_month_end,2022-03-31,2022-03-31,2022-04-01,2022-04-01,2023-03-31,18.12078476,22.79123306,25.77398477,ok,2017-01-02,1,5.24,18.39657125,61.78265684,-28.66196266,-42.07622588,60.47279713,,no_share_count
AGHOL,2021,deadline_month_end,2022-03-31,2022-03-31,2022-04-01,2022-04-01,2023-03-31,3.665496111,8.886042595,142.4240083,ok,2017-01-02,1,5.24,64.15248697,164.6724502,-23.66667608,3.679689835,60.47279713,,no_share_count
AKBNK,2021,deadline_month_end,2022-03-31,2022-03-31,2022-04-01,2022-04-01,2023-03-31,6.02371645,15.38647079,155.4315251,ok,2017-01-02,1,5.24,59.87241801,36.81299718,-13.70492139,-0.600379119,60.47279713,,no_share_count
AKENR,2021,deadline_month_end,2022-03-31,2022-03-31,2022-04-01,2022-04-01,2023-03-31,1.669999957,4.079999924,144.311379,ok,2017-01-02,1,5.24,-3.428568159,122.3684314,-36.22641523,-63.90136529,60.47279713,,no_share_count
AKSA,2021,deadline_month_end,2022-03-31,2022-03-31,2022-04-01,2022-04-01,2023-03-31,2.89115572,4.973666191,72.03038069,ok,2017-01-02,1,5.24,184.2421235,717.1725211,-0.7286026871,123.7693264,60.47279713,,no_share_count
AKSEN,2021,deadline_month_end,2022-03-31,2022-03-31,2022-04-01,2022-04-01,2023-03-31,12.81606007,26.46584129,106.5052844,ok,2017-01-02,1,5.24,146.9775734,758.8588553,0,86.50477628,60.47279713,,no_share_count
ALARK,2021,deadline_month_end,2022-03-31,2022-03-31,2022-04-01,2022-04-01,2023-03-31,22.47458649,61.29795074,172.7433974,ok,2017-01-02,1,5.24,140.7655652,495.7688714,0,80.29276812,60.47279713,,no_share_count
ALBRK,2021,deadline_month_end,2022-03-31,2022-03-31,2022-04-01,2022-04-01,2023-03-31,1.380276322,2.739370823,98.46539266,ok,2017-01-02,1,5.24,0,62.16222562,-30.50191326,-60.47279713,60.47279713,,no_share_count
ANHYT,2021,deadline_month_end,2022-03-31,2022-03-31,2022-04-01,2022-04-01,2023-03-31,10.05950165,13.356884,32.77878438,ok,2017-01-02,1,5.24,46.74037112,185.2933898,-12.08712787,-13.73242601,60.47279713,,no_share_count
ARCLK,2021,deadline_month_end,2022-03-31,2022-03-31,2022-04-01,2022-04-01,2023-03-31,58.58684158,115.2076797,96.64429185,ok,2017-01-02,1,5.24,88.03443503,397.1031507,0,27.5616379,60.47279713,4.08815564e+10,ok
ASELS,2021,deadline_month_end,2022-03-31,2022-03-31,2022-04-01,2022-04-01,2023-03-31,12.27023411,25.85069275,110.6780728,ok,2017-01-02,1,5.24,63.00576328,108.2632198,-11.70446134,2.532966151,60.47279713,5.503919861e+10,ok
ASTOR,2021,deadline_month_end,2022-03-31,,,,,,,,not_listed_at_prediction,2023-01-18,0,0,,,,,60.47279713,,share_count_disagrees_with_split_history
BERA,2021,deadline_month_end,2022-03-31,2022-03-31,2022-04-01,2022-04-01,2023-03-31,4.969363689,11.37285805,128.8594427,ok,2017-01-02,1,5.24,-58.59247419,262.7239854,-69.08980307,-119.0652713,60.47279713,,no_share_count
BIMAS,2021,deadline_month_end,2022-03-31,2022-03-31,2022-04-01,2022-04-01,2023-03-31,37.75024414,68.8239212,82.31384398,ok,2017-01-02,1,5.24,27.51195707,87.15305514,-1.569788444,-32.96084006,60.47279713,5.139948093e+10,ok
BRSAN,2021,deadline_month_end,2022-03-31,2022-03-31,2022-04-01,2022-04-01,2023-03-31,27.79999924,103.6999969,273.021582,ok,2017-01-02,1,5.24,-0.2121689244,279.3010631,-23.89428824,-60.68496606,60.47279713,4000793955,ok
BTCIM,2021,deadline_month_end,2022-03-31,2022-03-31,2022-04-01,2022-04-01,2023-03-31,0.5387089849,1.106451035,105.3893782,ok,2017-01-02,1,5.24,2.567359102,672.6424562,-7.300523381,-57.90543803,60.47279713,2948399516,ok
CANTE,2021,deadline_month_end,2022-03-31,2022-03-31,2022-04-01,2022-04-01,2023-03-31,1.234025002,2.345828056,90.0956669,ok,2021-04-30,1,0.917,,,-0.2608298231,,60.47279713,,share_count_disagrees_with_split_history
CCOLA,2021,deadline_month_end,2022-03-31,2022-03-31,2022-04-01,2022-04-01,2023-03-31,109.9886093,195.8370667,78.05213455,ok,2017-01-02,1,5.24,70.73174178,237.4897278,-0.08525298247,10.25894464,60.47279713,,unexplained_jump_after_year_end
CEMTS,2021,deadline_month_end,2022-03-31,2022-03-31,2022-04-01,2022-04-01,2023-03-31,3.978229523,8.339981079,109.6405205,ok,2017-01-02,1,5.24,39.31845091,294.0779417,-2.658121484,-21.15434623,60.47279713,,no_share_count
CIMSA,2021,deadline_month_end,2022-03-31,2022-03-31,2022-04-01,2022-04-01,2023-03-31,4.441007614,12.17044544,174.0469393,ok,2017-01-02,1,5.24,75.06563077,462.3153327,-10.02956225,14.59283364,60.47279713,4603677193,ok
DEVA,2021,deadline_month_end,2022-03-31,2022-03-31,2022-04-01,2022-04-01,2023-03-31,31.00144958,37.60495758,21.30064266,ok,2017-01-02,1,5.24,5.61675255,209.5949128,,-54.85604458,60.47279713,,no_share_count
DOAS,2021,deadline_month_end,2022-03-31,2022-03-31,2022-04-01,2022-04-01,2023-03-31,32.05700684,69.53783417,116.9192979,ok,2017-01-02,1,5.24,140.2966813,889.7436763,0,79.82388416,60.47279713,1.355199966e+10,ok
DOHOL,2021,deadline_month_end,2022-03-31,2022-03-31,2022-04-01,2022-04-01,2023-03-31,3.024071693,8.910310745,194.6461476,ok,2017-01-02,1,5.24,4.931676057,125.538602,-19.68499136,-55.54112107,60.47279713,,no_share_count
DSTKF,2021,deadline_month_end,2022-03-31,,,,,,,,not_listed_at_prediction,2025-02-06,0,0,,,,,60.47279713,,share_count_disagrees_with_split_history
EGEEN,2021,deadline_month_end,2022-03-31,2022-03-31,2022-04-01,2022-04-01,2023-03-31,1694.016235,4427.619629,161.3681933,ok,2017-01-02,1,5.24,18.5713822,314.3468032,-12.51204981,-41.90141494,60.47279713,,no_share_count
EKGYO,2021,deadline_month_end,2022-03-31,2022-03-31,2022-04-01,2022-04-01,2023-03-31,2.110718489,5.666661263,168.4707266,ok,2017-01-02,1,5.24,24.51311626,106.7549266,-15.16244931,-35.95968087,60.47279713,,no_share_count
ENJSA,2021,deadline_month_end,2022-03-31,2022-03-31,2022-04-01,2022-04-01,2023-03-31,12.42036724,22.33610153,79.83446945,ok,2018-02-08,1,4.14,50.68829365,185.7460427,0,-9.784503478,60.47279713,,no_share_count
ENKAI,2021,deadline_month_end,2022-03-31,2022-03-31,2022-04-01,2022-04-01,2023-03-31,12.4994297,25.44475365,103.5673167,ok,2017-01-02,1,5.24,115.245411,224.6167633,-10.70015591,54.77261389,60.47279713,,share_count_disagrees_with_split_history
EREGL,2021,deadline_month_end,2022-03-31,2022-03-31,2022-04-01,2022-04-01,2023-03-31,16.08558083,17.08972549,6.242514209,ok,2017-01-02,1,5.24,142.3019877,471.2342829,-4.023667885,81.8291906,60.47279713,1.135399952e+11,ok
FROTO,2021,deadline_month_end,2022-03-31,2022-03-31,2022-04-01,2022-04-01,2023-03-31,23.78281593,47.89445877,101.3826239,ok,2017-01-02,1,5.24,63.85963241,582.7285705,-1.4191346,3.386835277,60.47279713,1.048168199e+11,ok
GARAN,2021,deadline_month_end,2022-03-31,2022-03-31,2022-04-01,2022-04-01,2023-03-31,10.04245663,22.94487381,128.4786946,ok,2017-01-02,1,5.24,86.29762548,52.54973638,-1.69217276,25.82482835,60.47279713,,no_share_count
GUBRF,2021,deadline_month_end,2022-03-31,2022-03-31,2022-04-01,2022-04-01,2023-03-31,79.84999847,198.5,148.5911131,ok,2017-01-02,1,5.24,9.165533129,446.5753491,-16.52719213,-51.307264,60.47279713,2.665320102e+10,ok
HALKB,2021,deadline_month_end,2022-03-31,2022-03-31,2022-04-01,2022-04-01,2023-03-31,4.739999771,11.05000019,133.1223781,ok,2017-01-02,1,5.24,9.490736831,-5.964218255,-36.16733986,-50.9820603,60.47279713,,no_share_count
HEKTS,2021,deadline_month_end,2022-03-31,2022-03-31,2022-04-01,2022-04-01,2023-03-31,5.005533218,27.07999992,441.0013028,unexplained_jump_in_window,2017-01-02,1,5.24,,,,,60.47279713,,share_count_disagrees_with_split_history
ISCTR,2021,deadline_month_end,2022-03-31,2022-03-31,2022-04-01,2022-04-01,2023-03-31,1.365965605,4.438486576,224.9339925,ok,2017-01-02,1,5.24,95.64304866,99.36556075,-1.340757954,35.17025153,60.47279713,,no_share_count
ISGYO,2021,deadline_month_end,2022-03-31,2022-03-31,2022-04-01,2022-04-01,2023-03-31,11.2232151,9.042305946,-19.43212472,ok,2017-01-02,1,5.24,470.0507293,784.25192,0,409.5779322,60.47279713,,no_share_count
KCHOL,2021,deadline_month_end,2022-03-31,2022-03-31,2022-04-01,2022-04-01,2023-03-31,33.29831314,67.84526825,103.7498655,ok,2017-01-02,1,5.24,110.9961168,210.3827461,-0.8499987738,50.52331968,60.47279713,,no_share_count
KONTR,2021,deadline_month_end,2022-03-31,2022-03-31,2022-04-01,2022-04-01,2023-03-31,7.613660812,41.06568909,439.3685127,ok,2020-10-19,1,1.446,89.8402202,,-5.517247774,29.36742307,60.47279713,,share_count_disagrees_with_split_history
KRDMD,2021,deadline_month_end,2022-03-31,2022-03-31,2022-04-01,2022-04-01,2023-03-31,14.45548153,18.79066277,29.98987773,ok,2017-01-02,1,5.24,116.1016814,701.0471253,-0.455438098,55.62888429,60.47279713,1.744200022e+10,ok
KRVGD,2021,deadline_month_end,2022-03-31,2022-03-31,2022-04-01,2022-04-01,2023-03-31,1.011710763,1.887691736,86.58413109,ok,2020-12-04,1,1.32,-44.45597595,,-48.78218063,-104.9287731,60.47279713,,no_share_count
KUYAS,2021,deadline_month_end,2022-03-31,2022-03-31,2022-04-01,2022-04-01,2023-03-31,1.434999943,6.235000134,334.4948001,ok,2017-01-02,1,5.24,164.9532616,607.0742647,-18.88411642,104.4804645,60.47279713,567000007.6,ok
LOGO,2021,deadline_month_end,2022-03-31,2022-03-31,2022-04-01,2022-04-01,2023-03-31,40.37815857,57.03902435,41.26207428,ok,2017-01-02,1,5.24,18.33981237,208.2385751,-12.19230552,-42.13298476,60.47279713,,no_share_count
MAVI,2021,deadline_month_end,2022-03-31,2022-03-31,2022-04-01,2022-04-01,2023-03-31,4.086178303,11.44283962,180.0376972,ok,2017-06-15,1,4.791,67.77348659,133.2706234,-5.99754076,7.300689459,60.47279713,3813657752,ok
MGROS,2021,deadline_month_end,2022-03-31,2022-03-31,2022-04-01,2022-04-01,2023-03-31,45.06589508,157.0648651,248.5226796,ok,2017-01-02,1,5.24,30.51429428,101.4109342,-11.04187395,-29.95850285,60.47279713,8270557419,ok
MIATK,2021,deadline_month_end,2022-03-31,2022-03-31,2022-04-01,2022-04-01,2023-03-31,2.707691908,7.753846169,186.3636792,ok,2021-11-22,1,0.353,,,-16.34615635,,60.47279713,,share_count_disagrees_with_split_history
MPARK,2021,deadline_month_end,2022-03-31,2022-03-31,2022-04-01,2022-04-01,2023-03-31,31.10000038,71,128.2958171,ok,2018-02-13,1,4.126,46.80232623,131.2976974,-22.97915831,-13.6704709,60.47279713,,no_share_count
NETAS,2021,deadline_month_end,2022-03-31,2022-03-31,2022-04-01,2022-04-01,2023-03-31,17,26.5,55.88235294,ok,2017-01-02,1,5.24,-40.73684425,63.82151991,,-101.2096414,60.47279713,,no_share_count
NTGAZ,2021,deadline_month_end,2022-03-31,2022-03-31,2022-04-01,2022-04-01,2023-03-31,0.8229955435,4.111921787,399.6286821,ok,2021-04-01,1,0.997,,,-56.20954903,,60.47279713,,no_share_count
ODAS,2021,deadline_month_end,2022-03-31,2022-03-31,2022-04-01,2022-04-01,2023-03-31,1.730000019,6.139999866,254.9132832,ok,2017-01-02,1,5.24,-35.02765808,65.77501812,-47.5688365,-95.50045521,60.47279713,,no_share_count
OTKAR,2021,deadline_month_end,2022-03-31,2022-03-31,2022-04-01,2022-04-01,2023-03-31,83.83561707,181.0060272,115.9058805,ok,2017-01-02,1,5.24,23.37483666,350.0421553,-4.147445678,-37.09796047,60.47279713,,no_share_count
OYAKC,2021,deadline_month_end,2022-03-31,2022-03-31,2022-04-01,2022-04-01,2023-03-31,2.226299286,8.019571304,260.2198211,ok,2017-01-02,1,5.24,29.83195531,84.6614384,-10.86535723,-30.64084182,60.47279713,1.155578186e+10,ok
PASEU,2021,deadline_month_end,2022-03-31,,,,,,,,not_listed_at_prediction,2024-03-21,0,0,,,,,60.47279713,,no_quote_at_reference_date
PETKM,2021,deadline_month_end,2022-03-31,2022-03-31,2022-04-01,2022-04-01,2023-03-31,9.399999619,13.85999966,47.44681084,ok,2017-01-02,1,5.24,57.04347362,257.6237383,-14.89161145,-3.429323514,60.47279713,2.288563132e+10,ok
PGSUS,2021,deadline_month_end,2022-03-31,2022-03-31,2022-04-01,2022-04-01,2023-03-31,21.89213753,92.68353271,323.3644732,ok,2017-01-02,1,5.24,49.37586759,214.912267,-2.972974993,-11.09692954,60.47279713,1.101767819e+10,ok
PRKME,2021,deadline_month_end,2022-03-31,2022-03-31,2022-04-01,2022-04-01,2023-03-31,5.75176096,14.18706608,146.6560446,ok,2017-01-02,1,5.24,20.49808903,123.8434331,-9.626435481,-39.9747081,60.47279713,,no_share_count
RGYAS,2021,deadline_month_end,2022-03-31,,,,,,,,not_listed_at_prediction,2024-05-02,0,0,,,,,60.47279713,,no_share_count
SAHOL,2021,deadline_month_end,2022-03-31,2022-03-31,2022-04-01,2022-04-01,2023-03-31,15.00765514,34.73978424,131.4804272,ok,2017-01-02,1,5.24,112.103994,153.6988181,-1.955312237,51.63119689,60.47279713,,no_share_count
SASA,2021,deadline_month_end,2022-03-31,2022-03-31,2022-04-01,2022-04-01,2023-03-31,1.587203026,5.388171196,239.4758647,ok,2017-01-02,1,5.24,78.09540107,816.2687763,-1.651492529,17.62260394,60.47279713,6.610048119e+10,ok
SELEC,2021,deadline_month_end,2022-03-31,2022-03-31,2022-04-01,2022-04-01,2023-03-31,11.37016201,31.05004692,173.0835928,ok,2017-01-02,1,5.24,17.28786245,69.6684435,,-43.18493468,60.47279713,,no_share_count
SISE,2021,deadline_month_end,2022-03-31,2022-03-31,2022-04-01,2022-04-01,2023-03-31,14.16366005,39.7690239,180.7821125,ok,2017-01-02,1,5.24,113.3194334,285.938684,-14.11631438,52.84663623,60.47279713,4.659148591e+10,ok
SKBNK,2021,deadline_month_end,2022-03-31,2022-03-31,2022-04-01,2022-04-01,2023-03-31,0.9774494171,2.462789297,151.9607924,ok,2017-01-02,1,5.24,-15.12604572,33.17159791,-40.59504872,-75.59884285,60.47279713,,no_share_count
SMRTG,2021,deadline_month_end,2022-03-31,2022-03-31,2022-04-01,2022-04-01,2023-03-31,1.295454025,11.92760944,820.7281162,ok,2022-03-24,1,0.019,,,-3.08947483,,60.47279713,,no_share_count
SOKM,2021,deadline_month_end,2022-03-31,2022-03-31,2022-04-01,2022-04-01,2023-03-31,11.97020149,27.44433784,129.272146,ok,2018-05-18,1,3.869,7.579895289,35.51374584,-25.65475883,-52.89290184,60.47279713,,no_share_count
TAVHL,2021,deadline_month_end,2022-03-31,2022-03-31,2022-04-01,2022-04-01,2023-03-31,39.85325623,72.93599701,83.01138707,ok,2017-01-02,1,5.24,99.60784225,143.9784253,-1.165051167,39.13504511,60.47279713,1.479281294e+10,ok
TBORG,2021,deadline_month_end,2022-03-31,2022-03-31,2022-04-01,2022-04-01,2023-03-31,16.51915932,31.21605301,88.96877504,ok,2017-01-02,1,5.24,14.92678455,64.51177857,-13.45366545,-45.54601259,60.47279713,,no_share_count
TCELL,2021,deadline_month_end,2022-03-31,2022-03-31,2022-04-01,2022-04-01,2023-03-31,19.65377617,29.25267601,48.83997741,ok,2017-01-02,1,5.24,62.517969,102.8826766,-3.261786987,2.045171874,60.47279713,4.958800201e+10,ok
THYAO,2021,deadline_month_end,2022-03-31,2022-03-31,2022-04-01,2022-04-01,2023-03-31,32.02226257,115.7607727,261.5009166,ok,2017-01-02,1,5.24,153.0195897,256.4640577,0,92.54679254,60.47279713,4.451879768e+10,ok
TOASO,2021,deadline_month_end,2022-03-31,2022-03-31,2022-04-01,2022-04-01,2023-03-31,60.19527817,151.0978241,151.0127517,ok,2017-01-02,1,5.24,155.5239716,464.8888855,-10.49901646,95.05117448,60.47279713,3.892499924e+10,ok
TRALT,2021,deadline_month_end,2022-03-31,2022-03-31,2022-04-01,2022-04-01,2023-03-31,6.155711174,21.28281975,245.7410386,ok,2017-01-02,1,5.24,20.42016929,133.768386,-5.785667911,-40.05262784,60.47279713,2.185324879e+10,ok
TRMET,2021,deadline_month_end,2022-03-31,2022-03-31,2022-04-01,2022-04-01,2023-03-31,26.31999969,36.63999939,39.20972574,ok,2017-01-02,1,5.24,85.376351,182.9321624,-1.598173765,24.90355386,60.47279713,1.003574904e+10,ok
TSKB,2021,deadline_month_end,2022-03-31,2022-03-31,2022-04-01,2022-04-01,2023-03-31,1.383370519,3.902059078,182.0689776,ok,2017-01-02,1,5.24,7.407407407,58.90585578,-45.46773102,-53.06538972,60.47279713,4060000134,ok
TTKOM,2021,deadline_month_end,2022-03-31,2022-03-31,2022-04-01,2022-04-01,2023-03-31,9.3238554,16.64999962,78.57419387,ok,2017-01-02,1,5.24,66.15125562,71.73530254,-5.615937103,5.678458491,60.47279713,3.647000027e+10,ok
TUPRS,2021,deadline_month_end,2022-03-31,2022-03-31,2022-04-01,2022-04-01,2023-03-31,20.56833076,51.61574936,150.9476824,ok,2017-01-02,1,5.24,138.2222027,182.6631667,0,77.74940562,60.47279713,5.901499492e+10,ok
TURSG,2021,deadline_month_end,2022-03-31,2022-03-31,2022-04-01,2022-04-01,2023-03-31,0.2697480917,0.5413406491,100.6837734,ok,2017-01-02,1,5.24,-6.241655489,164.8564098,-24.77247633,-66.71445262,60.47279713,6248980285,ok
ULKER,2021,deadline_month_end,2022-03-31,2022-03-31,2022-04-01,2022-04-01,2023-03-31,13.69495678,27.42511749,100.2570576,ok,2017-01-02,1,5.24,-24.52602903,-17.53744666,-42.36831827,-84.99882616,60.47279713,5242859974,ok
ULUSE,2021,deadline_month_end,2022-03-31,2022-03-31,2022-04-01,2022-04-01,2023-03-31,124.5999985,128.8999939,3.451039707,ok,2017-01-02,1,5.24,98.5977293,298.1026237,0,38.12493217,60.47279713,,no_share_count
VAKBN,2021,deadline_month_end,2022-03-31,2022-03-31,2022-04-01,2022-04-01,2023-03-31,3.599999905,8.949999809,148.6111124,ok,2017-01-02,1,5.24,3.468204747,-21.8340615,-47.88937433,-57.00459238,60.47279713,,no_share_count
VESTL,2021,deadline_month_end,2022-03-31,2022-03-31,2022-04-01,2022-04-01,2023-03-31,25.97999954,47.31999969,82.14010981,ok,2017-01-02,1,5.24,-12.63103523,206.1996543,-17.83439634,-73.10383236,60.47279713,,no_share_count
YKBNK,2021,deadline_month_end,2022-03-31,2022-03-31,2022-04-01,2022-04-01,2023-03-31,3.528527975,9.17175293,159.9314217,ok,2017-01-02,1,5.24,90.58223562,121.8417875,-5.773670693,30.10943849,60.47279713,,no_share_count
ZOREN,2021,deadline_month_end,2022-03-31,2022-03-31,2022-04-01,2022-04-01,2023-03-31,1.108036995,2.615695953,136.06576,ok,2017-01-02,1,5.24,-12.28141942,91.16049378,-35.87662018,-72.75421655,60.47279713,,no_share_count
AEFES,2022,deadline_month_end,2023-03-31,2023-03-31,2023-04-03,2023-04-03,2024-05-31,6.02003336,19.57028961,225.0860659,ok,2017-01-02,1,6.24,154.8224882,252.0748974,-8.088766854,39.31627826,115.50621,3.801315834e+10,ok
AGESA,2022,deadline_month_end,2023-03-31,2023-03-31,2023-04-03,2023-04-03,2024-05-31,22.40116119,93.89541626,319.1542369,ok,2017-01-02,1,6.24,24.90486449,47.88307688,-43.91460798,-90.60134548,115.50621,,no_share_count
AGHOL,2022,deadline_month_end,2023-03-31,2023-03-31,2023-04-03,2023-04-03,2024-05-31,8.86676693,32.78123856,269.7090362,ok,2017-01-02,1,6.24,153.4071859,315.9741979,-18.40707428,37.90097596,115.50621,,no_share_count
AKBNK,2022,deadline_month_end,2023-03-31,2023-03-31,2023-04-03,2023-04-03,2024-05-31,15.45913506,62.93400192,307.0991145,ok,2017-01-02,1,6.24,157.1906825,311.176963,-8.916852468,41.68447253,115.50621,,no_share_count
AKENR,2022,deadline_month_end,2023-03-31,2023-03-31,2023-04-03,2023-04-03,2024-05-31,3.980000019,15.27000046,283.6683514,ok,2017-01-02,1,6.24,141.4201057,133.1428528,-36.5474334,25.91389568,115.50621,,no_share_count
AKSA,2022,deadline_month_end,2023-03-31,2023-03-31,2023-04-03,2023-04-03,2024-05-31,4.928638935,8.929860115,81.18308589,ok,2017-01-02,1,6.24,71.16235855,386.5155226,-23.69818243,-44.34385142,115.50621,,no_share_count
AKSEN,2022,deadline_month_end,2023-03-31,2023-03-31,2023-04-03,2023-04-03,2024-05-31,26.5602951,45.31079483,70.59597663,ok,2017-01-02,1,6.24,100.0068611,393.9720923,-47.1819026,-15.49934883,115.50621,,no_share_count
ALARK,2022,deadline_month_end,2023-03-31,2023-03-31,2023-04-03,2023-04-03,2024-05-31,63.09388733,116.8353882,85.1770324,ok,2017-01-02,1,6.24,172.9710518,557.2202958,-28.46110771,57.4648418,115.50621,,no_share_count
ALBRK,2022,deadline_month_end,2023-03-31,2023-03-31,2023-04-03,2023-04-03,2024-05-31,2.66380167,5.658216953,112.4113449,ok,2017-01-02,1,6.24,102.8756697,102.8756697,-24.28197312,-12.63054028,115.50621,,no_share_count
ANHYT,2022,deadline_month_end,2023-03-31,2023-03-31,2023-04-03,2023-04-03,2024-05-31,13.04684258,81.0845871,521.4882002,ok,2017-01-02,1,6.24,32.2621319,94.0819432,-29.59533717,-83.24407807,115.50621,,no_share_count
ARCLK,2022,deadline_month_end,2023-03-31,2023-03-31,2023-04-03,2023-04-03,2024-05-31,115.0110779,181,57.3761444,ok,2017-01-02,1,6.24,93.71900438,264.2584354,-17.34837762,-21.78720559,115.50621,7.919534356e+10,ok
ASELS,2022,deadline_month_end,2023-03-31,2023-03-31,2023-04-03,2023-04-03,2024-05-31,25.40284538,58.47973251,130.2093786,ok,2017-01-02,1,6.24,116.2635755,252.522092,-24.81910099,0.7573655349,115.50621,1.184460017e+11,ok
ASTOR,2022,deadline_month_end,2023-03-31,2023-03-31,2023-04-03,2023-04-03,2024-05-31,47.42467499,96.14398193,102.72987,ok,2023-01-18,1,0.197,,,-18.56703399,,115.50621,,share_count_disagrees_with_split_history
BERA,2022,deadline_month_end,2023-03-31,2023-03-31,2023-04-03,2023-04-03,2024-05-31,11.61207676,17.64999962,51.99692514,ok,2017-01-02,1,6.24,127.0502756,-5.984098515,-30.59611432,11.54406567,115.50621,,no_share_count
BIMAS,2022,deadline_month_end,2023-03-31,2023-03-31,2023-04-03,2023-04-03,2024-05-31,68.8239212,227.1115875,229.989317,ok,2017-01-02,1,6.24,80.91393647,130.686901,0,-34.5922735,115.50621,9.029063815e+10,ok
BRSAN,2022,deadline_month_end,2023-03-31,2023-03-31,2023-04-03,2023-04-03,2024-05-31,99.30000305,493.75,397.230599,ok,2017-01-02,1,6.24,267.4698776,266.6902208,-1.425855555,151.9636677,115.50621,1.470171265e+10,ok
BTCIM,2022,deadline_month_end,2023-03-31,2023-03-31,2023-04-03,2023-04-03,2024-05-31,1.103224993,4.383870125,297.3686377,ok,2017-01-02,1,6.24,109.4016343,114.7777262,-30.0000279,-6.104575675,115.50621,6173996773,ok
CANTE,2022,deadline_month_end,2023-03-31,2023-03-31,2023-04-03,2023-04-03,2024-05-31,2.352261066,2.232717991,-5.082049661,ok,2021-04-30,1,1.916,90.75850963,,-74.42431339,-24.74770034,115.50621,,share_count_disagrees_with_split_history
CCOLA,2022,deadline_month_end,2023-03-31,2023-03-31,2023-04-03,2023-04-03,2024-05-31,195.7409363,733.5401001,274.7504809,ok,2017-01-02,1,6.24,74.10216379,197.2476567,-3.459709833,-41.40404618,115.50621,,unexplained_jump_after_year_end
CEMTS,2022,deadline_month_end,2023-03-31,2023-03-31,2023-04-03,2023-04-03,2024-05-31,8.295062065,9.471813202,14.18616434,ok,2017-01-02,1,6.24,111.8119675,195.0931519,-32.33106083,-3.694242506,115.50621,,no_share_count
CIMSA,2022,deadline_month_end,2023-03-31,2023-03-31,2023-04-03,2023-04-03,2024-05-31,11.94329548,30.13318062,152.3020608,ok,2017-01-02,1,6.24,174.2077814,380.0435821,-41.04101467,58.7015714,115.50621,1.262364147e+10,ok
DEVA,2022,deadline_month_end,2023-03-31,2023-03-31,2023-04-03,2023-04-03,2024-05-31,36.90967178,91.12619019,146.8897332,ok,2017-01-02,1,6.24,18.80038523,25.4731089,-45.28902057,-96.70582474,115.50621,,no_share_count
DOAS,2022,deadline_month_end,2023-03-31,2023-03-31,2023-04-03,2023-04-03,2024-05-31,69.8221283,218.7438049,213.2872204,ok,2017-01-02,1,6.24,122.0253609,433.5195738,-37.60203678,6.519150888,115.50621,2.690600067e+10,ok
DOHOL,2022,deadline_month_end,2023-03-31,2023-03-31,2023-04-03,2023-04-03,2024-05-31,8.938930511,13.90234566,55.52582761,ok,2017-01-02,1,6.24,195.5363068,210.1112001,-19.69045309,80.03009684,115.50621,,no_share_count
DSTKF,2022,deadline_month_end,2023-03-31,,,,,,,,not_listed_at_prediction,2025-02-06,0,0,,,,,115.50621,,share_count_disagrees_with_split_history
EGEEN,2022,deadline_month_end,2023-03-31,2023-03-31,2023-04-03,2023-04-03,2024-05-31,4294.719238,12796.45703,197.9579414,ok,2017-01-02,1,6.24,153.329152,200.3758771,-35.32435768,37.82294208,115.50621,,no_share_count
EKGYO,2022,deadline_month_end,2023-03-31,2023-03-31,2023-04-03,2023-04-03,2024-05-31,5.703279972,8.376776695,46.87647698,ok,2017-01-02,1,6.24,173.0404009,239.9711118,-34.8421124,57.53419094,115.50621,,no_share_count
ENJSA,2022,deadline_month_end,2023-03-31,2023-03-31,2023-04-03,2023-04-03,2024-05-31,23.03716087,55.29039383,140.0052425,ok,2018-02-08,1,5.139,81.71582423,173.8244748,-27.24375831,-33.79038574,115.50621,,no_share_count
ENKAI,2022,deadline_month_end,2023-03-31,2023-03-31,2023-04-03,2023-04-03,2024-05-31,26.40001488,38.30875778,45.10884922,ok,2017-01-02,1,6.24,101.415196,333.5369664,-16.38126053,-14.091014,115.50621,,share_count_disagrees_with_split_history
EREGL,2022,deadline_month_end,2023-03-31,2023-03-31,2023-04-03,2023-04-03,2024-05-31,17.04144669,23.42702293,37.47085776,ok,2017-01-02,1,6.24,9.124550155,164.4109541,-29.00119843,-106.3816598,115.50621,1.239000053e+11,ok
FROTO,2022,deadline_month_end,2023-03-31,2023-03-31,2023-04-03,2023-04-03,2024-05-31,47.92721176,96.16732788,100.6528741,ok,2017-01-02,1,6.24,103.0681207,232.7466761,-4.318624727,-12.43808926,115.50621,2.052472649e+11,ok
GARAN,2022,deadline_month_end,2023-03-31,2023-03-31,2023-04-03,2023-04-03,2024-05-31,23.17547607,99.9184494,331.1387135,ok,2017-01-02,1,6.24,133.1606264,334.3727105,-11.89121133,17.65441641,115.50621,,no_share_count
GUBRF,2022,deadline_month_end,2023-03-31,2023-03-31,2023-04-03,2023-04-03,2024-05-31,204,152.3000031,-25.34313576,ok,2017-01-02,1,6.24,148.7468577,171.5458333,-46.39481325,33.24064769,115.50621,6.6299e+10,ok
HALKB,2022,deadline_month_end,2023-03-31,2023-03-31,2023-04-03,2023-04-03,2024-05-31,11.34000015,17.63999939,55.55554808,ok,2017-01-02,1,6.24,133.6152251,155.7870313,-29.43805684,18.10901511,115.50621,,no_share_count
HEKTS,2022,deadline_month_end,2023-03-31,2023-03-31,2023-04-03,2023-04-03,2024-05-31,26.81999969,14.60000038,-45.56301064,ok,2017-01-02,1,6.24,,,,,115.50621,,share_count_disagrees_with_split_history
ISCTR,2022,deadline_month_end,2023-03-31,2023-03-31,2023-04-03,2023-04-03,2024-05-31,4.491191387,15.22500038,238.9969179,ok,2017-01-02,1,6.24,226.4059678,538.5905864,-11.88858155,110.8997578,115.50621,,no_share_count
ISGYO,2022,deadline_month_end,2023-03-31,2023-03-31,2023-04-03,2023-04-03,2024-05-31,8.972596169,16.57092094,84.68368166,ok,2017-01-02,1,6.24,-19.14514356,360.9136988,-55.96508526,-134.6513535,115.50621,,no_share_count
KCHOL,2022,deadline_month_end,2023-03-31,2023-03-31,2023-04-03,2023-04-03,2024-05-31,69.17556,219.3765717,217.1301709,ok,2017-01-02,1,6.24,101.7976494,325.7852041,-12.6043145,-13.70856053,115.50621,,no_share_count
KONTR,2022,deadline_month_end,2023-03-31,2023-03-31,2023-04-03,2023-04-03,2024-05-31,39.50403595,58.73435211,48.67937085,ok,2020-10-19,1,2.445,445.2739783,935.1493212,-34.13729167,329.7677684,115.50621,,share_count_disagrees_with_split_history
KRDMD,2022,deadline_month_end,2023-03-31,2023-03-31,2023-04-03,2023-04-03,2024-05-31,18.47385597,29.07999992,57.41164144,ok,2017-01-02,1,6.24,32.53871069,186.4183824,-24.32217366,-82.96749928,115.50621,2.163719948e+10,ok
KRVGD,2022,deadline_month_end,2023-03-31,2023-03-31,2023-04-03,2023-04-03,2024-05-31,1.828369498,3.045914412,66.59184123,ok,2020-12-04,1,2.319,86.96856151,3.849862763,-40.59999641,-28.53764846,115.50621,,no_share_count
KUYAS,2022,deadline_month_end,2023-03-31,2023-03-31,2023-04-03,2023-04-03,2024-05-31,6.289999962,12.14999962,93.16374709,ok,2017-01-02,1,6.24,339.85891,1065.420529,-14.93860575,224.3527001,115.50621,2494000053,ok
LOGO,2022,deadline_month_end,2023-03-31,2023-03-31,2023-04-03,2023-04-03,2024-05-31,54.3599205,78.30558014,44.05021092,ok,2017-01-02,1,6.24,47.63525405,74.71128264,-7.172986193,-67.87095592,115.50621,,no_share_count
MAVI,2022,deadline_month_end,2023-03-31,2023-03-31,2023-04-03,2023-04-03,2024-05-31,11.38834953,44.31044388,289.0857385,ok,2017-06-15,1,5.791,178.5791558,367.3819627,-22.79411519,63.07294587,115.50621,1.042797e+10,ok
MGROS,2022,deadline_month_end,2023-03-31,2023-03-31,2023-04-03,2023-04-03,2024-05-31,157.3461761,459.2270508,191.8577763,ok,2017-01-02,1,6.24,266.6812929,378.5715016,-5.793021836,151.1750829,115.50621,3.032658403e+10,ok
MIATK,2022,deadline_month_end,2023-03-31,2023-03-31,2023-04-03,2023-04-03,2024-05-31,7.584615231,49.84000015,557.1196908,ok,2021-11-22,1,1.352,189.6551773,,-40.70588357,74.14896736,115.50621,3830400007,ok
MPARK,2022,deadline_month_end,2023-03-31,2023-03-31,2023-04-03,2023-04-03,2024-05-31,66.80000305,270.25,304.5658498,ok,2018-02-13,1,5.125,134.3234382,243.9922582,-22.82608696,18.81722827,115.50621,,no_share_count
NETAS,2022,deadline_month_end,2023-03-31,2023-03-31,2023-04-03,2023-04-03,2024-05-31,29.13999939,74,153.9464707,ok,2017-01-02,1,6.24,56.8975782,-7.01754386,-39.66302116,-58.60863177,115.50621,,no_share_count
NTGAZ,2022,deadline_month_end,2023-03-31,2023-03-31,2023-04-03,2023-04-03,2024-05-31,4.245280743,4.821045399,13.56246361,ok,2021-04-01,1,1.996,396.0545576,,-39.50953715,280.5483476,115.50621,,no_share_count
ODAS,2022,deadline_month_end,2023-03-31,2023-03-31,2023-04-03,2023-04-03,2024-05-31,6.099999905,8.699999809,42.62294992,ok,2017-01-02,1,6.24,263.3135893,136.0533475,-50.16233751,147.8073793,115.50621,,no_share_count
OTKAR,2022,deadline_month_end,2023-03-31,2023-03-31,2023-04-03,2023-04-03,2024-05-31,185.9178009,609.5,227.8330515,ok,2017-01-02,1,6.24,114.8442994,165.0638035,-14.82409977,-0.6619105453,115.50621,,no_share_count
OYAKC,2022,deadline_month_end,2023-03-31,2023-03-31,2023-04-03,2023-04-03,2024-05-31,7.877675056,14.83792019,88.35405221,ok,2017-01-02,1,6.24,253.6137726,359.1036752,-35.59921936,138.1075626,115.50621,4.086283684e+10,ok
PASEU,2022,deadline_month_end,2023-03-31,,,,,,,,not_listed_at_prediction,2024-03-21,0,0,,,,,115.50621,,no_quote_at_reference_date
PETKM,2022,deadline_month_end,2023-03-31,2023-03-31,2023-04-03,2023-04-03,2024-05-31,14.46000004,20.37999916,40.94051941,ok,2017-01-02,1,6.24,53.48837283,141.0434723,-32.32421891,-62.01783714,115.50621,3.512678313e+10,ok
PGSUS,2022,deadline_month_end,2023-03-31,2023-03-31,2023-04-03,2023-04-03,2024-05-31,93.42008972,201.8000031,116.0134974,ok,2017-01-02,1,6.24,320.6128121,528.2940372,-17.51638847,205.1066021,115.50621,4.634176606e+10,ok
PRKME,2022,deadline_month_end,2023-03-31,2023-03-31,2023-04-03,2023-04-03,2024-05-31,13.85734653,22.70010567,63.81278775,ok,2017-01-02,1,6.24,146.263915,196.7433116,-44.67856955,30.75770508,115.50621,,no_share_count
RGYAS,2022,deadline_month_end,2023-03-31,,,,,,,,not_listed_at_prediction,2024-05-02,0,0,,,,,115.50621,,no_share_count
SAHOL,2022,deadline_month_end,2023-03-31,2023-03-31,2023-04-03,2023-04-03,2024-05-31,35.00623322,92.72312927,164.8760542,ok,2017-01-02,1,6.24,135.4762004,399.454426,-15.14370451,19.9699904,115.50621,,no_share_count
SASA,2022,deadline_month_end,2023-03-31,2023-03-31,2023-04-03,2023-04-03,2024-05-31,5.549172878,5.497499943,-0.9311826577,ok,2017-01-02,1,6.24,237.195675,500.5299897,-46.10843048,121.689465,115.50621,2.248959634e+11,ok
SELEC,2022,deadline_month_end,2023-03-31,2023-03-31,2023-04-03,2023-04-03,2024-05-31,30.26842308,48.21220016,59.28216689,ok,2017-01-02,1,6.24,172.4081975,219.501752,-29.15737789,56.90198749,115.50621,,no_share_count
SISE,2022,deadline_month_end,2023-03-31,2023-03-31,2023-04-03,2023-04-03,2024-05-31,40.20129776,48.08751297,19.61681749,ok,2017-01-02,1,6.24,183.7357843,505.2635674,-15.61316661,68.22957436,115.50621,1.296352179e+11,ok
SKBNK,2022,deadline_month_end,2023-03-31,2023-03-31,2023-04-03,2023-04-03,2024-05-31,2.462789297,5.037312508,104.5368848,ok,2017-01-02,1,6.24,154.4554485,115.966401,-51.04762211,38.94923856,115.50621,,no_share_count
SMRTG,2022,deadline_month_end,2023-03-31,2023-03-31,2023-04-03,2023-04-03,2024-05-31,11.54040432,16.73333359,44.99781051,ok,2022-03-24,1,1.018,821.9258416,,-49.96468685,706.4196317,115.50621,,no_share_count
SOKM,2022,deadline_month_end,2023-03-31,2023-03-31,2023-04-03,2023-04-03,2024-05-31,26.89507294,55.989254,108.1766208,ok,2018-05-18,1,4.868,132.0256196,149.6129186,-6.516131216,16.51940958,115.50621,,no_share_count
TAVHL,2022,deadline_month_end,2023-03-31,2023-03-31,2023-04-03,2023-04-03,2024-05-31,76.39034271,237.5601349,210.9818944,ok,2017-01-02,1,6.24,81.48330112,262.2549014,-23.22077739,-34.02290885,115.50621,2.684648493e+10,ok
TBORG,2022,deadline_month_end,2023-03-31,2023-03-31,2023-04-03,2023-04-03,2024-05-31,29.51462364,78.56098175,166.1764646,ok,2017-01-02,1,6.24,91.3263348,119.8852046,-12.24987556,-24.17987517,115.50621,,no_share_count
TCELL,2022,deadline_month_end,2023-03-31,2023-03-31,2023-04-03,2023-04-03,2024-05-31,30.11250877,92.8561554,208.3640626,ok,2017-01-02,1,6.24,46.59482671,138.242935,-23.74821263,-68.91138326,115.50621,7.035599899e+10,ok
THYAO,2022,deadline_month_end,2023-03-31,2023-03-31,2023-04-03,2023-04-03,2024-05-31,118.0076141,295.751709,150.6208698,ok,2017-01-02,1,6.24,267.3279685,829.4117188,-23.35058219,151.8217586,115.50621,1.6353e+11,ok
TOASO,2022,deadline_month_end,2023-03-31,2023-03-31,2023-04-03,2023-04-03,2024-05-31,152.4736633,269.4718323,76.7333626,ok,2017-01-02,1,6.24,147.9496451,533.5707808,-4.72419429,32.44343513,115.50621,9.334999847e+10,ok
TRALT,2022,deadline_month_end,2023-03-31,2023-03-31,2023-04-03,2023-04-03,2024-05-31,20.92810631,20.87999916,-0.2298686107,ok,2017-01-02,1,6.24,249.360111,320.7000371,-31.5733876,133.853901,115.50621,6.917400122e+10,ok
TRMET,2022,deadline_month_end,2023-03-31,2023-03-31,2023-04-03,2023-04-03,2024-05-31,35.84000015,49.61999893,38.44865714,ok,2017-01-02,1,6.24,41.68599584,162.652329,-40.85553037,-73.82021413,115.50621,1.421925096e+10,ok
TSKB,2022,deadline_month_end,2023-03-31,2023-03-31,2023-04-03,2023-04-03,2024-05-31,3.844816208,10.54223728,174.19353,ok,2017-01-02,1,6.24,182.0689776,202.9629759,-43.11543508,66.56276761,115.50621,1.145200043e+10,ok
TTKOM,2022,deadline_month_end,2023-03-31,2023-03-31,2023-04-03,2023-04-03,2024-05-31,16.90999985,46.11999893,172.738021,ok,2017-01-02,1,6.24,80.28795614,199.5507029,-36.97956256,-35.21825383,115.50621,5.827499866e+10,ok
TUPRS,2022,deadline_month_end,2023-03-31,2023-03-31,2023-04-03,2023-04-03,2024-05-31,54.95553207,140.927475,156.4391057,ok,2017-01-02,1,6.24,166.1637248,534.0610881,-11.64963215,50.65751481,115.50621,1.459134735e+11,ok
TURSG,2022,deadline_month_end,2023-03-31,2023-03-31,2023-04-03,2023-04-03,2024-05-31,0.5489502549,4.14603138,655.2654075,ok,2017-01-02,1,6.24,100.6837734,88.15778365,-27.66885193,-14.82243656,115.50621,1.15687599e+10,ok
ULKER,2022,deadline_month_end,2023-03-31,2023-03-31,2023-04-03,2023-04-03,2024-05-31,27.02025604,120.138916,344.6253797,ok,2017-01-02,1,6.24,103.261578,53.40958436,-34.28932538,-12.24463197,115.50621,1.065671995e+10,ok
ULUSE,2022,deadline_month_end,2023-03-31,2023-03-31,2023-04-03,2023-04-03,2024-05-31,123.4000015,180,45.86709706,ok,2017-01-02,1,6.24,13.76874706,125.9421483,-65.0866767,-101.7374629,115.50621,,no_share_count
VAKBN,2022,deadline_month_end,2023-03-31,2023-03-31,2023-04-03,2023-04-03,2024-05-31,9.010000229,22.13999939,145.726957,ok,2017-01-02,1,6.24,150,158.6705119,-37.14887673,34.49379003,115.50621,,no_share_count
VESTL,2022,deadline_month_end,2023-03-31,2023-03-31,2023-04-03,2023-04-03,2024-05-31,46.54000092,83.69999695,79.84528428,ok,2017-01-02,1,6.24,83.41085695,60.24416699,-39.71974561,-32.09535302,115.50621,,no_share_count
YKBNK,2022,deadline_month_end,2023-03-31,2023-03-31,2023-04-03,2023-04-03,2024-05-31,9.26759243,32.31999969,248.7421349,ok,2017-01-02,1,6.24,161.8426795,399.0256324,-18.88867307,46.33646955,115.50621,,no_share_count
ZOREN,2022,deadline_month_end,2023-03-31,2023-03-31,2023-04-03,2023-04-03,2024-05-31,2.609641075,5.619999886,115.3552816,ok,2017-01-02,1,6.24,133.513635,104.8348461,-50.79726995,18.00742504,115.50621,,no_share_count
AEFES,2023,deadline_month_end,2024-05-31,2024-05-31,2024-06-03,2024-06-03,2025-03-28,21.04543877,16.43314362,-21.91588972,ok,2017-01-02,1,7.409,246.1256985,631.7307781,-3.585280004,136.4297225,109.6959759,1.178289451e+11,ok
AGESA,2023,deadline_month_end,2024-05-31,2024-05-31,2024-06-03,2024-06-03,2025-03-28,97.5174942,123.8719101,27.02532106,ok,2017-01-02,1,7.409,245.9959152,426.5385787,0,136.2999393,109.6959759,,no_share_count
AGHOL,2023,deadline_month_end,2024-05-31,2024-05-31,2024-06-03,2024-06-03,2025-03-28,35.0614624,28.95635414,-17.41258876,ok,2017-01-02,1,7.409,233.7747591,746.1003515,-10.46147832,124.0787832,109.6959759,,no_share_count
AKBNK,2023,deadline_month_end,2024-05-31,2024-05-31,2024-06-03,2024-06-03,2025-03-28,63.3131218,50.62737274,-20.03652433,ok,2017-01-02,1,7.409,324.0408378,802.7506836,-4.871058074,214.3448619,109.6959759,,no_share_count
AKENR,2023,deadline_month_end,2024-05-31,2024-05-31,2024-06-03,2024-06-03,2025-03-28,15.15999985,10.13000011,-33.1794181,ok,2017-01-02,1,7.409,241.6107645,898.0392643,-44.79392429,131.9147886,109.6959759,,no_share_count
AKSA,2023,deadline_month_end,2024-05-31,2024-05-31,2024-06-03,2024-06-03,2025-03-28,8.94493103,10.10091496,12.92334084,ok,2017-01-02,1,7.409,90.65418258,108.7639675,-6.912797949,-19.04179332,109.6959759,,no_share_count
AKSEN,2023,deadline_month_end,2024-05-31,2024-05-31,2024-06-03,2024-06-03,2025-03-28,45.01909637,35.15999985,-21.89980991,ok,2017-01-02,1,7.409,38.0331855,110.8796618,-9.572873643,-71.6627904,109.6959759,,no_share_count
ALARK,2023,deadline_month_end,2024-05-31,2024-05-31,2024-06-03,2024-06-03,2025-03-28,117.6136398,97.96272278,-16.7080256,ok,2017-01-02,1,7.409,81.67664747,298.470943,-15.916827,-28.01932843,109.6959759,,no_share_count
ALBRK,2023,deadline_month_end,2024-05-31,2024-05-31,2024-06-03,2024-06-03,2025-03-28,5.648771286,5.762124062,2.006680211,ok,2017-01-02,1,7.409,132.1705379,350.3759177,-7.846155077,22.47456195,109.6959759,,no_share_count
ANHYT,2023,deadline_month_end,2024-05-31,2024-05-31,2024-06-03,2024-06-03,2025-03-28,85.4913559,81.97924042,-4.108152739,ok,2017-01-02,1,7.409,469.8804773,699.8013275,0,360.1845014,109.6959759,,no_share_count
ARCLK,2023,deadline_month_end,2024-05-31,2024-05-31,2024-06-03,2024-06-03,2025-03-28,176.3000031,137.1000061,-22.23482488,ok,2017-01-02,1,7.409,82.66873081,137.1282532,-7.179487179,-27.02724509,109.6959759,1.223068051e+11,ok
ASELS,2023,deadline_month_end,2024-05-31,2024-05-31,2024-06-03,2024-06-03,2025-03-28,60.22465134,119.7474289,98.83457394,ok,2017-01-02,1,7.409,146.3771293,374.3015357,-11.80451489,36.68115339,109.6959759,2.67444007e+11,ok
ASTOR,2023,deadline_month_end,2024-05-31,2024-05-31,2024-06-03,2024-06-03,2025-03-28,95.85204315,112.0717621,16.92162045,ok,2023-01-18,1,1.366,78.98551594,,-31.8150367,-30.71045996,109.6959759,9.860240305e+10,ok
BERA,2023,deadline_month_end,2024-05-31,2024-05-31,2024-06-03,2024-06-03,2025-03-28,17.53000069,16.42000008,-6.332005516,ok,2017-01-02,1,7.409,63.80796284,249.6048535,-17.90697852,-45.88801307,109.6959759,,no_share_count
BIMAS,2023,deadline_month_end,2024-05-31,2024-05-31,2024-06-03,2024-06-03,2025-03-28,235.0368347,221.084259,-5.936335766,ok,2017-01-02,1,7.409,241.2337133,495.9406805,-1.487947815,131.5377374,109.6959759,2.91456e+11,ok
BRSAN,2023,deadline_month_end,2024-05-31,2024-05-31,2024-06-03,2024-06-03,2025-03-28,497,371.25,-25.30181087,ok,2017-01-02,1,7.409,147.9909517,1542.548266,-50.29696116,38.29497581,109.6959759,6.999971875e+10,ok
BTCIM,2023,deadline_month_end,2024-05-31,2024-05-31,2024-06-03,2024-06-03,2025-03-28,4.383870125,4.369999886,-0.3163925678,ok,2017-01-02,1,7.409,267.2973568,517.7275355,-27.28733307,157.6013809,109.6959759,2.44619953e+10,ok
CANTE,2023,deadline_month_end,2024-05-31,2024-05-31,2024-06-03,2024-06-03,2025-03-28,2.21529603,1.580000043,-28.67770169,ok,2021-04-30,1,3.086,-22.65551306,10.12693641,-75.65751016,-132.351489,109.6959759,,share_count_disagrees_with_split_history
CCOLA,2023,deadline_month_end,2024-05-31,2024-05-31,2024-06-03,2024-06-03,2025-03-28,770.6265259,51.48748016,-93.3187506,unexplained_jump_in_window,2017-01-02,1,7.409,230.238318,489.6383686,-3.459143696,120.5423421,109.6959759,,unexplained_jump_after_year_end
CEMTS,2023,deadline_month_end,2024-05-31,2024-05-31,2024-06-03,2024-06-03,2025-03-28,9.395658493,9.329021454,-0.7092322399,ok,2017-01-02,1,7.409,11.94561823,86.46765101,-32.12448933,-97.75035768,109.6959759,,no_share_count
CIMSA,2023,deadline_month_end,2024-05-31,2024-05-31,2024-06-03,2024-06-03,2025-03-28,30.19154167,50.09228134,65.91495024,ok,2017-01-02,1,7.409,100.0394926,537.3988132,-31.21147577,-9.656483261,109.6959759,2.929441166e+10,ok
DEVA,2023,deadline_month_end,2024-05-31,2024-05-31,2024-06-03,2024-06-03,2025-03-28,96.65955353,59.90000153,-38.02992116,ok,2017-01-02,1,7.409,106.1344192,170.7916582,-11.00291064,-3.561556728,109.6959759,,no_share_count
DOAS,2023,deadline_month_end,2024-05-31,2024-05-31,2024-06-03,2024-06-03,2025-03-28,207.1929779,172.6063995,-16.69292981,ok,2017-01-02,1,7.409,152.436439,458.7105643,-15.28819552,42.74046306,109.6959759,6.666e+10,ok
DOHOL,2023,deadline_month_end,2024-05-31,2024-05-31,2024-06-03,2024-06-03,2025-03-28,14.30460167,15.65721416,9.455785814,ok,2017-01-02,1,7.409,68.16230884,281.5698433,-10.88050041,-41.53366707,109.6959759,,no_share_count
DSTKF,2023,deadline_month_end,2024-05-31,,,,,,,,not_listed_at_prediction,2025-02-06,0,0,,,,,109.6959759,,share_count_disagrees_with_split_history
EGEEN,2023,deadline_month_end,2024-05-31,2024-05-31,2024-06-03,2024-06-03,2025-03-28,12617.48535,9390,-25.57946581,ok,2017-01-02,1,7.409,174.4019093,662.1478072,-25.89581394,64.70593341,109.6959759,,no_share_count
EKGYO,2023,deadline_month_end,2024-05-31,2024-05-31,2024-06-03,2024-06-03,2025-03-28,8.443033218,12.23861217,44.95515839,ok,2017-01-02,1,7.409,22.23758132,225.6371867,-23.9036942,-87.45839458,109.6959759,,no_share_count
ENJSA,2023,deadline_month_end,2024-05-31,2024-05-31,2024-06-03,2024-06-03,2025-03-28,55.9306488,52.3177948,-6.459524574,ok,2018-02-08,1,6.308,106.8056601,355.8163897,-13.51931615,-2.890315835,109.6959759,,no_share_count
ENKAI,2023,deadline_month_end,2024-05-31,2024-05-31,2024-06-03,2024-06-03,2025-03-28,38.76942062,58.64243698,51.25951339,ok,2017-01-02,1,7.409,67.86965543,193.7477966,0,-41.82632047,109.6959759,2.328480103e+11,ok
EREGL,2023,deadline_month_end,2024-05-31,2024-05-31,2024-06-03,2024-06-03,2025-03-28,24.23822212,22.00987053,-9.193543907,ok,2017-01-02,1,7.409,45.63989443,41.72665839,-2.994741935,-64.05608147,109.6959759,1.677899952e+11,ok
FROTO,2023,deadline_month_end,2024-05-31,2024-05-31,2024-06-03,2024-06-03,2025-03-28,95.02351379,94.49995422,-0.5509789624,ok,2017-01-02,1,7.409,100.3106323,298.0135704,-10.55645572,-9.385343587,109.6959759,3.835446407e+11,ok
GARAN,2023,deadline_month_end,2024-05-31,2024-05-31,2024-06-03,2024-06-03,2025-03-28,100.6599579,113.4167175,12.67312237,ok,2017-01-02,1,7.409,315.3167773,707.2018505,0,205.6208014,109.6959759,,no_share_count
GUBRF,2023,deadline_month_end,2024-05-31,2024-05-31,2024-06-03,2024-06-03,2025-03-28,153.8000031,263,71.001297,ok,2017-01-02,1,7.409,-41.44559805,100.3947409,-61.29606022,-151.141574,109.6959759,5.086820102e+10,ok
HALKB,2023,deadline_month_end,2024-05-31,2024-05-31,2024-06-03,2024-06-03,2025-03-28,18.46999931,21.28000069,15.21386831,ok,2017-01-02,1,7.409,36.6382618,203.0927641,-8.12500683,-73.05771411,109.6959759,,no_share_count
HEKTS,2023,deadline_month_end,2024-05-31,2024-05-31,2024-06-03,2024-06-03,2025-03-28,14.85999966,3.299999952,-77.79273197,unexplained_jump_in_window,2017-01-02,1,7.409,-47.74516785,,,-157.4411438,109.6959759,,share_count_disagrees_with_split_history
ISCTR,2023,deadline_month_end,2024-05-31,2024-05-31,2024-06-03,2024-06-03,2025-03-28,15.59357643,11.75775814,-24.59870773,ok,2017-01-02,1,7.409,262.4887904,825.6991203,0,152.7928145,109.6959759,,no_share_count
ISGYO,2023,deadline_month_end,2024-05-31,2024-05-31,2024-06-03,2024-06-03,2025-03-28,16.82984161,16.2124176,-3.668626392,ok,2017-01-02,1,7.409,81.06637597,14.28570865,-31.52263415,-28.62959993,109.6959759,,no_share_count
KCHOL,2023,deadline_month_end,2024-05-31,2024-05-31,2024-06-03,2024-06-03,2025-03-28,213.8507233,150.6717377,-29.54349868,ok,2017-01-02,1,7.409,207.2814177,515.3778954,-9.687203247,97.58544184,109.6959759,,no_share_count
KONTR,2023,deadline_month_end,2024-05-31,2024-05-31,2024-06-03,2024-06-03,2025-03-28,61.07793808,29.3380909,-51.96614061,ok,2020-10-19,1,3.614,40.25969554,616.590048,-39.69102184,-69.43628037,109.6959759,,share_count_disagrees_with_split_history
KRDMD,2023,deadline_month_end,2024-05-31,2024-05-31,2024-06-03,2024-06-03,2025-03-28,30.47999954,29.31999969,-3.805773835,ok,2017-01-02,1,7.409,64.00342845,107.830616,-10.40614858,-45.69254746,109.6959759,3.315119991e+10,ok
KRVGD,2023,deadline_month_end,2024-05-31,2024-05-31,2024-06-03,2024-06-03,2025-03-28,3.107944727,2.064259052,-33.58121738,ok,2020-12-04,1,3.488,93.1077614,199.5266372,-12.85190872,-16.5882145,109.6959759,,no_share_count
KUYAS,2023,deadline_month_end,2024-05-31,2024-05-31,2024-06-03,2024-06-03,2025-03-28,12.75,38,198.0392157,ok,2017-01-02,1,7.409,66.2106664,585.4724602,-46.1794055,-43.48530951,109.6959759,4859999847,ok
LOGO,2023,deadline_month_end,2024-05-31,2024-05-31,2024-06-03,2024-06-03,2025-03-28,77.77228546,113.4179306,45.83335173,ok,2017-01-02,1,7.409,60.76643138,119.4951278,-23.72294991,-48.92954453,109.6959759,,no_share_count
MAVI,2023,deadline_month_end,2024-05-31,2024-05-31,2024-06-03,2024-06-03,2025-03-28,44.77467346,32.14770508,-28.20114008,ok,2017-06-15,1,6.96,251.7161264,918.2892394,-4.166673198,142.0201505,109.6959759,3.791808399e+10,ok
MGROS,2023,deadline_month_end,2024-05-31,2024-05-31,2024-06-03,2024-06-03,2025-03-28,473.9629211,481.6130066,1.614068339,ok,2017-01-02,1,7.409,173.0122007,965.1095783,-4.943335043,63.31622477,109.6959759,8.604602423e+10,ok
MIATK,2023,deadline_month_end,2024-05-31,2024-05-31,2024-06-03,2024-06-03,2025-03-28,47.88000107,45.91999817,-4.093573215,ok,2021-11-22,1,2.522,494.4220514,1949.083444,-38.50709651,384.7260755,109.6959759,2.462096008e+10,ok
MPARK,2023,deadline_month_end,2024-05-31,2024-05-31,2024-06-03,2024-06-03,2025-03-28,272.75,317,16.22364803,ok,2018-02-13,1,6.294,309.469697,642.4450238,-10.21594684,199.7737211,109.6959759,,no_share_count
NETAS,2023,deadline_month_end,2024-05-31,2024-05-31,2024-06-03,2024-06-03,2025-03-28,71.25,54.04999924,-24.14035195,ok,2017-01-02,1,7.409,197.4276628,344.9789762,-28.70905797,87.73168686,109.6959759,,no_share_count
NTGAZ,2023,deadline_month_end,2024-05-31,2024-05-31,2024-06-03,2024-06-03,2025-03-28,4.725320339,6.370045185,34.80663167,ok,2021-04-01,1,3.165,58.02187901,430.4727076,-29.0776229,-51.6740969,109.6959759,,no_share_count
ODAS,2023,deadline_month_end,2024-05-31,2024-05-31,2024-06-03,2024-06-03,2025-03-28,8.619999886,5.070000172,-41.18329189,ok,2017-01-02,1,7.409,27.19297683,210.7142842,-37.5896695,-82.50299908,109.6959759,,no_share_count
OTKAR,2023,deadline_month_end,2024-05-31,2024-05-31,2024-06-03,2024-06-03,2025-03-28,616.5,493.75,-19.9107867,ok,2017-01-02,1,7.409,255.1524555,614.5759538,-3.483768804,145.4564796,109.6959759,,no_share_count
OYAKC,2023,deadline_month_end,2024-05-31,2024-05-31,2024-06-03,2024-06-03,2025-03-28,14.70336437,29.04367065,97.5307822,ok,2017-01-02,1,7.409,42.9750153,397.131134,-27.23455535,-66.7209606,109.6959759,7.560497973e+10,ok
PASEU,2023,deadline_month_end,2024-05-31,2024-05-31,2024-06-03,2024-06-03,2025-03-28,14.08749962,38.81999969,175.5634481,ok,2024-03-21,1,0.194,,,-15.5311333,,109.6959759,9685200256,ok
PETKM,2023,deadline_month_end,2024-05-31,2024-05-31,2024-06-03,2024-06-03,2025-03-28,21.34000015,17.06999969,-20.00937407,ok,2017-01-02,1,7.409,43.9265493,101.9821492,-19.88994209,-65.76942661,109.6959759,5.165106987e+10,ok
PGSUS,2023,deadline_month_end,2024-05-31,2024-05-31,2024-06-03,2024-06-03,2025-03-28,210.3999939,257.75,22.50475641,ok,2017-01-02,1,7.409,112.7518575,597.0442399,-7.431191261,3.055881547,109.6959759,1.009000009e+11,ok
PRKME,2023,deadline_month_end,2024-05-31,2024-05-31,2024-06-03,2024-06-03,2025-03-28,22.11221504,18.22999954,-17.55688199,ok,2017-01-02,1,7.409,59.38825911,316.5525248,-26.01530247,-50.3077168,109.6959759,,no_share_count
RGYAS,2023,deadline_month_end,2024-05-31,2024-05-31,2024-06-03,2024-06-03,2025-03-28,111.7072525,105.0839081,-5.929198215,ok,2024-05-02,1,0.079,,,-9.411763994,,109.6959759,,no_share_count
SAHOL,2023,deadline_month_end,2024-05-31,2024-05-31,2024-06-03,2024-06-03,2025-03-28,95.47540283,79.76847076,-16.45128651,ok,2017-01-02,1,7.409,156.1364852,408.6158926,-8.176700115,46.44050932,109.6959759,,no_share_count
SASA,2023,deadline_month_end,2024-05-31,2024-05-31,2024-06-03,2024-06-03,2025-03-28,5.71750021,3.74000001,-34.58679716,ok,2017-01-02,1,7.409,-18.5555564,171.5725286,-45.014943,-128.2515323,109.6959759,,share_count_disagrees_with_split_history
SELEC,2023,deadline_month_end,2024-05-31,2024-05-31,2024-06-03,2024-06-03,2025-03-28,47.24320602,64.17087555,35.83090766,ok,2017-01-02,1,7.409,45.34311783,260.4501156,-27.86357082,-64.35285807,109.6959759,,no_share_count
SISE,2023,deadline_month_end,2024-05-31,2024-05-31,2024-06-03,2024-06-03,2025-03-28,47.40967941,37.35836411,-21.20097717,ok,2017-01-02,1,7.409,23.01950535,144.1415654,-11.06081011,-86.67647056,109.6959759,1.521192096e+11,ok
SKBNK,2023,deadline_month_end,2024-05-31,2024-05-31,2024-06-03,2024-06-03,2025-03-28,5.08660078,4.643002033,-8.720927126,ok,2017-01-02,1,7.409,114.1493733,307.4882255,-32.09210626,4.453397397,109.6959759,,no_share_count
SMRTG,2023,deadline_month_end,2024-05-31,2024-05-31,2024-06-03,2024-06-03,2025-03-28,17.10000038,10.74666595,-37.15400167,ok,2022-03-24,1,2.188,24.08989378,769.6064953,-45.13661119,-85.60608212,109.6959759,,no_share_count
SOKM,2023,deadline_month_end,2024-05-31,2024-05-31,2024-06-03,2024-06-03,2025-03-28,57.47146225,36.61999893,-36.28142125,ok,2018-05-18,1,6.037,112.6696496,322.301166,-19.9589871,2.973673717,109.6959759,,no_share_count
TAVHL,2023,deadline_month_end,2024-05-31,2024-05-31,2024-06-03,2024-06-03,2025-03-28,247.7257843,238.8431702,-3.585663947,ok,2017-01-02,1,7.409,210.5806343,422.5792024,-1.352461309,100.8846584,109.6959759,8.744179577e+10,ok
TBORG,2023,deadline_month_end,2024-05-31,2024-05-31,2024-06-03,2024-06-03,2025-03-28,78.1269455,150.0252075,92.02748369,ok,2017-01-02,1,7.409,192.1239491,428.1384804,-7.653056603,82.42797318,109.6959759,,no_share_count
TCELL,2023,deadline_month_end,2024-05-31,2024-05-31,2024-06-03,2024-06-03,2025-03-28,95.65302277,92.10464478,-3.709634979,ok,2017-01-02,1,7.409,200.6914684,440.9285349,0,90.99549251,109.6959759,2.191199966e+11,ok
THYAO,2023,deadline_month_end,2024-05-31,2024-05-31,2024-06-03,2024-06-03,2025-03-28,304.7878723,303.8110046,-0.320507397,ok,2017-01-02,1,7.409,105.9523973,514.5961149,-8.257564412,-3.743578636,109.6959759,4.17795e+11,ok
TOASO,2023,deadline_month_end,2024-05-31,2024-05-31,2024-06-03,2024-06-03,2025-03-28,268.5990601,156.4900513,-41.73842186,ok,2017-01-02,1,7.409,61.2424579,348.2456087,-2.83242336,-48.45351801,109.6959759,1.54375e+11,ok
TRALT,2023,deadline_month_end,2024-05-31,2024-05-31,2024-06-03,2024-06-03,2025-03-28,21.34000015,28.95999908,35.70758612,ok,2017-01-02,1,7.409,-8.57991348,142.6667571,-36.34146449,-118.2758894,109.6959759,6.686819731e+10,ok
TRMET,2023,deadline_month_end,2024-05-31,2024-05-31,2024-06-03,2024-06-03,2025-03-28,50.29999924,86.75,72.46521136,ok,2017-01-02,1,7.409,11.70644074,60.27131912,-31.51138575,-97.98953516,109.6959759,1.925652919e+10,ok
TSKB,2023,deadline_month_end,2024-05-31,2024-05-31,2024-06-03,2024-06-03,2025-03-28,11.21007156,10.49453545,-6.382975465,ok,2017-01-02,1,7.409,166.9082224,380.4347772,-4.24609787,57.21224653,109.6959759,3.094000053e+10,ok
TTKOM,2023,deadline_month_end,2024-05-31,2024-05-31,2024-06-03,2024-06-03,2025-03-28,47.20000076,49.09999847,4.025418815,ok,2017-01-02,1,7.409,182.944792,368.2233213,0,73.24881606,109.6959759,1.614199963e+11,ok
TUPRS,2023,deadline_month_end,2024-05-31,2024-05-31,2024-06-03,2024-06-03,2025-03-28,138.6943207,125.2299881,-9.707919196,ok,2017-01-02,1,7.409,205.6365982,474.0863959,-13.38235446,95.9406223,109.6959759,3.404647763e+11,ok
TURSG,2023,deadline_month_end,2024-05-31,2024-05-31,2024-06-03,2024-06-03,2025-03-28,4.397305012,4.320578098,-1.744862211,ok,2017-01-02,1,7.409,591.5846416,1466.365909,-0.06581167425,481.8886657,109.6959759,8.815962007e+10,ok
ULKER,2023,deadline_month_end,2024-05-31,2024-05-31,2024-06-03,2024-06-03,2025-03-28,127.2680435,106.1447067,-16.59751828,ok,2017-01-02,1,7.409,300.2932767,755.7993985,-4.811706768,190.5973008,109.6959759,4.6683e+10,ok
ULUSE,2023,deadline_month_end,2024-05-31,2024-05-31,2024-06-03,2024-06-03,2025-03-28,174.5,139.8999939,-19.82808373,ok,2017-01-02,1,7.409,38.14274427,13.70814689,-51.24593877,-71.55323164,109.6959759,,no_share_count
VAKBN,2023,deadline_month_end,2024-05-31,2024-05-31,2024-06-03,2024-06-03,2025-03-28,23.63999939,23.95999908,1.353636646,ok,2017-01-02,1,7.409,132.5630076,411.3163921,-4.155848381,22.86703171,109.6959759,,no_share_count
VESTL,2023,deadline_month_end,2024-05-31,2024-05-31,2024-06-03,2024-06-03,2025-03-28,86,48.91999817,-43.1162812,ok,2017-01-02,1,7.409,77.18034288,211.6157671,-18.73786704,-32.51563303,109.6959759,,no_share_count
YKBNK,2023,deadline_month_end,2024-05-31,2024-05-31,2024-06-03,2024-06-03,2025-03-28,32.88000107,24.04000092,-26.88564436,ok,2017-01-02,1,7.409,220.2598974,676.0697387,-14.85774375,110.5639215,109.6959759,,no_share_count
ZOREN,2023,deadline_month_end,2024-05-31,2024-05-31,2024-06-03,2024-06-03,2025-03-28,5.570000172,3.50999999,-36.98384412,ok,2017-01-02,1,7.409,79.53217875,333.7296556,-19.82882023,-30.16379715,109.6959759,,no_share_count
AEFES,2024,deadline_month_end,2025-03-31,2025-03-28,2025-04-02,2025-04-02,2026-03-31,16.7380085,16.64118958,-0.5784375361,ok,2017-01-02,1,8.241,10.53656298,170.8483214,-44.6230311,4.880494596,5.656068384,9.894078403e+10,ok
AGESA,2024,deadline_month_end,2025-03-31,2025-03-28,2025-04-02,2025-04-02,2026-03-31,122.7096939,228.1999969,85.96737526,ok,2017-01-02,1,8.241,79.02896912,443.5068377,-18.02299679,73.37290074,5.656068384,,no_share_count
AGHOL,2024,deadline_month_end,2025-03-31,2025-03-28,2025-04-02,2025-04-02,2026-03-31,28.68665123,27.42000008,-4.415472351,ok,2017-01-02,1,8.241,8.976591322,225.8633282,-36.70953882,3.320522939,5.656068384,,no_share_count
AKBNK,2024,deadline_month_end,2025-03-31,2025-03-28,2025-04-02,2025-04-02,2026-03-31,51.20874023,66,28.88424847,ok,2017-01-02,1,8.241,14.184705,229.0382403,-28.87403094,8.528636619,5.656068384,,no_share_count
AKENR,2024,deadline_month_end,2025-03-31,2025-03-28,2025-04-02,2025-04-02,2026-03-31,10.18000031,9.420000076,-7.465620885,ok,2017-01-02,1,8.241,-20.23621837,148.2843212,-63.37671667,-25.89228676,5.656068384,,no_share_count
AKSA,2024,deadline_month_end,2025-03-31,2025-03-28,2025-04-02,2025-04-02,2026-03-31,9.829627991,10.27559566,4.536974082,ok,2017-01-02,1,8.241,38.78772623,103.0879148,-16.3295899,33.13165785,5.656068384,,no_share_count
AKSEN,2024,deadline_month_end,2025-03-31,2025-03-28,2025-04-02,2025-04-02,2026-03-31,34.40000153,77.09999847,124.1278926,ok,2017-01-02,1,8.241,4.570227711,32.85049002,-29.83089878,-1.085840673,5.656068384,,no_share_count
ALARK,2024,deadline_month_end,2025-03-31,2025-03-28,2025-04-02,2025-04-02,2026-03-31,101.562149,88.40000153,-12.95969773,ok,2017-01-02,1,8.241,-22.26532081,59.81402574,-29.49895837,-27.92138919,5.656068384,,no_share_count
ALBRK,2024,deadline_month_end,2025-03-31,2025-03-28,2025-04-02,2025-04-02,2026-03-31,5.82824707,7.807672501,33.96262043,ok,2017-01-02,1,8.241,39.90824493,110.3447994,-19.84231475,34.25217655,5.656068384,,no_share_count
ANHYT,2024,deadline_month_end,2025-03-31,2025-03-28,2025-04-02,2025-04-02,2026-03-31,84.17219543,108.5,28.9024237,ok,2017-01-02,1,8.241,115.5122666,513.7602183,-33.93814712,109.8561983,5.656068384,,no_share_count
ARCLK,2024,deadline_month_end,2025-03-31,2025-03-28,2025-04-02,2025-04-02,2026-03-31,132.1999969,108.5999985,-17.85173905,ok,2017-01-02,1,8.241,-7.364860741,19.00248873,-29.69230456,-13.02092912,5.656068384,9.264234103e+10,ok
ASELS,2024,deadline_month_end,2025-03-31,2025-03-28,2025-04-02,2025-04-02,2026-03-31,118.1494675,320.25,171.054967,ok,2017-01-02,1,8.241,114.075032,363.2271563,-2.83630323,108.4189636,5.656068384,5.46744007e+11,ok
ASTOR,2024,deadline_month_end,2025-03-31,2025-03-28,2025-04-02,2025-04-02,2026-03-31,108.7174988,195,79.36394986,ok,2023-01-18,1,2.198,20.02898449,120.26286,-20.51911279,14.37291611,5.656068384,1.133727985e+11,ok
BERA,2024,deadline_month_end,2025-03-31,2025-03-28,2025-04-02,2025-04-02,2026-03-31,16.70000076,17.25,3.293408455,ok,2017-01-02,1,8.241,-16.73427663,44.37883607,-23.62790662,-22.39034502,5.656068384,,no_share_count
BIMAS,2024,deadline_month_end,2025-03-31,2025-03-28,2025-04-02,2025-04-02,2026-03-31,215.1742249,337.6876831,56.93686515,ok,2017-01-02,1,8.241,29.43523842,221.2317101,-25.55315238,23.77917004,5.656068384,2.782494e+11,ok
BRSAN,2024,deadline_month_end,2025-03-31,2025-03-28,2025-04-02,2025-04-02,2026-03-31,388.5,516.5,32.94723295,ok,2017-01-02,1,8.241,-41.02462272,258.0038678,-62.62834801,-46.6806911,5.656068384,5.263269992e+10,ok
BTCIM,2024,deadline_month_end,2025-03-31,2025-03-28,2025-04-02,2025-04-02,2026-03-31,4.360000134,5.949999809,36.46788135,ok,2017-01-02,1,8.241,1.021630263,294.9564643,-45.30883957,-4.634438121,5.656068384,2.438459936e+10,ok
CANTE,2024,deadline_month_end,2025-03-31,2025-03-28,2025-04-02,2025-04-02,2026-03-31,1.610000014,1.639999986,1.863352244,ok,2021-04-30,1,3.918,-36.615171,-32.64638307,-82.77385001,-42.27123938,5.656068384,,share_count_disagrees_with_split_history
CCOLA,2024,deadline_month_end,2025-03-31,2025-03-28,2025-04-02,2025-04-02,2026-03-31,51.29482651,69.30192566,35.10509807,ok,2017-01-02,1,8.241,,,,,5.656068384,1.495573034e+11,ok
CEMTS,2024,deadline_month_end,2025-03-31,2025-03-28,2025-04-02,2025-04-02,2026-03-31,10.26192379,10.00144958,-2.538259008,ok,2017-01-02,1,8.241,2.520604338,11.8590242,-33.14774249,-3.135464046,5.656068384,,no_share_count
CIMSA,2024,deadline_month_end,2025-03-31,2025-03-28,2025-04-02,2025-04-02,2026-03-31,46.60069656,47.95972061,2.916317025,ok,2017-01-02,1,8.241,69.12306167,311.5895476,-8.849555434,63.46699328,5.656068384,4.869794134e+10,ok
DEVA,2024,deadline_month_end,2025-03-31,2025-03-28,2025-04-02,2025-04-02,2026-03-31,59.70000076,60.04999924,0.5862620932,ok,2017-01-02,1,8.241,-15.91323715,59.28751255,-41.49952085,-21.56930554,5.656068384,,no_share_count
DOAS,2024,deadline_month_end,2025-03-31,2025-03-28,2025-04-02,2025-04-02,2026-03-31,167.7845459,164.9327545,-1.699674643,ok,2017-01-02,1,8.241,-15.17127787,148.2194069,-33.15559463,-20.82734625,5.656068384,5.040200134e+10,ok
DOHOL,2024,deadline_month_end,2025-03-31,2025-03-28,2025-04-02,2025-04-02,2026-03-31,15.87371826,19.96999931,25.80542872,ok,2017-01-02,1,8.241,21.35858544,75.72018095,-8.140876797,15.70251706,5.656068384,,no_share_count
DSTKF,2024,deadline_month_end,2025-03-31,2025-03-28,2025-04-02,2025-04-02,2026-03-31,144,1882,1206.944444,ok,2025-02-06,1,0.145,,,-4.900068217,,5.656068384,,share_count_disagrees_with_split_history
EGEEN,2024,deadline_month_end,2025-03-31,2025-03-28,2025-04-02,2025-04-02,2026-03-31,9247.5,5427.5,-41.30846175,ok,2017-01-02,1,8.241,-39.84798343,112.0778384,-45.62258089,-45.50405182,5.656068384,,no_share_count
EKGYO,2024,deadline_month_end,2025-03-31,2025-03-28,2025-04-02,2025-04-02,2026-03-31,12.09663296,18.67490196,54.38099203,ok,2017-01-02,1,8.241,29.6890593,115.9757149,-20.3817732,24.03299091,5.656068384,,no_share_count
ENJSA,2024,deadline_month_end,2025-03-31,2025-03-28,2025-04-02,2025-04-02,2026-03-31,52.22632599,109.8317795,110.2996475,ok,2018-02-08,1,7.14,2.13258086,134.2297501,-19.60646619,-3.523487524,5.656068384,,no_share_count
ENKAI,2024,deadline_month_end,2025-03-31,2025-03-28,2025-04-02,2025-04-02,2026-03-31,55.9245224,91.34436798,63.33508819,ok,2017-01-02,1,8.241,89.03008536,130.4696591,-0.7794224722,83.37401698,5.656068384,3.564400085e+11,ok
EREGL,2024,deadline_month_end,2025-03-31,2025-03-28,2025-04-02,2025-04-02,2026-03-31,22.14669991,27.84143829,25.7137109,ok,2017-01-02,1,8.241,7.730836635,28.79007645,-24.17508491,2.074768252,5.656068384,1.576400032e+11,ok
FROTO,2024,deadline_month_end,2025-03-31,2025-03-28,2025-04-02,2025-04-02,2026-03-31,92.89372253,101.0999985,8.834047895,ok,2017-01-02,1,8.241,-1.624944315,97.30874228,-12.1072507,-7.281012699,5.656068384,3.716136954e+11,ok
GARAN,2024,deadline_month_end,2025-03-31,2025-03-28,2025-04-02,2025-04-02,2026-03-31,112.5516739,121.5865707,8.027332281,ok,2017-01-02,1,8.241,78.63211886,394.3008991,-14.72961399,72.97605048,5.656068384,,no_share_count
GUBRF,2024,deadline_month_end,2025-03-31,2025-03-28,2025-04-02,2025-04-02,2026-03-31,260.5,473.25,81.66986564,ok,2017-01-02,1,8.241,65.30483338,32.49370277,-33.1639136,59.648765,5.656068384,8.7842e+10,ok
HALKB,2024,deadline_month_end,2025-03-31,2025-03-28,2025-04-02,2025-04-02,2026-03-31,20.95999908,35.11999893,67.55725413,ok,2017-01-02,1,8.241,56.9321536,92.57918841,-4.999995317,51.27608522,5.656068384,,no_share_count
HEKTS,2024,deadline_month_end,2025-03-31,2025-03-28,2025-04-02,2025-04-02,2026-03-31,3.299999952,2.859999895,-13.33333526,ok,2017-01-02,1,8.241,,,,,5.656068384,,share_count_disagrees_with_split_history
ISCTR,2024,deadline_month_end,2025-03-31,2025-03-28,2025-04-02,2025-04-02,2026-03-31,11.79611969,12.63047886,7.073166354,ok,2017-01-02,1,8.241,12.07348857,164.9046683,-29.3915276,6.417420187,5.656068384,,no_share_count
ISGYO,2024,deadline_month_end,2025-03-31,2025-03-28,2025-04-02,2025-04-02,2026-03-31,15.7443676,19.89999962,26.39440418,ok,2017-01-02,1,8.241,10.52275852,79.29516761,-33.0041067,4.866690137,5.656068384,,no_share_count
KCHOL,2024,deadline_month_end,2025-03-31,2025-03-28,2025-04-02,2025-04-02,2026-03-31,147.7246094,194.8000031,31.86699486,ok,2017-01-02,1,8.241,-14.71269888,122.0814237,-37.97156224,-20.36876726,5.656068384,,no_share_count
KONTR,2024,deadline_month_end,2025-03-31,2025-03-28,2025-04-02,2025-04-02,2026-03-31,30.61713409,8.619999886,-71.84583032,unexplained_jump_in_window,2020-10-19,1,4.446,-56.75928676,-28.55814294,-69.87537583,-62.41535514,5.656068384,,share_count_disagrees_with_split_history
KRDMD,2024,deadline_month_end,2025-03-31,2025-03-28,2025-04-02,2025-04-02,2026-03-31,29.39999962,30.89999962,5.102040883,ok,2017-01-02,1,8.241,26.37930487,56.03494172,-13.40815367,20.72323649,5.656068384,3.342479965e+10,ok
KRVGD,2024,deadline_month_end,2025-03-31,2025-03-28,2025-04-02,2025-04-02,2026-03-31,2.03462863,2.617362022,28.64077425,ok,2020-12-04,1,4.32,-32.51294691,9.353609632,-40.93851238,-38.16901529,5.656068384,,no_share_count
KUYAS,2024,deadline_month_end,2025-03-31,2025-03-28,2025-04-02,2025-04-02,2026-03-31,37.08000183,76.65000153,106.7152043,ok,2017-01-02,1,8.241,236.8794406,509.4626975,-11.173443,231.2233722,5.656068384,1.52e+10,ok
LOGO,2024,deadline_month_end,2025-03-31,2025-03-28,2025-04-02,2025-04-02,2026-03-31,115.561409,127.0356903,9.92916356,ok,2017-01-02,1,8.241,51.36912661,98.8426904,-9.246839082,45.71305823,5.656068384,,no_share_count
MAVI,2024,deadline_month_end,2025-03-31,2025-03-28,2025-04-02,2025-04-02,2026-03-31,32.03165054,40.51647568,26.48887894,ok,2017-06-15,1,7.792,-4.309808414,180.941673,-49.15564981,-9.965876797,5.656068384,2.7509978e+10,ok
MGROS,2024,deadline_month_end,2025-03-31,2025-03-28,2025-04-02,2025-04-02,2026-03-31,469.2140808,598.4537354,27.54385681,ok,2017-01-02,1,8.241,21.91053094,206.6331902,-16.83459779,16.25446255,5.656068384,8.966710889e+10,ok
MIATK,2024,deadline_month_end,2025-03-31,2025-03-28,2025-04-02,2025-04-02,2026-03-31,45.77999878,41.58000183,-9.174305505,ok,2021-11-22,1,3.354,-32.81638743,492.2221975,-43.34361944,-38.47245581,5.656068384,2.26844791e+10,ok
MPARK,2024,deadline_month_end,2025-03-31,2025-03-28,2025-04-02,2025-04-02,2026-03-31,326,425.5,30.52147239,ok,2018-02-13,1,7.127,64.76091999,346.4788732,-24.65834819,59.1048516,5.656068384,,no_share_count
NETAS,2024,deadline_month_end,2025-03-31,2025-03-28,2025-04-02,2025-04-02,2026-03-31,55,61.29999924,11.45454407,ok,2017-01-02,1,8.241,-38.193252,103.9622613,-47.92871132,-43.84932039,5.656068384,,no_share_count
NTGAZ,2024,deadline_month_end,2025-03-31,2025-03-28,2025-04-02,2025-04-02,2026-03-31,7.005309582,10.98628521,56.82797572,ok,2021-04-01,1,3.997,46.93894813,54.91649683,-6.290294035,41.28287975,5.656068384,,no_share_count
ODAS,2024,deadline_month_end,2025-03-31,2025-03-28,2025-04-02,2025-04-02,2026-03-31,5,5.739999771,14.79999542,ok,2017-01-02,1,8.241,-44.71101276,-17.42670551,-63.62983985,-50.36708115,5.656068384,,no_share_count
OTKAR,2024,deadline_month_end,2025-03-31,2025-03-28,2025-04-02,2025-04-02,2026-03-31,480.5,364,-24.24557752,ok,2017-01-02,1,8.241,7.426535175,172.7809718,-25.07587253,1.770466791,5.656068384,,no_share_count
OYAKC,2024,deadline_month_end,2025-03-31,2025-03-28,2025-04-02,2025-04-02,2026-03-31,28.49027634,23.23999977,-18.42831043,ok,2017-01-02,1,8.241,96.22480551,262.1598905,-5.407083339,90.56873712,5.656068384,1.479888046e+11,ok
PASEU,2024,deadline_month_end,2025-03-31,2025-03-28,2025-04-02,2025-04-02,2026-03-31,38.90000153,124,218.7660543,ok,2024-03-21,1,1.027,179.0296398,,-1.422045094,173.3735714,5.656068384,2.608703979e+10,ok
PETKM,2024,deadline_month_end,2025-03-31,2025-03-28,2025-04-02,2025-04-02,2026-03-31,16.71999931,21.21999931,26.9138767,ok,2017-01-02,1,8.241,-13.91830681,23.16017401,-34.29561203,-19.57437519,5.656068384,4.326220723e+10,ok
PGSUS,2024,deadline_month_end,2025-03-31,2025-03-28,2025-04-02,2025-04-02,2026-03-31,246.3000031,175.5,-28.74543328,ok,2017-01-02,1,8.241,54.95433811,178.0968662,-8.84173298,49.29826973,5.656068384,1.28875e+11,ok
PRKME,2024,deadline_month_end,2025-03-31,2025-03-28,2025-04-02,2025-04-02,2026-03-31,18.11000061,17.95999908,-0.8282800708,ok,2017-01-02,1,8.241,-13.55334858,28.49731891,-40.5843734,-19.20941697,5.656068384,,no_share_count
RGYAS,2024,deadline_month_end,2025-03-31,2025-03-28,2025-04-02,2025-04-02,2026-03-31,106.072464,157.3000031,48.29485159,ok,2024-05-02,1,0.912,,,-20.07518767,,5.656068384,,no_share_count
SAHOL,2024,deadline_month_end,2025-03-31,2025-03-28,2025-04-02,2025-04-02,2026-03-31,78.4890213,87.98644257,12.10031812,ok,2017-01-02,1,8.241,5.234195465,129.6170587,-23.38194632,-0.4218729189,5.656068384,,no_share_count
SASA,2024,deadline_month_end,2025-03-31,2025-03-28,2025-04-02,2025-04-02,2026-03-31,3.720000029,2.339999914,-37.09677698,ok,2017-01-02,1,8.241,-30.06077389,-30.58869376,-62.59315764,-35.71684227,5.656068384,,share_count_disagrees_with_split_history
SELEC,2024,deadline_month_end,2025-03-31,2025-03-28,2025-04-02,2025-04-02,2026-03-31,63.03379059,80.10380554,27.08073685,ok,2017-01-02,1,8.241,30.25708841,106.6691742,-23.64705771,24.60102002,5.656068384,,no_share_count
SISE,2024,deadline_month_end,2025-03-31,2025-03-28,2025-04-02,2025-04-02,2026-03-31,36.2738266,43.41573334,19.68887048,ok,2017-01-02,1,8.241,-15.42397557,-6.061651894,-30.90466872,-21.08004396,5.656068384,1.181788039e+11,ok
SKBNK,2024,deadline_month_end,2025-03-31,2025-03-28,2025-04-02,2025-04-02,2026-03-31,4.869730473,10.56677532,116.9889151,ok,2017-01-02,1,8.241,14.90356595,88.52615767,-37.40779667,9.247497562,5.656068384,,no_share_count
SMRTG,2024,deadline_month_end,2025-03-31,2025-03-28,2025-04-02,2025-04-02,2026-03-31,10.96000004,6.400000095,-41.60583875,ok,2022-03-24,1,3.02,-43.93043664,-9.900923522,-64.76502966,-49.58650502,5.656068384,,no_share_count
SOKM,2024,deadline_month_end,2025-03-31,2025-03-28,2025-04-02,2025-04-02,2026-03-31,36.43999863,48.91999817,34.24807907,ok,2018-05-18,1,6.869,-35.0934466,33.43371277,-47.64885049,-40.74951498,5.656068384,,no_share_count
TAVHL,2024,deadline_month_end,2025-03-31,2025-03-28,2025-04-02,2025-04-02,2026-03-31,233.8097076,303.7355042,29.90713996,ok,2017-01-02,1,8.241,32.16820582,227.4695349,-16.98113908,26.51213743,5.656068384,8.79140625e+10,ok
TBORG,2024,deadline_month_end,2025-03-31,2025-03-28,2025-04-02,2025-04-02,2026-03-31,153.6186218,134.5600739,-12.40640474,ok,2017-01-02,1,8.241,97.51399259,380.6027446,-9.239134047,91.85792421,5.656068384,,no_share_count
TCELL,2024,deadline_month_end,2025-03-31,2025-03-28,2025-04-02,2025-04-02,2026-03-31,90.71057129,105.9000015,16.74493945,ok,2017-01-02,1,8.241,45.92898371,214.8588688,-13.94259009,40.27291533,5.656068384,2.107600067e+11,ok
THYAO,2024,deadline_month_end,2025-03-31,2025-03-28,2025-04-02,2025-04-02,2026-03-31,297.9496765,294.25,-1.241711875,ok,2017-01-02,1,8.241,4.450045267,162.4472846,-7.920050391,-1.206023116,5.656068384,4.2918e+11,ok
TOASO,2024,deadline_month_end,2025-03-31,2025-03-28,2025-04-02,2025-04-02,2026-03-31,156.1409302,273.75,75.32238324,ok,2017-01-02,1,8.241,-30.19395778,3.56869942,-48.84450708,-35.85002616,5.656068384,8.965000153e+10,ok
TRALT,2024,deadline_month_end,2025-03-31,2025-03-28,2025-04-02,2025-04-02,2026-03-31,27.94000053,41.90000153,49.96421161,ok,2017-01-02,1,8.241,24.29184563,36.07219075,-11.70731781,18.63577725,5.656068384,9.274439707e+10,ok
TRMET,2024,deadline_month_end,2025-03-31,2025-03-28,2025-04-02,2025-04-02,2026-03-31,83.55000305,119,42.42967762,ok,2017-01-02,1,8.241,73.56942936,136.7631044,0,67.91336098,5.656068384,3.366594e+10,ok
TSKB,2024,deadline_month_end,2025-03-31,2025-03-28,2025-04-02,2025-04-02,2026-03-31,10.46591377,11.10999966,6.154129473,ok,2017-01-02,1,8.241,29.56420401,168.948656,-20.57761874,23.90813563,5.656068384,3.08e+10,ok
TTKOM,2024,deadline_month_end,2025-03-31,2025-03-28,2025-04-02,2025-04-02,2026-03-31,48.24000168,58.04999924,20.33581513,ok,2017-01-02,1,8.241,61.93931058,194.8948925,-14.75694484,56.2832422,5.656068384,1.718499947e+11,ok
TUPRS,2024,deadline_month_end,2025-03-31,2025-03-28,2025-04-02,2025-04-02,2026-03-31,122.5075912,253.7036133,107.0921571,ok,2017-01-02,1,8.241,-5.722800602,142.619723,-23.03043305,-11.37886899,5.656068384,2.658977925e+11,ok
TURSG,2024,deadline_month_end,2025-03-31,2025-03-28,2025-04-02,2025-04-02,2026-03-31,4.337305546,6.197355747,42.88492433,ok,2017-01-02,1,8.241,55.08898879,698.125562,-2.471790697,49.4329204,5.656068384,9.039999962e+10,ok
ULKER,2024,deadline_month_end,2025-03-31,2025-03-28,2025-04-02,2025-04-02,2026-03-31,101.4799805,112.0279617,10.39414987,ok,2017-01-02,1,8.241,15.5172262,287.0346472,-35.61131811,9.861157821,5.656068384,4.124519948e+10,ok
ULUSE,2024,deadline_month_end,2025-03-31,2025-03-28,2025-04-02,2025-04-02,2026-03-31,139.1999969,155.8000031,11.925292,ok,2017-01-02,1,8.241,-16.0264173,8.533747495,-62.10726184,-21.68248569,5.656068384,,no_share_count
VAKBN,2024,deadline_month_end,2025-03-31,2025-03-28,2025-04-02,2025-04-02,2026-03-31,23.47999954,30,27.76831595,ok,2017-01-02,1,8.241,64.56042853,167.7094927,-16.45746573,58.90436015,5.656068384,,no_share_count
VESTL,2024,deadline_month_end,2025-03-31,2025-03-28,2025-04-02,2025-04-02,2026-03-31,47.75999832,27.94000053,-41.4991593,ok,2017-01-02,1,8.241,-41.37807075,3.381230948,-52.50485615,-47.03413914,5.656068384,,no_share_count
YKBNK,2024,deadline_month_end,2025-03-31,2025-03-28,2025-04-02,2025-04-02,2026-03-31,24.15999985,33.02000046,36.67218819,ok,2017-01-02,1,8.241,-8.252228911,162.1091203,-36.6701752,-13.90829729,5.656068384,,no_share_count
ZOREN,2024,deadline_month_end,2025-03-31,2025-03-28,2025-04-02,2025-04-02,2026-03-31,3.529999971,2.779999971,-21.2464591,ok,2017-01-02,1,8.241,-41.00840163,34.18990789,-49.92867509,-46.66447001,5.656068384,,no_share_count
AEFES,2025,deadline_month_end,2026-03-31,2026-03-31,2026-04-01,2026-04-01,,16.78994751,,,window_incomplete,2017-01-02,1,9.24,1.266014369,11.93597175,-43.92195072,-31.15354404,32.41955841,9.93552672e+10,ok
AGESA,2025,deadline_month_end,2026-03-31,2026-03-31,2026-04-01,2026-04-01,,227.1999969,,,window_incomplete,2017-01-02,1,9.24,84.22255439,229.81174,-7.235963478,51.80299598,32.41955841,,no_share_count
AGHOL,2025,deadline_month_end,2026-03-31,2026-03-31,2026-04-01,2026-04-01,,28.10000038,,,window_incomplete,2017-01-02,1,9.24,-5.305757961,3.194557153,-40.0675775,-37.72531637,32.41955841,,no_share_count
AKBNK,2025,deadline_month_end,2026-03-31,2026-03-31,2026-04-01,2026-04-01,,68.25,,,window_incomplete,2017-01-02,1,9.24,30.36426033,48.85604609,-26.71831461,-2.055298075,32.41955841,,no_share_count
AKENR,2025,deadline_month_end,2026-03-31,2026-03-31,2026-04-01,2026-04-01,,9.489999771,,,window_incomplete,2017-01-02,1,9.24,-7.008884799,-25.82676994,-65.9436004,-39.42844321,32.41955841,,no_share_count
AKSA,2025,deadline_month_end,2026-03-31,2026-03-31,2026-04-01,2026-04-01,,10.52228642,,,window_incomplete,2017-01-02,1,9.24,1.729355317,41.18785915,-14.88263121,-30.69020309,32.41955841,,no_share_count
AKSEN,2025,deadline_month_end,2026-03-31,2026-03-31,2026-04-01,2026-04-01,,78.5,,,window_incomplete,2017-01-02,1,9.24,119.2832731,129.305018,-2.712935679,86.86371466,32.41955841,,no_share_count
ALARK,2025,deadline_month_end,2026-03-31,2026-03-31,2026-04-01,2026-04-01,,89,,,window_incomplete,2017-01-02,1,9.24,-9.761591942,-29.85346299,-36.38098237,-42.18115035,32.41955841,,no_share_count
ALBRK,2025,deadline_month_end,2026-03-31,2026-03-31,2026-04-01,2026-04-01,,8.060159683,,,window_incomplete,2017-01-02,1,9.24,35.49990276,89.57553584,-21.78988364,3.080344358,32.41955841,,no_share_count
ANHYT,2025,deadline_month_end,2026-03-31,2026-03-31,2026-04-01,2026-04-01,,112.0999985,,,window_incomplete,2017-01-02,1,9.24,32.35057979,185.2317344,-12.56675469,-0.06897861679,32.41955841,,no_share_count
ARCLK,2025,deadline_month_end,2026-03-31,2026-03-31,2026-04-01,2026-04-01,,110.1999969,,,window_incomplete,2017-01-02,1,9.24,-20.78775081,-26.62162265,-44.30769309,-53.20730922,32.41955841,7.338408203e+10,ok
ASELS,2025,deadline_month_end,2026-03-31,2026-03-31,2026-04-01,2026-04-01,,320.25,,,window_incomplete,2017-01-02,1,9.24,167.4378924,472.5177537,-9.341825902,135.018334,32.41955841,1.46034e+12,ok
ASTOR,2025,deadline_month_end,2026-03-31,2026-03-31,2026-04-01,2026-04-01,,197.3000031,,,window_incomplete,2023-01-18,1,3.198,73.99565811,108.8452215,-6.787761547,41.57609971,32.41955841,1.9461e+11,ok
BERA,2025,deadline_month_end,2026-03-31,2026-03-31,2026-04-01,2026-04-01,,17.36000061,,,window_incomplete,2017-01-02,1,9.24,5.054810718,-12.52535192,-19.76744186,-27.36474769,32.41955841,,no_share_count
BIMAS,2025,deadline_month_end,2026-03-31,2026-03-31,2026-04-01,2026-04-01,,340.6542053,,,window_incomplete,2017-01-02,1,9.24,52.74162194,97.70148253,-4.60894482,20.32206354,32.41955841,4.098e+11,ok
BRSAN,2025,deadline_month_end,2026-03-31,2026-03-31,2026-04-01,2026-04-01,,522,,,window_incomplete,2017-01-02,1,9.24,39.12457912,-17.95075457,-48.00684646,6.705020718,32.41955841,7.322502225e+10,ok
BTCIM,2025,deadline_month_end,2026-03-31,2026-03-31,2026-04-01,2026-04-01,,6.039999962,,,window_incomplete,2017-01-02,1,9.24,36.15560561,37.54661248,-25.5349193,3.736047201,32.41955841,3.320099894e+10,ok
CANTE,2025,deadline_month_end,2026-03-31,2026-03-31,2026-04-01,2026-04-01,,1.649999976,,,window_incomplete,2021-04-30,1,4.917,3.79746463,-34.20815454,-62.3468235,-28.62209378,32.41955841,,share_count_disagrees_with_split_history
CCOLA,2025,deadline_month_end,2026-03-31,2026-03-31,2026-04-01,2026-04-01,,68.56414795,,,window_incomplete,2017-01-02,1,9.24,34.59956758,,,2.180009175,32.41955841,1.97124629e+11,ok
CEMTS,2025,deadline_month_end,2026-03-31,2026-03-31,2026-04-01,2026-04-01,,10.10826111,,,window_incomplete,2017-01-02,1,9.24,7.207917084,9.910204492,-39.26950233,-25.21164132,32.41955841,,no_share_count
CIMSA,2025,deadline_month_end,2026-03-31,2026-03-31,2026-04-01,2026-04-01,,49.75999832,,,window_incomplete,2017-01-02,1,9.24,-4.257264139,61.92304621,-12.73007062,-36.67682255,32.41955841,4.6050287e+10,ok
DEVA,2025,deadline_month_end,2026-03-31,2026-03-31,2026-04-01,2026-04-01,,60.5,,,window_incomplete,2017-01-02,1,9.24,0.2504135348,-15.70267252,-41.35302774,-32.16914487,32.41955841,,no_share_count
DOAS,2025,deadline_month_end,2026-03-31,2026-03-31,2026-04-01,2026-04-01,,166.9848175,,,window_incomplete,2017-01-02,1,9.24,-4.44574769,-18.94254882,-36.12732824,-36.8653061,32.41955841,4.243799866e+10,ok
DOHOL,2025,deadline_month_end,2026-03-31,2026-03-31,2026-04-01,2026-04-01,,20.60000038,,,window_incomplete,2017-01-02,1,9.24,27.54503517,54.78685049,-10.2068367,-4.874523235,32.41955841,,no_share_count
DSTKF,2025,deadline_month_end,2026-03-31,2026-03-31,2026-04-01,2026-04-01,,1920,,,window_incomplete,2025-02-06,1,1.144,1175.932203,,0,1143.512645,32.41955841,,share_count_disagrees_with_split_history
EGEEN,2025,deadline_month_end,2026-03-31,2026-03-31,2026-04-01,2026-04-01,,5542.5,,,window_incomplete,2017-01-02,1,9.24,-42.19914803,-65.23162195,-68.56938847,-74.61870644,32.41955841,,no_share_count
EKGYO,2025,deadline_month_end,2026-03-31,2026-03-31,2026-04-01,2026-04-01,,19.18041801,,,window_incomplete,2017-01-02,1,9.24,52.59002978,97.8925742,-26.73531723,20.17047137,32.41955841,,no_share_count
ENJSA,2025,deadline_month_end,2026-03-31,2026-03-31,2026-04-01,2026-04-01,,113.9564743,,,window_incomplete,2018-02-08,1,8.14,109.9319742,114.4089433,-8.105938282,77.51241579,32.41955841,,no_share_count
ENKAI,2025,deadline_month_end,2026-03-31,2026-03-31,2026-04-01,2026-04-01,,92.61507416,,,window_incomplete,2017-01-02,1,9.24,55.7649591,194.4426352,-9.271843108,23.3454007,32.41955841,5.233199829e+11,ok
EREGL,2025,deadline_month_end,2026-03-31,2026-03-31,2026-04-01,2026-04-01,,28.39392853,,,window_incomplete,2017-01-02,1,9.24,26.49523884,36.2743791,-13.59461342,-5.92431957,32.41955841,1.975399952e+11,ok
FROTO,2025,deadline_month_end,2026-03-31,2026-03-31,2026-04-01,2026-04-01,,102.5,,,window_incomplete,2017-01-02,1,9.24,6.984177193,5.245743888,-22.13717614,-25.43538121,32.41955841,3.547700046e+11,ok
GARAN,2025,deadline_month_end,2026-03-31,2026-03-31,2026-04-01,2026-04-01,,123.7972336,,,window_incomplete,2017-01-02,1,9.24,7.203394163,91.49969448,-23.33332948,-25.21616424,32.41955841,,no_share_count
GUBRF,2025,deadline_month_end,2026-03-31,2026-03-31,2026-04-01,2026-04-01,,491.25,,,window_incomplete,2017-01-02,1,9.24,79.94296578,197.4544198,-14.95956873,47.52340737,32.41955841,1.580655e+11,ok
HALKB,2025,deadline_month_end,2026-03-31,2026-03-31,2026-04-01,2026-04-01,,36.25999832,,,window_incomplete,2017-01-02,1,9.24,65.03758364,158.9970343,-30.24826217,32.61802523,32.41955841,,no_share_count
HEKTS,2025,deadline_month_end,2026-03-31,2026-03-31,2026-04-01,2026-04-01,,2.930000067,,,window_incomplete,2017-01-02,1,9.24,-13.33333526,,,-45.75289367,32.41955841,2.410979912e+10,ok
ISCTR,2025,deadline_month_end,2026-03-31,2026-03-31,2026-04-01,2026-04-01,,13.02999973,,,window_incomplete,2017-01-02,1,9.24,7.422509529,20.39215394,-27.43801174,-24.99704888,32.41955841,,no_share_count
ISGYO,2025,deadline_month_end,2026-03-31,2026-03-31,2026-04-01,2026-04-01,,20.10000038,,,window_incomplete,2017-01-02,1,9.24,22.74541716,35.66162101,-18.37027549,-9.674141243,32.41955841,,no_share_count
KCHOL,2025,deadline_month_end,2026-03-31,2026-03-31,2026-04-01,2026-04-01,,195.8000031,,,window_incomplete,2017-01-02,1,9.24,29.28768597,10.26597805,-19.80486818,-3.131872433,32.41955841,,no_share_count
KONTR,2025,deadline_month_end,2026-03-31,2026-03-31,2026-04-01,2026-04-01,,8.640000343,,,window_incomplete,2020-10-19,1,5.446,,,,,32.41955841,,share_count_disagrees_with_split_history
KRDMD,2025,deadline_month_end,2026-03-31,2026-03-31,2026-04-01,2026-04-01,,32.08000183,,,window_incomplete,2017-01-02,1,9.24,5.388812893,33.18964915,-8.741881094,-27.03074551,32.41955841,3.522599957e+10,ok
KRVGD,2025,deadline_month_end,2026-03-31,2026-03-31,2026-04-01,2026-04-01,,2.656869411,,,window_incomplete,2020-12-04,1,5.32,26.79426158,-14.43028937,-25.11342289,-5.625296828,32.41955841,,no_share_count
KUYAS,2025,deadline_month_end,2026-03-31,2026-03-31,2026-04-01,2026-04-01,,75.69999695,,,window_incomplete,2017-01-02,1,9.24,101.7105303,579.5213062,-4.7826068,69.29097192,32.41955841,3.066000061e+10,ok
LOGO,2025,deadline_month_end,2026-03-31,2026-03-31,2026-04-01,2026-04-01,,130.0236206,,,window_incomplete,2017-01-02,1,9.24,12.00670796,69.54357559,-29.89361365,-20.41285044,32.41955841,,no_share_count
MAVI,2025,deadline_month_end,2026-03-31,2026-03-31,2026-04-01,2026-04-01,,41.1901474,,,window_incomplete,2017-06-15,1,8.791,26.03224889,20.60050043,-35.91972203,-6.387309514,32.41955841,3.344895399e+10,ok
MGROS,2025,deadline_month_end,2026-03-31,2026-03-31,2026-04-01,2026-04-01,,612.8563843,,,window_incomplete,2017-01-02,1,9.24,24.26029346,51.48638351,-13.30935188,-8.159264943,32.41955841,1.090851754e+11,ok
MIATK,2025,deadline_month_end,2026-03-31,2026-03-31,2026-04-01,2026-04-01,,43,,,window_incomplete,2021-11-22,1,4.353,-9.451211914,-39.16605302,-48.69833403,-41.87077032,32.41955841,2.05405209e+10,ok
MPARK,2025,deadline_month_end,2026-03-31,2026-03-31,2026-04-01,2026-04-01,,415,,,window_incomplete,2018-02-13,1,8.126,34.22712934,121.1538532,-11.07628004,1.807570931,32.41955841,,no_share_count
NETAS,2025,deadline_month_end,2026-03-31,2026-03-31,2026-04-01,2026-04-01,,62,,,window_incomplete,2017-01-02,1,9.24,13.4135062,-29.90280003,-40.94412579,-19.0060522,32.41955841,,no_share_count
NTGAZ,2025,deadline_month_end,2026-03-31,2026-03-31,2026-04-01,2026-04-01,,10.98628521,,,window_incomplete,2021-04-01,1,4.997,72.46793218,153.4225654,-12.14392985,40.04837377,32.41955841,,no_share_count
ODAS,2025,deadline_month_end,2026-03-31,2026-03-31,2026-04-01,2026-04-01,,5.849999905,,,window_incomplete,2017-01-02,1,9.24,13.21498179,-37.40458317,-58.82352981,-19.20457662,32.41955841,,no_share_count
OTKAR,2025,deadline_month_end,2026-03-31,2026-03-31,2026-04-01,2026-04-01,,368.5,,,window_incomplete,2017-01-02,1,9.24,-26.27848101,-20.80352647,-44.76479514,-58.69803942,32.41955841,,no_share_count
OYAKC,2025,deadline_month_end,2026-03-31,2026-03-31,2026-04-01,2026-04-01,,23.81999969,,,window_incomplete,2017-01-02,1,9.24,-19.98256678,57.01405271,-24.30917608,-52.40212518,32.41955841,1.129848793e+11,ok
PASEU,2025,deadline_month_end,2026-03-31,2026-03-31,2026-04-01,2026-04-01,,121.4000015,,,window_incomplete,2024-03-21,1,2.026,219.4229804,791.2847914,-29.14285714,187.003422,32.41955841,8.3328e+10,ok
PETKM,2025,deadline_month_end,2026-03-31,2026-03-31,2026-04-01,2026-04-01,,20.34000015,,,window_incomplete,2017-01-02,1,9.24,24.31165608,7.009578391,-18.32178719,-8.107902328,32.41955841,5.377996626e+10,ok
PGSUS,2025,deadline_month_end,2026-03-31,2026-03-31,2026-04-01,2026-04-01,,179.3999939,,,window_incomplete,2017-01-02,1,9.24,-31.91076625,5.507221489,-37.93103448,-64.33032465,32.41955841,8.775e+10,ok
PRKME,2025,deadline_month_end,2026-03-31,2026-03-31,2026-04-01,2026-04-01,,18,,,window_incomplete,2017-01-02,1,9.24,-1.481077699,-14.83369066,-41.464365,-33.90063611,32.41955841,,no_share_count
RGYAS,2025,deadline_month_end,2026-03-31,2026-03-31,2026-04-01,2026-04-01,,160.8999939,,,window_incomplete,2024-05-02,1,1.911,49.68990583,,-6.145586323,17.27034743,32.41955841,,no_share_count
SAHOL,2025,deadline_month_end,2026-03-31,2026-03-31,2026-04-01,2026-04-01,,90.55000305,,,window_incomplete,2017-01-02,1,9.24,10.30228074,16.07571772,-20.60390567,-22.11727766,32.41955841,,no_share_count
SASA,2025,deadline_month_end,2026-03-31,2026-03-31,2026-04-01,2026-04-01,,2.420000076,,,window_incomplete,2017-01-02,1,9.24,-37.43315753,-56.24123458,-71.78598381,-69.85271594,32.41955841,1.239254548e+10,ok
SELEC,2025,deadline_month_end,2026-03-31,2026-03-31,2026-04-01,2026-04-01,,79.65602112,,,window_incomplete,2017-01-02,1,9.24,24.82891165,62.5985058,-23.0401504,-7.590646761,32.41955841,,no_share_count
SISE,2025,deadline_month_end,2026-03-31,2026-03-31,2026-04-01,2026-04-01,,44.04751968,,,window_incomplete,2017-01-02,1,9.24,16.21422505,-1.710628631,-19.7013962,-16.20533335,32.41955841,1.347201528e+11,ok
SKBNK,2025,deadline_month_end,2026-03-31,2026-03-31,2026-04-01,2026-04-01,,10.54687595,,,window_incomplete,2017-01-02,1,9.24,127.5849816,161.5032594,-14.76725332,95.16542317,32.41955841,,no_share_count
SMRTG,2025,deadline_month_end,2026-03-31,2026-03-31,2026-04-01,2026-04-01,,6.489999771,,,window_incomplete,2022-03-24,1,4.019,-40.44664529,-66.60869405,-79.01639313,-72.8662037,32.41955841,,no_share_count
SOKM,2025,deadline_month_end,2026-03-31,2026-03-31,2026-04-01,2026-04-01,,50.5,,,window_incomplete,2018-05-18,1,7.869,33.58820206,-13.29250228,-30.11428833,1.168643657,32.41955841,,no_share_count
TAVHL,2025,deadline_month_end,2026-03-31,2026-03-31,2026-04-01,2026-04-01,,315.3322144,,,window_incomplete,2017-01-02,1,9.24,27.16943254,68.07755733,-16.08724871,-5.250125871,32.41955841,1.117998047e+11,ok
TBORG,2025,deadline_month_end,2026-03-31,2026-03-31,2026-04-01,2026-04-01,,135.6908264,,,window_incomplete,2017-01-02,1,9.24,-10.30835679,77.15354553,-31.37914661,-42.7279152,32.41955841,,no_share_count
TCELL,2025,deadline_month_end,2026-03-31,2026-03-31,2026-04-01,2026-04-01,,107.1999969,,,window_incomplete,2017-01-02,1,9.24,14.97791646,67.78610498,-16.94117527,-17.44164195,32.41955841,2.329800034e+11,ok
THYAO,2025,deadline_month_end,2026-03-31,2026-03-31,2026-04-01,2026-04-01,,298,,,window_incomplete,2017-01-02,1,9.24,-3.147023805,1.162977478,-15.38461538,-35.56658221,32.41955841,4.06065e+11,ok
TOASO,2025,deadline_month_end,2026-03-31,2026-03-31,2026-04-01,2026-04-01,,272.5,,,window_incomplete,2017-01-02,1,9.24,74.9312482,22.11258098,-15.97615023,42.5116898,32.41955841,1.36875e+11,ok
TRALT,2025,deadline_month_end,2026-03-31,2026-03-31,2026-04-01,2026-04-01,,43.09999847,,,window_incomplete,2017-01-02,1,9.24,44.68233028,79.82833862,-31.53594607,12.26277188,32.41955841,1.341847549e+11,ok
TRMET,2025,deadline_month_end,2026-03-31,2026-03-31,2026-04-01,2026-04-01,,122.9000015,,,window_incomplete,2017-01-02,1,9.24,37.17579251,138.0952403,-29.50237094,4.7562341,32.41955841,4.618152e+10,ok
TSKB,2025,deadline_month_end,2026-03-31,2026-03-31,2026-04-01,2026-04-01,,11.35000038,,,window_incomplete,2017-01-02,1,9.24,5.864616053,37.16264712,-19.85472598,-26.55494235,32.41955841,3.110799904e+10,ok
TTKOM,2025,deadline_month_end,2026-03-31,2026-03-31,2026-04-01,2026-04-01,,59,,,window_incomplete,2017-01-02,1,9.24,18.22810803,91.45778305,-20.37037308,-14.19145038,32.41955841,2.031749973e+11,ok
TUPRS,2025,deadline_month_end,2026-03-31,2026-03-31,2026-04-01,2026-04-01,,249.2828369,,,window_incomplete,2017-01-02,1,9.24,102.590144,90.99631407,-0.2895770898,70.17058564,32.41955841,4.975949632e+11,ok
TURSG,2025,deadline_month_end,2026-03-31,2026-03-31,2026-04-01,2026-04-01,,6.197355747,,,window_incomplete,2017-01-02,1,9.24,43.43811421,122.4567209,-8.960577921,11.0185558,32.41955841,1.269999981e+11,ok
ULKER,2025,deadline_month_end,2026-03-31,2026-03-31,2026-04-01,2026-04-01,,111.1720581,,,window_incomplete,2017-01-02,1,9.24,5.542673946,21.9199694,-32.04246341,-26.87688446,32.41955841,4.028760104e+10,ok
ULUSE,2025,deadline_month_end,2026-03-31,2026-03-31,2026-04-01,2026-04-01,,161,,,window_incomplete,2017-01-02,1,9.24,11.36526794,-6.482594632,-34.20608064,-21.05429047,32.41955841,,no_share_count
VAKBN,2025,deadline_month_end,2026-03-31,2026-03-31,2026-04-01,2026-04-01,,31.04000092,,,window_incomplete,2017-01-02,1,9.24,25.20868592,106.0439501,-28.94363067,-7.210872487,32.41955841,,no_share_count
VESTL,2025,deadline_month_end,2026-03-31,2026-03-31,2026-04-01,2026-04-01,,28.52000046,,,window_incomplete,2017-01-02,1,9.24,-42.88634182,-66.51887171,-72.87378589,-75.30590023,32.41955841,,no_share_count
YKBNK,2025,deadline_month_end,2026-03-31,2026-03-31,2026-04-01,2026-04-01,,34.25999832,,,window_incomplete,2017-01-02,1,9.24,37.35440599,26.01960599,-24.98864127,4.934847584,32.41955841,,no_share_count
ZOREN,2025,deadline_month_end,2026-03-31,2026-03-31,2026-04-01,2026-04-01,,2.829999924,,,window_incomplete,2017-01-02,1,9.24,-20.7977214,-53.27730991,-60.34236975,-53.2172798,32.41955841,,no_share_count
