ticker,fiscal_year,cutoff_spec,cutoff_date,feature_asof_date,prediction_date,entry_date,exit_date,entry_adjclose,exit_adjclose,target_return_pct,target_status,first_quote,price_data_available,price_history_years_available,price_momentum_1y_pct,price_momentum_2y_pct,price_drawdown_from_3y_high_pct,price_vs_bist100_1y_pct,benchmark_1y_return_pct,market_value_pit,market_value_status
AEFES,2020,uniform_05_31,2021-05-31,2021-05-31,2021-06-01,2021-06-01,2022-05-31,2.033240795,2.67263031,31.44681714,ok,2017-01-02,1,4.408,47.35606604,40.87550711,-12.53075695,12.73766962,34.61839642,1.353552639e+10,ok
AGESA,2020,uniform_05_31,2021-05-31,2021-05-31,2021-06-01,2021-06-01,2022-05-31,16.7281456,17.91363716,7.086808008,ok,2017-01-02,1,4.408,49.45191607,124.1156521,-1.346646443,14.83351965,34.61839642,,no_share_count
AGHOL,2020,uniform_05_31,2021-05-31,2021-05-31,2021-06-01,2021-06-01,2022-05-31,2.174414635,3.8512609,77.11713484,ok,2017-01-02,1,4.408,30.63626178,130.4996308,-32.9960598,-3.982134635,34.61839642,,no_share_count
AKBNK,2020,uniform_05_31,2021-05-31,2021-05-31,2021-06-01,2021-06-01,2022-05-31,4.236741066,6.888955593,62.60034507,ok,2017-01-02,1,4.408,-6.120165127,-10.53061609,-40.15291527,-40.73856155,34.61839642,,no_share_count
AKENR,2020,uniform_05_31,2021-05-31,2021-05-31,2021-06-01,2021-06-01,2022-05-31,1.450000048,1.539999962,6.206890428,ok,2017-01-02,1,4.408,26.31579608,176.9230981,-45.66037715,-8.302600341,34.61839642,,no_share_count
AKSA,2020,uniform_05_31,2021-05-31,2021-05-31,2021-06-01,2021-06-01,2022-05-31,1.088348627,4.021188736,269.4761619,ok,2017-01-02,1,4.408,161.9981015,289.5599449,-6.367456278,127.3797051,34.61839642,,no_share_count
AKSEN,2020,uniform_05_31,2021-05-31,2021-05-31,2021-06-01,2021-06-01,2022-05-31,6.195200443,19.54333687,215.4593148,ok,2017-01-02,1,4.408,177.4193513,470.7964387,-5.286344879,142.8009548,34.61839642,,no_share_count
ALARK,2020,uniform_05_31,2021-05-31,2021-05-31,2021-06-01,2021-06-01,2022-05-31,9.325359344,28.2622776,203.069046,ok,2017-01-02,1,4.408,100.5248696,254.2373394,-18.12649802,65.90647316,34.61839642,,no_share_count
ALBRK,2020,uniform_05_31,2021-05-31,2021-05-31,2021-06-01,2021-06-01,2022-05-31,1.207742214,1.25633204,4.023195104,ok,2017-01-02,1,4.408,16.05838425,57.77894418,-38.61003115,-18.56001217,34.61839642,,no_share_count
ANHYT,2020,uniform_05_31,2021-05-31,2021-05-31,2021-06-01,2021-06-01,2022-05-31,6.727843285,10.09879684,50.10451964,ok,2017-01-02,1,4.408,54.4262974,117.8311464,-14.05840039,19.80790098,34.61839642,,no_share_count
ARCLK,2020,uniform_05_31,2021-05-31,2021-05-31,2021-06-01,2021-06-01,2022-05-31,30.19122887,76.5266037,153.4729674,ok,2017-01-02,1,4.408,107.7273249,94.10978648,-9.714291677,73.10892852,34.61839642,2.135301154e+10,ok
ASELS,2020,uniform_05_31,2021-05-31,2021-05-31,2021-06-01,2021-06-01,2022-05-31,7.382120609,12.11178017,64.06911791,ok,2017-01-02,1,4.408,-0.4256577279,66.17000392,-23.01473411,-35.04405415,34.61839642,3.397199913e+10,ok
ASTOR,2020,uniform_05_31,2021-05-31,,,,,,,,not_listed_at_prediction,2023-01-18,0,0,,,,,34.61839642,,share_count_disagrees_with_split_history
BERA,2020,uniform_05_31,2021-05-31,2021-05-31,2021-06-01,2021-06-01,2022-05-31,12.24522591,4.979262829,-59.33710928,ok,2017-01-02,1,4.408,494.3924964,1282.60872,-22.29689441,459.7741,34.61839642,,no_share_count
BIMAS,2020,uniform_05_31,2021-05-31,2021-05-31,2021-06-01,2021-06-01,2022-05-31,27.91690254,37.07613373,32.80890913,ok,2017-01-02,1,4.408,8.320466227,80.56550484,-13.72214499,-26.29793019,34.61839642,3.883044046e+10,ok
BRSAN,2020,uniform_05_31,2021-05-31,2021-05-31,2021-06-01,2021-06-01,2022-05-31,28.20000076,29.73999977,5.460989243,ok,2017-01-02,1,4.408,175.6027024,276.0526353,-22.92341286,140.984306,34.61839642,4051831811,ok
BTCIM,2020,uniform_05_31,2021-05-31,2021-05-31,2021-06-01,2021-06-01,2022-05-31,0.3977409899,0.7135480046,79.40016813,ok,2017-01-02,1,4.408,318.5197075,676.887148,-29.65491106,283.9013111,34.61839642,2237395871,ok
CANTE,2020,uniform_05_31,2021-05-31,2021-05-31,2021-06-01,2021-06-01,2022-05-31,0.4717380106,2.015610933,327.273378,ok,2021-04-30,1,0.085,,,0,,34.61839642,,share_count_disagrees_with_split_history
CCOLA,2020,uniform_05_31,2021-05-31,2021-05-31,2021-06-01,2021-06-01,2022-05-31,75.2452774,124.981926,66.09936235,ok,2017-01-02,1,4.408,94.36726142,195.8779217,-5.376347142,59.748865,34.61839642,,unexplained_jump_after_year_end
CEMTS,2020,uniform_05_31,2021-05-31,2021-05-31,2021-06-01,2021-06-01,2022-05-31,2.650916576,5.049655914,90.48716807,ok,2017-01-02,1,4.408,88.90012939,205.8329458,-20.3282702,54.28173297,34.61839642,,no_share_count
CIMSA,2020,uniform_05_31,2021-05-31,2021-05-31,2021-06-01,2021-06-01,2022-05-31,2.947417736,4.636359692,57.302429,ok,2017-01-02,1,4.408,194.8557591,305.1724907,-6.893844524,160.2373627,34.61839642,3174483550,ok
DEVA,2020,uniform_05_31,2021-05-31,2021-05-31,2021-06-01,2021-06-01,2022-05-31,25.54455948,33.71136475,31.97082053,ok,2017-01-02,1,4.408,37.87963586,,,3.261239436,34.61839642,,no_share_count
DOAS,2020,uniform_05_31,2021-05-31,2021-05-31,2021-06-01,2021-06-01,2022-05-31,12.52392578,38.29502106,205.7748962,ok,2017-01-02,1,4.408,157.5122094,634.8363258,-29.69152921,122.8938129,34.61839642,5746400185,ok
DOHOL,2020,uniform_05_31,2021-05-31,2021-05-31,2021-06-01,2021-06-01,2022-05-31,2.687052011,3.652569294,35.93221413,ok,2017-01-02,1,4.408,56.79321865,188.3215494,-28.66279854,22.17482223,34.61839642,,no_share_count
DSTKF,2020,uniform_05_31,2021-05-31,,,,,,,,not_listed_at_prediction,2025-02-06,0,0,,,,,34.61839642,,no_quote_at_reference_date
EGEEN,2020,uniform_05_31,2021-05-31,2021-05-31,2021-06-01,2021-06-01,2022-05-31,1166.898682,1678.99939,43.88561887,ok,2017-01-02,1,4.408,130.946769,205.8131429,-29.65047586,96.32837256,34.61839642,,no_share_count
EKGYO,2020,uniform_05_31,2021-05-31,2021-05-31,2021-06-01,2021-06-01,2022-05-31,1.704471588,2.627353668,54.14476173,ok,2017-01-02,1,4.408,34.46795551,77.68980809,-26.63939088,-0.1504409137,34.61839642,,no_share_count
ENJSA,2020,uniform_05_31,2021-05-31,2021-05-31,2021-06-01,2021-06-01,2022-05-31,8.018019676,12.06475544,50.47051425,ok,2018-02-08,1,3.307,46.58591673,138.092404,-13.94621673,11.96752031,34.61839642,,no_share_count
ENKAI,2020,uniform_05_31,2021-05-31,2021-05-31,2021-06-01,2021-06-01,2022-05-31,6.631268978,12.74958611,92.26465021,ok,2017-01-02,1,4.408,62.7426665,101.5714124,-3.575421635,28.12427008,34.61839642,4.832800162e+10,ok
EREGL,2020,uniform_05_31,2021-05-31,2021-05-31,2021-06-01,2021-06-01,2022-05-31,8.221037865,16.51041031,100.831216,ok,2017-01-02,1,4.408,177.2556967,209.3791002,-5.919785446,142.6373002,34.61839642,6.73049984e+10,ok
FROTO,2020,uniform_05_31,2021-05-31,2021-05-31,2021-06-01,2021-06-01,2022-05-31,12.82250214,24.44607925,90.64983569,ok,2017-01-02,1,4.408,188.884837,255.3360289,-21.72883426,154.2664406,34.61839642,6.102324686e+10,ok
GARAN,2020,uniform_05_31,2021-05-31,2021-05-31,2021-06-01,2021-06-01,2022-05-31,6.533647537,11.98305607,83.40530309,ok,2017-01-02,1,4.408,3.980244639,3.061219977,-34.59575638,-30.63815178,34.61839642,,no_share_count
GUBRF,2020,uniform_05_31,2021-05-31,2021-05-31,2021-06-01,2021-06-01,2022-05-31,61.45000076,76.69999695,24.81691781,ok,2017-01-02,1,4.408,172.1434941,2387.854253,-28.67092319,137.5250977,34.61839642,2.052430025e+10,ok
HALKB,2020,uniform_05_31,2021-05-31,2021-05-31,2021-06-01,2021-06-01,2022-05-31,4.570000172,5.789999962,26.69583686,ok,2017-01-02,1,4.408,-15.14018612,-14.01515565,-44.49878004,-49.75858254,34.61839642,,no_share_count
HEKTS,2020,uniform_05_31,2021-05-31,2021-05-31,2021-06-01,2021-06-01,2022-05-31,2.668860912,8.892416954,233.1914718,ok,2017-01-02,1,4.408,,,,,34.61839642,,share_count_disagrees_with_split_history
ISCTR,2020,uniform_05_31,2021-05-31,2021-05-31,2021-06-01,2021-06-01,2022-05-31,0.7727280855,1.667802334,115.8330162,ok,2017-01-02,1,4.408,5.96684759,3.052295046,-30.70857913,-28.65154883,34.61839642,,no_share_count
ISGYO,2020,uniform_05_31,2021-05-31,2021-05-31,2021-06-01,2021-06-01,2022-05-31,1.852278471,14.68876743,693.0107521,ok,2017-01-02,1,4.408,11.30952419,98.93616818,-32.97491258,-23.30887223,34.61839642,,no_share_count
KCHOL,2020,uniform_05_31,2021-05-31,2021-05-31,2021-06-01,2021-06-01,2022-05-31,16.01336861,35.54499817,121.9707736,ok,2017-01-02,1,4.408,18.14270812,21.24935982,-20.32234864,-16.4756883,34.61839642,,no_share_count
KONTR,2020,uniform_05_31,2021-05-31,2021-05-31,2021-06-01,2021-06-01,2022-05-31,3.983588219,8.080924988,102.8554294,ok,2020-10-19,1,0.613,,,-35.92233042,,34.61839642,,unexplained_jump_after_year_end
KRDMD,2020,uniform_05_31,2021-05-31,2021-05-31,2021-06-01,2021-06-01,2022-05-31,7.366734982,13.62150955,84.90565476,ok,2017-01-02,1,4.408,211.904777,302.1022731,-9.758896102,177.2863806,34.61839642,8960400152,ok
KRVGD,2020,uniform_05_31,2021-05-31,2021-05-31,2021-06-01,2021-06-01,2022-05-31,1.636352658,1.010671139,-38.23634938,ok,2020-12-04,1,0.487,,,-16.83221223,,34.61839642,,no_share_count
KUYAS,2020,uniform_05_31,2021-05-31,2021-05-31,2021-06-01,2021-06-01,2022-05-31,0.6000000238,1.702499986,183.7499863,ok,2017-01-02,1,4.408,107.2304259,221.3020684,-8.812252487,72.61202943,34.61839642,238000011.4,ok
LOGO,2020,uniform_05_31,2021-05-31,2021-05-31,2021-06-01,2021-06-01,2022-05-31,30.22862244,34.91480255,15.50246004,ok,2017-01-02,1,4.408,86.32907854,295.8833296,-24.46119538,51.71068212,34.61839642,,no_share_count
MAVI,2020,uniform_05_31,2021-05-31,2021-05-31,2021-06-01,2021-06-01,2022-05-31,2.720609665,4.225236893,55.30478139,ok,2017-06-15,1,3.959,11.72563311,47.57451381,-17.95288554,-22.89276331,34.61839642,2507678500,ok
MGROS,2020,uniform_05_31,2021-05-31,2021-05-31,2021-06-01,2021-06-01,2022-05-31,32.46319199,41.54013824,27.96073246,ok,2017-01-02,1,4.408,6.650263011,169.3624052,-32.54137837,-27.96813341,34.61839642,6271718521,ok
MIATK,2020,uniform_05_31,2021-05-31,,,,,,,,not_listed_at_prediction,2021-11-22,0,0,,,,,34.61839642,,share_count_disagrees_with_split_history
MPARK,2020,uniform_05_31,2021-05-31,2021-05-31,2021-06-01,2021-06-01,2022-05-31,23.10000038,35.20000076,52.38095317,ok,2018-02-13,1,3.294,39.54869232,90.90169942,-10.30534612,4.930295903,34.61839642,,no_share_count
NETAS,2020,uniform_05_31,2021-05-31,2021-05-31,2021-06-01,2021-06-01,2022-05-31,21.62000084,16.62999916,-23.0804879,ok,2017-01-02,1,4.408,43.82332976,,,9.204933337,34.61839642,,no_share_count
NTGAZ,2020,uniform_05_31,2021-05-31,2021-05-31,2021-06-01,2021-06-01,2022-05-31,1.03636229,0.9149952531,-11.71086969,ok,2021-04-01,1,0.164,,,-45.31157937,,34.61839642,,no_share_count
ODAS,2020,uniform_05_31,2021-05-31,2021-05-31,2021-06-01,2021-06-01,2022-05-31,1.559165001,2.75,76.37645781,ok,2017-01-02,1,4.408,19.68915811,146.6294525,-46.27906316,-14.92923831,34.61839642,,no_share_count
OTKAR,2020,uniform_05_31,2021-05-31,2021-05-31,2021-06-01,2021-06-01,2022-05-31,57.05383682,84.68383789,48.42794562,ok,2017-01-02,1,4.408,135.9229338,234.755735,-28.05528735,101.3045374,34.61839642,,no_share_count
OYAKC,2020,uniform_05_31,2021-05-31,2021-05-31,2021-06-01,2021-06-01,2022-05-31,1.768807173,2.979816437,68.46474181,ok,2017-01-02,1,4.408,18.95426351,164.7272393,-26.09139861,-15.66413291,34.61839642,9075087357,ok
PASEU,2020,uniform_05_31,2021-05-31,,,,,,,,not_listed_at_prediction,2024-03-21,0,0,,,,,34.61839642,,no_quote_at_reference_date
PETKM,2020,uniform_05_31,2021-05-31,2021-05-31,2021-06-01,2021-06-01,2022-05-31,6.230000019,9.920000076,59.22953525,ok,2017-01-02,1,4.408,110.0850356,96.12565396,-10.43478633,75.4666392,34.61839642,1.566259156e+10,ok
PGSUS,2020,uniform_05_31,2021-05-31,2021-05-31,2021-06-01,2021-06-01,2022-05-31,16.97152138,29.19633675,72.03134649,ok,2017-01-02,1,4.408,40.69375214,136.087474,-9.717700643,6.075355716,34.61839642,8506220763,ok
PRKME,2020,uniform_05_31,2021-05-31,2021-05-31,2021-06-01,2021-06-01,2022-05-31,4.735127926,5.376247406,13.53964434,ok,2017-01-02,1,4.408,46.70486905,163.9175183,-19.37008072,12.08647263,34.61839642,,no_share_count
RGYAS,2020,uniform_05_31,2021-05-31,,,,,,,,not_listed_at_prediction,2024-05-02,0,0,,,,,34.61839642,,no_share_count
SAHOL,2020,uniform_05_31,2021-05-31,2021-05-31,2021-06-01,2021-06-01,2022-05-31,7.607667923,18.63443184,144.9427607,ok,2017-01-02,1,4.408,9.238659573,24.59867841,-21.62706712,-25.37973685,34.61839642,,no_share_count
SASA,2020,uniform_05_31,2021-05-31,2021-05-31,2021-06-01,2021-06-01,2022-05-31,0.9096559882,1.957774043,115.2213659,ok,2017-01-02,1,4.408,306.5344803,594.6745772,-16.4891269,271.9160839,34.61839642,3.451837416e+10,ok
SELEC,2020,uniform_05_31,2021-05-31,2021-05-31,2021-06-01,2021-06-01,2022-05-31,8.494732857,12.97497082,52.74136381,ok,2017-01-02,1,4.408,11.35492656,,,-23.26346986,34.61839642,,no_share_count
SISE,2020,uniform_05_31,2021-05-31,2021-05-31,2021-06-01,2021-06-01,2022-05-31,7.215448856,19.71536255,173.2381996,ok,2017-01-02,1,4.408,60.83078871,57.16702711,-1.947024529,26.21239229,34.61839642,2.373990894e+10,ok
SKBNK,2020,uniform_05_31,2021-05-31,2021-05-31,2021-06-01,2021-06-01,2022-05-31,1.073277831,1.22660315,14.28570635,ok,2017-01-02,1,4.408,15.77617867,43.46190912,-35.30154198,-18.84221775,34.61839642,,no_share_count
SMRTG,2020,uniform_05_31,2021-05-31,,,,,,,,not_listed_at_prediction,2022-03-24,0,0,,,,,34.61839642,,no_share_count
SOKM,2020,uniform_05_31,2021-05-31,2021-05-31,2021-06-01,2021-06-01,2022-05-31,10.35792446,12.68045902,22.42277948,ok,2018-05-18,1,3.036,-4.381451957,26.47727536,-23.39986003,-38.99984838,34.61839642,,no_share_count
TAVHL,2020,uniform_05_31,2021-05-31,2021-05-31,2021-06-01,2021-06-01,2022-05-31,23.74614334,45.18281174,90.27431566,ok,2017-01-02,1,4.408,18.24457955,2.138993195,-14.43651213,-16.37381687,34.61839642,8711484209,ok
TBORG,2020,uniform_05_31,2021-05-31,2021-05-31,2021-06-01,2021-06-01,2022-05-31,14.15811157,15.03165245,6.169896839,ok,2017-01-02,1,4.408,24.48275221,133.2041253,-26.44661796,-10.13564421,34.61839642,,no_share_count
TCELL,2020,uniform_05_31,2021-05-31,2021-05-31,2021-06-01,2021-06-01,2022-05-31,13.44635582,17.12180328,27.33415294,ok,2017-01-02,1,4.408,20.93750268,50.15759778,-5.246532221,-13.68089374,34.61839642,3.484800034e+10,ok
THYAO,2020,uniform_05_31,2021-05-31,2021-05-31,2021-06-01,2021-06-01,2022-05-31,13.17816734,48.746521,269.9036423,ok,2017-01-02,1,4.408,6.730774722,6.730774722,-30.84112628,-27.8876217,34.61839642,1.838159958e+10,ok
TOASO,2020,uniform_05_31,2021-05-31,2021-05-31,2021-06-01,2021-06-01,2022-05-31,20.73604393,59.33422852,186.1405421,ok,2017-01-02,1,4.408,42.03739095,117.9725936,-18.51386142,7.418994532,34.61839642,1.451000023e+10,ok
TRALT,2020,uniform_05_31,2021-05-31,2021-05-31,2021-06-01,2021-06-01,2022-05-31,5.092915058,8.383330345,64.6077001,ok,2017-01-02,1,4.408,61.07744123,151.5776888,-21.36752446,26.45904481,34.61839642,1.823900006e+10,ok
TRMET,2020,uniform_05_31,2021-05-31,2021-05-31,2021-06-01,2021-06-01,2022-05-31,15.90999985,30.31999969,90.57196723,ok,2017-01-02,1,4.408,31.24484688,129.7258365,-22.26562289,-3.373549543,34.61839642,6178233630,ok
TSKB,2020,uniform_05_31,2021-05-31,2021-05-31,2021-06-01,2021-06-01,2022-05-31,1.297506213,2.11798811,63.23529614,ok,2017-01-02,1,4.408,23.22926862,99.34143883,-49.98074262,-11.3891278,34.61839642,3724000120,ok
TTKOM,2020,uniform_05_31,2021-05-31,2021-05-31,2021-06-01,2021-06-01,2022-05-31,5.885286331,9.75,65.6673856,ok,2017-01-02,1,4.408,-1.980560398,57.80284663,-19.45441696,-36.59895682,34.61839642,2.443000007e+10,ok
TUPRS,2020,uniform_05_31,2021-05-31,2021-05-31,2021-06-01,2021-06-01,2022-05-31,8.918370247,24.52099609,174.9492947,ok,2017-01-02,1,4.408,13.66024845,-25.34508467,-32.20751078,-20.95814797,34.61839642,2.679621938e+10,ok
TURSG,2020,uniform_05_31,2021-05-31,2021-05-31,2021-06-01,2021-06-01,2022-05-31,0.2667402327,0.263060838,-1.379392484,ok,2017-01-02,1,4.408,67.87442202,509.5111418,-26.17061003,33.2560256,34.61839642,6132840036,ok
ULKER,2020,uniform_05_31,2021-05-31,2021-05-31,2021-06-01,2021-06-01,2022-05-31,18.9581852,13.94139481,-26.46239784,ok,2017-01-02,1,4.408,-4.153119477,20.58805636,-18.04496399,-38.7715159,34.61839642,7455599739,ok
ULUSE,2020,uniform_05_31,2021-05-31,2021-05-31,2021-06-01,2021-06-01,2022-05-31,57.20000076,160.5,180.5944019,ok,2017-01-02,1,4.408,73.3944937,172.8585125,-18.18182068,38.77609728,34.61839642,,no_share_count
VAKBN,2020,uniform_05_31,2021-05-31,2021-05-31,2021-06-01,2021-06-01,2022-05-31,3.589999914,4.269999981,18.94150649,ok,2017-01-02,1,4.408,-24.08602368,-4.076089474,-48.61717569,-58.7044201,34.61839642,,no_share_count
VESTL,2020,uniform_05_31,2021-05-31,2021-05-31,2021-06-01,2021-06-01,2022-05-31,24.41141129,26.95999908,10.44014936,ok,2017-01-02,1,4.408,120.1418462,218.0327922,-18.57291967,85.52344982,34.61839642,,no_share_count
YKBNK,2020,uniform_05_31,2021-05-31,2021-05-31,2021-06-01,2021-06-01,2022-05-31,1.897334933,4.050356388,113.4760878,ok,2017-01-02,1,4.408,-2.667564901,11.02744636,-33.45041484,-37.28596132,34.61839642,,no_share_count
ZOREN,2020,uniform_05_31,2021-05-31,2021-05-31,2021-06-01,2021-06-01,2022-05-31,1.089025021,1.283627987,17.86946697,ok,2017-01-02,1,4.408,37.06304146,73.45138316,-37.97466463,2.444645044,34.61839642,,no_share_count
AEFES,2021,uniform_05_31,2022-05-31,2022-05-31,2022-06-01,2022-06-01,2023-05-31,2.674520493,5.601166725,109.4269511,ok,2017-01-02,1,5.407,31.79181129,94.20322847,-14.21524002,-47.51830774,79.31011903,1.674473724e+10,ok
AGESA,2021,uniform_05_31,2022-05-31,2022-05-31,2022-06-01,2022-06-01,2023-05-31,17.83258057,27.19345093,52.49307764,ok,2017-01-02,1,5.407,7.086808008,60.04328642,-29.96478592,-72.22331102,79.31011903,,no_share_count
AGHOL,2021,uniform_05_31,2022-05-31,2022-05-31,2022-06-01,2022-06-01,2023-05-31,3.874391317,9.301123619,140.0667062,ok,2017-01-02,1,5.407,78.21532894,132.8138436,-16.16455961,-1.09479009,79.31011903,,no_share_count
AKBNK,2021,uniform_05_31,2022-05-31,2022-05-31,2022-06-01,2022-06-01,2023-05-31,6.971360207,14.35101795,105.8567844,ok,2017-01-02,1,5.407,66.03996308,55.87804317,-12.36898204,-13.27015594,79.31011903,,no_share_count
AKENR,2021,uniform_05_31,2022-05-31,2022-05-31,2022-06-01,2022-06-01,2023-05-31,1.529999971,4.320000172,182.3529577,ok,2017-01-02,1,5.407,6.944437546,35.08771765,-41.88679598,-72.36568148,79.31011903,,no_share_count
AKSA,2021,uniform_05_31,2022-05-31,2022-05-31,2022-06-01,2022-06-01,2023-05-31,4.277491093,4.569299221,6.821945903,ok,2017-01-02,1,5.407,274.7545699,881.8498584,0,195.4444509,79.31011903,,no_share_count
AKSEN,2021,uniform_05_31,2022-05-31,2022-05-31,2022-06-01,2022-06-01,2023-05-31,21.48656464,33.09827423,54.04172231,ok,2017-01-02,1,5.407,227.44189,808.3871671,0,148.131771,79.31011903,,no_share_count
ALARK,2021,uniform_05_31,2022-05-31,2022-05-31,2022-06-01,2022-06-01,2023-05-31,29.32093048,64.35752106,119.4934472,ok,2017-01-02,1,5.407,204.5997157,510.7981826,0,125.2895967,79.31011903,,no_share_count
ALBRK,2021,uniform_05_31,2022-05-31,2022-05-31,2022-06-01,2022-06-01,2023-05-31,1.25633204,2.361526489,87.96993266,ok,2017-01-02,1,5.407,5.331680229,22.24624618,-35.33691432,-73.9784388,79.31011903,,no_share_count
ANHYT,2021,uniform_05_31,2022-05-31,2022-05-31,2022-06-01,2022-06-01,2023-05-31,10.13809109,14.21159077,40.18014481,ok,2017-01-02,1,5.407,50.10451964,131.8008519,-12.08712787,-29.20559939,79.31011903,,no_share_count
ARCLK,2021,uniform_05_31,2022-05-31,2022-05-31,2022-06-01,2022-06-01,2023-05-31,76.33000183,94.6629715,24.01803907,ok,2017-01-02,1,5.407,156.2002084,432.1978394,-4.18461405,76.89008939,79.31011903,5.260543973e+10,ok
ASELS,2021,uniform_05_31,2022-05-31,2022-05-31,2022-06-01,2022-06-01,2023-05-31,12.32965279,23.63633728,91.70318654,ok,2017-01-02,1,5.407,65.72082091,65.01541742,-14.23562799,-13.58929812,79.31011903,5.576879791e+10,ok
ASTOR,2021,uniform_05_31,2022-05-31,,,,,,,,not_listed_at_prediction,2023-01-18,0,0,,,,,79.31011903,,share_count_disagrees_with_split_history
BERA,2021,uniform_05_31,2022-05-31,2022-05-31,2022-06-01,2022-06-01,2023-05-31,5.048556805,10.02725315,98.61622913,ok,2017-01-02,1,5.407,-60.45597598,135.0467116,-69.27306526,-139.766095,79.31011903,,no_share_count
BIMAS,2021,uniform_05_31,2022-05-31,2022-05-31,2022-06-01,2022-06-01,2023-05-31,38.1097641,65.26006317,71.24236981,ok,2017-01-02,1,5.407,33.01660647,44.08420829,-8.026759366,-46.29351256,79.31011903,5.0094e+10,ok
BRSAN,2021,uniform_05_31,2022-05-31,2022-05-31,2022-06-01,2022-06-01,2023-05-31,30.05999947,181,502.1290859,ok,2017-01-02,1,5.407,4.058781842,186.7888148,-19.79504233,-75.25133718,79.31011903,4216286825,ok
BTCIM,2021,uniform_05_31,2022-05-31,2022-05-31,2022-06-01,2022-06-01,2023-05-31,0.709676981,1.190966964,67.81817583,ok,2017-01-02,1,5.407,77.95678977,644.784236,-8.291863762,-1.35332926,79.31011903,3981597866,ok
CANTE,2021,uniform_05_31,2022-05-31,2022-05-31,2022-06-01,2022-06-01,2023-05-31,2.02740407,2.884038925,42.25279351,ok,2021-04-30,1,1.084,334.1808716,,0,254.8707525,79.31011903,,share_count_disagrees_with_split_history
CCOLA,2021,uniform_05_31,2022-05-31,2022-05-31,2022-06-01,2022-06-01,2023-05-31,124.4050827,222.6056671,78.93615138,ok,2017-01-02,1,5.407,64.00744428,218.776778,-1.140679523,-15.30267475,79.31011903,,unexplained_jump_after_year_end
CEMTS,2021,uniform_05_31,2022-05-31,2022-05-31,2022-06-01,2022-06-01,2023-05-31,5.079601288,8.44230175,66.20008681,ok,2017-01-02,1,5.407,94.29142698,267.016757,-7.221879521,14.98130795,79.31011903,,no_share_count
CIMSA,2021,uniform_05_31,2022-05-31,2022-05-31,2022-06-01,2022-06-01,2023-05-31,4.727523804,14.53907967,207.5411203,ok,2017-01-02,1,5.407,57.9718279,365.7890323,-6.016793957,-21.33829112,79.31011903,4809005736,ok
DEVA,2021,uniform_05_31,2022-05-31,2022-05-31,2022-06-01,2022-06-01,2023-05-31,33.65177155,41.3756752,22.95244292,ok,2017-01-02,1,5.407,32.07303565,82.10182062,,-47.23708337,79.31011903,,no_share_count
DOAS,2021,uniform_05_31,2022-05-31,2022-05-31,2022-06-01,2022-06-01,2023-05-31,39.15154266,87.2022171,122.7299646,ok,2017-01-02,1,5.407,203.9018402,682.5843429,-3.683099792,124.5917212,79.31011903,1.524600067e+10,ok
DOHOL,2021,uniform_05_31,2022-05-31,2022-05-31,2022-06-01,2022-06-01,2023-05-31,3.643460274,8.016988754,120.0377705,ok,2017-01-02,1,5.407,36.39457527,113.8574446,-2.699927063,-42.91554376,79.31011903,,no_share_count
DSTKF,2021,uniform_05_31,2022-05-31,,,,,,,,not_listed_at_prediction,2025-02-06,0,0,,,,,79.31011903,,share_count_disagrees_with_split_history
EGEEN,2021,uniform_05_31,2022-05-31,2022-05-31,2022-06-01,2022-06-01,2023-05-31,1678.99939,4595.51123,173.7053544,ok,2017-01-02,1,5.407,45.35075326,235.6828684,-15.95465875,-33.95936576,79.31011903,,no_share_count
EKGYO,2021,uniform_05_31,2022-05-31,2022-05-31,2022-06-01,2022-06-01,2023-05-31,2.572426319,6.729816914,161.6135927,ok,2017-01-02,1,5.407,52.56378237,105.149399,-4.032451549,-26.74633666,79.31011903,,no_share_count
ENJSA,2021,uniform_05_31,2022-05-31,2022-05-31,2022-06-01,2022-06-01,2023-05-31,12.12997055,27.19155121,124.1683201,ok,2018-02-08,1,4.307,49.62356421,119.3270732,-7.268175809,-29.68655482,79.31011903,,no_share_count
ENKAI,2021,uniform_05_31,2022-05-31,2022-05-31,2022-06-01,2022-06-01,2023-05-31,13.04137707,22.71513176,74.17740199,ok,2017-01-02,1,5.407,90.48237146,209.9960905,-9.875935493,11.17225244,79.31011903,,share_count_disagrees_with_split_history
EREGL,2021,uniform_05_31,2022-05-31,2022-05-31,2022-06-01,2022-06-01,2023-05-31,16.52972221,15.95040798,-3.504682198,ok,2017-01-02,1,5.407,102.7110778,462.028011,-6.301382259,23.40095877,79.31011903,1.197000027e+11,ok
FROTO,2021,uniform_05_31,2022-05-31,2022-05-31,2022-06-01,2022-06-01,2023-05-31,24.16182137,46.93640518,94.25855556,ok,2017-01-02,1,5.407,88.78610657,445.3744363,-1.807809922,9.475987546,79.31011903,1.086417328e+11,ok
GARAN,2021,uniform_05_31,2022-05-31,2022-05-31,2022-06-01,2022-06-01,2023-05-31,12.37837219,23.73925018,91.78006457,ok,2017-01-02,1,5.407,85.93029256,93.33077306,-8.57950192,6.620173531,79.31011903,,no_share_count
GUBRF,2021,uniform_05_31,2022-05-31,2022-05-31,2022-06-01,2022-06-01,2023-05-31,76,259,240.7894737,ok,2017-01-02,1,5.407,24.81691781,239.6811214,-19.76987639,-54.49320121,79.31011903,2.561779898e+10,ok
HALKB,2021,uniform_05_31,2022-05-31,2022-05-31,2022-06-01,2022-06-01,2023-05-31,5.820000172,12.67000008,117.6975894,ok,2017-01-02,1,5.407,27.53303988,8.224300282,-21.86234708,-51.77707915,79.31011903,,no_share_count
HEKTS,2021,uniform_05_31,2022-05-31,2022-05-31,2022-06-01,2022-06-01,2023-05-31,9.454582214,27.86000061,194.6719377,unexplained_jump_in_window,2017-01-02,1,5.407,232.4840901,,,153.173971,79.31011903,,share_count_disagrees_with_split_history
ISCTR,2021,uniform_05_31,2022-05-31,2022-05-31,2022-06-01,2022-06-01,2023-05-31,1.644702911,4.108021736,149.7728743,ok,2017-01-02,1,5.407,120.4975361,133.654288,-1.72414435,41.18741706,79.31011903,,no_share_count
ISGYO,2021,uniform_05_31,2022-05-31,2022-05-31,2022-06-01,2022-06-01,2023-05-31,14.49955654,8.863052368,-38.87363146,ok,2017-01-02,1,5.407,688.7700447,777.9761837,-10.60606465,609.4599257,79.31011903,,no_share_count
KCHOL,2021,uniform_05_31,2022-05-31,2022-05-31,2022-06-01,2022-06-01,2023-05-31,35.64908218,69.88505554,96.03605832,ok,2017-01-02,1,5.407,125.6742745,166.6176995,-3.802810125,46.36415552,79.31011903,,no_share_count
KONTR,2021,uniform_05_31,2022-05-31,2022-05-31,2022-06-01,2022-06-01,2023-05-31,8.196367264,41.3548851,404.5513917,ok,2020-10-19,1,1.613,123.1409777,,-8.411222227,43.83085869,79.31011903,,share_count_disagrees_with_split_history
KRDMD,2021,uniform_05_31,2022-05-31,2022-05-31,2022-06-01,2022-06-01,2023-05-31,13.99216366,17.39472961,24.31765408,ok,2017-01-02,1,5.407,87.02289282,483.3333367,-11.81764452,7.712773792,79.31011903,1.675799978e+10,ok
KRVGD,2021,uniform_05_31,2022-05-31,2022-05-31,2022-06-01,2022-06-01,2023-05-31,1.016909361,1.583669424,55.73358698,ok,2020-12-04,1,1.487,-38.35280643,,-48.72939288,-117.6629255,79.31011903,,no_share_count
KUYAS,2021,uniform_05_31,2022-05-31,2022-05-31,2022-06-01,2022-06-01,2023-05-31,1.772500038,7.275000095,310.4372321,ok,2017-01-02,1,5.407,186.1344376,492.9576136,-2.575104925,106.8243186,79.31011903,680999994.3,ok
LOGO,2021,uniform_05_31,2022-05-31,2022-05-31,2022-06-01,2022-06-01,2023-05-31,35.67531586,48.21881485,35.1601624,ok,2017-01-02,1,5.407,19.00000897,121.7316202,-20.64758437,-60.31011005,79.31011903,,no_share_count
MAVI,2021,uniform_05_31,2022-05-31,2022-05-31,2022-06-01,2022-06-01,2023-05-31,4.351459503,12.25785923,181.6953535,ok,2017-06-15,1,4.958,58.22635764,76.77939982,-8.139528133,-21.08376138,79.31011903,3922903000,ok
MGROS,2021,uniform_05_31,2022-05-31,2022-05-31,2022-06-01,2022-06-01,2023-05-31,43.1154747,164.2093811,280.8594994,ok,2017-01-02,1,5.407,27.88682586,36.39163614,-13.72931002,-51.42329316,79.31011903,8020702384,ok
MIATK,2021,uniform_05_31,2022-05-31,2022-05-31,2022-06-01,2022-06-01,2023-05-31,2.432307005,8.192307472,236.8122303,ok,2021-11-22,1,0.52,,,-24.95194189,,79.31011903,,share_count_disagrees_with_split_history
MPARK,2021,uniform_05_31,2022-05-31,2022-05-31,2022-06-01,2022-06-01,2023-05-31,36.40000153,67,84.06592635,ok,2018-02-13,1,4.293,49.78723729,109.0261309,-10.52363847,-29.52288174,79.31011903,,no_share_count
NETAS,2021,uniform_05_31,2022-05-31,2022-05-31,2022-06-01,2022-06-01,2023-05-31,16.62999916,25.04000092,50.57126987,ok,2017-01-02,1,5.407,-20.20154012,14.76880209,,-99.51165915,79.31011903,,no_share_count
NTGAZ,2021,uniform_05_31,2022-05-31,2022-05-31,2022-06-01,2022-06-01,2023-05-31,0.9088206291,2.774505138,205.2863293,ok,2021-04-01,1,1.164,-11.61318669,,-51.66264776,-90.92330572,79.31011903,,no_share_count
ODAS,2021,uniform_05_31,2022-05-31,2022-05-31,2022-06-01,2022-06-01,2023-05-31,2.799999952,6.619999886,136.4285714,ok,2017-01-02,1,5.407,58.81513646,90.08449977,-14.68302086,-20.49498257,79.31011903,,no_share_count
OTKAR,2021,uniform_05_31,2022-05-31,2022-05-31,2022-06-01,2022-06-01,2023-05-31,85.29534149,164.712326,93.10823214,ok,2017-01-02,1,5.407,48.62401659,250.6381403,-5.022121499,-30.68610243,79.31011903,,no_share_count
OYAKC,2021,uniform_05_31,2022-05-31,2022-05-31,2022-06-01,2022-06-01,2023-05-31,2.984709501,10.1137619,238.8524712,ok,2017-01-02,1,5.407,67.30774778,99.01969917,-0.1639377131,-12.00237124,79.31011903,1.518332495e+10,ok
PASEU,2021,uniform_05_31,2022-05-31,,,,,,,,not_listed_at_prediction,2024-03-21,0,0,,,,,79.31011903,,no_quote_at_reference_date
PETKM,2021,uniform_05_31,2022-05-31,2022-05-31,2022-06-01,2022-06-01,2023-05-31,10.09000015,13.98999977,38.65212646,ok,2017-01-02,1,5.407,60.51780505,237.2238879,-7.806692702,-18.79231398,79.31011903,2.514124819e+10,ok
PGSUS,2021,uniform_05_31,2022-05-31,2022-05-31,2022-06-01,2022-06-01,2023-05-31,28.95081711,93.87020874,224.2402741,ok,2017-01-02,1,5.407,71.61755715,141.4551805,-1.313968706,-7.692561873,79.31011903,1.459816828e+10,ok
PRKME,2021,uniform_05_31,2022-05-31,2022-05-31,2022-06-01,2022-06-01,2023-05-31,5.449518204,13.90314102,155.1260589,ok,2017-01-02,1,5.407,14.64843514,68.19483664,-15.66092256,-64.66168389,79.31011903,,no_share_count
RGYAS,2021,uniform_05_31,2022-05-31,,,,,,,,not_listed_at_prediction,2024-05-02,0,0,,,,,79.31011903,,no_share_count
SAHOL,2021,uniform_05_31,2022-05-31,2022-05-31,2022-06-01,2022-06-01,2023-05-31,18.2304821,35.46563339,94.54029353,ok,2017-01-02,1,5.407,150.1954834,173.3101924,-2.660547479,70.88536442,79.31011903,,no_share_count
SASA,2021,uniform_05_31,2022-05-31,2022-05-31,2022-06-01,2022-06-01,2023-05-31,2.024321079,6.75,233.4451273,ok,2017-01-02,1,5.407,136.7294661,862.3869048,0,57.41934709,79.31011903,8.098559863e+10,ok
SELEC,2021,uniform_05_31,2022-05-31,2022-05-31,2022-06-01,2022-06-01,2023-05-31,13.37555408,32.99412155,146.674802,ok,2017-01-02,1,5.407,52.74136381,70.0850335,,-26.56875521,79.31011903,,no_share_count
SISE,2021,uniform_05_31,2022-05-31,2022-05-31,2022-06-01,2022-06-01,2023-05-31,19.69656944,38.55439377,95.74166903,ok,2017-01-02,1,5.407,176.0586995,343.9873838,0,96.74858051,79.31011903,6.42662295e+10,ok
SKBNK,2021,uniform_05_31,2022-05-31,2022-05-31,2022-06-01,2022-06-01,2023-05-31,1.236186028,2.322961807,87.91361134,ok,2017-01-02,1,5.407,16.36363698,34.72137226,-24.71452118,-62.94648204,79.31011903,,no_share_count
SMRTG,2021,uniform_05_31,2022-05-31,2022-05-31,2022-06-01,2022-06-01,2023-05-31,1.92424202,12.88720512,569.728911,ok,2022-03-24,1,0.186,,,-12.51001254,,79.31011903,,no_share_count
SOKM,2021,uniform_05_31,2022-05-31,2022-05-31,2022-06-01,2022-06-01,2023-05-31,13.25813389,25.75866318,94.2857373,ok,2018-05-18,1,4.036,21.6528244,16.32266435,-20.29761201,-57.65729462,79.31011903,,no_share_count
TAVHL,2021,uniform_05_31,2022-05-31,2022-05-31,2022-06-01,2022-06-01,2023-05-31,45.45916367,76.63707733,68.58444184,ok,2017-01-02,1,5.407,90.90907845,125.7396371,-0.8232213136,11.59895943,79.31011903,1.663101518e+10,ok
TBORG,2021,uniform_05_31,2022-05-31,2022-05-31,2022-06-01,2022-06-01,2023-05-31,14.87507248,26.89303017,80.79259919,ok,2017-01-02,1,5.407,8.405051639,34.94559182,-20.26441822,-70.90506739,79.31011903,,no_share_count
TCELL,2021,uniform_05_31,2022-05-31,2022-05-31,2022-06-01,2022-06-01,2023-05-31,17.16606712,30.64304733,78.50942276,ok,2017-01-02,1,5.407,28.45957867,55.3558064,-17.84196637,-50.85054035,79.31011903,4.254800034e+10,ok
THYAO,2021,uniform_05_31,2022-05-31,2022-05-31,2022-06-01,2022-06-01,2023-05-31,48.12131119,140.4759521,191.9204583,ok,2017-01-02,1,5.407,274.6246255,299.8397651,0,195.3145064,79.31011903,6.886200211e+10,ok
TOASO,2021,uniform_05_31,2022-05-31,2022-05-31,2022-06-01,2022-06-01,2023-05-31,60.11700439,173.5966187,188.7645857,ok,2017-01-02,1,5.407,183.7741434,303.0653895,-12.9735992,104.4640244,79.31011903,3.790000153e+10,ok
TRALT,2021,uniform_05_31,2022-05-31,2022-05-31,2022-06-01,2022-06-01,2023-05-31,8.604392052,22.68196869,163.6091958,ok,2017-01-02,1,5.407,64.88295227,165.5892405,-0.151886697,-14.42716675,79.31011903,3.007300012e+10,ok
TRMET,2021,uniform_05_31,2022-05-31,2022-05-31,2022-06-01,2022-06-01,2023-05-31,30.95999908,45.09999847,45.671834,ok,2017-01-02,1,5.407,90.45225848,149.958775,-12.62248119,11.14213945,79.31011903,1.176658548e+10,ok
TSKB,2021,uniform_05_31,2022-05-31,2022-05-31,2022-06-01,2022-06-01,2023-05-31,2.194311857,3.911599398,78.26086957,ok,2017-01-02,1,5.407,66.91729196,105.6909581,-16.50921013,-12.39282706,79.31011903,6216000080,ok
TTKOM,2021,uniform_05_31,2022-05-31,2022-05-31,2022-06-01,2022-06-01,2023-05-31,9.850000381,16.03000069,62.74111742,ok,2017-01-02,1,5.407,65.9047161,62.61887299,-17.5351239,-13.40540293,79.31011903,3.4125e+10,ok
TUPRS,2021,uniform_05_31,2022-05-31,2022-05-31,2022-06-01,2022-06-01,2023-05-31,24.54813004,45.66645432,86.02824023,ok,2017-01-02,1,5.407,178.4797283,216.5207511,0,99.16960931,79.31011903,7.462204368e+10,ok
TURSG,2021,uniform_05_31,2022-05-31,2022-05-31,2022-06-01,2022-06-01,2023-05-31,0.2646911144,0.6071059704,129.3639406,ok,2017-01-02,1,5.407,-0.6322847526,66.81297764,-26.637422,-79.94240378,79.31011903,5621760000,ok
ULKER,2021,uniform_05_31,2022-05-31,2022-05-31,2022-06-01,2022-06-01,2023-05-31,14.03820992,29.74868393,111.9122318,ok,2017-01-02,1,5.407,-27.33945191,-30.35713129,-40.45102165,-106.6495709,79.31011903,5417280052,ok
ULUSE,2021,uniform_05_31,2022-05-31,2022-05-31,2022-06-01,2022-06-01,2023-05-31,158.3000031,128.8000031,-18.63550185,ok,2017-01-02,1,5.407,183.0687793,390.8256766,-16.40625,103.7586602,79.31011903,,no_share_count
VAKBN,2021,uniform_05_31,2022-05-31,2022-05-31,2022-06-01,2022-06-01,2023-05-31,4.329999924,9.380000114,116.628182,ok,2017-01-02,1,5.407,20.96317324,-8.172045304,-37.84570521,-58.34694578,79.31011903,,no_share_count
VESTL,2021,uniform_05_31,2022-05-31,2022-05-31,2022-06-01,2022-06-01,2023-05-31,26.86000061,44.91999817,67.23751731,ok,2017-01-02,1,5.407,10.29782386,142.8116658,-14.14012926,-69.01229516,79.31011903,,no_share_count
YKBNK,2021,uniform_05_31,2022-05-31,2022-05-31,2022-06-01,2022-06-01,2023-05-31,4.164574146,9.775536537,134.7307598,ok,2017-01-02,1,5.407,119.4335519,113.5800195,-13.83176495,40.12343292,79.31011903,,no_share_count
ZOREN,2021,uniform_05_31,2022-05-31,2022-05-31,2022-06-01,2022-06-01,2023-05-31,1.295737982,2.985042095,130.3738979,ok,2017-01-02,1,5.407,18.47083386,62.37972813,-26.51806798,-60.83928517,79.31011903,,no_share_count
AEFES,2022,uniform_05_31,2023-05-31,2023-05-31,2023-06-01,2023-06-01,2024-05-31,5.654098988,19.57028961,246.1256985,ok,2017-01-02,1,6.407,109.5750656,176.2027749,-23.028789,17.71374884,91.86131674,3.446052732e+10,ok
AGESA,2022,uniform_05_31,2023-05-31,2023-05-31,2023-06-01,2023-06-01,2024-05-31,27.13772392,93.89541626,245.9959152,ok,2017-01-02,1,6.407,51.80306871,62.56106074,-33.08149008,-40.05824803,91.86131674,,no_share_count
AGHOL,2022,uniform_05_31,2023-05-31,2023-05-31,2023-06-01,2023-06-01,2024-05-31,9.821365356,32.78123856,233.7747591,ok,2017-01-02,1,6.407,141.5085308,330.4052226,-14.59574041,49.64721409,91.86131674,,no_share_count
AKBNK,2022,uniform_05_31,2023-05-31,2023-05-31,2023-06-01,2023-06-01,2024-05-31,14.84149551,62.93400192,324.0408378,ok,2017-01-02,1,6.407,108.3192112,245.8931414,-18.09228449,16.45789447,91.86131674,,no_share_count
AKENR,2022,uniform_05_31,2023-05-31,2023-05-31,2023-06-01,2023-06-01,2024-05-31,4.46999979,15.27000046,241.6107645,ok,2017-01-02,1,6.407,180.5194986,200,-32.81492555,88.65818187,91.86131674,,no_share_count
AKSA,2022,uniform_05_31,2023-05-31,2023-05-31,2023-06-01,2023-06-01,2024-05-31,4.683799744,8.929860115,90.65418258,ok,2017-01-02,1,6.407,13.63055855,325.835711,-29.90164153,-78.23075819,91.86131674,,no_share_count
AKSEN,2022,uniform_05_31,2023-05-31,2023-05-31,2023-06-01,2023-06-01,2024-05-31,32.82601547,45.31079483,38.0331855,ok,2017-01-02,1,6.407,69.35835704,454.5502052,-33.94550157,-22.5029597,91.86131674,,no_share_count
ALARK,2022,uniform_05_31,2023-05-31,2023-05-31,2023-06-01,2023-06-01,2024-05-31,64.30952454,116.8353882,81.67664747,ok,2017-01-02,1,6.407,127.7152675,593.6200575,-24.89038033,35.8539508,91.86131674,,no_share_count
ALBRK,2022,uniform_05_31,2023-05-31,2023-05-31,2023-06-01,2023-06-01,2024-05-31,2.437095165,5.658216953,132.1705379,ok,2017-01-02,1,6.407,87.96993266,97.9918884,-34.72584117,-3.891384081,91.86131674,,no_share_count
ANHYT,2022,uniform_05_31,2023-05-31,2023-05-31,2023-06-01,2023-06-01,2024-05-31,14.22834969,81.0845871,469.8804773,ok,2017-01-02,1,6.407,40.72558331,111.2354608,-25.09014408,-51.13573343,91.86131674,,no_share_count
ARCLK,2022,uniform_05_31,2023-05-31,2023-05-31,2023-06-01,2023-06-01,2024-05-31,99.08647156,181,82.66873081,ok,2017-01-02,1,6.407,23.69942859,216.9181939,-32.08744252,-68.16188815,91.86131674,6.50726282e+10,ok
ASELS,2022,uniform_05_31,2023-05-31,2023-05-31,2023-06-01,2023-06-01,2024-05-31,23.73586082,58.47973251,146.3771293,ok,2017-01-02,1,6.407,95.15163713,223.4068951,-31.25905355,3.290320385,91.86131674,1.083e+11,ok
ASTOR,2022,uniform_05_31,2023-05-31,2023-05-31,2023-06-01,2023-06-01,2024-05-31,53.71606827,96.14398193,78.98551594,ok,2023-01-18,1,0.364,,,-18.234565,,91.86131674,,share_count_disagrees_with_split_history
BERA,2022,uniform_05_31,2023-05-31,2023-05-31,2023-06-01,2023-06-01,2024-05-31,10.77481174,17.64999962,63.80796284,ok,2017-01-02,1,6.407,101.3802745,-20.36613589,-38.80778882,9.518957723,91.86131674,,no_share_count
BIMAS,2022,uniform_05_31,2023-05-31,2023-05-31,2023-06-01,2023-06-01,2024-05-31,66.55602264,227.1115875,241.2337133,ok,2017-01-02,1,6.407,76.01636581,134.1309966,-20.47380273,-15.84495093,91.86131674,8.56152e+10,ok
BRSAN,2022,uniform_05_31,2023-05-31,2023-05-31,2023-06-01,2023-06-01,2024-05-31,199.1000061,493.75,147.9909517,ok,2017-01-02,1,6.407,508.6079401,533.3100087,0,416.7466234,91.86131674,2.566065639e+10,ok
BTCIM,2022,uniform_05_31,2023-05-31,2023-05-31,2023-06-01,2023-06-01,2024-05-31,1.193547964,4.383870125,267.2973568,ok,2017-01-02,1,6.407,66.90775618,197.0236848,-24.65310111,-24.95356056,91.86131674,6645595658,ok
CANTE,2022,uniform_05_31,2023-05-31,2023-05-31,2023-06-01,2023-06-01,2024-05-31,2.886718988,2.232717991,-22.65551306,ok,2021-04-30,1,2.084,43.08510028,521.2481355,-68.55640143,-48.77621646,91.86131674,,share_count_disagrees_with_split_history
CCOLA,2022,uniform_05_31,2023-05-31,2023-05-31,2023-06-01,2023-06-01,2024-05-31,222.1244659,733.5401001,230.238318,ok,2017-01-02,1,6.407,78.11028706,192.1141298,-18.6996557,-13.75102968,91.86131674,,unexplained_jump_after_year_end
CEMTS,2022,uniform_05_31,2023-05-31,2023-05-31,2023-06-01,2023-06-01,2024-05-31,8.461084366,9.471813202,11.94561823,ok,2017-01-02,1,6.407,67.18568341,224.82745,-31.50085136,-24.67563333,91.86131674,,no_share_count
CIMSA,2022,uniform_05_31,2023-05-31,2023-05-31,2023-06-01,2023-06-01,2024-05-31,15.0636158,30.13318062,100.0394926,ok,2017-01-02,1,6.407,213.5882596,395.3811058,-29.56630972,121.7269429,91.86131674,1.460262785e+10,ok
DEVA,2022,uniform_05_31,2023-05-31,2023-05-31,2023-06-01,2023-06-01,2024-05-31,44.20716858,91.12619019,106.1344192,ok,2017-01-02,1,6.407,22.73509398,62.09996442,-39.80305097,-69.12622277,91.86131674,,no_share_count
DOAS,2022,uniform_05_31,2023-05-31,2023-05-31,2023-06-01,2023-06-01,2024-05-31,86.65302277,218.7438049,152.436439,ok,2017-01-02,1,6.407,127.7116312,592.0198374,-21.75136311,35.85031442,91.86131674,3.143799866e+10,ok
DOHOL,2022,uniform_05_31,2023-05-31,2023-05-31,2023-06-01,2023-06-01,2024-05-31,8.26721859,13.90234566,68.16230884,ok,2017-01-02,1,6.407,119.4890256,199.3711243,-27.74205604,27.6277089,91.86131674,,no_share_count
DSTKF,2022,uniform_05_31,2023-05-31,,,,,,,,not_listed_at_prediction,2025-02-06,0,0,,,,,91.86131674,,share_count_disagrees_with_split_history
EGEEN,2022,uniform_05_31,2023-05-31,2023-05-31,2023-06-01,2023-06-01,2024-05-31,4663.399414,12796.45703,174.4019093,ok,2017-01-02,1,6.407,173.7053544,297.8327944,-32.87191188,81.8440377,91.86131674,,no_share_count
EKGYO,2022,uniform_05_31,2023-05-31,2023-05-31,2023-06-01,2023-06-01,2024-05-31,6.852865219,8.376776695,22.23758132,ok,2017-01-02,1,6.407,156.1443096,290.783447,-22.61745784,64.28299284,91.86131674,,no_share_count
ENJSA,2022,uniform_05_31,2023-05-31,2023-05-31,2023-06-01,2023-06-01,2024-05-31,26.73543549,55.29039383,106.8056601,ok,2018-02-08,1,5.306,125.3800447,237.221656,-11.42791553,33.518728,91.86131674,,no_share_count
ENKAI,2022,uniform_05_31,2023-05-31,2023-05-31,2023-06-01,2023-06-01,2024-05-31,22.82053757,38.30875778,67.86965543,ok,2017-01-02,1,6.407,78.16367976,239.3704023,-25.35157892,-13.69763698,91.86131674,,share_count_disagrees_with_split_history
EREGL,2022,uniform_05_31,2023-05-31,2023-05-31,2023-06-01,2023-06-01,2024-05-31,16.08558083,23.42702293,45.63989443,ok,2017-01-02,1,6.407,-3.391813507,95.83549608,-33.73446217,-95.25313025,91.86131674,1.156400032e+11,ok
FROTO,2022,uniform_05_31,2023-05-31,2023-05-31,2023-06-01,2023-06-01,2024-05-31,48.00909805,96.16732788,100.3106323,ok,2017-01-02,1,6.407,91.99972598,262.4688073,-6.23258069,0.1384092437,91.86131674,2.011416109e+11,ok
GARAN,2022,uniform_05_31,2023-05-31,2023-05-31,2023-06-01,2023-06-01,2024-05-31,24.05837059,99.9184494,315.3167773,ok,2017-01-02,1,6.407,98.10681055,268.3405724,-19.09364526,6.245493806,91.86131674,,no_share_count
GUBRF,2022,uniform_05_31,2023-05-31,2023-05-31,2023-06-01,2023-06-01,2024-05-31,260.1000061,152.3000031,-41.44559805,ok,2017-01-02,1,6.407,237.6792833,321.4808735,-30.05670847,145.8179666,91.86131674,8.6506e+10,ok
HALKB,2022,uniform_05_31,2023-05-31,2023-05-31,2023-06-01,2023-06-01,2024-05-31,12.90999985,17.63999939,36.6382618,ok,2017-01-02,1,6.407,118.8255641,179.0748939,-19.09322989,26.96424733,91.86131674,,no_share_count
HEKTS,2022,uniform_05_31,2023-05-31,2023-05-31,2023-06-01,2023-06-01,2024-05-31,27.94000053,14.60000038,-47.74516785,ok,2017-01-02,1,6.407,,,,,91.86131674,,share_count_disagrees_with_split_history
ISCTR,2022,uniform_05_31,2023-05-31,2023-05-31,2023-06-01,2023-06-01,2024-05-31,4.200129986,15.22500038,262.4887904,ok,2017-01-02,1,6.407,146.3134661,443.1151238,-20.92198175,54.45214936,91.86131674,,no_share_count
ISGYO,2022,uniform_05_31,2023-05-31,2023-05-31,2023-06-01,2023-06-01,2024-05-31,9.151848793,16.57092094,81.06637597,ok,2017-01-02,1,6.407,-39.66102051,375.9357955,-56.83802808,-131.5223373,91.86131674,,no_share_count
KCHOL,2022,uniform_05_31,2023-05-31,2023-05-31,2023-06-01,2023-06-01,2024-05-31,71.39272308,219.3765717,207.2814177,ok,2017-01-02,1,6.407,96.61009746,343.6984111,-18.63706753,4.748780719,91.86131674,,no_share_count
KONTR,2022,uniform_05_31,2023-05-31,2023-05-31,2023-06-01,2023-06-01,2024-05-31,41.87543106,58.73435211,40.25969554,ok,2020-10-19,1,2.612,411.7592994,1041.944704,-33.67346814,319.8979826,91.86131674,,share_count_disagrees_with_split_history
KRDMD,2022,uniform_05_31,2023-05-31,2023-05-31,2023-06-01,2023-06-01,2024-05-31,17.73133659,29.07999992,64.00342845,ok,2017-01-02,1,6.407,27.70045455,138.8290842,-29.94417795,-64.16086219,91.86131674,2.002979965e+10,ok
KRVGD,2022,uniform_05_31,2023-05-31,2023-05-31,2023-06-01,2023-06-01,2024-05-31,1.577313304,3.045914412,93.1077614,ok,2020-12-04,1,2.486,56.69483013,-3.402034749,-50.16666775,-35.16648661,91.86131674,,no_share_count
KUYAS,2022,uniform_05_31,2023-05-31,2023-05-31,2023-06-01,2023-06-01,2024-05-31,7.309999943,12.14999962,66.2106664,ok,2017-01-02,1,6.407,327.3127845,1122.689033,-11.00917522,235.4514678,91.86131674,2910000038,ok
LOGO,2022,uniform_05_31,2023-05-31,2023-05-31,2023-06-01,2023-06-01,2024-05-31,48.7076683,78.30558014,60.76643138,ok,2017-01-02,1,6.407,38.10421748,64.3440312,-21.52725888,-53.75709926,91.86131674,,no_share_count
MAVI,2022,uniform_05_31,2023-05-31,2023-05-31,2023-06-01,2023-06-01,2024-05-31,12.59835434,44.31044388,251.7161264,ok,2017-06-15,1,5.958,190.1105794,359.0314029,-17.2951034,98.24926265,91.86131674,1.0725912e+10,ok
MGROS,2022,uniform_05_31,2023-05-31,2023-05-31,2023-06-01,2023-06-01,2024-05-31,168.2075195,459.2270508,173.0122007,ok,2017-01-02,1,6.407,295.302924,405.540362,-9.592560962,203.4416072,91.86131674,3.123185519e+10,ok
MIATK,2022,uniform_05_31,2023-05-31,2023-05-31,2023-06-01,2023-06-01,2024-05-31,8.384614944,49.84000015,494.4220514,ok,2021-11-22,1,1.52,241.1275537,,-37.35294427,149.2662369,91.86131674,4046999891,ok
MPARK,2022,uniform_05_31,2023-05-31,2023-05-31,2023-06-01,2023-06-01,2024-05-31,66,270.25,309.469697,ok,2018-02-13,1,5.292,90.34090497,185.106383,-27.17391304,-1.520411775,91.86131674,,no_share_count
NETAS,2022,uniform_05_31,2023-05-31,2023-05-31,2023-06-01,2023-06-01,2024-05-31,24.87999916,74,197.4276628,ok,2017-01-02,1,6.407,50.57126987,20.15355438,-42.98724508,-41.29004687,91.86131674,,no_share_count
NTGAZ,2022,uniform_05_31,2023-05-31,2023-05-31,2023-06-01,2023-06-01,2024-05-31,3.050872087,4.821045399,58.02187901,ok,2021-04-01,1,2.163,203.2261784,168.0119562,-59.18426743,111.3648617,91.86131674,,no_share_count
ODAS,2022,uniform_05_31,2023-05-31,2023-05-31,2023-06-01,2023-06-01,2024-05-31,6.840000153,8.699999809,27.19297683,ok,2017-01-02,1,6.407,140.7272686,282.3113401,-46.26623336,48.86595183,91.86131674,,no_share_count
OTKAR,2022,uniform_05_31,2023-05-31,2023-05-31,2023-06-01,2023-06-01,2024-05-31,171.6164398,609.5,255.1524555,ok,2017-01-02,1,6.407,94.50267035,189.0776811,-22.49141718,2.641353607,91.86131674,,no_share_count
OYAKC,2022,uniform_05_31,2023-05-31,2023-05-31,2023-06-01,2023-06-01,2024-05-31,10.37798119,14.83792019,42.9750153,ok,2017-01-02,1,6.407,239.4088903,467.8573702,-18.78192275,147.5475736,91.86131674,5.153355316e+10,ok
PASEU,2022,uniform_05_31,2023-05-31,,,,,,,,not_listed_at_prediction,2024-03-21,0,0,,,,,91.86131674,,no_quote_at_reference_date
PETKM,2022,uniform_05_31,2023-05-31,2023-05-31,2023-06-01,2023-06-01,2024-05-31,14.15999985,20.37999916,43.9265493,ok,2017-01-02,1,6.407,41.02822241,126.3754071,-31.68945272,-50.83309433,91.86131674,3.545625542e+10,ok
PGSUS,2022,uniform_05_31,2023-05-31,2023-05-31,2023-06-01,2023-06-01,2024-05-31,94.85228729,201.8000031,112.7518575,ok,2017-01-02,1,6.407,221.5136527,451.7738768,-16.4603074,129.652336,91.86131674,4.693510407e+10,ok
PRKME,2022,uniform_05_31,2023-05-31,2023-05-31,2023-06-01,2023-06-01,2024-05-31,14.2420187,22.70010567,59.38825911,ok,2017-01-02,1,6.407,158.6030733,196.4843768,-45.78571462,66.74175659,91.86131674,,no_share_count
RGYAS,2022,uniform_05_31,2023-05-31,,,,,,,,not_listed_at_prediction,2024-05-02,0,0,,,,,91.86131674,,no_share_count
SAHOL,2022,uniform_05_31,2023-05-31,2023-05-31,2023-06-01,2023-06-01,2024-05-31,36.20067215,92.72312927,156.1364852,ok,2017-01-02,1,6.407,90.32312709,376.1798679,-13.3707266,-1.538189646,91.86131674,,no_share_count
SASA,2022,uniform_05_31,2023-05-31,2023-05-31,2023-06-01,2023-06-01,2024-05-31,6.75,5.497499943,-18.5555564,ok,2017-01-02,1,6.407,244.7793183,716.1942395,-32.487651,152.9180016,91.86131674,2.817371048e+11,ok
SELEC,2022,uniform_05_31,2023-05-31,2023-05-31,2023-06-01,2023-06-01,2024-05-31,33.17129898,48.21220016,45.34311783,ok,2017-01-02,1,6.407,154.2905261,288.4068176,-24.72185015,62.42920935,91.86131674,,no_share_count
SISE,2022,uniform_05_31,2023-05-31,2023-05-31,2023-06-01,2023-06-01,2024-05-31,39.08934021,48.08751297,23.01950535,ok,2017-01-02,1,6.407,95.55508387,439.8468214,-18.19051903,3.693767133,91.86131674,1.236313212e+11,ok
SKBNK,2022,uniform_05_31,2023-05-31,2023-05-31,2023-06-01,2023-06-01,2024-05-31,2.35224247,5.037312508,114.1493733,ok,2017-01-02,1,6.407,89.38169257,120.3714252,-53.82694559,-2.479624173,91.86131674,,no_share_count
SMRTG,2022,uniform_05_31,2023-05-31,2023-05-31,2023-06-01,2023-06-01,2024-05-31,13.48484802,16.73333359,24.08989378,ok,2022-03-24,1,1.185,601.6499911,,-45.93926411,509.7886743,91.86131674,,no_share_count
SOKM,2022,uniform_05_31,2023-05-31,2023-05-31,2023-06-01,2023-06-01,2024-05-31,26.32686615,55.989254,112.6696496,ok,2018-05-18,1,5.035,103.1366777,147.1215058,-22.10766191,11.27536098,91.86131674,,no_share_count
TAVHL,2022,uniform_05_31,2023-05-31,2023-05-31,2023-06-01,2023-06-01,2024-05-31,76.48903656,237.5601349,210.5806343,ok,2017-01-02,1,6.407,69.61555597,223.8114948,-19.32467558,-22.24576077,91.86131674,2.820878962e+10,ok
TBORG,2022,uniform_05_31,2023-05-31,2023-05-31,2023-06-01,2023-06-01,2024-05-31,26.89303017,78.56098175,192.1239491,ok,2017-01-02,1,6.407,78.90933984,93.94676224,-24.40214196,-12.9519769,91.86131674,,no_share_count
TCELL,2022,uniform_05_31,2023-05-31,2023-05-31,2023-06-01,2023-06-01,2024-05-31,30.88087463,92.8561554,200.6914684,ok,2017-01-02,1,6.407,78.9709111,129.9052783,-20.12398699,-12.89040565,91.86131674,7.37e+10,ok
THYAO,2022,uniform_05_31,2023-05-31,2023-05-31,2023-06-01,2023-06-01,2024-05-31,143.6019745,295.751709,105.9523973,ok,2017-01-02,1,6.407,188.1763647,979.5796271,-6.985762997,96.31504801,91.86131674,1.984440042e+11,ok
TOASO,2022,uniform_05_31,2023-05-31,2023-05-31,2023-06-01,2023-06-01,2024-05-31,167.1221313,269.4718323,61.2424579,ok,2017-01-02,1,6.407,192.5741566,730.2498067,-5.714280031,100.7128399,91.86131674,1.0725e+11,ok
TRALT,2022,uniform_05_31,2023-05-31,2023-05-31,2023-06-01,2023-06-01,2024-05-31,22.83961868,20.87999916,-8.57991348,ok,2017-01-02,1,6.407,170.5603591,346.1079078,-27.07496947,78.69904239,91.86131674,7.372155147e+10,ok
TRMET,2022,uniform_05_31,2023-05-31,2023-05-31,2023-06-01,2023-06-01,2024-05-31,44.41999817,49.61999893,11.70644074,ok,2017-01-02,1,6.407,48.74669831,183.2914463,-27.19935768,-43.11461843,91.86131674,1.750240741e+10,ok
TSKB,2022,uniform_05_31,2023-05-31,2023-05-31,2023-06-01,2023-06-01,2024-05-31,3.949761152,10.54223728,166.9082224,ok,2017-01-02,1,6.407,84.68467221,208.2706535,-42.97635546,-7.17664453,91.86131674,1.147999973e+10,ok
TTKOM,2022,uniform_05_31,2023-05-31,2023-05-31,2023-06-01,2023-06-01,2024-05-31,16.29999924,46.11999893,182.944792,ok,2017-01-02,1,6.407,64.41026345,172.7643808,-39.32626556,-27.45105329,91.86131674,5.61050024e+10,ok
TUPRS,2022,uniform_05_31,2023-05-31,2023-05-31,2023-06-01,2023-06-01,2024-05-31,46.10948944,140.927475,205.6365982,ok,2017-01-02,1,6.407,86.23409155,418.6241922,-21.83300471,-5.627225187,91.86131674,1.290953051e+11,ok
TURSG,2022,uniform_05_31,2023-05-31,2023-05-31,2023-06-01,2023-06-01,2024-05-31,0.5994973183,4.14603138,591.5846416,ok,2017-01-02,1,6.407,130.785386,129.3261652,-18.88162858,38.92406927,91.86131674,1.29742005e+10,ok
ULKER,2022,uniform_05_31,2023-05-31,2023-05-31,2023-06-01,2023-06-01,2024-05-31,30.01272392,120.138916,300.2932767,ok,2017-01-02,1,6.407,113.3838425,55.04586946,-28.72205231,21.52252572,91.86131674,1.155959974e+10,ok
ULUSE,2022,uniform_05_31,2023-05-31,2023-05-31,2023-06-01,2023-06-01,2024-05-31,130.3000031,180,38.14274427,ok,2017-01-02,1,6.407,-19.75077691,127.1604962,-65.11375981,-111.6120937,91.86131674,,no_share_count
VAKBN,2022,uniform_05_31,2023-05-31,2023-05-31,2023-06-01,2023-06-01,2024-05-31,9.520000458,22.13999939,132.5630076,ok,2017-01-02,1,6.407,119.6721348,165.722385,-34.12921162,27.81081807,91.86131674,,no_share_count
VESTL,2022,uniform_05_31,2023-05-31,2023-05-31,2023-06-01,2023-06-01,2024-05-31,47.24000168,83.69999695,77.18034288,ok,2017-01-02,1,6.407,66.61720955,83.77515631,-42.7770724,-25.24410719,91.86131674,,no_share_count
YKBNK,2022,uniform_05_31,2023-05-31,2023-05-31,2023-06-01,2023-06-01,2024-05-31,10.09180355,32.31999969,220.2598974,ok,2017-01-02,1,6.407,141.3500344,429.6029532,-13.54905153,49.48871769,91.86131674,,no_share_count
ZOREN,2022,uniform_05_31,2023-05-31,2023-05-31,2023-06-01,2023-06-01,2024-05-31,3.130357981,5.619999886,79.53217875,ok,2017-01-02,1,6.407,132.5472898,175.5007134,-43.84965874,40.6859731,91.86131674,,no_share_count
AEFES,2023,uniform_05_31,2024-05-31,2024-05-31,2024-06-03,2024-06-03,2025-05-30,21.04543877,13.81476593,-34.35743449,ok,2017-01-02,1,7.409,246.1256985,631.7307781,-3.585280004,136.4297225,109.6959759,1.178289451e+11,ok
AGESA,2023,uniform_05_31,2024-05-31,2024-05-31,2024-06-03,2024-06-03,2025-05-30,97.5174942,137.0435944,40.53231729,ok,2017-01-02,1,7.409,245.9959152,426.5385787,0,136.2999393,109.6959759,,no_share_count
AGHOL,2023,uniform_05_31,2024-05-31,2024-05-31,2024-06-03,2024-06-03,2025-05-30,35.0614624,25.60000038,-26.98536049,ok,2017-01-02,1,7.409,233.7747591,746.1003515,-10.46147832,124.0787832,109.6959759,,no_share_count
AKBNK,2023,uniform_05_31,2024-05-31,2024-05-31,2024-06-03,2024-06-03,2025-05-30,63.3131218,49.36774826,-22.02604001,ok,2017-01-02,1,7.409,324.0408378,802.7506836,-4.871058074,214.3448619,109.6959759,,no_share_count
AKENR,2023,uniform_05_31,2024-05-31,2024-05-31,2024-06-03,2024-06-03,2025-05-30,15.15999985,10.31999969,-31.9261227,ok,2017-01-02,1,7.409,241.6107645,898.0392643,-44.79392429,131.9147886,109.6959759,,no_share_count
AKSA,2023,uniform_05_31,2024-05-31,2024-05-31,2024-06-03,2024-06-03,2025-05-30,8.94493103,8.615180969,-3.686446099,ok,2017-01-02,1,7.409,90.65418258,108.7639675,-6.912797949,-19.04179332,109.6959759,,no_share_count
AKSEN,2023,uniform_05_31,2024-05-31,2024-05-31,2024-06-03,2024-06-03,2025-05-30,45.01909637,32.45999908,-27.8972665,ok,2017-01-02,1,7.409,38.0331855,110.8796618,-9.572873643,-71.6627904,109.6959759,,no_share_count
ALARK,2023,uniform_05_31,2024-05-31,2024-05-31,2024-06-03,2024-06-03,2025-05-30,117.6136398,81.05000305,-31.08792214,ok,2017-01-02,1,7.409,81.67664747,298.470943,-15.916827,-28.01932843,109.6959759,,no_share_count
ALBRK,2023,uniform_05_31,2024-05-31,2024-05-31,2024-06-03,2024-06-03,2025-05-30,5.648771286,6.506393433,15.18245479,ok,2017-01-02,1,7.409,132.1705379,350.3759177,-7.846155077,22.47456195,109.6959759,,no_share_count
ANHYT,2023,uniform_05_31,2024-05-31,2024-05-31,2024-06-03,2024-06-03,2025-05-30,85.4913559,72.27423859,-15.46017977,ok,2017-01-02,1,7.409,469.8804773,699.8013275,0,360.1845014,109.6959759,,no_share_count
ARCLK,2023,uniform_05_31,2024-05-31,2024-05-31,2024-06-03,2024-06-03,2025-05-30,176.3000031,105.4000015,-40.21554186,ok,2017-01-02,1,7.409,82.66873081,137.1282532,-7.179487179,-27.02724509,109.6959759,1.223068051e+11,ok
ASELS,2023,uniform_05_31,2024-05-31,2024-05-31,2024-06-03,2024-06-03,2025-05-30,60.22465134,129.4350891,114.9204458,ok,2017-01-02,1,7.409,146.3771293,374.3015357,-11.80451489,36.68115339,109.6959759,2.67444007e+11,ok
ASTOR,2023,uniform_05_31,2024-05-31,2024-05-31,2024-06-03,2024-06-03,2025-05-30,95.85204315,92.29149628,-3.714628043,ok,2023-01-18,1,1.366,78.98551594,,-31.8150367,-30.71045996,109.6959759,9.860240305e+10,ok
BERA,2023,uniform_05_31,2024-05-31,2024-05-31,2024-06-03,2024-06-03,2025-05-30,17.53000069,14.05000019,-19.85168488,ok,2017-01-02,1,7.409,63.80796284,249.6048535,-17.90697852,-45.88801307,109.6959759,,no_share_count
BIMAS,2023,uniform_05_31,2024-05-31,2024-05-31,2024-06-03,2024-06-03,2025-05-30,235.0368347,229.6478119,-2.292841815,ok,2017-01-02,1,7.409,241.2337133,495.9406805,-1.487947815,131.5377374,109.6959759,2.91456e+11,ok
BRSAN,2023,uniform_05_31,2024-05-31,2024-05-31,2024-06-03,2024-06-03,2025-05-30,497,330.75,-33.45070423,ok,2017-01-02,1,7.409,147.9909517,1542.548266,-50.29696116,38.29497581,109.6959759,6.999971875e+10,ok
BTCIM,2023,uniform_05_31,2024-05-31,2024-05-31,2024-06-03,2024-06-03,2025-05-30,4.383870125,4.96999979,13.3701421,ok,2017-01-02,1,7.409,267.2973568,517.7275355,-27.28733307,157.6013809,109.6959759,2.44619953e+10,ok
CANTE,2023,uniform_05_31,2024-05-31,2024-05-31,2024-06-03,2024-06-03,2025-05-30,2.21529603,1.539999962,-30.48333311,ok,2021-04-30,1,3.086,-22.65551306,10.12693641,-75.65751016,-132.351489,109.6959759,,share_count_disagrees_with_split_history
CCOLA,2023,uniform_05_31,2024-05-31,2024-05-31,2024-06-03,2024-06-03,2025-05-30,770.6265259,47.96539307,-93.77579262,unexplained_jump_in_window,2017-01-02,1,7.409,230.238318,489.6383686,-3.459143696,120.5423421,109.6959759,,unexplained_jump_after_year_end
CEMTS,2023,uniform_05_31,2024-05-31,2024-05-31,2024-06-03,2024-06-03,2025-05-30,9.395658493,11.28318882,20.08938839,ok,2017-01-02,1,7.409,11.94561823,86.46765101,-32.12448933,-97.75035768,109.6959759,,no_share_count
CIMSA,2023,uniform_05_31,2024-05-31,2024-05-31,2024-06-03,2024-06-03,2025-05-30,30.19154167,47.4673233,57.22060112,ok,2017-01-02,1,7.409,100.0394926,537.3988132,-31.21147577,-9.656483261,109.6959759,2.929441166e+10,ok
DEVA,2023,uniform_05_31,2024-05-31,2024-05-31,2024-06-03,2024-06-03,2025-05-30,96.65955353,54.54999924,-43.56481357,ok,2017-01-02,1,7.409,106.1344192,170.7916582,-11.00291064,-3.561556728,109.6959759,,no_share_count
DOAS,2023,uniform_05_31,2024-05-31,2024-05-31,2024-06-03,2024-06-03,2025-05-30,207.1929779,148.4309387,-28.36101869,ok,2017-01-02,1,7.409,152.436439,458.7105643,-15.28819552,42.74046306,109.6959759,6.666e+10,ok
DOHOL,2023,uniform_05_31,2024-05-31,2024-05-31,2024-06-03,2024-06-03,2025-05-30,14.30460167,14.42707539,0.8561840418,ok,2017-01-02,1,7.409,68.16230884,281.5698433,-10.88050041,-41.53366707,109.6959759,,no_share_count
DSTKF,2023,uniform_05_31,2024-05-31,,,,,,,,not_listed_at_prediction,2025-02-06,0,0,,,,,109.6959759,,share_count_disagrees_with_split_history
EGEEN,2023,uniform_05_31,2024-05-31,2024-05-31,2024-06-03,2024-06-03,2025-05-30,12617.48535,8305,-34.17864362,ok,2017-01-02,1,7.409,174.4019093,662.1478072,-25.89581394,64.70593341,109.6959759,,no_share_count
EKGYO,2023,uniform_05_31,2024-05-31,2024-05-31,2024-06-03,2024-06-03,2025-05-30,8.443033218,13.23246574,56.72644418,ok,2017-01-02,1,7.409,22.23758132,225.6371867,-23.9036942,-87.45839458,109.6959759,,no_share_count
ENJSA,2023,uniform_05_31,2024-05-31,2024-05-31,2024-06-03,2024-06-03,2025-05-30,55.9306488,51.17489243,-8.502952281,ok,2018-02-08,1,6.308,106.8056601,355.8163897,-13.51931615,-2.890315835,109.6959759,,no_share_count
ENKAI,2023,uniform_05_31,2024-05-31,2024-05-31,2024-06-03,2024-06-03,2025-05-30,38.76942062,57.34812164,47.92101796,ok,2017-01-02,1,7.409,67.86965543,193.7477966,0,-41.82632047,109.6959759,2.328480103e+11,ok
EREGL,2023,uniform_05_31,2024-05-31,2024-05-31,2024-06-03,2024-06-03,2025-05-30,24.23822212,22.90903091,-5.483864292,ok,2017-01-02,1,7.409,45.63989443,41.72665839,-2.994741935,-64.05608147,109.6959759,1.677899952e+11,ok
FROTO,2023,uniform_05_31,2024-05-31,2024-05-31,2024-06-03,2024-06-03,2025-05-30,95.02351379,72.71640015,-23.47536179,ok,2017-01-02,1,7.409,100.3106323,298.0135704,-10.55645572,-9.385343587,109.6959759,3.835446407e+11,ok
GARAN,2023,uniform_05_31,2024-05-31,2024-05-31,2024-06-03,2024-06-03,2025-05-30,100.6599579,101.7866974,1.119352249,ok,2017-01-02,1,7.409,315.3167773,707.2018505,0,205.6208014,109.6959759,,no_share_count
GUBRF,2023,uniform_05_31,2024-05-31,2024-05-31,2024-06-03,2024-06-03,2025-05-30,153.8000031,238.1000061,54.81144433,ok,2017-01-02,1,7.409,-41.44559805,100.3947409,-61.29606022,-151.141574,109.6959759,5.086820102e+10,ok
HALKB,2023,uniform_05_31,2024-05-31,2024-05-31,2024-06-03,2024-06-03,2025-05-30,18.46999931,19.43000031,5.197623322,ok,2017-01-02,1,7.409,36.6382618,203.0927641,-8.12500683,-73.05771411,109.6959759,,no_share_count
HEKTS,2023,uniform_05_31,2024-05-31,2024-05-31,2024-06-03,2024-06-03,2025-05-30,14.85999966,3.089999914,-79.20592204,unexplained_jump_in_window,2017-01-02,1,7.409,-47.74516785,,,-157.4411438,109.6959759,,share_count_disagrees_with_split_history
ISCTR,2023,uniform_05_31,2024-05-31,2024-05-31,2024-06-03,2024-06-03,2025-05-30,15.59357643,10.30961609,-33.88549359,ok,2017-01-02,1,7.409,262.4887904,825.6991203,0,152.7928145,109.6959759,,no_share_count
ISGYO,2023,uniform_05_31,2024-05-31,2024-05-31,2024-06-03,2024-06-03,2025-05-30,16.82984161,14.39997196,-14.43786405,ok,2017-01-02,1,7.409,81.06637597,14.28570865,-31.52263415,-28.62959993,109.6959759,,no_share_count
KCHOL,2023,uniform_05_31,2024-05-31,2024-05-31,2024-06-03,2024-06-03,2025-05-30,213.8507233,136.5928192,-36.1270249,ok,2017-01-02,1,7.409,207.2814177,515.3778954,-9.687203247,97.58544184,109.6959759,,no_share_count
KONTR,2023,uniform_05_31,2024-05-31,2024-05-31,2024-06-03,2024-06-03,2025-05-30,61.07793808,25.2411499,-58.67386704,ok,2020-10-19,1,3.614,40.25969554,616.590048,-39.69102184,-69.43628037,109.6959759,,share_count_disagrees_with_split_history
KRDMD,2023,uniform_05_31,2024-05-31,2024-05-31,2024-06-03,2024-06-03,2025-05-30,30.47999954,22.04000092,-27.69028462,ok,2017-01-02,1,7.409,64.00342845,107.830616,-10.40614858,-45.69254746,109.6959759,3.315119991e+10,ok
KRVGD,2023,uniform_05_31,2024-05-31,2024-05-31,2024-06-03,2024-06-03,2025-05-30,3.107944727,1.925983429,-38.03031913,ok,2020-12-04,1,3.488,93.1077614,199.5266372,-12.85190872,-16.5882145,109.6959759,,no_share_count
KUYAS,2023,uniform_05_31,2024-05-31,2024-05-31,2024-06-03,2024-06-03,2025-05-30,12.75,49,284.3137255,ok,2017-01-02,1,7.409,66.2106664,585.4724602,-46.1794055,-43.48530951,109.6959759,4859999847,ok
LOGO,2023,uniform_05_31,2024-05-31,2024-05-31,2024-06-03,2024-06-03,2025-05-30,77.77228546,130.0997925,67.28297453,ok,2017-01-02,1,7.409,60.76643138,119.4951278,-23.72294991,-48.92954453,109.6959759,,no_share_count
MAVI,2023,uniform_05_31,2024-05-31,2024-05-31,2024-06-03,2024-06-03,2025-05-30,44.77467346,29.42978477,-34.27135812,ok,2017-06-15,1,6.96,251.7161264,918.2892394,-4.166673198,142.0201505,109.6959759,3.791808399e+10,ok
MGROS,2023,uniform_05_31,2024-05-31,2024-05-31,2024-06-03,2024-06-03,2025-05-30,473.9629211,470.3602905,-0.7601081128,ok,2017-01-02,1,7.409,173.0122007,965.1095783,-4.943335043,63.31622477,109.6959759,8.604602423e+10,ok
MIATK,2023,uniform_05_31,2024-05-31,2024-05-31,2024-06-03,2024-06-03,2025-05-30,47.88000107,30.84000015,-35.58897355,ok,2021-11-22,1,2.522,494.4220514,1949.083444,-38.50709651,384.7260755,109.6959759,2.462096008e+10,ok
MPARK,2023,uniform_05_31,2024-05-31,2024-05-31,2024-06-03,2024-06-03,2025-05-30,272.75,315.25,15.58203483,ok,2018-02-13,1,6.294,309.469697,642.4450238,-10.21594684,199.7737211,109.6959759,,no_share_count
NETAS,2023,uniform_05_31,2024-05-31,2024-05-31,2024-06-03,2024-06-03,2025-05-30,71.25,47.81999969,-32.88421095,ok,2017-01-02,1,7.409,197.4276628,344.9789762,-28.70905797,87.73168686,109.6959759,,no_share_count
NTGAZ,2023,uniform_05_31,2024-05-31,2024-05-31,2024-06-03,2024-06-03,2025-05-30,4.725320339,8.155347824,72.58825304,ok,2021-04-01,1,3.165,58.02187901,430.4727076,-29.0776229,-51.6740969,109.6959759,,no_share_count
ODAS,2023,uniform_05_31,2024-05-31,2024-05-31,2024-06-03,2024-06-03,2025-05-30,8.619999886,4.690000057,-45.59164595,ok,2017-01-02,1,7.409,27.19297683,210.7142842,-37.5896695,-82.50299908,109.6959759,,no_share_count
OTKAR,2023,uniform_05_31,2024-05-31,2024-05-31,2024-06-03,2024-06-03,2025-05-30,616.5,388,-37.06407137,ok,2017-01-02,1,7.409,255.1524555,614.5759538,-3.483768804,145.4564796,109.6959759,,no_share_count
OYAKC,2023,uniform_05_31,2024-05-31,2024-05-31,2024-06-03,2024-06-03,2025-05-30,14.70336437,20.03669739,36.27287524,ok,2017-01-02,1,7.409,42.9750153,397.131134,-27.23455535,-66.7209606,109.6959759,7.560497973e+10,ok
PASEU,2023,uniform_05_31,2024-05-31,2024-05-31,2024-06-03,2024-06-03,2025-05-30,14.08749962,78.05000305,454.0373037,ok,2024-03-21,1,0.194,,,-15.5311333,,109.6959759,9685200256,ok
PETKM,2023,uniform_05_31,2024-05-31,2024-05-31,2024-06-03,2024-06-03,2025-05-30,21.34000015,16.29999924,-23.61762362,ok,2017-01-02,1,7.409,43.9265493,101.9821492,-19.88994209,-65.76942661,109.6959759,5.165106987e+10,ok
PGSUS,2023,uniform_05_31,2024-05-31,2024-05-31,2024-06-03,2024-06-03,2025-05-30,210.3999939,241.1999969,14.63878515,ok,2017-01-02,1,7.409,112.7518575,597.0442399,-7.431191261,3.055881547,109.6959759,1.009000009e+11,ok
PRKME,2023,uniform_05_31,2024-05-31,2024-05-31,2024-06-03,2024-06-03,2025-05-30,22.11221504,17.04999924,-22.89330036,ok,2017-01-02,1,7.409,59.38825911,316.5525248,-26.01530247,-50.3077168,109.6959759,,no_share_count
RGYAS,2023,uniform_05_31,2024-05-31,2024-05-31,2024-06-03,2024-06-03,2025-05-30,111.7072525,120.307724,7.699116489,ok,2024-05-02,1,0.079,,,-9.411763994,,109.6959759,,no_share_count
SAHOL,2023,uniform_05_31,2024-05-31,2024-05-31,2024-06-03,2024-06-03,2025-05-30,95.47540283,76.07776642,-20.31689403,ok,2017-01-02,1,7.409,156.1364852,408.6158926,-8.176700115,46.44050932,109.6959759,,no_share_count
SASA,2023,uniform_05_31,2024-05-31,2024-05-31,2024-06-03,2024-06-03,2025-05-30,5.71750021,3.279999971,-42.63227195,ok,2017-01-02,1,7.409,-18.5555564,171.5725286,-45.014943,-128.2515323,109.6959759,,share_count_disagrees_with_split_history
SELEC,2023,uniform_05_31,2024-05-31,2024-05-31,2024-06-03,2024-06-03,2025-05-30,47.24320602,68.06336212,44.07015918,ok,2017-01-02,1,7.409,45.34311783,260.4501156,-27.86357082,-64.35285807,109.6959759,,no_share_count
SISE,2023,uniform_05_31,2024-05-31,2024-05-31,2024-06-03,2024-06-03,2025-05-30,47.40967941,32.57660675,-31.28701321,ok,2017-01-02,1,7.409,23.01950535,144.1415654,-11.06081011,-86.67647056,109.6959759,1.521192096e+11,ok
SKBNK,2023,uniform_05_31,2024-05-31,2024-05-31,2024-06-03,2024-06-03,2025-05-30,5.08660078,4.445847034,-12.59689474,ok,2017-01-02,1,7.409,114.1493733,307.4882255,-32.09210626,4.453397397,109.6959759,,no_share_count
SMRTG,2023,uniform_05_31,2024-05-31,2024-05-31,2024-06-03,2024-06-03,2025-05-30,17.10000038,9.319999695,-45.49707902,ok,2022-03-24,1,2.188,24.08989378,769.6064953,-45.13661119,-85.60608212,109.6959759,,no_share_count
SOKM,2023,uniform_05_31,2024-05-31,2024-05-31,2024-06-03,2024-06-03,2025-05-30,57.47146225,33.18000031,-42.26699825,ok,2018-05-18,1,6.037,112.6696496,322.301166,-19.9589871,2.973673717,109.6959759,,no_share_count
TAVHL,2023,uniform_05_31,2024-05-31,2024-05-31,2024-06-03,2024-06-03,2025-05-30,247.7257843,215.0575562,-13.1872539,ok,2017-01-02,1,7.409,210.5806343,422.5792024,-1.352461309,100.8846584,109.6959759,8.744179577e+10,ok
TBORG,2023,uniform_05_31,2024-05-31,2024-05-31,2024-06-03,2024-06-03,2025-05-30,78.1269455,150.2947235,92.37245557,ok,2017-01-02,1,7.409,192.1239491,428.1384804,-7.653056603,82.42797318,109.6959759,,no_share_count
TCELL,2023,uniform_05_31,2024-05-31,2024-05-31,2024-06-03,2024-06-03,2025-05-30,95.65302277,91.19128418,-4.664503491,ok,2017-01-02,1,7.409,200.6914684,440.9285349,0,90.99549251,109.6959759,2.191199966e+11,ok
THYAO,2023,uniform_05_31,2024-05-31,2024-05-31,2024-06-03,2024-06-03,2025-05-30,304.7878723,266.9335938,-12.41987691,ok,2017-01-02,1,7.409,105.9523973,514.5961149,-8.257564412,-3.743578636,109.6959759,4.17795e+11,ok
TOASO,2023,uniform_05_31,2024-05-31,2024-05-31,2024-06-03,2024-06-03,2025-05-30,268.5990601,165.5898438,-38.35054981,ok,2017-01-02,1,7.409,61.2424579,348.2456087,-2.83242336,-48.45351801,109.6959759,1.54375e+11,ok
TRALT,2023,uniform_05_31,2024-05-31,2024-05-31,2024-06-03,2024-06-03,2025-05-30,21.34000015,23.15999985,8.528583326,ok,2017-01-02,1,7.409,-8.57991348,142.6667571,-36.34146449,-118.2758894,109.6959759,6.686819731e+10,ok
TRMET,2023,uniform_05_31,2024-05-31,2024-05-31,2024-06-03,2024-06-03,2025-05-30,50.29999924,86.5,71.96819346,ok,2017-01-02,1,7.409,11.70644074,60.27131912,-31.51138575,-97.98953516,109.6959759,1.925652919e+10,ok
TSKB,2023,uniform_05_31,2024-05-31,2024-05-31,2024-06-03,2024-06-03,2025-05-30,11.21007156,10.39912987,-7.234045667,ok,2017-01-02,1,7.409,166.9082224,380.4347772,-4.24609787,57.21224653,109.6959759,3.094000053e+10,ok
TTKOM,2023,uniform_05_31,2024-05-31,2024-05-31,2024-06-03,2024-06-03,2025-05-30,47.20000076,55.15000153,16.84322168,ok,2017-01-02,1,7.409,182.944792,368.2233213,0,73.24881606,109.6959759,1.614199963e+11,ok
TUPRS,2023,uniform_05_31,2024-05-31,2024-05-31,2024-06-03,2024-06-03,2025-05-30,138.6943207,112.5254974,-18.86798473,ok,2017-01-02,1,7.409,205.6365982,474.0863959,-13.38235446,95.9406223,109.6959759,3.404647763e+11,ok
TURSG,2023,uniform_05_31,2024-05-31,2024-05-31,2024-06-03,2024-06-03,2025-05-30,4.397305012,3.943005085,-10.33132625,ok,2017-01-02,1,7.409,591.5846416,1466.365909,-0.06581167425,481.8886657,109.6959759,8.815962007e+10,ok
ULKER,2023,uniform_05_31,2024-05-31,2024-05-31,2024-06-03,2024-06-03,2025-05-30,127.2680435,92.94263458,-26.97095672,ok,2017-01-02,1,7.409,300.2932767,755.7993985,-4.811706768,190.5973008,109.6959759,4.6683e+10,ok
ULUSE,2023,uniform_05_31,2024-05-31,2024-05-31,2024-06-03,2024-06-03,2025-05-30,174.5,127.1999969,-27.10601894,ok,2017-01-02,1,7.409,38.14274427,13.70814689,-51.24593877,-71.55323164,109.6959759,,no_share_count
VAKBN,2023,uniform_05_31,2024-05-31,2024-05-31,2024-06-03,2024-06-03,2025-05-30,23.63999939,22.54000092,-4.653123953,ok,2017-01-02,1,7.409,132.5630076,411.3163921,-4.155848381,22.86703171,109.6959759,,no_share_count
VESTL,2023,uniform_05_31,2024-05-31,2024-05-31,2024-06-03,2024-06-03,2025-05-30,86,33.11999893,-61.48837334,ok,2017-01-02,1,7.409,77.18034288,211.6157671,-18.73786704,-32.51563303,109.6959759,,no_share_count
YKBNK,2023,uniform_05_31,2024-05-31,2024-05-31,2024-06-03,2024-06-03,2025-05-30,32.88000107,25.45999908,-22.56691528,ok,2017-01-02,1,7.409,220.2598974,676.0697387,-14.85774375,110.5639215,109.6959759,,no_share_count
ZOREN,2023,uniform_05_31,2024-05-31,2024-05-31,2024-06-03,2024-06-03,2025-05-30,5.570000172,2.99000001,-46.3195706,ok,2017-01-02,1,7.409,79.53217875,333.7296556,-19.82882023,-30.16379715,109.6959759,,no_share_count
AEFES,2024,uniform_05_31,2025-05-31,2025-05-30,2025-06-02,2025-06-02,2026-05-29,13.59658527,19.29999924,41.94739965,ok,2017-01-02,1,8.408,-29.40949672,144.3318725,-53.4465297,-16.13224259,-13.27725413,8.248026494e+10,ok
AGESA,2024,uniform_05_31,2025-05-31,2025-05-30,2025-06-02,2025-06-02,2026-05-29,137.5278473,230.6000061,67.67513682,ok,2017-01-02,1,8.408,45.95344461,404.9929565,-9.306127865,59.23069874,-13.27725413,,no_share_count
AGHOL,2024,uniform_05_31,2025-05-31,2025-05-30,2025-06-02,2025-06-02,2026-05-29,24.71999931,33.59999847,35.9223277,ok,2017-01-02,1,8.408,-21.90654927,160.656227,-44.0455859,-8.629295138,-13.27725413,,no_share_count
AKBNK,2024,uniform_05_31,2025-05-31,2025-05-30,2025-06-02,2025-06-02,2026-05-29,50.43358612,64,26.89956222,ok,2017-01-02,1,8.408,-21.55631812,232.6332458,-30.64366675,-8.279063994,-13.27725413,,no_share_count
AKENR,2024,uniform_05_31,2025-05-31,2025-05-30,2025-06-02,2025-06-02,2026-05-29,10.25,12.26000023,19.60975833,ok,2017-01-02,1,8.408,-32.41650697,130.8724872,-62.68980567,-19.13925284,-13.27725413,,no_share_count
AKSA,2024,uniform_05_31,2025-05-31,2025-05-30,2025-06-02,2025-06-02,2026-05-29,8.577228546,10.42000008,21.48446343,ok,2017-01-02,1,8.408,-3.523897819,83.935724,-28.63659104,9.75335631,-13.27725413,,no_share_count
AKSEN,2024,uniform_05_31,2025-05-31,2025-05-30,2025-06-02,2025-06-02,2026-05-29,32.36000061,80,147.218784,ok,2017-01-02,1,8.408,-28.3614441,-1.115019239,-35.21931253,-15.08418997,-13.27725413,,no_share_count
ALARK,2024,uniform_05_31,2025-05-31,2025-05-30,2025-06-02,2025-06-02,2026-05-29,79.40000153,96.05000305,20.96977482,ok,2017-01-02,1,8.408,-30.62889223,26.03110291,-41.67057144,-17.3516381,-13.27725413,,no_share_count
ALBRK,2024,uniform_05_31,2025-05-31,2025-05-30,2025-06-02,2025-06-02,2026-05-29,6.535526752,7.940000057,21.48982566,ok,2017-01-02,1,8.408,14.99017246,166.9733019,-9.488683114,28.26742659,-13.27725413,,no_share_count
ANHYT,2024,uniform_05_31,2025-05-31,2025-05-30,2025-06-02,2025-06-02,2026-05-29,69.14811707,101.5999985,46.93096904,ok,2017-01-02,1,8.408,-10.86562666,407.9593922,-41.75879049,2.411627472,-13.27725413,,no_share_count
ARCLK,2024,uniform_05_31,2025-05-31,2025-05-30,2025-06-02,2025-06-02,2026-05-29,105.5,103.6999969,-1.70616403,ok,2017-01-02,1,8.408,-41.76795496,6.371737604,-45.94871717,-28.49070083,-13.27725413,7.122175384e+10,ok
ASELS,2024,uniform_05_31,2025-05-31,2025-05-30,2025-06-02,2025-06-02,2026-05-29,129.1354675,380.25,194.4582207,ok,2017-01-02,1,8.408,121.3332441,445.314493,-16.1707616,134.6104982,-13.27725413,5.909760278e+11,ok
ASTOR,2024,uniform_05_31,2025-05-31,2025-05-30,2025-06-02,2025-06-02,2026-05-29,91.15696716,312.75,243.0895188,ok,2023-01-18,1,2.366,-4.006996152,71.81357321,-34.54720556,9.270257977,-13.27725413,9.336290305e+10,ok
BERA,2024,uniform_05_31,2025-05-31,2025-05-30,2025-06-02,2025-06-02,2026-05-29,14.06999969,17.01000023,20.89552664,ok,2017-01-02,1,8.408,-20.39659777,30.39671155,-34.6511619,-7.119343636,-13.27725413,,no_share_count
BIMAS,2024,uniform_05_31,2025-05-31,2025-05-30,2025-06-02,2025-06-02,2026-05-29,234.4723663,368.8360596,57.30470304,ok,2017-01-02,1,8.408,1.116730499,245.0443743,-22.66950287,14.39398463,-13.27725413,2.890272e+11,ok
BRSAN,2024,uniform_05_31,2025-05-31,2025-05-30,2025-06-02,2025-06-02,2026-05-29,322.25,489,51.74553918,ok,2017-01-02,1,8.408,-33.01265823,66.12254639,-66.7052555,-19.7354041,-13.27725413,4.689095084e+10,ok
BTCIM,2024,uniform_05_31,2025-05-31,2025-05-30,2025-06-02,2025-06-02,2026-05-29,5.039999962,6.090000153,20.83333728,ok,2017-01-02,1,8.408,13.3701421,316.4055354,-37.79975676,26.64739623,-13.27725413,2.773259883e+10,ok
CANTE,2024,uniform_05_31,2025-05-31,2025-05-30,2025-06-02,2025-06-02,2026-05-29,1.5,1.519999981,1.333332062,ok,2021-04-30,1,4.085,-31.0257736,-46.65223847,-83.20995595,-17.74851947,-13.27725413,,share_count_disagrees_with_split_history
CCOLA,2024,uniform_05_31,2025-05-31,2025-05-30,2025-06-02,2025-06-02,2026-05-29,48.08343887,80.05000305,66.48144336,ok,2017-01-02,1,8.408,,,,,-13.27725413,1.364343079e+11,ok
CEMTS,2024,uniform_05_31,2025-05-31,2025-05-30,2025-06-02,2025-06-02,2026-05-29,10.89478302,10.1859417,-6.506245444,ok,2017-01-02,1,8.408,19.12385284,33.35393352,-31.48656437,32.40110697,-13.27725413,,no_share_count
CIMSA,2024,uniform_05_31,2025-05-31,2025-05-30,2025-06-02,2025-06-02,2026-05-29,47.36883926,50.65000153,6.926836952,ok,2017-01-02,1,8.408,57.52510133,215.1124135,-13.62606163,70.80235546,-13.27725413,4.557749145e+10,ok
DEVA,2024,uniform_05_31,2025-05-31,2025-05-30,2025-06-02,2025-06-02,2026-05-29,54.84999847,65,18.50501697,ok,2017-01-02,1,8.408,-40.13795691,23.39627484,-46.72452402,-26.86070278,-13.27725413,,no_share_count
DOAS,2024,uniform_05_31,2025-05-31,2025-05-30,2025-06-02,2025-06-02,2026-05-29,145.6093903,170.540741,17.12207617,ok,2017-01-02,1,8.408,-32.14393488,71.29343442,-42.51790279,-18.86668075,-13.27725413,3.819200134e+10,ok
DOHOL,2024,uniform_05_31,2025-05-31,2025-05-30,2025-06-02,2025-06-02,2026-05-29,14.40739346,23.52000046,63.24951859,ok,2017-01-02,1,8.408,3.774397081,74.50942212,-15.35796334,17.05165121,-13.27725413,,no_share_count
DSTKF,2024,uniform_05_31,2025-05-31,2025-05-30,2025-06-02,2025-06-02,2026-05-29,285,2105,638.5964912,ok,2025-02-06,1,0.312,,,0,,-13.27725413,,share_count_disagrees_with_split_history
EGEEN,2024,uniform_05_31,2025-05-31,2025-05-30,2025-06-02,2025-06-02,2026-05-29,8040,5635,-29.91293532,ok,2017-01-02,1,8.408,-35.09922333,78.08897035,-51.9058077,-21.8219692,-13.27725413,,no_share_count
EKGYO,2024,uniform_05_31,2025-05-31,2025-05-30,2025-06-02,2025-06-02,2026-05-29,13.68680096,18.56796646,35.66330452,ok,2017-01-02,1,8.408,57.96607962,93.09391504,-13.91626407,71.24333375,-13.27725413,,no_share_count
ENJSA,2024,uniform_05_31,2025-05-31,2025-05-30,2025-06-02,2025-06-02,2026-05-29,50.26362991,109.8000031,118.4482164,ok,2018-02-08,1,7.307,-7.443429353,91.41222687,-21.36269389,5.833824776,-13.27725413,,no_share_count
ENKAI,2024,uniform_05_31,2025-05-31,2025-05-30,2025-06-02,2025-06-02,2026-05-29,58.01385498,100.5,73.23447999,ok,2017-01-02,1,8.408,49.69976831,151.3004853,-19.43887726,62.97702244,-13.27725413,3.376799957e+11,ok
EREGL,2024,uniform_05_31,2025-05-31,2025-05-30,2025-06-02,2025-06-02,2026-05-29,22.49854279,38.65441513,71.80852777,ok,2017-01-02,1,8.408,-2.211087688,42.41966866,-21.07744017,11.06616644,-13.27725413,1.640800037e+11,ok
FROTO,2024,uniform_05_31,2025-05-31,2025-05-30,2025-06-02,2025-06-02,2026-05-29,73.71437836,84.15000153,14.15683534,ok,2017-01-02,1,8.408,-24.38554575,51.46379144,-32.36775213,-11.10829162,-13.27725413,2.812543704e+11,ok
GARAN,2024,uniform_05_31,2025-05-31,2025-05-30,2025-06-02,2025-06-02,2026-05-29,103.6129074,122.9000015,18.61456704,ok,2017-01-02,1,8.408,1.869772797,323.0822574,-23.47344231,15.14702693,-13.27725413,,no_share_count
GUBRF,2024,uniform_05_31,2025-05-31,2025-05-30,2025-06-02,2025-06-02,2026-05-29,235.8999939,550,133.1496457,ok,2017-01-02,1,8.408,56.33617947,-8.458285076,-39.49173924,69.6134336,-13.27725413,7.952540204e+10,ok
HALKB,2024,uniform_05_31,2025-05-31,2025-05-30,2025-06-02,2025-06-02,2026-05-29,19.54999924,42.09999847,115.3452691,ok,2017-01-02,1,8.408,10.14739783,50.50348981,-13.25892573,23.42465196,-13.27725413,,no_share_count
HEKTS,2024,uniform_05_31,2025-05-31,2025-05-30,2025-06-02,2025-06-02,2026-05-29,3.029999971,4,32.01320257,ok,2017-01-02,1,8.408,,,,,-13.27725413,,share_count_disagrees_with_split_history
ISCTR,2024,uniform_05_31,2025-05-31,2025-05-30,2025-06-02,2025-06-02,2026-05-29,10.41510963,13.14000034,26.1628615,ok,2017-01-02,1,8.408,-32.28495349,145.459453,-38.08800672,-19.00769936,-13.27725413,,no_share_count
ISGYO,2024,uniform_05_31,2025-05-31,2025-05-30,2025-06-02,2025-06-02,2026-05-29,14.60909939,20.45999908,40.04969465,ok,2017-01-02,1,8.408,-13.10095552,57.3449506,-40.49382339,0.1762986085,-13.27725413,,no_share_count
KCHOL,2024,uniform_05_31,2025-05-31,2025-05-30,2025-06-02,2025-06-02,2026-05-29,138.3279419,189.1000061,36.70412753,ok,2017-01-02,1,8.408,-37.7359131,91.32596897,-43.76756175,-24.45865897,-13.27725413,,no_share_count
KONTR,2024,uniform_05_31,2025-05-31,2025-05-30,2025-06-02,2025-06-02,2026-05-29,24.18194199,7.849999905,-67.53776058,unexplained_jump_in_window,2020-10-19,1,4.613,-57.0248943,-39.72324759,-74.08215289,-43.74764017,-13.27725413,,share_count_disagrees_with_split_history
KRDMD,2024,uniform_05_31,2025-05-31,2025-05-30,2025-06-02,2025-06-02,2026-05-29,22.07999992,39.74000168,79.98189228,ok,2017-01-02,1,8.408,-24.20907506,24.29971536,-34.90844501,-10.93182093,-13.27725413,2.512560104e+10,ok
KRVGD,2024,uniform_05_31,2025-05-31,2025-05-30,2025-06-02,2025-06-02,2026-05-29,1.906229615,3.121080875,63.73058369,ok,2020-12-04,1,4.487,-36.76830112,22.10531821,-44.89478134,-23.49104699,-13.27725413,,no_share_count
KUYAS,2024,uniform_05_31,2025-05-31,2025-05-30,2025-06-02,2025-06-02,2026-05-29,53.90000153,76.59999847,42.11502098,ok,2017-01-02,1,8.408,303.2921937,570.3146427,-18.73963413,316.5694479,-13.27725413,1.96e+10,ok
LOGO,2024,uniform_05_31,2025-05-31,2025-05-30,2025-06-02,2025-06-02,2026-05-29,128.1426849,152.481369,18.99342447,ok,2017-01-02,1,8.408,66.14370553,167.1033063,-6.746823393,79.42095966,-13.27725413,,no_share_count
MAVI,2024,uniform_05_31,2025-05-31,2025-05-30,2025-06-02,2025-06-02,2026-05-29,29.16031456,41.22000122,41.35650401,ok,2017-06-15,1,7.959,-33.58273536,133.6002305,-53.45427366,-20.30548123,-13.27725413,2.42961769e+10,ok
MGROS,2024,uniform_05_31,2025-05-31,2025-05-30,2025-06-02,2025-06-02,2026-05-29,474.7976379,659,38.79597271,ok,2017-01-02,1,8.408,2.424343193,179.6309534,-18.77772774,15.70159732,-13.27725413,8.636286914e+10,ok
MIATK,2024,uniform_05_31,2025-05-31,2025-05-30,2025-06-02,2025-06-02,2026-05-29,30,49.95999908,66.53333028,ok,2021-11-22,1,3.521,-38.12199025,267.8165349,-61.94941519,-24.84473612,-13.27725413,1.523496008e+10,ok
MPARK,2024,uniform_05_31,2025-05-31,2025-05-30,2025-06-02,2025-06-02,2026-05-29,309.25,453,46.48342765,ok,2018-02-13,1,7.294,16.65124884,377.6515152,-25.07427213,29.92850297,-13.27725413,,no_share_count
NETAS,2024,uniform_05_31,2025-05-31,2025-05-30,2025-06-02,2025-06-02,2026-05-29,47.52000046,67.15000153,41.30892441,ok,2017-01-02,1,8.408,-35.37837879,92.2025776,-53.93063749,-22.10112466,-13.27725413,,no_share_count
NTGAZ,2024,uniform_05_31,2025-05-31,2025-05-30,2025-06-02,2025-06-02,2026-05-29,8.155347824,12.68000031,55.48080326,ok,2021-04-01,1,4.164,69.16139861,167.3120206,-15.69767734,82.43865274,-13.27725413,,no_share_count
ODAS,2024,uniform_05_31,2025-05-31,2025-05-30,2025-06-02,2025-06-02,2026-05-29,4.559999943,7.440000057,63.15789804,ok,2017-01-02,1,8.408,-46.09195218,-31.43274923,-66.35580919,-32.81469805,-13.27725413,,no_share_count
OTKAR,2024,uniform_05_31,2025-05-31,2025-05-30,2025-06-02,2025-06-02,2026-05-29,376,369,-1.861702128,ok,2017-01-02,1,8.408,-36.34126333,126.0855664,-41.12291351,-23.0640092,-13.27725413,,no_share_count
OYAKC,2024,uniform_05_31,2025-05-31,2025-05-30,2025-06-02,2025-06-02,2026-05-29,19.78862381,20.81999969,5.211963676,ok,2017-01-02,1,8.408,35.03710178,93.06931694,-34.74207621,48.31435591,-13.27725413,1.020947714e+11,ok
PASEU,2024,uniform_05_31,2025-05-31,2025-05-30,2025-06-02,2025-06-02,2026-05-29,74.30000305,115.8000031,55.85464104,ok,2024-03-21,1,1.194,441.5438056,,0,454.8210598,-13.27725413,5.244960205e+10,ok
PETKM,2024,uniform_05_31,2025-05-31,2025-05-30,2025-06-02,2025-06-02,2026-05-29,16.20000076,22.10000038,36.41974902,ok,2017-01-02,1,8.408,-20.01962754,15.1129902,-37.25943216,-6.742373406,-13.27725413,4.131071807e+10,ok
PGSUS,2024,uniform_05_31,2025-05-31,2025-05-30,2025-06-02,2025-06-02,2026-05-29,247,170.1000061,-31.13360077,ok,2017-01-02,1,8.408,19.52427815,154.2901219,-14.69496129,32.80153228,-13.27725413,1.205999985e+11,ok
PRKME,2024,uniform_05_31,2025-05-31,2025-05-30,2025-06-02,2025-06-02,2026-05-29,16.70999908,17.40999985,4.189113114,ok,2017-01-02,1,8.408,-24.89022083,19.71616943,-44.43025707,-11.6129667,-13.27725413,,no_share_count
RGYAS,2024,uniform_05_31,2025-05-31,2025-05-30,2025-06-02,2025-06-02,2026-05-29,118.4294662,192.1999969,62.29068917,ok,2024-05-02,1,1.079,5.367961579,,-8.496244214,18.64521571,-13.27725413,,no_share_count
SAHOL,2024,uniform_05_31,2025-05-31,2025-05-30,2025-06-02,2025-06-02,2026-05-29,75.19199371,92,22.35345209,ok,2017-01-02,1,8.408,-17.95168367,110.1556736,-26.92688809,-4.674429539,-13.27725413,,no_share_count
SASA,2024,uniform_05_31,2025-05-31,2025-05-30,2025-06-02,2025-06-02,2026-05-29,3.200000048,2.640000105,-17.49999795,ok,2017-01-02,1,8.408,-40.3365165,-51.40740783,-67.19399959,-27.05926237,-13.27725413,,share_count_disagrees_with_split_history
SELEC,2024,uniform_05_31,2025-05-31,2025-05-30,2025-06-02,2025-06-02,2026-05-29,68.85942078,103.4000015,50.16100972,ok,2017-01-02,1,8.408,41.1745614,105.1875091,-19.01562951,54.45181552,-13.27725413,,no_share_count
SISE,2024,uniform_05_31,2025-05-31,2025-05-30,2025-06-02,2025-06-02,2026-05-29,32.31994629,45.21238327,39.8900322,ok,2017-01-02,1,8.408,-32.25558001,-16.66114962,-39.74866166,-18.97832588,-13.27725413,1.010860639e+11,ok
SKBNK,2024,uniform_05_31,2025-05-31,2025-05-30,2025-06-02,2025-06-02,2026-05-29,4.35712719,13.10399532,200.7485151,ok,2017-01-02,1,8.408,-11.74168711,89.00462395,-40.06563866,1.535567023,-13.27725413,,no_share_count
SMRTG,2024,uniform_05_31,2025-05-31,2025-05-30,2025-06-02,2025-06-02,2026-05-29,9,11.75,30.55555556,ok,2022-03-24,1,3.187,-44.30279151,-30.88539315,-69.44262395,-31.02553739,-13.27725413,,no_share_count
SOKM,2024,uniform_05_31,2025-05-31,2025-05-30,2025-06-02,2025-06-02,2026-05-29,32.59999847,47.84000015,46.74847359,ok,2018-05-18,1,7.036,-40.73862762,26.03095301,-52.56659729,-27.46137349,-13.27725413,,no_share_count
TAVHL,2024,uniform_05_31,2025-05-31,2025-05-30,2025-06-02,2025-06-02,2026-05-29,213.8732147,248.4659882,16.17443002,ok,2017-01-02,1,8.408,-9.472371594,181.1612825,-25.24871726,3.804882535,-13.27725413,7.915898216e+10,ok
TBORG,2024,uniform_05_31,2025-05-31,2025-05-30,2025-06-02,2025-06-02,2026-05-29,150.1150513,128.5293732,-14.37942293,ok,2017-01-02,1,8.408,91.30963,458.8612461,-12.81917403,104.5868841,-13.27725413,,no_share_count
TCELL,2024,uniform_05_31,2025-05-31,2025-05-30,2025-06-02,2025-06-02,2026-05-29,87.4897995,101,15.44202933,ok,2017-01-02,1,8.408,-1.792957299,195.3001988,-14.79598296,11.48429683,-13.27725413,2.086699966e+11,ok
THYAO,2024,uniform_05_31,2025-05-31,2025-05-30,2025-06-02,2025-06-02,2026-05-29,269.375824,296.75,10.16207603,ok,2017-01-02,1,8.408,-9.744023233,85.88434783,-19.09696658,3.533230896,-13.27725413,3.77085e+11,ok
TOASO,2024,uniform_05_31,2025-05-31,2025-05-30,2025-06-02,2025-06-02,2026-05-29,163.6252136,296,80.90121531,ok,2017-01-02,1,8.408,-38.55022161,-0.9168669555,-45.86984916,-25.27296748,-13.27725413,8.85e+10,ok
TRALT,2024,uniform_05_31,2025-05-31,2025-05-30,2025-06-02,2025-06-02,2026-05-29,22.87999916,43.54000092,90.29721378,ok,2017-01-02,1,8.408,10.91954396,1.402743054,-29.39024273,24.19679809,-13.27725413,7.416989951e+10,ok
TRMET,2024,uniform_05_31,2025-05-31,2025-05-30,2025-06-02,2025-06-02,2026-05-29,82.65000153,107.9000015,30.55051365,ok,2017-01-02,1,8.408,74.32487276,94.73211068,-7.089149927,87.60212689,-13.27725413,3.356892e+10,ok
TSKB,2024,uniform_05_31,2025-05-31,2025-05-30,2025-06-02,2025-06-02,2026-05-29,10.38004971,11.07999992,6.743226074,ok,2017-01-02,1,8.408,-1.357467209,163.2850308,-21.29964576,11.91978692,-13.27725413,3.051999893e+10,ok
TTKOM,2024,uniform_05_31,2025-05-31,2025-05-30,2025-06-02,2025-06-02,2026-05-29,54.95000076,61.25,11.46496661,ok,2017-01-02,1,8.408,19.57936427,238.3435835,-11.04838464,32.8566184,-13.27725413,1.930250053e+11,ok
TUPRS,2024,uniform_05_31,2025-05-31,2025-05-30,2025-06-02,2025-06-02,2026-05-29,112.0717621,232.0417938,107.0475109,ok,2017-01-02,1,8.408,-20.15361273,144.0397818,-30.8389393,-6.876358603,-13.27725413,2.389226542e+11,ok
TURSG,2024,uniform_05_31,2025-05-31,2025-05-30,2025-06-02,2025-06-02,2026-05-29,3.892821789,6.158317566,58.19675033,ok,2017-01-02,1,8.408,-4.896882732,557.7185527,-15.77335932,8.380371397,-13.27725413,8.25e+10,ok
ULKER,2024,uniform_05_31,2025-05-31,2025-05-30,2025-06-02,2025-06-02,2026-05-29,92.85461426,110.1259613,18.60041871,ok,2017-01-02,1,8.408,-22.63736209,209.6774382,-43.61985711,-9.360107964,-13.27725413,3.611519948e+10,ok
ULUSE,2024,uniform_05_31,2025-05-31,2025-05-30,2025-06-02,2025-06-02,2026-05-29,122.0999985,334,173.546277,ok,2017-01-02,1,8.408,-29.33333503,-2.379129724,-65.54713089,-16.0560809,-13.27725413,,no_share_count
VAKBN,2024,uniform_05_31,2025-05-31,2025-05-30,2025-06-02,2025-06-02,2026-05-29,22.73999977,30.84000015,35.62005481,ok,2017-01-02,1,8.408,1.806691675,136.7647041,-21.40864478,15.0839458,-13.27725413,,no_share_count
VESTL,2024,uniform_05_31,2025-05-31,2025-05-30,2025-06-02,2025-06-02,2026-05-29,33.06000137,26.36000061,-20.26618416,ok,2017-01-02,1,8.408,-60.43010736,-29.88992855,-67.84466123,-47.15285323,-13.27725413,,no_share_count
YKBNK,2024,uniform_05_31,2025-05-31,2025-05-30,2025-06-02,2025-06-02,2026-05-29,25.87999916,33.15999985,28.12983355,ok,2017-01-02,1,8.408,-21.22524961,152.2839347,-32.92940016,-7.947995485,-13.27725413,,no_share_count
ZOREN,2024,uniform_05_31,2025-05-31,2025-05-30,2025-06-02,2025-06-02,2026-05-29,2.910000086,3.089999914,6.185560929,ok,2017-01-02,1,8.408,-46.79715177,-4.483767418,-57.3466489,-33.51989764,-13.27725413,,no_share_count
AEFES,2025,uniform_05_31,2026-05-31,2026-05-29,2026-06-01,2026-06-01,,19.40999985,,,window_incomplete,2017-01-02,1,9.407,39.70558267,-1.381126085,-34.96220307,-11.77422666,51.47980932,1.142763112e+11,ok
AGESA,2025,uniform_05_31,2026-05-31,2026-05-29,2026-06-01,2026-06-01,,229.5,,,window_incomplete,2017-01-02,1,9.407,68.2676284,145.5923998,-7.575147854,16.78781907,51.47980932,,no_share_count
AGHOL,2025,uniform_05_31,2026-05-31,2026-05-29,2026-06-01,2026-06-01,,33.84000015,,,window_incomplete,2017-01-02,1,9.407,31.24999208,2.497647906,-26.55983592,-20.22981724,51.47980932,,no_share_count
AKBNK,2025,uniform_05_31,2026-05-31,2026-05-29,2026-06-01,2026-06-01,,63.70000076,,,window_incomplete,2017-01-02,1,9.407,29.63929337,1.693834882,-28.93897174,-21.84051595,51.47980932,,no_share_count
AKENR,2025,uniform_05_31,2026-05-31,2026-05-29,2026-06-01,2026-06-01,,13.47999954,,,window_incomplete,2017-01-02,1,9.407,18.79845534,-19.71185422,-55.67606545,-32.68135398,51.47980932,,no_share_count
AKSA,2025,uniform_05_31,2026-05-31,2026-05-29,2026-06-01,2026-06-01,,10.47000027,,,window_incomplete,2017-01-02,1,9.407,20.9492884,16.68715906,-13.68646469,-30.53052093,51.47980932,,no_share_count
AKSEN,2025,uniform_05_31,2026-05-31,2026-05-29,2026-06-01,2026-06-01,,77.34999847,,,window_incomplete,2017-01-02,1,9.407,146.457185,76.55836826,-9.70654472,94.97737569,51.47980932,,no_share_count
ALARK,2025,uniform_05_31,2026-05-31,2026-05-29,2026-06-01,2026-06-01,,96.05000305,,,window_incomplete,2017-01-02,1,9.407,18.50709369,-17.79031632,-30.87548945,-32.97271564,51.47980932,,no_share_count
ALBRK,2025,uniform_05_31,2026-05-31,2026-05-29,2026-06-01,2026-06-01,,7.849999905,,,window_incomplete,2017-01-02,1,9.407,22.03381396,40.32689313,-20.4643473,-29.44599536,51.47980932,,no_share_count
ANHYT,2025,uniform_05_31,2026-05-31,2026-05-29,2026-06-01,2026-06-01,,104.1999969,,,window_incomplete,2017-01-02,1,9.407,40.57567463,25.30124665,-18.12702682,-10.9041347,51.47980932,,no_share_count
ARCLK,2025,uniform_05_31,2026-05-31,2026-05-29,2026-06-01,2026-06-01,,104,,,window_incomplete,2017-01-02,1,9.407,-1.612907546,-42.70718401,-46.82051439,-53.09271687,51.47980932,7.00730128e+10,ok
ASELS,2025,uniform_05_31,2026-05-31,2026-05-29,2026-06-01,2026-06-01,,384,,,window_incomplete,2017-01-02,1,9.407,193.7765969,550.2252723,-12.38479263,142.2967876,51.47980932,1.73394e+12,ok
ASTOR,2025,uniform_05_31,2026-05-31,2026-05-29,2026-06-01,2026-06-01,,330.5,,,window_incomplete,2023-01-18,1,3.365,238.8719575,225.2933712,-9.347826087,187.3921481,51.47980932,3.121245e+11,ok
BERA,2025,uniform_05_31,2026-05-31,2026-05-29,2026-06-01,2026-06-01,,17.06999969,,,window_incomplete,2017-01-02,1,9.407,21.06761564,-3.626058943,-20.88371987,-30.41219368,51.47980932,,no_share_count
BIMAS,2025,uniform_05_31,2026-05-31,2026-05-29,2026-06-01,2026-06-01,,367.1055908,,,window_incomplete,2017-01-02,1,9.407,60.60943779,62.40301237,-9.903380742,9.129628464,51.47980932,4.476e+11,ok
BRSAN,2025,uniform_05_31,2026-05-31,2026-05-29,2026-06-01,2026-06-01,,537.5,,,window_incomplete,2017-01-02,1,9.407,47.84580499,-0.9620253165,-50.77511697,-3.634004336,51.47980932,6.932630373e+10,ok
BTCIM,2025,uniform_05_31,2026-05-31,2026-05-29,2026-06-01,2026-06-01,,6.340000153,,,window_incomplete,2017-01-02,1,9.407,22.53521951,38.91835249,-23.78279541,-28.94458981,51.47980932,3.398220085e+10,ok
CANTE,2025,uniform_05_31,2026-05-31,2026-05-29,2026-06-01,2026-06-01,,1.539999962,,,window_incomplete,2021-04-30,1,5.084,-1.298700092,-31.92154194,-65.10193411,-52.77850942,51.47980932,,share_count_disagrees_with_split_history
CCOLA,2025,uniform_05_31,2026-05-31,2026-05-29,2026-06-01,2026-06-01,,81.5,,,window_incomplete,2017-01-02,1,9.407,66.89116451,,,15.41135519,51.47980932,2.239862006e+11,ok
CEMTS,2025,uniform_05_31,2026-05-31,2026-05-29,2026-06-01,2026-06-01,,10.35101414,,,window_incomplete,2017-01-02,1,9.407,-9.724618999,7.539512014,-38.14923494,-61.20442832,51.47980932,,no_share_count
CIMSA,2025,uniform_05_31,2026-05-31,2026-05-29,2026-06-01,2026-06-01,,51.15000153,,,window_incomplete,2017-01-02,1,9.407,6.704987771,68.08714011,-14.15253979,-44.77482155,51.47980932,4.789419035e+10,ok
DEVA,2025,uniform_05_31,2026-05-31,2026-05-29,2026-06-01,2026-06-01,,65,,,window_incomplete,2017-01-02,1,9.407,19.15673861,-28.67034179,-36.51868034,-32.32307072,51.47980932,,no_share_count
DOAS,2025,uniform_05_31,2026-05-31,2026-05-29,2026-06-01,2026-06-01,,168.9719238,,,window_incomplete,2017-01-02,1,9.407,14.89568309,-22.03631046,-33.95555175,-36.58412623,51.47980932,4.065600067e+10,ok
DOHOL,2025,uniform_05_31,2026-05-31,2026-05-29,2026-06-01,2026-06-01,,22.5,,,window_incomplete,2017-01-02,1,9.407,63.02680778,69.18008685,-4.545450323,11.54699845,51.47980932,,no_share_count
DSTKF,2025,uniform_05_31,2026-05-31,2026-05-29,2026-06-01,2026-06-01,,1950,,,window_incomplete,2025-02-06,1,1.311,614.770798,,-25.08896797,563.2909886,51.47980932,,share_count_disagrees_with_split_history
EGEEN,2025,uniform_05_31,2026-05-31,2026-05-29,2026-06-01,2026-06-01,,5650,,,window_incomplete,2017-01-02,1,9.407,-32.14930765,-55.96437368,-67.36775754,-83.62911697,51.47980932,,no_share_count
EKGYO,2025,uniform_05_31,2026-05-31,2026-05-29,2026-06-01,2026-06-01,,18.67490196,,,window_incomplete,2017-01-02,1,9.407,40.32128872,121.6600387,-27.15484262,-11.15852061,51.47980932,,no_share_count
ENJSA,2025,uniform_05_31,2026-05-31,2026-05-29,2026-06-01,2026-06-01,,111.9000015,,,window_incomplete,2018-02-08,1,8.307,114.5583466,98.58784763,-13.54330468,63.07853725,51.47980932,,no_share_count
ENKAI,2025,uniform_05_31,2026-05-31,2026-05-29,2026-06-01,2026-06-01,,98.5,,,window_incomplete,2017-01-02,1,9.407,75.24549562,162.3421009,-9.784561379,23.76568629,51.47980932,5.628e+11,ok
EREGL,2025,uniform_05_31,2026-05-31,2026-05-29,2026-06-01,2026-06-01,,39.46341705,,,window_incomplete,2017-01-02,1,9.407,68.73003173,64.99926277,-5.04120151,17.2502224,51.47980932,2.742600021e+11,ok
FROTO,2025,uniform_05_31,2026-05-31,2026-05-29,2026-06-01,2026-06-01,,85.19999695,,,window_incomplete,2017-01-02,1,9.407,15.72355254,-12.49626731,-35.19132695,-35.75625679,51.47980932,2.952907704e+11,ok
GARAN,2025,uniform_05_31,2026-05-31,2026-05-29,2026-06-01,2026-06-01,,123.0999985,,,window_incomplete,2017-01-02,1,9.407,20.74269495,23.00030901,-22.50514291,-30.73711438,51.47980932,,no_share_count
GUBRF,2025,uniform_05_31,2026-05-31,2026-05-29,2026-06-01,2026-06-01,,539,,,window_incomplete,2017-01-02,1,9.407,130.9953742,261.1293427,-10.93117409,79.51556485,51.47980932,1.837e+11,ok
HALKB,2025,uniform_05_31,2026-05-31,2026-05-29,2026-06-01,2026-06-01,,43.5,,,window_incomplete,2017-01-02,1,9.407,116.6752332,138.6621311,-16.38530338,65.19542389,51.47980932,,no_share_count
HEKTS,2025,uniform_05_31,2026-05-31,2026-05-29,2026-06-01,2026-06-01,,3.960000038,,,window_incomplete,2017-01-02,1,9.407,29.44984178,,,-22.02996754,51.47980932,3.372e+10,ok
ISCTR,2025,uniform_05_31,2026-05-31,2026-05-29,2026-06-01,2026-06-01,,13.10000038,,,window_incomplete,2017-01-02,1,9.407,27.45382786,-13.69458119,-24.51081536,-24.02598146,51.47980932,,no_share_count
ISGYO,2025,uniform_05_31,2026-05-31,2026-05-29,2026-06-01,2026-06-01,,20.63999939,,,window_incomplete,2017-01-02,1,9.407,42.08360362,23.46929391,-16.07315976,-9.3962057,51.47980932,,no_share_count
KCHOL,2025,uniform_05_31,2026-05-31,2026-05-29,2026-06-01,2026-06-01,,186,,,window_incomplete,2017-01-02,1,9.407,38.44066415,-13.80118457,-22.15143902,-13.03914517,51.47980932,,no_share_count
KONTR,2025,uniform_05_31,2026-05-31,2026-05-29,2026-06-01,2026-06-01,,7.940000057,,,window_incomplete,2020-10-19,1,5.613,,,,,51.47980932,,share_count_disagrees_with_split_history
KRDMD,2025,uniform_05_31,2026-05-31,2026-05-29,2026-06-01,2026-06-01,,40.58000183,,,window_incomplete,2017-01-02,1,9.407,80.30853007,36.65750269,-11.53160441,28.82872075,51.47980932,4.530360191e+10,ok
KRVGD,2025,uniform_05_31,2026-05-31,2026-05-29,2026-06-01,2026-06-01,,3.229725838,,,window_incomplete,2020-12-04,1,5.487,62.05128396,2.467779908,-10.70128563,10.57147463,51.47980932,,no_share_count
KUYAS,2025,uniform_05_31,2026-05-31,2026-05-29,2026-06-01,2026-06-01,,78.5,,,window_incomplete,2017-01-02,1,9.407,56.3265275,530.4526821,-18.68365079,4.846718173,51.47980932,3.063999939e+10,ok
LOGO,2025,uniform_05_31,2026-05-31,2026-05-29,2026-06-01,2026-06-01,,157.1078644,,,window_incomplete,2017-01-02,1,9.407,17.20339142,94.72605751,-15.8510672,-34.2764179,51.47980932,,no_share_count
MAVI,2025,uniform_05_31,2026-05-31,2026-05-29,2026-06-01,2026-06-01,,41.24000168,,,window_incomplete,2017-06-15,1,8.958,40.06219052,-6.974524259,-34.8070361,-11.41761881,51.47980932,3.274978561e+10,ok
MGROS,2025,uniform_05_31,2026-05-31,2026-05-29,2026-06-01,2026-06-01,,664,,,window_incomplete,2017-01-02,1,9.407,40.1053646,43.50199947,-8.977900552,-11.37444472,51.47980932,1.193147395e+11,ok
MIATK,2025,uniform_05_31,2026-05-31,2026-05-29,2026-06-01,2026-06-01,,54.95000076,,,window_incomplete,2021-11-22,1,4.52,61.9974022,0.2407683217,-38.35904108,10.51759287,51.47980932,2.468023955e+10,ok
MPARK,2025,uniform_05_31,2026-05-31,2026-05-29,2026-06-01,2026-06-01,,460.5,,,window_incomplete,2018-02-13,1,8.293,43.69547978,67.62257169,-8.484848485,-7.784329547,51.47980932,,no_share_count
NETAS,2025,uniform_05_31,2026-05-31,2026-05-29,2026-06-01,2026-06-01,,68.40000153,,,window_incomplete,2017-01-02,1,9.407,40.42242149,-9.256754695,-35.3082856,-11.05738784,51.47980932,,no_share_count
NTGAZ,2025,uniform_05_31,2026-05-31,2026-05-29,2026-06-01,2026-06-01,,13.11999989,,,window_incomplete,2021-04-01,1,5.164,55.48080326,163.0135014,-4.301884489,4.000993931,51.47980932,,no_share_count
ODAS,2025,uniform_05_31,2026-05-31,2026-05-29,2026-06-01,2026-06-01,,7.309999943,,,window_incomplete,2017-01-02,1,9.407,58.63539374,-14.48275609,-46.62840544,7.155584416,51.47980932,,no_share_count
OTKAR,2025,uniform_05_31,2026-05-31,2026-05-29,2026-06-01,2026-06-01,,369,,,window_incomplete,2017-01-02,1,9.407,-4.896907216,-39.4585726,-44.0060698,-56.37671654,51.47980932,,no_share_count
OYAKC,2025,uniform_05_31,2026-05-31,2026-05-29,2026-06-01,2026-06-01,,20.5,,,window_incomplete,2017-01-02,1,9.407,3.90933841,40.31615907,-32.19092313,-47.57047091,51.47980932,1.012196719e+11,ok
PASEU,2025,uniform_05_31,2026-05-31,2026-05-29,2026-06-01,2026-06-01,,109,,,window_incomplete,2024-03-21,1,2.193,48.36642988,703.4692107,-33.82856968,-3.113379441,51.47980932,7.781760205e+10,ok
PETKM,2025,uniform_05_31,2026-05-31,2026-05-29,2026-06-01,2026-06-01,,23.05999947,,,window_incomplete,2017-01-02,1,9.407,35.58283077,8.43965305,-18.57037259,-15.89697855,51.47980932,5.601024097e+10,ok
PGSUS,2025,uniform_05_31,2026-05-31,2026-05-29,2026-06-01,2026-06-01,,168.3999939,,,window_incomplete,2017-01-02,1,9.407,-29.47760852,-15.70862065,-39.84084665,-80.95741784,51.47980932,8.505000305e+10,ok
PRKME,2025,uniform_05_31,2026-05-31,2026-05-29,2026-06-01,2026-06-01,,17.86000061,,,window_incomplete,2017-01-02,1,9.407,2.111440624,-23.30432244,-43.25693494,-49.3683687,51.47980932,,no_share_count
RGYAS,2025,uniform_05_31,2026-05-31,2026-05-29,2026-06-01,2026-06-01,,195,,,window_incomplete,2024-05-02,1,2.078,59.75698863,68.3326824,-5.784315221,8.277179304,51.47980932,,no_share_count
SAHOL,2025,uniform_05_31,2026-05-31,2026-05-29,2026-06-01,2026-06-01,,89,,,window_incomplete,2017-01-02,1,9.407,20.92889202,-0.7798801422,-16.98220242,-30.55091731,51.47980932,,no_share_count
SASA,2025,uniform_05_31,2026-05-31,2026-05-29,2026-06-01,2026-06-01,,2.690000057,,,window_incomplete,2017-01-02,1,9.407,-19.51219122,-51.97816949,-68.16879981,-70.99200055,51.47980932,1.398133443e+10,ok
SELEC,2025,uniform_05_31,2026-05-31,2026-05-29,2026-06-01,2026-06-01,,98.80000305,,,window_incomplete,2017-01-02,1,9.407,51.91726988,114.4685394,-8.495573871,0.4374605585,51.47980932,,no_share_count
SISE,2025,uniform_05_31,2026-05-31,2026-05-29,2026-06-01,2026-06-01,,45.5,,,window_incomplete,2017-01-02,1,9.407,38.78788425,-5.978952793,-16.37844229,-12.69192507,51.47980932,1.402952014e+11,ok
SKBNK,2025,uniform_05_31,2026-05-31,2026-05-29,2026-06-01,2026-06-01,,12.77564907,,,window_incomplete,2017-01-02,1,9.407,194.7468777,160.1386216,-10.71186515,143.2670684,51.47980932,,no_share_count
SMRTG,2025,uniform_05_31,2026-05-31,2026-05-29,2026-06-01,2026-06-01,,12.02000046,,,window_incomplete,2022-03-24,1,4.186,26.0729655,-29.78087756,-61.47540984,-25.40684382,51.47980932,,no_share_count
SOKM,2025,uniform_05_31,2026-05-31,2026-05-29,2026-06-01,2026-06-01,,48,,,window_incomplete,2018-05-18,1,8.036,44.18324205,-14.55503202,-31.65714264,-7.296567274,51.47980932,,no_share_count
TAVHL,2025,uniform_05_31,2026-05-31,2026-05-29,2026-06-01,2026-06-01,,253.6475067,,,window_incomplete,2017-01-02,1,9.407,15.53464691,4.590775837,-31.35651123,-35.94516241,51.47980932,9.145605469e+10,ok
TBORG,2025,uniform_05_31,2026-05-31,2026-05-29,2026-06-01,2026-06-01,,128.4351501,,,window_incomplete,2017-01-02,1,9.407,-14.48177942,63.60459137,-34.45458954,-65.96158875,51.47980932,,no_share_count
TCELL,2025,uniform_05_31,2026-05-31,2026-05-29,2026-06-01,2026-06-01,,102.5999985,,,window_incomplete,2017-01-02,1,9.407,10.75619881,8.770387456,-20.78431373,-40.72361052,51.47980932,2.222e+11,ok
THYAO,2025,uniform_05_31,2026-05-31,2026-05-29,2026-06-01,2026-06-01,,291.5,,,window_incomplete,2017-01-02,1,9.407,11.16997146,0.3375436169,-14.66570812,-40.30983786,51.47980932,4.09515e+11,ok
TOASO,2025,uniform_05_31,2026-05-31,2026-05-29,2026-06-01,2026-06-01,,296,,,window_incomplete,2017-01-02,1,9.407,78.75492439,9.844504897,-9.146814495,27.27511507,51.47980932,1.48e+11,ok
TRALT,2025,uniform_05_31,2026-05-31,2026-05-29,2026-06-01,2026-06-01,,43.29999924,,,window_incomplete,2017-01-02,1,9.407,87.99655096,108.524917,-28.85620854,36.51674164,51.47980932,1.394368529e+11,ok
TRMET,2025,uniform_05_31,2026-05-31,2026-05-29,2026-06-01,2026-06-01,,111.8000031,,,window_incomplete,2017-01-02,1,9.407,24.73988616,117.4526478,-36.0781993,-26.73992317,51.47980932,4.187383259e+10,ok
TSKB,2025,uniform_05_31,2026-05-31,2026-05-29,2026-06-01,2026-06-01,,11.22000027,,,window_incomplete,2017-01-02,1,9.407,6.54737526,5.101029578,-20.07113794,-44.93243407,51.47980932,3.102399979e+10,ok
TTKOM,2025,uniform_05_31,2026-05-31,2026-05-29,2026-06-01,2026-06-01,,61,,,window_incomplete,2017-01-02,1,9.407,11.06074035,32.80572727,-15.98079737,-40.41906897,51.47980932,2.14375e+11,ok
TUPRS,2025,uniform_05_31,2026-05-31,2026-05-29,2026-06-01,2026-06-01,,240.588623,,,window_incomplete,2017-01-02,1,9.407,106.2126355,64.6533395,-14.2649727,54.73282613,51.47980932,4.551091144e+11,ok
TURSG,2025,uniform_05_31,2026-05-31,2026-05-29,2026-06-01,2026-06-01,,6.031442165,,,window_incomplete,2017-01-02,1,9.407,56.18335339,48.53523772,-15.18817233,4.703544061,51.47980932,1.261999989e+11,ok
ULKER,2025,uniform_05_31,2026-05-31,2026-05-29,2026-06-01,2026-06-01,,110.2210541,,,window_incomplete,2017-01-02,1,9.407,18.48809946,-8.334480653,-33.19624022,-32.99170987,51.47980932,3.960360104e+10,ok
ULUSE,2025,uniform_05_31,2026-05-31,2026-05-29,2026-06-01,2026-06-01,,353,,,window_incomplete,2017-01-02,1,9.407,162.5786227,85.55555556,-4.978662873,111.0988133,51.47980932,,no_share_count
VAKBN,2025,uniform_05_31,2026-05-31,2026-05-29,2026-06-01,2026-06-01,,31.07999992,,,window_incomplete,2017-01-02,1,9.407,36.82342014,39.29539748,-26.95405196,-14.65638918,51.47980932,,no_share_count
VESTL,2025,uniform_05_31,2026-05-31,2026-05-29,2026-06-01,2026-06-01,,26.44000053,,,window_incomplete,2017-01-02,1,9.407,-20.41062361,-68.50656921,-74.4077664,-71.89043293,51.47980932,,no_share_count
YKBNK,2025,uniform_05_31,2026-05-31,2026-05-29,2026-06-01,2026-06-01,,33.41999817,,,window_incomplete,2017-01-02,1,9.407,30.24352333,2.599010398,-24.6706054,-21.23628599,51.47980932,,no_share_count
ZOREN,2025,uniform_05_31,2026-05-31,2026-05-29,2026-06-01,2026-06-01,,3.059999943,,,window_incomplete,2017-01-02,1,9.407,3.344478405,-45.017794,-55.92011679,-48.13533092,51.47980932,,no_share_count
