ticker,company_name,year,sector,indices,is_bist100,current_assets,current_ratio,ebitda,ebitda_growth_pct,ebitda_margin,enterprise_value,equity,ev_ebitda,financial_debt_ratio,gross_margin,gross_profit,gross_profit_growth_pct,leverage_ratio,long_term_liabilities,market_cap,net_debt,net_debt_to_ebitda,net_income,net_income_growth_pct,net_margin,non_current_assets,operating_income,operating_income_growth_pct,pb_ratio,pe_ratio,revenue,revenue_growth_pct,roa,roe,short_term_liabilities,total_assets,working_capital,next_year_return_pct,next_year_rank_by_return,next_year_return_percentile,next_year_top_10pct_returner,next_year_top_20pct_returner,next_year_bist100_return_pct,next_year_excess_return_vs_bist100,next_year_outperform_bist100,same_year_return_pct,target_year,has_target,is_inference_row,is_public_universe,is_training_universe,universe_source
AEFES,AEFES,2020,,"BIST TEMETTÜ (XTMTU), BIST SINAİ (XUSIN), BIST SÜRDÜRÜLEBİLİRLİK (XUSRD), BIST 100 (XU100), BIST 30 (XU030), BIST 50 (XU050), BIST KURUMSAL YÖNETİM (XKURY), BIST TÜM (XUTUM)",True,109123335000.0,1.032035162875319,39545145000.0,-20.89268768853682,16.21718690633272,56506065710.2271,108611239000.0,1.4289,22.48354066076161,37.6981855898891,91925944000.0,-22.83046081330746,47.04650365230977,88838123000.0,1122021710.2271,55384044000.0,1.400527017918382,8956856000.0,-47.83191133157794,3.67314389276124,304455084000.0,25729479000.0,-24.54185744697499,0.0103,0.1253,243847131000.0,-19.47576272020117,2.048200044157177,8.194206905394882,105736063000.0,413578419000.0,3387272000.0,33.83838383838383,25.0,40.0,False,False,24.23,9.608383838383826,True,9.14285714285714,2021,True,False,True,True,public_40
ARCLK,ARCLK,2020,,"BIST SINAİ (XUSIN), BIST SÜRDÜRÜLEBİLİRLİK (XUSRD), BIST 100 (XU100), BIST 50 (XU050), BIST KURUMSAL YÖNETİM (XKURY), BIST TÜM (XUTUM)",True,338696844000.0,0.9554610569655252,6074290000.0,3.433315660307804,14.86156346312506,188042213705.1405,73314458000.0,30.9571,44.36478872650538,33.77913937844197,13806373000.0,-5.145859859025417,86.05257181976896,128960818000.0,18261104705.1405,169781109000.0,5.061858022676359,2847839000.0,36.37131488871179,6.967619265998594,223106307000.0,4852296000.0,-92.85026164722132,0.2491,6.4123,40872483000.0,-8.771631425953212,6.117932303829914,20.60658268478865,354485242000.0,561803151000.0,-15788398000.0,69.94799405646359,12.0,72.5,False,False,24.23,45.71799405646358,True,44.08141403320832,2021,True,False,True,True,public_40
ASELS,ASELS,2020,,"BIST KATILIM TUM (XKTUM), BIST KATILIM TEMETTU (XKTMT), BIST TEMETTÜ (XTMTU), BIST KATILIM 100 (XK100), BIST SÜRDÜRÜLEBİLİRLİK (XUSRD), BIST 100 (XU100), BIST 30 (XU030), BIST 50 (XU050), BIST KURUMSAL YÖNETİM (XKURY), BIST TÜM (XUTUM)",True,207675087000.0,1.539681050431323,5561887000.0,28.28049981945516,34.53632550744499,42583525960.0,281073867000.0,7.6563,10.94592663296361,28.59466526498413,4605015000.0,18.04049383933082,41.70580086030744,67399144000.0,20499438960.0,22084087000.0,0.4090774860188352,4449106000.0,86.07414732856378,27.62655426712671,277343850000.0,5276389000.0,-11.78975802809784,0.0729,4.6075,16104455000.0,15.02307482417689,13.04944012665604,24.88069267898167,134881888000.0,485018937000.0,72793199000.0,14.74501108647451,30.0,27.500000000000004,False,False,24.23,-9.484988913525491,False,70.34220532319392,2021,True,False,True,True,public_40
ASTOR,ASTOR,2020,,"BIST TEMETTÜ (XTMTU), BIST SINAİ (XUSIN), BIST 100 (XU100), BIST 30 (XU030), BIST 50 (XU050), BIST KURUMSAL YÖNETİM (XKURY), BIST TÜM (XUTUM)",True,35814744751.0,2.068181255071998,11102586376.0,6.41772420881158,31.46031440264467,,33280133403.0,,9.108880230216323,36.94966961725793,13039821956.0,8.196858113868407,34.33854869786933,87274088.0,,-7924744700.0,-0.7137746495835053,7668909328.0,16.5986998970833,21.73063918744103,14869686895.0,9777395430.0,13.19101273168103,,,35290767390.0,1.26805489174304,16.91523939254488,25.33602228118946,17317024155.0,50684431646.0,18497720596.0,56.94799128792934,15.0,60.0,False,False,24.23,32.71799128792934,True,82.82446994315877,2021,True,False,True,True,public_40
BIMAS,BIMAS,2020,,"BIST KATILIM TUM (XKTUM), BIST KATILIM TEMETTU (XKTMT), BIST TEMETTÜ (XTMTU), BIST KATILIM 100 (XK100), BIST SÜRDÜRÜLEBİLİRLİK (XUSRD), BIST 100 (XU100), BIST 30 (XU030), BIST 50 (XU050), BIST TÜM (XUTUM)",True,111487229000.0,1.028888300504499,5155629000.0,47.27296403964636,9.290197646059228,57897140325.6,165584579000.0,11.2299,15.59520845282202,18.23797930219901,10121233000.0,17.30763630076695,50.57739225089362,62641837000.0,19322666325.6,38574474000.0,0.8870831980172851,2606815000.0,-23.41486500961707,4.697356341333305,226606155000.0,3785556000.0,129.7852469748412,0.1167,7.4124,55495364000.0,6.027242848535775,11.12583231997279,36.32843796001693,108356980000.0,338093384000.0,3130249000.0,-13.79950495049506,36.0,12.5,False,False,24.23,-38.02950495049506,False,63.97078006783198,2021,True,False,True,True,public_40
BRSAN,BRSAN,2020,,"BIST 50 (XU050), BIST 100 (XU100), BIST TÜM (XUTUM), BIST SINAİ (XUSIN)",True,37468163000.0,1.179794213271216,387768056.0,102.5209895151026,10.39872088285799,11748498145.612,37734876000.0,30.2977,17.39562312814938,8.412569862143778,350039360.0,66.65115047609014,50.47069532323828,6693874000.0,3955427145.612,7793071000.0,1.631930300688742,-10503167.0,36.37131488871179,-0.2816619376688546,38718806000.0,166321088.0,79.38765433254392,0.1048,,3728997637.0,29.76068677868155,-0.1306509087472649,-0.2960182706234296,31758219000.0,76186969000.0,5709944000.0,-3.017241379310349,34.0,17.5,False,False,24.23,-27.24724137931035,False,138.2176520994002,2021,True,False,True,True,public_40
BTCIM,BTCIM,2020,,"BIST SINAİ (XUSIN), BIST SÜRDÜRÜLEBİLİRLİK (XUSRD), BIST 100 (XU100), BIST 50 (XU050), BIST KURUMSAL YÖNETİM (XKURY), BIST TÜM (XUTUM)",True,5185641000.0,1.021778632668599,124868419.0,-35.11179976139319,10.75961588930914,5385554440.0,21862295000.0,43.1298,15.65830993956671,14.75122774958529,171192216.0,-31.03825916740164,30.35762841529901,5724291000.0,27406440.0,5358148000.0,3.945329464199591,-327011521.0,36.37131488871179,-28.17780817212678,30388294000.0,40076750.0,-1.794588086708604,0.0013,,1160528594.0,-18.77374383654299,-12.8886973108245,-94.81162062946186,5075112000.0,35573935000.0,110529000.0,200.0,2.0,97.5,True,True,24.23,175.77,True,36.36363636363635,2021,True,False,True,True,public_40
CANTE,CANTE,2020,,"BIST KATILIM TUM (XKTUM), BIST KATILIM 100 (XK100), BIST 100 (XU100), BIST 50 (XU050), BIST KURUMSAL YÖNETİM (XKURY), BIST TÜM (XUTUM)",True,4631084706.0,2.221696571253344,2166912447.0,-26.67562234081124,35.17662537660619,,27934207290.0,,2.189742354816806,6.2713439652927,386320551.0,-70.73381430272273,6.990125871218335,77456863.0,,167895716.0,0.0774815411819912,-1708553002.0,36.37131488871179,-27.73583629123429,26297371946.0,-852791069.0,-1.794588086708604,,,6160091890.0,-22.89678476982552,-5.278277952663968,-5.958179929072846,2084481187.0,30928456652.0,2546603519.0,56.94799128792934,15.0,60.0,False,False,24.23,32.71799128792934,True,82.82446994315877,2021,True,False,True,True,public_40
CCOLA,CCOLA,2020,,"BIST TEMETTÜ (XTMTU), BIST SINAİ (XUSIN), BIST SÜRDÜRÜLEBİLİRLİK (XUSRD), BIST 100 (XU100), BIST 50 (XU050), BIST KURUMSAL YÖNETİM (XKURY), BIST TÜM (XUTUM)",True,73616867000.0,1.153209402274213,3061498000.0,4.141241429103645,21.2736796221364,41578742395.9652,75839768000.0,13.5812,27.31983046048931,35.56278859692421,5072195000.0,4.666509549579987,54.59206357752095,40311689000.0,15985559395.9652,25593183000.0,0.7776800523226375,1232671000.0,-27.42292036550663,8.565561020617519,117158486000.0,2143130000.0,1.764301224034896,0.2108,12.9682,14391013000.0,3.866631491881777,7.311765140987912,16.08724721239829,63836513000.0,190775353000.0,9780354000.0,38.64468864468864,24.0,42.5,False,False,24.23,14.414688644688642,True,74.03846153846152,2021,True,False,True,True,public_40
CIMSA,CIMSA,2020,,"BIST KATILIM TUM (XKTUM), BIST KATILIM TEMETTU (XKTMT), BIST TEMETTÜ (XTMTU), BIST SINAİ (XUSIN), BIST KATILIM 100 (XK100), BIST SÜRDÜRÜLEBİLİRLİK (XUSRD), BIST 100 (XU100), BIST 50 (XU050), BIST TÜM (XUTUM)",True,22471348000.0,0.9648189381351155,495280729.0,2.671449127561783,23.85401804193553,23676739179.8931,34760766000.0,47.8047,30.66873480197315,22.52819548440347,467752689.0,-7.160370550343541,51.39651087197351,24490970000.0,300637179.8931,23376102000.0,2.567749369200244,175746242.0,80.40531978700578,8.464399646509095,70495490000.0,350919550.0,-56.33857262022366,0.0086,1.7106,2076298962.0,-0.1833223592780139,4.011230183763919,10.97291727194727,23290741000.0,92966838000.0,-819393000.0,67.08860759493669,13.0,70.0,False,False,24.23,42.858607594936686,True,89.99999999999997,2021,True,False,True,True,public_40
DOAS,DOAS,2020,,"BIST TEMETTÜ (XTMTU), BIST SÜRDÜRÜLEBİLİRLİK (XUSRD), BIST 100 (XU100), BIST 50 (XU050), BIST KURUMSAL YÖNETİM (XKURY), BIST TÜM (XUTUM)",True,66090470000.0,1.433344438113349,1575179000.0,-32.83493887197043,8.334215160643186,28328935680.0,67148466000.0,17.9846,23.57945157557572,12.48121428891066,2475098000.0,-19.32542887566231,47.75630373688362,16150209000.0,3144359680.0,25184576000.0,1.711236295100516,1037334000.0,-68.39225848416312,5.488496703835335,64278669000.0,1444467000.0,-45.88322780871864,0.0468,3.0312,18900148000.0,3.736515503942652,14.57516466600179,45.35882054315987,46109273000.0,130369139000.0,19981197000.0,72.51655629139074,11.0,75.0,False,False,24.23,48.28655629139074,True,200.3898635477583,2021,True,False,True,True,public_40
DSTKF,DSTKF,2020,,"BIST MALİ (XUMAL), BIST HALKA ARZ (XHARZ), BIST 100 (XU100), BIST 30 (XU030), BIST 50 (XU050), BIST TÜM (XUTUM)",True,98596299419.1579,1.605486929375312,3169731000.0,5.603630940958229,45.18637325629234,,12206297000.0,,0.0,45.18637325629234,108879000.0,5.603630940958229,74.83010164939655,66344431217.42105,,-7487016000.0,-2.362035137997514,66747000.0,78.40787958896517,53.68340110914163,175400085449.7105,10267860592.31579,-1.794588086708604,,,7014794000.0,42.99557933970183,4.657038199895343,44.82459892971745,77104957907.8421,48495615000.0,21491341511.31579,56.94799128792934,15.0,60.0,False,False,24.23,32.71799128792934,True,82.82446994315877,2021,True,False,True,True,public_40
ENKAI,ENKAI,2020,,"BIST TEMETTÜ (XTMTU), BIST SÜRDÜRÜLEBİLİRLİK (XUSRD), BIST 100 (XU100), BIST 30 (XU030), BIST 50 (XU050), BIST KURUMSAL YÖNETİM (XKURY), BIST TÜM (XUTUM)",True,275272393000.0,3.788457272327595,2736387000.0,47.64039657864126,23.5550065903372,-182561438200.0,373216949000.0,-66.7162,1.400828177627218,24.95204445068816,2898681000.0,46.56788617505266,23.02375482189342,40860038000.0,30709072800.0,-213270511000.0,-6.283078508420121,4505060000.0,46.54527550245396,38.77986483266604,217787292000.0,2078985000.0,49.57237112784911,0.0823,6.8166,11617008000.0,55.66433152590219,7.259923841270751,9.168937551248945,72660815000.0,493059685000.0,202611578000.0,111.660777385159,8.0,82.5,False,True,24.23,87.43077738515899,True,31.76470588235293,2021,True,False,True,True,public_40
EREGL,EREGL,2020,,"BIST KATILIM TUM (XKTUM), BIST KATILIM 100 (XK100), BIST SINAİ (XUSIN), BIST SÜRDÜRÜLEBİLİRLİK (XUSRD), BIST 100 (XU100), BIST 30 (XU030), BIST 50 (XU050), BIST KURUMSAL YÖNETİM (XKURY), BIST TÜM (XUTUM)",True,257051476000.0,2.030442529268359,7098673000.0,41.00850850002011,22.15010788963028,51010147500.0,295496351000.0,7.1859,26.98363686716349,18.48662206340365,5924598000.0,26.42180562329629,47.1433832273448,145298849000.0,19538872500.0,31471275000.0,1.421219019628917,3309093000.0,-9.975163524387357,10.32541814037924,319694560000.0,5573200000.0,27.92386642366773,0.0661,5.9046,32048029000.0,11.46748113494189,5.705931684691317,8.3123351662409,126598745000.0,576746036000.0,130452731000.0,116.2790697674419,7.0,85.0,False,True,24.23,92.04906976744188,True,67.85714285714286,2021,True,False,True,True,public_40
FROTO,FROTO,2020,,"BIST TEMETTÜ (XTMTU), BIST SINAİ (XUSIN), BIST SÜRDÜRÜLEBİLİRLİK (XUSRD), BIST 100 (XU100), BIST 30 (XU030), BIST 50 (XU050), BIST KURUMSAL YÖNETİM (XKURY), BIST TÜM (XUTUM)",True,223456658000.0,1.237140354858528,5722236000.0,-0.1511537551296903,11.5714321333668,102359644987.84,156020689000.0,17.8881,36.19666292094078,12.51031947382205,6186529000.0,-2.92294296792062,65.38876319946884,114136231000.0,3166128987.84,99193516000.0,1.903720927590312,4194913000.0,-33.1892995026332,8.482899182221448,227323792000.0,4805661000.0,12.29578595606876,0.0203,0.7548,49451407000.0,6.680383640373072,17.22814966369092,59.55382400266216,180623530000.0,450780450000.0,42833128000.0,99.0394877267876,9.0,80.0,False,True,24.23,74.8094877267876,True,93.01848049281315,2021,True,False,True,True,public_40
GUBRF,GUBRF,2020,,"BIST KATILIM TUM (XKTUM), BIST KATILIM 100 (XK100), BIST SINAİ (XUSIN), BIST 100 (XU100), BIST 30 (XU030), BIST 50 (XU050), BIST TÜM (XUTUM)",True,39694704626.0,1.475274602025875,599103316.0,89.41980288970892,11.06640485213612,28368323915.0,29796931094.0,47.3513,14.98325300864524,23.76723105478355,1286689501.0,77.1064392126098,44.202511570063,1586839964.0,28774100668.0,-405776753.0,-0.0366960281885557,262056082.0,36.37131488871179,4.840598641214299,24766553049.0,472763948.0,133.6691821284864,0.9657,109.8013,5413712258.0,31.15151354937974,5.069858816933319,24.25873268141876,26906654918.0,64461257675.0,12788049708.0,-0.7746933505487448,33.0,20.0,False,False,24.23,-25.004693350548745,False,839.410480349345,2021,True,False,True,True,public_40
HEKTS,HEKTS,2020,,"BIST SINAİ (XUSIN), BIST SÜRDÜRÜLEBİLİRLİK (XUSRD), BIST 100 (XU100), BIST 50 (XU050), BIST TÜM (XUTUM)",True,6182316144.0,0.529056677213061,262177234.0,10.33073241836171,25.86290684468281,9020783412.0,13955964667.0,34.4072,35.77778203643693,34.65591138114944,351313603.0,7.193859483812521,49.96620939080297,2170037377.0,889907360.0,8130876052.0,2.791092340904628,188330967.0,36.37131488871179,18.57821970724595,21547590841.0,239067029.0,-1.794588086708604,0.0638,4.7252,1013719129.0,-3.810143133367588,9.260697096616576,27.01903032367232,11685546011.0,27729906985.0,-5503229867.0,169.5652173913044,3.0,95.0,True,True,24.23,145.3352173913044,True,134.4827586206897,2021,True,False,True,True,public_40
KONTR,KONTR,2020,,"BIST KATILIM TUM (XKTUM), BIST KATILIM 100 (XK100), BIST SÜRDÜRÜLEBİLİRLİK (XUSRD), BIST 100 (XU100), BIST 50 (XU050), BIST KURUMSAL YÖNETİM (XKURY), BIST TÜM (XUTUM)",True,17825476318.0,0.9648147645345296,33401939.0,-76.52379336892136,16.60618818636936,14489430804.0,5841442148.0,433.7901,39.41788384120797,23.65105398080967,47572089.0,-32.02076101617211,80.42298659547971,11542815260.0,258329600.0,14231101204.0,40.60601758753926,23978951.0,36.37131488871179,11.92143284908489,19500118225.0,31646415.0,-19.74615179899992,0.0442,10.7732,201141518.0,30.26187109031774,7.491704339694907,17.92263479578839,18475542636.0,37325594543.0,-650066318.0,155.8441558441559,4.0,92.5,True,True,24.23,131.6141558441559,True,82.82446994315877,2021,True,False,True,True,public_40
KRDMD,KRDMD,2020,,"BIST KATILIM TUM (XKTUM), BIST KATILIM 100 (XK100), BIST SINAİ (XUSIN), BIST 100 (XU100), BIST 30 (XU030), BIST 50 (XU050), BIST TÜM (XUTUM)",True,36570658485.0,1.421263182175259,6833798117.0,24.68840194551919,10.24266066016348,11874225667.0,84652617584.0,1.7376,6.858882213245589,7.772462788765722,5185707438.0,29.77258990220634,33.36784730935516,16660987790.0,6105772740.0,5768452927.0,0.8441064292856693,-1679514697.0,36.37131488871179,-2.517296943896286,90474046455.0,1223249120.0,-1.794588086708604,0.0721,,66718974139.0,-9.783235373406711,-1.433425974012343,-2.210207121736284,25731095369.0,127044704940.0,10839563116.0,56.88073394495413,20.0,52.5,False,False,24.23,32.650733944954126,True,111.0236220472441,2021,True,False,True,True,public_40
KUYAS,KUYAS,2020,,"BIST KATILIM TUM (XKTUM), BIST GERİ ALIM (XUGRA), BIST KATILIM 100 (XK100), BIST 100 (XU100), BIST 50 (XU050), BIST TÜM (XUTUM)",True,3430358473.0,1.024097507273771,-2767628.0,-84.57395728320287,-41.50746334914268,720348337.0,1433769960.0,,52.02470310122926,55.58107461189504,3706026.0,-66.80823364251552,71.5307211596518,254450664.0,57250000.0,663098337.0,6.230971276860584,9877822.0,36.37131488871179,148.1425013167793,1608163567.0,-2843187.0,-1.794588086708604,0.0399,5.7958,6667784.0,-18.9303538799043,3.534152521572744,5.750976584713851,3349640487.0,5038522040.0,80717986.0,116.9491525423729,6.0,87.5,False,True,24.23,92.7191525423729,True,107.1428571428571,2021,True,False,True,True,public_40
MAVI,MAVI,2020,,"BIST KATILIM TUM (XKTUM), BIST KATILIM TEMETTU (XKTMT), BIST GERİ ALIM (XUGRA), BIST TEMETTÜ (XTMTU), BIST KATILIM 100 (XK100), BIST SÜRDÜRÜLEBİLİRLİK (XUSRD), BIST 100 (XU100), BIST 50 (XU050), BIST TÜM (XUTUM)",True,17960054000.0,1.634224377240455,402307000.0,-3.504101612681764,16.75017320285385,-3920178322.267,13887148000.0,-9.7442,16.53607965288347,48.30127970262402,1160104000.0,-3.834810812143546,48.36575576533898,2059788000.0,137066677.733,-4057245000.0,-0.4589145296438396,4583000.0,-35.55564234828147,0.1908145863449535,9021317000.0,90642000.0,-10.7415742987154,0.0099,29.9076,2401808000.0,-5.160630603014495,0.1692549164435417,0.898994099554328,10989956000.0,26981371000.0,6970098000.0,32.53424657534248,26.0,37.5,False,False,24.23,8.304246575342479,True,-9.177215189873422,2021,True,False,True,True,public_40
MGROS,MGROS,2020,,"BIST TEMETTÜ (XTMTU), BIST SÜRDÜRÜLEBİLİRLİK (XUSRD), BIST 100 (XU100), BIST 30 (XU030), BIST 50 (XU050), BIST KURUMSAL YÖNETİM (XKURY), BIST TÜM (XUTUM)",True,76260429000.0,0.7922389875504489,1877036000.0,32.13690929020486,6.618916891540411,11150830743.327,79034025000.0,5.9407,15.17379160767878,25.69926422854451,7398867000.0,13.02017943116364,61.870667172833,33411199000.0,7259563743.327,3891267000.0,0.142432880228243,-402984000.0,-22.06601997344972,-1.399726781935097,133322850000.0,1033952000.0,-1.794588086708604,0.0919,,28790190000.0,7.339362780741634,-2.620512770824979,8.396291868531357,96259374000.0,209583279000.0,-19998945000.0,-15.29912508867343,37.0,10.0,False,False,24.23,-39.52912508867343,False,73.39055793991415,2021,True,False,True,True,public_40
MIATK,MIATK,2020,,"BIST 50 (XU050), BIST 100 (XU100), BIST TÜM (XUTUM), BIST GERİ ALIM (XUGRA)",True,2804219729.0,1.847614586640199,1184849544.0,-46.32359136365828,42.97546669794295,,5462068845.0,,15.20021039427611,33.89222851654659,934421301.0,-53.81436821230893,23.79852632834255,189212159.0,,394616647.0,0.3330521153494236,-729884911.0,36.37131488871179,-26.47352555845821,4368340418.0,691765143.0,-66.18290504276872,,,2757037061.0,-18.4632630319098,-9.503758464989737,-12.51327753441295,1517751456.0,7172560147.0,1286468273.0,56.94799128792934,15.0,60.0,False,False,24.23,32.71799128792934,True,82.82446994315877,2021,True,False,True,True,public_40
OYAKC,OYAKC,2020,,"BIST SINAİ (XUSIN), BIST SÜRDÜRÜLEBİLİRLİK (XUSRD), BIST 100 (XU100), BIST 50 (XU050), BIST KURUMSAL YÖNETİM (XKURY), BIST TÜM (XUTUM)",True,32616470000.0,2.245142546875693,549692817.0,-12.17881435726,18.74654989871886,-7907436986.0495,62952207000.0,-14.3852,5.204040211322213,19.71823003924334,578184758.0,-8.771722919867184,21.60107654947487,2817506000.0,2686814013.9505,-10594251000.0,-0.7232428666281365,358453306.0,-6.595613526716291,12.22457812704098,47680815000.0,385089907.0,-20.4234249453016,0.0427,7.4956,2932234571.0,-2.843358548763253,9.022853760279206,15.70681667431409,14527572000.0,80297285000.0,18088898000.0,-13.00448430493275,35.0,15.0,False,False,24.23,-37.23448430493275,False,50.34965034965035,2021,True,False,True,True,public_40
PASEU,PASEU,2020,,"BIST KATILIM TUM (XKTUM), BIST KATILIM 100 (XK100), BIST 100 (XU100), BIST 50 (XU050), BIST TÜM (XUTUM)",True,2441036711.0,1.762515713844014,90027954.0,-69.3315128585281,3.67084771248232,,3509231734.0,,13.60982571684231,12.39932151276219,304094758.0,-26.96451676198998,35.89757875605284,576638214.0,,687961900.0,7.64164761536178,1099516599.0,307.216862353112,44.83227500955415,3023429980.0,139948218.0,-57.38126719034544,,,2452511274.0,25.73359184553655,23.5173588407094,37.42388743971068,1384973020.0,5464466691.0,1056063691.0,56.94799128792934,15.0,60.0,False,False,24.23,32.71799128792934,True,82.82446994315877,2021,True,False,True,True,public_40
PETKM,PETKM,2020,,"BIST KATILIM TUM (XKTUM), BIST KATILIM 100 (XK100), BIST SINAİ (XUSIN), BIST SÜRDÜRÜLEBİLİRLİK (XUSRD), BIST 100 (XU100), BIST 30 (XU030), BIST 50 (XU050), BIST TÜM (XUTUM)",True,30835350000.0,0.5605728391280381,1902189000.0,10.33073241836171,15.67642233327037,59199779000.0,63962607000.0,31.1219,33.97639466005374,15.51655025071542,1882790000.0,7.193859483812521,57.73354863939424,32362396000.0,12672000000.0,46527779000.0,2.791092340904628,1087675000.0,36.37131488871179,8.963805731890915,120496510000.0,1478433000.0,-1.794588086708604,0.1981,11.6505,12134076000.0,-12.05477756044882,5.442881978422232,14.32540691768293,55006857000.0,151331860000.0,-24171507000.0,56.62650602409639,21.0,50.0,False,False,24.23,32.3965060240964,True,52.76073619631904,2021,True,False,True,True,public_40
PGSUS,PGSUS,2020,,"BIST SÜRDÜRÜLEBİLİRLİK (XUSRD), BIST 100 (XU100), BIST 30 (XU030), BIST 50 (XU050), BIST KURUMSAL YÖNETİM (XKURY), BIST TÜM (XUTUM)",True,90234819051.0,1.025165209759327,822480003.0,16.78114508964414,17.12230134694465,162922642684.7148,116853871107.0,198.0871,56.85101508601036,-26.20353758140253,-1258702626.0,5.054118977448702,71.51074411297557,205294556815.0,1564551872.7148,161358090812.0,4.349742212839163,-1965097057.0,3.498425767369621,-40.90918181988683,319933391626.0,-1360923789.0,-43.73327841778256,0.0134,,4803559909.0,37.83230006279612,-6.75972335118565,-36.48244880115997,88019782755.0,410168210677.0,2215036296.0,16.33199464524766,29.0,30.0,False,False,24.23,-7.898005354752339,False,-13.29545454545456,2021,True,False,True,True,public_40
SASA,SASA,2020,,"BIST GERİ ALIM (XUGRA), BIST SINAİ (XUSIN), BIST SÜRDÜRÜLEBİLİRLİK (XUSRD), BIST 100 (XU100), BIST 30 (XU030), BIST 50 (XU050), BIST TÜM (XUTUM)",True,29764003000.0,0.440977983105229,1166155000.0,-36.1765306482191,23.13364470333755,121997234890.0,154302052000.0,104.6149,38.28726296937282,21.59131576044823,1088407000.0,-68.43844594308584,51.86680882749239,98775585000.0,334060890.0,121663174000.0,18.61610540302832,312188000.0,36.37131488871179,6.193041467596968,290809074000.0,1023319000.0,-86.00212771280404,0.0022,1.0701,5040948000.0,-16.46670886468292,2.893256331326728,10.81601330399986,67495440000.0,320573077000.0,-37731437000.0,242.8571428571428,1.0,100.0,True,True,24.23,218.6271428571428,True,156.25,2021,True,False,True,True,public_40
SISE,SISE,2020,,"BIST MALİ (XUMAL), BIST TEMETTÜ (XTMTU), BIST SÜRDÜRÜLEBİLİRLİK (XUSRD), BIST 100 (XU100), BIST 30 (XU030), BIST 50 (XU050), BIST KURUMSAL YÖNETİM (XKURY), BIST TÜM (XUTUM)",True,141493818000.0,1.259895435151324,4997154000.0,32.94615882172624,23.41608887361915,141066048083.2704,242571375000.0,28.2293,31.94177622544928,31.21456826645592,6661403000.0,12.68328123076104,46.88462560953898,125367407000.0,20292822083.2704,120773226000.0,6.413439282623113,2138037000.0,50.25230579952713,10.01859546595644,365438689000.0,3346312000.0,-1.794588086708604,0.0837,9.4913,21340686000.0,-7.572163029310458,4.834121506096269,9.63322947077404,112306001000.0,506932507000.0,29187817000.0,85.31157270029672,10.0,77.5,False,False,24.23,61.08157270029672,True,41.43763213530656,2021,True,False,True,True,public_40
TAVHL,TAVHL,2020,,"BIST MALİ (XUMAL), BIST SÜRDÜRÜLEBİLİRLİK (XUSRD), BIST 100 (XU100), BIST 30 (XU030), BIST 50 (XU050), BIST KURUMSAL YÖNETİM (XKURY), BIST TÜM (XUTUM)",True,38208657000.0,0.7831278730643036,274030000.0,15.45370882081574,11.34479943431252,95625924250.0,77122493000.0,348.9615,41.69603208434764,15.49207027375233,374206000.0,18.10960866378882,68.3978096745024,119625419000.0,7745156250.0,87880768000.0,3.404189463877771,-2283284000.0,36.37131488871179,-94.5276029324338,208020317000.0,-501308000.0,-13.74530205691223,0.1004,,2415468000.0,27.5773157445726,-7.129868754287381,-27.46833263899106,48789806000.0,246228974000.0,-10581149000.0,54.82954545454547,22.0,47.5,False,False,24.23,30.599545454545467,True,-21.80616740088105,2021,True,False,True,True,public_40
TCELL,TCELL,2020,,"BIST GERİ ALIM (XUGRA), BIST TEMETTÜ (XTMTU), BIST SÜRDÜRÜLEBİLİRLİK (XUSRD), BIST 100 (XU100), BIST 30 (XU030), BIST 50 (XU050), BIST TÜM (XUTUM)",True,156628647000.0,1.702662888620426,14140618000.0,13.34124300256748,50.01500561441651,44012233000.0,259333069000.0,3.1125,31.69351508073854,31.01105725438603,8767679000.0,26.95675700175241,48.19273991282052,149249359000.0,29123930000.0,14888303000.0,0.1419735100634885,4237086000.0,-42.82623661516906,14.98646523643914,343944185000.0,8188484000.0,58.38199528363608,0.1123,6.8736,28272751000.0,10.68517959041351,8.227608189638074,20.38553523356793,91990404000.0,500572832000.0,64638243000.0,21.39673105497771,27.0,35.0,False,False,24.23,-2.83326894502229,False,17.21384205856258,2021,True,False,True,True,public_40
THYAO,THYAO,2020,,"BIST GERİ ALIM (XUGRA), BIST SÜRDÜRÜLEBİLİRLİK (XUSRD), BIST 100 (XU100), BIST 30 (XU030), BIST 50 (XU050), BIST TÜM (XUTUM)",True,485646000000.0,0.9744707235000571,10256000.0,109.117733844792,22.08060626937651,547946264160.0,966388000000.0,,37.71744917709785,5.776352049603858,2683000.0,83.85474384110476,55.22019357442635,693301000000.0,17552264160.0,530394000000.0,3.132661197441395,-5588000.0,36.37131488871179,-12.030657940062,1672387000000.0,-1382000.0,-1.794588086708604,0.0182,,46448000.0,45.97820181991036,-2.981825167287435,-14.14611918383879,498369000000.0,2158033000000.0,-12723000000.0,57.99676898222938,14.0,67.5,False,False,24.23,33.76676898222938,True,-13.0344827586207,2021,True,False,True,True,public_40
TOASO,TOASO,2020,,"BIST TEMETTÜ (XTMTU), BIST SINAİ (XUSIN), BIST SÜRDÜRÜLEBİLİRLİK (XUSRD), BIST 100 (XU100), BIST 30 (XU030), BIST 50 (XU050), BIST KURUMSAL YÖNETİM (XKURY), BIST TÜM (XUTUM)",True,120393022000.0,1.700691465795806,2824918000.0,-17.69419066688774,11.99196985899624,44587361500.0,60031247000.0,15.7836,30.92882730147747,13.64198545749971,3213608000.0,17.85178859832132,65.404684231778,42702328000.0,11056973500.0,33530388000.0,3.353841709705303,1784170000.0,22.23247093443918,7.573923513293241,53131184000.0,2066163000.0,-33.18688181887259,0.1842,6.1973,23556747000.0,96.28477451330848,9.161042926436082,39.92672443405792,70790631000.0,173524206000.0,49602391000.0,139.917695473251,5.0,90.0,True,True,24.23,115.687695473251,True,45.44899205864385,2021,True,False,True,True,public_40
TRALT,TRALT,2020,,"BIST SINAİ (XUSIN), BIST 100 (XU100), BIST 30 (XU030), BIST 50 (XU050), BIST TÜM (XUTUM)",True,21578932000.0,5.467990401402794,1932721000.0,103.6006302933842,59.47490815139273,-17959921415.0,42770233000.0,-9.2926,0.0388784215858179,63.77147506447636,2072344000.0,89.7170827705784,10.62407149166024,1137666000.0,628207585.0,-18588129000.0,-3.714426935523127,1810379000.0,419.1555028795424,55.71012305666995,26275377000.0,1707555000.0,-1.794588086708604,0.0147,0.347,3249641000.0,48.10395141993427,21.60103672815429,23.93531308768063,3946410000.0,47854309000.0,17632522000.0,8.849557522123902,32.0,22.5,False,False,24.23,-15.380442477876098,False,26.46153846153847,2021,True,False,True,True,public_40
TRMET,TRMET,2020,,"BIST 50 (XU050), BIST 100 (XU100), BIST TÜM (XUTUM), BIST SINAİ (XUSIN)",True,22047357000.0,5.063981952147558,1849247000.0,95.41235441195089,55.58590813408693,-12514899200.0,24531176000.0,-6.7676,0.2262563069562943,61.89083472029053,2059001000.0,91.33461650327187,10.66541608963868,1152742000.0,5999716800.0,-18514616000.0,-3.74835400015265,699511000.0,36.37131488871179,21.02637137428547,29582143000.0,1609363000.0,-1.794588086708604,0.2446,8.577,3326827000.0,46.43750886521524,8.098740795859252,19.58842825147394,4353759000.0,51629500000.0,17693598000.0,8.948004836759367,31.0,25.0,False,False,24.23,-15.281995163240634,False,44.49626865671641,2021,True,False,True,True,public_40
TSKB,TSKB,2020,,"BIST MALİ (XUMAL), BIST SÜRDÜRÜLEBİLİRLİK (XUSRD), BIST 100 (XU100), BIST 50 (XU050), BIST KURUMSAL YÖNETİM (XKURY), BIST TÜM (XUTUM)",True,98596299419.1579,1.605486929375312,18955421095.0,10.33073241836171,15.98183165495174,-18598244600.0,47208439000.0,-0.9812,0.0,21.48247707392389,29236805594.78947,7.193859483812521,48.47849622928319,66344431217.42105,4665452400.0,-23263697000.0,2.791092340904628,2869690000.0,-7.192336040138637,-0.2990060422181938,175400085449.7105,3568257000.0,2.251842936663156,0.0988,1.6258,158447060900.7895,10.87136317449177,3.584559479409417,26.736070365376,77104957907.8421,353765203000.0,21491341511.31579,-18.64406779661017,38.0,7.5,False,False,24.23,-42.87406779661017,False,47.05882352941177,2021,True,False,True,True,public_40
TTKOM,TTKOM,2020,,"BIST SÜRDÜRÜLEBİLİRLİK (XUSRD), BIST 100 (XU100), BIST 30 (XU030), BIST 50 (XU050), BIST KURUMSAL YÖNETİM (XKURY), BIST TÜM (XUTUM)",True,115153435000.0,1.516295602958193,12782506000.0,28.24838947763368,45.18562862609418,82819001500.0,212437099000.0,6.4791,29.29029130747355,46.60107551113291,13182920000.0,30.06242003116246,50.20911402972668,138277583000.0,24791112500.0,58027889000.0,0.5855366637740594,3177873000.0,107.6220462765998,11.233649270252,311505169000.0,7463514000.0,47.22144526187354,0.1167,7.8012,28288875000.0,14.48090871712209,7.105755668508841,26.40004765158121,75943922000.0,426658604000.0,39209513000.0,16.98630136986301,28.0,32.5,False,False,24.23,-7.24369863013699,False,18.01346801346799,2021,True,False,True,True,public_40
TUPRS,TUPRS,2020,,"BIST KATILIM TUM (XKTUM), BIST KATILIM TEMETTU (XKTMT), BIST TEMETTÜ (XTMTU), BIST SINAİ (XUSIN), BIST KATILIM 100 (XK100), BIST SÜRDÜRÜLEBİLİRLİK (XUSRD), BIST 100 (XU100), BIST 30 (XU030), BIST 50 (XU050), BIST KURUMSAL YÖNETİM (XKURY), BIST TÜM (XUTUM)",True,236931136000.0,1.395779952919796,123211000.0,-6.471318659694182,0.1948190506850354,-54232965731.7236,364099258000.0,-440.1633,8.488463737746601,2.789569225069677,1764230000.0,-8.77515909545678,37.5262947217754,52397648000.0,2754795268.2764,-56987761000.0,-0.9180811334325236,-2493511000.0,23.15142300268113,-3.942695424050557,355042707000.0,-619027000.0,-10.89950728784015,0.0076,,63243815000.0,-21.7184197533475,-4.076461092193792,-21.78423593581948,169748201000.0,591973843000.0,67182935000.0,40.46973803071364,23.0,45.0,False,False,24.23,16.239738030713642,True,-15.59348332040342,2021,True,False,True,True,public_40
TURSG,TURSG,2020,,"BIST MALİ (XUMAL), BIST TEMETTÜ (XTMTU), BIST SÜRDÜRÜLEBİLİRLİK (XUSRD), BIST 100 (XU100), BIST 50 (XU050), BIST KURUMSAL YÖNETİM (XKURY), BIST TÜM (XUTUM)",True,169011052934.0,1.359749945373696,18955421095.0,10.33073241836171,15.98183165495174,6666255244.501,54752015449.0,0.3517,10.7319460626569,21.48247707392389,29236805594.78947,7.193859483812521,69.89179407783587,2803105068.0,740674410.501,5925580834.0,2.791092340904628,1161457615.0,42.26301938949943,-0.2990060422181938,12839754087.0,10267860592.31579,-1.794588086708604,0.0135,0.6377,158447060900.7895,10.87136317449177,10.79830257512384,49.3881403713351,124295686504.0,181850807021.0,44715366430.0,-24.63768115942028,40.0,2.5,False,False,24.23,-48.86768115942028,False,204.7619047619048,2021,True,False,True,True,public_40
ULKER,ULKER,2020,,"BIST SINAİ (XUSIN), BIST SÜRDÜRÜLEBİLİRLİK (XUSRD), BIST 100 (XU100), BIST 50 (XU050), BIST TÜM (XUTUM)",True,84906085000.0,2.405968919943027,1679209000.0,-9.786817409639673,17.86228942221356,41096411242.0,43301842000.0,24.4737,45.20126362804732,28.90454611423886,2643463000.0,-1.415500825938674,63.83947937569749,45701313000.0,7076134242.0,34020277000.0,1.847318019615186,1016415000.0,-49.6782395674073,10.81193520465838,41960678000.0,1492738000.0,-10.45248460089899,0.1634,6.9619,9400861000.0,1.65963754151499,5.68067499104653,17.85173582912045,35289768000.0,126866763000.0,49616317000.0,-23.69914853358563,39.0,5.0,False,False,24.23,-47.92914853358563,False,0.0484496124030897,2021,True,False,True,True,public_40
AEFES,AEFES,2021,,"BIST TEMETTÜ (XTMTU), BIST SINAİ (XUSIN), BIST SÜRDÜRÜLEBİLİRLİK (XUSRD), BIST 100 (XU100), BIST 30 (XU030), BIST 50 (XU050), BIST KURUMSAL YÖNETİM (XKURY), BIST TÜM (XUTUM)",True,109123335000.0,1.032035162875319,6784574000.0,-20.89268768853682,17.26530084175471,56939859789.0588,108611239000.0,8.3925,22.48354066076161,36.01865105483488,14153892000.0,-22.83046081330746,47.04650365230977,88838123000.0,1555815789.0588,55384044000.0,1.400527017918382,1068303000.0,-47.83191133157794,3.67314389276124,304455084000.0,4385568000.0,-24.54185744697499,0.0143,1.4563,39296008000.0,-19.47576272020117,2.048200044157177,5.708246429270254,105736063000.0,413578419000.0,3387272000.0,137.5,32.0,22.5,False,False,185.94,-48.44,False,33.83838383838383,2022,True,False,True,True,public_40
ARCLK,ARCLK,2021,,"BIST SINAİ (XUSIN), BIST SÜRDÜRÜLEBİLİRLİK (XUSRD), BIST 100 (XU100), BIST 50 (XU050), BIST KURUMSAL YÖNETİM (XKURY), BIST TÜM (XUTUM)",True,338696844000.0,0.9554610569655252,8865826000.0,3.433315660307804,13.00271204116564,200695687217.5859,73314458000.0,22.637,44.36478872650538,29.80078632593055,20478345000.0,-5.145859859025417,86.05257181976896,128960818000.0,30914578217.5859,169781109000.0,5.061858022676359,3064674000.0,36.37131488871179,4.49468256223924,223106307000.0,7020144000.0,-92.85026164722132,0.4217,10.0874,68184437000.0,-8.771631425953212,3.602167623667929,15.81074980177711,354485242000.0,561803151000.0,-15788398000.0,134.1116535767353,33.0,20.0,False,False,185.94,-51.82834642326469,False,69.94799405646359,2022,True,False,True,True,public_40
ASELS,ASELS,2021,,"BIST KATILIM TUM (XKTUM), BIST KATILIM TEMETTU (XKTMT), BIST TEMETTÜ (XTMTU), BIST KATILIM 100 (XK100), BIST SÜRDÜRÜLEBİLİRLİK (XUSRD), BIST 100 (XU100), BIST 30 (XU030), BIST 50 (XU050), BIST KURUMSAL YÖNETİM (XKURY), BIST TÜM (XUTUM)",True,207675087000.0,1.539681050431323,9850359000.0,28.28049981945516,48.91197173954376,45657196240.0,281073867000.0,4.6351,10.94592663296361,33.01517710478792,6648911000.0,18.04049383933082,41.70580086030744,67399144000.0,23573109240.0,22084087000.0,0.4090774860188352,7130563000.0,86.07414732856378,35.40682080145874,277343850000.0,9418168000.0,-11.78975802809784,0.0839,3.3059,20138953000.0,15.02307482417689,15.36318966172152,27.89359508003656,134881888000.0,485018937000.0,72793199000.0,186.4939870490286,22.0,47.5,False,False,185.94,0.5539870490285921,True,14.74501108647451,2022,True,False,True,True,public_40
ASTOR,ASTOR,2021,,"BIST TEMETTÜ (XTMTU), BIST SINAİ (XUSIN), BIST 100 (XU100), BIST 30 (XU030), BIST 50 (XU050), BIST KURUMSAL YÖNETİM (XKURY), BIST TÜM (XUTUM)",True,35814744751.0,2.068181255071998,11102586376.0,6.41772420881158,31.46031440264467,,33280133403.0,,9.108880230216323,36.94966961725793,13039821956.0,8.196858113868407,34.33854869786933,87274088.0,,-7924744700.0,-0.7137746495835053,7668909328.0,16.5986998970833,21.73063918744103,14869686895.0,9777395430.0,13.19101273168103,,,35290767390.0,1.26805489174304,16.91523939254488,25.33602228118946,17317024155.0,50684431646.0,18497720596.0,268.5459429240282,12.0,70.0,False,False,185.94,82.60594292402823,True,56.94799128792934,2022,True,False,True,True,public_40
BIMAS,BIMAS,2021,,"BIST KATILIM TUM (XKTUM), BIST KATILIM TEMETTU (XKTMT), BIST TEMETTÜ (XTMTU), BIST KATILIM 100 (XK100), BIST SÜRDÜRÜLEBİLİRLİK (XUSRD), BIST 100 (XU100), BIST 30 (XU030), BIST 50 (XU050), BIST TÜM (XUTUM)",True,111487229000.0,1.028888300504499,5925940000.0,47.27296403964636,8.402408966399793,55490882018.4,165584579000.0,9.3641,15.59520845282202,19.3390599066872,13414042000.0,17.30763630076695,50.57739225089362,62641837000.0,16916408018.4,38574474000.0,0.8870831980172851,2932482000.0,-23.41486500961707,4.157975452098063,226606155000.0,4123282000.0,129.7852469748412,0.1022,5.7686,70526679000.0,6.027242848535775,9.642477430545622,38.55680309876321,108356980000.0,338093384000.0,3130249000.0,118.7777398429498,36.0,12.5,False,False,185.94,-67.1622601570502,False,-13.79950495049506,2022,True,False,True,True,public_40
BRSAN,BRSAN,2021,,"BIST 50 (XU050), BIST 100 (XU100), BIST TÜM (XUTUM), BIST SINAİ (XUSIN)",True,37468163000.0,1.179794213271216,589152000.0,102.5209895151026,8.0375728481438,11620903721.56,37734876000.0,19.7248,17.39562312814938,8.412569862143778,590389000.0,66.65115047609014,50.47069532323828,6693874000.0,3827832721.56,7793071000.0,1.631930300688742,94322000.0,36.37131488871179,1.779702390262455,38718806000.0,304060000.0,79.38765433254392,0.1014,40.5826,7329974000.0,29.76068677868155,0.5724644027490576,1.41835738389588,31758219000.0,76186969000.0,5709944000.0,203.6488439306358,20.0,52.5,False,False,185.94,17.708843930635794,True,-3.017241379310349,2022,True,False,True,True,public_40
BTCIM,BTCIM,2021,,"BIST SINAİ (XUSIN), BIST SÜRDÜRÜLEBİLİRLİK (XUSRD), BIST 100 (XU100), BIST 50 (XU050), BIST KURUMSAL YÖNETİM (XKURY), BIST TÜM (XUTUM)",True,5185641000.0,1.021778632668599,247011306.0,-35.11179976139319,12.77338731647199,5445244600.0,21862295000.0,22.0445,15.65830993956671,17.16482719821362,331932813.0,-31.03825916740164,30.35762841529901,5724291000.0,87096600.0,5358148000.0,3.945329464199591,-604406612.0,36.37131488871179,-31.25492462969531,30388294000.0,164722617.0,-1.794588086708604,0.004,,1933796415.0,-18.77374383654299,-13.71348877754799,-56.0912240091793,5075112000.0,35573935000.0,110529000.0,181.2500000000001,24.0,42.5,False,False,185.94,-4.689999999999884,False,200.0,2022,True,False,True,True,public_40
CANTE,CANTE,2021,,"BIST KATILIM TUM (XKTUM), BIST KATILIM 100 (XK100), BIST 100 (XU100), BIST 50 (XU050), BIST KURUMSAL YÖNETİM (XKURY), BIST TÜM (XUTUM)",True,4631084706.0,2.221696571253344,316550594.0,-26.67562234081124,26.53540975798493,386610916.0,27934207290.0,1.2213,2.189742354816806,27.45976145699709,327577523.0,-70.73381430272273,6.990125871218335,77456863.0,218715200.0,167895716.0,0.0774815411819912,-180963007.0,36.37131488871179,-15.16954203466791,26297371946.0,250916649.0,-1.794588086708604,0.0078,,1192936521.0,-22.89678476982552,-3.258756597630365,-5.958179929072846,2084481187.0,30928456652.0,2546603519.0,922.0588235294118,2.0,97.5,True,True,185.94,736.1188235294119,True,56.94799128792934,2022,True,False,True,True,public_40
CCOLA,CCOLA,2021,,"BIST TEMETTÜ (XTMTU), BIST SINAİ (XUSIN), BIST SÜRDÜRÜLEBİLİRLİK (XUSRD), BIST 100 (XU100), BIST 50 (XU050), BIST KURUMSAL YÖNETİM (XKURY), BIST TÜM (XUTUM)",True,73616867000.0,1.153209402274213,4534165000.0,4.141241429103645,20.67606540676763,47211353731.1044,75839768000.0,10.4124,27.31983046048931,35.56278859692421,7716991000.0,4.666509549579987,54.59206357752095,40311689000.0,21618170731.1044,25593183000.0,0.7776800523226375,2271412000.0,-27.42292036550663,10.35777548406749,117158486000.0,3433828000.0,1.764301224034896,0.2851,9.5175,21929535000.0,3.866631491881777,7.311765140987912,17.39850453619527,63836513000.0,190775353000.0,9780354000.0,131.5994798439532,34.0,17.5,False,False,185.94,-54.34052015604681,False,38.64468864468864,2022,True,False,True,True,public_40
CIMSA,CIMSA,2021,,"BIST KATILIM TUM (XKTUM), BIST KATILIM TEMETTU (XKTMT), BIST TEMETTÜ (XTMTU), BIST SINAİ (XUSIN), BIST KATILIM 100 (XK100), BIST SÜRDÜRÜLEBİLİRLİK (XUSRD), BIST 100 (XU100), BIST 50 (XU050), BIST TÜM (XUTUM)",True,22471348000.0,0.9648189381351155,876070379.0,2.671449127561783,23.39075466221243,23895722002.2149,34760766000.0,27.276,30.66873480197315,19.03575879369177,712959657.0,-7.160370550343541,51.39651087197351,24490970000.0,519620002.2149,23376102000.0,2.567749369200244,1016600770.0,80.40531978700578,27.14286405577268,70495490000.0,743689216.0,-56.33857262022366,0.0149,0.5111,3745370304.0,-0.1833223592780139,19.36838318691661,40.74876227672377,23290741000.0,92966838000.0,-819393000.0,235.1620947630923,16.0,62.5,False,False,185.94,49.222094763092315,True,67.08860759493669,2022,True,False,True,True,public_40
DOAS,DOAS,2021,,"BIST TEMETTÜ (XTMTU), BIST SÜRDÜRÜLEBİLİRLİK (XUSRD), BIST 100 (XU100), BIST 50 (XU050), BIST KURUMSAL YÖNETİM (XKURY), BIST TÜM (XUTUM)",True,66090470000.0,1.433344438113349,3274884000.0,-32.83493887197043,13.47344955524316,30493524040.0,67148466000.0,9.3113,23.57945157557572,14.48805887122723,3521497000.0,-19.32542887566231,47.75630373688362,16150209000.0,5308948040.0,25184576000.0,1.711236295100516,2331581000.0,-68.39225848416312,9.592534876796677,64278669000.0,3092743000.0,-45.88322780871864,0.0791,2.277,24306203000.0,3.736515503942652,23.90237671481934,53.59432699104111,46109273000.0,130369139000.0,19981197000.0,397.1014492753623,7.0,85.0,False,True,185.94,211.16144927536232,True,72.51655629139074,2022,True,False,True,True,public_40
DSTKF,DSTKF,2021,,"BIST MALİ (XUMAL), BIST HALKA ARZ (XHARZ), BIST 100 (XU100), BIST 30 (XU030), BIST 50 (XU050), BIST TÜM (XUTUM)",True,98596299419.1579,1.605486929375312,3169731000.0,5.603630940958229,45.18637325629234,,12206297000.0,,0.0,45.18637325629234,143444000.0,5.603630940958229,74.83010164939655,66344431217.42105,,-7487016000.0,-2.362035137997514,125939000.0,78.40787958896517,53.68340110914163,175400085449.7105,10267860592.31579,-1.794588086708604,,,7014794000.0,42.99557933970183,6.473721437574406,44.82459892971745,77104957907.8421,48495615000.0,21491341511.31579,268.5459429240282,12.0,70.0,False,False,185.94,82.60594292402823,True,56.94799128792934,2022,True,False,True,True,public_40
ENKAI,ENKAI,2021,,"BIST TEMETTÜ (XTMTU), BIST SÜRDÜRÜLEBİLİRLİK (XUSRD), BIST 100 (XU100), BIST 30 (XU030), BIST 50 (XU050), BIST KURUMSAL YÖNETİM (XKURY), BIST TÜM (XUTUM)",True,275272393000.0,3.788457272327595,6225148000.0,47.64039657864126,24.14529248194363,-147860612600.0,373216949000.0,-23.7521,1.400828177627218,26.02318529071947,6709307000.0,46.56788617505266,23.02375482189342,40860038000.0,65409898400.0,-213270511000.0,-6.283078508420121,5159042000.0,46.54527550245396,20.01021951873778,217787292000.0,5123793000.0,49.57237112784911,0.1753,12.6787,25782036000.0,55.66433152590219,4.252250163008465,5.798109319263789,72660815000.0,493059685000.0,202611578000.0,139.0283400809717,31.0,25.0,False,False,185.94,-46.911659919028295,False,111.660777385159,2022,True,False,True,True,public_40
EREGL,EREGL,2021,,"BIST KATILIM TUM (XKTUM), BIST KATILIM 100 (XK100), BIST SINAİ (XUSIN), BIST SÜRDÜRÜLEBİLİRLİK (XUSRD), BIST 100 (XU100), BIST 30 (XU030), BIST 50 (XU050), BIST KURUMSAL YÖNETİM (XKURY), BIST TÜM (XUTUM)",True,257051476000.0,2.030442529268359,26923403000.0,41.00850850002011,39.46127424106595,73216023500.0,295496351000.0,2.7194,26.98363686716349,37.39906475116656,25516411000.0,26.42180562329629,47.1433832273448,145298849000.0,41744748500.0,31471275000.0,1.421219019628917,15527082000.0,-9.975163524387357,22.75783789164835,319694560000.0,24871472000.0,27.92386642366773,0.1413,2.6885,68227404000.0,11.46748113494189,12.27997463538645,18.86807163286871,126598745000.0,576746036000.0,130452731000.0,60.87649402390437,40.0,2.5,False,False,185.94,-125.06350597609564,False,116.2790697674419,2022,True,False,True,True,public_40
FROTO,FROTO,2021,,"BIST TEMETTÜ (XTMTU), BIST SINAİ (XUSIN), BIST SÜRDÜRÜLEBİLİRLİK (XUSRD), BIST 100 (XU100), BIST 30 (XU030), BIST 50 (XU050), BIST KURUMSAL YÖNETİM (XKURY), BIST TÜM (XUTUM)",True,223456658000.0,1.237140354858528,10492007000.0,-0.1511537551296903,14.75642948539673,105519367411.81,156020689000.0,10.0571,36.19666292094078,15.68771117945621,11154160000.0,-2.92294296792062,65.38876319946884,114136231000.0,6325851411.81,99193516000.0,1.903720927590312,8801005000.0,-33.1892995026332,12.37812838698297,227323792000.0,9437743000.0,12.29578595606876,0.0405,0.7188,71101258000.0,6.680383640373072,20.56653011660616,86.72190023824122,180623530000.0,450780450000.0,42833128000.0,120.0304259634889,35.0,15.0,False,False,185.94,-65.9095740365111,False,99.0394877267876,2022,True,False,True,True,public_40
GUBRF,GUBRF,2021,,"BIST KATILIM TUM (XKTUM), BIST KATILIM 100 (XK100), BIST SINAİ (XUSIN), BIST 100 (XU100), BIST 30 (XU030), BIST 50 (XU050), BIST TÜM (XUTUM)",True,39694704626.0,1.475274602025875,664898014.0,89.41980288970892,6.173955100451829,25262122579.0,29796931094.0,37.994,14.98325300864524,24.79583218107864,2584968074.0,77.1064392126098,44.202511570063,1586839964.0,25667899332.0,-405776753.0,-0.0366960281885557,523125635.0,36.37131488871179,4.857518167267908,24766553049.0,463293850.0,133.6691821284864,0.8614,49.0664,10769401513.0,31.15151354937974,4.00874539062495,19.24236530513932,26906654918.0,64461257675.0,12788049708.0,239.7172236503856,15.0,65.0,False,False,185.94,53.777223650385594,True,-0.7746933505487448,2022,True,False,True,True,public_40
HEKTS,HEKTS,2021,,"BIST SINAİ (XUSIN), BIST SÜRDÜRÜLEBİLİRLİK (XUSRD), BIST 100 (XU100), BIST 50 (XU050), BIST TÜM (XUTUM)",True,6182316144.0,0.529056677213061,478342273.0,10.33073241836171,23.67189253831762,11761718652.0,13955964667.0,24.5885,35.77778203643693,35.05312721624158,708324969.0,7.193859483812521,49.96620939080297,2170037377.0,3630842600.0,8130876052.0,2.791092340904628,325757016.0,36.37131488871179,16.12085218392357,21547590841.0,429442041.0,-1.794588086708604,0.2602,11.1459,2020718336.0,-3.810143133367588,7.042152662177359,23.06791117100804,11685546011.0,27729906985.0,-5503229867.0,619.6808510638298,3.0,95.0,True,True,185.94,433.7408510638298,True,169.5652173913044,2022,True,False,True,True,public_40
KONTR,KONTR,2021,,"BIST KATILIM TUM (XKTUM), BIST KATILIM 100 (XK100), BIST SÜRDÜRÜLEBİLİRLİK (XUSRD), BIST 100 (XU100), BIST 50 (XU050), BIST KURUMSAL YÖNETİM (XKURY), BIST TÜM (XUTUM)",True,17825476318.0,0.9648147645345296,175482319.0,-76.52379336892136,28.68259551025667,14945740804.0,5841442148.0,85.1695,39.41788384120797,27.02799660394581,165359356.0,-32.02076101617211,80.42298659547971,11542815260.0,714639600.0,14231101204.0,40.60601758753926,130667738.0,36.37131488871179,21.35764957205857,19500118225.0,168580609.0,-19.74615179899992,0.1223,5.4691,611807669.0,30.26187109031774,13.89452701960313,45.59591095966259,18475542636.0,37325594543.0,-650066318.0,1124.271844660194,1.0,100.0,True,True,185.94,938.3318446601938,True,155.8441558441559,2022,True,False,True,True,public_40
KRDMD,KRDMD,2021,,"BIST KATILIM TUM (XKTUM), BIST KATILIM 100 (XK100), BIST SINAİ (XUSIN), BIST 100 (XU100), BIST 30 (XU030), BIST 50 (XU050), BIST TÜM (XUTUM)",True,36570658485.0,1.421263182175259,6833798117.0,24.68840194551919,10.24266066016348,15508111327.0,84652617584.0,2.2693,6.858882213245589,7.772462788765722,5185707438.0,29.77258990220634,33.36784730935516,16660987790.0,9739658400.0,5768452927.0,0.8441064292856693,-1679514697.0,36.37131488871179,-2.517296943896286,90474046455.0,1223249120.0,-1.794588086708604,0.1151,,66718974139.0,-9.783235373406711,-1.433425974012343,-2.210207121736284,25731095369.0,127044704940.0,10839563116.0,102.8473804100228,39.0,5.0,False,False,185.94,-83.0926195899772,False,56.88073394495413,2022,True,False,True,True,public_40
KUYAS,KUYAS,2021,,"BIST KATILIM TUM (XKTUM), BIST GERİ ALIM (XUGRA), BIST KATILIM 100 (XK100), BIST 100 (XU100), BIST 50 (XU050), BIST TÜM (XUTUM)",True,3430358473.0,1.024097507273771,17267265.0,-84.57395728320287,24.02424247753409,790848337.0,1433769960.0,45.8004,52.02470310122926,35.57142934062821,25566729.0,-66.80823364251552,71.5307211596518,254450664.0,127750000.0,663098337.0,6.230971276860584,127295405.0,36.37131488871179,177.1082841431984,1608163567.0,17207583.0,-1.794588086708604,0.0891,1.0036,71874337.0,-18.9303538799043,29.54530725668641,44.51848562901028,3349640487.0,5038522040.0,80717986.0,372.1428571428572,8.0,82.5,False,True,185.94,186.20285714285723,True,116.9491525423729,2022,True,False,True,True,public_40
MAVI,MAVI,2021,,"BIST KATILIM TUM (XKTUM), BIST KATILIM TEMETTU (XKTMT), BIST GERİ ALIM (XUGRA), BIST TEMETTÜ (XTMTU), BIST KATILIM 100 (XK100), BIST SÜRDÜRÜLEBİLİRLİK (XUSRD), BIST 100 (XU100), BIST 50 (XU050), BIST TÜM (XUTUM)",True,17960054000.0,1.634224377240455,1056689000.0,-3.504101612681764,22.87542817458591,-3872131897.405,13887148000.0,-3.6644,16.53607965288347,50.9920748532801,2371663000.0,-3.834810812143546,48.36575576533898,2059788000.0,185113102.595,-4057245000.0,-0.4589145296438396,400441000.0,-35.55564234828147,8.668831920895698,9021317000.0,698640000.0,-10.7415742987154,0.0133,0.4623,4619319000.0,-5.160630603014495,9.778053106680238,35.93000646925132,10989956000.0,26981371000.0,6970098000.0,287.8238341968913,10.0,77.5,False,False,185.94,101.88383419689131,True,32.53424657534248,2022,True,False,True,True,public_40
MGROS,MGROS,2021,,"BIST TEMETTÜ (XTMTU), BIST SÜRDÜRÜLEBİLİRLİK (XUSRD), BIST 100 (XU100), BIST 30 (XU030), BIST 50 (XU050), BIST KURUMSAL YÖNETİM (XKURY), BIST TÜM (XUTUM)",True,76260429000.0,0.7922389875504489,1766303000.0,32.13690929020486,4.869572030602023,10332516667.4607,79034025000.0,5.8498,15.17379160767878,24.31140376010957,8754503000.0,13.02017943116364,61.870667172833,33411199000.0,6441249667.4607,3891267000.0,0.142432880228243,358881000.0,-22.06601997344972,1.566815086482881,133322850000.0,859118000.0,-1.794588086708604,0.0815,17.9481,36272243000.0,7.339362780741634,1.982732354253308,66.94741672636103,96259374000.0,209583279000.0,-19998945000.0,274.6952045516121,11.0,75.0,False,False,185.94,88.75520455161211,True,-15.29912508867343,2022,True,False,True,True,public_40
MIATK,MIATK,2021,,"BIST 50 (XU050), BIST 100 (XU100), BIST TÜM (XUTUM), BIST GERİ ALIM (XUGRA)",True,2804219729.0,1.847614586640199,59767781.0,-46.32359136365828,36.40046344863742,495404313.0,5462068845.0,8.2888,15.20021039427611,36.91311817995067,60609535.0,-53.81436821230893,23.79852632834255,189212159.0,100787666.0,394616647.0,0.3330521153494236,54155781.0,36.37131488871179,32.98257847021144,4368340418.0,53997665.0,-66.18290504276872,0.0185,1.8611,164195110.0,-18.4632630319098,18.01143034017555,22.05986819725361,1517751456.0,7172560147.0,1286468273.0,230.2816901408451,17.0,60.0,False,False,185.94,44.34169014084509,True,56.94799128792934,2022,True,False,True,True,public_40
OYAKC,OYAKC,2021,,"BIST SINAİ (XUSIN), BIST SÜRDÜRÜLEBİLİRLİK (XUSRD), BIST 100 (XU100), BIST 50 (XU050), BIST KURUMSAL YÖNETİM (XKURY), BIST TÜM (XUTUM)",True,32616470000.0,2.245142546875693,1038608123.0,-12.17881435726,22.18782589449598,-8184961489.9989,62952207000.0,-7.8807,5.204040211322213,24.42834430162318,1143486385.0,-8.771722919867184,21.60107654947487,2817506000.0,2409289510.0011,-10594251000.0,-0.7232428666281365,725165282.0,-6.595613526716291,15.50858517114991,47680815000.0,843846504.0,-20.4234249453016,0.0383,3.3224,4680981940.0,-2.843358548763253,14.87325040988632,24.35139263270625,14527572000.0,80297285000.0,18088898000.0,157.0,28.0,32.5,False,False,185.94,-28.94,False,-13.00448430493275,2022,True,False,True,True,public_40
PASEU,PASEU,2021,,"BIST KATILIM TUM (XKTUM), BIST KATILIM 100 (XK100), BIST 100 (XU100), BIST 50 (XU050), BIST TÜM (XUTUM)",True,2441036711.0,1.762515713844014,90027954.0,-69.3315128585281,3.67084771248232,,3509231734.0,,13.60982571684231,12.39932151276219,304094758.0,-26.96451676198998,35.89757875605284,576638214.0,,687961900.0,7.64164761536178,1099516599.0,307.216862353112,44.83227500955415,3023429980.0,139948218.0,-57.38126719034544,,,2452511274.0,25.73359184553655,23.5173588407094,37.42388743971068,1384973020.0,5464466691.0,1056063691.0,268.5459429240282,12.0,70.0,False,False,185.94,82.60594292402823,True,56.94799128792934,2022,True,False,True,True,public_40
PETKM,PETKM,2021,,"BIST KATILIM TUM (XKTUM), BIST KATILIM 100 (XK100), BIST SINAİ (XUSIN), BIST SÜRDÜRÜLEBİLİRLİK (XUSRD), BIST 100 (XU100), BIST 30 (XU030), BIST 50 (XU050), BIST TÜM (XUTUM)",True,30835350000.0,0.5605728391280381,7012721000.0,10.33073241836171,24.42124517645548,66296099000.0,63962607000.0,9.4537,33.97639466005374,22.3475576407672,6417248000.0,7.193859483812521,57.73354863939424,32362396000.0,19768320000.0,46527779000.0,2.791092340904628,5451706000.0,36.37131488871179,18.98513413779807,120496510000.0,6472909000.0,-1.794588086708604,0.3091,3.6261,28715657000.0,-12.05477756044882,17.91664930336232,42.85149474262721,55006857000.0,151331860000.0,-24171507000.0,147.029702970297,29.0,30.0,False,False,185.94,-38.910297029703,False,56.62650602409639,2022,True,False,True,True,public_40
PGSUS,PGSUS,2021,,"BIST SÜRDÜRÜLEBİLİRLİK (XUSRD), BIST 100 (XU100), BIST 30 (XU030), BIST 50 (XU050), BIST KURUMSAL YÖNETİM (XKURY), BIST TÜM (XUTUM)",True,90234819051.0,1.025165209759327,2204425810.0,16.78114508964414,20.670871531494,163136133375.449,116853871107.0,74.0039,56.85101508601036,1.102153858431236,117538170.0,5.054118977448702,71.51074411297557,205294556815.0,1778042563.449,161358090812.0,4.349742212839163,-1972478349.0,3.498425767369621,-18.49590327144301,319933391626.0,-611875719.0,-43.73327841778256,0.0152,,10664406707.0,37.83230006279612,-3.728932272000617,-28.99256527999032,88019782755.0,410168210677.0,2215036296.0,434.6216657593902,5.0,90.0,True,True,185.94,248.68166575939023,True,16.33199464524766,2022,True,False,True,True,public_40
SASA,SASA,2021,,"BIST GERİ ALIM (XUGRA), BIST SINAİ (XUSIN), BIST SÜRDÜRÜLEBİLİRLİK (XUSRD), BIST 100 (XU100), BIST 30 (XU030), BIST 50 (XU050), BIST TÜM (XUTUM)",True,29764003000.0,0.440977983105229,2783427000.0,-36.1765306482191,19.00604938779933,123237321610.0,154302052000.0,44.2754,38.28726296937282,25.28186331495909,3702517000.0,-68.43844594308584,51.86680882749239,98775585000.0,1574147610.0,121663174000.0,18.61610540302832,697435000.0,36.37131488871179,4.762289097138106,290809074000.0,2540013000.0,-86.00212771280404,0.0102,2.2571,14644953000.0,-16.46670886468292,3.14242533047991,16.75468400123287,67495440000.0,320573077000.0,-37731437000.0,312.4137931034484,9.0,80.0,False,True,185.94,126.47379310344844,True,242.8571428571428,2022,True,False,True,True,public_40
SISE,SISE,2021,,"BIST MALİ (XUMAL), BIST TEMETTÜ (XTMTU), BIST SÜRDÜRÜLEBİLİRLİK (XUSRD), BIST 100 (XU100), BIST 30 (XU030), BIST 50 (XU050), BIST KURUMSAL YÖNETİM (XKURY), BIST TÜM (XUTUM)",True,141493818000.0,1.259895435151324,8506214000.0,32.94615882172624,26.53392965067086,158542189704.0396,242571375000.0,18.6384,31.94177622544928,34.87534966057482,11180296000.0,12.68328123076104,46.88462560953898,125367407000.0,37768963704.0396,120773226000.0,6.413439282623113,9133285000.0,50.25230579952713,28.48998880930192,365438689000.0,6444960000.0,-1.794588086708604,0.1557,4.1353,32057875000.0,-7.572163029310458,10.30001845780594,23.16218442635288,112306001000.0,506932507000.0,29187817000.0,215.7650695517775,19.0,55.00000000000001,False,False,185.94,29.82506955177749,True,85.31157270029672,2022,True,False,True,True,public_40
TAVHL,TAVHL,2021,,"BIST MALİ (XUMAL), BIST SÜRDÜRÜLEBİLİRLİK (XUSRD), BIST 100 (XU100), BIST 30 (XU030), BIST 50 (XU050), BIST KURUMSAL YÖNETİM (XKURY), BIST TÜM (XUTUM)",True,38208657000.0,0.7831278730643036,1404023000.0,15.45370882081574,25.71786752547795,99760065238.2812,77122493000.0,71.053,41.69603208434764,40.48583626302793,2210255000.0,18.10960866378882,68.3978096745024,119625419000.0,11879297238.2812,87880768000.0,3.404189463877771,467689000.0,36.37131488871179,8.56678540531263,208020317000.0,602509000.0,-13.74530205691223,0.154,25.4,5459329000.0,27.5773157445726,0.7098587650598988,2.233768537710422,48789806000.0,246228974000.0,-10581149000.0,175.0,26.0,37.5,False,False,185.94,-10.939999999999998,False,54.82954545454547,2022,True,False,True,True,public_40
TCELL,TCELL,2021,,"BIST GERİ ALIM (XUGRA), BIST TEMETTÜ (XTMTU), BIST SÜRDÜRÜLEBİLİRLİK (XUSRD), BIST 100 (XU100), BIST 30 (XU030), BIST 50 (XU050), BIST TÜM (XUTUM)",True,156628647000.0,1.702662888620426,21654756000.0,13.34124300256748,62.03619792059082,50842320000.0,259333069000.0,2.3479,31.69351508073854,30.62616786499625,10690568000.0,26.95675700175241,48.19273991282052,149249359000.0,35954017000.0,14888303000.0,0.1419735100634885,5031098000.0,-42.82623661516906,14.41300891526502,343944185000.0,14402681000.0,58.38199528363608,0.1386,7.1464,34906646000.0,10.68517959041351,7.117869092699321,22.29896474274805,91990404000.0,500572832000.0,64638243000.0,105.0295857988166,38.0,7.5,False,False,185.94,-80.9104142011834,False,21.39673105497771,2022,True,False,True,True,public_40
THYAO,THYAO,2021,,"BIST GERİ ALIM (XUGRA), BIST SÜRDÜRÜLEBİLİRLİK (XUSRD), BIST 100 (XU100), BIST 30 (XU030), BIST 50 (XU050), BIST TÜM (XUTUM)",True,485646000000.0,0.9744707235000571,29020000.0,109.117733844792,29.80139251165561,557382966360.0,966388000000.0,,37.71744917709785,22.74127626363244,22145000.0,83.85474384110476,55.22019357442635,693301000000.0,26988966360.0,530394000000.0,3.132661197441395,8213000.0,36.37131488871179,8.434143235638441,1672387000000.0,13547000.0,-1.794588086708604,0.0279,,97378000.0,45.97820181991036,2.321971795944678,9.061120917917034,498369000000.0,2158033000000.0,-12723000000.0,544.9390815370197,4.0,92.5,True,True,185.94,358.99908153701966,True,57.99676898222938,2022,True,False,True,True,public_40
TOASO,TOASO,2021,,"BIST TEMETTÜ (XTMTU), BIST SINAİ (XUSIN), BIST SÜRDÜRÜLEBİLİRLİK (XUSRD), BIST 100 (XU100), BIST 30 (XU030), BIST 50 (XU050), BIST KURUMSAL YÖNETİM (XKURY), BIST TÜM (XUTUM)",True,120393022000.0,1.700691465795806,5294839000.0,-17.69419066688774,17.83716681256307,60801382000.0,60031247000.0,11.4831,30.92882730147747,19.63483059482107,5828463000.0,17.85178859832132,65.404684231778,42702328000.0,27270994000.0,33530388000.0,3.353841709705303,3281316000.0,22.23247093443918,11.05404354253873,53131184000.0,4095719000.0,-33.18688181887259,0.4543,8.311,29684305000.0,96.28477451330848,13.97890483506374,57.13203227849192,70790631000.0,173524206000.0,49602391000.0,117.0136171544843,37.0,10.0,False,False,185.94,-68.9263828455157,False,139.917695473251,2022,True,False,True,True,public_40
TRALT,TRALT,2021,,"BIST SINAİ (XUSIN), BIST 100 (XU100), BIST 30 (XU030), BIST 50 (XU050), BIST TÜM (XUTUM)",True,21578932000.0,5.467990401402794,2172688000.0,103.6006302933842,54.28526669186851,-17838040060.0,42770233000.0,-8.2101,0.0388784215858179,62.42030625484559,2498281000.0,89.7170827705784,10.62407149166024,1137666000.0,750088940.0,-18588129000.0,-3.714426935523127,3004002000.0,419.1555028795424,75.05589836778515,26275377000.0,1953407000.0,-1.794588086708604,0.0175,0.2497,4002353000.0,48.10395141993427,24.82008343310108,28.42630150312013,3946410000.0,47854309000.0,17632522000.0,423.913043478261,6.0,87.5,False,True,185.94,237.973043478261,True,8.849557522123902,2022,True,False,True,True,public_40
TRMET,TRMET,2021,,"BIST 50 (XU050), BIST 100 (XU100), BIST TÜM (XUTUM), BIST SINAİ (XUSIN)",True,22047357000.0,5.063981952147558,2235474000.0,95.41235441195089,53.87091939004542,-11521414400.0,24531176000.0,-5.1539,0.2262563069562943,60.5096867570221,2510962000.0,91.33461650327187,10.66541608963868,1152742000.0,6993201600.0,-18514616000.0,-3.74835400015265,1259267000.0,36.37131488871179,30.34607919731758,29582143000.0,1995840000.0,-1.794588086708604,0.2851,5.5534,4149686000.0,46.43750886521524,10.25331055122047,26.07117059166111,4353759000.0,51629500000.0,17693598000.0,184.3501326259947,23.0,45.0,False,False,185.94,-1.5898673740053084,False,8.948004836759367,2022,True,False,True,True,public_40
TSKB,TSKB,2021,,"BIST MALİ (XUMAL), BIST SÜRDÜRÜLEBİLİRLİK (XUSRD), BIST 100 (XU100), BIST 50 (XU050), BIST KURUMSAL YÖNETİM (XKURY), BIST TÜM (XUTUM)",True,98596299419.1579,1.605486929375312,18955421095.0,10.33073241836171,15.98183165495174,-19416973000.0,47208439000.0,-1.0243,0.0,21.48247707392389,29236805594.78947,7.193859483812521,48.47849622928319,66344431217.42105,3846724000.0,-23263697000.0,2.791092340904628,2869690000.0,-7.192336040138637,-0.2990060422181947,175400085449.7105,3568257000.0,2.251842936663156,0.0815,1.3405,158447060900.7895,10.87136317449177,3.584559479409417,26.736070365376,77104957907.8421,353765203000.0,21491341511.31579,195.2702702702703,21.0,50.0,False,False,185.94,9.33027027027029,True,-18.64406779661017,2022,True,False,True,True,public_40
TTKOM,TTKOM,2021,,"BIST SÜRDÜRÜLEBİLİRLİK (XUSRD), BIST 100 (XU100), BIST 30 (XU030), BIST 50 (XU050), BIST KURUMSAL YÖNETİM (XKURY), BIST TÜM (XUTUM)",True,115153435000.0,1.516295602958193,14280337000.0,28.24838947763368,40.91261295738779,87900560500.0,212437099000.0,6.1554,29.29029130747355,43.38260914574749,14868493000.0,30.06242003116246,50.20911402972668,138277583000.0,29872671500.0,58027889000.0,0.5855366637740594,5761454000.0,107.6220462765998,16.81050708993867,311505169000.0,8111012000.0,47.22144526187354,0.1406,5.1849,34272934000.0,14.48090871712209,9.87604999757018,40.4315285211746,75943922000.0,426658604000.0,39209513000.0,179.4084186575654,25.0,40.0,False,False,185.94,-6.531581342434606,False,16.98630136986301,2022,True,False,True,True,public_40
TUPRS,TUPRS,2021,,"BIST KATILIM TUM (XKTUM), BIST KATILIM TEMETTU (XKTMT), BIST TEMETTÜ (XTMTU), BIST SINAİ (XUSIN), BIST KATILIM 100 (XK100), BIST SÜRDÜRÜLEBİLİRLİK (XUSRD), BIST 100 (XU100), BIST 30 (XU030), BIST 50 (XU050), BIST KURUMSAL YÖNETİM (XKURY), BIST TÜM (XUTUM)",True,236931136000.0,1.395779952919796,1252061000.0,-6.471318659694182,0.829335539064093,-53074785688.4131,364099258000.0,-42.3899,8.488463737746601,9.782823895353404,15450643000.0,-8.77515909545678,37.5262947217754,52397648000.0,3912975311.5869,-56987761000.0,-0.9180811334325236,3319134000.0,23.15142300268113,2.198515715381247,355042707000.0,464591000.0,-10.89950728784015,0.0107,1.1789,150971584000.0,-21.7184197533475,3.237074138225249,18.90467790725292,169748201000.0,591973843000.0,67182935000.0,218.757467144564,18.0,57.49999999999999,False,False,185.94,32.817467144564006,True,40.46973803071364,2022,True,False,True,True,public_40
TURSG,TURSG,2021,,"BIST MALİ (XUMAL), BIST TEMETTÜ (XTMTU), BIST SÜRDÜRÜLEBİLİRLİK (XUSRD), BIST 100 (XU100), BIST 50 (XU050), BIST KURUMSAL YÖNETİM (XKURY), BIST TÜM (XUTUM)",True,169011052934.0,1.359749945373696,18955421095.0,10.33073241836171,15.98183165495174,6527076869.0529,54752015449.0,0.3443,10.7319460626569,21.48247707392389,29236805594.78947,7.193859483812521,69.89179407783587,2803105068.0,601496035.0529,5925580834.0,2.791092340904628,1086276248.0,42.26301938949943,-0.2990060422181947,12839754087.0,10267860592.31579,-1.794588086708604,0.011,0.5537,158447060900.7895,10.87136317449177,7.550139842111248,49.3881403713351,124295686504.0,181850807021.0,44715366430.0,162.2641509433962,27.0,35.0,False,False,185.94,-23.675849056603795,False,-24.63768115942028,2022,True,False,True,True,public_40
ULKER,ULKER,2021,,"BIST SINAİ (XUSIN), BIST SÜRDÜRÜLEBİLİRLİK (XUSRD), BIST 100 (XU100), BIST 50 (XU050), BIST TÜM (XUTUM)",True,84906085000.0,2.405968919943027,2659999000.0,-9.786817409639673,21.21705373180996,39537155608.0,43301842000.0,14.8636,45.20126362804732,28.90454611423886,3612415000.0,-1.415500825938674,63.83947937569749,45701313000.0,5516878608.0,34020277000.0,1.847318019615186,-464332000.0,-49.6782395674073,-3.703669434988051,41960678000.0,2429990000.0,-10.45248460089899,0.1274,,12537080000.0,1.65963754151499,-1.769313499945225,-15.54658397154867,35289768000.0,126866763000.0,49616317000.0,144.3236714975846,30.0,27.500000000000004,False,False,185.94,-41.6163285024154,False,-23.69914853358563,2022,True,False,True,True,public_40
AEFES,AEFES,2022,,"BIST TEMETTÜ (XTMTU), BIST SINAİ (XUSIN), BIST SÜRDÜRÜLEBİLİRLİK (XUSRD), BIST 100 (XU100), BIST 30 (XU030), BIST 50 (XU050), BIST KURUMSAL YÖNETİM (XKURY), BIST TÜM (XUTUM)",True,109123335000.0,1.032035162875319,16739819000.0,-20.89268768853682,18.49618347457745,59175165512.1469,108611239000.0,3.535,22.48354066076161,36.45303273785844,32991518000.0,-22.83046081330746,47.04650365230977,88838123000.0,3791121512.1469,55384044000.0,1.400527017918382,3429068000.0,-47.83191133157794,3.67314389276124,304455084000.0,12634392000.0,-24.54185744697499,0.0349,1.1056,90504179000.0,-19.47576272020117,2.048200044157177,13.39691055162961,105736063000.0,413578419000.0,3387272000.0,105.8015267175572,10.0,77.5,False,False,31.96,73.8415267175572,True,137.5,2023,True,False,True,True,public_40
AKSA,AKSA,2022,,,False,10614003000.0,,5540448000.0,,16.0758,,16018937000.0,,,16.348,5634270000.0,,,2194866000.0,,1290298000.0,,4563874000.0,,13.2422,14758754000.0,4506865000.0,,,,34464528000.0,,17.9873,28.4905,7158954000.0,25372757000.0,3455049000.0,15.7236,4.0,66.66666666666666,False,False,,,,178.7926,2023,True,False,False,True,training_only
AKSEN,AKSEN,2022,,,False,18806748271.0,,9907016996.0,,11.3741,,29529938061.0,,,12.1594,10591006620.0,,,9633839984.0,,12492772473.0,,5581565888.0,,6.4081,36396954774.0,9728070330.0,,,,87101671476.0,,10.1109,18.9014,13155653440.0,55203703045.0,5651094831.0,-34.861,8.0,22.22222222222222,False,False,,,,380.2255,2023,True,False,False,True,training_only
ARCLK,ARCLK,2022,,"BIST SINAİ (XUSIN), BIST SÜRDÜRÜLEBİLİRLİK (XUSRD), BIST 100 (XU100), BIST 50 (XU050), BIST KURUMSAL YÖNETİM (XKURY), BIST TÜM (XUTUM)",True,338696844000.0,0.9554610569655252,12400840000.0,3.433315660307804,9.26019710876204,244308983005.3112,73314458000.0,19.701,44.36478872650538,29.80078632593055,39492843000.0,-5.145859859025417,86.05257181976896,128960818000.0,74527874005.3112,169781109000.0,5.061858022676359,4324672000.0,36.37131488871179,3.229403423537773,223106307000.0,9090197000.0,-92.85026164722132,1.0166,17.2332,133915508000.0,-8.771631425953212,3.270254403045286,17.33507571072287,354485242000.0,561803151000.0,-15788398000.0,12.01185495118548,29.0,30.0,False,False,31.96,-19.94814504881452,False,134.1116535767353,2023,True,False,True,True,public_40
ASELS,ASELS,2022,,"BIST KATILIM TUM (XKTUM), BIST KATILIM TEMETTU (XKTMT), BIST TEMETTÜ (XTMTU), BIST KATILIM 100 (XK100), BIST SÜRDÜRÜLEBİLİRLİK (XUSRD), BIST 100 (XU100), BIST 30 (XU030), BIST 50 (XU050), BIST KURUMSAL YÖNETİM (XKURY), BIST TÜM (XUTUM)",True,207675087000.0,1.539681050431323,12678926000.0,28.28049981945516,35.93629067008351,92596016800.0,281073867000.0,7.3031,10.94592663296361,33.39822820780316,11783455000.0,18.04049383933082,41.70580086030744,67399144000.0,70511929800.0,22084087000.0,0.4090774860188352,11915661000.0,86.07414732856378,33.77294395615039,277343850000.0,12089992000.0,-11.78975802809784,0.2509,5.9176,35281677000.0,15.02307482417689,15.66946230398856,30.06197848262009,134881888000.0,485018937000.0,72793199000.0,39.51537744641195,23.0,45.0,False,False,31.96,7.555377446411946,True,186.4939870490286,2023,True,False,True,True,public_40
ASTOR,ASTOR,2022,,"BIST TEMETTÜ (XTMTU), BIST SINAİ (XUSIN), BIST 100 (XU100), BIST 30 (XU030), BIST 50 (XU050), BIST KURUMSAL YÖNETİM (XKURY), BIST TÜM (XUTUM)",True,35814744751.0,2.068181255071998,2272160614.0,6.41772420881158,31.46031440264467,,33280133403.0,,9.108880230216323,33.62247037438598,2485518746.0,8.196858113868407,34.33854869786933,87274088.0,,-7924744700.0,-0.7137746495835053,1827009411.0,16.5986998970833,24.71458720395098,14869686895.0,2192529533.0,13.19101273168103,,,7392433448.0,1.26805489174304,28.46714024894277,55.18221005605702,17317024155.0,50684431646.0,18497720596.0,69.73758042123221,15.0,62.5,False,False,31.96,37.77758042123221,True,268.5459429240282,2023,True,False,True,True,public_40
BIMAS,BIMAS,2022,,"BIST KATILIM TUM (XKTUM), BIST KATILIM TEMETTU (XKTMT), BIST TEMETTÜ (XTMTU), BIST KATILIM 100 (XK100), BIST SÜRDÜRÜLEBİLİRLİK (XUSRD), BIST 100 (XU100), BIST 30 (XU030), BIST 50 (XU050), BIST TÜM (XUTUM)",True,111487229000.0,1.028888300504499,12108391000.0,47.27296403964636,8.19709887582193,77482498372.8,165584579000.0,6.3991,15.59520845282202,18.12514396756263,26773659000.0,17.30763630076695,50.57739225089362,62641837000.0,38908024372.8,38574474000.0,0.8870831980172851,8156913000.0,-23.41486500961707,5.522040243206326,226606155000.0,9515551000.0,129.7852469748412,0.235,4.7699,147715566000.0,6.027242848535775,12.61031846719596,32.36745006889614,108356980000.0,338093384000.0,3130249000.0,120.7131901840491,8.0,82.5,False,True,31.96,88.75319018404909,True,118.7777398429498,2023,True,False,True,True,public_40
BRSAN,BRSAN,2022,,"BIST 50 (XU050), BIST 100 (XU100), BIST TÜM (XUTUM), BIST SINAİ (XUSIN)",True,37468163000.0,1.179794213271216,3006956000.0,102.5209895151026,13.541946918214,19708972915.9487,37734876000.0,6.5545,17.39562312814938,14.08593403016309,3127747000.0,66.65115047609014,50.47069532323828,6693874000.0,11915901915.9487,7793071000.0,1.631930300688742,1349732000.0,36.37131488871179,6.078572183236076,38718806000.0,2445825000.0,79.38765433254392,0.3158,8.8283,22204754000.0,29.76068677868155,4.890689857535992,11.38357460901465,31758219000.0,76186969000.0,5709944000.0,602.3172905525846,1.0,100.0,True,True,31.96,570.3572905525846,True,203.6488439306358,2023,True,False,True,True,public_40
BTCIM,BTCIM,2022,,"BIST SINAİ (XUSIN), BIST SÜRDÜRÜLEBİLİRLİK (XUSRD), BIST 100 (XU100), BIST 50 (XU050), BIST KURUMSAL YÖNETİM (XKURY), BIST TÜM (XUTUM)",True,5185641000.0,1.021778632668599,671057000.0,-35.11179976139319,11.20513983361029,5600276980.0,21862295000.0,8.3455,15.65830993956671,14.59740396791895,874214000.0,-31.03825916740164,30.35762841529901,5724291000.0,242128980.0,5358148000.0,3.945329464199591,-447737000.0,36.37131488871179,-7.476199031797854,30388294000.0,539211000.0,-1.794588086708604,0.0111,,5988832000.0,-18.77374383654299,-6.63412947174053,-26.9378195104665,5075112000.0,35573935000.0,110529000.0,189.2307692307692,4.0,92.5,True,True,31.96,157.2707692307692,True,181.2500000000001,2023,True,False,True,True,public_40
CANTE,CANTE,2022,,"BIST KATILIM TUM (XKTUM), BIST KATILIM 100 (XK100), BIST 100 (XU100), BIST 50 (XU050), BIST KURUMSAL YÖNETİM (XKURY), BIST TÜM (XUTUM)",True,4631084706.0,2.221696571253344,2192614170.0,-26.67562234081124,37.72212895997745,2391071716.0,27934207290.0,1.0905,2.189742354816806,35.72010202851581,2076245536.0,-70.73381430272273,6.990125871218335,77456863.0,2223176000.0,167895716.0,0.0774815411819912,2137026469.0,36.37131488871179,36.76578814343029,26297371946.0,1993086483.0,-1.794588086708604,0.0796,1.0403,5812540889.0,-22.89678476982552,28.14459354518095,48.46778344334226,2084481187.0,30928456652.0,2546603519.0,-70.28795811518324,40.0,2.5,False,False,31.96,-102.24795811518324,False,922.0588235294118,2023,True,False,True,True,public_40
CCOLA,CCOLA,2022,,"BIST TEMETTÜ (XTMTU), BIST SINAİ (XUSIN), BIST SÜRDÜRÜLEBİLİRLİK (XUSRD), BIST 100 (XU100), BIST 50 (XU050), BIST KURUMSAL YÖNETİM (XKURY), BIST TÜM (XUTUM)",True,73616867000.0,1.153209402274213,9827981000.0,4.141241429103645,17.58139885439455,75579595545.6513,75839768000.0,7.6902,27.31983046048931,32.45637775068618,17373739000.0,4.666509549579987,54.59206357752095,40311689000.0,49986412545.6513,25593183000.0,0.7776800523226375,4331051000.0,-27.42292036550663,7.517903430836165,117158486000.0,8006472000.0,1.764301224034896,0.6591,11.5414,53529507000.0,3.866631491881777,7.311765140987912,21.4716104628721,63836513000.0,190775353000.0,9780354000.0,153.1147540983607,5.0,90.0,True,True,31.96,121.15475409836068,True,131.5994798439532,2023,True,False,True,True,public_40
CIMSA,CIMSA,2022,,"BIST KATILIM TUM (XKTUM), BIST KATILIM TEMETTU (XKTMT), BIST TEMETTÜ (XTMTU), BIST SINAİ (XUSIN), BIST KATILIM 100 (XK100), BIST SÜRDÜRÜLEBİLİRLİK (XUSRD), BIST 100 (XU100), BIST 50 (XU050), BIST TÜM (XUTUM)",True,22471348000.0,0.9648189381351155,1456908769.0,2.671449127561783,16.97632115052906,25142409022.873,34760766000.0,17.2574,30.66873480197315,17.23807354286593,1479372373.0,-7.160370550343541,51.39651087197351,24490970000.0,1766307022.873,23376102000.0,2.567749369200244,3431573091.0,80.40531978700578,39.98567932590272,70495490000.0,1299287824.0,-56.33857262022366,0.0508,0.5147,8582005230.0,-0.1833223592780139,29.58614576928242,60.04491814693622,23290741000.0,92966838000.0,-819393000.0,103.584229390681,11.0,75.0,False,False,31.96,71.624229390681,True,235.1620947630923,2023,True,False,True,True,public_40
DOAS,DOAS,2022,,"BIST TEMETTÜ (XTMTU), BIST SÜRDÜRÜLEBİLİRLİK (XUSRD), BIST 100 (XU100), BIST 50 (XU050), BIST KURUMSAL YÖNETİM (XKURY), BIST TÜM (XUTUM)",True,66090470000.0,1.433344438113349,8222391000.0,-32.83493887197043,17.57620596709254,51751867080.0,67148466000.0,6.294,23.57945157557572,22.50066351190696,10526120000.0,-19.32542887566231,47.75630373688362,16150209000.0,26567291080.0,25184576000.0,1.711236295100516,7824186000.0,-68.39225848416312,16.72500184688881,64278669000.0,7924779000.0,-45.88322780871864,0.3957,3.3955,46781376000.0,3.736515503942652,37.86168811498376,67.04885203422529,46109273000.0,130369139000.0,19981197000.0,51.6756503398172,19.0,55.00000000000001,False,False,31.96,19.7156503398172,True,397.1014492753623,2023,True,False,True,True,public_40
DOHOL,DOHOL,2022,,,False,50649588000.0,,1475948000.0,,4.9853,,41258107000.0,,,16.5925,4912373000.0,,,8186092000.0,,6887073000.0,,232125000.0,,0.784,33155978000.0,1101931000.0,,,,29606003000.0,,0.277,0.5626,24909607000.0,83805566000.0,25739981000.0,7.5083,5.0,55.55555555555556,False,False,,,,302.9442,2023,True,False,False,True,training_only
DSTKF,DSTKF,2022,,"BIST MALİ (XUMAL), BIST HALKA ARZ (XHARZ), BIST 100 (XU100), BIST 30 (XU030), BIST 50 (XU050), BIST TÜM (XUTUM)",True,98596299419.1579,1.605486929375312,3169731000.0,5.603630940958229,45.18637325629234,,12206297000.0,,0.0,45.18637325629234,341344000.0,5.603630940958229,74.83010164939655,66344431217.42105,,-7487016000.0,-2.362035137997514,282192000.0,78.40787958896517,53.68340110914163,175400085449.7105,10267860592.31579,-1.794588086708604,,,7014794000.0,42.99557933970183,6.041648736034982,44.82459892971745,77104957907.8421,48495615000.0,21491341511.31579,69.73758042123221,15.0,62.5,False,False,31.96,37.77758042123221,True,268.5459429240282,2023,True,False,True,True,public_40
EKGYO,EKGYO,2022,,,False,110688971000.0,,3644833000.0,,17.1763,,61544059000.0,,,24.0262,5098391000.0,,,5529184000.0,,130165000.0,,905060000.0,,4.2651,10250687000.0,3564731000.0,,,,21220172000.0,,0.7484,1.4706,53866415000.0,120939658000.0,56822556000.0,-18.5162,6.0,44.44444444444444,False,False,,,,322.8678,2023,True,False,False,True,training_only
ENKAI,ENKAI,2022,,"BIST TEMETTÜ (XTMTU), BIST SÜRDÜRÜLEBİLİRLİK (XUSRD), BIST 100 (XU100), BIST 30 (XU030), BIST 50 (XU050), BIST KURUMSAL YÖNETİM (XKURY), BIST TÜM (XUTUM)",True,275272393000.0,3.788457272327595,13759557000.0,47.64039657864126,21.68823759350582,-52105378200.0,373216949000.0,-3.7868,1.400828177627218,23.68601908721001,14297249000.0,46.56788617505266,23.02375482189342,40860038000.0,161165132800.0,-213270511000.0,-6.283078508420121,1961307000.0,46.54527550245396,3.173430214216212,217787292000.0,12248080000.0,49.57237112784911,0.4318,82.1723,61804006000.0,55.66433152590219,1.222444227778324,1.620798285716703,72660815000.0,493059685000.0,202611578000.0,1.625207296849098,31.0,25.0,False,False,31.96,-30.334792703150903,False,139.0283400809717,2023,True,False,True,True,public_40
EREGL,EREGL,2022,,"BIST KATILIM TUM (XKTUM), BIST KATILIM 100 (XK100), BIST SINAİ (XUSIN), BIST SÜRDÜRÜLEBİLİRLİK (XUSRD), BIST 100 (XU100), BIST 30 (XU030), BIST 50 (XU050), BIST KURUMSAL YÖNETİM (XKURY), BIST TÜM (XUTUM)",True,257051476000.0,2.030442529268359,27063819000.0,41.00850850002011,21.17953421319402,101186728500.0,295496351000.0,3.7388,26.98363686716349,19.98608561658584,25538796000.0,26.42180562329629,47.1433832273448,145298849000.0,69715453500.0,31471275000.0,1.421219019628917,18005034000.0,-9.975163524387357,14.09033343050076,319694560000.0,23569988000.0,27.92386642366773,0.2359,3.872,127782881000.0,11.46748113494189,10.29484877215906,15.56919714224964,126598745000.0,576746036000.0,130452731000.0,-4.156712852365033,32.0,22.5,False,False,31.96,-36.11671285236503,False,60.87649402390437,2023,True,False,True,True,public_40
FROTO,FROTO,2022,,"BIST TEMETTÜ (XTMTU), BIST SINAİ (XUSIN), BIST SÜRDÜRÜLEBİLİRLİK (XUSRD), BIST 100 (XU100), BIST 30 (XU030), BIST 50 (XU050), BIST KURUMSAL YÖNETİM (XKURY), BIST TÜM (XUTUM)",True,223456658000.0,1.237140354858528,21035291000.0,-0.1511537551296903,12.24427842127211,113915404999.51,156020689000.0,5.4154,36.19666292094078,13.93578331232073,23941244000.0,-2.92294296792062,65.38876319946884,114136231000.0,14721888999.51,99193516000.0,1.903720927590312,18613943000.0,-33.1892995026332,10.83485370417215,227323792000.0,19140343000.0,12.29578595606876,0.0944,0.7909,171796902000.0,6.680383640373072,19.37897715188277,86.97220665526783,180623530000.0,450780450000.0,42833128000.0,45.44028680259913,20.0,52.5,False,False,31.96,13.480286802599132,True,120.0304259634889,2023,True,False,True,True,public_40
GUBRF,GUBRF,2022,,"BIST KATILIM TUM (XKTUM), BIST KATILIM 100 (XK100), BIST SINAİ (XUSIN), BIST 100 (XU100), BIST 30 (XU030), BIST 50 (XU050), BIST TÜM (XUTUM)",True,39694704626.0,1.475274602025875,1667813601.0,89.41980288970892,6.595602843865868,87870419239.0,29796931094.0,52.686,14.98325300864524,15.12046124776999,3823473232.0,77.1064392126098,44.202511570063,1586839964.0,88276195992.0,-405776753.0,-0.0366960281885557,757352143.0,36.37131488871179,2.995055289861921,24766553049.0,1123634065.0,133.6691821284864,2.9626,116.559,25286749983.0,31.15151354937974,3.63109255876827,13.07839870780101,26906654918.0,64461257675.0,12788049708.0,-44.1944847605225,38.0,7.5,False,False,31.96,-76.15448476052251,False,239.7172236503856,2023,True,False,True,True,public_40
HEKTS,HEKTS,2022,,"BIST SINAİ (XUSIN), BIST SÜRDÜRÜLEBİLİRLİK (XUSRD), BIST 100 (XU100), BIST 50 (XU050), BIST TÜM (XUTUM)",True,6182316144.0,0.529056677213061,1518461638.0,10.33073241836171,28.99246671605652,103309473522.0,13955964667.0,68.0356,35.77778203643693,40.10912479589289,2100689394.0,7.193859483812521,49.96620939080297,2170037377.0,95178597470.0,8130876052.0,2.791092340904628,802289709.0,36.37131488871179,15.31837031816879,21547590841.0,1418947015.0,-1.794588086708604,6.8199,118.6337,5237435134.0,-3.810143133367588,6.562363850086864,23.04627250247895,11685546011.0,27729906985.0,-5503229867.0,-46.64206642066421,39.0,5.0,False,False,31.96,-78.60206642066422,False,619.6808510638298,2023,True,False,True,True,public_40
KCHOL,KCHOL,2022,,,False,1634866000000.0,,269003000000.0,,15.6767,,365745000000.0,,,23.5989,404943000000.0,,,319239000000.0,,424610000000.0,,72662000000.0,,4.2345,1182450000000.0,243546000000.0,,,,1715942000000.0,,2.5791,19.8668,1888144000000.0,2817316000000.0,-253278000000.0,73.2217,1.0,100.0,True,True,,,,201.765,2023,True,False,False,True,training_only
KONTR,KONTR,2022,,"BIST KATILIM TUM (XKTUM), BIST KATILIM 100 (XK100), BIST SÜRDÜRÜLEBİLİRLİK (XUSRD), BIST 100 (XU100), BIST 50 (XU050), BIST KURUMSAL YÖNETİM (XKURY), BIST TÜM (XUTUM)",True,17825476318.0,0.9648147645345296,513660899.0,-76.52379336892136,28.67764677234379,23387014004.0,5841442148.0,45.5301,39.41788384120797,26.92481920953001,482265053.0,-32.02076101617211,80.42298659547971,11542815260.0,9155912800.0,14231101204.0,40.60601758753926,469060654.0,36.37131488871179,26.18761867294977,19500118225.0,498575829.0,-19.74615179899992,1.5674,19.5197,1791154285.0,30.26187109031774,10.71682386391393,36.68164604031426,18475542636.0,37325594543.0,-650066318.0,31.79741051028179,24.0,42.5,False,False,31.96,-0.1625894897182114,False,1124.271844660194,2023,True,False,True,True,public_40
KRDMD,KRDMD,2022,,"BIST KATILIM TUM (XKTUM), BIST KATILIM 100 (XK100), BIST SINAİ (XUSIN), BIST 100 (XU100), BIST 30 (XU030), BIST 50 (XU050), BIST TÜM (XUTUM)",True,36570658485.0,1.421263182175259,6833798117.0,24.68840194551919,10.24266066016348,26072467387.0,84652617584.0,3.8152,6.858882213245589,7.772462788765722,5185707438.0,29.77258990220634,33.36784730935516,16660987790.0,20304014460.0,5768452927.0,0.8441064292856693,-1679514697.0,36.37131488871179,-2.517296943896286,90474046455.0,1223249120.0,-1.794588086708604,0.2399,,66718974139.0,-9.783235373406711,-1.433425974012343,-2.210207121736284,25731095369.0,127044704940.0,10839563116.0,29.55288985823339,25.0,40.0,False,False,31.96,-2.407110141766612,False,102.8473804100228,2023,True,False,True,True,public_40
KUYAS,KUYAS,2022,,"BIST KATILIM TUM (XKTUM), BIST GERİ ALIM (XUGRA), BIST KATILIM 100 (XK100), BIST 100 (XU100), BIST 50 (XU050), BIST TÜM (XUTUM)",True,3430358473.0,1.024097507273771,112411336.0,-84.57395728320287,46.21796505775062,1323598337.0,1433769960.0,11.7746,52.02470310122926,64.64505553023943,157229706.0,-66.80823364251552,71.5307211596518,254450664.0,660500000.0,663098337.0,6.230971276860584,231185473.0,36.37131488871179,95.05199825196942,1608163567.0,109631726.0,-1.794588086708604,0.4607,2.857,243220003.0,-18.9303538799043,32.33250198990944,43.53716680581105,3349640487.0,5038522040.0,80717986.0,102.571860816944,12.0,72.5,False,False,31.96,70.61186081694399,True,372.1428571428572,2023,True,False,True,True,public_40
MAVI,MAVI,2022,,"BIST KATILIM TUM (XKTUM), BIST KATILIM TEMETTU (XKTMT), BIST GERİ ALIM (XUGRA), BIST TEMETTÜ (XTMTU), BIST KATILIM 100 (XK100), BIST SÜRDÜRÜLEBİLİRLİK (XUSRD), BIST 100 (XU100), BIST 50 (XU050), BIST TÜM (XUTUM)",True,17960054000.0,1.634224377240455,2525768000.0,-3.504101612681764,23.84621986176041,-2626420256.88,13887148000.0,-1.0399,16.53607965288347,52.89047735623662,5602107000.0,-3.834810812143546,48.36575576533898,2059788000.0,1430824743.12,-4057245000.0,-0.4589145296438396,1439375000.0,-35.55564234828147,13.58939249904243,9021317000.0,2022744000.0,-10.7415742987154,0.103,0.9941,10591901000.0,-5.160630603014495,16.65414363771506,55.54136406310231,10989956000.0,26981371000.0,6970098000.0,78.44155844155844,13.0,70.0,False,False,31.96,46.48155844155844,True,287.8238341968913,2023,True,False,True,True,public_40
MGROS,MGROS,2022,,"BIST TEMETTÜ (XTMTU), BIST SÜRDÜRÜLEBİLİRLİK (XUSRD), BIST 100 (XU100), BIST 30 (XU030), BIST 50 (XU050), BIST KURUMSAL YÖNETİM (XKURY), BIST TÜM (XUTUM)",True,76260429000.0,0.7922389875504489,3903288000.0,32.13690929020486,5.239173720181949,28763255135.3932,79034025000.0,7.369,15.17379160767878,24.31140376010957,17799587000.0,13.02017943116364,61.870667172833,33411199000.0,24871988135.3932,3891267000.0,0.142432880228243,2570283000.0,-22.06601997344972,3.449952744207043,133322850000.0,2725020000.0,-1.794588086708604,0.3147,9.6768,74501977000.0,7.339362780741634,7.056589926144033,63.53141913068927,96259374000.0,209583279000.0,-19998945000.0,128.2454144746197,7.0,85.0,False,True,31.96,96.2854144746197,True,274.6952045516121,2023,True,False,True,True,public_40
MIATK,MIATK,2022,,"BIST 50 (XU050), BIST 100 (XU100), BIST TÜM (XUTUM), BIST GERİ ALIM (XUGRA)",True,2804219729.0,1.847614586640199,339130897.0,-46.32359136365828,56.1054344538295,751232017.0,5462068845.0,2.2152,15.20021039427611,54.86783899665267,331650216.0,-53.81436821230893,23.79852632834255,189212159.0,356615370.0,394616647.0,0.3330521153494236,330654053.0,36.37131488871179,54.70303490951037,4368340418.0,318726023.0,-66.18290504276872,0.0653,1.0785,604452849.0,-18.4632630319098,44.04305108919448,57.42941615702846,1517751456.0,7172560147.0,1286468273.0,291.115926327194,2.0,97.5,True,True,31.96,259.15592632719404,True,230.2816901408451,2023,True,False,True,True,public_40
ODAS,ODAS,2022,,,False,7279749670.0,,5908105928.0,,37.3818,,12150040365.0,,,39.4429,6233868711.0,,,4055901264.0,,1477063182.0,,1402004017.0,,8.8708,16799301026.0,5856373601.0,,,,15804775576.0,,5.8225,11.5391,4866285092.0,24079050696.0,2413464578.0,-26.6667,7.0,33.33333333333333,False,False,,,,739.5522,2023,True,False,False,True,training_only
OYAKC,OYAKC,2022,,"BIST SINAİ (XUSIN), BIST SÜRDÜRÜLEBİLİRLİK (XUSRD), BIST 100 (XU100), BIST 50 (XU050), BIST KURUMSAL YÖNETİM (XKURY), BIST TÜM (XUTUM)",True,32616470000.0,2.245142546875693,3515438429.0,-12.17881435726,27.66607097286938,-4183712821.0962,62952207000.0,-1.1901,5.204040211322213,29.17961042689555,3707759007.0,-8.771722919867184,21.60107654947487,2817506000.0,6410538178.9038,-10594251000.0,-0.7232428666281365,4500006923.0,-6.595613526716291,35.41450474088835,47680815000.0,3281179509.0,-20.4234249453016,0.1018,1.4246,12706677549.0,-2.843358548763253,39.62010268922102,61.1064024747388,14527572000.0,80297285000.0,18088898000.0,152.7001862197393,6.0,87.5,False,True,31.96,120.74018621973929,True,157.0,2023,True,False,True,True,public_40
PASEU,PASEU,2022,,"BIST KATILIM TUM (XKTUM), BIST KATILIM 100 (XK100), BIST 100 (XU100), BIST 50 (XU050), BIST TÜM (XUTUM)",True,2441036711.0,1.762515713844014,90027954.0,-69.3315128585281,3.67084771248232,,3509231734.0,,13.60982571684231,12.39932151276219,304094758.0,-26.96451676198998,35.89757875605284,576638214.0,,687961900.0,7.64164761536178,1099516599.0,307.216862353112,44.83227500955415,3023429980.0,139948218.0,-57.38126719034544,,,2452511274.0,25.73359184553655,23.5173588407094,37.42388743971068,1384973020.0,5464466691.0,1056063691.0,69.73758042123221,15.0,62.5,False,False,31.96,37.77758042123221,True,268.5459429240282,2023,True,False,True,True,public_40
PETKM,PETKM,2022,,"BIST KATILIM TUM (XKTUM), BIST KATILIM 100 (XK100), BIST SINAİ (XUSIN), BIST SÜRDÜRÜLEBİLİRLİK (XUSRD), BIST 100 (XU100), BIST 30 (XU030), BIST 50 (XU050), BIST TÜM (XUTUM)",True,30835350000.0,0.5605728391280381,4312424000.0,10.33073241836171,8.819175173665146,97114400465.6,63962607000.0,22.5197,33.97639466005374,8.423371796658078,4118883000.0,7.193859483812521,57.73354863939424,32362396000.0,50586621465.6,46527779000.0,2.791092340904628,6580253000.0,36.37131488871179,13.45702646447464,120496510000.0,3406311000.0,-1.794588086708604,0.7909,7.6876,48898269000.0,-12.05477756044882,12.0378661584175,34.58786074789851,55006857000.0,151331860000.0,-24171507000.0,-10.90998043052838,34.0,17.5,False,False,31.96,-42.86998043052838,False,147.029702970297,2023,True,False,True,True,public_40
PGSUS,PGSUS,2022,,"BIST SÜRDÜRÜLEBİLİRLİK (XUSRD), BIST 100 (XU100), BIST 30 (XU030), BIST 50 (XU050), BIST KURUMSAL YÖNETİM (XKURY), BIST TÜM (XUTUM)",True,90234819051.0,1.025165209759327,37096012342.0,16.78114508964414,24.06838444677865,171404711588.5386,116853871107.0,4.6206,56.85101508601036,16.99614920673892,26195749122.0,5.054118977448702,71.51074411297557,205294556815.0,10046620776.5386,161358090812.0,4.349742212839163,13750218852.0,3.498425767369621,8.921324224991801,319933391626.0,11707541095.0,-43.73327841778256,0.086,0.7307,154127554444.0,37.83230006279612,3.964049302414276,14.34010151603534,88019782755.0,410168210677.0,2215036296.0,28.89427740058196,26.0,37.5,False,False,31.96,-3.0657225994180415,False,434.6216657593902,2023,True,False,True,True,public_40
SAHOL,SAHOL,2022,,,False,,,,,,,217890185000.0,,,,,,,,,,,39421491000.0,,11.0828,,,,,,355699436000.0,,1.8514,18.0924,,2129225298000.0,,40.3014,2.0,88.88888888888889,False,True,,,,255.9524,2023,True,False,False,True,training_only
SASA,SASA,2022,,"BIST GERİ ALIM (XUGRA), BIST SINAİ (XUSIN), BIST SÜRDÜRÜLEBİLİRLİK (XUSRD), BIST 100 (XU100), BIST 30 (XU030), BIST 50 (XU050), BIST TÜM (XUTUM)",True,29764003000.0,0.440977983105229,5966227000.0,-36.1765306482191,19.20860530805715,134886734000.0,154302052000.0,22.6084,38.28726296937282,22.10209162355734,6864949000.0,-68.43844594308584,51.86680882749239,98775585000.0,13223560000.0,121663174000.0,18.61610540302832,10589574000.0,36.37131488871179,34.0937324956734,290809074000.0,5639933000.0,-86.00212771280404,0.0857,1.2487,31060178000.0,-16.46670886468292,20.18517161278861,64.48739622607499,67495440000.0,320573077000.0,-37731437000.0,-22.18430034129693,35.0,15.0,False,False,31.96,-54.144300341296926,False,312.4137931034484,2023,True,False,True,True,public_40
SISE,SISE,2022,,"BIST MALİ (XUMAL), BIST TEMETTÜ (XTMTU), BIST SÜRDÜRÜLEBİLİRLİK (XUSRD), BIST 100 (XU100), BIST 30 (XU030), BIST 50 (XU050), BIST KURUMSAL YÖNETİM (XKURY), BIST TÜM (XUTUM)",True,141493818000.0,1.259895435151324,22520816000.0,32.94615882172624,23.61923687773183,244321406614.3227,242571375000.0,10.8487,31.94177622544928,35.3542413688425,33710080000.0,12.68328123076104,46.88462560953898,125367407000.0,123548180614.3227,120773226000.0,6.413439282623113,19345059000.0,50.25230579952713,20.28858683160938,365438689000.0,17420032000.0,-1.794588086708604,0.5093,6.3865,95349465000.0,-7.572163029310458,11.7996908642912,25.27843599441778,112306001000.0,506932507000.0,29187817000.0,4.304869442484133,30.0,27.500000000000004,False,False,31.96,-27.655130557515868,False,215.7650695517775,2023,True,False,True,True,public_40
SMRTG,SMRTG,2022,,,False,3641419864.0,,431919013.0,,10.8706,,1442281054.0,,,15.2604,606339883.0,,,194299153.0,,,,88716585.0,,2.2328,652843925.0,421411464.0,,,,3973288754.0,,2.0659,6.1511,2667816199.0,4294263789.0,973603665.0,25.3811,3.0,77.77777777777779,False,False,,,,,2023,True,False,False,True,training_only
TAVHL,TAVHL,2022,,"BIST MALİ (XUMAL), BIST SÜRDÜRÜLEBİLİRLİK (XUSRD), BIST 100 (XU100), BIST 30 (XU030), BIST 50 (XU050), BIST KURUMSAL YÖNETİM (XKURY), BIST TÜM (XUTUM)",True,38208657000.0,0.7831278730643036,5600870000.0,15.45370882081574,30.59196025061192,121847564875.0,77122493000.0,21.7551,41.69603208434764,42.08599407908115,7705233000.0,18.10960866378882,68.3978096745024,119625419000.0,33966796875.0,87880768000.0,3.404189463877771,1899087000.0,36.37131488871179,10.3728160118792,208020317000.0,3954880000.0,-13.74530205691223,0.4404,17.8859,18308307000.0,27.5773157445726,2.251825700549241,8.197614141691277,48789806000.0,246228974000.0,-10581149000.0,12.03751954142783,28.0,32.5,False,False,31.96,-19.92248045857217,False,175.0,2023,True,False,True,True,public_40
TCELL,TCELL,2022,,"BIST GERİ ALIM (XUGRA), BIST TEMETTÜ (XTMTU), BIST SÜRDÜRÜLEBİLİRLİK (XUSRD), BIST 100 (XU100), BIST 30 (XU030), BIST 50 (XU050), BIST TÜM (XUTUM)",True,156628647000.0,1.702662888620426,28960971000.0,13.34124300256748,55.51271354738325,91117231600.0,259333069000.0,3.1462,31.69351508073854,32.75800628556895,17089845000.0,26.95675700175241,48.19273991282052,149249359000.0,76228928600.0,14888303000.0,0.1419735100634885,11053193000.0,-42.82623661516906,21.18688412736375,343944185000.0,19671614000.0,58.38199528363608,0.2939,6.8966,52169979000.0,10.68517959041351,10.91513779145676,35.78120220603624,91990404000.0,500572832000.0,64638243000.0,42.58451472191928,22.0,47.5,False,False,31.96,10.624514721919276,True,105.0295857988166,2023,True,False,True,True,public_40
THYAO,THYAO,2022,,"BIST GERİ ALIM (XUGRA), BIST SÜRDÜRÜLEBİLİRLİK (XUSRD), BIST 100 (XU100), BIST 30 (XU030), BIST 50 (XU050), BIST TÜM (XUTUM)",True,485646000000.0,0.9744707235000571,79764000.0,109.117733844792,25.63365887990128,720341305500.0,966388000000.0,,37.71744917709785,24.30865542518696,75641000.0,83.85474384110476,55.22019357442635,693301000000.0,189947305500.0,530394000000.0,3.132661197441395,47429000.0,36.37131488871179,15.24219957643595,1672387000000.0,48811000.0,-1.794588086708604,0.1966,,311169000.0,45.97820181991036,8.197611010576058,26.14291541268424,498369000000.0,2158033000000.0,-12723000000.0,55.72913034381759,18.0,57.49999999999999,False,False,31.96,23.769130343817583,True,544.9390815370197,2023,True,False,True,True,public_40
TOASO,TOASO,2022,,"BIST TEMETTÜ (XTMTU), BIST SINAİ (XUSIN), BIST SÜRDÜRÜLEBİLİRLİK (XUSRD), BIST 100 (XU100), BIST 30 (XU030), BIST 50 (XU050), BIST KURUMSAL YÖNETİM (XKURY), BIST TÜM (XUTUM)",True,120393022000.0,1.700691465795806,10448687000.0,-17.69419066688774,15.94115579877714,98383163500.0,60031247000.0,9.4158,30.92882730147747,18.79470358799191,12319055000.0,17.85178859832132,65.404684231778,42702328000.0,64852775500.0,33530388000.0,3.353841709705303,8562191000.0,22.23247093443918,13.06300214657472,53131184000.0,8929866000.0,-33.18688181887259,1.0803,7.5743,65545354000.0,96.28477451330848,21.20623695150178,75.68024968091613,70790631000.0,173524206000.0,49602391000.0,26.15972222222223,27.0,35.0,False,False,31.96,-5.800277777777772,False,117.0136171544843,2023,True,False,True,True,public_40
TRALT,TRALT,2022,,"BIST SINAİ (XUSIN), BIST 100 (XU100), BIST 30 (XU030), BIST 50 (XU050), BIST TÜM (XUTUM)",True,21578932000.0,5.467990401402794,2742136000.0,103.6006302933842,47.79960998707801,-14545402190.0,42770233000.0,-5.3044,0.0388784215858179,60.91102723449043,3494303000.0,89.7170827705784,10.62407149166024,1137666000.0,4042726810.0,-18588129000.0,-3.714426935523127,4010236000.0,419.1555028795424,69.90452579891726,26275377000.0,2454021000.0,-1.794588086708604,0.0945,1.0081,5736733000.0,48.10395141993427,29.85862882949746,33.82369747841041,3946410000.0,47854309000.0,17632522000.0,-33.02469135802468,37.0,10.0,False,False,31.96,-64.98469135802469,False,423.913043478261,2023,True,False,True,True,public_40
TRMET,TRMET,2022,,"BIST 50 (XU050), BIST 100 (XU100), BIST TÜM (XUTUM), BIST SINAİ (XUSIN)",True,22047357000.0,5.063981952147558,2688243000.0,95.41235441195089,45.32143955394787,2286471223.84,24531176000.0,0.8505,0.2262563069562943,59.17728454705586,3510103000.0,91.33461650327187,10.66541608963868,1152742000.0,20801087223.84,-18514616000.0,-3.74835400015265,1584309000.0,36.37131488871179,26.71007218405315,29582143000.0,2373893000.0,-1.794588086708604,0.8479,13.1294,5931504000.0,46.43750886521524,10.835134277484,24.76667743223399,4353759000.0,51629500000.0,17693598000.0,-24.25,36.0,12.5,False,False,31.96,-56.21,False,184.3501326259947,2023,True,False,True,True,public_40
TSKB,TSKB,2022,,"BIST MALİ (XUMAL), BIST SÜRDÜRÜLEBİLİRLİK (XUSRD), BIST 100 (XU100), BIST 50 (XU050), BIST KURUMSAL YÖNETİM (XKURY), BIST TÜM (XUTUM)",True,98596299419.1579,1.605486929375312,18955421095.0,10.33073241836171,15.98183165495174,-11589959400.0,47208439000.0,-0.6114,0.0,21.48247707392389,29236805594.78947,7.193859483812521,48.47849622928319,66344431217.42105,11673737600.0,-23263697000.0,2.791092340904628,2869690000.0,-7.192336040138637,-0.2990060422181947,175400085449.7105,3568257000.0,2.251842936663156,0.2473,4.0679,158447060900.7895,10.87136317449177,3.584559479409417,26.736070365376,77104957907.8421,353765203000.0,21491341511.31579,43.32603938730853,21.0,50.0,False,False,31.96,11.366039387308533,True,195.2702702702703,2023,True,False,True,True,public_40
TTKOM,TTKOM,2022,,"BIST SÜRDÜRÜLEBİLİRLİK (XUSRD), BIST 100 (XU100), BIST 30 (XU030), BIST 50 (XU050), BIST KURUMSAL YÖNETİM (XKURY), BIST TÜM (XUTUM)",True,115153435000.0,1.516295602958193,17385550000.0,28.24838947763368,36.18801645258963,143987885500.0,212437099000.0,8.282,29.29029130747355,38.43474555800167,18464930000.0,30.06242003116246,50.20911402972668,138277583000.0,85959996500.0,58027889000.0,0.5855366637740594,4134846000.0,107.6220462765998,9.487124896878928,311505169000.0,9301008000.0,47.22144526187354,0.4046,20.7892,48042285000.0,14.48090871712209,5.889392574205804,20.70499866326355,75943922000.0,426658604000.0,39209513000.0,-7.797123391370192,33.0,20.0,False,False,31.96,-39.75712339137019,False,179.4084186575654,2023,True,False,True,True,public_40
TUPRS,TUPRS,2022,,"BIST KATILIM TUM (XKTUM), BIST KATILIM TEMETTU (XKTMT), BIST TEMETTÜ (XTMTU), BIST SINAİ (XUSIN), BIST KATILIM 100 (XK100), BIST SÜRDÜRÜLEBİLİRLİK (XUSRD), BIST 100 (XU100), BIST 30 (XU030), BIST 50 (XU050), BIST KURUMSAL YÖNETİM (XKURY), BIST TÜM (XUTUM)",True,236931136000.0,1.395779952919796,46541559000.0,-6.471318659694182,9.66064206254267,-43558449029.4186,364099258000.0,-0.9359,8.488463737746601,13.03062173992274,62776930000.0,-8.77515909545678,37.5262947217754,52397648000.0,13429311970.5814,-56987761000.0,-0.9180811334325236,41044621000.0,23.15142300268113,8.519641382741867,355042707000.0,45606647000.0,-10.89950728784015,0.0369,0.3272,481764656000.0,-21.7184197533475,24.30224024080193,61.49626091939534,169748201000.0,591973843000.0,67182935000.0,111.1792014856082,9.0,80.0,False,True,31.96,79.21920148560821,True,218.757467144564,2023,True,False,True,True,public_40
TURSG,TURSG,2022,,"BIST MALİ (XUMAL), BIST TEMETTÜ (XTMTU), BIST SÜRDÜRÜLEBİLİRLİK (XUSRD), BIST 100 (XU100), BIST 50 (XU050), BIST KURUMSAL YÖNETİM (XKURY), BIST TÜM (XUTUM)",True,169011052934.0,1.359749945373696,18955421095.0,10.33073241836171,15.98183165495174,7545305417.8063,54752015449.0,0.3981,10.7319460626569,21.48247707392389,29236805594.78947,7.193859483812521,69.89179407783587,2803105068.0,1619724583.8063,5925580834.0,2.791092340904628,962400801.0,42.26301938949943,-0.2990060422181947,12839754087.0,10267860592.31579,-1.794588086708604,0.0296,1.683,158447060900.7895,10.87136317449177,3.495933813439277,49.3881403713351,124295686504.0,181850807021.0,44715366430.0,202.6666666666667,3.0,95.0,True,True,31.96,170.7066666666667,True,162.2641509433962,2023,True,False,True,True,public_40
ULKER,ULKER,2022,,"BIST SINAİ (XUSIN), BIST SÜRDÜRÜLEBİLİRLİK (XUSRD), BIST 100 (XU100), BIST 50 (XU050), BIST TÜM (XUTUM)",True,84906085000.0,2.405968919943027,6207671000.0,-9.786817409639673,22.01547924844221,47858368894.0,43301842000.0,7.7096,45.20126362804732,28.90454611423886,8408517000.0,-1.415500825938674,63.83947937569749,45701313000.0,13838091894.0,34020277000.0,1.847318019615186,-353101000.0,-49.6782395674073,-1.252271220253811,41960678000.0,5858897000.0,-10.45248460089899,0.3196,,28196847000.0,1.65963754151499,-0.932679017668578,-6.210109699316169,35289768000.0,126866763000.0,49616317000.0,77.40046838407494,14.0,67.5,False,False,31.96,45.44046838407494,True,144.3236714975846,2023,True,False,True,True,public_40
VESTL,VESTL,2022,,,False,49223234000.0,,2646700000.0,,2.3817,,27374845000.0,,,16.9986,18889685000.0,,,4415171000.0,,31876842000.0,,-111335000.0,,-0.1002,62877476000.0,2173125000.0,,,,111124940000.0,,-0.0993,-0.4067,77458315000.0,112100710000.0,-28235081000.0,-35.1018,9.0,11.11111111111111,False,False,,,,184.5447,2023,True,False,False,True,training_only
AEFES,AEFES,2023,,"BIST TEMETTÜ (XTMTU), BIST SINAİ (XUSIN), BIST SÜRDÜRÜLEBİLİRLİK (XUSRD), BIST 100 (XU100), BIST 30 (XU030), BIST 50 (XU050), BIST KURUMSAL YÖNETİM (XKURY), BIST TÜM (XUTUM)",True,109123335000.0,1.032035162875319,27136007000.0,-20.89268768853682,16.21718690633272,63300099392.6259,108611239000.0,2.3327,22.48354066076161,37.6981855898891,59000175000.0,-22.83046081330746,47.04650365230977,88838123000.0,7916055392.6259,55384044000.0,1.400527017918382,22128939000.0,-47.83191133157794,13.84120931108579,304455084000.0,19564617000.0,-24.54185744697499,0.0729,0.3577,159877208000.0,-19.47576272020117,8.343437369787782,34.27775688863371,105736063000.0,413578419000.0,3387272000.0,40.94955489614242,19.0,55.00000000000001,False,False,28.94,12.009554896142422,True,105.8015267175572,2024,True,False,True,True,public_40
AKSA,AKSA,2023,,,False,14110637000.0,,5849746000.0,,16.9295,,24161099000.0,,,16.5166,5707077000.0,,,1987972000.0,,188275000.0,,2385110000.0,,6.9026,21986493000.0,4149741000.0,,,,34553569000.0,,6.6075,9.8717,9948059000.0,36097130000.0,4162578000.0,58.7508,3.0,77.77777777777779,False,False,,,,15.7236,2024,True,False,False,True,training_only
AKSEN,AKSEN,2023,,,False,24675465416.0,,9262700387.0,,18.2402,,45810491186.0,,,20.5145,10417597562.0,,,10690626674.0,,17980802587.0,,7935940468.0,,15.6276,55897643701.0,9261143132.0,,,,50781705280.0,,9.8494,17.3234,19875543884.0,80573109117.0,4799921532.0,35.5593,5.0,55.55555555555556,False,False,,,,-34.861,2024,True,False,False,True,training_only
ARCLK,ARCLK,2023,,"BIST SINAİ (XUSIN), BIST SÜRDÜRÜLEBİLİRLİK (XUSRD), BIST 100 (XU100), BIST 50 (XU050), BIST KURUMSAL YÖNETİM (XKURY), BIST TÜM (XUTUM)",True,338696844000.0,0.9554610569655252,18872713000.0,3.433315660307804,7.340505071378988,256612183342.5,73314458000.0,13.597,44.36478872650538,29.80078632593055,75377993000.0,-5.145859859025417,86.05257181976896,128960818000.0,86831074342.5,169781109000.0,5.061858022676359,7667336000.0,36.37131488871179,2.98219544757379,223106307000.0,10157657000.0,-92.85026164722132,1.1844,11.3248,257103739000.0,-8.771631425953212,2.970247992287316,14.42044356521689,354485242000.0,561803151000.0,-15788398000.0,10.50583657587549,31.0,25.0,False,False,28.94,-18.434163424124513,False,12.01185495118548,2024,True,False,True,True,public_40
ASELS,ASELS,2023,,"BIST KATILIM TUM (XKTUM), BIST KATILIM TEMETTU (XKTMT), BIST TEMETTÜ (XTMTU), BIST KATILIM 100 (XK100), BIST SÜRDÜRÜLEBİLİRLİK (XUSRD), BIST 100 (XU100), BIST 30 (XU030), BIST 50 (XU050), BIST KURUMSAL YÖNETİM (XKURY), BIST TÜM (XUTUM)",True,207675087000.0,1.539681050431323,28375907000.0,28.28049981945516,38.55800706737865,226597419400.0,281073867000.0,7.9856,10.94592663296361,27.31950286314795,20105180000.0,18.04049383933082,41.70580086030744,67399144000.0,204513332400.0,22084087000.0,0.4090774860188352,7290475000.0,86.07414732856378,9.906509299404858,277343850000.0,24973743000.0,-11.78975802809784,0.7276,28.0521,73592774000.0,15.02307482417689,4.841663833968713,8.350004288690526,134881888000.0,485018937000.0,72793199000.0,61.43397906924963,13.0,70.0,False,False,28.94,32.49397906924963,True,39.51537744641195,2024,True,False,True,True,public_40
ASTOR,ASTOR,2023,,"BIST TEMETTÜ (XTMTU), BIST SINAİ (XUSIN), BIST 100 (XU100), BIST 30 (XU030), BIST 50 (XU050), BIST KURUMSAL YÖNETİM (XKURY), BIST TÜM (XUTUM)",True,35814744751.0,2.068181255071998,5836583401.0,6.41772420881158,34.50661835381405,83656671408.0,33280133403.0,14.3332,9.108880230216323,38.29493551582689,6477354074.0,8.196858113868407,34.33854869786933,87274088.0,91581416108.0,-7924744700.0,-0.7137746495835053,4598326879.0,16.5986998970833,27.18588937708866,14869686895.0,5521999395.0,13.19101273168103,2.7518,19.9162,16914388252.0,1.26805489174304,24.51937708376181,37.57167020564707,17317024155.0,50684431646.0,18497720596.0,22.44742290508881,24.0,42.5,False,False,28.94,-6.492577094911191,False,69.73758042123221,2024,True,False,True,True,public_40
BIMAS,BIMAS,2023,,"BIST KATILIM TUM (XKTUM), BIST KATILIM TEMETTU (XKTMT), BIST TEMETTÜ (XTMTU), BIST KATILIM 100 (XK100), BIST SÜRDÜRÜLEBİLİRLİK (XUSRD), BIST 100 (XU100), BIST 30 (XU030), BIST 50 (XU050), BIST TÜM (XUTUM)",True,111487229000.0,1.028888300504499,14352418000.0,47.27296403964636,4.369849568899737,125954265813.6,165584579000.0,8.7758,15.59520845282202,15.73570583516616,51682655000.0,17.30763630076695,50.57739225089362,62641837000.0,87379791813.6,38574474000.0,0.8870831980172851,15440733000.0,-23.41486500961707,4.701206475699491,226606155000.0,3960079000.0,129.7852469748412,0.5277,5.659,328441924000.0,6.027242848535775,10.42357951261967,22.341614767442,108356980000.0,338093384000.0,3130249000.0,79.18418401028458,6.0,87.5,False,True,28.94,50.244184010284584,True,120.7131901840491,2024,True,False,True,True,public_40
BRSAN,BRSAN,2023,,"BIST 50 (XU050), BIST 100 (XU100), BIST TÜM (XUTUM), BIST SINAİ (XUSIN)",True,37468163000.0,1.179794213271216,6658556000.0,102.5209895151026,15.78774356927234,91580076127.48,37734876000.0,13.7537,17.39562312814938,16.80570244186456,7087885000.0,66.65115047609014,50.47069532323828,6693874000.0,83787005127.48,7793071000.0,1.631930300688742,4102619000.0,36.37131488871179,9.727498985429351,38718806000.0,5658261000.0,79.38765433254392,2.2204,20.4228,42175476000.0,29.76068677868155,7.33697639785063,16.44424458514048,31758219000.0,76186969000.0,5709944000.0,-27.07275803722504,38.0,7.5,False,False,28.94,-56.01275803722504,False,602.3172905525846,2024,True,False,True,True,public_40
BTCIM,BTCIM,2023,,"BIST SINAİ (XUSIN), BIST SÜRDÜRÜLEBİLİRLİK (XUSRD), BIST 100 (XU100), BIST 50 (XU050), BIST KURUMSAL YÖNETİM (XKURY), BIST TÜM (XUTUM)",True,5185641000.0,1.021778632668599,1397562000.0,-35.11179976139319,12.15534176825893,6035180200.0,21862295000.0,4.3184,15.65830993956671,14.27600038373516,1641385000.0,-31.03825916740164,30.35762841529901,5724291000.0,677032200.0,5358148000.0,3.945329464199591,1833899000.0,36.37131488871179,15.9503972728711,30388294000.0,709426000.0,-1.794588086708604,0.031,0.3692,11497513000.0,-18.77374383654299,9.149153230165712,16.58918289523056,5075112000.0,35573935000.0,110529000.0,21.27659574468083,25.0,40.0,False,False,28.94,-7.663404255319172,False,189.2307692307692,2024,True,False,True,True,public_40
CANTE,CANTE,2023,,"BIST KATILIM TUM (XKTUM), BIST KATILIM 100 (XK100), BIST 100 (XU100), BIST 50 (XU050), BIST KURUMSAL YÖNETİM (XKURY), BIST TÜM (XUTUM)",True,4631084706.0,2.221696571253344,1402288239.0,-26.67562234081124,24.04916920378054,893515556.0,27934207290.0,0.6372,2.189742354816806,16.64268722467191,970422070.0,-70.73381430272273,6.990125871218335,77456863.0,725619840.0,167895716.0,0.0774815411819912,446760950.0,36.37131488871179,7.661926686237964,26297371946.0,604546701.0,-1.794588086708604,0.026,1.6242,5830921755.0,-22.89678476982552,2.515080231456523,2.654844748718496,2084481187.0,30928456652.0,2546603519.0,-26.87224669603525,37.0,10.0,False,False,28.94,-55.81224669603525,False,-70.28795811518324,2024,True,False,True,True,public_40
CCOLA,CCOLA,2023,,"BIST TEMETTÜ (XTMTU), BIST SINAİ (XUSIN), BIST SÜRDÜRÜLEBİLİRLİK (XUSRD), BIST 100 (XU100), BIST 50 (XU050), BIST KURUMSAL YÖNETİM (XKURY), BIST TÜM (XUTUM)",True,73616867000.0,1.153209402274213,18162204000.0,4.141241429103645,17.58139885439455,154240437542.3676,75839768000.0,8.4924,27.31983046048931,32.69888699571184,33039733000.0,4.666509549579987,54.59206357752095,40311689000.0,128647254542.3676,25593183000.0,0.7776800523226375,20579819000.0,-27.42292036550663,20.36751253023756,117158486000.0,14474950000.0,1.764301224034896,1.6963,6.2511,101042378000.0,3.866631491881777,18.682094799411,52.38382613507561,63836513000.0,190775353000.0,9780354000.0,26.74870466321244,22.0,47.5,False,False,28.94,-2.1912953367875616,False,153.1147540983607,2024,True,False,True,True,public_40
CIMSA,CIMSA,2023,,"BIST KATILIM TUM (XKTUM), BIST KATILIM TEMETTU (XKTMT), BIST TEMETTÜ (XTMTU), BIST SINAİ (XUSIN), BIST KATILIM 100 (XK100), BIST SÜRDÜRÜLEBİLİRLİK (XUSRD), BIST 100 (XU100), BIST 50 (XU050), BIST TÜM (XUTUM)",True,22471348000.0,0.9648189381351155,4503397000.0,2.671449127561783,21.96295303741639,49496077795.1814,34760766000.0,10.9908,30.66873480197315,19.65096955475416,4029336000.0,-7.160370550343541,51.39651087197351,24490970000.0,26119975795.1814,23376102000.0,2.567749369200244,2490891000.0,80.40531978700578,12.14801227924679,70495490000.0,3365070000.0,-56.33857262022366,0.7514,10.4862,20504515000.0,-0.1833223592780139,6.489040492290417,13.41739240555285,23290741000.0,92966838000.0,-819393000.0,64.08450704225353,12.0,72.5,False,False,28.94,35.14450704225354,True,103.584229390681,2024,True,False,True,True,public_40
DOAS,DOAS,2023,,"BIST TEMETTÜ (XTMTU), BIST SÜRDÜRÜLEBİLİRLİK (XUSRD), BIST 100 (XU100), BIST 50 (XU050), BIST KURUMSAL YÖNETİM (XKURY), BIST TÜM (XUTUM)",True,66090470000.0,1.433344438113349,27846586000.0,-32.83493887197043,18.65831900793971,64760678060.0,67148466000.0,2.3256,23.57945157557572,21.52834173253822,32129948000.0,-19.32542887566231,47.75630373688362,16150209000.0,39576102060.0,25184576000.0,1.711236295100516,19622080000.0,-68.39225848416312,13.14757321559324,64278669000.0,26630904000.0,-45.88322780871864,0.5894,2.0169,149244881000.0,3.736515503942652,28.91260748397038,47.46624720176582,46109273000.0,130369139000.0,19981197000.0,-12.0467655541821,36.0,12.5,False,False,28.94,-40.9867655541821,False,51.6756503398172,2024,True,False,True,True,public_40
DOHOL,DOHOL,2023,,,False,83683505000.0,,6636666000.0,,8.7663,,69918034000.0,,,18.0299,13649782000.0,,,14605186000.0,,11550508000.0,,-210182000.0,,-0.2776,51191854000.0,6081740000.0,,,,75706159000.0,,-0.1558,-0.3006,40433632000.0,134875359000.0,43249873000.0,31.4133,6.0,44.44444444444444,False,False,,,,7.5083,2024,True,False,False,True,training_only
DSTKF,DSTKF,2023,,"BIST MALİ (XUMAL), BIST HALKA ARZ (XHARZ), BIST 100 (XU100), BIST 30 (XU030), BIST 50 (XU050), BIST TÜM (XUTUM)",True,98596299419.1579,1.605486929375312,3169731000.0,5.603630940958229,45.18637325629234,,12206297000.0,,0.0,45.18637325629234,1068291000.0,5.603630940958229,74.83010164939655,66344431217.42105,,-7487016000.0,-2.362035137997514,1608215000.0,78.40787958896517,53.68340110914163,175400085449.7105,10267860592.31579,-1.794588086708604,,,7014794000.0,42.99557933970183,19.80706458518307,44.82459892971745,77104957907.8421,48495615000.0,21491341511.31579,37.57325295457787,20.0,52.5,False,False,28.94,8.633252954577866,True,69.73758042123221,2024,True,False,True,True,public_40
EKGYO,EKGYO,2023,,,False,164388932000.0,,7350587000.0,,17.8664,,82628540000.0,,,29.8063,12262863000.0,,,2924627000.0,,,,-5882442000.0,,-14.2979,11006794000.0,7175706000.0,,,,41141913000.0,,-3.3538,-7.1191,89842559000.0,175395726000.0,74546373000.0,97.9651,1.0,100.0,True,True,,,,-18.5162,2024,True,False,False,True,training_only
ENKAI,ENKAI,2023,,"BIST TEMETTÜ (XTMTU), BIST SÜRDÜRÜLEBİLİRLİK (XUSRD), BIST 100 (XU100), BIST 30 (XU030), BIST 50 (XU050), BIST KURUMSAL YÖNETİM (XKURY), BIST TÜM (XUTUM)",True,275272393000.0,3.788457272327595,15972601000.0,47.64039657864126,21.68823759350582,-46025307000.0,373216949000.0,-2.8815,1.400828177627218,20.69822954831471,15876554000.0,46.56788617505266,23.02375482189342,40860038000.0,167245204000.0,-213270511000.0,-6.283078508420121,16969183000.0,46.54527550245396,23.11927101891463,217787292000.0,12961162000.0,49.57237112784911,0.4481,9.8558,76704889000.0,55.66433152590219,6.127371672857084,7.868515240679932,72660815000.0,493059685000.0,202611578000.0,49.51044386422976,17.0,60.0,False,False,28.94,20.570443864229755,True,1.625207296849098,2024,True,False,True,True,public_40
EREGL,EREGL,2023,,"BIST KATILIM TUM (XKTUM), BIST KATILIM 100 (XK100), BIST SINAİ (XUSIN), BIST SÜRDÜRÜLEBİLİRLİK (XUSRD), BIST 100 (XU100), BIST 30 (XU030), BIST 50 (XU050), BIST KURUMSAL YÖNETİM (XKURY), BIST TÜM (XUTUM)",True,257051476000.0,2.030442529268359,18707278000.0,41.00850850002011,12.64861684186817,100747419000.0,295496351000.0,5.3855,26.98363686716349,9.629350932420513,14241790000.0,26.42180562329629,47.1433832273448,145298849000.0,69276144000.0,31471275000.0,1.421219019628917,4033089000.0,-9.975163524387357,2.726906471917148,319694560000.0,13334560000.0,27.92386642366773,0.2344,17.1769,147899792000.0,11.46748113494189,1.300856928412862,2.166097387157705,126598745000.0,576746036000.0,130452731000.0,20.48853439680957,26.0,37.5,False,False,28.94,-8.451465603190432,False,-4.156712852365033,2024,True,False,True,True,public_40
FROTO,FROTO,2023,,"BIST TEMETTÜ (XTMTU), BIST SINAİ (XUSIN), BIST SÜRDÜRÜLEBİLİRLİK (XUSRD), BIST 100 (XU100), BIST 30 (XU030), BIST 50 (XU050), BIST KURUMSAL YÖNETİM (XKURY), BIST TÜM (XUTUM)",True,223456658000.0,1.237140354858528,50081542000.0,-0.1511537551296903,12.15850011534075,121214368792.33,156020689000.0,2.4203,36.19666292094078,13.41276033608021,55247910000.0,-2.92294296792062,65.38876319946884,114136231000.0,22020852792.33,99193516000.0,1.903720927590312,49055669000.0,-33.1892995026332,11.90944474502438,227323792000.0,44016841000.0,12.29578595606876,0.1411,0.4489,411905593000.0,6.680383640373072,22.60556684548683,67.19260180574487,180623530000.0,450780450000.0,42833128000.0,33.23062702203052,21.0,50.0,False,False,28.94,4.290627022030517,True,45.44028680259913,2024,True,False,True,True,public_40
GUBRF,GUBRF,2023,,"BIST KATILIM TUM (XKTUM), BIST KATILIM 100 (XK100), BIST SINAİ (XUSIN), BIST 100 (XU100), BIST 30 (XU030), BIST 50 (XU050), BIST TÜM (XUTUM)",True,39694704626.0,1.475274602025875,4107568886.0,89.41980288970892,11.55715698893753,50963424249.0,29796931094.0,12.4072,14.98325300864524,10.9240033046665,3882537559.0,77.1064392126098,44.202511570063,1586839964.0,51369201002.0,-405776753.0,-0.0366960281885557,-417275408.0,36.37131488871179,-1.174056365631688,24766553049.0,2866933522.0,133.6691821284864,1.724,,35541343688.0,31.15151354937974,-1.302662037493207,-3.120881316456465,26906654918.0,64461257675.0,12788049708.0,86.60598179453837,4.0,92.5,True,True,28.94,57.66598179453837,True,-44.1944847605225,2024,True,False,True,True,public_40
HEKTS,HEKTS,2023,,"BIST SINAİ (XUSIN), BIST SÜRDÜRÜLEBİLİRLİK (XUSRD), BIST 100 (XU100), BIST 50 (XU050), BIST TÜM (XUTUM)",True,6182316144.0,0.529056677213061,-912001689.0,10.33073241836171,-15.10187750169227,58983876052.0,13955964667.0,,35.77778203643693,13.50543899709727,815592841.0,7.193859483812521,49.96620939080297,2170037377.0,50853000000.0,8130876052.0,2.791092340904628,-878239047.0,36.37131488871179,-14.54280037522711,21547590841.0,-1457451886.0,-1.794588086708604,3.6438,,6038995409.0,-3.810143133367588,-3.4501176067658,-11.63409894509777,11685546011.0,27729906985.0,-5503229867.0,-46.47302904564315,40.0,2.5,False,False,28.94,-75.41302904564316,False,-46.64206642066421,2024,True,False,True,True,public_40
KCHOL,KCHOL,2023,,,False,2472313000000.0,,345370000000.0,,14.9074,,586403000000.0,,,23.4723,543799000000.0,,,460395000000.0,,451835000000.0,,108176000000.0,,4.6693,1655431000000.0,301173000000.0,,,,2316773000000.0,,2.6207,18.4474,2693843000000.0,4127744000000.0,-221530000000.0,30.7964,7.0,33.33333333333333,False,False,,,,73.2217,2024,True,False,False,True,training_only
KONTR,KONTR,2023,,"BIST KATILIM TUM (XKTUM), BIST KATILIM 100 (XK100), BIST SÜRDÜRÜLEBİLİRLİK (XUSRD), BIST 100 (XU100), BIST 50 (XU050), BIST KURUMSAL YÖNETİM (XKURY), BIST TÜM (XUTUM)",True,17825476318.0,0.9648147645345296,852420633.0,-76.52379336892136,21.49405645325793,26788099604.0,5841442148.0,31.4259,39.41788384120797,12.53330118830933,497051106.0,-32.02076101617211,80.42298659547971,11542815260.0,12556998400.0,14231101204.0,40.60601758753926,431000170.0,36.37131488871179,10.86780590087355,19500118225.0,434957118.0,-19.74615179899992,2.1496,29.1346,3965843464.0,30.26187109031774,3.708432899615811,15.92010190841057,18475542636.0,37325594543.0,-650066318.0,-42.50216700375614,39.0,5.0,False,False,28.94,-71.44216700375614,False,31.79741051028179,2024,True,False,True,True,public_40
KRDMD,KRDMD,2023,,"BIST KATILIM TUM (XKTUM), BIST KATILIM 100 (XK100), BIST SINAİ (XUSIN), BIST 100 (XU100), BIST 30 (XU030), BIST 50 (XU050), BIST TÜM (XUTUM)",True,36570658485.0,1.421263182175259,6833798117.0,24.68840194551919,10.24266066016348,32854852927.0,84652617584.0,4.8077,6.858882213245589,7.772462788765722,5185707438.0,29.77258990220634,33.36784730935516,16660987790.0,27086400000.0,5768452927.0,0.8441064292856693,-1679514697.0,36.37131488871179,-2.517296943896286,90474046455.0,1223249120.0,-1.794588086708604,0.32,,66718974139.0,-9.783235373406711,-1.433425974012343,-2.210207121736284,25731095369.0,127044704940.0,10839563116.0,14.05723905723906,29.0,30.0,False,False,28.94,-14.88276094276094,False,29.55288985823339,2024,True,False,True,True,public_40
KUYAS,KUYAS,2023,,"BIST KATILIM TUM (XKTUM), BIST GERİ ALIM (XUGRA), BIST KATILIM 100 (XK100), BIST 100 (XU100), BIST 50 (XU050), BIST TÜM (XUTUM)",True,3430358473.0,1.024097507273771,196102689.0,-84.57395728320287,32.14747150169418,2001848337.0,1433769960.0,10.2082,52.02470310122926,43.37306052238518,264579869.0,-66.80823364251552,71.5307211596518,254450664.0,1338750000.0,663098337.0,6.230971276860584,153019258.0,36.37131488871179,25.08472607311055,1608163567.0,192374211.0,-1.794588086708604,0.9337,8.7489,610009683.0,-18.9303538799043,9.83075365170229,12.12010476291703,3349640487.0,5038522040.0,80717986.0,54.59297983569826,15.0,65.0,False,False,28.94,25.652979835698257,True,102.571860816944,2024,True,False,True,True,public_40
MAVI,MAVI,2023,,"BIST KATILIM TUM (XKTUM), BIST KATILIM TEMETTU (XKTMT), BIST GERİ ALIM (XUGRA), BIST TEMETTÜ (XTMTU), BIST KATILIM 100 (XK100), BIST SÜRDÜRÜLEBİLİRLİK (XUSRD), BIST 100 (XU100), BIST 50 (XU050), BIST TÜM (XUTUM)",True,17960054000.0,1.634224377240455,5058877000.0,-3.504101612681764,18.52316393832699,1195511391.088,13887148000.0,0.2363,16.53607965288347,48.20089093446344,12673601000.0,-3.834810812143546,48.36575576533898,2059788000.0,5252756391.088,-4057245000.0,-0.4589145296438396,1783892000.0,-35.55564234828147,6.784589772935242,9021317000.0,3448901000.0,-10.7415742987154,0.3782,2.9445,26293292000.0,-5.160630603014495,12.83578234116826,28.28369566613325,10989956000.0,26981371000.0,6970098000.0,53.05676855895197,16.0,62.5,False,False,28.94,24.11676855895197,True,78.44155844155844,2024,True,False,True,True,public_40
MGROS,MGROS,2023,,"BIST TEMETTÜ (XTMTU), BIST SÜRDÜRÜLEBİLİRLİK (XUSRD), BIST 100 (XU100), BIST 30 (XU030), BIST 50 (XU050), BIST KURUMSAL YÖNETİM (XKURY), BIST TÜM (XUTUM)",True,76260429000.0,0.7922389875504489,-409139000.0,32.13690929020486,-0.2252046198467756,61629350374.2925,79034025000.0,,15.17379160767878,18.7164205806349,34002933000.0,13.02017943116364,61.870667172833,33411199000.0,57738083374.2925,3891267000.0,0.142432880228243,8828696000.0,-22.06601997344972,4.859627477269946,133322850000.0,-6610061000.0,-1.794588086708604,0.7305,6.5398,181674337000.0,7.339362780741634,9.582921670860166,24.50760067130209,96259374000.0,209583279000.0,-19998945000.0,66.8089082697399,11.0,75.0,False,False,28.94,37.868908269739904,True,128.2454144746197,2024,True,False,True,True,public_40
MIATK,MIATK,2023,,"BIST 50 (XU050), BIST 100 (XU100), BIST TÜM (XUTUM), BIST GERİ ALIM (XUGRA)",True,2804219729.0,1.847614586640199,723182210.0,-46.32359136365828,51.6185912789735,18228015659.0,5462068845.0,25.2053,15.20021039427611,50.89339147378023,713022080.0,-53.81436821230893,23.79852632834255,189212159.0,17833399012.0,394616647.0,0.3330521153494236,503987968.0,36.37131488871179,35.97315941954985,4368340418.0,607108421.0,-66.18290504276872,3.265,35.3846,1401011132.0,-18.4632630319098,23.17256269971582,28.64480024399041,1517751456.0,7172560147.0,1286468273.0,16.73130193905817,27.0,35.0,False,False,28.94,-12.208698060941831,False,291.115926327194,2024,True,False,True,True,public_40
ODAS,ODAS,2023,,,False,7781980367.0,,1676946993.0,,15.6091,,16977427728.0,,,23.6848,2544541782.0,,,1643626101.0,,,,5496402341.0,,51.1609,24792439233.0,1589710234.0,,,,10743366289.0,,16.8734,32.3748,5266992559.0,32574419600.0,2514987808.0,-26.9091,9.0,11.11111111111111,False,False,,,,-26.6667,2024,True,False,False,True,training_only
OYAKC,OYAKC,2023,,"BIST SINAİ (XUSIN), BIST SÜRDÜRÜLEBİLİRLİK (XUSRD), BIST 100 (XU100), BIST 50 (XU050), BIST KURUMSAL YÖNETİM (XKURY), BIST TÜM (XUTUM)",True,32616470000.0,2.245142546875693,9034403041.0,-12.17881435726,29.42826563273168,6316518764.6161,62952207000.0,0.6992,5.204040211322213,30.20906127072922,9274105325.0,-8.771722919867184,21.60107654947487,2817506000.0,16910769764.6161,-10594251000.0,-0.7232428666281365,8127896250.0,-6.595613526716291,26.47545043040367,47680815000.0,7710163826.0,-20.4234249453016,0.2686,2.0806,30699746814.0,-2.843358548763253,22.97567690673497,30.48020535141569,14527572000.0,80297285000.0,18088898000.0,68.75460574797344,10.0,77.5,False,False,28.94,39.814605747973445,True,152.7001862197393,2024,True,False,True,True,public_40
PASEU,PASEU,2023,,"BIST KATILIM TUM (XKTUM), BIST KATILIM 100 (XK100), BIST 100 (XU100), BIST 50 (XU050), BIST TÜM (XUTUM)",True,2441036711.0,1.762515713844014,85291972.0,-69.3315128585281,12.01260934547371,,3509231734.0,,13.60982571684231,16.11850372307423,114444658.0,-26.96451676198998,35.89757875605284,576638214.0,,687961900.0,7.64164761536178,235746040.0,307.216862353112,33.20271552945709,3023429980.0,79891463.0,-57.38126719034544,,,710020359.0,25.73359184553655,15.03266006268957,21.44526788156622,1384973020.0,5464466691.0,1056063691.0,124.6200607902735,2.0,97.5,True,True,28.94,95.6800607902735,True,69.73758042123221,2024,True,False,True,True,public_40
PETKM,PETKM,2023,,"BIST KATILIM TUM (XKTUM), BIST KATILIM 100 (XK100), BIST SINAİ (XUSIN), BIST SÜRDÜRÜLEBİLİRLİK (XUSRD), BIST 100 (XU100), BIST 30 (XU030), BIST 50 (XU050), BIST TÜM (XUTUM)",True,30835350000.0,0.5605728391280381,-2372798000.0,10.33073241836171,-3.900978176324827,92679200465.6,63962607000.0,,33.97639466005374,-3.45339747303963,-2328282000.0,7.193859483812521,57.73354863939424,32362396000.0,46151421465.6,46527779000.0,2.791092340904628,7389998000.0,36.37131488871179,12.22674297479947,120496510000.0,-6631059000.0,-1.794588086708604,0.7215,6.2451,60441264000.0,-12.05477756044882,7.714743653718616,14.4511019261525,55006857000.0,151331860000.0,-24171507000.0,-0.6040637012630299,33.0,20.0,False,False,28.94,-29.54406370126303,False,-10.90998043052838,2024,True,False,True,True,public_40
PGSUS,PGSUS,2023,,"BIST SÜRDÜRÜLEBİLİRLİK (XUSRD), BIST 100 (XU100), BIST 30 (XU030), BIST 50 (XU050), BIST KURUMSAL YÖNETİM (XKURY), BIST TÜM (XUTUM)",True,90234819051.0,1.025165209759327,20890526646.0,16.78114508964414,29.61870552333761,174952424098.217,116853871107.0,8.3747,56.85101508601036,23.84522011820533,16818398963.0,5.054118977448702,71.51074411297557,205294556815.0,13594333286.217,161358090812.0,4.349742212839163,20907501797.0,3.498425767369621,29.64277298737062,319933391626.0,13087349012.0,-43.73327841778256,0.1163,0.6502,70531531601.0,37.83230006279612,10.35255059831216,38.2436674884486,88019782755.0,410168210677.0,2215036296.0,60.28294077808715,14.0,67.5,False,False,28.94,31.34294077808715,True,28.89427740058196,2024,True,False,True,True,public_40
SAHOL,SAHOL,2023,,,False,,,,,,,318633288000.0,,,,,,,,,,,22273810000.0,,4.2548,,,,,,523497276000.0,,0.7037,6.9904,,3165265998000.0,,64.0393,2.0,88.88888888888889,False,True,,,,40.3014,2024,True,False,False,True,training_only
SASA,SASA,2023,,"BIST GERİ ALIM (XUGRA), BIST SINAİ (XUSIN), BIST SÜRDÜRÜLEBİLİRLİK (XUSRD), BIST 100 (XU100), BIST 30 (XU030), BIST 50 (XU050), BIST TÜM (XUTUM)",True,29764003000.0,0.440977983105229,7183521000.0,-36.1765306482191,15.50957232633167,145786270884.9005,154302052000.0,20.2945,38.28726296937282,18.79527106997902,8705348000.0,-68.43844594308584,51.86680882749239,98775585000.0,24123096884.9005,121663174000.0,18.61610540302832,18192162000.0,36.37131488871179,39.27776536204776,290809074000.0,6007870000.0,-86.00212771280404,0.1563,1.326,46316693000.0,-16.46670886468292,11.98464706072198,27.62885777514499,67495440000.0,320573077000.0,-37731437000.0,-10.7456140350877,35.0,15.0,False,False,28.94,-39.6856140350877,False,-22.18430034129693,2024,True,False,True,True,public_40
SISE,SISE,2023,,"BIST MALİ (XUMAL), BIST TEMETTÜ (XTMTU), BIST SÜRDÜRÜLEBİLİRLİK (XUSRD), BIST 100 (XU100), BIST 30 (XU030), BIST 50 (XU050), BIST KURUMSAL YÖNETİM (XKURY), BIST TÜM (XUTUM)",True,141493818000.0,1.259895435151324,25989649000.0,32.94615882172624,17.09912578009153,254850491203.532,242571375000.0,9.8058,31.94177622544928,27.60643852787815,41938222000.0,12.68328123076104,46.88462560953898,125367407000.0,134077265203.532,120773226000.0,6.413439282623113,17121367000.0,50.25230579952713,11.26450025777988,365438689000.0,15718429000.0,-1.794588086708604,0.5527,7.831,151994022000.0,-7.572163029310458,5.879351204820335,12.02722239967749,112306001000.0,506932507000.0,29187817000.0,-8.14163283716735,34.0,17.5,False,False,28.94,-37.08163283716735,False,4.304869442484133,2024,True,False,True,True,public_40
SMRTG,SMRTG,2023,,,False,10286230998.0,,1908995286.0,,16.3372,,3065140922.0,,,22.825,2667087912.0,,,2926265473.0,,4045749628.0,,1476970648.0,,12.6399,4946727709.0,1883986563.0,,,,11684945071.0,,9.6959,48.1861,9233794679.0,15232958707.0,1052436319.0,-26.4434,8.0,22.22222222222222,False,False,,,,25.3811,2024,True,False,False,True,training_only
TAVHL,TAVHL,2023,,"BIST MALİ (XUMAL), BIST SÜRDÜRÜLEBİLİRLİK (XUSRD), BIST 100 (XU100), BIST 30 (XU030), BIST 50 (XU050), BIST KURUMSAL YÖNETİM (XKURY), BIST TÜM (XUTUM)",True,38208657000.0,0.7831278730643036,10189351000.0,15.45370882081574,29.5917604553855,126933502375.0,77122493000.0,12.4575,41.69603208434764,38.59555587669388,13289634000.0,18.10960866378882,68.3978096745024,119625419000.0,39052734375.0,87880768000.0,3.404189463877771,7530074000.0,36.37131488871179,21.86872804944363,208020317000.0,6502355000.0,-13.74530205691223,0.5064,5.1862,34433068000.0,27.5773157445726,4.86354232462573,16.38082266989601,48789806000.0,246228974000.0,-10581149000.0,154.8837209302326,1.0,100.0,True,True,28.94,125.94372093023262,True,12.03751954142783,2024,True,False,True,True,public_40
TCELL,TCELL,2023,,"BIST GERİ ALIM (XUGRA), BIST TEMETTÜ (XTMTU), BIST SÜRDÜRÜLEBİLİRLİK (XUSRD), BIST 100 (XU100), BIST 30 (XU030), BIST 50 (XU050), BIST TÜM (XUTUM)",True,156628647000.0,1.702662888620426,57064897000.0,13.34124300256748,55.42283963755796,129951616200.0,259333069000.0,2.2773,31.69351508073854,22.04500381550494,22698149000.0,26.95675700175241,48.19273991282052,149249359000.0,115063313200.0,14888303000.0,0.1419735100634885,12553996000.0,-42.82623661516906,12.19275147589496,343944185000.0,23597752000.0,58.38199528363608,0.4437,9.1655,102962781000.0,10.68517959041351,5.080875449607941,10.26930059177579,91990404000.0,500572832000.0,64638243000.0,70.59273422562143,9.0,80.0,False,True,28.94,41.65273422562143,True,42.58451472191928,2024,True,False,True,True,public_40
THYAO,THYAO,2023,,"BIST GERİ ALIM (XUGRA), BIST SÜRDÜRÜLEBİLİRLİK (XUSRD), BIST 100 (XU100), BIST 30 (XU030), BIST 50 (XU050), BIST TÜM (XUTUM)",True,485646000000.0,0.9744707235000571,119899000.0,109.117733844792,23.77071281012217,838569693600.0,966388000000.0,,37.71744917709785,23.68090277915456,119446000.0,83.85474384110476,55.22019357442635,693301000000.0,308175693600.0,530394000000.0,3.132661197441395,163003000.0,36.37131488871179,32.31634542563611,1672387000000.0,71425000.0,-1.794588086708604,0.3189,,504398000.0,45.97820181991036,15.52274993310104,35.64800538865452,498369000000.0,2158033000000.0,-12723000000.0,22.91983878190776,23.0,45.0,False,False,28.94,-6.020161218092241,False,55.72913034381759,2024,True,False,True,True,public_40
TOASO,TOASO,2023,,"BIST TEMETTÜ (XTMTU), BIST SINAİ (XUSIN), BIST SÜRDÜRÜLEBİLİRLİK (XUSRD), BIST 100 (XU100), BIST 30 (XU030), BIST 50 (XU050), BIST KURUMSAL YÖNETİM (XKURY), BIST TÜM (XUTUM)",True,120393022000.0,1.700691465795806,17946019000.0,-17.69419066688774,14.06416799241385,118507751500.0,60031247000.0,6.6036,30.92882730147747,18.14978409260116,23159306000.0,17.85178859832132,65.404684231778,42702328000.0,84977363500.0,33530388000.0,3.353841709705303,15083439000.0,22.23247093443918,11.8207843198721,53131184000.0,14008004000.0,-33.18688181887259,1.4156,5.6338,127601000000.0,96.28477451330848,19.17370998964691,40.89915710545976,70790631000.0,173524206000.0,49602391000.0,5.322838113062161,32.0,22.5,False,False,28.94,-23.61716188693784,False,26.15972222222223,2024,True,False,True,True,public_40
TRALT,TRALT,2023,,"BIST SINAİ (XUSIN), BIST 100 (XU100), BIST 30 (XU030), BIST 50 (XU050), BIST TÜM (XUTUM)",True,21578932000.0,5.467990401402794,1324161000.0,103.6006302933842,16.33317450306746,43956699202.5,42770233000.0,33.1959,0.0388784215858179,42.3491896757778,3433328000.0,89.7170827705784,10.62407149166024,1137666000.0,62544828202.5,-18588129000.0,-3.714426935523127,406090000.0,419.1555028795424,5.009012373835709,26275377000.0,590994000.0,-1.794588086708604,1.4623,154.0172,8107187000.0,48.10395141993427,1.758833516006472,1.969440380477511,3946410000.0,47854309000.0,17632522000.0,15.61699948796722,28.0,32.5,False,False,28.94,-13.32300051203278,False,-33.02469135802468,2024,True,False,True,True,public_40
TRMET,TRMET,2023,,"BIST 50 (XU050), BIST 100 (XU100), BIST TÜM (XUTUM), BIST SINAİ (XUSIN)",True,22047357000.0,5.063981952147558,1111288000.0,95.41235441195089,12.92682660137694,-2052263176.16,24531176000.0,-1.8467,0.2262563069562943,38.75157355831117,3331379000.0,91.33461650327187,10.66541608963868,1152742000.0,16462352823.84,-18514616000.0,-3.74835400015265,363327000.0,36.37131488871179,4.226325784673711,29582143000.0,253974000.0,-1.794588086708604,0.6711,45.31,8596758000.0,46.43750886521524,1.341455508043409,2.757659583608408,4353759000.0,51629500000.0,17693598000.0,75.03536067892503,8.0,82.5,False,True,28.94,46.09536067892503,True,-24.25,2024,True,False,True,True,public_40
TSKB,TSKB,2023,,"BIST MALİ (XUMAL), BIST SÜRDÜRÜLEBİLİRLİK (XUSRD), BIST 100 (XU100), BIST 50 (XU050), BIST KURUMSAL YÖNETİM (XKURY), BIST TÜM (XUTUM)",True,98596299419.1579,1.605486929375312,18955421095.0,10.33073241836171,15.98183165495174,-5766443800.0,47208439000.0,-0.3042,0.0,21.48247707392389,29236805594.78947,7.193859483812521,48.47849622928319,66344431217.42105,17497253200.0,-23263697000.0,2.791092340904628,2869690000.0,-7.192336040138637,-0.2990060422181947,175400085449.7105,3568257000.0,2.251842936663156,0.3706,6.0973,158447060900.7895,10.87136317449177,3.584559479409417,26.736070365376,77104957907.8421,353765203000.0,21491341511.31579,86.56488549618322,5.0,90.0,True,True,28.94,57.624885496183225,True,43.32603938730853,2024,True,False,True,True,public_40
TTKOM,TTKOM,2023,,"BIST SÜRDÜRÜLEBİLİRLİK (XUSRD), BIST 100 (XU100), BIST 30 (XU030), BIST 50 (XU050), BIST KURUMSAL YÖNETİM (XKURY), BIST TÜM (XUTUM)",True,115153435000.0,1.516295602958193,30618817000.0,28.24838947763368,30.56238111827462,143287892500.0,212437099000.0,4.6797,29.29029130747355,21.82840710001725,21868715000.0,30.06242003116246,50.20911402972668,138277583000.0,85260003500.0,58027889000.0,0.5855366637740594,16421552000.0,107.6220462765998,16.39128418245436,311505169000.0,-4858252000.0,47.22144526187354,0.4013,5.192,100184658000.0,14.48090871712209,8.433380215140566,16.70720952952651,75943922000.0,426658604000.0,39209513000.0,78.48932676518882,7.0,85.0,False,True,28.94,49.54932676518882,True,-7.797123391370192,2024,True,False,True,True,public_40
TUPRS,TUPRS,2023,,"BIST KATILIM TUM (XKTUM), BIST KATILIM TEMETTU (XKTMT), BIST TEMETTÜ (XTMTU), BIST SINAİ (XUSIN), BIST KATILIM 100 (XK100), BIST SÜRDÜRÜLEBİLİRLİK (XUSRD), BIST 100 (XU100), BIST 30 (XU030), BIST 50 (XU050), BIST KURUMSAL YÖNETİM (XKURY), BIST TÜM (XUTUM)",True,236931136000.0,1.395779952919796,79691308000.0,-6.471318659694182,11.607865833312,153493694545.3938,364099258000.0,1.9261,8.488463737746601,15.98366082123958,109732388000.0,-8.77515909545678,37.5262947217754,52397648000.0,210481455545.3938,-56987761000.0,-0.9180811334325236,53577336000.0,23.15142300268113,7.804094870600908,355042707000.0,73627774000.0,-10.89950728784015,0.5781,3.9286,686528507000.0,-21.7184197533475,14.6069411617141,26.68682400757872,169748201000.0,591973843000.0,67182935000.0,13.41892367217727,30.0,27.500000000000004,False,False,28.94,-15.521076327822731,False,111.1792014856082,2024,True,False,True,True,public_40
TURSG,TURSG,2023,,"BIST MALİ (XUMAL), BIST TEMETTÜ (XTMTU), BIST SÜRDÜRÜLEBİLİRLİK (XUSRD), BIST 100 (XU100), BIST 50 (XU050), BIST KURUMSAL YÖNETİM (XKURY), BIST TÜM (XUTUM)",True,169011052934.0,1.359749945373696,18955421095.0,10.33073241836171,15.98183165495174,11199262781.8793,54752015449.0,0.5908,10.7319460626569,21.48247707392389,29236805594.78947,7.193859483812521,69.89179407783587,2803105068.0,5273681947.8793,5925580834.0,2.791092340904628,6186049487.0,42.26301938949943,-0.2990060422181947,12839754087.0,10267860592.31579,-1.794588086708604,0.0963,0.8525,158447060900.7895,10.87136317449177,8.107822207553951,49.3881403713351,124295686504.0,181850807021.0,44715366430.0,97.79735682819384,3.0,95.0,True,True,28.94,68.85735682819384,True,202.6666666666667,2024,True,False,True,True,public_40
ULKER,ULKER,2023,,"BIST SINAİ (XUSIN), BIST SÜRDÜRÜLEBİLİRLİK (XUSRD), BIST 100 (XU100), BIST 50 (XU050), BIST TÜM (XUTUM)",True,84906085000.0,2.405968919943027,12177023000.0,-9.786817409639673,21.80849675839883,59927131996.0,43301842000.0,4.9213,45.20126362804732,28.90454611423886,16176560000.0,-1.415500825938674,63.83947937569749,45701313000.0,25906854996.0,34020277000.0,1.847318019615186,3378878000.0,-49.6782395674073,6.051417486032927,41960678000.0,10992915000.0,-10.45248460089899,0.5983,7.6673,55836141000.0,1.65963754151499,5.48611386680527,18.80138433041952,35289768000.0,126866763000.0,49616317000.0,43.80198019801981,18.0,57.49999999999999,False,False,28.94,14.861980198019811,True,77.40046838407494,2024,True,False,True,True,public_40
VESTL,VESTL,2023,,,False,69453104000.0,,7669840000.0,,4.734,,52040254000.0,,,22.2541,36055173000.0,,,8926985000.0,,37869734000.0,,2092951000.0,,1.2918,111281443000.0,6928938000.0,,,,162015698000.0,,1.158,4.0218,112814094000.0,180734547000.0,-43360990000.0,54.1955,4.0,66.66666666666666,False,False,,,,-35.1018,2024,True,False,False,True,training_only
AEFES,AEFES,2024,,"BIST TEMETTÜ (XTMTU), BIST SINAİ (XUSIN), BIST SÜRDÜRÜLEBİLİRLİK (XUSRD), BIST 100 (XU100), BIST 30 (XU030), BIST 50 (XU050), BIST KURUMSAL YÖNETİM (XKURY), BIST TÜM (XUTUM)",True,1.400527017918382,-47.83191133157794,37504573000.0,88838123000.0,16.21718690633272,,22.48354066076161,,109123335000.0,39.33699327819823,91007899000.0,105736063000.0,413578419000.0,47.04650365230977,11156774207.5512,-22.83046081330746,-20.89268768853682,13117092000.0,3387272000.0,5.669694229876769,-0.4917141661764042,26050243000.0,108611239000.0,,0.8506,231354487000.0,304455084000.0,3.724108390412435,15.60794413915873,1.032035162875319,55384044000.0,-19.47576272020117,-8.343057176196027,32.0,22.5,False,False,13.05,-21.393057176196027,False,40.94955489614242,2025,True,False,True,True,public_40
AKSA,AKSA,2024,,,False,16498493000.0,,3597269000.0,,9.6902,,31253012000.0,,,15.0056,5570492000.0,,,2394257000.0,,4214820000.0,,1487755000.0,,4.0077,30142172000.0,3597016000.0,,,,37122843000.0,,3.1898,4.7604,12993396000.0,46640665000.0,3505097000.0,-20.3752,7.0,33.33333333333333,False,False,,,,58.7508,2025,True,False,False,True,training_only
AKSEN,AKSEN,2024,,,False,19390517893.0,,7066245613.0,,17.0633,,53201282506.0,,,21.1391,8754153044.0,,,21632889134.0,,35212459041.0,,2627313791.0,,6.3443,88951794493.0,7064842424.0,,,,41412051265.0,,2.425,4.9384,28422249759.0,108342312386.0,-9031731866.0,84.949,1.0,100.0,True,True,,,,35.5593,2025,True,False,False,True,training_only
ARCLK,ARCLK,2024,,"BIST SINAİ (XUSIN), BIST SÜRDÜRÜLEBİLİRLİK (XUSRD), BIST 100 (XU100), BIST 50 (XU050), BIST KURUMSAL YÖNETİM (XKURY), BIST TÜM (XUTUM)",True,5.061858022676359,36.37131488871179,23672423000.0,128960818000.0,5.946729173984706,,44.36478872650538,,338696844000.0,27.55863393231244,118102036000.0,354485242000.0,561803151000.0,86.05257181976896,95953405110.0,-5.145859859025417,3.433315660307804,1689082000.0,-15788398000.0,0.394140474594851,-0.1811908835695651,7122426000.0,73314458000.0,,56.808,428548223000.0,223106307000.0,0.4246847542612959,2.514606714206951,0.9554610569655252,169781109000.0,-8.771631425953212,-29.86111111111111,38.0,7.5,False,False,13.05,-42.91111111111111,False,10.50583657587549,2025,True,False,True,True,public_40
ASELS,ASELS,2024,,"BIST KATILIM TUM (XKTUM), BIST KATILIM TEMETTU (XKTMT), BIST TEMETTÜ (XTMTU), BIST KATILIM 100 (XK100), BIST SÜRDÜRÜLEBİLİRLİK (XUSRD), BIST 100 (XU100), BIST 30 (XU030), BIST 50 (XU050), BIST KURUMSAL YÖNETİM (XKURY), BIST TÜM (XUTUM)",True,0.4090774860188352,86.07414732856378,30615169000.0,67399144000.0,25.16426668376776,,10.94592663296361,,207675087000.0,31.74410585251132,38158191000.0,134881888000.0,485018937000.0,41.70580086030744,330179317200.0,18.04049383933082,28.28049981945516,15298743000.0,72793199000.0,12.72714729066603,-0.0304721330194864,27315635000.0,281073867000.0,,21.5821,120205594000.0,277343850000.0,6.301029585101471,10.90438950640404,1.539681050431323,22084087000.0,15.02307482417689,215.2380952380952,2.0,97.5,True,True,13.05,202.1880952380952,True,61.43397906924963,2025,True,False,True,True,public_40
ASTOR,ASTOR,2024,,"BIST TEMETTÜ (XTMTU), BIST SINAİ (XUSIN), BIST 100 (XU100), BIST 30 (XU030), BIST 50 (XU050), BIST KURUMSAL YÖNETİM (XKURY), BIST TÜM (XUTUM)",True,-0.7137746495835053,16.5986998970833,7462395060.0,87274088.0,28.02875427634173,,9.108880230216323,,35814744751.0,34.58345497414093,9207523139.0,17317024155.0,50684431646.0,34.33854869786933,112142993542.0,8.196858113868407,6.41772420881158,5024880084.0,18497720596.0,18.87344853898949,0.0288818783426143,6599287382.0,33280133403.0,,22.3175,26624069648.0,14869686895.0,16.91523939254488,24.12984209961368,2.068181255071998,-7924744700.0,1.26805489174304,-0.755581967908995,23.0,45.0,False,False,13.05,-13.805581967908996,False,22.44742290508881,2025,True,False,True,True,public_40
BIMAS,BIMAS,2024,,"BIST KATILIM TUM (XKTUM), BIST KATILIM TEMETTU (XKTMT), BIST TEMETTÜ (XTMTU), BIST KATILIM 100 (XK100), BIST SÜRDÜRÜLEBİLİRLİK (XUSRD), BIST 100 (XU100), BIST 30 (XU030), BIST 50 (XU050), BIST TÜM (XUTUM)",True,0.8870831980172851,-23.41486500961707,22514303000.0,62641837000.0,4.333285005236277,,15.59520845282202,,111487229000.0,17.47940095298614,90817135000.0,108356980000.0,338093384000.0,50.57739225089362,156569655580.8,17.30763630076695,47.27296403964636,18586744000.0,3130249000.0,2.583979591916266,-0.1857024936955868,5301727000.0,165584579000.0,,8.4237,519566633000.0,226606155000.0,7.880787529078745,15.799665472944,1.028888300504499,38574474000.0,6.027242848535775,3.541445527356956,18.0,57.49999999999999,False,False,13.05,-9.508554472643045,False,79.18418401028458,2025,True,False,True,True,public_40
BRSAN,BRSAN,2024,,"BIST 50 (XU050), BIST 100 (XU100), BIST TÜM (XUTUM), BIST SINAİ (XUSIN)",True,1.631930300688742,36.37131488871179,3128656000.0,6693874000.0,5.681682764963964,,17.39562312814938,,37468163000.0,6.550334874778033,3606985000.0,31758219000.0,76186969000.0,50.47069532323828,61103551962.68,66.65115047609014,102.5209895151026,-226612000.0,5709944000.0,-0.4115305405049369,-0.234598575607754,1709296000.0,37734876000.0,,,55065658000.0,38718806000.0,-0.4087587712308588,-0.7529034836487891,1.179794213271216,7793071000.0,29.76068677868155,28.69565217391303,10.0,77.5,False,False,13.05,15.645652173913028,True,-27.07275803722504,2025,True,False,True,True,public_40
BTCIM,BTCIM,2024,,"BIST SINAİ (XUSIN), BIST SÜRDÜRÜLEBİLİRLİK (XUSRD), BIST 100 (XU100), BIST 50 (XU050), BIST KURUMSAL YÖNETİM (XKURY), BIST TÜM (XUTUM)",True,3.945329464199591,36.37131488871179,1878898000.0,5724291000.0,13.97968260156746,,15.65830993956671,,5185641000.0,11.90011610685998,1599400000.0,5075112000.0,35573935000.0,30.35762841529901,821612880.0,-31.03825916740164,-35.11179976139319,-25329000.0,110529000.0,-0.1884569468992474,-1.494748910057367,806950000.0,21862295000.0,,,13440205000.0,30388294000.0,-0.6355502453426706,-1.040132352621223,1.021778632668599,5358148000.0,-18.77374383654299,-14.95535714285715,36.0,12.5,False,False,13.05,-28.00535714285715,False,21.27659574468083,2025,True,False,True,True,public_40
CANTE,CANTE,2024,,"BIST KATILIM TUM (XKTUM), BIST KATILIM 100 (XK100), BIST 100 (XU100), BIST 50 (XU050), BIST KURUMSAL YÖNETİM (XKURY), BIST TÜM (XUTUM)",True,0.0774815411819912,36.37131488871179,1927031267.0,77456863.0,31.57099376363098,,2.189742354816806,,4631084706.0,16.52216617538651,1008480476.0,2084481187.0,30928456652.0,6.990125871218335,531200000.0,-70.73381430272273,-26.67562234081124,-1233028597.0,2546603519.0,-20.20098937308299,0.4104309711411243,424030384.0,27934207290.0,,,6103803008.0,26297371946.0,-5.278277952663968,-5.958179929072846,2.221696571253344,167895716.0,-22.89678476982552,20.48192771084338,14.0,67.5,False,False,13.05,7.431927710843379,True,-26.87224669603525,2025,True,False,True,True,public_40
CCOLA,CCOLA,2024,,"BIST TEMETTÜ (XTMTU), BIST SINAİ (XUSIN), BIST SÜRDÜRÜLEBİLİRLİK (XUSRD), BIST 100 (XU100), BIST 50 (XU050), BIST KURUMSAL YÖNETİM (XKURY), BIST TÜM (XUTUM)",True,0.7776800523226375,-27.42292036550663,24662242000.0,40311689000.0,17.58139885439455,,27.31983046048931,,73616867000.0,35.56278859692421,48589774000.0,63836513000.0,190775353000.0,54.59206357752095,161585740330.8282,4.666509549579987,4.141241429103645,14813376000.0,9780354000.0,10.75903403453005,-0.3203068424659316,18885398000.0,75839768000.0,,10.9081,137683141000.0,117158486000.0,9.986972499334628,27.58328514341231,1.153209402274213,25593183000.0,3.866631491881777,2.47472987103518,20.0,52.5,False,False,13.05,-10.57527012896482,False,26.74870466321244,2025,True,False,True,True,public_40
CIMSA,CIMSA,2024,,"BIST KATILIM TUM (XKTUM), BIST KATILIM TEMETTU (XKTMT), BIST TEMETTÜ (XTMTU), BIST SINAİ (XUSIN), BIST KATILIM 100 (XK100), BIST SÜRDÜRÜLEBİLİRLİK (XUSRD), BIST 100 (XU100), BIST 50 (XU050), BIST TÜM (XUTUM)",True,2.567749369200244,80.40531978700578,5505841000.0,24490970000.0,19.5585779274115,,30.66873480197315,,22471348000.0,21.47080916947958,6044144000.0,23290741000.0,92966838000.0,51.39651087197351,42860064283.1381,-7.160370550343541,2.671449127561783,2687840000.0,-819393000.0,9.54810138840074,-0.0307443146614742,3546731000.0,34760766000.0,,15.9459,28150518000.0,70495490000.0,4.011230183763919,10.97291727194727,0.9648189381351155,23376102000.0,-0.1833223592780139,-3.686826843413414,28.0,32.5,False,False,13.05,-16.736826843413414,False,64.08450704225353,2025,True,False,True,True,public_40
DOAS,DOAS,2024,,"BIST TEMETTÜ (XTMTU), BIST SÜRDÜRÜLEBİLİRLİK (XUSRD), BIST 100 (XU100), BIST 50 (XU050), BIST KURUMSAL YÖNETİM (XKURY), BIST TÜM (XUTUM)",True,1.711236295100516,-68.39225848416312,18447963000.0,16150209000.0,9.793236794517254,,23.57945157557572,,66090470000.0,16.04914225077636,30232495000.0,46109273000.0,130369139000.0,47.75630373688362,34808235880.0,-19.32542887566231,-32.83493887197043,7592264000.0,19981197000.0,4.030409165417816,-0.5030363149684498,16243661000.0,67148466000.0,,4.5847,188374522000.0,64278669000.0,8.233729671544824,13.81506643647694,1.433344438113349,25184576000.0,3.736515503942652,10.66007765619486,15.0,65.0,False,False,13.05,-2.389922343805141,False,-12.0467655541821,2025,True,False,True,True,public_40
DOHOL,DOHOL,2024,,,False,108926523000.0,,1332091000.0,,1.27,,83018793000.0,,,12.7822,13406927000.0,,,21980777000.0,,4515481000.0,,5650978000.0,,5.3877,73887605000.0,132015000.0,,,,104887460000.0,,3.0911,6.8069,63921930000.0,182814128000.0,45004593000.0,18.8658,3.0,77.77777777777779,False,False,,,,31.4133,2025,True,False,False,True,training_only
DSTKF,DSTKF,2024,,"BIST MALİ (XUMAL), BIST HALKA ARZ (XHARZ), BIST 100 (XU100), BIST 30 (XU030), BIST 50 (XU050), BIST TÜM (XUTUM)",True,-2.362035137997514,78.40787958896517,3169731000.0,66344431217.42105,45.18637325629234,,0.0,,98596299419.1579,45.18637325629234,3001536000.0,77104957907.8421,48495615000.0,74.83010164939655,,5.603630940958229,5.603630940958229,2110762000.0,21491341511.31579,53.68340110914163,-1.21305656536785,10267860592.31579,12206297000.0,,,7014794000.0,175400085449.7105,11.51604650955975,44.82459892971745,1.605486929375312,-7487016000.0,42.99557933970183,24.90409759095856,11.0,75.0,False,False,13.05,11.85409759095856,True,37.57325295457787,2025,True,False,True,True,public_40
EKGYO,EKGYO,2024,,,False,247041997000.0,,7444489000.0,,17.8296,,125398937000.0,,,26.9794,11264862000.0,,,1368356000.0,,6048214000.0,,17274359000.0,,41.3722,21160253000.0,7151979000.0,,,,41753570000.0,,6.4408,13.7755,141434957000.0,268202250000.0,105607040000.0,54.135,2.0,88.88888888888889,False,True,,,,97.9651,2025,True,False,False,True,training_only
ENKAI,ENKAI,2024,,"BIST TEMETTÜ (XTMTU), BIST SÜRDÜRÜLEBİLİRLİK (XUSRD), BIST 100 (XU100), BIST 30 (XU030), BIST 50 (XU050), BIST KURUMSAL YÖNETİM (XKURY), BIST TÜM (XUTUM)",True,-6.283078508420121,46.54527550245396,23464153000.0,40860038000.0,23.33780097861175,,1.400828177627218,,275272393000.0,25.15604491502779,25292241000.0,72660815000.0,493059685000.0,23.02375482189342,250748232000.0,46.56788617505266,47.64039657864126,24690869000.0,202611578000.0,24.55791124064757,0.0512340267171755,19310553000.0,373216949000.0,,10.1555,100541405000.0,217787292000.0,6.792332891913257,8.836536987767353,3.788457272327595,-213270511000.0,55.66433152590219,66.11323967645811,5.0,90.0,True,True,13.05,53.06323967645811,True,49.51044386422976,2025,True,False,True,True,public_40
EREGL,EREGL,2024,,"BIST KATILIM TUM (XKTUM), BIST KATILIM 100 (XK100), BIST SINAİ (XUSIN), BIST SÜRDÜRÜLEBİLİRLİK (XUSRD), BIST 100 (XU100), BIST 30 (XU030), BIST 50 (XU050), BIST KURUMSAL YÖNETİM (XKURY), BIST TÜM (XUTUM)",True,1.421219019628917,-9.975163524387357,29893454000.0,145298849000.0,14.64934959796617,,26.98363686716349,,257051476000.0,9.803297991756736,20004604000.0,126598745000.0,576746036000.0,47.1433832273448,166930988000.0,26.42180562329629,41.00850850002011,13481348000.0,130452731000.0,6.606562757981798,-0.1051872166821864,21056220000.0,295496351000.0,,12.3824,204059940000.0,319694560000.0,3.17089578826578,5.68959521948924,2.030442529268359,31471275000.0,11.46748113494189,-1.854140914709518,26.0,37.5,False,False,13.05,-14.90414091470952,False,20.48853439680957,2025,True,False,True,True,public_40
FROTO,FROTO,2024,,"BIST TEMETTÜ (XTMTU), BIST SINAİ (XUSIN), BIST SÜRDÜRÜLEBİLİRLİK (XUSRD), BIST 100 (XU100), BIST 30 (XU030), BIST 50 (XU050), BIST KURUMSAL YÖNETİM (XKURY), BIST TÜM (XUTUM)",True,1.903720927590312,-33.1892995026332,39696935000.0,114136231000.0,6.271463672611017,,36.19666292094078,,223456658000.0,8.351153740036807,54604428000.0,180623530000.0,450780450000.0,65.38876319946884,29340733979.34,-2.92294296792062,-0.1511537551296903,38863566000.0,42833128000.0,6.531745138394728,-0.5938945636616719,28984491000.0,156020689000.0,,0.755,594995138000.0,227323792000.0,11.89324188116514,33.72885743573394,1.237140354858528,99193516000.0,6.680383640373072,6.727335560419306,17.0,60.0,False,False,13.05,-6.322664439580695,False,33.23062702203052,2025,True,False,True,True,public_40
GUBRF,GUBRF,2024,,"BIST KATILIM TUM (XKTUM), BIST KATILIM 100 (XK100), BIST SINAİ (XUSIN), BIST 100 (XU100), BIST 30 (XU030), BIST 50 (XU050), BIST TÜM (XUTUM)",True,-0.0366960281885557,36.37131488871179,4097340347.0,1586839964.0,8.45840031882826,,14.98325300864524,,39694704626.0,14.13770743861155,6848457973.0,26906654918.0,64461257675.0,44.202511570063,95858000000.0,77.1064392126098,89.41980288970892,629075729.0,12788049708.0,1.298641044217048,0.1136124022802511,2663323798.0,29796931094.0,,152.3791,48441078603.0,24766553049.0,1.434510662021051,3.4962422899654,1.475274602025875,-405776753.0,31.15151354937974,21.67832167832169,13.0,70.0,False,False,13.05,8.62832167832169,True,86.60598179453837,2025,True,False,True,True,public_40
HEKTS,HEKTS,2024,,"BIST SINAİ (XUSIN), BIST SÜRDÜRÜLEBİLİRLİK (XUSRD), BIST 100 (XU100), BIST 50 (XU050), BIST TÜM (XUTUM)",True,2.791092340904628,36.37131488871179,-1987560344.0,2170037377.0,-40.83674400007877,,35.77778203643693,,6182316144.0,-20.75518812835713,-1010173310.0,11685546011.0,27729906985.0,49.96620939080297,32624100000.0,7.193859483812521,10.33073241836171,-2726725533.0,-5503229867.0,-56.0237543910261,1.783534754580129,-2813640823.0,13955964667.0,,,4867088189.0,21547590841.0,-11.32485211353454,-19.79881878085764,0.529056677213061,8130876052.0,-3.810143133367588,-21.73913043478261,37.0,10.0,False,False,13.05,-34.78913043478261,False,-46.47302904564315,2025,True,False,True,True,public_40
KCHOL,KCHOL,2024,,,False,2967964000000.0,,117151000000.0,,3.8613,,691939000000.0,,,14.1436,429110000000.0,,,582254000000.0,,869489000000.0,,1709000000.0,,0.0563,2147495000000.0,88789000000.0,,,,3033955000000.0,,0.0334,0.247,3409284000000.0,5115459000000.0,-441320000000.0,-1.0763,4.0,66.66666666666666,False,False,,,,30.7964,2025,True,False,False,True,training_only
KONTR,KONTR,2024,,"BIST KATILIM TUM (XKTUM), BIST KATILIM 100 (XK100), BIST SÜRDÜRÜLEBİLİRLİK (XUSRD), BIST 100 (XU100), BIST 50 (XU050), BIST KURUMSAL YÖNETİM (XKURY), BIST TÜM (XUTUM)",True,40.60601758753926,36.37131488871179,1418848509.0,11542815260.0,14.32047801852488,,39.41788384120797,,17825476318.0,14.173210472419,1404257492.0,18475542636.0,37325594543.0,80.42298659547971,25058287800.0,-32.02076101617211,-76.52379336892136,273914217.0,-650066318.0,2.764623917654591,-11.38523830217104,680563344.0,5841442148.0,,91.4822,9907829244.0,19500118225.0,1.075394395247517,6.166137131069958,0.9648147645345296,14231101204.0,30.26187109031774,-42.22668004012037,40.0,2.5,False,False,13.05,-55.27668004012037,False,-42.50216700375614,2025,True,False,True,True,public_40
KRDMD,KRDMD,2024,,"BIST KATILIM TUM (XKTUM), BIST KATILIM 100 (XK100), BIST SINAİ (XUSIN), BIST 100 (XU100), BIST 30 (XU030), BIST 50 (XU050), BIST TÜM (XUTUM)",True,0.8441064292856693,36.37131488871179,6833798117.0,16660987790.0,10.24266066016348,,6.858882213245589,,36570658485.0,7.772462788765722,5185707438.0,25731095369.0,127044704940.0,33.36784730935516,30894000000.0,29.77258990220634,24.68840194551919,-1679514697.0,10839563116.0,-2.517296943896286,-0.3087609400914352,1223249120.0,84652617584.0,,,66718974139.0,90474046455.0,-1.433425974012343,-2.210207121736284,1.421263182175259,5768452927.0,-9.783235373406711,-9.136690647482013,33.0,20.0,False,False,13.05,-22.186690647482013,False,14.05723905723906,2025,True,False,True,True,public_40
KUYAS,KUYAS,2024,,"BIST KATILIM TUM (XKTUM), BIST GERİ ALIM (XUGRA), BIST KATILIM 100 (XK100), BIST 100 (XU100), BIST 50 (XU050), BIST TÜM (XUTUM)",True,6.230971276860584,36.37131488871179,503774628.0,254450664.0,43.69283285892045,,52.02470310122926,,3430358473.0,52.68241424915612,607423733.0,3349640487.0,5038522040.0,71.5307211596518,8280000400.0,-66.80823364251552,-84.57395728320287,142628601.0,80717986.0,12.3703086222013,-6.786929086529708,497805970.0,1433769960.0,,58.0529,1152991452.0,1608163567.0,4.429043908710013,7.366004168907978,1.024097507273771,663098337.0,-18.9303538799043,162.2549019607843,3.0,95.0,True,True,13.05,149.2049019607843,True,54.59297983569826,2025,True,False,True,True,public_40
MAVI,MAVI,2024,,"BIST KATILIM TUM (XKTUM), BIST KATILIM TEMETTU (XKTMT), BIST GERİ ALIM (XUGRA), BIST TEMETTÜ (XTMTU), BIST KATILIM 100 (XK100), BIST SÜRDÜRÜLEBİLİRLİK (XUSRD), BIST 100 (XU100), BIST 50 (XU050), BIST TÜM (XUTUM)",True,-0.4589145296438396,-35.55564234828147,7187575000.0,2059788000.0,18.52316393832699,,16.53607965288347,,17960054000.0,50.9920748532801,19370894000.0,10989956000.0,26981371000.0,48.36575576533898,16081151699.456,-3.834810812143546,-3.504101612681764,2723952000.0,6970098000.0,7.071690421068173,-0.1882576100332995,4840358000.0,13887148000.0,,5.9036,38519107000.0,9021317000.0,13.9092241687139,26.66952817601102,1.634224377240455,-4057245000.0,-5.160630603014495,2.593116454502592,19.0,55.00000000000001,False,False,13.05,-10.456883545497409,False,53.05676855895197,2025,True,False,True,True,public_40
MGROS,MGROS,2024,,"BIST TEMETTÜ (XTMTU), BIST SÜRDÜRÜLEBİLİRLİK (XUSRD), BIST 100 (XU100), BIST 30 (XU030), BIST 50 (XU050), BIST KURUMSAL YÖNETİM (XKURY), BIST TÜM (XUTUM)",True,0.142432880228243,-22.06601997344972,501771000.0,33411199000.0,0.1707984116967334,,15.17379160767878,,76260429000.0,23.1478762260413,68003753000.0,96259374000.0,209583279000.0,61.870667172833,96309635465.2114,13.02017943116364,32.13690929020486,6339743000.0,-19998945000.0,1.566815086482881,-0.1328081748154878,-9475735000.0,79034025000.0,,15.1914,293779664000.0,133322850000.0,4.224836859541331,11.06233231337054,0.7922389875504489,3891267000.0,7.339362780741634,-0.9900990099009874,24.0,42.5,False,False,13.05,-14.040099009900988,False,66.8089082697399,2025,True,False,True,True,public_40
MIATK,MIATK,2024,,"BIST 50 (XU050), BIST 100 (XU100), BIST TÜM (XUTUM), BIST GERİ ALIM (XUGRA)",True,0.3330521153494236,36.37131488871179,1758569656.0,189212159.0,68.07450490680758,,15.20021039427611,,2804219729.0,59.83379711106156,1545687334.0,1517751456.0,7172560147.0,23.79852632834255,20817159506.0,-53.81436821230893,-46.32359136365828,2276479458.0,1286468273.0,88.12287389648195,-0.1537633068456496,1509868401.0,5462068845.0,,9.1445,2583301426.0,4368340418.0,35.78832390499655,47.21906877017715,1.847614586640199,394616647.0,-18.4632630319098,-6.008583690987109,30.0,27.500000000000004,False,False,13.05,-19.05858369098711,False,16.73130193905817,2025,True,False,True,True,public_40
ODAS,ODAS,2024,,,False,10339871029.0,,898493267.0,,8.7953,,17170320815.0,,,22.5592,2304555051.0,,,1683859232.0,,,,-3898603214.0,,-38.1633,34370378396.0,774159839.0,,,,10215595076.0,,-8.7197,-22.7055,8171734850.0,44710249425.0,2168136179.0,-15.9204,6.0,44.44444444444444,False,False,,,,-26.9091,2025,True,False,False,True,training_only
OYAKC,OYAKC,2024,,"BIST SINAİ (XUSIN), BIST SÜRDÜRÜLEBİLİRLİK (XUSRD), BIST 100 (XU100), BIST 50 (XU050), BIST KURUMSAL YÖNETİM (XKURY), BIST TÜM (XUTUM)",True,-0.7232428666281365,-6.595613526716291,13519194105.0,2817506000.0,30.42761827143844,,5.204040211322213,,32616470000.0,28.43108657921685,12632121734.0,14527572000.0,80297285000.0,21.60107654947487,111327454430.6912,-8.771722919867184,-12.17881435726,7167377286.0,18088898000.0,15.50858517114991,0.0758524117059075,10894838900.0,62952207000.0,,15.5325,44430668166.0,47680815000.0,12.6999071158623,15.71054301443093,2.245142546875693,-10594251000.0,-2.843358548763253,0.3484320557491287,22.0,47.5,False,False,13.05,-12.701567944250872,False,68.75460574797344,2025,True,False,True,True,public_40
PASEU,PASEU,2024,,"BIST KATILIM TUM (XKTUM), BIST KATILIM 100 (XK100), BIST 100 (XU100), BIST 50 (XU050), BIST TÜM (XUTUM)",True,7.64164761536178,307.216862353112,263128973.0,576638214.0,17.65725436941229,,13.60982571684231,,2441036711.0,21.345942549598,318097923.0,1384973020.0,5464466691.0,35.89757875605284,19864319328.0,-26.96451676198998,-69.3315128585281,206282242.0,1056063691.0,13.84255780486272,-1.175590839263103,250872262.0,3509231734.0,,96.2968,1490203219.0,3023429980.0,6.947831747397106,11.40821156488429,1.762515713844014,687961900.0,25.73359184553655,363.7234770704997,1.0,100.0,True,True,13.05,350.6734770704997,True,124.6200607902735,2025,True,False,True,True,public_40
PETKM,PETKM,2024,,"BIST KATILIM TUM (XKTUM), BIST KATILIM 100 (XK100), BIST SINAİ (XUSIN), BIST SÜRDÜRÜLEBİLİRLİK (XUSRD), BIST 100 (XU100), BIST 30 (XU030), BIST 50 (XU050), BIST TÜM (XUTUM)",True,2.791092340904628,36.37131488871179,-5783722000.0,32362396000.0,-7.474363632474958,,33.97639466005374,,30835350000.0,-1.605736927360335,-1242532000.0,55006857000.0,151331860000.0,57.73354863939424,45872640000.0,7.193859483812521,10.33073241836171,-6343663000.0,-24171507000.0,-8.197981165740154,3.190776610458447,-10968464000.0,63962607000.0,,,77380795000.0,120496510000.0,-5.093156361904201,-10.86826195780485,0.5605728391280381,46527779000.0,-12.05477756044882,-9.833333333333329,34.0,17.5,False,False,13.05,-22.88333333333333,False,-0.6040637012630299,2025,True,False,True,True,public_40
PGSUS,PGSUS,2024,,"BIST SÜRDÜRÜLEBİLİRLİK (XUSRD), BIST 100 (XU100), BIST 30 (XU030), BIST 50 (XU050), BIST KURUMSAL YÖNETİM (XKURY), BIST TÜM (XUTUM)",True,4.349742212839163,3.498425767369621,32829409384.0,205294556815.0,29.35849479623021,,56.85101508601036,,90234819051.0,22.55880541156684,25225825207.0,88019782755.0,410168210677.0,71.51074411297557,106500000000.0,5.054118977448702,16.78114508964414,13285437677.0,2215036296.0,11.88082454800233,0.0037839355806196,20807220975.0,116853871107.0,,8.0163,111822522278.0,319933391626.0,3.964049302414276,17.7330466523072,1.025165209759327,161358090812.0,37.83230006279612,-11.08534322820037,35.0,15.0,False,False,13.05,-24.13534322820037,False,60.28294077808715,2025,True,False,True,True,public_40
SAHOL,SAHOL,2024,,,False,,,,,,,370762598000.0,,,,,,,,,,,-20254961000.0,,-3.7332,,,,,,542558776000.0,,-0.5035,-5.4631,,4023199831000.0,,-8.9912,5.0,55.55555555555556,False,False,,,,64.0393,2025,True,False,False,True,training_only
SASA,SASA,2024,,"BIST GERİ ALIM (XUGRA), BIST SINAİ (XUSIN), BIST SÜRDÜRÜLEBİLİRLİK (XUSRD), BIST 100 (XU100), BIST 30 (XU030), BIST 50 (XU050), BIST TÜM (XUTUM)",True,18.61610540302832,36.37131488871179,7571178000.0,98775585000.0,15.58415206185052,,38.28726296937282,,29764003000.0,17.75779890667321,8627191000.0,67495440000.0,320573077000.0,51.86680882749239,21554556382.337,-68.43844594308584,-36.1765306482191,18279278000.0,-37731437000.0,37.62519490795738,-7.536529213639255,5771622000.0,154302052000.0,,1.1792,48582547000.0,290809074000.0,7.8684146618409,15.12203872127788,0.440977983105229,121663174000.0,-16.46670886468292,-32.02933985330073,39.0,5.0,False,False,13.05,-45.07933985330074,False,-10.7456140350877,2025,True,False,True,True,public_40
SISE,SISE,2024,,"BIST MALİ (XUMAL), BIST TEMETTÜ (XTMTU), BIST SÜRDÜRÜLEBİLİRLİK (XUSRD), BIST 100 (XU100), BIST 30 (XU030), BIST 50 (XU050), BIST KURUMSAL YÖNETİM (XKURY), BIST TÜM (XUTUM)",True,6.413439282623113,50.25230579952713,13080545000.0,125367407000.0,7.048116651427995,,31.94177622544928,,141493818000.0,22.64402915979647,42024878000.0,112306001000.0,506932507000.0,46.88462560953898,123157345132.896,12.68328123076104,32.94615882172624,5022436000.0,29187817000.0,2.706211002854347,-0.9509494658167824,-2010307000.0,242571375000.0,,24.5214,185589224000.0,365438689000.0,1.9194076947098,2.699266460356778,1.259895435151324,120773226000.0,-7.572163029310458,-6.115459882583167,31.0,25.0,False,False,13.05,-19.165459882583168,False,-8.14163283716735,2025,True,False,True,True,public_40
SMRTG,SMRTG,2024,,,False,13936850241.0,,1960894582.0,,12.8288,,4598732158.0,,,19.4765,2977002128.0,,,3504490491.0,,7137182924.0,,577403387.0,,3.7776,8919986647.0,1940680301.0,,,,15285067108.0,,2.5262,12.5557,14752851853.0,22856836888.0,-816001612.0,-43.4055,8.0,22.22222222222222,False,False,,,,-26.4434,2025,True,False,False,True,training_only
TAVHL,TAVHL,2024,,"BIST MALİ (XUMAL), BIST SÜRDÜRÜLEBİLİRLİK (XUSRD), BIST 100 (XU100), BIST 30 (XU030), BIST 50 (XU050), BIST KURUMSAL YÖNETİM (XKURY), BIST TÜM (XUTUM)",True,3.404189463877771,36.37131488871179,17765107000.0,119625419000.0,30.00281364404566,,41.69603208434764,,38208657000.0,36.28748112485638,21486351000.0,48789806000.0,246228974000.0,68.3978096745024,99539062500.0,18.10960866378882,15.45370882081574,6557987000.0,-10581149000.0,11.07553485836443,-0.1067166108700305,10373620000.0,77122493000.0,,15.1783,59211470000.0,208020317000.0,3.670819899568676,11.10398574785873,0.7831278730643036,87880768000.0,27.5773157445726,7.866184448462917,16.0,62.5,False,False,13.05,-5.183815551537084,False,154.8837209302326,2025,True,False,True,True,public_40
TCELL,TCELL,2024,,"BIST GERİ ALIM (XUGRA), BIST TEMETTÜ (XTMTU), BIST SÜRDÜRÜLEBİLİRLİK (XUSRD), BIST 100 (XU100), BIST 30 (XU030), BIST 50 (XU050), BIST TÜM (XUTUM)",True,0.1419735100634885,-42.82623661516906,82849674000.0,149249359000.0,52.15460130004779,,31.69351508073854,,156628647000.0,25.89091126923855,41128750000.0,91990404000.0,500572832000.0,48.19273991282052,196284807400.0,26.95675700175241,13.34124300256748,23523425000.0,64638243000.0,14.80820373640307,-0.4689980001004513,35423511000.0,259333069000.0,,8.3442,158854007000.0,343944185000.0,6.832730435087825,12.58162356652819,1.702662888620426,14888303000.0,10.68517959041351,0.8121277747698912,21.0,50.0,False,False,13.05,-12.23787222523011,False,70.59273422562143,2025,True,False,True,True,public_40
THYAO,THYAO,2024,,"BIST GERİ ALIM (XUGRA), BIST SÜRDÜRÜLEBİLİRLİK (XUSRD), BIST 100 (XU100), BIST 30 (XU030), BIST 50 (XU050), BIST TÜM (XUTUM)",True,3.132661197441395,36.37131488871179,152699000.0,693301000000.0,20.48468669090324,,37.71744917709785,,485646000000.0,19.17121661322995,142908000.0,498369000000.0,2158033000000.0,55.22019357442635,378816149280.0,83.85474384110476,109.117733844792,113378000.0,-12723000000.0,15.20974471110634,-0.0503215975335329,80393000.0,966388000000.0,,,745430000.0,1672387000000.0,8.100708342204879,16.67600645401368,0.9744707235000571,530394000000.0,45.97820181991036,-4.390556564469605,29.0,30.0,False,False,13.05,-17.440556564469606,False,22.91983878190776,2025,True,False,True,True,public_40
TOASO,TOASO,2024,,"BIST TEMETTÜ (XTMTU), BIST SINAİ (XUSIN), BIST SÜRDÜRÜLEBİLİRLİK (XUSRD), BIST 100 (XU100), BIST 30 (XU030), BIST 50 (XU050), BIST KURUMSAL YÖNETİM (XKURY), BIST TÜM (XUTUM)",True,3.353841709705303,22.23247093443918,10321968000.0,42702328000.0,8.58257445454232,,30.92882730147747,,120393022000.0,11.11852852277629,13371873000.0,70790631000.0,173524206000.0,65.404684231778,89503937000.0,17.85178859832132,-17.69419066688774,5221439000.0,49602391000.0,4.34155472845401,0.4248732146475867,4122373000.0,60031247000.0,,17.1416,120266571000.0,53131184000.0,5.69262721520801,11.08547834838434,1.700691465795806,33530388000.0,96.28477451330848,24.76637874425418,12.0,72.5,False,False,13.05,11.71637874425418,True,5.322838113062161,2025,True,False,True,True,public_40
TRALT,TRALT,2024,,"BIST SINAİ (XUSIN), BIST 100 (XU100), BIST 30 (XU030), BIST 50 (XU050), BIST TÜM (XUTUM)",True,-3.714426935523127,419.1555028795424,1250045000.0,1137666000.0,14.30925420562459,,0.0388784215858179,,21578932000.0,34.18206668559236,2986118000.0,3946410000.0,47854309000.0,10.62407149166024,72312450000.0,89.7170827705784,103.6006302933842,603990000.0,17632522000.0,6.91386825886684,-3.616885138518708e-05,3865184000.0,42770233000.0,,119.7246,8735920000.0,26275377000.0,1.863507192176991,2.042453988227966,5.467990401402794,-18588129000.0,48.10395141993427,82.45770258236865,4.0,92.5,True,True,13.05,69.40770258236866,True,15.61699948796722,2025,True,False,True,True,public_40
TRMET,TRMET,2024,,"BIST 50 (XU050), BIST 100 (XU100), BIST TÜM (XUTUM), BIST SINAİ (XUSIN)",True,-3.74835400015265,36.37131488871179,798087000.0,1152742000.0,8.63991774136032,,0.2262563069562943,,22047357000.0,31.53599692374512,2913045000.0,4353759000.0,51629500000.0,10.66541608963868,28814940000.0,91.33461650327187,95.41235441195089,-1920810000.0,17693598000.0,-20.7942748056068,0.0106579768105391,-571441000.0,24531176000.0,,,9237206000.0,29582143000.0,-5.41056687674287,-11.57198110706798,5.063981952147558,-18514616000.0,46.43750886521524,46.8354430379747,6.0,87.5,False,True,13.05,33.7854430379747,True,75.03536067892503,2025,True,False,True,True,public_40
TSKB,TSKB,2024,,"BIST MALİ (XUMAL), BIST SÜRDÜRÜLEBİLİRLİK (XUSRD), BIST 100 (XU100), BIST 50 (XU050), BIST KURUMSAL YÖNETİM (XKURY), BIST TÜM (XUTUM)",True,2.791092340904628,-7.192336040138637,18955421095.0,66344431217.42105,15.98183165495174,,0.0,,98596299419.1579,21.48247707392389,29236805594.78947,77104957907.8421,353765203000.0,48.47849622928319,32643730000.0,7.193859483812521,10.33073241836171,2869690000.0,21491341511.31579,-0.2990060422181947,-0.7887426679987118,3568257000.0,47208439000.0,,11.3754,158447060900.7895,175400085449.7105,3.584559479409417,26.736070365376,1.605486929375312,-23263697000.0,10.87136317449177,-2.448657187993689,27.0,35.0,False,False,13.05,-15.49865718799369,False,86.56488549618322,2025,True,False,True,True,public_40
TTKOM,TTKOM,2024,,"BIST SÜRDÜRÜLEBİLİRLİK (XUSRD), BIST 100 (XU100), BIST 30 (XU030), BIST 50 (XU050), BIST KURUMSAL YÖNETİM (XKURY), BIST TÜM (XUTUM)",True,0.5855366637740594,107.6220462765998,61304634000.0,138277583000.0,37.92408440688991,,29.29029130747355,,115153435000.0,36.77491932972336,59446998000.0,75943922000.0,426658604000.0,50.20911402972668,152180000000.0,30.06242003116246,28.24838947763368,8456145000.0,39209513000.0,5.231114449470494,-0.2374683658187162,25284520000.0,212437099000.0,,17.9964,161650927000.0,311505169000.0,3.128928461245049,5.788249675427891,1.516295602958193,58027889000.0,14.48090871712209,30.09049773755655,9.0,80.0,False,True,13.05,17.04049773755655,True,78.48932676518882,2025,True,False,True,True,public_40
TUPRS,TUPRS,2024,,"BIST KATILIM TUM (XKTUM), BIST KATILIM TEMETTU (XKTMT), BIST TEMETTÜ (XTMTU), BIST SINAİ (XUSIN), BIST KATILIM 100 (XK100), BIST SÜRDÜRÜLEBİLİRLİK (XUSRD), BIST 100 (XU100), BIST 30 (XU030), BIST 50 (XU050), BIST KURUMSAL YÖNETİM (XKURY), BIST TÜM (XUTUM)",True,-0.9180811334325236,23.15142300268113,45326076000.0,52397648000.0,5.593149319432369,,8.488463737746601,,236931136000.0,8.394806744761606,68030304000.0,169748201000.0,591973843000.0,37.5262947217754,238731242423.7035,-8.77515909545678,-6.471318659694182,18315157000.0,67182935000.0,2.260054629698079,0.0694246752818893,35709966000.0,364099258000.0,,13.0346,810385588000.0,355042707000.0,4.976975859728014,6.489781990514341,1.395779952919796,-56987761000.0,-21.7184197533475,38.85542168674698,8.0,82.5,False,True,13.05,25.80542168674698,True,13.41892367217727,2025,True,False,True,True,public_40
TURSG,TURSG,2024,,"BIST MALİ (XUMAL), BIST TEMETTÜ (XTMTU), BIST SÜRDÜRÜLEBİLİRLİK (XUSRD), BIST 100 (XU100), BIST 50 (XU050), BIST KURUMSAL YÖNETİM (XKURY), BIST TÜM (XUTUM)",True,2.791092340904628,42.26301938949943,18955421095.0,2803105068.0,15.98183165495174,,10.7319460626569,,169011052934.0,21.48247707392389,29236805594.78947,124295686504.0,181850807021.0,69.89179407783587,44882095000.0,7.193859483812521,10.33073241836171,12780600278.0,44715366430.0,-0.2990060422181947,-0.7887426679987118,10267860592.31579,54752015449.0,,3.5117,158447060900.7895,12839754087.0,14.07327464035062,49.3881403713351,1.359749945373696,5925580834.0,10.87136317449177,41.94711538461539,7.0,85.0,False,True,13.05,28.897115384615383,True,97.79735682819384,2025,True,False,True,True,public_40
ULKER,ULKER,2024,,"BIST SINAİ (XUSIN), BIST SÜRDÜRÜLEBİLİRLİK (XUSRD), BIST 100 (XU100), BIST 50 (XU050), BIST TÜM (XUTUM)",True,1.847318019615186,-49.6782395674073,16098833000.0,45701313000.0,19.14296488802076,,45.20126362804732,,84906085000.0,28.90454611423886,25066360000.0,35289768000.0,126866763000.0,63.83947937569749,37253963556.0,-1.415500825938674,-9.786817409639673,7400518000.0,49616317000.0,8.799883583311015,-1.26826357918373,14278207000.0,43301842000.0,,5.034,84097908000.0,41960678000.0,7.595148464342303,23.65685234941014,2.405968919943027,34020277000.0,1.65963754151499,-1.44186895418872,25.0,40.0,False,False,13.05,-14.49186895418872,False,43.80198019801981,2025,True,False,True,True,public_40
VESTL,VESTL,2024,,,False,73219284000.0,,4715756000.0,,2.5241,,58554146000.0,,,20.8841,39018019000.0,,,34276667000.0,,75434056000.0,,-14425241000.0,,-7.721,155179873000.0,3357275000.0,,,,186831127000.0,,-6.3158,-24.6357,125525527000.0,228399157000.0,-52306243000.0,-59.7475,9.0,11.11111111111111,False,False,,,,54.1955,2025,True,False,False,True,training_only
AEFES,AEFES,2025,,"BIST TEMETTÜ (XTMTU), BIST SINAİ (XUSIN), BIST SÜRDÜRÜLEBİLİRLİK (XUSRD), BIST 100 (XU100), BIST 30 (XU030), BIST 50 (XU050), BIST KURUMSAL YÖNETİM (XKURY), BIST TÜM (XUTUM)",True,109123335000.0,1.032035162875319,38882735000.0,-20.89268768853682,16.21718690633272,147634286738.5578,108611239000.0,3.7969,22.48354066076161,37.6981855898891,91925944000.0,-22.83046081330746,47.04650365230977,88838123000.0,92250242738.5578,55384044000.0,1.400527017918382,8956856000.0,-47.83191133157794,3.67314389276124,304455084000.0,25729479000.0,-24.54185744697499,0.8494,10.2994,243847131000.0,-19.47576272020117,2.048200044157177,8.194206905394882,105736063000.0,413578419000.0,3387272000.0,,,,,,,,,-8.343057176196027,2026,False,True,True,True,public_40
AKSA,AKSA,2025,,,False,20701906000.0,,2922221000.0,,9.0069,,32724193000.0,,,15.1897,4928192000.0,,,10414186000.0,,21070143000.0,,4016418000.0,,12.3795,47771553000.0,2451352000.0,,,,32444223000.0,,5.8657,12.2735,24421489000.0,68473459000.0,-3719583000.0,,,,,,,,,-20.3752,2026,False,True,False,True,training_only
AKSEN,AKSEN,2025,,,False,19990857936.0,,9112320700.0,,21.4988,,59559759570.0,,,24.8783,10544729999.0,,,38221621378.0,,47547471537.0,,3652368390.0,,8.6171,109599597888.0,9109343349.0,,,,42385314361.0,,2.8184,6.1323,26237982428.0,129590455824.0,-6247124492.0,,,,,,,,,84.949,2026,False,True,False,True,training_only
ARCLK,ARCLK,2025,,"BIST SINAİ (XUSIN), BIST SÜRDÜRÜLEBİLİRLİK (XUSRD), BIST 100 (XU100), BIST 50 (XU050), BIST KURUMSAL YÖNETİM (XKURY), BIST TÜM (XUTUM)",True,338696844000.0,0.9554610569655252,33745465000.0,3.433315660307804,5.946729173984706,238029657705.0,73314458000.0,7.0537,44.36478872650538,28.78100341321868,150793267000.0,-5.145859859025417,86.05257181976896,128960818000.0,68248548705.0,169781109000.0,5.061858022676359,-8355688000.0,36.37131488871179,-1.394607791962152,223106307000.0,10494106000.0,-92.85026164722132,0.9309,,523933321000.0,-8.771631425953212,-1.544846094386245,-11.87045323071363,354485242000.0,561803151000.0,-15788398000.0,,,,,,,,,-29.86111111111111,2026,False,True,True,True,public_40
ASELS,ASELS,2025,,"BIST KATILIM TUM (XKTUM), BIST KATILIM TEMETTU (XKTMT), BIST TEMETTÜ (XTMTU), BIST KATILIM 100 (XK100), BIST SÜRDÜRÜLEBİLİRLİK (XUSRD), BIST 100 (XU100), BIST 30 (XU030), BIST 50 (XU050), BIST KURUMSAL YÖNETİM (XKURY), BIST TÜM (XUTUM)",True,207675087000.0,1.539681050431323,54694452000.0,28.28049981945516,30.31088187134404,1078636073320.0,281073867000.0,19.7211,10.94592663296361,31.82523745830986,57427030000.0,18.04049383933082,41.70580086030744,67399144000.0,1056551986320.0,22084087000.0,0.4090774860188352,29949517000.0,86.07414732856378,16.14686729357718,277343850000.0,49145855000.0,-11.78975802809784,3.759,35.2778,180444938000.0,15.02307482417689,6.939387462878921,11.95921991182251,134881888000.0,485018937000.0,72793199000.0,,,,,,,,,215.2380952380952,2026,False,True,True,True,public_40
ASTOR,ASTOR,2025,,"BIST TEMETTÜ (XTMTU), BIST SINAİ (XUSIN), BIST 100 (XU100), BIST 30 (XU030), BIST 50 (XU050), BIST KURUMSAL YÖNETİM (XKURY), BIST TÜM (XUTUM)",True,35814744751.0,2.068181255071998,10835153127.0,6.41772420881158,31.46031440264467,108741457296.0,33280133403.0,10.036,9.108880230216323,36.94966961725793,13039821956.0,8.196858113868407,34.33854869786933,87274088.0,116666201996.0,-7924744700.0,-0.7137746495835053,7668909328.0,16.5986998970833,21.73063918744103,14869686895.0,9777395430.0,13.19101273168103,3.5056,15.2129,35290767390.0,1.26805489174304,15.13070005709579,23.04350537041025,17317024155.0,50684431646.0,18497720596.0,,,,,,,,,-0.755581967908995,2026,False,True,True,True,public_40
BIMAS,BIMAS,2025,,"BIST KATILIM TUM (XKTUM), BIST KATILIM TEMETTU (XKTMT), BIST TEMETTÜ (XTMTU), BIST KATILIM 100 (XK100), BIST SÜRDÜRÜLEBİLİRLİK (XUSRD), BIST 100 (XU100), BIST 30 (XU030), BIST 50 (XU050), BIST TÜM (XUTUM)",True,111487229000.0,1.028888300504499,42582905000.0,47.27296403964636,6.0306308590673,199524474000.0,165584579000.0,4.6856,15.59520845282202,19.3390599066872,139446710000.0,17.30763630076695,50.57739225089362,62641837000.0,160950000000.0,38574474000.0,0.8870831980172851,18632108000.0,-23.41486500961707,2.583979591916266,226606155000.0,15946069000.0,129.7852469748412,0.972,8.6383,721062506000.0,6.027242848535775,5.761307364417715,11.66086578672868,108356980000.0,338093384000.0,3130249000.0,,,,,,,,,3.541445527356956,2026,False,True,True,True,public_40
BRSAN,BRSAN,2025,,"BIST 50 (XU050), BIST 100 (XU100), BIST TÜM (XUTUM), BIST SINAİ (XUSIN)",True,37468163000.0,1.179794213271216,5040160000.0,102.5209895151026,6.683178459815643,86476299165.4,37734876000.0,17.1575,17.39562312814938,8.412569862143778,6011082000.0,66.65115047609014,50.47069532323828,6693874000.0,78683228165.4,7793071000.0,1.631930300688742,1271661000.0,36.37131488871179,1.779702390262455,38718806000.0,3066266000.0,79.38765433254392,2.0852,61.8744,71453576000.0,29.76068677868155,1.932233400896467,3.749371492218223,31758219000.0,76186969000.0,5709944000.0,,,,,,,,,28.69565217391303,2026,False,True,True,True,public_40
BTCIM,BTCIM,2025,,"BIST SINAİ (XUSIN), BIST SÜRDÜRÜLEBİLİRLİK (XUSRD), BIST 100 (XU100), BIST 50 (XU050), BIST KURUMSAL YÖNETİM (XKURY), BIST TÜM (XUTUM)",True,5185641000.0,1.021778632668599,1218944000.0,-35.11179976139319,9.50418570077028,26617948000.0,21862295000.0,21.8369,15.65830993956671,10.07374444547784,1439486000.0,-31.03825916740164,30.35762841529901,5724291000.0,21259800000.0,5358148000.0,3.945329464199591,-228757000.0,36.37131488871179,-1.600876672724969,30388294000.0,-88634000.0,-1.794588086708604,0.9724,,14289483000.0,-18.77374383654299,-0.6355502453426706,-1.040132352621223,5075112000.0,35573935000.0,110529000.0,,,,,,,,,-14.95535714285715,2026,False,True,True,True,public_40
CANTE,CANTE,2025,,"BIST KATILIM TUM (XKTUM), BIST KATILIM 100 (XK100), BIST 100 (XU100), BIST 50 (XU050), BIST KURUMSAL YÖNETİM (XKURY), BIST TÜM (XUTUM)",True,4631084706.0,2.221696571253344,1173389304.0,-26.67562234081124,19.04824351573106,14167895716.0,27934207290.0,12.0743,2.189742354816806,6.2713439652927,386320551.0,-70.73381430272273,6.990125871218335,77456863.0,14000000000.0,167895716.0,0.0774815411819912,-1708553002.0,36.37131488871179,-27.73583629123429,26297371946.0,-852791069.0,-1.794588086708604,0.5012,,6160091890.0,-22.89678476982552,-5.278277952663968,-5.958179929072846,2084481187.0,30928456652.0,2546603519.0,,,,,,,,,20.48192771084338,2026,False,True,True,True,public_40
CCOLA,CCOLA,2025,,"BIST TEMETTÜ (XTMTU), BIST SINAİ (XUSIN), BIST SÜRDÜRÜLEBİLİRLİK (XUSRD), BIST 100 (XU100), BIST 50 (XU050), BIST KURUMSAL YÖNETİM (XKURY), BIST TÜM (XUTUM)",True,73616867000.0,1.153209402274213,32793783000.0,4.141241429103645,17.58139885439455,187439024323.4344,75839768000.0,5.7157,27.31983046048931,35.56278859692421,66568033000.0,4.666509549579987,54.59206357752095,40311689000.0,161845841323.4344,25593183000.0,0.7776800523226375,14072351000.0,-27.42292036550663,7.517903430836165,117158486000.0,25155601000.0,1.764301224034896,2.134,11.501,187184514000.0,3.866631491881777,7.311765140987912,19.25950290152667,63836513000.0,190775353000.0,9780354000.0,,,,,,,,,2.47472987103518,2026,False,True,True,True,public_40
CIMSA,CIMSA,2025,,"BIST KATILIM TUM (XKTUM), BIST KATILIM TEMETTU (XKTMT), BIST TEMETTÜ (XTMTU), BIST SINAİ (XUSIN), BIST KATILIM 100 (XK100), BIST SÜRDÜRÜLEBİLİRLİK (XUSRD), BIST 100 (XU100), BIST 50 (XU050), BIST TÜM (XUTUM)",True,22471348000.0,0.9648189381351155,9100666000.0,2.671449127561783,19.82421391471276,66677709098.8903,34760766000.0,7.3267,30.66873480197315,19.58609678444503,8991354000.0,-7.160370550343541,51.39651087197351,24490970000.0,43301607098.8903,23376102000.0,2.567749369200244,3102162000.0,80.40531978700578,6.75751896466623,70495490000.0,4927024000.0,-56.33857262022366,1.2457,13.9585,45906819000.0,-0.1833223592780139,4.011230183763919,9.337384338514578,23290741000.0,92966838000.0,-819393000.0,,,,,,,,,-3.686826843413414,2026,False,True,True,True,public_40
DOAS,DOAS,2025,,"BIST TEMETTÜ (XTMTU), BIST SÜRDÜRÜLEBİLİRLİK (XUSRD), BIST 100 (XU100), BIST 50 (XU050), BIST KURUMSAL YÖNETİM (XKURY), BIST TÜM (XUTUM)",True,66090470000.0,1.433344438113349,14864838000.0,-32.83493887197043,5.753824987408557,63525275980.0,67148466000.0,4.2735,23.57945157557572,12.48121428891066,31924555000.0,-19.32542887566231,47.75630373688362,16150209000.0,38340699980.0,25184576000.0,1.711236295100516,3141080000.0,-68.39225848416312,1.228035679075605,64278669000.0,11506149000.0,-45.88322780871864,0.571,12.2062,255780842000.0,3.736515503942652,2.502214275776582,4.516868896495486,46109273000.0,130369139000.0,19981197000.0,,,,,,,,,10.66007765619486,2026,False,True,True,True,public_40
DOHOL,DOHOL,2025,,,False,114038312000.0,,5189804000.0,,5.5399,,83723185000.0,,,18.1254,16979941000.0,,,14772372000.0,,25890013000.0,,1792287000.0,,1.9132,70557881000.0,3937392000.0,,,,93680389000.0,,0.9709,2.1407,72453052000.0,184596193000.0,41585260000.0,,,,,,,,,18.8658,2026,False,True,False,True,training_only
DSTKF,DSTKF,2025,,"BIST MALİ (XUMAL), BIST HALKA ARZ (XHARZ), BIST 100 (XU100), BIST 30 (XU030), BIST 50 (XU050), BIST TÜM (XUTUM)",True,98596299419.1579,1.605486929375312,3169731000.0,5.603630940958229,45.18637325629234,177512983815.0,12206297000.0,56.0025,0.0,45.18637325629234,3169731000.0,5.603630940958229,74.83010164939655,66344431217.42105,184999999815.0,-7487016000.0,-2.362035137997514,3765780000.0,78.40787958896517,53.68340110914163,175400085449.7105,10267860592.31579,-1.794588086708604,15.1561,49.1266,7014794000.0,42.99557933970183,10.43508231345989,44.82459892971745,77104957907.8421,48495615000.0,21491341511.31579,,,,,,,,,24.90409759095856,2026,False,True,True,True,public_40
EKGYO,EKGYO,2025,,,False,302689071000.0,,22742856000.0,,22.7818,,129708658000.0,,,27.8703,27822734000.0,,,49679997000.0,,32612720000.0,,6002283000.0,,6.0126,32500873000.0,22238835000.0,,,,99829173000.0,,1.7907,4.6275,155801289000.0,335189944000.0,146887782000.0,,,,,,,,,54.135,2026,False,True,False,True,training_only
ENKAI,ENKAI,2025,,"BIST TEMETTÜ (XTMTU), BIST SÜRDÜRÜLEBİLİRLİK (XUSRD), BIST 100 (XU100), BIST 30 (XU030), BIST 50 (XU050), BIST KURUMSAL YÖNETİM (XKURY), BIST TÜM (XUTUM)",True,275272393000.0,3.788457272327595,33943633000.0,47.64039657864126,21.68823759350582,213896968199.9999,373216949000.0,6.3015,1.400828177627218,23.68601908721001,37070303000.0,46.56788617505266,23.02375482189342,40860038000.0,427167479199.9999,-213270511000.0,-6.283078508420121,36183302000.0,46.54527550245396,23.11927101891463,217787292000.0,28883252000.0,49.57237112784911,1.1446,11.8057,156507106000.0,55.66433152590219,8.448411262472474,11.08837513836718,72660815000.0,493059685000.0,202611578000.0,,,,,,,,,66.11323967645811,2026,False,True,True,True,public_40
EREGL,EREGL,2025,,"BIST KATILIM TUM (XKTUM), BIST KATILIM 100 (XK100), BIST SINAİ (XUSIN), BIST SÜRDÜRÜLEBİLİRLİK (XUSRD), BIST 100 (XU100), BIST 30 (XU030), BIST 50 (XU050), BIST KURUMSAL YÖNETİM (XKURY), BIST TÜM (XUTUM)",True,257051476000.0,2.030442529268359,21247488000.0,41.00850850002011,9.751198658513776,195974516000.0,295496351000.0,9.2234,26.98363686716349,8.051656729554823,18564675000.0,26.42180562329629,47.1433832273448,145298849000.0,164503241000.0,31471275000.0,1.421219019628917,511801000.0,-9.975163524387357,0.6431381151065027,319694560000.0,9951865000.0,27.92386642366773,0.5567,321.4203,208909904000.0,11.46748113494189,0.0909798329361811,0.1712703905523716,126598745000.0,576746036000.0,130452731000.0,,,,,,,,,-1.854140914709518,2026,False,True,True,True,public_40
FROTO,FROTO,2025,,"BIST TEMETTÜ (XTMTU), BIST SINAİ (XUSIN), BIST SÜRDÜRÜLEBİLİRLİK (XUSRD), BIST 100 (XU100), BIST 30 (XU030), BIST 50 (XU050), BIST KURUMSAL YÖNETİM (XKURY), BIST TÜM (XUTUM)",True,223456658000.0,1.237140354858528,59808596000.0,-0.1511537551296903,6.271463672611017,413523762779.5,156020689000.0,6.9141,36.19666292094078,8.351153740036807,69383718000.0,-2.92294296792062,65.38876319946884,114136231000.0,314330246779.5,99193516000.0,1.903720927590312,33986135000.0,-33.1892995026332,4.090634612786905,227323792000.0,42603202000.0,12.29578595606876,2.0147,9.2488,830827933000.0,6.680383640373072,7.737341445446545,22.15242087125068,180623530000.0,450780450000.0,42833128000.0,,,,,,,,,6.727335560419306,2026,False,True,True,True,public_40
GUBRF,GUBRF,2025,,"BIST KATILIM TUM (XKTUM), BIST KATILIM 100 (XK100), BIST SINAİ (XUSIN), BIST 100 (XU100), BIST 30 (XU030), BIST 50 (XU050), BIST TÜM (XUTUM)",True,39694704626.0,1.475274602025875,11196898709.0,89.41980288970892,21.06398669758667,115826223247.0,29796931094.0,10.3445,14.98325300864524,24.79583218107864,13016859536.0,77.1064392126098,44.202511570063,1586839964.0,116232000000.0,-405776753.0,-0.0366960281885557,5275520771.0,36.37131488871179,10.04934618398041,24766553049.0,9569918057.0,133.6691821284864,3.9008,22.0323,52496159197.0,31.15151354937974,8.968972743435701,17.70491314812718,26906654918.0,64461257675.0,12788049708.0,,,,,,,,,21.67832167832169,2026,False,True,True,True,public_40
HEKTS,HEKTS,2025,,"BIST SINAİ (XUSIN), BIST SÜRDÜRÜLEBİLİRLİK (XUSRD), BIST 100 (XU100), BIST 50 (XU050), BIST TÜM (XUTUM)",True,6182316144.0,0.529056677213061,-1985223024.0,10.33073241836171,-32.39638983746978,33926676052.0,13955964667.0,,35.77778203643693,-9.6812306836879,-593257525.0,7.193859483812521,49.96620939080297,2170037377.0,25795800000.0,8130876052.0,2.791092340904628,-4046103535.0,36.37131488871179,-66.02741649576222,21547590841.0,-3153565149.0,-1.794588086708604,1.8484,,6127914357.0,-3.810143133367588,-13.65881106274164,-28.99193020004799,11685546011.0,27729906985.0,-5503229867.0,,,,,,,,,-21.73913043478261,2026,False,True,True,True,public_40
KCHOL,KCHOL,2025,,,False,3016408000000.0,,134594000000.0,,4.8814,,677349000000.0,,,17.0223,469354000000.0,,,765416000000.0,,1129752000000.0,,22001000000.0,,0.7979,2301192000000.0,104094000000.0,,,,2757295000000.0,,0.4137,3.2481,3459611000000.0,5317600000000.0,-443203000000.0,,,,,,,,,-1.0763,2026,False,True,False,True,training_only
KONTR,KONTR,2025,,"BIST KATILIM TUM (XKTUM), BIST KATILIM 100 (XK100), BIST SÜRDÜRÜLEBİLİRLİK (XUSRD), BIST 100 (XU100), BIST 50 (XU050), BIST KURUMSAL YÖNETİM (XKURY), BIST TÜM (XUTUM)",True,17825476318.0,0.9648147645345296,1488567857.0,-76.52379336892136,8.811678000327845,29207101204.0,5841442148.0,19.6209,39.41788384120797,7.396516373902166,1249502822.0,-32.02076101617211,80.42298659547971,11542815260.0,14976000000.0,14231101204.0,40.60601758753926,-730196565.0,36.37131488871179,-4.322447900153376,19500118225.0,714905461.0,-19.74615179899992,2.5638,,16893125883.0,30.26187109031774,-2.066635726658783,-12.52912652878136,18475542636.0,37325594543.0,-650066318.0,,,,,,,,,-42.22668004012037,2026,False,True,True,True,public_40
KRDMD,KRDMD,2025,,"BIST KATILIM TUM (XKTUM), BIST KATILIM 100 (XK100), BIST SINAİ (XUSIN), BIST 100 (XU100), BIST 30 (XU030), BIST 50 (XU050), BIST TÜM (XUTUM)",True,36570658485.0,1.421263182175259,6833798117.0,24.68840194551919,10.24266066016348,34564852927.0,84652617584.0,5.0579,6.858882213245589,7.772462788765722,5185707438.0,29.77258990220634,33.36784730935516,16660987790.0,28796400000.0,5768452927.0,0.8441064292856693,-1679514697.0,36.37131488871179,-2.517296943896286,90474046455.0,1223249120.0,-1.794588086708604,0.3402,,66718974139.0,-9.783235373406711,-1.433425974012343,-2.210207121736284,25731095369.0,127044704940.0,10839563116.0,,,,,,,,,-9.136690647482013,2026,False,True,True,True,public_40
KUYAS,KUYAS,2025,,"BIST KATILIM TUM (XKTUM), BIST GERİ ALIM (XUGRA), BIST KATILIM 100 (XK100), BIST 100 (XU100), BIST 50 (XU050), BIST TÜM (XUTUM)",True,3430358473.0,1.024097507273771,-106367774.0,-84.57395728320287,-8.939049854751266,22063098337.0,1433769960.0,,52.02470310122926,22.19864082839775,264146643.0,-66.80823364251552,71.5307211596518,254450664.0,21400000000.0,663098337.0,6.230971276860584,-1311891342.0,36.37131488871179,-110.2501412707438,1608163567.0,-113579798.0,-1.794588086708604,14.9257,,1189922595.0,-18.9303538799043,-26.03722543208325,-91.49943007593772,3349640487.0,5038522040.0,80717986.0,,,,,,,,,162.2549019607843,2026,False,True,True,True,public_40
MAVI,MAVI,2025,,"BIST KATILIM TUM (XKTUM), BIST KATILIM TEMETTU (XKTMT), BIST GERİ ALIM (XUGRA), BIST TEMETTÜ (XTMTU), BIST KATILIM 100 (XK100), BIST SÜRDÜRÜLEBİLİRLİK (XUSRD), BIST 100 (XU100), BIST 50 (XU050), BIST TÜM (XUTUM)",True,17960054000.0,1.634224377240455,9081316000.0,-3.504101612681764,18.52316393832699,29219355122.816,13887148000.0,3.2175,16.53607965288347,50.9920748532801,24338115000.0,-3.834810812143546,48.36575576533898,2059788000.0,33276600122.816,-4057245000.0,-0.4589145296438396,2293527000.0,-35.55564234828147,4.805289993165821,9021317000.0,5644768000.0,-10.7415742987154,2.3962,14.5089,47729211000.0,-5.160630603014495,8.725915652986043,16.84454707815546,10989956000.0,26981371000.0,6970098000.0,,,,,,,,,2.593116454502592,2026,False,True,True,True,public_40
MGROS,MGROS,2025,,"BIST TEMETTÜ (XTMTU), BIST SÜRDÜRÜLEBİLİRLİK (XUSRD), BIST 100 (XU100), BIST 30 (XU030), BIST 50 (XU050), BIST KURUMSAL YÖNETİM (XKURY), BIST TÜM (XUTUM)",True,76260429000.0,0.7922389875504489,7817475000.0,32.13690929020486,1.893968076751628,97766870190.9817,79034025000.0,12.5062,15.17379160767878,24.31140376010957,100346882000.0,13.02017943116364,61.870667172833,33411199000.0,93875603190.9817,3891267000.0,0.142432880228243,6467130000.0,-22.06601997344972,1.566815086482881,133322850000.0,-8252604000.0,-1.794588086708604,1.1878,14.5158,412756429000.0,7.339362780741634,3.185791233070391,8.396291868531357,96259374000.0,209583279000.0,-19998945000.0,,,,,,,,,-0.9900990099009874,2026,False,True,True,True,public_40
MIATK,MIATK,2025,,"BIST 50 (XU050), BIST 100 (XU100), BIST TÜM (XUTUM), BIST GERİ ALIM (XUGRA)",True,2804219729.0,1.847614586640199,1091365121.0,-46.32359136365828,39.58470984804799,19868095659.0,5462068845.0,18.2048,15.20021039427611,33.89222851654659,934421301.0,-53.81436821230893,23.79852632834255,189212159.0,19473479012.0,394616647.0,0.3330521153494236,-729884911.0,36.37131488871179,-26.47352555845821,4368340418.0,691765143.0,-66.18290504276872,3.5652,,2757037061.0,-18.4632630319098,-9.503758464989737,-12.51327753441295,1517751456.0,7172560147.0,1286468273.0,,,,,,,,,-6.008583690987109,2026,False,True,True,True,public_40
ODAS,ODAS,2025,,,False,7548750555.0,,-237720505.0,,-2.6673,,15541633782.0,,,18.2381,1625469691.0,,,1535574601.0,,259239316.0,,467121801.0,,5.2412,33846340022.0,-382111001.0,,,,8912508577.0,,1.1284,3.0056,3894376055.0,41395090577.0,3654374500.0,,,,,,,,,-15.9204,2026,False,True,False,True,training_only
OYAKC,OYAKC,2025,,"BIST SINAİ (XUSIN), BIST SÜRDÜRÜLEBİLİRLİK (XUSRD), BIST 100 (XU100), BIST 50 (XU050), BIST KURUMSAL YÖNETİM (XKURY), BIST TÜM (XUTUM)",True,32616470000.0,2.245142546875693,14844643000.0,-12.17881435726,25.92493396896896,101418303101.9758,62952207000.0,6.832,5.204040211322213,26.69626129246687,15084082000.0,-8.771722919867184,21.60107654947487,2817506000.0,112012554101.9758,-10594251000.0,-0.7232428666281365,8762754000.0,-6.595613526716291,15.50858517114991,47680815000.0,11347996000.0,-20.4234249453016,1.7793,12.7828,56502601000.0,-2.843358548763253,11.36779242365375,14.28705636246257,14527572000.0,80297285000.0,18088898000.0,,,,,,,,,0.3484320557491287,2026,False,True,True,True,public_40
PASEU,PASEU,2025,,"BIST KATILIM TUM (XKTUM), BIST KATILIM 100 (XK100), BIST 100 (XU100), BIST 50 (XU050), BIST TÜM (XUTUM)",True,2441036711.0,1.762515713844014,157789000.0,-69.3315128585281,6.43377266693046,91743961900.0,3509231734.0,,13.60982571684231,12.39932151276219,304094758.0,-26.96451676198998,35.89757875605284,576638214.0,91056000000.0,687961900.0,7.64164761536178,1099516599.0,307.216862353112,44.83227500955415,3023429980.0,139948218.0,-57.38126719034544,25.9476,82.8146,2452511274.0,25.73359184553655,20.12120598723584,31.33211717958322,1384973020.0,5464466691.0,1056063691.0,,,,,,,,,363.7234770704997,2026,False,True,True,True,public_40
PETKM,PETKM,2025,,"BIST KATILIM TUM (XKTUM), BIST KATILIM 100 (XK100), BIST SINAİ (XUSIN), BIST SÜRDÜRÜLEBİLİRLİK (XUSRD), BIST 100 (XU100), BIST 30 (XU030), BIST 50 (XU050), BIST TÜM (XUTUM)",True,30835350000.0,0.5605728391280381,-7113451000.0,10.33073241836171,-7.985862024818571,87661091000.0,63962607000.0,,33.97639466005374,-3.45339747303963,-3076133000.0,7.193859483812521,57.73354863939424,32362396000.0,41133312000.0,46527779000.0,2.791092340904628,-10233898000.0,36.37131488871179,-11.48900827517709,120496510000.0,-13090044000.0,-1.794588086708604,0.6431,,89075556000.0,-12.05477756044882,-6.538488900798079,-15.99981376618999,55006857000.0,151331860000.0,-24171507000.0,,,,,,,,,-9.833333333333329,2026,False,True,True,True,public_40
PGSUS,PGSUS,2025,,"BIST SÜRDÜRÜLEBİLİRLİK (XUSRD), BIST 100 (XU100), BIST 30 (XU030), BIST 50 (XU050), BIST KURUMSAL YÖNETİM (XKURY), BIST TÜM (XUTUM)",True,90234819051.0,1.025165209759327,30723195047.0,16.78114508964414,19.93361612583221,257208089312.0,116853871107.0,8.3718,56.85101508601036,16.99614920673892,26195749122.0,5.054118977448702,71.51074411297557,205294556815.0,95849998500.0,161358090812.0,4.349742212839163,13750218852.0,3.498425767369621,8.921324224991801,319933391626.0,11707541095.0,-43.73327841778256,0.8203,6.9708,154127554444.0,37.83230006279612,3.964049302414276,11.76702040055591,88019782755.0,410168210677.0,2215036296.0,,,,,,,,,-11.08534322820037,2026,False,True,True,True,public_40
SAHOL,SAHOL,2025,,,False,,,,,,,361227167000.0,,,,,,,,,,,3793369000.0,,0.7125,,,,,,532410558000.0,,0.0925,1.0501,,4101380927000.0,,,,,,,,,,-8.9912,2026,False,True,False,True,training_only
SASA,SASA,2025,,"BIST GERİ ALIM (XUGRA), BIST SINAİ (XUSIN), BIST SÜRDÜRÜLEBİLİRLİK (XUSRD), BIST 100 (XU100), BIST 30 (XU030), BIST 50 (XU050), BIST TÜM (XUTUM)",True,29764003000.0,0.440977983105229,7602301000.0,-36.1765306482191,14.31172846774916,136385942241.498,154302052000.0,17.9401,38.28726296937282,6.709464984877364,3564026000.0,-68.43844594308584,51.86680882749239,98775585000.0,14722768241.498,121663174000.0,18.61610540302832,-21985556000.0,36.37131488871179,-41.38895680195948,290809074000.0,1057482000.0,-86.00212771280404,0.0954,,53119377000.0,-16.46670886468292,-7.039300736462891,-14.06973223884016,67495440000.0,320573077000.0,-37731437000.0,,,,,,,,,-32.02933985330073,2026,False,True,True,True,public_40
SISE,SISE,2025,,"BIST MALİ (XUMAL), BIST TEMETTÜ (XTMTU), BIST SÜRDÜRÜLEBİLİRLİK (XUSRD), BIST 100 (XU100), BIST 30 (XU030), BIST 50 (XU050), BIST KURUMSAL YÖNETİM (XKURY), BIST TÜM (XUTUM)",True,141493818000.0,1.259895435151324,22132122000.0,32.94615882172624,9.857219022961416,236830996673.4794,242571375000.0,10.7008,31.94177622544928,27.60643852787815,61983919000.0,12.68328123076104,46.88462560953898,125367407000.0,116057770673.4794,120773226000.0,6.413439282623113,9877537000.0,50.25230579952713,4.399263912263146,365438689000.0,4741396000.0,-1.794588086708604,0.4784,11.7497,224527039000.0,-7.572163029310458,1.9194076947098,4.063845010275606,112306001000.0,506932507000.0,29187817000.0,,,,,,,,,-6.115459882583167,2026,False,True,True,True,public_40
SMRTG,SMRTG,2025,,,False,13362253830.0,,1677129403.0,,15.8504,,4633827218.0,,,23.9788,2537199342.0,,,3586037730.0,,8436575020.0,,-434718338.0,,-4.1085,11985492991.0,1641703423.0,,,,10581001663.0,,-1.715,-9.3814,17137984651.0,25347746821.0,-3775730821.0,,,,,,,,,-43.4055,2026,False,True,False,True,training_only
TAVHL,TAVHL,2025,,"BIST MALİ (XUMAL), BIST SÜRDÜRÜLEBİLİRLİK (XUSRD), BIST 100 (XU100), BIST 30 (XU030), BIST 50 (XU050), BIST KURUMSAL YÖNETİM (XKURY), BIST TÜM (XUTUM)",True,38208657000.0,0.7831278730643036,25678404000.0,15.45370882081574,31.25750476280531,196229400812.5,77122493000.0,7.6418,41.69603208434764,40.3241541410174,33126762000.0,18.10960866378882,68.3978096745024,119625419000.0,108348632812.5,87880768000.0,3.404189463877771,2815880000.0,36.37131488871179,3.427681195119767,208020317000.0,16719282000.0,-13.74530205691223,1.4049,38.4777,82151164000.0,27.5773157445726,0.7098587650598988,3.538668017248826,48789806000.0,246228974000.0,-10581149000.0,,,,,,,,,7.866184448462917,2026,False,True,True,True,public_40
TCELL,TCELL,2025,,"BIST GERİ ALIM (XUGRA), BIST TEMETTÜ (XTMTU), BIST SÜRDÜRÜLEBİLİRLİK (XUSRD), BIST 100 (XU100), BIST 30 (XU030), BIST 50 (XU050), BIST TÜM (XUTUM)",True,156628647000.0,1.702662888620426,136785848000.0,13.34124300256748,59.72808865061437,219708298600.0,259333069000.0,1.6062,31.69351508073854,29.84372201116041,68346383000.0,26.95675700175241,48.19273991282052,149249359000.0,204819995600.0,14888303000.0,0.1419735100634885,17604007000.0,-42.82623661516906,7.290324738656519,343944185000.0,73436427000.0,58.38199528363608,0.7898,11.6349,229014273000.0,10.68517959041351,3.701418776970394,6.984914421986608,91990404000.0,500572832000.0,64638243000.0,,,,,,,,,0.8121277747698912,2026,False,True,True,True,public_40
THYAO,THYAO,2025,,"BIST GERİ ALIM (XUGRA), BIST SÜRDÜRÜLEBİLİRLİK (XUSRD), BIST 100 (XU100), BIST 30 (XU030), BIST 50 (XU050), BIST TÜM (XUTUM)",True,485646000000.0,0.9744707235000571,184811000.0,109.117733844792,19.34237737997555,900924000000.0,966388000000.0,,37.71744917709785,16.28095852102416,155560000.0,83.85474384110476,55.22019357442635,693301000000.0,370530000000.0,530394000000.0,3.132661197441395,118208000.0,36.37131488871179,12.37168645444346,1672387000000.0,90129000.0,-1.794588086708604,0.3834,,955472000.0,45.97820181991036,5.920034856729327,12.97246993597609,498369000000.0,2158033000000.0,-12723000000.0,,,,,,,,,-4.390556564469605,2026,False,True,True,True,public_40
TOASO,TOASO,2025,,"BIST TEMETTÜ (XTMTU), BIST SINAİ (XUSIN), BIST SÜRDÜRÜLEBİLİRLİK (XUSRD), BIST 100 (XU100), BIST 30 (XU030), BIST 50 (XU050), BIST KURUMSAL YÖNETİM (XKURY), BIST TÜM (XUTUM)",True,120393022000.0,1.700691465795806,11086099000.0,-17.69419066688774,3.009106587171032,149069069000.0,60031247000.0,13.4465,30.92882730147747,6.208464046865368,20627311000.0,17.85178859832132,65.404684231778,42702328000.0,115538681000.0,33530388000.0,3.353841709705303,8353933000.0,22.23247093443918,2.514389426737307,53131184000.0,3605149000.0,-33.18688181887259,1.9246,13.8305,319413508000.0,96.28477451330848,5.69262721520801,13.73057641616031,70790631000.0,173524206000.0,49602391000.0,,,,,,,,,24.76637874425418,2026,False,True,True,True,public_40
TRALT,TRALT,2025,,"BIST SINAİ (XUSIN), BIST 100 (XU100), BIST 30 (XU030), BIST 50 (XU050), BIST TÜM (XUTUM)",True,21578932000.0,5.467990401402794,4881775000.0,103.6006302933842,29.54978831918221,112650321000.0,42770233000.0,23.0757,0.0388784215858179,43.78628211933192,7415280000.0,89.7170827705784,10.62407149166024,1137666000.0,131238450000.0,-18588129000.0,-3.714426935523127,4104324000.0,419.1555028795424,24.23550945792268,26275377000.0,3865184000.0,-1.794588086708604,3.0685,31.9757,16935167000.0,48.10395141993427,9.092590454967034,10.07475150417127,3946410000.0,47854309000.0,17632522000.0,,,,,,,,,82.45770258236865,2026,False,True,True,True,public_40
TRMET,TRMET,2025,,"BIST 50 (XU050), BIST 100 (XU100), BIST TÜM (XUTUM), BIST SINAİ (XUSIN)",True,22047357000.0,5.063981952147558,4805373000.0,95.41235441195089,27.89760491382912,22000936776.16,24531176000.0,4.5784,0.2262563069562943,41.20480016925853,7295499000.0,91.33461650327187,10.66541608963868,1152742000.0,40515552776.16,-18514616000.0,-3.74835400015265,1951629000.0,36.37131488871179,11.02275292608907,29582143000.0,3632144000.0,-1.794588086708604,1.6516,20.7599,17705459000.0,46.43750886521524,3.978949679114281,8.290058886323854,4353759000.0,51629500000.0,17693598000.0,,,,,,,,,46.8354430379747,2026,False,True,True,True,public_40
TSKB,TSKB,2025,,"BIST MALİ (XUMAL), BIST SÜRDÜRÜLEBİLİRLİK (XUSRD), BIST 100 (XU100), BIST 50 (XU050), BIST KURUMSAL YÖNETİM (XKURY), BIST TÜM (XUTUM)",True,98596299419.1579,1.605486929375312,18955421095.0,10.33073241836171,15.98183165495174,9727305800.0,47208439000.0,0.5132,0.0,21.48247707392389,29236805594.78947,7.193859483812521,48.47849622928319,66344431217.42105,32991002800.0,-23263697000.0,2.791092340904628,2869690000.0,-7.192336040138637,-0.2990060422181947,175400085449.7105,3568257000.0,2.251842936663156,0.6988,11.4964,158447060900.7895,10.87136317449177,3.584559479409417,26.736070365376,77104957907.8421,353765203000.0,21491341511.31579,,,,,,,,,-2.448657187993689,2026,False,True,True,True,public_40
TTKOM,TTKOM,2025,,"BIST SÜRDÜRÜLEBİLİRLİK (XUSRD), BIST 100 (XU100), BIST 30 (XU030), BIST 50 (XU050), BIST KURUMSAL YÖNETİM (XKURY), BIST TÜM (XUTUM)",True,115153435000.0,1.516295602958193,95925540000.0,28.24838947763368,39.60124068409537,259277889000.0,212437099000.0,2.7029,29.29029130747355,41.78019787529404,101203598000.0,30.06242003116246,50.20911402972668,138277583000.0,201250000000.0,58027889000.0,0.5855366637740594,22980532000.0,107.6220462765998,9.487124896878928,311505169000.0,48723669000.0,47.22144526187354,0.9473,8.7574,242228623000.0,14.48090871712209,5.889392574205804,11.38609016358772,75943922000.0,426658604000.0,39209513000.0,,,,,,,,,30.09049773755655,2026,False,True,True,True,public_40
TUPRS,TUPRS,2025,,"BIST KATILIM TUM (XKTUM), BIST KATILIM TEMETTU (XKTMT), BIST TEMETTÜ (XTMTU), BIST SINAİ (XUSIN), BIST KATILIM 100 (XK100), BIST SÜRDÜRÜLEBİLİRLİK (XUSRD), BIST 100 (XU100), BIST 30 (XU030), BIST 50 (XU050), BIST KURUMSAL YÖNETİM (XKURY), BIST TÜM (XUTUM)",True,236931136000.0,1.395779952919796,56272759000.0,-6.471318659694182,7.475429238445643,284317136802.8532,364099258000.0,5.0525,8.488463737746601,9.782823895353404,81232278000.0,-8.77515909545678,37.5262947217754,52397648000.0,341304897802.8532,-56987761000.0,-0.9180811334325236,29523183000.0,23.15142300268113,3.555484435870324,355042707000.0,41646897000.0,-10.89950728784015,0.9374,11.5606,830356131000.0,-21.7184197533475,4.976975859728014,8.049986147718345,169748201000.0,591973843000.0,67182935000.0,,,,,,,,,38.85542168674698,2026,False,True,True,True,public_40
TURSG,TURSG,2025,,"BIST MALİ (XUMAL), BIST TEMETTÜ (XTMTU), BIST SÜRDÜRÜLEBİLİRLİK (XUSRD), BIST 100 (XU100), BIST 50 (XU050), BIST KURUMSAL YÖNETİM (XKURY), BIST TÜM (XUTUM)",True,169011052934.0,1.359749945373696,18955421095.0,10.33073241836171,15.98183165495174,124025580834.0,54752015449.0,6.543,10.7319460626569,21.48247707392389,29236805594.78947,7.193859483812521,69.89179407783587,2803105068.0,118100000000.0,5925580834.0,2.791092340904628,19527051640.0,42.26301938949943,-0.2990060422181947,12839754087.0,10267860592.31579,-1.794588086708604,2.157,6.048,158447060900.7895,10.87136317449177,12.62595666179901,49.3881403713351,124295686504.0,181850807021.0,44715366430.0,,,,,,,,,41.94711538461539,2026,False,True,True,True,public_40
ULKER,ULKER,2025,,"BIST SINAİ (XUSIN), BIST SÜRDÜRÜLEBİLİRLİK (XUSRD), BIST 100 (XU100), BIST 50 (XU050), BIST TÜM (XUTUM)",True,84906085000.0,2.405968919943027,19187702000.0,-9.786817409639673,16.45690779059209,70956277000.0,43301842000.0,3.698,45.20126362804732,28.90454611423886,32345517000.0,-1.415500825938674,63.83947937569749,45701313000.0,36936000000.0,34020277000.0,1.847318019615186,4874523000.0,-49.6782395674073,4.35596298672295,41960678000.0,16735605000.0,-10.45248460089899,0.853,7.5774,111904601000.0,1.65963754151499,3.832098465181642,11.57176271524665,35289768000.0,126866763000.0,49616317000.0,,,,,,,,,-1.44186895418872,2026,False,True,True,True,public_40
VESTL,VESTL,2025,,,False,48526174000.0,,-10019836000.0,,-7.2476,,26878386000.0,,,16.2436,22456676000.0,,,55416743000.0,,84749884000.0,,-29681104000.0,,-21.4692,147916928000.0,-12352067000.0,,,,138249521000.0,,-15.1093,-110.4274,105833729000.0,196443102000.0,-57307555000.0,,,,,,,,,-59.7475,2026,False,True,False,True,training_only
